timestamp_s,case,implementation,run_mode,formal_ashrae_result,zone_temperature_C,heating_load_W,cooling_load_W,outdoor_temperature_C,solar_gain_W
3600.0,600,modelica,native,True,19.999287271094715,1557.926579187647,-0.0,-17.99999999999997,-101.56212
7200.0,600,modelica,native,True,19.99969693549542,2392.355750387218,-0.0,-16.599999999999966,-101.56212
10800.0,600,modelica,native,True,19.999878945594048,2747.113810307011,-0.0,-15.299999999999955,-101.56212
14400.0,600,modelica,native,True,19.999978957185704,2875.124129857206,-0.0,-14.399999999999977,-101.56212
18000.0,600,modelica,native,True,20.000046463688648,2893.409862235822,-0.0,-13.0,-101.56212
21600.0,600,modelica,native,True,20.00009223656201,2828.075316127834,-0.0,-11.099999999999966,-101.56212
25200.0,600,modelica,native,True,20.000114134554735,2718.773490559378,-0.0,-9.699999999999989,-63.2869590424206
28800.0,600,modelica,native,True,20.000303793041326,2556.39718514303,-0.0,-7.699999999999989,435.4509435509658
32400.0,600,modelica,native,True,20.001106859451795,2118.453747004382,-0.0,-5.899999999999977,3030.208119684766
36000.0,600,modelica,native,True,20.302525592661823,719.1359680471569,-0.0,-2.1999999999999886,5880.926280212109
39600.0,600,modelica,native,True,26.279884748587335,-0.0010100956633687,-0.0,1.400000000000034,6759.466431397926
43200.0,600,modelica,native,True,27.000831070173206,-4.173566897710164e-07,934.3998210830108,2.8000000000000114,6482.762166739272
46800.0,600,modelica,native,True,27.000393014557403,0.0,1842.072485790897,4.400000000000034,5921.837080790887
50400.0,600,modelica,native,True,26.999877433276197,0.0,2199.567066650501,3.3000000000000114,5239.283650210687
54000.0,600,modelica,native,True,26.9995733980424,0.0,1987.642263713979,3.900000000000034,3872.167571514906
57600.0,600,modelica,native,True,26.999095134735,0.0,1380.358736573125,2.2000000000000455,1998.070410813034
61200.0,600,modelica,native,True,26.1216328970512,0.0,328.5122507861919,-0.5999999999999659,113.7875340352002
64800.0,600,modelica,native,True,21.59094659684223,0.0,-0.0,-2.1999999999999886,-101.56212
68400.0,600,modelica,native,True,19.999235168458995,361.4705529081863,-0.0,-5.0,-101.56212
72000.0,600,modelica,native,True,19.999593475466497,1248.577831318225,-0.0,-5.599999999999966,-101.56212
75600.0,600,modelica,native,True,19.999787176100995,1725.8195627537,-0.0,-6.099999999999966,-101.56212
79200.0,600,modelica,native,True,19.999894642237848,1976.212030220847,-0.0,-6.099999999999966,-101.56212
82800.0,600,modelica,native,True,19.99994586263,2100.561012118848,-0.0,-6.099999999999966,-101.56212
86400.0,600,modelica,native,True,20.00001813466872,2143.936236728119,-0.0,-5.0,-101.56212
90000.0,600,modelica,native,True,19.99999695611774,2130.560035999951,-0.0,-5.0,-101.56212
93600.0,600,modelica,native,True,19.999976485596108,2140.216551176748,-0.0,-5.599999999999966,-101.56212
97200.0,600,modelica,native,True,20.000013377802418,2151.887728121541,-0.0,-5.0,-101.56212
100800.0,600,modelica,native,True,19.9999455958735,2169.984602752129,-0.0,-6.699999999999989,-101.56212
104400.0,600,modelica,native,True,20.000020670437948,2209.665302654703,-0.0,-5.599999999999966,-101.56212
108000.0,600,modelica,native,True,20.000010223112895,2206.352392370527,-0.0,-6.099999999999966,-101.56212
111600.0,600,modelica,native,True,20.000117819978016,2184.374647214578,-0.0,-4.399999999999977,17.96924558370576
115200.0,600,modelica,native,True,20.000418719253503,1996.498308166969,-0.0,-2.7999999999999545,941.8098528803278
118800.0,600,modelica,native,True,20.00080301296134,1516.54497737488,-0.0,-1.6999999999999886,2527.708311487001
122400.0,600,modelica,native,True,20.839123623081207,474.1650685556233,-0.0,2.2000000000000455,5998.021845867591
126000.0,600,modelica,native,True,26.997284607327515,-2.310673395792643e-07,146.2639674167066,5.600000000000023,6840.065665416754
129600.0,600,modelica,native,True,27.000664977448935,0.0,1376.412300611836,8.900000000000034,5568.944614232041
133200.0,600,modelica,native,True,26.99990389999664,0.0,2049.598829537224,9.400000000000034,4444.456593939201
136800.0,600,modelica,native,True,26.99993443364974,0.0,1936.788916058708,9.400000000000034,4121.882426575045
140400.0,600,modelica,native,True,26.999689435438313,0.0,1791.67518926352,10.0,3322.952584072742
144000.0,600,modelica,native,True,26.999171458472233,0.0,1385.956675498361,7.800000000000011,1514.38255627205
147600.0,600,modelica,native,True,26.865321126985748,0.0,421.7230477552137,6.7000000000000455,106.929737704759
151200.0,600,modelica,native,True,23.576669484044032,0.0,0.001898793493294,5.0,-101.56212
154800.0,600,modelica,native,True,20.026782027577724,0.6607866984109084,-8.93870989481608e-07,1.1000000000000227,-101.56212
158400.0,600,modelica,native,True,19.999508187998345,570.5367290020238,-0.0,0.0,-101.56212
162000.0,600,modelica,native,True,19.999697115877325,1160.984739830511,-0.0,-1.6999999999999886,-101.56212
165600.0,600,modelica,native,True,19.999902104019213,1496.612603080066,-0.0,-1.099999999999966,-101.56212
169200.0,600,modelica,native,True,19.999986003438607,1598.498528967566,-0.0,0.6000000000000227,-101.56212
172800.0,600,modelica,native,True,19.999963735575307,1620.606118866453,-0.0,0.0,-101.56212
176400.0,600,modelica,native,True,19.999959713579813,1664.250818747663,-0.0,-0.5999999999999659,-101.56212
180000.0,600,modelica,native,True,19.99998157207972,1702.229237886916,-0.0,-0.5999999999999659,-101.56212
183600.0,600,modelica,native,True,19.999968789381114,1727.993017035408,-0.0,-1.099999999999966,-101.56212
187200.0,600,modelica,native,True,19.999963026340595,1766.76656341691,-0.0,-1.6999999999999886,-101.56212
190800.0,600,modelica,native,True,19.999993049674913,1804.612593310417,-0.0,-1.6999999999999886,-101.56212
194400.0,600,modelica,native,True,20.00001798194762,1807.990251012436,-0.0,-1.099999999999966,-101.56212
198000.0,600,modelica,native,True,20.000012630691003,1791.745674421887,-0.0,-1.099999999999966,-81.0528289410972
201600.0,600,modelica,native,True,20.000345098256105,1732.495725490227,-0.0,-0.5999999999999659,792.4440322809343
205200.0,600,modelica,native,True,20.000809703096934,1264.921652228741,-0.0,3.3000000000000114,2277.078315282145
208800.0,600,modelica,native,True,20.639152017149627,324.9975932306051,-0.0,5.600000000000023,4611.648380557799
212400.0,600,modelica,native,True,26.9623684842025,4.804333051045736e-06,15.80507726463179,6.100000000000023,7589.626009389892
216000.0,600,modelica,native,True,27.0012750533092,0.0,1589.094457795378,6.7000000000000455,8250.008870149397
219600.0,600,modelica,native,True,27.000363570646243,0.0,3031.844873565109,5.600000000000023,7543.22281675796
223200.0,600,modelica,native,True,26.999694003472598,0.0,3424.202920193536,4.600000000000023,6153.844728299979
226800.0,600,modelica,native,True,26.998830628607834,0.0,2949.449723848522,2.3000000000000114,3312.491405221683
230400.0,600,modelica,native,True,26.9985570326794,0.0,1590.407113758934,-0.2999999999999545,893.4116945391545
234000.0,600,modelica,native,True,24.821344059349713,0.0,159.4201005998916,-3.0,-53.93915833960237
237600.0,600,modelica,native,True,20.02292331986621,9.132900553950003,-1.0252826743655731e-08,-5.7999999999999545,-101.56212
241200.0,600,modelica,native,True,19.99940050676912,797.1304973000454,-0.0,-5.599999999999966,-101.56212
244800.0,600,modelica,native,True,19.9996313479229,1515.865248028686,-0.0,-7.199999999999989,-101.56212
248400.0,600,modelica,native,True,19.999756411261615,1952.252834294505,-0.0,-8.799999999999955,-101.56212
252000.0,600,modelica,native,True,19.99983951614655,2234.346350293441,-0.0,-9.899999999999977,-101.56212
255600.0,600,modelica,native,True,19.9998664262248,2429.822449357112,-0.0,-11.399999999999977,-101.56212
259200.0,600,modelica,native,True,19.999898312869504,2586.209827433675,-0.0,-12.399999999999977,-101.56212
262800.0,600,modelica,native,True,19.999905892701804,2708.916863627748,-0.0,-13.5,-101.56212
266400.0,600,modelica,native,True,19.999853083971004,2849.327345382273,-0.0,-16.19999999999999,-101.56212
270000.0,600,modelica,native,True,19.99996551219931,3002.341821113692,-0.0,-16.19999999999999,-101.56212
273600.0,600,modelica,native,True,20.000033483346726,3034.358990851906,-0.0,-14.699999999999989,-101.56212
277200.0,600,modelica,native,True,20.000033410557307,3000.095046901223,-0.0,-14.199999999999989,-101.56212
280800.0,600,modelica,native,True,20.000055197983897,2956.75154775343,-0.0,-13.299999999999955,-101.56212
284400.0,600,modelica,native,True,20.000195278576143,2880.984492738148,-0.0,-11.799999999999955,165.709290385848
288000.0,600,modelica,native,True,20.0005374486164,2589.929778318819,-0.0,-9.099999999999966,1201.426911487463
291600.0,600,modelica,native,True,20.0005197779588,1992.273818564481,-0.0,-5.899999999999977,1598.837300897841
295200.0,600,modelica,native,True,20.000347493779316,1324.539416832129,-0.0,-0.5,1300.142664739492
298800.0,600,modelica,native,True,20.000208555938116,911.4747991847828,-0.0,3.3000000000000114,1013.670950132216
302400.0,600,modelica,native,True,20.00007390295434,717.7273377396663,-0.0,3.8000000000000114,881.5570301119085
306000.0,600,modelica,native,True,20.0001331846845,587.4625403764347,-0.0,8.0,701.5290432116321
309600.0,600,modelica,native,True,20.00018200148594,435.2044815768302,-0.0,9.600000000000023,857.7223585648115
313200.0,600,modelica,native,True,20.00012058195432,249.114231911997,-0.0,11.100000000000023,805.2503478943911
316800.0,600,modelica,native,True,19.999910118194634,159.5032305601405,-0.0,10.0,565.543001693566
320400.0,600,modelica,native,True,19.999701111896343,308.5285445040795,-0.0,7.2000000000000455,66.19946128543074
324000.0,600,modelica,native,True,19.99981652282213,619.9502775314947,-0.0,7.2000000000000455,-101.56212
327600.0,600,modelica,native,True,19.999869373798447,850.3566802728839,-0.0,6.100000000000023,-101.56212
331200.0,600,modelica,native,True,19.999971962552024,975.9545706835886,-0.0,7.2000000000000455,-101.56212
334800.0,600,modelica,native,True,19.999939905190445,1026.17068866036,-0.0,6.100000000000023,-101.56212
338400.0,600,modelica,native,True,19.999954039761008,1094.863821465489,-0.0,5.600000000000023,-101.56212
342000.0,600,modelica,native,True,19.999955602722935,1151.505898605867,-0.0,5.0,-101.56212
345600.0,600,modelica,native,True,20.00018327408094,1109.473333810038,-0.0,10.0,-101.56212
349200.0,600,modelica,native,True,19.999908912217904,1032.266168661465,-0.0,5.0,-101.56212
352800.0,600,modelica,native,True,20.00017321999144,1041.43583649988,-0.0,10.600000000000023,-101.56212
356400.0,600,modelica,native,True,20.000054451703704,858.2159866719941,-0.0,11.100000000000023,-101.56212
360000.0,600,modelica,native,True,19.99997860094311,811.5427445838518,-0.0,9.400000000000034,-101.56212
363600.0,600,modelica,native,True,19.999994586851017,832.4390935371486,-0.0,9.400000000000034,-101.56212
367200.0,600,modelica,native,True,19.999995526990915,838.8120027639965,-0.0,9.400000000000034,-101.56212
370800.0,600,modelica,native,True,19.99991727941864,919.7399019428592,-0.0,5.0,121.3250953504225
374400.0,600,modelica,native,True,20.000975515530513,804.6343877020975,-0.0,10.0,2522.386079233357
378000.0,600,modelica,native,True,23.222201381194395,54.74302169894179,-0.0,8.900000000000034,5661.8960125128
381600.0,600,modelica,native,True,27.001584075762935,-9.934107462565104e-11,460.8042479022592,12.800000000000011,7103.785881821634
385200.0,600,modelica,native,True,27.001210745435742,0.0,2349.913817334568,12.800000000000011,8185.947747593034
388800.0,600,modelica,native,True,27.000749547443206,0.0,3797.020617439118,15.0,8509.512418578304
392400.0,600,modelica,native,True,27.000193824895803,0.0,4652.661638754345,14.400000000000034,8111.459269296807
396000.0,600,modelica,native,True,26.999477271878504,0.0,4834.98315962423,12.800000000000011,6490.212539095603
399600.0,600,modelica,native,True,26.99898211824035,0.0,4149.117325630536,10.0,4325.464771955907
403200.0,600,modelica,native,True,26.998721184716203,0.0,2917.928736292306,8.300000000000011,2144.673339551043
406800.0,600,modelica,native,True,26.998663917500835,0.0,1369.813370056715,5.600000000000023,143.7338380505888
410400.0,600,modelica,native,True,25.21315357707641,0.0,94.74685286604696,5.600000000000023,-101.56212
414000.0,600,modelica,native,True,21.783068340440195,0.0,2.641119890742832e-05,3.900000000000034,-101.56212
417600.0,600,modelica,native,True,19.999544338738644,124.4758034341203,-2.47110923131307e-08,3.3000000000000114,-101.56212
421200.0,600,modelica,native,True,19.999637778222336,739.4444416096144,-0.0,1.7000000000000455,-101.56212
424800.0,600,modelica,native,True,19.999753528213716,1170.209917913874,-0.0,0.0,-101.56212
428400.0,600,modelica,native,True,19.999915040756036,1422.768423779474,-0.0,0.6000000000000227,-101.56212
432000.0,600,modelica,native,True,19.99993109178115,1535.043557630844,-0.0,0.0,-101.56212
435600.0,600,modelica,native,True,19.999975281919717,1612.163499088867,-0.0,0.0,-101.56212
439200.0,600,modelica,native,True,20.000017676840002,1624.150262377742,-0.0,1.1000000000000227,-101.56212
442800.0,600,modelica,native,True,19.999982177160348,1610.325694448981,-0.0,0.6000000000000227,-101.56212
446400.0,600,modelica,native,True,19.999968817660545,1632.05252041666,-0.0,0.0,-101.56212
450000.0,600,modelica,native,True,19.99996225790261,1669.971737583362,-0.0,-0.5999999999999659,-101.56212
453600.0,600,modelica,native,True,20.000007288241022,1694.789327846219,-0.0,0.0,-101.56212
457200.0,600,modelica,native,True,20.00000351496965,1697.87357347452,-0.0,-0.5999999999999659,-40.85563574493717
460800.0,600,modelica,native,True,20.000612506760945,1637.159056162387,-0.0,-0.5999999999999659,1699.737798182236
464400.0,600,modelica,native,True,20.00106806992102,858.2959105603728,-0.0,-0.5999999999999659,4251.244312303694
468000.0,600,modelica,native,True,23.6351966610398,17.60711849747432,-0.0,0.0,6905.91134131477
471600.0,600,modelica,native,True,27.00155002710693,0.0,513.4887952073498,0.0,8460.277193213784
475200.0,600,modelica,native,True,27.000955209400445,0.0,2302.463099792972,1.1000000000000227,8772.258933722558
478800.0,600,modelica,native,True,27.000404237700536,0.0,3405.675676281552,1.7000000000000455,8521.498652358254
482400.0,600,modelica,native,True,26.999857081040318,0.0,3829.447970314084,1.1000000000000227,7535.14696273049
486000.0,600,modelica,native,True,26.99940844474463,0.0,3630.88124266593,1.7000000000000455,5861.057116837939
489600.0,600,modelica,native,True,26.998687531660096,0.0,2830.984246315029,0.6000000000000227,2852.019357816113
493200.0,600,modelica,native,True,26.99850909633693,0.0,1256.218161111102,-0.5999999999999659,240.5854369371569
496800.0,600,modelica,native,True,23.73396317302013,0.0,32.62629484778477,-1.6999999999999886,-101.56212
500400.0,600,modelica,native,True,20.003453644545232,47.65761585838265,1.218087143368191e-07,-3.2999999999999545,-101.56212
504000.0,600,modelica,native,True,19.999453947529844,844.3434918009076,-0.0,-4.399999999999977,-101.56212
507600.0,600,modelica,native,True,19.999660900090703,1491.726248892182,-0.0,-6.099999999999966,-101.56212
511200.0,600,modelica,native,True,19.99976739677453,1893.536879777312,-0.0,-7.7999999999999545,-101.56212
514800.0,600,modelica,native,True,19.99989326057721,2142.60698625697,-0.0,-7.7999999999999545,-101.56212
518400.0,600,modelica,native,True,19.999907750272143,2280.467757527331,-0.0,-8.899999999999977,-101.56212
522000.0,600,modelica,native,True,19.99996412780473,2382.405024457905,-0.0,-8.899999999999977,-101.56212
525600.0,600,modelica,native,True,19.99998994317673,2414.481803041597,-0.0,-8.299999999999955,-101.56212
529200.0,600,modelica,native,True,19.99989495056832,2456.261861975624,-0.0,-10.599999999999966,-101.56212
532800.0,600,modelica,native,True,19.999892691309526,2577.253980226285,-0.0,-12.199999999999989,-101.56212
536400.0,600,modelica,native,True,19.999886211040007,2709.195442181925,-0.0,-13.899999999999977,-101.56212
540000.0,600,modelica,native,True,20.00001385759174,2806.476043166783,-0.0,-12.799999999999955,-101.56212
543600.0,600,modelica,native,True,20.000011820191617,2812.265937550962,-0.0,-12.799999999999955,-101.56212
547200.0,600,modelica,native,True,20.000425654376727,2630.777184900012,-0.0,-2.7999999999999545,13.45368253046445
550800.0,600,modelica,native,True,20.000309263160432,2159.13625502487,-0.0,-0.5999999999999659,198.8951217699721
554400.0,600,modelica,native,True,20.00026785579354,1790.290332680874,-0.0,1.1000000000000227,360.9725223146079
558000.0,600,modelica,native,True,20.000230751024446,1473.040055127574,-0.0,2.8000000000000114,467.3489727940082
561600.0,600,modelica,native,True,20.000207810089535,1192.547770876752,-0.0,5.0,506.0490865093119
565200.0,600,modelica,native,True,20.000086157211,964.1793639326758,-0.0,5.600000000000023,475.110696426997
568800.0,600,modelica,native,True,19.999983083504333,871.2915211634504,-0.0,5.0,380.5639374457551
572400.0,600,modelica,native,True,19.999950382217207,880.5157581217421,-0.0,5.0,232.1103444522387
576000.0,600,modelica,native,True,19.9999022739147,954.833982937932,-0.0,4.400000000000034,41.9713416163509
579600.0,600,modelica,native,True,19.99993684066311,1064.509719810453,-0.0,5.0,-94.53940083898894
583200.0,600,modelica,native,True,19.999979516435133,1130.809356864823,-0.0,5.600000000000023,-101.56212
586800.0,600,modelica,native,True,19.999957990592236,1165.003929898441,-0.0,5.0,-101.56212
590400.0,600,modelica,native,True,19.999957534096495,1213.854207245443,-0.0,4.400000000000034,-101.56212
594000.0,600,modelica,native,True,19.999872413480205,1288.835937800871,-0.0,2.2000000000000455,-101.56212
597600.0,600,modelica,native,True,19.999846877877815,1448.289694967866,-0.0,-0.5999999999999659,-101.56212
601200.0,600,modelica,native,True,19.99999461947391,1597.914674199157,-0.0,0.0,-101.56212
604800.0,600,modelica,native,True,20.000047238775437,1603.741600535148,-0.0,1.7000000000000455,-101.56212
608400.0,600,modelica,native,True,20.000006070721497,1559.945496841901,-0.0,1.7000000000000455,-101.56212
612000.0,600,modelica,native,True,19.999969360038335,1554.379870406522,-0.0,1.1000000000000227,-101.56212
615600.0,600,modelica,native,True,19.999919161440403,1602.317656662862,-0.0,-0.5999999999999659,-101.56212
619200.0,600,modelica,native,True,19.99992106234191,1694.004532790979,-0.0,-1.6999999999999886,-101.56212
622800.0,600,modelica,native,True,19.999903526628714,1796.824595918755,-0.0,-3.2999999999999545,-101.56212
626400.0,600,modelica,native,True,19.999961604260534,1892.998005060057,-0.0,-3.2999999999999545,-101.56212
630000.0,600,modelica,native,True,19.999981094870407,1953.108258974122,-0.0,-4.399999999999977,14.61684150093839
633600.0,600,modelica,native,True,20.0007951411701,1870.928645278646,-0.0,-2.7999999999999545,2045.230340958072
637200.0,600,modelica,native,True,20.06647486546092,807.0803461925188,-0.0,2.2000000000000455,5460.314948398359
640800.0,600,modelica,native,True,26.537390071545815,5.087239874733819e-05,-0.0,5.0,6724.241350153494
644400.0,600,modelica,native,True,27.001259927815,0.0,1073.413374093332,7.2000000000000455,7280.004308352988
648000.0,600,modelica,native,True,27.00088765174462,0.0,2552.888995924096,7.800000000000011,8060.404802202766
651600.0,600,modelica,native,True,27.00067548995264,0.0,3629.982846319742,10.600000000000023,8477.059225557481
655200.0,600,modelica,native,True,27.00013529326685,0.0,4395.579947551638,10.600000000000023,8078.773974940292
658800.0,600,modelica,native,True,26.999403063763395,0.0,4457.370207620809,7.800000000000011,6302.302395023459
662400.0,600,modelica,native,True,26.99865773534873,0.0,3685.278843363689,6.7000000000000455,3212.158692518554
666000.0,600,modelica,native,True,26.998348024876236,0.0,2063.737902181281,4.400000000000034,325.0246064856871
669600.0,600,modelica,native,True,25.636504366143413,0.0,301.9922336813311,0.6000000000000227,-101.56212
673200.0,600,modelica,native,True,21.3446425931603,0.0,-2.615319357977973e-07,-0.5999999999999659,-101.56212
676800.0,600,modelica,native,True,19.999348416394696,325.814878147112,3.311369154188368e-11,-1.6999999999999886,-101.56212
680400.0,600,modelica,native,True,19.99969861751333,1063.820877823333,-0.0,-1.099999999999966,-101.56212
684000.0,600,modelica,native,True,19.999805331973448,1439.272034008668,-0.0,-2.1999999999999886,-101.56212
687600.0,600,modelica,native,True,19.99991695273792,1650.702670900888,-0.0,-1.6999999999999886,-101.56212
691200.0,600,modelica,native,True,19.99991415636231,1761.245609868467,-0.0,-2.7999999999999545,-101.56212
694800.0,600,modelica,native,True,19.999949423754913,1860.655067246391,-0.0,-3.2999999999999545,-101.56212
698400.0,600,modelica,native,True,19.999975886453626,1919.628951566584,-0.0,-3.2999999999999545,-101.56212
702000.0,600,modelica,native,True,19.99998786726411,1948.01093411747,-0.0,-3.2999999999999545,-101.56212
705600.0,600,modelica,native,True,19.999993152478396,1962.194229722487,-0.0,-3.2999999999999545,-101.56212
709200.0,600,modelica,native,True,19.999972945752233,1979.380110786822,-0.0,-3.8999999999999773,-101.56212
712800.0,600,modelica,native,True,20.00001524263911,1996.837931608922,-0.0,-3.2999999999999545,-101.56212
716400.0,600,modelica,native,True,20.000010814084305,2017.693031897677,-0.0,-5.0,40.37398779890058
720000.0,600,modelica,native,True,20.00089278568322,1862.58539864411,-0.0,-1.099999999999966,2183.519602405014
723600.0,600,modelica,native,True,20.02701959383984,760.3939461173613,-0.0,0.6000000000000227,5265.715203166465
727200.0,600,modelica,native,True,26.031308240649935,0.0001699888706207,-0.0,2.8000000000000114,7249.307531896507
730800.0,600,modelica,native,True,27.00143667403131,-3.6093923780653213e-09,1117.95538627603,3.900000000000034,8393.452282680702
734400.0,600,modelica,native,True,27.000775486798148,0.0,2774.988042799996,3.3000000000000114,8640.687814433717
738000.0,600,modelica,native,True,27.000364907300934,0.0,3669.218757154014,3.3000000000000114,8528.500297342807
741600.0,600,modelica,native,True,26.999886820172208,0.0,4038.052493650003,3.900000000000034,7529.027239390189
745200.0,600,modelica,native,True,26.99938460183671,0.0,3853.287029907356,4.400000000000034,5734.489308562172
748800.0,600,modelica,native,True,26.998710996531713,0.0,3039.446227205925,3.900000000000034,2804.059720077797
752400.0,600,modelica,native,True,26.998531909683038,0.0,1496.850661548144,2.8000000000000114,238.9350289081594
756000.0,600,modelica,native,True,24.748254907646015,0.0,106.0505175705751,1.1000000000000227,-101.56212
759600.0,600,modelica,native,True,20.68590340641134,0.0,-4.8329432805379236e-08,0.0,-101.56212
763200.0,600,modelica,native,True,19.999485857985803,409.4986996840106,-0.0,0.6000000000000227,-101.56212
766800.0,600,modelica,native,True,19.9996532260339,1062.807953355345,-0.0,-1.6999999999999886,-101.56212
770400.0,600,modelica,native,True,19.99982820243173,1452.585470773677,-0.0,-1.6999999999999886,-101.56212
774000.0,600,modelica,native,True,19.999863803578307,1661.639236647785,-0.0,-2.7999999999999545,-101.56212
777600.0,600,modelica,native,True,19.999880193424246,1830.331993733777,-0.0,-4.399999999999977,-101.56212
781200.0,600,modelica,native,True,19.999947220797026,1957.262966377868,-0.0,-4.399999999999977,-101.56212
784800.0,600,modelica,native,True,19.999951273659633,2027.496146506667,-0.0,-5.0,-101.56212
788400.0,600,modelica,native,True,19.999973651779896,2078.659630407393,-0.0,-5.0,-101.56212
792000.0,600,modelica,native,True,19.99996260271621,2114.641823823419,-0.0,-5.599999999999966,-101.56212
795600.0,600,modelica,native,True,19.99996301338922,2158.797540658315,-0.0,-6.099999999999966,-101.56212
799200.0,600,modelica,native,True,19.99996227396133,2205.45275880956,-0.0,-6.699999999999989,-101.56212
802800.0,600,modelica,native,True,20.000140244482736,2222.85539050748,-0.0,-5.599999999999966,181.3394306828154
806400.0,600,modelica,native,True,20.000950810721633,1959.017271491422,-0.0,-5.0,2700.587459582028
810000.0,600,modelica,native,True,20.085953576469308,768.5902954699927,-0.0,-1.6999999999999886,5763.401067832037
813600.0,600,modelica,native,True,26.528799291121516,5.027784241570367e-06,-0.0,1.7000000000000455,7602.092985812561
817200.0,600,modelica,native,True,27.001499959058037,6.141927507188585e-07,1318.453924143563,4.400000000000034,8686.359295560243
820800.0,600,modelica,native,True,27.000907795207297,0.0,3079.369334786087,6.100000000000023,9037.269710771796
824400.0,600,modelica,native,True,27.000405410882195,0.0,4128.382421939737,7.2000000000000455,8815.290983806482
828000.0,600,modelica,native,True,26.99988661353035,0.0,4564.506371974912,7.2000000000000455,7896.186958122285
831600.0,600,modelica,native,True,26.99943245987555,0.0,4388.865684317367,6.7000000000000455,6324.291003025394
835200.0,600,modelica,native,True,26.99871926794151,0.0,3612.943179946757,6.100000000000023,3349.801213032021
838800.0,600,modelica,native,True,26.9983384207344,0.0,2060.469124464807,3.3000000000000114,459.5773739405354
842400.0,600,modelica,native,True,25.7094637931973,0.0,313.904320655283,0.6000000000000227,-101.56212
846000.0,600,modelica,native,True,21.328419242361008,0.0,-1.782510015699598e-07,-1.099999999999966,-101.56212
849600.0,600,modelica,native,True,19.999341392921338,345.6768401368459,-3.394153383043077e-09,-2.1999999999999886,-101.56212
853200.0,600,modelica,native,True,19.999698888295597,1084.878808082806,-0.0,-1.099999999999966,-101.56212
856800.0,600,modelica,native,True,19.999758578438218,1468.995588190589,-0.0,-3.2999999999999545,-101.56212
860400.0,600,modelica,native,True,19.999850769320915,1749.861850253873,-0.0,-4.399999999999977,-101.56212
864000.0,600,modelica,native,True,19.9999046722387,1925.258706987368,-0.0,-5.0,-101.56212
867600.0,600,modelica,native,True,19.999929958788698,2039.514085436861,-0.0,-5.599999999999966,-101.56212
871200.0,600,modelica,native,True,19.999949330543643,2121.620290504595,-0.0,-6.099999999999966,-101.56212
874800.0,600,modelica,native,True,19.999985792922928,2177.63247117175,-0.0,-6.099999999999966,-101.56212
878400.0,600,modelica,native,True,20.00001428119441,2192.781299561196,-0.0,-5.599999999999966,-101.56212
882000.0,600,modelica,native,True,20.000030603522703,2174.845826167828,-0.0,-5.0,-101.56212
885600.0,600,modelica,native,True,20.00005494761274,2129.03468381938,-0.0,-3.8999999999999773,-101.56212
889200.0,600,modelica,native,True,20.000070907495342,2073.629694472783,-0.0,-3.8999999999999773,32.92175410637044
892800.0,600,modelica,native,True,20.00056033663941,1919.942393498288,-0.0,-3.2999999999999545,1505.952650368776
896400.0,600,modelica,native,True,20.001264039567218,1203.044040937026,-0.0,-1.6999999999999886,4301.800537332633
900000.0,600,modelica,native,True,23.447314630631126,97.67085203137664,-0.0,1.1000000000000227,6182.486027639172
903600.0,600,modelica,native,True,27.001389249461624,-7.601579030354818e-07,294.8281171258621,7.2000000000000455,7118.813453311693
907200.0,600,modelica,native,True,27.0011026016536,0.0,2035.984906163332,7.800000000000011,8061.358790592727
910800.0,600,modelica,native,True,27.0006438962904,0.0,3312.423755741815,10.600000000000023,7953.734536056444
914400.0,600,modelica,native,True,26.999448547027214,0.0,3963.965876763397,11.700000000000045,5397.720110580857
918000.0,600,modelica,native,True,26.998699628384543,0.0,3215.388047359354,12.200000000000045,1891.125919975727
921600.0,600,modelica,native,True,26.9989618793806,0.0,1700.980190244946,10.0,947.2270221680512
925200.0,600,modelica,native,True,26.959795296145217,0.0,469.1888447765841,8.300000000000011,80.92280098404547
928800.0,600,modelica,native,True,24.13105054373841,0.0,-3.051161766052246e-06,7.800000000000011,-101.56212
932400.0,600,modelica,native,True,21.419478381744625,0.0,3.9074156019422755e-09,7.2000000000000455,-101.56212
936000.0,600,modelica,native,True,19.99959261449692,110.8499550649855,-0.0,5.600000000000023,-101.56212
939600.0,600,modelica,native,True,19.99970849802753,637.7690469347768,-0.0,4.400000000000034,-101.56212
943200.0,600,modelica,native,True,19.999915758443706,935.0738888608416,-0.0,6.100000000000023,-101.56212
946800.0,600,modelica,native,True,19.99988624555931,1063.783086336189,-0.0,4.400000000000034,-101.56212
950400.0,600,modelica,native,True,19.99992760223222,1190.561029387746,-0.0,3.900000000000034,-101.56212
954000.0,600,modelica,native,True,19.99991006481173,1281.818141357601,-0.0,2.8000000000000114,-101.56212
957600.0,600,modelica,native,True,19.999849620707096,1411.29834585309,-0.0,0.0,-101.56212
961200.0,600,modelica,native,True,19.9998845950941,1573.713646335867,-0.0,-1.099999999999966,-101.56212
964800.0,600,modelica,native,True,19.999857550880733,1720.52686790814,-0.0,-3.2999999999999545,-101.56212
968400.0,600,modelica,native,True,19.999883531035834,1889.288814394077,-0.0,-5.0,-101.56212
972000.0,600,modelica,native,True,19.999924653563312,2024.179534034928,-0.0,-5.599999999999966,-101.56212
975600.0,600,modelica,native,True,19.99994678089371,2114.042654662331,-0.0,-6.099999999999966,-101.56212
979200.0,600,modelica,native,True,20.000121532343826,2146.719228337407,-0.0,-4.399999999999977,2.447992538033148
982800.0,600,modelica,native,True,20.00026866577514,1984.212274713119,-0.0,-0.5999999999999659,217.8688138604716
986400.0,600,modelica,native,True,20.000300201706636,1668.477502701415,-0.0,2.2000000000000455,421.3883014560208
990000.0,600,modelica,native,True,20.000309862621748,1296.909305210312,-0.0,6.100000000000023,486.4237492002179
993600.0,600,modelica,native,True,20.00020347091862,947.8162773391936,-0.0,7.800000000000011,542.2907213685563
997200.0,600,modelica,native,True,20.000084314740207,719.0055270848671,-0.0,7.800000000000011,512.2935752531082
1000800.0,600,modelica,native,True,20.000045800683836,607.1883073101441,-0.0,8.900000000000034,401.0494230876887
1004400.0,600,modelica,native,True,19.999945602058403,571.0994132341278,-0.0,8.300000000000011,263.6229779283071
1008000.0,600,modelica,native,True,19.999901019191498,627.9130360199346,-0.0,8.300000000000011,61.14805403048098
1011600.0,600,modelica,native,True,19.99973152924491,797.671993858748,-0.0,4.400000000000034,-91.45650237432127
1015200.0,600,modelica,native,True,19.999829229557633,1098.212659003735,-0.0,2.2000000000000455,-101.56212
1018800.0,600,modelica,native,True,19.999919785096836,1297.09594572107,-0.0,2.2000000000000455,-101.56212
1022400.0,600,modelica,native,True,19.9999594081537,1391.530644485884,-0.0,2.2000000000000455,-101.56212
1026000.0,600,modelica,native,True,19.999835180965306,1494.550211048656,-0.0,-1.099999999999966,-101.56212
1029600.0,600,modelica,native,True,19.999913355361002,1673.060803495248,-0.0,-2.1999999999999886,-101.56212
1033200.0,600,modelica,native,True,19.999978723314598,1769.212780720724,-0.0,-1.6999999999999886,-101.56212
1036800.0,600,modelica,native,True,20.0000018153292,1803.207471669647,-0.0,-1.6999999999999886,-101.56212
1040400.0,600,modelica,native,True,20.000107361635912,1779.451028688418,-0.0,0.6000000000000227,-101.56212
1044000.0,600,modelica,native,True,20.000135737633002,1644.099282890691,-0.0,3.3000000000000114,-101.56212
1047600.0,600,modelica,native,True,20.000028329597512,1514.496367364128,-0.0,2.8000000000000114,-101.56212
1051200.0,600,modelica,native,True,20.00002016532835,1476.320109036697,-0.0,2.8000000000000114,-101.56212
1054800.0,600,modelica,native,True,20.00002223821491,1443.439795910054,-0.0,3.3000000000000114,-101.56212
1058400.0,600,modelica,native,True,19.99998668745411,1423.922786787152,-0.0,2.8000000000000114,-101.56212
1062000.0,600,modelica,native,True,20.000096700978247,1435.555258641177,-0.0,2.2000000000000455,242.8410966383331
1065600.0,600,modelica,native,True,20.001004624296,1177.157071525719,-0.0,3.3000000000000114,2924.162238871839
1069200.0,600,modelica,native,True,22.436143585668447,183.9393971575631,-0.0,5.600000000000023,6017.852589232353
1072800.0,600,modelica,native,True,27.00136517699525,0.0,322.3096857276228,7.800000000000011,7818.035125650055
1076400.0,600,modelica,native,True,27.001349896498027,0.0,2289.704877008763,9.400000000000034,8951.976564866647
1080000.0,600,modelica,native,True,27.00066152052773,0.0,3836.32513668759,9.400000000000034,8988.351573592912
1083600.0,600,modelica,native,True,27.000274546872333,0.0,4619.742890785998,10.0,8723.140431374546
1087200.0,600,modelica,native,True,26.999785715563405,0.0,4909.443851931062,9.400000000000034,7787.24650920504
1090800.0,600,modelica,native,True,26.999255628633307,0.0,4603.071143490241,9.400000000000034,5760.505790375584
1094400.0,600,modelica,native,True,26.99876605280633,0.0,3663.491605016424,9.400000000000034,3061.906834364675
1098000.0,600,modelica,native,True,26.998508252614727,0.0,2179.861849051648,8.300000000000011,464.0442808122951
1101600.0,600,modelica,native,True,26.81594024727093,0.0,521.0426084180342,7.2000000000000455,-101.56212
1105200.0,600,modelica,native,True,23.6753315296412,0.0,-0.0,6.7000000000000455,-101.56212
1108800.0,600,modelica,native,True,20.92733070733891,0.0,-0.0,6.7000000000000455,-101.56212
1112400.0,600,modelica,native,True,19.999577146446597,181.1572121010224,-0.0,6.100000000000023,-101.56212
1116000.0,600,modelica,native,True,19.999665659291736,700.7139057015711,-0.0,3.3000000000000114,-101.56212
1119600.0,600,modelica,native,True,19.999800843793935,1086.731616131067,-0.0,1.7000000000000455,-101.56212
1123200.0,600,modelica,native,True,19.99997932308372,1300.32614084012,-0.0,2.8000000000000114,-101.56212
1126800.0,600,modelica,native,True,20.00008432256402,1309.234731806848,-0.0,5.600000000000023,-101.56212
1130400.0,600,modelica,native,True,20.000067523380608,1216.409538813035,-0.0,6.7000000000000455,-101.56212
1134000.0,600,modelica,native,True,20.00004148091915,1137.423079904318,-0.0,7.2000000000000455,-101.56212
1137600.0,600,modelica,native,True,20.000001174454496,1098.12804715799,-0.0,6.7000000000000455,-101.56212
1141200.0,600,modelica,native,True,20.000003133669736,1092.730859701435,-0.0,6.7000000000000455,-101.56212
1144800.0,600,modelica,native,True,20.000001585530697,1089.508710084822,-0.0,6.7000000000000455,-101.56212
1148400.0,600,modelica,native,True,20.00001814533681,1087.058257412116,-0.0,6.7000000000000455,-53.96659816537213
1152000.0,600,modelica,native,True,20.000435558289496,1013.727212244603,-0.0,6.7000000000000455,1201.822585702946
1155600.0,600,modelica,native,True,20.13010995652604,400.1553992605872,-0.0,8.300000000000011,3158.73932036959
1159200.0,600,modelica,native,True,24.34783920799464,3.098713027106391e-06,-0.0,10.0,5052.372512388736
1162800.0,600,modelica,native,True,27.001843062858313,0.0,516.5913206634588,12.200000000000045,7675.557606292928
1166400.0,600,modelica,native,True,27.000695170720633,0.0,2615.266033251352,12.800000000000011,7284.214456226158
1170000.0,600,modelica,native,True,26.999487873565215,0.0,3294.236456758148,13.300000000000011,4237.763735381299
1173600.0,600,modelica,native,True,26.99956707271582,0.0,2719.71379192243,13.300000000000011,3654.964085436078
1177200.0,600,modelica,native,True,26.999174188823304,0.0,2167.115405443311,12.800000000000011,1982.567093111292
1180800.0,600,modelica,native,True,26.999082895065612,0.0,1190.094747579959,12.200000000000045,323.8480316151703
1184400.0,600,modelica,native,True,26.192905044010104,0.0,172.3655483468374,10.0,-60.69364304651631
1188000.0,600,modelica,native,True,23.463193116453795,0.0,-1.905259158876207e-05,8.900000000000034,-101.56212
1191600.0,600,modelica,native,True,20.901892941037943,0.0,-1.2848112318250871e-08,7.2000000000000455,-101.56212
1195200.0,600,modelica,native,True,19.999557863003304,196.3056236716112,-6.622738308376736e-11,5.600000000000023,-101.56212
1198800.0,600,modelica,native,True,19.99966270428945,735.4144034897619,-0.0,2.8000000000000114,-101.56212
1202400.0,600,modelica,native,True,19.999786710555327,1125.130615015758,-0.0,1.1000000000000227,-101.56212
1206000.0,600,modelica,native,True,19.999876045876533,1368.603500042955,-0.0,0.6000000000000227,-101.56212
1209600.0,600,modelica,native,True,19.999879494320396,1532.840267682142,-0.0,-1.099999999999966,-101.56212
1213200.0,600,modelica,native,True,19.9999450515881,1660.824217646122,-0.0,-1.099999999999966,-101.56212
1216800.0,600,modelica,native,True,19.999949868941712,1732.04924626655,-0.0,-1.6999999999999886,-101.56212
1220400.0,600,modelica,native,True,19.999976209281442,1784.813074087633,-0.0,-1.6999999999999886,-101.56212
1224000.0,600,modelica,native,True,19.999977947781304,1820.31525190466,-0.0,-2.1999999999999886,-101.56212
1227600.0,600,modelica,native,True,20.000013583497832,1841.982032052279,-0.0,-1.6999999999999886,-101.56212
1231200.0,600,modelica,native,True,20.00002725212545,1825.469676741362,-0.0,-1.099999999999966,-101.56212
1234800.0,600,modelica,native,True,20.000036853351105,1823.617525477144,-0.0,-2.7999999999999545,187.217546440155
1238400.0,600,modelica,native,True,20.000928897079405,1646.978577116264,-0.0,-2.1999999999999886,2697.458450402009
1242000.0,600,modelica,native,True,20.866538400400998,504.8337682080269,-0.0,3.3000000000000114,5750.241031838389
1245600.0,600,modelica,native,True,26.993520266262237,-2.602656682332357e-05,95.1853866694702,7.2000000000000455,7594.010205562859
1249200.0,600,modelica,native,True,27.00150498965263,0.0,1886.418310106927,10.0,8744.12165285306
1252800.0,600,modelica,native,True,27.00081180404902,0.0,3631.981039378776,12.200000000000045,8839.531948916589
1256400.0,600,modelica,native,True,27.000352648802107,0.0,4578.036052071452,12.800000000000011,8559.144845933235
1260000.0,600,modelica,native,True,26.9999711336514,0.0,4967.288887000084,13.300000000000011,7906.084356250268
1263600.0,600,modelica,native,True,26.999416607279215,0.0,4868.593788895375,12.800000000000011,6257.056256058515
1267200.0,600,modelica,native,True,26.998767849111346,0.0,4088.917445342077,10.600000000000023,3586.805760110328
1270800.0,600,modelica,native,True,26.9983767062742,0.0,2592.060074809757,8.900000000000034,581.8831889283017
1274400.0,600,modelica,native,True,26.998960514873545,0.0,787.8574970866243,7.800000000000011,-101.56212
1278000.0,600,modelica,native,True,23.94985959805973,0.0,1.279435397088528,4.400000000000034,-101.56212
1281600.0,600,modelica,native,True,20.6765055295337,0.0,-0.0,3.900000000000034,-101.56212
1285200.0,600,modelica,native,True,19.999495230023115,337.1266359484196,-0.0,2.2000000000000455,-101.56212
1288800.0,600,modelica,native,True,19.999748142753106,917.7027643707726,-0.0,2.2000000000000455,-101.56212
1292400.0,600,modelica,native,True,19.999770218889125,1252.915642342369,-0.0,-0.5999999999999659,-101.56212
1296000.0,600,modelica,native,True,19.999953513991613,1499.472667918404,-0.0,0.0,-101.56212
1299600.0,600,modelica,native,True,20.000078894443448,1536.408974153068,-0.0,2.8000000000000114,-101.56212
1303200.0,600,modelica,native,True,20.00004378609424,1465.602724428905,-0.0,3.3000000000000114,-101.56212
1306800.0,600,modelica,native,True,20.00012647458243,1358.137573758893,-0.0,6.7000000000000455,-101.56212
1310400.0,600,modelica,native,True,19.999805257116407,1320.148514529003,-0.0,0.6000000000000227,-101.56212
1314000.0,600,modelica,native,True,19.999889836965508,1530.460121396316,-0.0,-1.099999999999966,-101.56212
1317600.0,600,modelica,native,True,19.999948599596735,1659.04185397817,-0.0,-1.099999999999966,-101.56212
1321200.0,600,modelica,native,True,19.999988683104846,1718.854056842857,-0.0,-1.099999999999966,-62.30763834007439
1324800.0,600,modelica,native,True,20.000266773798103,1687.082062086264,-0.0,0.0,603.8997057139894
1328400.0,600,modelica,native,True,20.000587560716042,1333.69560803016,-0.0,0.0,2090.046995689453
1332000.0,600,modelica,native,True,20.000598515533795,660.6366545722882,-0.0,-1.099999999999966,3154.744257667246
1335600.0,600,modelica,native,True,21.48996697644452,56.1672176939249,-0.0,0.0,4362.921597380136
1339200.0,600,modelica,native,True,25.376747419537708,0.0,-0.0,1.1000000000000227,5472.599662774482
1342800.0,600,modelica,native,True,27.000942669965127,0.0,445.4640788777007,2.2000000000000455,6149.63559661792
1346400.0,600,modelica,native,True,27.000336952883004,0.0,1532.584230899711,2.2000000000000455,5844.508267331286
1350000.0,600,modelica,native,True,26.99983453039073,0.0,1917.294275271661,1.7000000000000455,4861.876712606149
1353600.0,600,modelica,native,True,26.999095334663423,0.0,1623.795213263101,1.7000000000000455,2300.802897321174
1357200.0,600,modelica,native,True,26.872600175289904,0.0,549.8212500569556,1.7000000000000455,156.5222450512599
1360800.0,600,modelica,native,True,22.77723163533733,0.0,-4.308091269599067e-07,0.0,-101.56212
1364400.0,600,modelica,native,True,20.00032318779671,74.71907508333524,-2.635849846733941e-08,0.6000000000000227,-101.56212
1368000.0,600,modelica,native,True,19.99964240591055,728.2539353262054,-0.0,1.1000000000000227,-101.56212
1371600.0,600,modelica,native,True,19.99975189095585,1182.079644217624,-0.0,-0.5999999999999659,-101.56212
1375200.0,600,modelica,native,True,19.99985971322485,1471.985902496775,-0.0,-1.099999999999966,-101.56212
1378800.0,600,modelica,native,True,19.999907302269435,1638.24205564936,-0.0,-1.6999999999999886,-101.56212
1382400.0,600,modelica,native,True,19.999938001310397,1747.136750074095,-0.0,-2.1999999999999886,-101.56212
1386000.0,600,modelica,native,True,19.999977987407647,1815.92652620395,-0.0,-2.1999999999999886,-101.56212
1389600.0,600,modelica,native,True,20.00000977829285,1838.457836102181,-0.0,-1.6999999999999886,-101.56212
1393200.0,600,modelica,native,True,20.000002012048128,1834.448243672252,-0.0,-1.6999999999999886,-101.56212
1396800.0,600,modelica,native,True,20.000120596350598,1769.403568978641,-0.0,1.7000000000000455,-101.56212
1400400.0,600,modelica,native,True,19.99996123004854,1684.904052998357,-0.0,-0.5999999999999659,-101.56212
1404000.0,600,modelica,native,True,19.99999517723535,1717.129774239461,-0.0,-0.5999999999999659,-101.56212
1407600.0,600,modelica,native,True,20.000018553465907,1714.956729297903,-0.0,0.0,-98.20360057848264
1411200.0,600,modelica,native,True,19.999902652863398,1789.009233801497,-0.0,-5.0,35.84554256109231
1414800.0,600,modelica,native,True,20.000508293860946,1834.902282751931,-0.0,-2.1999999999999886,1242.826099792639
1418400.0,600,modelica,native,True,20.00097658598912,1148.830752277176,-0.0,0.0,3386.423297797406
1422000.0,600,modelica,native,True,21.362798389144643,151.0571430859301,-0.0,0.0,5292.982292962821
1425600.0,600,modelica,native,True,26.617409733000102,0.0,-0.0,-1.099999999999966,6698.035056402141
1429200.0,600,modelica,native,True,27.000829920164506,0.0,851.2970383231176,-2.1999999999999886,6977.753491953208
1432800.0,600,modelica,native,True,27.00040231008404,0.0,1820.25420754426,-2.7999999999999545,6961.328768366544
1436400.0,600,modelica,native,True,26.99935040168043,0.0,2180.815917665991,-4.399999999999977,4643.379120945211
1440000.0,600,modelica,native,True,26.99865331812373,0.0,1341.53357557767,-5.599999999999966,1425.003844524529
1443600.0,600,modelica,native,True,24.259092767181926,0.0,97.52804356856478,-6.699999999999989,51.64646344728292
1447200.0,600,modelica,native,True,20.002076120802144,79.04520912031333,-9.202692243787975e-06,-8.299999999999955,-101.56212
1450800.0,600,modelica,native,True,19.999377068313947,1074.182247581681,-0.0,-9.399999999999977,-101.56212
1454400.0,600,modelica,native,True,19.999688004702534,1797.343688250317,-0.0,-9.399999999999977,-101.56212
1458000.0,600,modelica,native,True,19.99981860057011,2168.333144104547,-0.0,-10.0,-101.56212
1461600.0,600,modelica,native,True,19.999887389200012,2382.73013660517,-0.0,-10.599999999999966,-101.56212
1465200.0,600,modelica,native,True,19.999926311520596,2515.422752180762,-0.0,-11.099999999999966,-101.56212
1468800.0,600,modelica,native,True,19.999947535049046,2607.084299407336,-0.0,-11.699999999999989,-101.56212
1472400.0,600,modelica,native,True,19.999975725960496,2667.294399828712,-0.0,-11.699999999999989,-101.56212
1476000.0,600,modelica,native,True,19.999987738045547,2695.945415534245,-0.0,-11.699999999999989,-101.56212
1479600.0,600,modelica,native,True,19.999992945246902,2710.300051565634,-0.0,-11.699999999999989,-101.56212
1483200.0,600,modelica,native,True,19.99997940706595,2726.765090128515,-0.0,-12.199999999999989,-101.56212
1486800.0,600,modelica,native,True,20.000009546912338,2740.030616770652,-0.0,-11.699999999999989,-101.56212
1490400.0,600,modelica,native,True,20.000002741124206,2730.917392540309,-0.0,-11.699999999999989,-101.56212
1494000.0,600,modelica,native,True,20.00013566872252,2722.00774708622,-0.0,-11.699999999999989,269.3098905876445
1497600.0,600,modelica,native,True,20.001045857771715,2398.160506322715,-0.0,-9.399999999999977,2950.053734809139
1501200.0,600,modelica,native,True,20.001521520455924,1126.50827568286,-0.0,-8.299999999999955,6003.678824318617
1504800.0,600,modelica,native,True,24.93527062583894,17.80544014619456,-0.0,-3.8999999999999773,7829.490869423731
1508400.0,600,modelica,native,True,27.001664888928815,0.0,898.4424062829878,1.1000000000000227,8940.358731009524
1512000.0,600,modelica,native,True,27.0010438775073,0.0,2840.096054062678,3.900000000000034,9327.34464308779
1515600.0,600,modelica,native,True,27.00058627126731,0.0,4059.620127595431,7.2000000000000455,9133.419490419376
1519200.0,600,modelica,native,True,27.00018500806391,0.0,4776.593731936283,13.300000000000011,8246.260584639569
1522800.0,600,modelica,native,True,26.99950831847815,0.0,4918.577893758648,12.800000000000011,6600.956093659261
1526400.0,600,modelica,native,True,26.998907748039244,0.0,4273.89265909142,11.700000000000045,4071.796962985675
1530000.0,600,modelica,native,True,26.998406587938348,0.0,2937.66062256972,11.700000000000045,776.3883995405218
1533600.0,600,modelica,native,True,26.99890288169371,0.0,1142.759813938571,10.0,-101.56212
1537200.0,600,modelica,native,True,25.60855307674484,0.0,57.42523970954948,11.100000000000023,-101.56212
1540800.0,600,modelica,native,True,23.225832659528805,0.0,-0.0,10.600000000000023,-101.56212
1544400.0,600,modelica,native,True,21.304881332055913,0.0,-0.0,11.100000000000023,-101.56212
1548000.0,600,modelica,native,True,20.000561765993837,25.25946309102906,-0.0,10.600000000000023,-101.56212
1551600.0,600,modelica,native,True,19.999822099677203,322.7063698424896,-0.0,10.600000000000023,-101.56212
1555200.0,600,modelica,native,True,19.99986729863855,552.0958160238133,-0.0,9.400000000000034,-101.56212
1558800.0,600,modelica,native,True,20.000002741982144,670.9152362231414,-0.0,11.100000000000023,-101.56212
1562400.0,600,modelica,native,True,19.999953732898405,681.6422847888867,-0.0,10.600000000000023,-101.56212
1566000.0,600,modelica,native,True,19.999911787338704,742.8786444216304,-0.0,8.900000000000034,-101.56212
1569600.0,600,modelica,native,True,19.99991346533693,842.0948908349541,-0.0,7.800000000000011,-101.56212
1573200.0,600,modelica,native,True,19.999875408174944,990.0174880621169,-0.0,4.400000000000034,-101.56212
1576800.0,600,modelica,native,True,20.000080534492724,1101.313687163062,-0.0,7.2000000000000455,-101.56212
1580400.0,600,modelica,native,True,20.000265085898604,994.1718394015232,-0.0,10.600000000000023,192.5528842511491
1584000.0,600,modelica,native,True,20.000869790293507,641.5862144107952,-0.0,9.400000000000034,2614.112383258012
1587600.0,600,modelica,native,True,23.857308722384005,28.70938953128126,-0.0,12.200000000000045,5531.631094702363
1591200.0,600,modelica,native,True,27.001711452013012,2.7881728278266063e-08,578.73210004333,12.800000000000011,7416.262531118376
1594800.0,600,modelica,native,True,27.001366632225427,0.0,2599.180840066274,15.0,8723.485255253447
1598400.0,600,modelica,native,True,27.00068500990335,0.0,4146.283295618991,15.0,8800.91199109064
1602000.0,600,modelica,native,True,27.00017751852755,0.0,4936.453527811865,15.600000000000023,8214.803112867421
1605600.0,600,modelica,native,True,26.9998499925307,0.0,5127.828113695482,15.600000000000023,7483.503668033623
1609200.0,600,modelica,native,True,26.9994262780005,0.0,4906.990125085016,15.0,6058.040976876227
1612800.0,600,modelica,native,True,26.998783577255836,0.0,4112.400130945279,12.200000000000045,3439.09257993506
1616400.0,600,modelica,native,True,26.998461044370913,0.0,2640.837214859559,11.700000000000045,538.0468797085374
1620000.0,600,modelica,native,True,26.999010792938634,0.0,927.3845498890678,10.600000000000023,-101.56212
1623600.0,600,modelica,native,True,25.098114027232498,0.0,24.08687001208464,9.400000000000034,-101.56212
1627200.0,600,modelica,native,True,21.420495164308704,0.0,-3.3113691541883677e-10,0.6000000000000227,-101.56212
1630800.0,600,modelica,native,True,19.99932411887471,326.1210699352953,-0.0,-2.1999999999999886,-101.56212
1634400.0,600,modelica,native,True,19.99961316583523,1116.824038487209,-0.0,-3.2999999999999545,-101.56212
1638000.0,600,modelica,native,True,19.999746610571833,1580.593040461408,-0.0,-5.0,-101.56212
1641600.0,600,modelica,native,True,19.999869168560508,1872.577583960626,-0.0,-5.599999999999966,-101.56212
1645200.0,600,modelica,native,True,19.999935025799005,2028.105232540303,-0.0,-5.599999999999966,-101.56212
1648800.0,600,modelica,native,True,19.999968214126795,2104.459150503543,-0.0,-5.599999999999966,-101.56212
1652400.0,600,modelica,native,True,20.000005035927018,2131.538007682496,-0.0,-5.0,-101.56212
1656000.0,600,modelica,native,True,20.000000073289925,2128.182942780455,-0.0,-5.0,-101.56212
1659600.0,600,modelica,native,True,20.00000005234665,2128.051648491952,-0.0,-5.0,-101.56212
1663200.0,600,modelica,native,True,20.000000402508306,2127.974845497608,-0.0,-5.0,-101.56212
1666800.0,600,modelica,native,True,20.000119239100115,2111.765561128259,-0.0,-4.399999999999977,169.8863996051473
1670400.0,600,modelica,native,True,20.000855045933008,1867.234000896878,-0.0,-4.399999999999977,2586.025747698567
1674000.0,600,modelica,native,True,20.001329223848813,814.5976807829406,-0.0,-4.399999999999977,5502.188682644586
1677600.0,600,modelica,native,True,25.2158077589894,0.8547276080316968,-0.0,-1.6999999999999886,7401.901954013956
1681200.0,600,modelica,native,True,27.0015316093951,5.960464477539063e-10,870.8936870994502,1.1000000000000227,8560.920959171055
1684800.0,600,modelica,native,True,27.000898520006217,0.0,2642.13239059531,1.7000000000000455,8969.462492458277
1688400.0,600,modelica,native,True,27.000452902029906,0.0,3688.829871491988,3.3000000000000114,8769.136946359986
1692000.0,600,modelica,native,True,27.000021078257134,0.0,4196.740002217558,5.600000000000023,7881.45977262476
1695600.0,600,modelica,native,True,26.99952167374272,0.0,4165.932640913658,6.7000000000000455,6261.519379362218
1699200.0,600,modelica,native,True,26.998897874446413,0.0,3527.926079454356,7.2000000000000455,3601.400442911622
1702800.0,600,modelica,native,True,26.998430687665234,0.0,2192.01036903686,5.600000000000023,632.6803438422302
1706400.0,600,modelica,native,True,26.522699681207143,0.0,483.0350160816643,3.900000000000034,-101.56212
1710000.0,600,modelica,native,True,22.43939081043311,0.0,-6.801552242702908e-08,0.6000000000000227,-101.56212
1713600.0,600,modelica,native,True,19.999601143923712,119.542955294715,2.649095323350694e-10,0.0,-101.56212
1717200.0,600,modelica,native,True,19.999568768540144,857.1077274253634,-0.0,-1.6999999999999886,-101.56212
1720800.0,600,modelica,native,True,19.99978580401205,1348.303478779329,-0.0,-1.6999999999999886,-101.56212
1724400.0,600,modelica,native,True,19.99984902362894,1610.464376407994,-0.0,-2.7999999999999545,-101.56212
1728000.0,600,modelica,native,True,19.999904787364812,1782.410341342621,-0.0,-3.2999999999999545,-101.56212
1731600.0,600,modelica,native,True,19.999892583716132,1912.934199328621,-0.0,-5.0,-101.56212
1735200.0,600,modelica,native,True,19.99992968562111,2035.907396952179,-0.0,-5.599999999999966,-101.56212
1738800.0,600,modelica,native,True,19.999948070015307,2119.593070863684,-0.0,-6.099999999999966,-101.56212
1742400.0,600,modelica,native,True,19.999976048304745,2174.076739237176,-0.0,-6.099999999999966,-101.56212
1746000.0,600,modelica,native,True,19.99996305294661,2210.766009964811,-0.0,-6.699999999999989,-101.56212
1749600.0,600,modelica,native,True,19.99999089600942,2248.080844363438,-0.0,-6.699999999999989,-101.56212
1753200.0,600,modelica,native,True,20.000169723520912,2247.453359931906,-0.0,-5.599999999999966,164.6184251824701
1756800.0,600,modelica,native,True,20.00104820235964,1921.421606012318,-0.0,-1.6999999999999886,2575.015296761333
1760400.0,600,modelica,native,True,20.373798949427623,646.8401892358727,-0.0,2.8000000000000114,5527.472379181855
1764000.0,600,modelica,native,True,26.9721932611032,1.906991004943848e-05,28.2158854341507,6.7000000000000455,7460.29407254646
1767600.0,600,modelica,native,True,27.001599290028707,0.0,1682.350117017097,10.600000000000023,8631.838521033384
1771200.0,600,modelica,native,True,27.000959940543737,0.0,3529.436548904114,12.800000000000011,8999.294302661485
1774800.0,600,modelica,native,True,27.000205636940848,0.0,4616.798533228172,14.400000000000034,8054.610858055502
1778400.0,600,modelica,native,True,26.99986340401614,0.0,4809.068046577838,15.600000000000023,6997.798668861779
1782000.0,600,modelica,native,True,26.99958121454074,0.0,4592.161799262762,15.600000000000023,5991.401294655321
1785600.0,600,modelica,native,True,26.99859279101753,0.0,3954.647189559473,15.0,2435.555745132033
1789200.0,600,modelica,native,True,26.998444482514117,0.0,2273.910510068734,11.100000000000023,81.75366237261966
1792800.0,600,modelica,native,True,26.868556242808495,0.0,522.1388502600458,8.300000000000011,-97.82154569572748
1796400.0,600,modelica,native,True,23.314186150149908,0.0,-1.072876983218723e-05,3.3000000000000114,-101.56212
1800000.0,600,modelica,native,True,20.092511121375196,0.0,-2.649095323350694e-10,3.900000000000034,-101.56212
1803600.0,600,modelica,native,True,19.999558260571803,472.2450162503454,-0.0,2.2000000000000455,-101.56212
1807200.0,600,modelica,native,True,19.999762900694805,992.7898281176224,-0.0,1.7000000000000455,-101.56212
1810800.0,600,modelica,native,True,19.999867033935516,1275.30024941908,-0.0,1.1000000000000227,-101.56212
1814400.0,600,modelica,native,True,19.999934932336714,1430.977181192901,-0.0,1.1000000000000227,-101.56212
1818000.0,600,modelica,native,True,19.99996683985563,1507.626702562173,-0.0,1.1000000000000227,-101.56212
1821600.0,600,modelica,native,True,19.999960301862018,1554.232582126392,-0.0,0.6000000000000227,-101.56212
1825200.0,600,modelica,native,True,19.999981636097402,1592.850308909416,-0.0,0.6000000000000227,-101.56212
1828800.0,600,modelica,native,True,19.99994598123783,1633.163053304354,-0.0,-0.5999999999999659,-101.56212
1832400.0,600,modelica,native,True,19.999997778894908,1676.632624092234,-0.0,0.0,-101.56212
1836000.0,600,modelica,native,True,19.999972595369798,1689.010843099025,-0.0,-0.5999999999999659,-101.56212
1839600.0,600,modelica,native,True,20.000131759211797,1710.977602551447,-0.0,-0.5999999999999659,266.2723592122145
1843200.0,600,modelica,native,True,20.001018445440536,1413.091310992307,-0.0,1.1000000000000227,2905.904158870386
1846800.0,600,modelica,native,True,21.74090368677662,297.0056018129322,-0.0,4.400000000000034,5946.895192281188
1850400.0,600,modelica,native,True,27.00043223706365,5.496872795952691e-09,227.6932712412543,8.300000000000011,7798.015246817547
1854000.0,600,modelica,native,True,27.001529200759137,0.0,2227.684502319031,12.200000000000045,8944.507273188763
1857600.0,600,modelica,native,True,27.00094194276494,0.0,3990.64590804014,14.400000000000034,9348.095300730864
1861200.0,600,modelica,native,True,27.000443393318903,0.0,5086.643542626831,16.100000000000023,9159.77854476166
1864800.0,600,modelica,native,True,26.999934587417215,0.0,5570.011178989411,16.100000000000023,8280.308819443278
1868400.0,600,modelica,native,True,26.99946018657664,0.0,5442.924867773652,16.100000000000023,6670.380382917953
1872000.0,600,modelica,native,True,26.998792901330717,0.0,4715.908423258464,15.0,4022.407611825535
1875600.0,600,modelica,native,True,26.998213136447134,0.0,3223.081812149684,11.100000000000023,806.2236226524769
1879200.0,600,modelica,native,True,26.998696116933843,0.0,1205.280292347272,6.7000000000000455,-101.046559370625
1882800.0,600,modelica,native,True,24.527134742570922,0.0,33.87274987108177,4.400000000000034,-101.56212
1886400.0,600,modelica,native,True,21.069516851754997,0.0,-1.589457194010417e-09,3.3000000000000114,-101.56212
1890000.0,600,modelica,native,True,19.999488812738605,240.1909746226999,1.324547661675347e-10,3.3000000000000114,-101.56212
1893600.0,600,modelica,native,True,19.999651536756915,846.9446554238929,-0.0,1.1000000000000227,-101.56212
1897200.0,600,modelica,native,True,19.999744790191414,1261.469799971316,-0.0,-1.099999999999966,-101.56212
1900800.0,600,modelica,native,True,19.999946488554315,1514.53794850515,-0.0,0.0,-101.56212
1904400.0,600,modelica,native,True,19.999952280356297,1591.162007764776,-0.0,0.0,-101.56212
1908000.0,600,modelica,native,True,19.999888822090043,1692.593196301394,-0.0,-2.7999999999999545,-101.56212
1911600.0,600,modelica,native,True,20.000020220835722,1788.463128474951,-0.0,-1.099999999999966,-101.56212
1915200.0,600,modelica,native,True,20.000019047630246,1769.440417775777,-0.0,-0.5999999999999659,-101.56212
1918800.0,600,modelica,native,True,20.000003156025002,1750.550901713437,-0.0,-0.5999999999999659,-101.56212
1922400.0,600,modelica,native,True,19.999974801873407,1766.8502011772,-0.0,-1.6999999999999886,-101.56212
1926000.0,600,modelica,native,True,20.000164225818935,1769.055278898676,-0.0,0.0,173.4336780908276
1929600.0,600,modelica,native,True,20.000896209530936,1493.51671537737,-0.0,1.1000000000000227,2453.765710103293
1933200.0,600,modelica,native,True,20.81664080961815,420.0149045885934,-0.0,5.0,4506.266988282631
1936800.0,600,modelica,native,True,25.16740256655345,-5.2849451700846364e-08,-0.0,9.400000000000034,4703.370469156128
1940400.0,600,modelica,native,True,27.00078843453855,0.0,475.6035448549191,12.800000000000011,4493.115555700314
1944000.0,600,modelica,native,True,27.00067765421511,0.0,1456.106694515943,15.0,5029.18691994969
1947600.0,600,modelica,native,True,27.001283335716096,0.0,2401.599646394783,16.100000000000023,7939.789461286502
1951200.0,600,modelica,native,True,27.000451485715644,0.0,3783.609543128742,16.700000000000045,7513.842401705622
1954800.0,600,modelica,native,True,26.99899089744582,0.0,4157.692308802671,16.700000000000045,3646.366318324383
1958400.0,600,modelica,native,True,26.998663195283598,0.0,3033.308538772993,16.100000000000023,1157.604047080465
1962000.0,600,modelica,native,True,26.998842195356417,0.0,1471.195037813783,12.800000000000011,28.01941545225557
1965600.0,600,modelica,native,True,26.102299759849416,0.0,208.3603824199571,8.900000000000034,-101.0694304679155
1969200.0,600,modelica,native,True,23.023398120275544,0.0,-9.27183363172743e-10,6.7000000000000455,-101.56212
1972800.0,600,modelica,native,True,20.071039455920015,0.0,-0.0,4.400000000000034,-101.56212
1976400.0,600,modelica,native,True,19.999612775277626,445.5956972264581,-0.0,3.900000000000034,-101.56212
1980000.0,600,modelica,native,True,19.99975289714564,925.416094258494,-0.0,2.2000000000000455,-101.56212
1983600.0,600,modelica,native,True,19.999906404040132,1199.341754874322,-0.0,2.8000000000000114,-101.56212
1987200.0,600,modelica,native,True,19.99994603798814,1313.021348888477,-0.0,2.8000000000000114,-101.56212
1990800.0,600,modelica,native,True,19.999959731357023,1386.166091818942,-0.0,2.2000000000000455,-101.56212
1994400.0,600,modelica,native,True,20.000006677868612,1426.677491655284,-0.0,2.8000000000000114,-101.56212
1998000.0,600,modelica,native,True,20.0000219294036,1419.268060087893,-0.0,3.3000000000000114,-101.56212
2001600.0,600,modelica,native,True,20.0000338556801,1391.684554443823,-0.0,3.900000000000034,-101.56212
2005200.0,600,modelica,native,True,20.00003448872485,1352.722625761032,-0.0,4.400000000000034,-101.56212
2008800.0,600,modelica,native,True,20.000065314192113,1299.021089126931,-0.0,5.600000000000023,-101.56212
2012400.0,600,modelica,native,True,20.000046170025996,1233.170268738204,-0.0,5.600000000000023,-13.03846790835968
2016000.0,600,modelica,native,True,20.00016432265653,1171.490081103179,-0.0,3.900000000000034,570.8254501316675
2019600.0,600,modelica,native,True,20.00050694909362,907.4995354801416,-0.0,7.2000000000000455,1435.846813296343
2023200.0,600,modelica,native,True,20.272225950615734,299.3996898835235,-0.0,8.900000000000034,4106.255635547224
2026800.0,600,modelica,native,True,26.962844934146517,0.0,11.97891474763552,13.300000000000011,5523.86569062273
2030400.0,600,modelica,native,True,27.000647166911506,0.0,961.5194708220164,14.400000000000034,4478.057031687379
2034000.0,600,modelica,native,True,27.000982549018545,0.0,1804.36298915512,15.600000000000023,6325.775663236451
2037600.0,600,modelica,native,True,27.000450125973543,0.0,2855.421187204387,15.0,6473.465645448673
2041200.0,600,modelica,native,True,26.99944458450375,0.0,3302.299785371754,14.400000000000034,4127.921911874474
2044800.0,600,modelica,native,True,26.99912659044935,0.0,2653.299831130438,13.300000000000011,2336.499751205101
2048400.0,600,modelica,native,True,26.998915305453295,0.0,1611.532183197207,12.200000000000045,502.8590173047734
2052000.0,600,modelica,native,True,26.67539289684322,0.0,395.714994425575,8.900000000000034,-99.62565636851276
2055600.0,600,modelica,native,True,23.47056478954505,0.0,-8.084906472100152e-06,6.100000000000023,-101.56212
2059200.0,600,modelica,native,True,20.6370957311658,0.0,5.206134584214952e-07,6.100000000000023,-101.56212
2062800.0,600,modelica,native,True,19.9995422907009,277.5962244490782,-0.0,4.400000000000034,-101.56212
2066400.0,600,modelica,native,True,19.999689362949937,829.5599552221431,-0.0,2.2000000000000455,-101.56212
2070000.0,600,modelica,native,True,19.99982569194964,1188.324469143285,-0.0,1.1000000000000227,-101.56212
2073600.0,600,modelica,native,True,19.99991502634265,1388.878664913442,-0.0,1.1000000000000227,-101.56212
2077200.0,600,modelica,native,True,19.99992897466035,1493.724234442512,-0.0,0.6000000000000227,-101.56212
2080800.0,600,modelica,native,True,19.999914061614447,1596.834861123098,-0.0,-1.099999999999966,-101.56212
2084400.0,600,modelica,native,True,19.999962849712006,1692.52904619462,-0.0,-1.099999999999966,-101.56212
2088000.0,600,modelica,native,True,19.999982649897845,1736.487047751016,-0.0,-1.099999999999966,-101.56212
2091600.0,600,modelica,native,True,20.000069402303097,1717.132802578807,-0.0,1.1000000000000227,-101.56212
2095200.0,600,modelica,native,True,19.99985954921084,1725.699362511569,-0.0,-3.2999999999999545,-101.56212
2098800.0,600,modelica,native,True,20.000067322633413,1861.551008848283,-0.0,-3.2999999999999545,190.7675794951066
2102400.0,600,modelica,native,True,20.000854961040943,1668.626180507143,-0.0,-2.1999999999999886,2508.607803714417
2106000.0,600,modelica,native,True,20.584872407501734,566.7392386118571,-0.0,3.3000000000000114,5589.521103219869
2109600.0,600,modelica,native,True,26.965058421440403,4.663732316758897e-06,6.19757036778662,5.600000000000023,5397.370792495953
2113200.0,600,modelica,native,True,27.000400730954027,0.0,583.0586574463712,6.100000000000023,4133.962473843982
2116800.0,600,modelica,native,True,27.0009744271037,0.0,1192.827342414194,8.900000000000034,6237.280607751794
2120400.0,600,modelica,native,True,27.0002841512499,0.0,2246.020062078304,10.0,5743.758913943881
2124000.0,600,modelica,native,True,27.00015403736603,0.0,2466.314593615995,11.100000000000023,5123.877795650825
2127600.0,600,modelica,native,True,26.999814464927397,0.0,2541.080226342016,11.700000000000045,4533.613838521592
2131200.0,600,modelica,native,True,26.99884947367525,0.0,2208.894258932471,9.400000000000034,1538.396092645677
2134800.0,600,modelica,native,True,26.998959948142215,0.0,922.3430879784956,7.800000000000011,158.8040616652947
2138400.0,600,modelica,native,True,24.637230794019047,0.0,25.8390847881635,5.600000000000023,-99.11189542879768
2142000.0,600,modelica,native,True,21.241885732235744,0.0,1.192092895507813e-09,3.900000000000034,-101.56212
2145600.0,600,modelica,native,True,19.999577855639416,176.8462159034279,-0.0,5.0,-101.56212
2149200.0,600,modelica,native,True,19.999817781019203,666.0279085978534,-0.0,6.100000000000023,-101.56212
2152800.0,600,modelica,native,True,19.999844721011527,913.3350540853208,-0.0,5.0,-101.56212
2156400.0,600,modelica,native,True,19.999898312079836,1087.879577920834,-0.0,4.400000000000034,-101.56212
2160000.0,600,modelica,native,True,19.99990676774604,1211.110404998859,-0.0,3.3000000000000114,-101.56212
2163600.0,600,modelica,native,True,19.999912225781202,1322.862278387878,-0.0,2.2000000000000455,-101.56212
2167200.0,600,modelica,native,True,19.999889749734336,1435.827757951816,-0.0,0.6000000000000227,-101.56212
2170800.0,600,modelica,native,True,19.999879421444234,1567.659424424171,-0.0,-1.099999999999966,-101.56212
2174400.0,600,modelica,native,True,19.999838297064116,1730.67120339738,-0.0,-3.8999999999999773,-101.56212
2178000.0,600,modelica,native,True,19.99989660072481,1910.149687519007,-0.0,-5.0,-101.56212
2181600.0,600,modelica,native,True,19.99992113024001,2031.567700478435,-0.0,-5.599999999999966,-101.56212
2185200.0,600,modelica,native,True,19.999943768884407,2127.265487384465,-0.0,-6.699999999999989,-29.56151716975666
2188800.0,600,modelica,native,True,20.000095140929147,2168.210696600941,-0.0,-7.7999999999999545,486.9876319756469
2192400.0,600,modelica,native,True,20.000636827080825,1972.097593160404,-0.0,-7.7999999999999545,2220.339065875715
2196000.0,600,modelica,native,True,20.00101128282455,1167.456238857574,-0.0,-7.199999999999989,4409.171453992865
2199600.0,600,modelica,native,True,22.063605854487605,128.5900936591625,-0.0,-7.199999999999989,6743.17672553913
2203200.0,600,modelica,native,True,26.998372778297608,0.0,128.2257137189971,-5.599999999999966,8418.328497718976
2206800.0,600,modelica,native,True,27.00095532776271,0.0,1660.631627872785,-4.399999999999977,8605.94588310986
2210400.0,600,modelica,native,True,27.00011689837362,0.0,2690.013108636803,-6.099999999999966,7691.290985774297
2214000.0,600,modelica,native,True,26.999548288144297,0.0,2793.259295962254,-5.599999999999966,6020.380939636874
2217600.0,600,modelica,native,True,26.998978851898812,0.0,2202.521920309133,-5.599999999999966,3537.127662183002
2221200.0,600,modelica,native,True,26.998611623731506,0.0,974.6118210403124,-5.0,708.8281478278643
2224800.0,600,modelica,native,True,23.005158602972415,0.0,11.98183964643214,-5.0,-101.56212
2228400.0,600,modelica,native,True,19.9995210057902,152.1052485203743,-5.364418029785156e-09,-4.399999999999977,-101.56212
2232000.0,600,modelica,native,True,19.99957428002915,1007.156946466433,-0.0,-3.8999999999999773,-101.56212
2235600.0,600,modelica,native,True,19.999780996113998,1515.175341199305,-0.0,-3.8999999999999773,-101.56212
2239200.0,600,modelica,native,True,19.99992579741331,1760.268121125632,-0.0,-3.2999999999999545,-101.56212
2242800.0,600,modelica,native,True,19.999967350436407,1860.718093497488,-0.0,-3.0,-101.56212
2246400.0,600,modelica,native,True,19.999993379639932,1898.774093399644,-0.0,-2.6999999999999886,-101.56212
2250000.0,600,modelica,native,True,19.999961324452045,1923.133666572703,-0.0,-3.5,-101.56212
2253600.0,600,modelica,native,True,20.00000966143483,1958.355244564215,-0.0,-3.1999999999999886,-101.56212
2257200.0,600,modelica,native,True,20.000056507098236,1935.675460224946,-0.0,-1.7999999999999545,-101.56212
2260800.0,600,modelica,native,True,20.000037321079503,1880.443583794038,-0.0,-1.5,-101.56212
2264400.0,600,modelica,native,True,20.00007237627193,1821.229374756151,-0.0,-0.0999999999999659,-101.56212
2268000.0,600,modelica,native,True,20.00004602615701,1747.380808939007,-0.0,0.20000000000004547,-101.56212
2271600.0,600,modelica,native,True,20.000109542198004,1677.242796093888,-0.0,1.6000000000000227,-18.81005289843247
2275200.0,600,modelica,native,True,20.00040477408163,1517.60395073533,-0.0,1.900000000000034,1004.426582425209
2278800.0,600,modelica,native,True,20.00092088146863,973.0419567215442,-0.0,3.3000000000000114,3072.381294809504
2282400.0,600,modelica,native,True,22.05583804098643,105.2785272377067,-0.0,4.2000000000000455,4340.962100591035
2286000.0,600,modelica,native,True,25.72875144742744,-2.649095323350694e-10,-0.0,5.0,5637.164178703027
2289600.0,600,modelica,native,True,27.000442737790024,0.0,774.3477823768721,5.300000000000011,5084.537272226202
2293200.0,600,modelica,native,True,27.000083580943,0.0,1281.107204317119,4.800000000000011,4169.424727621071
2296800.0,600,modelica,native,True,27.000076422742723,0.0,1321.672072735892,4.7000000000000455,4449.934371179673
2300400.0,600,modelica,native,True,26.999525231504833,0.0,1364.267302316162,4.100000000000023,2953.956661565529
2304000.0,600,modelica,native,True,26.9992572978706,0.0,843.0313878105084,3.5,1536.28780040302
2307600.0,600,modelica,native,True,25.71099670489275,0.0,107.4511520199643,1.8000000000000114,325.1871916051062
2311200.0,600,modelica,native,True,21.744616021677132,0.0,1.088115904066298e-07,0.10000000000002274,-101.56212
2314800.0,600,modelica,native,True,19.999358164650005,240.6551480196582,-0.0,-1.0,-101.56212
2318400.0,600,modelica,native,True,19.99965825967581,982.8406721014446,-0.0,-1.099999999999966,-101.56212
2322000.0,600,modelica,native,True,19.999805150093096,1388.843946071996,-0.0,-1.599999999999966,-101.56212
2325600.0,600,modelica,native,True,19.999849525118634,1625.267761600018,-0.0,-2.6999999999999886,-101.56212
2329200.0,600,modelica,native,True,19.999830374500732,1833.207421639893,-0.0,-5.599999999999966,-101.56212
2332800.0,600,modelica,native,True,19.999927012578723,2015.56034095433,-0.0,-5.599999999999966,-101.56212
2336400.0,600,modelica,native,True,19.9999451502066,2107.674746653239,-0.0,-6.099999999999966,-101.56212
2340000.0,600,modelica,native,True,20.000015078581214,2147.915555252764,-0.0,-5.0,-101.56212
2343600.0,600,modelica,native,True,19.9999664907549,2155.97756035659,-0.0,-6.099999999999966,-101.56212
2347200.0,600,modelica,native,True,20.00000720744771,2184.730698640082,-0.0,-5.599999999999966,-101.56212
2350800.0,600,modelica,native,True,19.999992564684646,2179.498435761134,-0.0,-5.599999999999966,-101.56212
2354400.0,600,modelica,native,True,19.999914767275527,2205.965779929426,-0.0,-7.199999999999989,-101.56212
2358000.0,600,modelica,native,True,19.9999482759207,2322.79726712015,-0.0,-10.0,96.08377416957578
2361600.0,600,modelica,native,True,20.000628634109034,2276.154655131897,-0.0,-9.399999999999977,1960.92388000315
2365200.0,600,modelica,native,True,20.000962540858325,1498.740561571386,-0.0,-9.399999999999977,4081.115163918565
2368800.0,600,modelica,native,True,20.522755447195948,380.3693396476905,-0.0,-5.599999999999966,5980.303033772883
2372400.0,600,modelica,native,True,26.734501288423303,4.900826348198785e-09,-0.0,-3.2999999999999545,7390.473513176295
2376000.0,600,modelica,native,True,27.001055256611835,0.0,994.3220003618796,-2.1999999999999886,7718.537834946848
2379600.0,600,modelica,native,True,27.00043419245401,0.0,2224.10380432917,-2.7999999999999545,7638.856015948756
2383200.0,600,modelica,native,True,26.999322555279036,0.0,2619.991450977392,-1.6999999999999886,4734.010446254695
2386800.0,600,modelica,native,True,26.998587526575022,0.0,1706.133982887599,-1.6999999999999886,1244.875598938556
2390400.0,600,modelica,native,True,25.526535345818218,0.0,237.1535519334343,-2.1999999999999886,245.7160245945491
2394000.0,600,modelica,native,True,21.164398622972328,0.0,3.196133507622613e-07,-2.7999999999999545,-39.18214708727128
2397600.0,600,modelica,native,True,19.99928989115665,425.9968204654588,-0.0,-4.399999999999977,-101.56212
2401200.0,600,modelica,native,True,19.999660536013096,1244.7136822123,-0.0,-4.0,-101.56212
2404800.0,600,modelica,native,True,19.999790993130546,1657.962554354668,-0.0,-5.0,-101.56212
2408400.0,600,modelica,native,True,19.999898184937308,1895.264847049581,-0.0,-5.0,-101.56212
2412000.0,600,modelica,native,True,19.999888837903427,2027.726528062821,-0.0,-6.099999999999966,-101.56212
2415600.0,600,modelica,native,True,19.999823745646495,2190.353258974287,-0.0,-9.399999999999977,-101.56212
2419200.0,600,modelica,native,True,19.99997180155185,2333.781295557022,-0.0,-7.7999999999999545,-101.56212
2422800.0,600,modelica,native,True,19.99987065371772,2402.757832996051,-0.0,-10.599999999999966,-101.56212
2426400.0,600,modelica,native,True,19.999899046633004,2542.636603387064,-0.0,-11.699999999999989,-101.56212
2430000.0,600,modelica,native,True,19.999832260909102,2714.82404618197,-0.0,-15.599999999999966,-101.56212
2433600.0,600,modelica,native,True,19.999997011379435,2873.214425943162,-0.0,-13.899999999999977,-101.56212
2437200.0,600,modelica,native,True,20.000015353063247,2880.51870585627,-0.0,-13.299999999999955,-101.56212
2440800.0,600,modelica,native,True,20.000024669601203,2862.837851865689,-0.0,-12.799999999999955,-101.56212
2444400.0,600,modelica,native,True,19.99999303085025,2881.881739929649,-0.0,-15.0,45.40661867817978
2448000.0,600,modelica,native,True,20.000921654199317,2707.645253188213,-0.0,-10.0,2216.38839814724
2451600.0,600,modelica,native,True,20.00143994888151,1557.183104013999,-0.0,-8.899999999999977,5317.859927584019
2455200.0,600,modelica,native,True,22.622179450314604,151.9644593418969,-0.0,-7.199999999999989,7165.585319872716
2458800.0,600,modelica,native,True,27.000754056689516,-6.904866960313586e-07,224.5080194950766,-5.599999999999966,8361.675761389659
2462400.0,600,modelica,native,True,27.001007976366225,0.0,1801.480727962653,-3.8999999999999773,8819.735456564065
2466000.0,600,modelica,native,True,27.00047229003235,0.0,2960.2804902486,-2.7999999999999545,8635.872460222623
2469600.0,600,modelica,native,True,26.99996121796522,0.0,3477.708044111331,-2.1999999999999886,7748.118127846454
2473200.0,600,modelica,native,True,26.999474439942446,0.0,3372.094230986767,-2.7999999999999545,6219.436384652697
2476800.0,600,modelica,native,True,26.998956740935625,0.0,2677.530160900686,-2.1999999999999886,3706.000512144763
2480400.0,600,modelica,native,True,26.998445733972346,0.0,1387.391840568847,-3.8999999999999773,784.1328323459809
2484000.0,600,modelica,native,True,23.554954584212908,0.0,75.3496133561929,-7.199999999999989,-100.6790013897401
2487600.0,600,modelica,native,True,19.999345949344615,192.2154358172417,-6.377696990966797e-08,-10.0,-101.56212
2491200.0,600,modelica,native,True,19.999466560481096,1268.54492374791,-0.0,-9.399999999999977,-101.56212
2494800.0,600,modelica,native,True,19.99968442072901,1912.880811434719,-0.0,-10.599999999999966,-101.56212
2498400.0,600,modelica,native,True,19.999834333548506,2283.30758953876,-0.0,-11.099999999999966,-101.56212
2502000.0,600,modelica,native,True,19.99991719669572,2477.72432330317,-0.0,-11.099999999999966,-101.56212
2505600.0,600,modelica,native,True,19.99995887662851,2574.110107148488,-0.0,-11.099999999999966,-101.56212
2509200.0,600,modelica,native,True,19.99995926719305,2622.514544417726,-0.0,-11.099999999999966,-101.56212
2512800.0,600,modelica,native,True,20.000054194300333,2616.158057926761,-0.0,-9.399999999999977,-101.56212
2516400.0,600,modelica,native,True,19.999971992074506,2584.116132501496,-0.0,-10.599999999999966,-101.56212
2520000.0,600,modelica,native,True,20.00000949458621,2597.542905955447,-0.0,-10.0,-101.56212
2523600.0,600,modelica,native,True,19.999942981271147,2616.177875101301,-0.0,-11.699999999999989,-101.56212
2527200.0,600,modelica,native,True,20.000015069304595,2653.573226482736,-0.0,-10.599999999999966,-101.56212
2530800.0,600,modelica,native,True,20.00004445195691,2642.277432620393,-0.0,-11.099999999999966,82.59699049810544
2534400.0,600,modelica,native,True,20.000709816700407,2507.180172173315,-0.0,-12.199999999999989,2244.151754280846
2538000.0,600,modelica,native,True,20.0014571144917,1513.975078558127,-0.0,-7.7999999999999545,5229.427229196734
2541600.0,600,modelica,native,True,22.824288645686522,131.6337754348914,-0.0,-6.099999999999966,7164.437057903429
2545200.0,600,modelica,native,True,27.001054190224636,7.564942042032878e-05,271.6864652899239,-4.399999999999977,8224.884374436497
2548800.0,600,modelica,native,True,27.00094123410173,0.0,1861.149021300144,-2.1999999999999886,8481.108922188589
2552400.0,600,modelica,native,True,27.000471489664733,0.0,2948.850784842968,0.0,8211.229207980674
2556000.0,600,modelica,native,True,27.000079858664606,0.0,3451.822268763979,1.7000000000000455,7532.663032951673
2559600.0,600,modelica,native,True,26.999637618319014,0.0,3505.227200870977,2.2000000000000455,6301.161473539728
2563200.0,600,modelica,native,True,26.998894414166045,0.0,2976.249520902038,1.7000000000000455,3561.839835930672
2566800.0,600,modelica,native,True,26.998415234659717,0.0,1630.585277471873,-1.6999999999999886,760.9201523914895
2570400.0,600,modelica,native,True,24.396037816786645,0.0,145.0753882253832,-4.399999999999977,-101.2900902319149
2574000.0,600,modelica,native,True,20.009441313698915,25.09054592026605,-6.837248802185058e-06,-4.399999999999977,-101.56212
2577600.0,600,modelica,native,True,19.9993373338159,866.602305460506,-0.0,-7.7999999999999545,-101.56212
2581200.0,600,modelica,native,True,19.99980120403984,1565.902571475109,-0.0,-4.399999999999977,-101.56212
2584800.0,600,modelica,native,True,19.99985172477261,1834.304545258549,-0.0,-5.599999999999966,-101.56212
2588400.0,600,modelica,native,True,19.999950353704605,1998.452070435286,-0.0,-5.0,-101.56212
2592000.0,600,modelica,native,True,19.999966132874135,2059.840192777978,-0.0,-5.0,-101.56212
2595600.0,600,modelica,native,True,19.99996177095943,2105.087847951783,-0.0,-5.599999999999966,-101.56212
2599200.0,600,modelica,native,True,19.99998230219461,2144.478264080551,-0.0,-5.599999999999966,-101.56212
2602800.0,600,modelica,native,True,19.999969120349533,2172.786262728903,-0.0,-6.099999999999966,-101.56212
2606400.0,600,modelica,native,True,19.999982403517095,2199.669581062131,-0.0,-6.099999999999966,-101.56212
2610000.0,600,modelica,native,True,19.99990189857874,2251.450586362547,-0.0,-8.299999999999955,-101.56212
2613600.0,600,modelica,native,True,19.999956917699024,2359.106862637467,-0.0,-8.899999999999977,-101.56212
2617200.0,600,modelica,native,True,20.0000887399259,2402.887089394596,-0.0,-8.299999999999955,135.8575310517574
2620800.0,600,modelica,native,True,20.00036084034815,2244.830405871471,-0.0,-7.7999999999999545,1097.499390415099
2624400.0,600,modelica,native,True,20.00067193742325,1741.491657989158,-0.0,-4.399999999999977,2183.069664893546
2628000.0,600,modelica,native,True,20.001032173053034,886.9433866700862,-0.0,-2.1999999999999886,4137.320407712149
2631600.0,600,modelica,native,True,23.34511788707613,37.62266482737329,-0.0,1.7000000000000455,5761.220297457238
2635200.0,600,modelica,native,True,27.00064702950175,2.2517310248480903e-09,188.8563142985768,2.8000000000000114,6259.759390178353
2638800.0,600,modelica,native,True,27.000325801664303,0.0,1370.181528711451,5.0,5297.035163158076
2642400.0,600,modelica,native,True,26.99944541885344,0.0,1597.104491245415,5.0,2865.054271029008
2646000.0,600,modelica,native,True,27.00006148885683,0.0,1016.558734344973,5.0,3707.441356732136
2649600.0,600,modelica,native,True,26.99957171742784,0.0,983.0637343881529,4.400000000000034,2638.003590160909
2653200.0,600,modelica,native,True,26.944301887312747,0.0,466.3638715308905,1.7000000000000455,543.1427992440006
2656800.0,600,modelica,native,True,23.003949992661546,0.0,-0.0,-0.5999999999999659,-88.46986428691987
2660400.0,600,modelica,native,True,19.999741365127022,125.130599862602,-0.0,-4.399999999999977,-101.56212
2664000.0,600,modelica,native,True,19.99939883334423,1063.71870372812,-0.0,-7.7999999999999545,-101.56212
2667600.0,600,modelica,native,True,19.999831015339225,1683.515544081529,-0.0,-5.0,-101.56212
2671200.0,600,modelica,native,True,19.99988679300003,1901.885263705254,-0.0,-5.2999999999999545,-101.56212
2674800.0,600,modelica,native,True,19.99992771907631,2036.357533099916,-0.0,-5.699999999999989,-101.56212
2678400.0,600,modelica,native,True,19.999949097464025,2121.615278340313,-0.0,-6.099999999999966,-101.56212
2682000.0,600,modelica,native,True,19.999959620273614,2181.897444231908,-0.0,-6.5,-101.56212
2685600.0,600,modelica,native,True,19.999965079520337,2230.090447012716,-0.0,-6.899999999999977,-101.56212
2689200.0,600,modelica,native,True,19.999967116603614,2272.104339807431,-0.0,-7.2999999999999545,-101.56212
2692800.0,600,modelica,native,True,19.99996524034873,2312.840297691425,-0.0,-7.7999999999999545,-101.56212
2696400.0,600,modelica,native,True,20.00000981445453,2336.21425396204,-0.0,-7.199999999999989,-101.56212
2700000.0,600,modelica,native,True,19.999987926098527,2341.277408249511,-0.0,-7.7999999999999545,-101.56212
2703600.0,600,modelica,native,True,20.0001617285983,2343.777214089765,-0.0,-7.199999999999989,289.7606222089636
2707200.0,600,modelica,native,True,20.00093270474315,2024.111368157334,-0.0,-6.699999999999989,2876.999132446917
2710800.0,600,modelica,native,True,20.001542082722608,838.4018494598071,-0.0,-5.0,5862.789217206628
2714400.0,600,modelica,native,True,25.49010452631012,-0.0040860806571112,-0.0,-3.8999999999999773,7710.576301649826
2718000.0,600,modelica,native,True,27.001473568552115,-3.418657514784071e-07,918.0707037883336,-2.1999999999999886,8881.106673272114
2721600.0,600,modelica,native,True,27.000929280165224,0.0,2656.377231754528,-0.5999999999999659,9317.07829808058
2725200.0,600,modelica,native,True,27.000465010497123,0.0,3732.958621052305,1.1000000000000227,9142.526690194003
2728800.0,600,modelica,native,True,26.99976532068871,0.0,4143.105684675508,-3.2999999999999545,8262.972888147255
2732400.0,600,modelica,native,True,26.999375983058314,0.0,3846.307950697938,-3.2999999999999545,6630.710536287392
2736000.0,600,modelica,native,True,26.998911797203846,0.0,3051.852876543469,-3.8999999999999773,4271.573592269695
2739600.0,600,modelica,native,True,26.9984463981188,0.0,1712.934620769156,-4.399999999999977,1179.47169051276
2743200.0,600,modelica,native,True,24.51007297119662,0.0,190.412100783454,-6.699999999999989,-70.84516888853295
2746800.0,600,modelica,native,True,20.004755008832035,50.8056311167611,-1.18043687608507e-06,-7.199999999999989,-101.56212
2750400.0,600,modelica,native,True,19.999385214640313,964.6716707513068,-0.0,-7.7999999999999545,-101.56212
2754000.0,600,modelica,native,True,19.999649430480247,1690.660931943788,-0.0,-8.899999999999977,-101.56212
2757600.0,600,modelica,native,True,19.9997835578161,2104.652378579908,-0.0,-10.0,-101.56212
2761200.0,600,modelica,native,True,19.99991013502904,2345.714868553347,-0.0,-10.0,-101.56212
2764800.0,600,modelica,native,True,19.99997506401155,2447.213387496736,-0.0,-9.399999999999977,-101.56212
2768400.0,600,modelica,native,True,19.99995849011424,2491.96862890164,-0.0,-10.0,-101.56212
2772000.0,600,modelica,native,True,19.99999117712821,2522.505857904752,-0.0,-9.399999999999977,-101.56212
2775600.0,600,modelica,native,True,19.999905907806237,2560.905895739396,-0.0,-11.699999999999989,-101.56212
2779200.0,600,modelica,native,True,19.999960099094608,2649.332287083599,-0.0,-11.699999999999989,-101.56212
2782800.0,600,modelica,native,True,19.99992263256604,2717.439248063829,-0.0,-13.299999999999955,-101.56212
2786400.0,600,modelica,native,True,20.000013074033404,2777.758402332332,-0.0,-12.199999999999989,-101.56212
2790000.0,600,modelica,native,True,20.0001142796973,2786.606914067931,-0.0,-13.299999999999955,291.923370818811
2793600.0,600,modelica,native,True,20.00100293486372,2500.113299763468,-0.0,-10.599999999999966,2743.273510540806
2797200.0,600,modelica,native,True,20.00158198014094,1235.702626007928,-0.0,-5.599999999999966,5641.750121129129
2800800.0,600,modelica,native,True,24.684608939694897,28.61963228185972,-0.0,-1.6999999999999886,7503.907464691269
2804400.0,600,modelica,native,True,27.00161888924805,8.733669916788737e-06,791.5854808713331,1.1000000000000227,8691.148414820991
2808000.0,600,modelica,native,True,27.00110094816705,0.0,2698.096482947601,5.0,9135.313798771713
2811600.0,600,modelica,native,True,27.000535543409626,0.0,3974.513169658846,7.800000000000011,8965.183302373112
2815200.0,600,modelica,native,True,26.999863741717547,0.0,4539.279600921737,5.600000000000023,8087.430091319944
2818800.0,600,modelica,native,True,26.999305906778602,0.0,4327.335854514705,2.8000000000000114,6449.061380523467
2822400.0,600,modelica,native,True,26.9988074682052,0.0,3460.188907801244,0.6000000000000227,4080.031027861554
2826000.0,600,modelica,native,True,26.998311708295148,0.0,1991.551045901775,-2.7999999999999545,1071.602672223808
2829600.0,600,modelica,native,True,24.956219327687847,0.0,270.7989914065599,-6.099999999999966,-80.23248510594183
2833200.0,600,modelica,native,True,20.009908166105447,33.26596638414595,8.477105034722222e-09,-8.299999999999955,-101.56212
2836800.0,600,modelica,native,True,19.999409547499397,931.0405591898494,-0.0,-7.199999999999989,-101.56212
2840400.0,600,modelica,native,True,19.99964043440184,1655.018187095721,-0.0,-8.899999999999977,-101.56212
2844000.0,600,modelica,native,True,19.99982232101894,2067.604927741422,-0.0,-8.899999999999977,-101.56212
2847600.0,600,modelica,native,True,19.999888518173407,2279.536514037185,-0.0,-9.399999999999977,-101.56212
2851200.0,600,modelica,native,True,19.99992137103004,2411.639371422265,-0.0,-10.0,-101.56212
2854800.0,600,modelica,native,True,19.999937874764726,2504.888352085749,-0.0,-10.599999999999966,-101.56212
2858400.0,600,modelica,native,True,20.000001407729712,2558.762223586374,-0.0,-10.0,-101.56212
2862000.0,600,modelica,native,True,19.999988783493905,2562.017355072366,-0.0,-10.0,-101.56212
2865600.0,600,modelica,native,True,19.99997008717071,2579.146838679579,-0.0,-10.599999999999966,-101.56212
2869200.0,600,modelica,native,True,19.99996656713421,2613.588687682152,-0.0,-11.099999999999966,-101.56212
2872800.0,600,modelica,native,True,19.999943398233995,2664.191415912443,-0.0,-12.199999999999989,-101.56212
2876400.0,600,modelica,native,True,20.000074335941747,2717.091797998879,-0.0,-12.199999999999989,153.797711265859
2880000.0,600,modelica,native,True,20.000846263769233,2522.004503309197,-0.0,-11.699999999999989,2469.804460327293
2883600.0,600,modelica,native,True,20.001446014115743,1414.810020016829,-0.0,-7.199999999999989,5206.488005326646
2887200.0,600,modelica,native,True,23.084014818258822,95.44858481989966,-0.0,-3.2999999999999545,6596.98954279749
2890800.0,600,modelica,native,True,27.000872058174537,1.9735760158962672e-08,268.52892429875,2.2000000000000455,6630.775282708406
2894400.0,600,modelica,native,True,27.0008990184499,0.0,1548.628414529363,3.900000000000034,7146.230667380435
2898000.0,600,modelica,native,True,27.000379281285518,0.0,2657.88958243476,5.0,7192.126240460506
2901600.0,600,modelica,native,True,26.99998987558274,0.0,3019.939203869899,3.900000000000034,6434.551761588015
2905200.0,600,modelica,native,True,26.999457791585996,0.0,2907.139808582067,2.2000000000000455,5098.922224607928
2908800.0,600,modelica,native,True,26.998792709075303,0.0,2198.7640228445,1.1000000000000227,2228.326932127947
2912400.0,600,modelica,native,True,26.998804766219337,0.0,804.8070139315394,0.0,465.275677889627
2916000.0,600,modelica,native,True,23.407232051432345,0.0,2.373224867714776,-0.5999999999999659,-80.51382387242768
2919600.0,600,modelica,native,True,20.001125718015317,78.26906692253219,-1.788139343261719e-09,-3.8999999999999773,-101.56212
2923200.0,600,modelica,native,True,19.99953104754462,907.4557220919928,-0.0,-3.8999999999999773,-101.56212
2926800.0,600,modelica,native,True,19.99977333811023,1452.50429500262,-0.0,-3.2999999999999545,-101.56212
2930400.0,600,modelica,native,True,19.99981370096731,1741.720250009166,-0.0,-5.0,-101.56212
2934000.0,600,modelica,native,True,19.999868986958234,1959.448039497534,-0.0,-6.099999999999966,-101.56212
2937600.0,600,modelica,native,True,19.999893501459837,2115.565546671814,-0.0,-7.199999999999989,-101.56212
2941200.0,600,modelica,native,True,19.999906509546122,2242.602699502972,-0.0,-8.299999999999955,-101.56212
2944800.0,600,modelica,native,True,19.99993308650994,2346.791525409222,-0.0,-8.899999999999977,-101.56212
2948400.0,600,modelica,native,True,19.99989983799452,2443.276655268669,-0.0,-10.599999999999966,-101.56212
2952000.0,600,modelica,native,True,19.999955567023505,2540.500272695489,-0.0,-10.599999999999966,-101.56212
2955600.0,600,modelica,native,True,19.99989381323161,2623.433460764223,-0.0,-12.799999999999955,-101.56212
2959200.0,600,modelica,native,True,19.999996186190344,2710.958055137263,-0.0,-11.699999999999989,-101.56212
2962800.0,600,modelica,native,True,20.000142873206016,2759.829399822685,-0.0,-13.899999999999977,310.9745964981819
2966400.0,600,modelica,native,True,20.000788584861198,2491.532466005749,-0.0,-10.0,2116.793479513984
2970000.0,600,modelica,native,True,20.001310916307943,1516.833057739205,-0.0,-5.599999999999966,4459.263233965737
2973600.0,600,modelica,native,True,22.701465154471407,197.8684640272458,-0.0,-2.7999999999999545,7132.836212774961
2977200.0,600,modelica,native,True,27.0012415638148,-4.106097751193576e-09,323.6489037446181,0.0,7924.633579560767
2980800.0,600,modelica,native,True,27.000816420100932,0.0,1954.995826617546,1.7000000000000455,7835.310010266569
2984400.0,600,modelica,native,True,27.000406069223743,0.0,2890.663749359912,2.8000000000000114,7620.636564865843
2988000.0,600,modelica,native,True,27.000181369009,0.0,3393.955868992872,4.400000000000034,7474.735838735546
2991600.0,600,modelica,native,True,26.999240979106105,0.0,3488.704883099198,4.400000000000034,4918.07164076643
2995200.0,600,modelica,native,True,26.99846652922281,0.0,2473.746173251669,5.0,1109.236781883212
2998800.0,600,modelica,native,True,26.977444097472812,0.0,730.1420549693372,3.900000000000034,-9.674208763021518
3002400.0,600,modelica,native,True,23.353073156849007,0.0,-0.0001041997141308,2.2000000000000455,-98.17212799314734
3006000.0,600,modelica,native,True,20.003326019884014,44.86834361328019,2.2517310248480903e-09,-1.6999999999999886,-101.56212
3009600.0,600,modelica,native,True,19.999481860809,803.2764874939123,-0.0,-3.2999999999999545,-101.56212
3013200.0,600,modelica,native,True,19.999707441541204,1414.074135916895,-0.0,-4.399999999999977,-101.56212
3016800.0,600,modelica,native,True,19.999865726385906,1735.475395915376,-0.0,-3.8999999999999773,-101.56212
3020400.0,600,modelica,native,True,19.999864261478535,1912.265183145073,-0.0,-5.599999999999966,-101.56212
3024000.0,600,modelica,native,True,19.99989434308884,2071.402511463828,-0.0,-6.699999999999989,-101.56212
3027600.0,600,modelica,native,True,19.999908744940797,2198.388917716742,-0.0,-7.7999999999999545,-101.56212
3031200.0,600,modelica,native,True,19.9999963616022,2284.843936441077,-0.0,-7.199999999999989,-101.56212
3034800.0,600,modelica,native,True,20.00001174732813,2292.452185137934,-0.0,-6.699999999999989,-101.56212
3038400.0,600,modelica,native,True,19.999970050069408,2290.348615090052,-0.0,-7.199999999999989,-101.56212
3042000.0,600,modelica,native,True,19.99994362144173,2328.710596421824,-0.0,-8.299999999999955,-101.56212
3045600.0,600,modelica,native,True,19.99996375375673,2392.044789954026,-0.0,-8.899999999999977,-101.56212
3049200.0,600,modelica,native,True,20.000178290141832,2413.658576816188,-0.0,-7.7999999999999545,268.8240117611176
3052800.0,600,modelica,native,True,20.00088005187871,2083.359398673111,-0.0,-5.599999999999966,2437.67373598484
3056400.0,600,modelica,native,True,20.001353284623633,952.011351407369,-0.0,-0.5999999999999659,4808.116108121219
3060000.0,600,modelica,native,True,24.530486699850826,8.128369386196136,-0.0,1.7000000000000455,6929.139233187906
3063600.0,600,modelica,native,True,27.001712190100136,0.0,783.1831008466085,4.400000000000034,8593.994836618507
3067200.0,600,modelica,native,True,27.001093607478538,0.0,2769.441189531485,7.2000000000000455,9003.617260132201
3070800.0,600,modelica,native,True,27.00049143714483,0.0,4020.875548907386,8.300000000000011,8844.79252450906
3074400.0,600,modelica,native,True,26.999926099518802,0.0,4548.322902656661,7.2000000000000455,7981.816153202896
3078000.0,600,modelica,native,True,26.999446317851834,0.0,4420.150973027216,7.2000000000000455,6362.662584250112
3081600.0,600,modelica,native,True,26.99895926535885,0.0,3709.129970539543,6.7000000000000455,4040.527991606816
3085200.0,600,modelica,native,True,26.998506581034803,0.0,2428.196837435828,5.600000000000023,1157.247400550776
3088800.0,600,modelica,native,True,26.9231867706456,0.0,708.4728265925911,3.3000000000000114,-72.35844154184748
3092400.0,600,modelica,native,True,23.252364381647112,0.0,-0.0,2.8000000000000114,-101.56212
3096000.0,600,modelica,native,True,20.00615857410054,24.23712382303344,-0.0,0.6000000000000227,-101.56212
3099600.0,600,modelica,native,True,19.999516406901137,681.2760055001577,-0.0,-1.099999999999966,-101.56212
3103200.0,600,modelica,native,True,19.999806519420815,1215.36232107838,-0.0,0.0,-101.56212
3106800.0,600,modelica,native,True,19.99986363453263,1453.303999163972,-0.0,-0.5999999999999659,-101.56212
3110400.0,600,modelica,native,True,19.999889924535637,1616.41891646266,-0.0,-1.6999999999999886,-101.56212
3114000.0,600,modelica,native,True,19.99990264741473,1748.63631747961,-0.0,-2.7999999999999545,-101.56212
3117600.0,600,modelica,native,True,19.999896885984924,1873.37381223215,-0.0,-4.399999999999977,-101.56212
3121200.0,600,modelica,native,True,19.999977399634247,1970.942634377612,-0.0,-3.8999999999999773,-101.56212
3124800.0,600,modelica,native,True,19.999973570349198,2010.684591816664,-0.0,-4.399999999999977,-101.56212
3128400.0,600,modelica,native,True,20.00001127891744,2034.164580416415,-0.0,-3.8999999999999773,-101.56212
3132000.0,600,modelica,native,True,20.000027298794237,2019.720745637947,-0.0,-3.2999999999999545,-101.56212
3135600.0,600,modelica,native,True,20.000078668203628,1995.014768860737,-0.0,-3.2999999999999545,67.81179314316093
3139200.0,600,modelica,native,True,20.000517604391007,1815.72668290986,-0.0,-1.099999999999966,1257.8718786903
3142800.0,600,modelica,native,True,20.000213921116142,1205.535229797628,-0.0,0.0,1242.365934821815
3146400.0,600,modelica,native,True,20.000791025972205,880.6630364445846,-0.0,2.8000000000000114,2673.764034781692
3150000.0,600,modelica,native,True,22.567264075324942,150.4123172064622,-0.0,3.3000000000000114,6389.178435615107
3153600.0,600,modelica,native,True,27.00112928752833,1.822577582465278e-07,441.6622054841121,8.900000000000034,6604.045532295603
3157200.0,600,modelica,native,True,27.00076248847523,0.0,1795.636100552479,9.400000000000034,6409.661487297493
3160800.0,600,modelica,native,True,27.000342570215196,0.0,2688.087652657297,8.900000000000034,6667.611434404005
3164400.0,600,modelica,native,True,26.999585854764405,0.0,3021.815581986904,8.300000000000011,4833.434673535043
3168000.0,600,modelica,native,True,26.998997764195906,0.0,2512.784034311639,7.800000000000011,2502.789531632034
3171600.0,600,modelica,native,True,26.998725113961143,0.0,1300.11744740963,5.600000000000023,299.1142710199015
3175200.0,600,modelica,native,True,24.906695668752207,0.0,96.98005906893148,2.8000000000000114,-96.993168868339
3178800.0,600,modelica,native,True,21.179709235821235,0.0,-0.0,2.2000000000000455,-101.56212
3182400.0,600,modelica,native,True,19.99943271169053,276.0704021758503,-0.0,1.1000000000000227,-101.56212
3186000.0,600,modelica,native,True,19.999689612689735,932.1912282473512,-0.0,0.6000000000000227,-101.56212
3189600.0,600,modelica,native,True,19.999777553304625,1311.697520926396,-0.0,-1.099999999999966,-101.56212
3193200.0,600,modelica,native,True,19.999857821762305,1572.409394418663,-0.0,-2.1999999999999886,-101.56212
3196800.0,600,modelica,native,True,19.9999098835915,1739.349125984112,-0.0,-2.7999999999999545,-101.56212
3200400.0,600,modelica,native,True,19.999933463716047,1845.8201032269,-0.0,-3.2999999999999545,-101.56212
3204000.0,600,modelica,native,True,19.99989430089971,1941.414373631477,-0.0,-5.0,-101.56212
3207600.0,600,modelica,native,True,19.999927320847405,2063.833214894931,-0.0,-6.099999999999966,-101.56212
3211200.0,600,modelica,native,True,19.99996655088421,2147.057423281405,-0.0,-6.099999999999966,-101.56212
3214800.0,600,modelica,native,True,19.99998070501681,2186.427394536071,-0.0,-6.099999999999966,-101.56212
3218400.0,600,modelica,native,True,19.999968338604504,2217.407602054675,-0.0,-6.699999999999989,-101.56212
3222000.0,600,modelica,native,True,19.99999246165595,2249.316956620878,-0.0,-6.699999999999989,-87.22599239144287
3225600.0,600,modelica,native,True,20.000052070280447,2250.042549721135,-0.0,-6.699999999999989,80.22941479658984
3229200.0,600,modelica,native,True,20.000111108031717,2175.203564270205,-0.0,-6.099999999999966,277.2436731638359
3232800.0,600,modelica,native,True,20.00009666984664,2048.158661526574,-0.0,-6.099999999999966,424.7486223874904
3236400.0,600,modelica,native,True,20.000074451896523,1945.146409697797,-0.0,-6.699999999999989,551.3840682618603
3240000.0,600,modelica,native,True,20.000841148074812,1801.620507146253,-0.0,-5.0,2576.60015596455
3243600.0,600,modelica,native,True,20.00566908460962,729.3195052183999,-0.0,-3.8999999999999773,4730.72172073544
3247200.0,600,modelica,native,True,22.351402322348008,0.0,-0.0,-2.7999999999999545,2691.146489121405
3250800.0,600,modelica,native,True,20.670532665126245,0.0,-0.0,-2.7999999999999545,1822.685140083998
3254400.0,600,modelica,native,True,20.161647912599847,0.0,-0.0,-3.2999999999999545,1446.021689892457
3258000.0,600,modelica,native,True,19.999347994773643,411.8058929562569,-0.0,-3.8999999999999773,87.17861644520468
3261600.0,600,modelica,native,True,19.999623291624516,1146.502165382968,-0.0,-3.8999999999999773,-92.48623883461268
3265200.0,600,modelica,native,True,19.9997672313429,1603.261150327126,-0.0,-5.0,-101.56212
3268800.0,600,modelica,native,True,19.99989892717224,1870.778687315252,-0.0,-5.0,-101.56212
3272400.0,600,modelica,native,True,19.999973894544098,1987.869894149436,-0.0,-4.399999999999977,-101.56212
3276000.0,600,modelica,native,True,20.000005143001715,2020.083572302262,-0.0,-3.8999999999999773,-101.56212
3279600.0,600,modelica,native,True,20.000355693192432,1837.191107104884,-0.0,6.100000000000023,-101.56212
3283200.0,600,modelica,native,True,20.000025828667106,1482.150237482389,-0.0,4.400000000000034,-101.56212
3286800.0,600,modelica,native,True,19.99988321675562,1464.877413602008,-0.0,0.6000000000000227,-101.56212
3290400.0,600,modelica,native,True,19.999932639037638,1571.13920626945,-0.0,0.0,-101.56212
3294000.0,600,modelica,native,True,19.999833132245215,1709.859180905554,-0.0,-3.8999999999999773,-101.56212
3297600.0,600,modelica,native,True,20.000066685833133,1831.724947927793,-0.0,-1.099999999999966,-101.56212
3301200.0,600,modelica,native,True,20.000055923911418,1758.366531386508,-0.0,0.6000000000000227,-101.56212
3304800.0,600,modelica,native,True,19.99963698099282,1838.90851179719,-0.0,-8.299999999999955,-101.56212
3308400.0,600,modelica,native,True,19.999761312637816,2240.339789486859,-0.0,-12.199999999999989,-78.47739761187923
3312000.0,600,modelica,native,True,19.999935229160997,2509.442694622278,-0.0,-12.799999999999955,97.10865855741024
3315600.0,600,modelica,native,True,20.00007564141464,2576.112623454332,-0.0,-12.799999999999955,429.9123240649793
3319200.0,600,modelica,native,True,20.00013780705393,2481.425484366152,-0.0,-12.799999999999955,758.911923733127
3322800.0,600,modelica,native,True,20.000309023954742,2312.412218307787,-0.0,-12.799999999999955,1440.630427175961
3326400.0,600,modelica,native,True,20.000590890273315,1857.025141742494,-0.0,-10.599999999999966,2646.483660260279
3330000.0,600,modelica,native,True,19.99995991050855,1212.849618653192,-0.0,-10.599999999999966,1831.293421535767
3333600.0,600,modelica,native,True,20.000135869927647,1249.917902574009,-0.0,-11.699999999999989,2112.26329631903
3337200.0,600,modelica,native,True,20.000102796962835,1137.655471178691,-0.0,-11.099999999999966,2311.024275149548
3340800.0,600,modelica,native,True,19.999621298855402,1105.386264172527,-0.0,-11.699999999999989,972.561018859032
3344400.0,600,modelica,native,True,19.999560602324095,1521.846467816697,-0.0,-12.799999999999955,377.749269928458
3348000.0,600,modelica,native,True,19.999590863972003,2050.471610012849,-0.0,-14.399999999999977,-85.70391787689918
3351600.0,600,modelica,native,True,19.999789811162543,2518.509137465026,-0.0,-15.0,-101.56212
3355200.0,600,modelica,native,True,19.999917822516522,2758.223720281389,-0.0,-14.399999999999977,-101.56212
3358800.0,600,modelica,native,True,19.999946286957197,2856.94495946659,-0.0,-14.399999999999977,-101.56212
3362400.0,600,modelica,native,True,19.999949467594433,2922.411549303797,-0.0,-15.0,-101.56212
3366000.0,600,modelica,native,True,19.9999525423234,2983.17351852311,-0.0,-15.599999999999966,-101.56212
3369600.0,600,modelica,native,True,19.999986989971433,3031.394381299019,-0.0,-15.599999999999966,-101.56212
3373200.0,600,modelica,native,True,20.000012584327408,3039.579375723468,-0.0,-15.0,-101.56212
3376800.0,600,modelica,native,True,19.999979795949116,3038.690900312265,-0.0,-15.599999999999966,-101.56212
3380400.0,600,modelica,native,True,19.99999729087665,3057.893638660643,-0.0,-15.599999999999966,-101.56212
3384000.0,600,modelica,native,True,20.000019221699517,3052.69080562724,-0.0,-15.0,-101.56212
3387600.0,600,modelica,native,True,19.99997910123085,3044.500963821146,-0.0,-15.599999999999966,-101.56212
3391200.0,600,modelica,native,True,20.00000734744623,3063.544637981123,-0.0,-15.599999999999966,-101.56212
3394800.0,600,modelica,native,True,20.000193385611794,3023.503833876451,-0.0,-13.299999999999955,145.0980190331049
3398400.0,600,modelica,native,True,20.000858520260806,2713.796460741758,-0.0,-12.199999999999989,2267.283090689749
3402000.0,600,modelica,native,True,20.001504905088723,1594.968971126609,-0.0,-6.699999999999989,5018.713075888523
3405600.0,600,modelica,native,True,23.08554522918604,147.6484896360503,-0.0,-1.6999999999999886,6963.10822823104
3409200.0,600,modelica,native,True,27.001301379111908,0.0,344.0003820228577,-2.1999999999999886,8207.756987751947
3412800.0,600,modelica,native,True,27.000950552033203,0.0,1952.133868713247,-2.7999999999999545,8684.161277162964
3416400.0,600,modelica,native,True,27.000542929677295,0.0,3058.734779281351,0.0,8553.65756559968
3420000.0,600,modelica,native,True,26.999988717370343,0.0,3649.598441253768,2.8000000000000114,7377.845498542129
3423600.0,600,modelica,native,True,26.999452628088648,0.0,3545.65669561108,2.2000000000000455,5788.623944948038
3427200.0,600,modelica,native,True,26.99897902289331,0.0,2863.235577632321,3.900000000000034,3324.210793953417
3430800.0,600,modelica,native,True,26.9985199833651,0.0,1572.697468644248,-0.5999999999999659,829.0804447573987
3434400.0,600,modelica,native,True,24.64253912191981,0.0,142.6760426674949,-2.1999999999999886,-92.38831091931492
3438000.0,600,modelica,native,True,20.240789950187207,0.0,-0.0,-1.6999999999999886,-101.56212
3441600.0,600,modelica,native,True,19.999545339485906,539.3522803945011,-0.0,0.0,-101.56212
3445200.0,600,modelica,native,True,19.99979089007951,1096.140959088008,-0.0,0.6000000000000227,-101.56212
3448800.0,600,modelica,native,True,20.000062428776914,1279.906039933099,-0.0,5.0,-101.56212
3452400.0,600,modelica,native,True,19.999973929718408,1264.97732447664,-0.0,3.900000000000034,-101.56212
3456000.0,600,modelica,native,True,20.000076720989,1243.778803157674,-0.0,6.7000000000000455,-101.56212
3459600.0,600,modelica,native,True,19.999955940354198,1189.008111493852,-0.0,5.0,-101.56212
3463200.0,600,modelica,native,True,19.99995635296574,1242.156772904793,-0.0,3.900000000000034,-101.56212
3466800.0,600,modelica,native,True,19.99998133015555,1290.954403718843,-0.0,3.900000000000034,-101.56212
3470400.0,600,modelica,native,True,19.99998974109235,1313.07689750433,-0.0,3.900000000000034,-101.56212
3474000.0,600,modelica,native,True,19.99992278119481,1353.387651358975,-0.0,2.2000000000000455,-101.56212
3477600.0,600,modelica,native,True,19.999954520345,1422.025865507921,-0.0,2.2000000000000455,-101.56212
3481200.0,600,modelica,native,True,19.9999656053007,1481.495574438042,-0.0,0.6000000000000227,48.5251684141986
3484800.0,600,modelica,native,True,20.00037921770064,1454.455371412569,-0.0,-1.099999999999966,1453.554904101028
3488400.0,600,modelica,native,True,20.000784338963115,919.0820933131376,-0.0,1.1000000000000227,2953.18917887687
3492000.0,600,modelica,native,True,21.135816726893097,116.8825169648065,-0.0,5.0,3494.846650509997
3495600.0,600,modelica,native,True,24.539366375625946,0.0,-0.0,6.7000000000000455,4226.968791285594
3499200.0,600,modelica,native,True,27.00036152084334,0.0,165.1201535509692,7.800000000000011,4046.354809290258
3502800.0,600,modelica,native,True,27.00055162160851,0.0,764.9543578867117,6.7000000000000455,4719.493549816053
3506400.0,600,modelica,native,True,26.999957156505843,0.0,1417.31926687638,7.2000000000000455,4051.335657637959
3510000.0,600,modelica,native,True,26.999176350876212,0.0,1273.384932867156,7.800000000000011,1292.701316523824
3513600.0,600,modelica,native,True,26.828893765297437,0.0,331.9536333126492,6.7000000000000455,515.3728298639368
3517200.0,600,modelica,native,True,23.936799346675116,0.0,2.947529157002767e-05,3.900000000000034,124.8130155375392
3520800.0,600,modelica,native,True,20.46837128830913,0.0,-2.781550089518229e-09,1.1000000000000227,-72.40595071935049
3524400.0,600,modelica,native,True,19.99950931650983,454.9585028780831,-0.0,0.6000000000000227,-101.56212
3528000.0,600,modelica,native,True,19.99974825095461,1045.044644588232,-0.0,0.6000000000000227,-101.56212
3531600.0,600,modelica,native,True,19.999826085306438,1357.504844219552,-0.0,-0.5999999999999659,-101.56212
3535200.0,600,modelica,native,True,19.999919322959215,1549.79120821476,-0.0,-0.5999999999999659,-101.56212
3538800.0,600,modelica,native,True,19.999919792584308,1662.509974650939,-0.0,-1.6999999999999886,-101.56212
3542400.0,600,modelica,native,True,19.999971902900597,1738.032758419514,-0.0,-1.099999999999966,-101.56212
3546000.0,600,modelica,native,True,19.99991569187904,1788.881444826656,-0.0,-2.7999999999999545,-101.56212
3549600.0,600,modelica,native,True,19.999925392735236,1886.724661742846,-0.0,-3.8999999999999773,-101.56212
3553200.0,600,modelica,native,True,19.999952233005217,1972.033568466504,-0.0,-4.399999999999977,-101.56212
3556800.0,600,modelica,native,True,19.999981445233743,2025.535985996193,-0.0,-4.399999999999977,-101.56212
3560400.0,600,modelica,native,True,20.000002694576096,2039.280427900023,-0.0,-3.8999999999999773,-101.56212
3564000.0,600,modelica,native,True,19.999950217032847,2051.860344971286,-0.0,-5.0,-101.56212
3567600.0,600,modelica,native,True,20.000145705549414,2097.846590263711,-0.0,-5.599999999999966,389.5657055124898
3571200.0,600,modelica,native,True,20.000930632100733,1769.695808946424,-0.0,-3.8999999999999773,2824.070868174289
3574800.0,600,modelica,native,True,20.155178418344235,620.4395576364465,-0.0,-1.099999999999966,5363.147097055084
3578400.0,600,modelica,native,True,26.2933311219781,-0.0007585345374213,-0.0,2.8000000000000114,7255.022323738935
3582000.0,600,modelica,native,True,27.00137364397574,1.521772808498807e-06,1196.81791197035,5.600000000000023,8013.157020282117
3585600.0,600,modelica,native,True,27.00091104558021,0.0,2811.271847637362,8.300000000000011,8332.109028827146
3589200.0,600,modelica,native,True,27.000220567787835,0.0,3793.880938964553,7.2000000000000455,7967.913615978905
3592800.0,600,modelica,native,True,26.9989809435383,0.0,3923.864334472285,5.0,4829.960444583589
3596400.0,600,modelica,native,True,26.998190806877233,0.0,2693.456868883106,1.7000000000000455,1096.385339870778
3600000.0,600,modelica,native,True,26.902858358504545,0.0,717.4726018439399,0.6000000000000227,156.2748153762606
3603600.0,600,modelica,native,True,22.6902243021961,0.0,0.0005136357413397,-2.1999999999999886,-29.10090310285678
3607200.0,600,modelica,native,True,19.999404550077998,166.0882128161854,-9.706285264756943e-07,-3.8999999999999773,-100.6984594515844
3610800.0,600,modelica,native,True,19.999548307831844,1029.451253816684,-0.0,-4.399999999999977,-101.56212
3614400.0,600,modelica,native,True,19.999750401692836,1562.719322129223,-0.0,-5.0,-101.56212
3618000.0,600,modelica,native,True,19.99985695080335,1857.829595048428,-0.0,-5.599999999999966,-101.56212
3621600.0,600,modelica,native,True,19.999932972451745,2021.597512466908,-0.0,-5.599999999999966,-101.56212
3625200.0,600,modelica,native,True,19.99996568451013,2101.159220716424,-0.0,-5.599999999999966,-101.56212
3628800.0,600,modelica,native,True,19.999961387396922,2149.699031859371,-0.0,-6.099999999999966,-101.56212
3632400.0,600,modelica,native,True,19.999987508054005,2190.281707688305,-0.0,-6.099999999999966,-101.56212
3636000.0,600,modelica,native,True,20.00000533508853,2197.223696021901,-0.0,-5.599999999999966,-101.56212
3639600.0,600,modelica,native,True,19.999941965127448,2204.313512706889,-0.0,-6.699999999999989,-101.56212
3643200.0,600,modelica,native,True,19.99991022213203,2274.42488068925,-0.0,-8.299999999999955,-101.56212
3646800.0,600,modelica,native,True,19.999893648043837,2383.839699450731,-0.0,-10.0,-101.56212
3650400.0,600,modelica,native,True,19.999960328856503,2486.387313906352,-0.0,-10.0,-101.1875889808686
3654000.0,600,modelica,native,True,20.000069500269433,2543.719931610028,-0.0,-11.099999999999966,259.9279069637616
3657600.0,600,modelica,native,True,20.000700243231222,2336.664323896832,-0.0,-10.0,2134.22268326855
3661200.0,600,modelica,native,True,20.001249787897734,1437.271851971944,-0.0,-7.199999999999989,4599.169370542989
3664800.0,600,modelica,native,True,22.47440407195114,181.6780959955851,-0.0,-3.8999999999999773,7053.887747185071
3668400.0,600,modelica,native,True,27.001120539586395,2.106030782063802e-07,288.7605216138893,-2.1999999999999886,8445.24655915592
3672000.0,600,modelica,native,True,27.001002482078945,0.0,2001.304221530358,-1.6999999999999886,8880.460417929788
3675600.0,600,modelica,native,True,27.000455624918004,0.0,3154.52075927933,-1.6999999999999886,8721.057987454764
3679200.0,600,modelica,native,True,27.000001294860226,0.0,3661.562895717091,-0.5999999999999659,7875.930777309181
3682800.0,600,modelica,native,True,26.99953581125851,0.0,3619.218524707556,0.6000000000000227,6293.816676089681
3686400.0,600,modelica,native,True,26.999029302741747,0.0,2998.783968696859,0.0,4092.790171918043
3690000.0,600,modelica,native,True,26.998637693060743,0.0,1814.446019556655,0.0,1345.184695030518
3693600.0,600,modelica,native,True,25.613527193433697,0.0,322.4659602273835,-2.7999999999999545,-39.18776187251093
3697200.0,600,modelica,native,True,20.873223634276997,0.0,1.576609081692166e-06,-3.2999999999999545,-101.56212
3700800.0,600,modelica,native,True,19.99927253270124,521.84599289457,2.649095323350694e-10,-5.599999999999966,-101.56212
3704400.0,600,modelica,native,True,19.999595991761396,1381.025545951658,-0.0,-6.699999999999989,-101.56212
3708000.0,600,modelica,native,True,19.999715819859716,1885.619269673957,-0.0,-9.399999999999977,-101.56212
3711600.0,600,modelica,native,True,19.999890080144098,2200.856158356534,-0.0,-8.899999999999977,-101.56212
3715200.0,600,modelica,native,True,19.999946559484727,2336.512737333642,-0.0,-8.899999999999977,-101.56212
3718800.0,600,modelica,native,True,20.000047589143833,2363.480554163456,-0.0,-6.699999999999989,-101.56212
3722400.0,600,modelica,native,True,19.99999628701113,2324.684289774895,-0.0,-7.199999999999989,-101.56212
3726000.0,600,modelica,native,True,20.00000312766673,2326.374025806586,-0.0,-7.199999999999989,-101.56212
3729600.0,600,modelica,native,True,20.000019227678536,2314.461325775385,-0.0,-6.699999999999989,-101.56212
3733200.0,600,modelica,native,True,19.999986465795132,2305.007961207893,-0.0,-7.199999999999989,-101.56212
3736800.0,600,modelica,native,True,19.999998304520204,2316.540448896885,-0.0,-7.199999999999989,-99.13596806384857
3740400.0,600,modelica,native,True,20.000279687467412,2305.069461138116,-0.0,-6.699999999999989,525.916089215092
3744000.0,600,modelica,native,True,20.001059640244307,1830.276691550679,-0.0,-3.8999999999999773,3121.392877401546
3747600.0,600,modelica,native,True,20.355541397645425,559.3187112487688,-0.0,-1.099999999999966,5581.81043757629
3751200.0,600,modelica,native,True,26.778812073753897,-5.089004834493001e-05,-0.0,2.2000000000000455,7455.043108728497
3754800.0,600,modelica,native,True,27.001542542003335,3.580252329508464e-07,1374.308926487366,5.600000000000023,8666.30019499875
3758400.0,600,modelica,native,True,27.000876052056526,0.0,3164.38519726091,8.300000000000011,8787.35359861845
3762000.0,600,modelica,native,True,27.00036305724501,0.0,4161.312759214905,10.0,8350.294670130646
3765600.0,600,modelica,native,True,26.999956088985016,0.0,4547.511315967904,11.100000000000023,7517.621153588811
3769200.0,600,modelica,native,True,26.999311481619827,0.0,4406.005235999823,12.800000000000011,5243.137536827523
3772800.0,600,modelica,native,True,26.998734842581314,0.0,3509.285375001563,12.800000000000011,2412.433182898077
3776400.0,600,modelica,native,True,26.99872231559175,0.0,1995.994418068065,10.600000000000023,576.1193867931783
3780000.0,600,modelica,native,True,26.865698188627334,0.0,502.4666326457925,7.800000000000011,-69.72893226149029
3783600.0,600,modelica,native,True,23.683363344324334,0.0,4.303985171847874e-06,6.100000000000023,-101.56212
3787200.0,600,modelica,native,True,20.678649148741897,0.0,3.841188218858507e-09,5.0,-101.56212
3790800.0,600,modelica,native,True,19.9995296429189,306.0282100652324,-0.0,3.3000000000000114,-101.56212
3794400.0,600,modelica,native,True,19.999772399384028,852.2217586186197,-0.0,3.3000000000000114,-101.56212
3798000.0,600,modelica,native,True,19.99986984268901,1130.255659649637,-0.0,2.8000000000000114,-101.56212
3801600.0,600,modelica,native,True,19.999982241875045,1263.575846910742,-0.0,3.900000000000034,-101.56212
3805200.0,600,modelica,native,True,19.99997604410271,1293.565848423243,-0.0,3.900000000000034,-101.56212
3808800.0,600,modelica,native,True,19.999950325144596,1335.585415963464,-0.0,2.8000000000000114,-101.56212
3812400.0,600,modelica,native,True,20.000021926329737,1367.894903233184,-0.0,3.900000000000034,-101.56212
3816000.0,600,modelica,native,True,19.9999643284242,1355.009513589276,-0.0,3.3000000000000114,-101.56212
3819600.0,600,modelica,native,True,19.999912342656728,1417.014216647281,-0.0,1.1000000000000227,-101.56212
3823200.0,600,modelica,native,True,19.999964158017747,1506.758920998971,-0.0,1.1000000000000227,-101.56212
3826800.0,600,modelica,native,True,20.00003526643303,1553.410218918324,-0.0,0.6000000000000227,91.7262530612999
3830400.0,600,modelica,native,True,20.000205121914348,1479.1163644335,-0.0,1.1000000000000227,603.0498339869251
3834000.0,600,modelica,native,True,20.0004487815483,1207.951730823649,-0.0,2.2000000000000455,1498.618117537894
3837600.0,600,modelica,native,True,20.000751676763514,630.6283898758888,-0.0,4.400000000000034,2860.658607191416
3841200.0,600,modelica,native,True,22.311806738493317,24.70780184639825,-0.0,7.800000000000011,4011.044554042727
3844800.0,600,modelica,native,True,26.98124387368881,0.0,15.6825236137708,11.700000000000045,4300.612029291153
3848400.0,600,modelica,native,True,27.000602507611745,0.0,720.1403387277657,8.300000000000011,4767.985929027444
3852000.0,600,modelica,native,True,27.000584828433205,0.0,1430.422298153904,8.900000000000034,5511.302156822706
3855600.0,600,modelica,native,True,27.000152830905847,0.0,2072.941022108661,10.0,5020.784723536015
3859200.0,600,modelica,native,True,26.9993282608836,0.0,2141.765857066049,9.400000000000034,2824.486498366707
3862800.0,600,modelica,native,True,26.998913535189104,0.0,1318.93787931535,7.800000000000011,652.2720782013662
3866400.0,600,modelica,native,True,25.54478596889703,0.0,181.2611322159237,3.900000000000034,-94.85808683127878
3870000.0,600,modelica,native,True,21.7333875770654,0.0,-1.536475287543403e-08,2.2000000000000455,-101.56212
3873600.0,600,modelica,native,True,19.999454428752415,172.7005839363734,-1.324547661675347e-10,1.7000000000000455,-101.56212
3877200.0,600,modelica,native,True,19.999650893622515,837.0300147438049,-0.0,0.6000000000000227,-101.56212
3880800.0,600,modelica,native,True,19.99982681499921,1235.384334358772,-0.0,0.6000000000000227,-101.56212
3884400.0,600,modelica,native,True,19.999880646791496,1453.571748835908,-0.0,-0.5999999999999659,-101.56212
3888000.0,600,modelica,native,True,19.999927572117542,1597.039207070139,-0.0,-0.5999999999999659,-101.56212
3891600.0,600,modelica,native,True,19.999919721102742,1686.206891152991,-0.0,-1.6999999999999886,-101.56212
3895200.0,600,modelica,native,True,19.999939639889135,1771.849284665452,-0.0,-2.1999999999999886,-101.56212
3898800.0,600,modelica,native,True,19.99989409996175,1868.414401971102,-0.0,-4.399999999999977,-101.56212
3902400.0,600,modelica,native,True,19.999930850703436,1987.97289087428,-0.0,-5.0,-101.56212
3906000.0,600,modelica,native,True,19.999943453552703,2070.505520406299,-0.0,-5.599999999999966,-101.56212
3909600.0,600,modelica,native,True,20.00003193509491,2108.51890257385,-0.0,-4.399999999999977,-101.56212
3913200.0,600,modelica,native,True,20.000192715965227,2098.409691854715,-0.0,-5.0,358.252252314651
3916800.0,600,modelica,native,True,20.0009298511431,1733.416755309105,-0.0,-1.6999999999999886,2576.163498932628
3920400.0,600,modelica,native,True,20.291194401592634,577.8922090090646,-0.0,1.7000000000000455,5235.310285916724
3924000.0,600,modelica,native,True,26.68792533586901,-0.000574644671546,-0.0,5.600000000000023,7067.555117175306
3927600.0,600,modelica,native,True,27.001531987589146,-3.370973798963759e-07,1361.163503699568,8.900000000000034,8273.629234543969
3931200.0,600,modelica,native,True,27.00092384667954,0.0,3129.618839770158,10.600000000000023,8634.097588553672
3934800.0,600,modelica,native,True,27.000440999458533,0.0,4198.553552167018,11.700000000000045,8458.124870250585
3938400.0,600,modelica,native,True,27.000008795819838,0.0,4693.992033687565,12.800000000000011,7688.660521576084
3942000.0,600,modelica,native,True,26.999517079263796,0.0,4653.030895089838,13.900000000000034,6035.351000098457
3945600.0,600,modelica,native,True,26.998995529415595,0.0,4023.707217530939,13.900000000000034,3767.201666719168
3949200.0,600,modelica,native,True,26.998560719818045,0.0,2784.286023350159,11.100000000000023,1209.986413109551
3952800.0,600,modelica,native,True,26.998819612186537,0.0,1097.743933806022,7.800000000000011,-54.91378031556494
3956400.0,600,modelica,native,True,24.780592793817902,0.0,34.1218728254901,6.100000000000023,-101.56212
3960000.0,600,modelica,native,True,21.506053376021896,0.0,-0.0,4.400000000000034,-101.56212
3963600.0,600,modelica,native,True,19.999449547735935,183.4573790547583,-0.0,2.2000000000000455,-101.56212
3967200.0,600,modelica,native,True,19.999713163773606,813.9572203625573,-0.0,2.2000000000000455,-101.56212
3970800.0,600,modelica,native,True,19.999836000171797,1158.239057321946,-0.0,1.7000000000000455,-101.56212
3974400.0,600,modelica,native,True,19.999940736428243,1337.294728919135,-0.0,2.2000000000000455,-101.56212
3978000.0,600,modelica,native,True,19.99992374620882,1443.047818403111,-0.0,0.6000000000000227,-101.56212
3981600.0,600,modelica,native,True,20.00007773311694,1505.228904644781,-0.0,2.8000000000000114,-101.56212
3985200.0,600,modelica,native,True,20.00011676655845,1391.921730363369,-0.0,6.100000000000023,-101.56212
3988800.0,600,modelica,native,True,20.00002466393505,1265.761197198232,-0.0,5.600000000000023,-101.56212
3992400.0,600,modelica,native,True,19.999991467806126,1237.479028755029,-0.0,5.0,-101.56212
3996000.0,600,modelica,native,True,20.000045339910344,1221.363298594687,-0.0,6.100000000000023,-101.56212
3999600.0,600,modelica,native,True,20.00003132371762,1197.294909735388,-0.0,5.0,24.05450215457417
4003200.0,600,modelica,native,True,20.000291594421412,1102.853822735018,-0.0,6.7000000000000455,663.4180991126657
4006800.0,600,modelica,native,True,20.00025962399235,762.8421774805917,-0.0,7.2000000000000455,1001.298761618388
4010400.0,600,modelica,native,True,20.000687674618348,397.9005281453663,-0.0,10.0,2270.298481670333
4014000.0,600,modelica,native,True,23.77555517224215,6.81028649687767,-0.0,11.100000000000023,5886.892776104914
4017600.0,600,modelica,native,True,27.0015073867537,0.0,736.6309418386883,14.400000000000034,6882.520564910277
4021200.0,600,modelica,native,True,27.000293125599626,0.0,2392.611148070229,16.700000000000045,5093.872186616031
4024800.0,600,modelica,native,True,27.000211713728504,0.0,2774.560261289014,17.200000000000045,5152.897692076096
4028400.0,600,modelica,native,True,26.9996282462983,0.0,3017.685335345268,18.30000000000001,3877.741184495039
4032000.0,600,modelica,native,True,26.999031550503844,0.0,2460.41766169495,15.0,1691.947618824327
4035600.0,600,modelica,native,True,26.998995435768506,0.0,1304.401422592799,11.100000000000023,527.003323606133
4039200.0,600,modelica,native,True,26.189007118162294,0.0,216.4110447761747,8.900000000000034,-97.01962881058397
4042800.0,600,modelica,native,True,22.951921572190713,0.0,-9.103973706563314e-05,5.600000000000023,-101.56212
4046400.0,600,modelica,native,True,20.01455539799315,4.26624707169003,-1.007980770534939e-07,4.400000000000034,-101.56212
4050000.0,600,modelica,native,True,19.99964859063772,460.3500020978186,-0.0,4.400000000000034,-101.56212
4053600.0,600,modelica,native,True,19.99982371346522,874.0734481143951,-0.0,4.400000000000034,-101.56212
4057200.0,600,modelica,native,True,19.999877730984622,1088.95630220188,-0.0,3.900000000000034,-101.56212
4060800.0,600,modelica,native,True,19.99987741247054,1243.713717666467,-0.0,2.2000000000000455,-101.56212
4064400.0,600,modelica,native,True,20.0000006222744,1324.184958527088,-0.0,4.400000000000034,-101.56212
4068000.0,600,modelica,native,True,19.999879233961735,1351.043848027918,-0.0,1.7000000000000455,-101.56212
4071600.0,600,modelica,native,True,19.9998714521642,1494.344393466843,-0.0,-0.5999999999999659,-101.56212
4075200.0,600,modelica,native,True,20.000004583252633,1603.942705307934,-0.0,0.6000000000000227,-101.56212
4078800.0,600,modelica,native,True,19.99999815319785,1613.371242260271,-0.0,0.6000000000000227,-101.56212
4082400.0,600,modelica,native,True,20.000062549109998,1591.76184922364,-0.0,2.2000000000000455,-101.56212
4086000.0,600,modelica,native,True,20.000037550636534,1552.54625678579,-0.0,1.1000000000000227,48.47659685126133
4089600.0,600,modelica,native,True,20.000487618127238,1434.362432123025,-0.0,3.3000000000000114,1073.509341555828
4093200.0,600,modelica,native,True,20.000445790927813,802.0462099091212,-0.0,9.400000000000034,1265.358709737495
4096800.0,600,modelica,native,True,20.000150604707414,320.8700009409587,-0.0,10.0,928.02485886037
4100400.0,600,modelica,native,True,20.000220596467216,128.0316708117061,-0.0,11.100000000000023,1228.978494128524
4104000.0,600,modelica,native,True,21.18797984486855,0.0339659468332926,-0.0,13.300000000000011,2496.658625979718
4107600.0,600,modelica,native,True,25.441423852832315,0.0,-0.0,15.0,3363.148389135906
4111200.0,600,modelica,native,True,27.000603985852138,0.0,208.5277825085322,16.100000000000023,3159.373674452457
4114800.0,600,modelica,native,True,27.000599114794113,0.0,945.7081092690096,16.700000000000045,4024.602481359013
4118400.0,600,modelica,native,True,26.99980420870793,0.0,1514.296179741091,15.600000000000023,2719.825411283705
4122000.0,600,modelica,native,True,26.999234607307926,0.0,1212.549606076214,15.0,564.9971255843059
4125600.0,600,modelica,native,True,26.85679971328915,0.0,333.7776364971532,12.800000000000011,-81.92235838161025
4129200.0,600,modelica,native,True,23.624479238672222,0.0,-4.01669078403049e-06,4.400000000000034,-101.56212
4132800.0,600,modelica,native,True,20.020168093887207,3.125463578965929,-0.0,1.7000000000000455,-101.56212
4136400.0,600,modelica,native,True,19.999874552599294,378.3328748668565,-0.0,10.0,-101.56212
4140000.0,600,modelica,native,True,19.99987623750434,584.6165982524554,-0.0,8.900000000000034,-101.56212
4143600.0,600,modelica,native,True,19.999984108539536,718.6082067799568,-0.0,10.0,-101.56212
4147200.0,600,modelica,native,True,19.999999670231716,737.8113566247622,-0.0,10.600000000000023,-101.56212
4150800.0,600,modelica,native,True,19.999945651140024,757.0032139513228,-0.0,9.400000000000034,-101.56212
4154400.0,600,modelica,native,True,19.99995706822284,814.0942901812659,-0.0,8.900000000000034,-101.56212
4158000.0,600,modelica,native,True,19.99991726781343,884.8427527464761,-0.0,7.2000000000000455,-101.56212
4161600.0,600,modelica,native,True,20.000046779452305,928.200030435986,-0.0,9.400000000000034,-101.56212
4165200.0,600,modelica,native,True,19.99993973555314,893.2293058117231,-0.0,8.300000000000011,-101.56212
4168800.0,600,modelica,native,True,19.999865513317104,971.2881618666648,-0.0,5.600000000000023,-101.2897312182692
4172400.0,600,modelica,native,True,20.00009996065694,1124.357345352968,-0.0,3.3000000000000114,471.4134070218612
4176000.0,600,modelica,native,True,20.0010229944902,810.636779659854,-0.0,8.300000000000011,2798.679266334642
4179600.0,600,modelica,native,True,23.757051007044424,34.3783557621638,-0.0,12.800000000000011,5152.254291722881
4183200.0,600,modelica,native,True,27.001198927210908,-5.828009711371528e-08,387.3289495166143,13.900000000000034,5675.021974313037
4186800.0,600,modelica,native,True,27.00111348556345,0.0,1749.755666179922,13.900000000000034,6863.591643412155
4190400.0,600,modelica,native,True,27.000521076028804,0.0,3015.688827628559,14.400000000000034,6978.229361706599
4194000.0,600,modelica,native,True,26.999546860573048,0.0,3496.174191625781,13.900000000000034,4664.788998768426
4197600.0,600,modelica,native,True,27.000154924545598,0.0,3100.419248794979,14.400000000000034,5619.450597411405
4201200.0,600,modelica,native,True,26.999833900122837,0.0,3171.6641651037,14.400000000000034,5140.507815489218
4204800.0,600,modelica,native,True,26.998939593509135,0.0,2866.004362823698,11.700000000000045,2400.757189947321
4208400.0,600,modelica,native,True,26.9988251675569,0.0,1631.868806238174,8.900000000000034,629.8389869339916
4212000.0,600,modelica,native,True,26.636413192711814,0.0,326.0326914036274,8.900000000000034,-37.17614337780277
4215600.0,600,modelica,native,True,23.634635410232704,0.0,-1.084817780388726e-05,7.2000000000000455,-101.56212
4219200.0,600,modelica,native,True,20.570402407763197,0.0,-1.234478420681424e-07,4.400000000000034,-101.56212
4222800.0,600,modelica,native,True,19.999568368056316,323.9494771909714,-0.0,3.900000000000034,-101.56212
4226400.0,600,modelica,native,True,19.99976079015363,843.7822841183345,-0.0,3.3000000000000114,-101.56212
4230000.0,600,modelica,native,True,19.99988381472741,1118.053772914939,-0.0,3.3000000000000114,-101.56212
4233600.0,600,modelica,native,True,19.99992266055432,1262.129668707583,-0.0,2.8000000000000114,-101.56212
4237200.0,600,modelica,native,True,19.99998136082371,1339.615787582397,-0.0,3.3000000000000114,-101.56212
4240800.0,600,modelica,native,True,19.999968653125507,1371.597421522935,-0.0,2.8000000000000114,-101.56212
4244400.0,600,modelica,native,True,19.999981075743108,1402.489235986869,-0.0,2.8000000000000114,-101.56212
4248000.0,600,modelica,native,True,19.999944063814212,1437.741647859679,-0.0,1.7000000000000455,-101.56212
4251600.0,600,modelica,native,True,19.999941377482912,1496.142687778473,-0.0,1.1000000000000227,-101.56212
4255200.0,600,modelica,native,True,19.999902354575795,1573.208772674931,-0.0,-0.5999999999999659,-101.56212
4258800.0,600,modelica,native,True,19.99996563245071,1686.196778046025,-0.0,-2.1999999999999886,84.25297187411331
4262400.0,600,modelica,native,True,20.000482340297197,1607.759990531074,-0.0,0.6000000000000227,1199.843441282341
4266000.0,600,modelica,native,True,20.0008230511595,1015.811370665497,-0.0,2.2000000000000455,2839.124207991686
4269600.0,600,modelica,native,True,21.639998266204714,154.2419680454996,-0.0,4.400000000000034,5085.376392063648
4273200.0,600,modelica,native,True,26.994064619263725,1.772244771321614e-07,84.67382950345676,6.7000000000000455,7167.988708007624
4276800.0,600,modelica,native,True,27.000213706294744,0.0,1563.237208988534,7.2000000000000455,5156.774857646881
4280400.0,600,modelica,native,True,26.9990085572706,0.0,1609.463833508359,6.7000000000000455,1372.080034561993
4284000.0,600,modelica,native,True,26.967294983656643,0.0,463.5829491315948,4.400000000000034,777.9683315910902
4287600.0,600,modelica,native,True,25.05228947408375,0.0,-0.0,4.400000000000034,2424.620182496846
4291200.0,600,modelica,native,True,26.56514423359721,0.0,-0.0,5.600000000000023,2790.100783162252
4294800.0,600,modelica,native,True,26.024672665384003,0.0,-0.0,4.400000000000034,844.3511700762759
4298400.0,600,modelica,native,True,22.670568777794244,0.0,-0.0,2.2000000000000455,-83.97268717237034
4302000.0,600,modelica,native,True,20.000310331950004,75.53255590306388,-0.0,0.6000000000000227,-101.56212
4305600.0,600,modelica,native,True,19.99959637643883,756.9689489515622,-0.0,0.0,-101.56212
4309200.0,600,modelica,native,True,19.99975918212624,1240.84334372441,-0.0,-1.099999999999966,-101.56212
4312800.0,600,modelica,native,True,19.9998844843725,1513.75168454912,-0.0,-1.099999999999966,-101.56212
4316400.0,600,modelica,native,True,19.999922291654798,1658.608929611842,-0.0,-1.6999999999999886,-101.56212
4320000.0,600,modelica,native,True,19.99998748312555,1737.373711569044,-0.0,-1.099999999999966,-101.56212
4323600.0,600,modelica,native,True,19.999986139865996,1755.894866309166,-0.0,-1.099999999999966,-101.56212
4327200.0,600,modelica,native,True,19.99997172623233,1779.497880197896,-0.0,-1.6999999999999886,-101.56212
4330800.0,600,modelica,native,True,20.000004257034448,1796.241787701448,-0.0,-1.099999999999966,-101.56212
4334400.0,600,modelica,native,True,19.999975159246446,1798.023262449106,-0.0,-1.6999999999999886,-101.56212
4338000.0,600,modelica,native,True,19.999968580110703,1826.838182900747,-0.0,-2.1999999999999886,-101.56212
4341600.0,600,modelica,native,True,19.999931735716302,1887.477869031694,-0.0,-3.8999999999999773,-96.21122469468688
4345200.0,600,modelica,native,True,20.00024829308603,1935.479952834977,-0.0,-3.2999999999999545,584.9866019667281
4348800.0,600,modelica,native,True,20.000866356758138,1518.170972666211,-0.0,-2.1999999999999886,2851.219622813737
4352400.0,600,modelica,native,True,20.419931689646717,453.3653335279889,-0.0,0.0,5239.187753132453
4356000.0,600,modelica,native,True,26.695939350043147,0.0,-0.0,3.3000000000000114,7212.295405314191
4359600.0,600,modelica,native,True,27.001406005179547,0.0,1274.439973586268,4.400000000000034,8371.566726028046
4363200.0,600,modelica,native,True,27.000852903094938,0.0,2924.504633617931,5.600000000000023,8748.513145539911
4366800.0,600,modelica,native,True,27.00026236687154,0.0,3881.962422917419,6.100000000000023,8199.702524655475
4370400.0,600,modelica,native,True,26.999842318526248,0.0,4177.261234866778,6.7000000000000455,7238.654079590609
4374000.0,600,modelica,native,True,26.99900245452403,0.0,3928.019341616763,6.7000000000000455,4564.485317472423
4377600.0,600,modelica,native,True,26.998719140863614,0.0,2701.867268435293,6.100000000000023,1937.374017852863
4381200.0,600,modelica,native,True,26.998939315658106,0.0,1198.632491052416,5.600000000000023,705.996492037963
4384800.0,600,modelica,native,True,25.220190377462245,0.0,117.6159249191814,3.3000000000000114,-73.14057491166187
4388400.0,600,modelica,native,True,21.562331263188696,0.0,-7.947285970052083e-10,2.8000000000000114,-101.56212
4392000.0,600,modelica,native,True,19.999462509091302,185.0387123611238,-0.0,2.2000000000000455,-101.56212
4395600.0,600,modelica,native,True,19.99968964613072,817.8328089809418,-0.0,1.7000000000000455,-101.56212
4399200.0,600,modelica,native,True,19.999822608196723,1185.714197017617,-0.0,1.1000000000000227,-101.56212
4402800.0,600,modelica,native,True,19.999911264047,1386.246787750456,-0.0,1.1000000000000227,-101.56212
4406400.0,600,modelica,native,True,19.999934213901895,1493.936586473518,-0.0,0.6000000000000227,-101.56212
4410000.0,600,modelica,native,True,19.999942084972304,1573.340638252364,-0.0,0.0,-101.56212
4413600.0,600,modelica,native,True,19.99992809776643,1649.467301696936,-0.0,-1.099999999999966,-101.56212
4417200.0,600,modelica,native,True,19.999942741101336,1728.894307390849,-0.0,-1.6999999999999886,-101.56212
4420800.0,600,modelica,native,True,19.99992340564563,1802.253440683153,-0.0,-2.7999999999999545,-101.56212
4424400.0,600,modelica,native,True,19.999902182268897,1899.803654563957,-0.0,-4.399999999999977,-101.56212
4428000.0,600,modelica,native,True,19.99994858072,2005.76552125348,-0.0,-5.0,-95.4044270614577
4431600.0,600,modelica,native,True,20.00021419381801,2043.174669015408,-0.0,-4.399999999999977,478.7356618361586
4435200.0,600,modelica,native,True,20.00033158245202,1704.39071277327,-0.0,-2.1999999999999886,1130.60106932208
4438800.0,600,modelica,native,True,19.999928645255295,1464.786341810491,-0.0,-3.2999999999999545,330.9699256477457
4442400.0,600,modelica,native,True,20.00010007952892,1521.989760686292,-0.0,-2.1999999999999886,600.3346432495881
4446000.0,600,modelica,native,True,20.00019209821005,1397.087736461692,-0.0,-1.099999999999966,922.1905290977144
4449600.0,600,modelica,native,True,20.000204446589407,1165.246126003265,-0.0,0.0,1151.7398802066
4453200.0,600,modelica,native,True,20.000092320519116,943.66760871066,-0.0,0.6000000000000227,1081.077312000598
4456800.0,600,modelica,native,True,19.999992091669128,843.8696879217359,-0.0,0.6000000000000227,941.4534259688062
4460400.0,600,modelica,native,True,19.999895770427713,864.7694736822447,-0.0,0.0,695.3496875665805
4464000.0,600,modelica,native,True,19.999848117775628,988.4180790914428,-0.0,0.0,374.8723444496275
4467600.0,600,modelica,native,True,19.9997871343586,1178.059423841635,-0.0,-0.5999999999999659,47.0381378221814
4471200.0,600,modelica,native,True,19.99979559427453,1438.655724963612,-0.0,-2.1999999999999886,-101.56212
4474800.0,600,modelica,native,True,19.99988041946,1671.633020185365,-0.0,-2.7999999999999545,-101.56212
4478400.0,600,modelica,native,True,19.999924677845,1812.664316434066,-0.0,-3.2999999999999545,-101.56212
4482000.0,600,modelica,native,True,19.99999070967084,1872.993305311998,-0.0,-2.1999999999999886,-101.56212
4485600.0,600,modelica,native,True,19.99994635517021,1893.48403870715,-0.0,-3.2999999999999545,-101.56212
4489200.0,600,modelica,native,True,19.9999389690351,1960.091595770253,-0.0,-4.399999999999977,-101.56212
4492800.0,600,modelica,native,True,19.999948969719412,2030.63491081953,-0.0,-5.0,-101.56212
4496400.0,600,modelica,native,True,19.99995204294663,2091.949555936655,-0.0,-5.599999999999966,-101.56212
4500000.0,600,modelica,native,True,19.99991165984943,2182.728577879535,-0.0,-7.7999999999999545,-101.56212
4503600.0,600,modelica,native,True,19.999988679954527,2274.290531644556,-0.0,-7.199999999999989,-101.56212
4507200.0,600,modelica,native,True,20.000010911433606,2288.01973366287,-0.0,-6.699999999999989,-101.56212
4510800.0,600,modelica,native,True,19.99999671502104,2280.382566680643,-0.0,-6.699999999999989,-101.56212
4514400.0,600,modelica,native,True,19.99998312104111,2289.69968878693,-0.0,-7.199999999999989,-101.56212
4518000.0,600,modelica,native,True,20.000027672501233,2298.741937359704,-0.0,-6.699999999999989,-64.31597525893815
4521600.0,600,modelica,native,True,20.000093276709322,2260.791066914929,-0.0,-6.699999999999989,179.6293906430146
4525200.0,600,modelica,native,True,20.000151732103404,2144.102154024707,-0.0,-6.099999999999966,412.2339780491181
4528800.0,600,modelica,native,True,20.00017939877955,1960.008041432434,-0.0,-5.0,603.8661069366552
4532400.0,600,modelica,native,True,20.000165342918137,1742.033929898209,-0.0,-3.8999999999999773,768.9132287886072
4536000.0,600,modelica,native,True,20.00013757250531,1550.085719623036,-0.0,-3.8999999999999773,942.9430786988586
4539600.0,600,modelica,native,True,20.000092341112634,1388.591914041837,-0.0,-3.8999999999999773,1034.651409782748
4543200.0,600,modelica,native,True,20.0000187300692,1281.305489096642,-0.0,-3.2999999999999545,865.6560000941444
4546800.0,600,modelica,native,True,19.999919035060998,1272.002236464553,-0.0,-3.2999999999999545,610.8020079026924
4550400.0,600,modelica,native,True,19.999837946377397,1380.433937903775,-0.0,-3.8999999999999773,299.7220183651413
4554000.0,600,modelica,native,True,19.999856083148245,1554.381830457581,-0.0,-3.2999999999999545,26.57578691383141
4557600.0,600,modelica,native,True,19.99985009128801,1738.197541171445,-0.0,-4.399999999999977,-89.49256252522969
4561200.0,600,modelica,native,True,19.9999199466086,1902.157166644202,-0.0,-4.399999999999977,-101.56212
4564800.0,600,modelica,native,True,19.999935653125647,1998.961809929212,-0.0,-5.0,-101.56212
4568400.0,600,modelica,native,True,19.999949434382245,2076.976003843943,-0.0,-5.599999999999966,-101.56212
4572000.0,600,modelica,native,True,19.999979896599996,2131.09421432919,-0.0,-5.599999999999966,-101.56212
4575600.0,600,modelica,native,True,19.999989912439617,2156.395525945293,-0.0,-5.599999999999966,-101.56212
4579200.0,600,modelica,native,True,19.99993929561134,2186.115541838805,-0.0,-6.699999999999989,-101.56212
4582800.0,600,modelica,native,True,19.999930430672748,2256.010211407343,-0.0,-7.7999999999999545,-101.56212
4586400.0,600,modelica,native,True,19.999924841001018,2339.75695846902,-0.0,-8.899999999999977,-101.56212
4590000.0,600,modelica,native,True,19.99996073390753,2409.886022788683,-0.0,-8.899999999999977,-101.56212
4593600.0,600,modelica,native,True,19.99993507220512,2463.161829353174,-0.0,-10.0,-101.56212
4597200.0,600,modelica,native,True,19.999926735655038,2541.264293161498,-0.0,-11.099999999999966,-101.56212
4600800.0,600,modelica,native,True,19.999923677354843,2629.331042567094,-0.0,-12.199999999999989,-101.2999144362245
4604400.0,600,modelica,native,True,20.000206245582717,2691.003321857452,-0.0,-11.699999999999989,408.7407001344019
4608000.0,600,modelica,native,True,20.00101434802332,2251.0737343057,-0.0,-4.399999999999977,2456.05136234719
4611600.0,600,modelica,native,True,20.00132706130904,1004.855560086038,-0.0,-2.1999999999999886,4926.799265934296
4615200.0,600,modelica,native,True,24.089212513476696,18.19705032401615,-0.0,-1.099999999999966,6783.022817841828
4618800.0,600,modelica,native,True,27.001475970804734,8.477105034722222e-09,518.1075786717732,1.1000000000000227,8010.501073653619
4622400.0,600,modelica,native,True,27.000924607379318,0.0,2209.654865990082,1.7000000000000455,8475.844886334111
4626000.0,600,modelica,native,True,27.000441079859,0.0,3279.221180433432,2.8000000000000114,8291.350798909056
4629600.0,600,modelica,native,True,26.999942693250944,0.0,3759.750366566711,3.900000000000034,7310.117758090772
4633200.0,600,modelica,native,True,26.999369272101433,0.0,3636.607253239287,5.600000000000023,5223.657603769383
4636800.0,600,modelica,native,True,26.998729588845606,0.0,2812.698944376177,6.100000000000023,2253.70815335474
4640400.0,600,modelica,native,True,26.99872797632372,0.0,1323.437269598908,3.3000000000000114,528.3369382018155
4644000.0,600,modelica,native,True,25.122916422789046,0.0,94.13245590673552,3.3000000000000114,-47.91865887285711
4647600.0,600,modelica,native,True,21.267393738672013,0.0,9.555286831325956e-07,1.1000000000000227,-101.56212
4651200.0,600,modelica,native,True,19.999410154644295,296.9786857419544,1.854366726345486e-09,0.0,-101.56212
4654800.0,600,modelica,native,True,19.999741814369713,962.4824577842818,-0.0,1.1000000000000227,-101.56212
4658400.0,600,modelica,native,True,19.999823138849024,1288.855925700135,-0.0,0.0,-101.56212
4662000.0,600,modelica,native,True,19.999958831452716,1482.067908027437,-0.0,0.6000000000000227,-101.56212
4665600.0,600,modelica,native,True,20.00007824838883,1487.530068628523,-0.0,3.900000000000034,-101.56212
4669200.0,600,modelica,native,True,19.999933478774324,1440.303193126255,-0.0,1.7000000000000455,-101.56212
4672800.0,600,modelica,native,True,19.999971147546148,1507.584148014122,-0.0,1.1000000000000227,-101.56212
4676400.0,600,modelica,native,True,20.000092365095213,1496.088375158045,-0.0,3.900000000000034,-101.56212
4680000.0,600,modelica,native,True,19.999972504856544,1438.714798139201,-0.0,2.2000000000000455,-101.56212
4683600.0,600,modelica,native,True,20.00006848905383,1425.658023673164,-0.0,4.400000000000034,-101.56212
4687200.0,600,modelica,native,True,19.99995861631504,1395.440071049531,-0.0,2.2000000000000455,-98.59202048085092
4690800.0,600,modelica,native,True,20.00029557207614,1400.232143185139,-0.0,3.900000000000034,581.0399874259411
4694400.0,600,modelica,native,True,20.0008352275741,958.309556760788,-0.0,3.900000000000034,2755.341877680857
4698000.0,600,modelica,native,True,21.67289373260553,122.828133761353,-0.0,7.2000000000000455,4208.46712417364
4701600.0,600,modelica,native,True,26.587031710043618,-0.0001249011357625,-0.0,10.0,4986.478097670588
4705200.0,600,modelica,native,True,27.00130985428831,0.0,824.6490001412233,10.600000000000023,6650.410355020746
4708800.0,600,modelica,native,True,27.00112891528505,0.0,2398.946242435376,11.700000000000045,8161.606160663403
4712400.0,600,modelica,native,True,27.00040994359324,0.0,3663.591261040237,11.700000000000045,7736.498147660785
4716000.0,600,modelica,native,True,26.999647174111146,0.0,4084.441159364515,12.200000000000045,5956.095006740703
4719600.0,600,modelica,native,True,26.999448870820004,0.0,3595.120747920805,11.700000000000045,4613.518161162887
4723200.0,600,modelica,native,True,26.99910903499051,0.0,2921.874166172478,12.200000000000045,2806.094794507853
4726800.0,600,modelica,native,True,26.99898935608553,0.0,1889.183225509326,12.200000000000045,973.7770516544954
4730400.0,600,modelica,native,True,26.999158871202496,0.0,664.0538423758082,11.100000000000023,1.856602449996288
4734000.0,600,modelica,native,True,25.00837373276221,0.0,6.991014510393143,10.600000000000023,-101.56212
4737600.0,600,modelica,native,True,20.80836574383403,0.0,4.344516330295139e-08,-3.8999999999999773,-101.56212
4741200.0,600,modelica,native,True,19.999227599017047,614.4625730954276,-0.0,-7.7999999999999545,-101.56212
4744800.0,600,modelica,native,True,19.999568427773738,1541.905749331845,-0.0,-9.399999999999977,-101.56212
4748400.0,600,modelica,native,True,19.99977541772745,2047.275030050278,-0.0,-10.0,-101.56212
4752000.0,600,modelica,native,True,19.9999076199166,2299.063537367185,-0.0,-9.399999999999977,-101.56212
4755600.0,600,modelica,native,True,19.999931292655617,2419.040454777082,-0.0,-10.0,-101.56212
4759200.0,600,modelica,native,True,19.99996799902641,2497.558845828109,-0.0,-10.0,-101.56212
4762800.0,600,modelica,native,True,19.999982941554947,2535.490604351097,-0.0,-10.0,-101.56212
4766400.0,600,modelica,native,True,19.999964102516913,2563.541051755746,-0.0,-10.599999999999966,-101.56212
4770000.0,600,modelica,native,True,19.9999656747068,2606.244685078197,-0.0,-11.099999999999966,-101.56212
4773600.0,600,modelica,native,True,20.000000701282033,2641.823453447024,-0.0,-11.099999999999966,-82.85859763701171
4777200.0,600,modelica,native,True,20.000164774497648,2624.321028611395,-0.0,-10.599999999999966,340.3502437380211
4780800.0,600,modelica,native,True,20.00062258266331,2354.654666364458,-0.0,-10.0,1954.527193886084
4784400.0,600,modelica,native,True,20.000951216497697,1564.255528906451,-0.0,-8.899999999999977,3815.944095015746
4788000.0,600,modelica,native,True,20.00057438434044,511.9752422067854,-0.0,-7.199999999999989,4018.220020345022
4791600.0,600,modelica,native,True,21.236206848099812,7.082150647375319,-0.0,-5.599999999999966,4167.491622388562
4795200.0,600,modelica,native,True,24.507745398730947,-2.604060702853733e-07,-0.0,-4.399999999999977,6874.667856480643
4798800.0,600,modelica,native,True,27.001492564118223,0.0,660.2412135485808,-2.1999999999999886,8632.093054628793
4802400.0,600,modelica,native,True,27.000017086114497,0.0,2241.500898097621,-1.099999999999966,6272.513909111595
4806000.0,600,modelica,native,True,26.999672440288748,0.0,2299.216010328399,0.6000000000000227,4837.546654796719
4809600.0,600,modelica,native,True,26.999466265155206,0.0,1881.564145054685,1.7000000000000455,3669.010542986609
4813200.0,600,modelica,native,True,26.99886786581891,0.0,1156.689442722532,0.6000000000000227,1175.364797005363
4816800.0,600,modelica,native,True,24.721930866134244,0.0,111.1123228805595,-2.1999999999999886,-31.88115591422365
4820400.0,600,modelica,native,True,20.0339427166586,0.5074216066466437,-0.0,-3.8999999999999773,-101.56212
4824000.0,600,modelica,native,True,19.9994122632296,705.8012269624074,-0.0,-4.399999999999977,-101.56212
4827600.0,600,modelica,native,True,19.999680350511596,1400.081486998399,-0.0,-5.0,-101.56212
4831200.0,600,modelica,native,True,19.99979561357361,1783.773126592106,-0.0,-6.099999999999966,-101.56212
4834800.0,600,modelica,native,True,19.999889148142245,2021.195703788334,-0.0,-6.699999999999989,-101.56212
4838400.0,600,modelica,native,True,19.999945763026403,2151.308435177538,-0.0,-6.699999999999989,-101.56212
4842000.0,600,modelica,native,True,19.999972912905832,2215.183609714773,-0.0,-6.699999999999989,-101.56212
4845600.0,600,modelica,native,True,20.00000756088832,2235.951623868412,-0.0,-6.099999999999966,-101.56212
4849200.0,600,modelica,native,True,19.99997667430233,2240.034824475447,-0.0,-6.699999999999989,-101.56212
4852800.0,600,modelica,native,True,19.99998873384061,2260.692067392137,-0.0,-6.699999999999989,-101.56212
4856400.0,600,modelica,native,True,19.999975578662713,2279.281724011104,-0.0,-7.199999999999989,-101.56212
4860000.0,600,modelica,native,True,19.999999969921134,2303.627580410639,-0.0,-7.199999999999989,-82.0212813518194
4863600.0,600,modelica,native,True,20.00021870575972,2285.874725195567,-0.0,-6.699999999999989,415.6097788673638
4867200.0,600,modelica,native,True,20.000766495010737,1953.320033422576,-0.0,-3.2999999999999545,1965.934704166665
4870800.0,600,modelica,native,True,20.001343311477797,965.5920177451768,-0.0,0.6000000000000227,4547.526544194588
4874400.0,600,modelica,native,True,24.67385040011783,15.53152553664313,-0.0,6.100000000000023,6070.434687548151
4878000.0,600,modelica,native,True,27.001536076235197,1.152356465657552e-07,578.8637323190106,9.400000000000034,7081.313469904753
4881600.0,600,modelica,native,True,27.001248927886024,0.0,2392.817718190749,13.900000000000034,8127.786607268666
4885200.0,600,modelica,native,True,27.000241740001798,0.0,3751.984145244493,15.600000000000023,6935.09451229273
4888800.0,600,modelica,native,True,26.999453569287937,0.0,3986.645397542848,15.600000000000023,4859.159107920465
4892400.0,600,modelica,native,True,26.999385013678136,0.0,3325.665359826088,14.400000000000034,3784.510664034515
4896000.0,600,modelica,native,True,26.999327767496197,0.0,2613.956801521513,15.600000000000023,2582.979273614866
4899600.0,600,modelica,native,True,26.999009428488648,0.0,1799.664862340291,14.400000000000034,866.7721126353892
4903200.0,600,modelica,native,True,26.968103479607635,0.0,596.9471482519309,7.800000000000011,-48.83072615676872
4906800.0,600,modelica,native,True,23.44191222254301,0.0,-7.284747229682075e-06,3.3000000000000114,-101.56212
4910400.0,600,modelica,native,True,20.0223215260433,1.548519725534651,-0.0,2.2000000000000455,-101.56212
4914000.0,600,modelica,native,True,19.99955489281234,541.094634001255,-0.0,1.1000000000000227,-101.56212
4917600.0,600,modelica,native,True,19.999779190475408,1063.819931161139,-0.0,1.1000000000000227,-101.56212
4921200.0,600,modelica,native,True,19.999888955971926,1323.308073560927,-0.0,1.1000000000000227,-101.56212
4924800.0,600,modelica,native,True,19.999900553168516,1474.275700164636,-0.0,0.0,-101.56212
4928400.0,600,modelica,native,True,19.999990341377895,1559.01012949917,-0.0,1.1000000000000227,-101.56212
4932000.0,600,modelica,native,True,19.999968505124798,1577.652590905295,-0.0,0.6000000000000227,-101.56212
4935600.0,600,modelica,native,True,19.99996925225122,1618.338739068773,-0.0,0.0,-101.56212
4939200.0,600,modelica,native,True,19.999986753535836,1651.41681498501,-0.0,0.0,-101.56212
4942800.0,600,modelica,native,True,19.99999362537943,1666.893016379674,-0.0,0.0,-101.56212
4946400.0,600,modelica,native,True,20.0000319586037,1665.896868636343,-0.0,0.6000000000000227,-99.02921913112236
4950000.0,600,modelica,native,True,20.000176537677305,1620.048122660584,-0.0,1.7000000000000455,212.4298317617477
4953600.0,600,modelica,native,True,20.000313924061004,1395.491515562269,-0.0,3.3000000000000114,747.7757395856369
4957200.0,600,modelica,native,True,20.00039189700044,988.5283487502734,-0.0,5.0,1325.701436060482
4960800.0,600,modelica,native,True,20.000606275313544,495.8284723909696,-0.0,7.800000000000011,2173.777275861534
4964400.0,600,modelica,native,True,22.81021618780295,19.96843128707674,-0.0,11.100000000000023,5013.639416044737
4968000.0,600,modelica,native,True,27.001339939570926,0.0,391.5512764684359,13.300000000000011,6627.730859729144
4971600.0,600,modelica,native,True,27.000912162503937,0.0,2059.603277094099,15.0,6626.179036907987
4975200.0,600,modelica,native,True,26.999894419112707,0.0,3070.433981747362,15.600000000000023,5047.406701520104
4978800.0,600,modelica,native,True,26.999128612367315,0.0,2892.283107335832,15.0,2495.885697767943
4982400.0,600,modelica,native,True,26.99922879845394,0.0,1871.879738046063,13.300000000000011,1557.356867704203
4986000.0,600,modelica,native,True,26.999250113808102,0.0,918.1080403872332,12.200000000000045,532.4075467145698
4989600.0,600,modelica,native,True,26.133652638434228,0.0,125.1965088962184,11.100000000000023,-59.68497476952292
4993200.0,600,modelica,native,True,23.517140449276837,0.0,4.5034620496961814e-09,9.400000000000034,-101.56212
4996800.0,600,modelica,native,True,21.111852612775408,0.0,-0.0,8.300000000000011,-101.56212
5000400.0,600,modelica,native,True,19.999613033353796,121.9437784875764,-0.0,7.2000000000000455,-101.56212
5004000.0,600,modelica,native,True,19.999769077630333,571.1288714933395,-0.0,6.7000000000000455,-101.56212
5007600.0,600,modelica,native,True,19.9998377912612,848.8414584207535,-0.0,5.600000000000023,-101.56212
5011200.0,600,modelica,native,True,19.99987431334415,1041.008367060291,-0.0,4.400000000000034,-101.56212
5014800.0,600,modelica,native,True,19.999901652320602,1189.967400035593,-0.0,3.3000000000000114,-101.56212
5018400.0,600,modelica,native,True,19.99998778051065,1284.578385898272,-0.0,3.900000000000034,-101.56212
5022000.0,600,modelica,native,True,19.999975031150996,1304.266692004469,-0.0,3.900000000000034,-101.56212
5025600.0,600,modelica,native,True,19.999916767607147,1349.796825777955,-0.0,2.2000000000000455,-101.56212
5029200.0,600,modelica,native,True,19.999930300931737,1445.488887837463,-0.0,1.1000000000000227,-101.56212
5032800.0,600,modelica,native,True,19.999979980401235,1520.219134709305,-0.0,1.1000000000000227,-96.57703199551035
5036400.0,600,modelica,native,True,20.000044599750424,1539.257938040362,-0.0,1.7000000000000455,-32.78507619048705
5040000.0,600,modelica,native,True,20.00036436838883,1453.888106125726,-0.0,3.3000000000000114,749.310863417503
5043600.0,600,modelica,native,True,20.000765125045007,946.1000018395318,-0.0,5.600000000000023,2364.555847206374
5047200.0,600,modelica,native,True,20.783373296582113,140.7507865381241,-0.0,8.900000000000034,2229.435337106716
5050800.0,600,modelica,native,True,22.4247416050502,1.854366726345486e-09,-0.0,10.0,2954.871145534655
5054400.0,600,modelica,native,True,26.059969169617204,0.0,-0.0,8.300000000000011,4247.497057105072
5058000.0,600,modelica,native,True,27.000922448478036,0.0,362.586765811046,8.300000000000011,5161.573524589588
5061600.0,600,modelica,native,True,26.99975486055024,0.0,1430.675830873913,8.300000000000011,3473.97279197814
5065200.0,600,modelica,native,True,26.998889050796947,0.0,1051.843217551178,5.0,562.525335832586
5068800.0,600,modelica,native,True,24.626443969106106,0.0,47.99673560380936,0.6000000000000227,226.0130212964654
5072400.0,600,modelica,native,True,20.997978745787634,0.0,-1.192092895507813e-09,0.6000000000000227,22.07859278689585
5076000.0,600,modelica,native,True,19.99944956698414,317.3298745240106,-0.0,0.6000000000000227,-93.9159999319767
5079600.0,600,modelica,native,True,19.999718769345407,964.4743456244468,-0.0,0.6000000000000227,-101.56212
5083200.0,600,modelica,native,True,19.999859765942233,1295.612561930286,-0.0,0.6000000000000227,-101.56212
5086800.0,600,modelica,native,True,19.99993775936821,1461.789983343548,-0.0,0.6000000000000227,-101.56212
5090400.0,600,modelica,native,True,20.00002074050525,1528.405840553443,-0.0,1.7000000000000455,-101.56212
5094000.0,600,modelica,native,True,20.0000492841786,1506.270682191849,-0.0,2.8000000000000114,-101.56212
5097600.0,600,modelica,native,True,20.00006533399494,1446.535262642172,-0.0,3.900000000000034,-101.56212
5101200.0,600,modelica,native,True,20.000073465223295,1367.6718098606,-0.0,5.0,-101.56212
5104800.0,600,modelica,native,True,20.000077487259716,1279.478030755785,-0.0,6.100000000000023,-101.56212
5108400.0,600,modelica,native,True,20.000079491984934,1186.29863086674,-0.0,7.2000000000000455,-101.56212
5112000.0,600,modelica,native,True,20.000080011225236,1090.615242700577,-0.0,8.300000000000011,-101.56212
5115600.0,600,modelica,native,True,19.999906754486233,1055.502740084595,-0.0,5.600000000000023,-101.56212
5119200.0,600,modelica,native,True,19.99993296275335,1154.162993325127,-0.0,4.400000000000034,-92.2631582145243
5122800.0,600,modelica,native,True,20.00004976657891,1220.253117246363,-0.0,4.400000000000034,74.72273234121737
5126400.0,600,modelica,native,True,20.00036779110951,1123.366201852428,-0.0,6.100000000000023,893.5722049276746
5130000.0,600,modelica,native,True,20.000915608058108,631.1075748244922,-0.0,7.2000000000000455,3015.217620510689
5133600.0,600,modelica,native,True,24.266410431146312,11.92040244234933,-0.0,11.100000000000023,4941.583688687572
5137200.0,600,modelica,native,True,27.00157964055785,0.0,360.2557554460897,12.800000000000011,6607.103512296591
5140800.0,600,modelica,native,True,27.00115336834324,0.0,2184.992390047709,15.0,7623.426864265904
5144400.0,600,modelica,native,True,27.000012436793497,0.0,3417.538506120708,14.400000000000034,5951.213677233354
5148000.0,600,modelica,native,True,26.99901704905284,0.0,3413.840314837164,14.400000000000034,3026.850690466908
5151600.0,600,modelica,native,True,26.9989362155643,0.0,2317.09927388125,14.400000000000034,1078.588798671446
5155200.0,600,modelica,native,True,26.999239267786834,0.0,1075.273031469054,13.300000000000011,533.9546039576647
5158800.0,600,modelica,native,True,26.637071310312706,0.0,202.1487012184991,12.200000000000045,76.59891461596993
5162400.0,600,modelica,native,True,24.426285952949,0.0,2.568297915988498e-07,11.700000000000045,-84.36156655105137
5166000.0,600,modelica,native,True,21.270088216791123,0.0,-0.0,2.8000000000000114,-101.56212
5169600.0,600,modelica,native,True,19.99937381282865,306.1061781438192,-0.0,-0.5999999999999659,-101.56212
5173200.0,600,modelica,native,True,19.999645313268047,1038.972283172078,-0.0,-1.6999999999999886,-101.56212
5176800.0,600,modelica,native,True,19.999781399666915,1458.32405149089,-0.0,-2.7999999999999545,-101.56212
5180400.0,600,modelica,native,True,19.999850468087516,1717.76532147593,-0.0,-3.8999999999999773,-101.56212
5184000.0,600,modelica,native,True,19.999932417540606,1878.432607371807,-0.0,-3.8999999999999773,-101.56212
5187600.0,600,modelica,native,True,19.99994350388704,1962.67802978807,-0.0,-4.399999999999977,-101.56212
5191200.0,600,modelica,native,True,19.999956048235106,2034.685623531607,-0.0,-5.0,-101.56212
5194800.0,600,modelica,native,True,19.999980326048444,2081.561294573413,-0.0,-5.0,-101.56212
5198400.0,600,modelica,native,True,19.999990186971047,2104.447038871447,-0.0,-5.0,-101.56212
5202000.0,600,modelica,native,True,19.99999506592502,2116.353272543483,-0.0,-5.0,-101.56212
5205600.0,600,modelica,native,True,19.9999984238234,2121.890133563148,-0.0,-5.0,-98.90943367481024
5209200.0,600,modelica,native,True,20.000148291147525,2116.23932940642,-0.0,-5.0,316.138336797834
5212800.0,600,modelica,native,True,20.000110225508024,1952.590799097485,-0.0,-5.599999999999966,531.7379402690898
5216400.0,600,modelica,native,True,20.000237655496335,1791.684778455628,-0.0,-3.8999999999999773,793.3192927447511
5220000.0,600,modelica,native,True,20.00062998007445,1449.335021050771,-0.0,-1.6999999999999886,2133.085173584768
5223600.0,600,modelica,native,True,20.001108285334794,672.8277231740951,-0.0,1.1000000000000227,4207.39672808921
5227200.0,600,modelica,native,True,24.018388018890903,4.466627500587039,-0.0,1.7000000000000455,5585.763057370228
5230800.0,600,modelica,native,True,27.000747328308705,0.0,227.6756895644135,5.0,5382.528787104374
5234400.0,600,modelica,native,True,27.000258549464206,0.0,1190.177796290451,6.7000000000000455,4602.854033314326
5238000.0,600,modelica,native,True,26.999464588512637,0.0,1386.47626342747,6.7000000000000455,2526.935041816918
5241600.0,600,modelica,native,True,26.999285491530316,0.0,777.4129777697722,6.100000000000023,1149.72090566092
5245200.0,600,modelica,native,True,25.737790445204325,0.0,71.66409539845255,5.0,509.3853793063244
5248800.0,600,modelica,native,True,22.65672948330331,0.0,-1.324547661675347e-10,2.8000000000000114,14.40425252473138
5252400.0,600,modelica,native,True,20.000692473061804,63.45848248667187,-0.0,1.1000000000000227,-101.56212
5256000.0,600,modelica,native,True,19.999628227772405,710.4913780829642,-0.0,1.1000000000000227,-101.56212
5259600.0,600,modelica,native,True,19.999800843638297,1156.709445588324,-0.0,0.6000000000000227,-101.56212
5263200.0,600,modelica,native,True,19.999947575100634,1374.706839632193,-0.0,1.7000000000000455,-101.56212
5266800.0,600,modelica,native,True,19.999989760848905,1440.095554360549,-0.0,2.2000000000000455,-101.56212
5270400.0,600,modelica,native,True,20.000046144075327,1443.435917682913,-0.0,3.3000000000000114,-101.56212
5274000.0,600,modelica,native,True,20.00011908829555,1360.30916829639,-0.0,6.100000000000023,-101.56212
5277600.0,600,modelica,native,True,19.999837874709044,1340.333197935687,-0.0,0.6000000000000227,-101.56212
5281200.0,600,modelica,native,True,19.999960819184537,1490.768674004608,-0.0,1.1000000000000227,-101.56212
5284800.0,600,modelica,native,True,19.999944858535798,1558.289714372688,-0.0,0.0,-101.56212
5288400.0,600,modelica,native,True,20.000211390686445,1512.562604649597,-0.0,6.100000000000023,-101.56212
5292000.0,600,modelica,native,True,20.000024615959944,1309.566994461483,-0.0,5.600000000000023,-92.9784679557407
5295600.0,600,modelica,native,True,20.000154398119946,1296.577377694713,-0.0,2.2000000000000455,577.5990907834029
5299200.0,600,modelica,native,True,20.0009853439758,915.266718214088,-0.0,8.900000000000034,2574.512005852219
5302800.0,600,modelica,native,True,22.635907206738125,62.23181616491742,-0.0,10.600000000000023,4596.532993651086
5306400.0,600,modelica,native,True,27.00027695810394,-6.186962127685547e-06,183.2353706118796,12.800000000000011,6408.748137582336
5310000.0,600,modelica,native,True,27.001297100856334,0.0,1865.051090640359,13.300000000000011,7760.476977340871
5313600.0,600,modelica,native,True,27.000832346340815,0.0,3373.477594140238,14.400000000000034,8219.769623090917
5317200.0,600,modelica,native,True,26.99993619638491,0.0,4304.707270631525,15.600000000000023,6760.472579545661
5320800.0,600,modelica,native,True,26.999385787257097,0.0,4154.061753810776,16.100000000000023,4674.83931097906
5324400.0,600,modelica,native,True,26.999584873399613,0.0,3432.857604999675,16.700000000000045,4192.669008664907
5328000.0,600,modelica,native,True,26.999105619153113,0.0,2891.573287864526,17.200000000000045,2246.431814961886
5331600.0,600,modelica,native,True,26.998978490924117,0.0,1850.352375360992,16.100000000000023,437.1382655315475
5335200.0,600,modelica,native,True,26.99929617162735,0.0,664.2256022319528,15.0,-45.23319737067909
5338800.0,600,modelica,native,True,25.705787927665313,0.0,25.70197991662555,13.900000000000034,-101.56212
5342400.0,600,modelica,native,True,23.853424433172734,0.0,1.059638129340278e-09,13.900000000000034,-101.56212
5346000.0,600,modelica,native,True,22.033380748960212,0.0,-0.0,11.700000000000045,-101.56212
5349600.0,600,modelica,native,True,20.252423057756346,0.0,-0.0,10.600000000000023,-101.56212
5353200.0,600,modelica,native,True,19.99978980638275,185.6540357793702,-0.0,11.100000000000023,-101.56212
5356800.0,600,modelica,native,True,19.999891899148338,439.853741537465,-0.0,11.100000000000023,-101.56212
5360400.0,600,modelica,native,True,19.999945176362246,566.6160527979004,-0.0,11.100000000000023,-101.56212
5364000.0,600,modelica,native,True,19.999928936112212,649.0642680785392,-0.0,10.0,-101.56212
5367600.0,600,modelica,native,True,19.999995453547626,700.3656004201041,-0.0,11.100000000000023,-101.56212
5371200.0,600,modelica,native,True,19.99994918123565,714.7412965692414,-0.0,10.0,-101.56212
5374800.0,600,modelica,native,True,19.999932997762926,776.5504830177625,-0.0,8.900000000000034,-101.56212
5378400.0,600,modelica,native,True,19.99993328203675,870.5640734095043,-0.0,7.2000000000000455,-67.11353570761268
5382000.0,600,modelica,native,True,20.000378597724534,863.1721069937282,-0.0,10.600000000000023,668.3736628274942
5385600.0,600,modelica,native,True,20.107088190496427,350.4668994985686,-0.0,12.800000000000011,2499.887192889074
5389200.0,600,modelica,native,True,23.637802516212048,9.61621602376302e-08,-0.0,13.900000000000034,4314.86039586848
5392800.0,600,modelica,native,True,27.000783330156196,0.0,342.6029200990995,16.100000000000023,4411.912750394846
5396400.0,600,modelica,native,True,27.000592082616947,0.0,1281.343581801256,16.700000000000045,4310.474852511063
5400000.0,600,modelica,native,True,27.00091832144301,0.0,2055.540609639088,17.80000000000001,6271.08813328228
5403600.0,600,modelica,native,True,27.000138956591798,0.0,3044.720687271224,18.900000000000034,5275.47718177452
5407200.0,600,modelica,native,True,26.999638173761014,0.0,3151.134138628112,19.400000000000034,3742.729760170667
5410800.0,600,modelica,native,True,26.999417758215998,0.0,2684.299354851776,18.30000000000001,2674.408305838461
5414400.0,600,modelica,native,True,26.999419472891702,0.0,2011.652036562628,18.900000000000034,1621.264650019171
5418000.0,600,modelica,native,True,26.999379884727034,0.0,1308.510634094477,18.30000000000001,720.6963131634816
5421600.0,600,modelica,native,True,26.999418458287835,0.0,570.7609168742763,17.200000000000045,-38.98677717859415
5425200.0,600,modelica,native,True,26.107804760153613,0.0,31.32326327257686,16.700000000000045,-101.56212
5428800.0,600,modelica,native,True,24.436646912718004,0.0,-0.0,15.0,-101.56212
5432400.0,600,modelica,native,True,22.990563442380335,0.0,-0.0,15.0,-101.56212
5436000.0,600,modelica,native,True,21.71860882806385,0.0,-0.0,14.400000000000034,-101.56212
5439600.0,600,modelica,native,True,20.572580104921144,0.0,-0.0,13.900000000000034,-101.56212
5443200.0,600,modelica,native,True,19.999849476620795,41.20561968273586,-0.0,13.900000000000034,-101.56212
5446800.0,600,modelica,native,True,19.9998815025956,239.3585117777189,-0.0,13.300000000000011,-101.56212
5450400.0,600,modelica,native,True,19.999921861901896,378.9375379954444,-0.0,12.800000000000011,-101.56212
5454000.0,600,modelica,native,True,19.999938583569303,472.8054250107871,-0.0,12.200000000000045,-101.56212
5457600.0,600,modelica,native,True,19.9999509753992,545.2986753569709,-0.0,11.700000000000045,-101.56212
5461200.0,600,modelica,native,True,19.999959851417827,606.7852153200573,-0.0,11.100000000000023,-101.56212
5464800.0,600,modelica,native,True,20.00001315056511,641.3559341817432,-0.0,11.700000000000045,-100.5439861752807
5468400.0,600,modelica,native,True,20.00004998528044,620.8366021137767,-0.0,12.200000000000045,22.74422453156099
5472000.0,600,modelica,native,True,20.00005172571491,568.4058880660269,-0.0,10.600000000000023,350.0538909338356
5475600.0,600,modelica,native,True,20.00011211228974,501.2330317391289,-0.0,8.900000000000034,807.2124946051206
5479200.0,600,modelica,native,True,20.00012124541655,371.9923972407977,-0.0,6.100000000000023,1344.446129283471
5482800.0,600,modelica,native,True,20.000129522047814,196.9643969806035,-0.0,7.800000000000011,1314.163005164828
5486400.0,600,modelica,native,True,20.150007740006515,48.63077409797245,-0.0,7.800000000000011,2354.62055095705
5490000.0,600,modelica,native,True,22.75049741352774,-0.0001278556717766,-0.0,7.2000000000000455,2219.053476208617
5493600.0,600,modelica,native,True,22.00625861398413,0.0,-0.0,3.900000000000034,902.7276655851334
5497200.0,600,modelica,native,True,20.009484570044208,5.778889336585999,-0.0,0.6000000000000227,700.1437472183056
5500800.0,600,modelica,native,True,19.99971008351281,384.5460293997659,-0.0,1.7000000000000455,468.6045961778742
5504400.0,600,modelica,native,True,19.999753152006008,741.274922352367,-0.0,2.2000000000000455,131.9927836767947
5508000.0,600,modelica,native,True,19.999807041410634,1034.481221778128,-0.0,2.2000000000000455,-94.93485878510673
5511600.0,600,modelica,native,True,19.99990083209582,1252.95176079856,-0.0,2.2000000000000455,-101.56212
5515200.0,600,modelica,native,True,19.999930932945745,1378.707265763283,-0.0,1.7000000000000455,-101.56212
5518800.0,600,modelica,native,True,19.999967968623537,1456.15561078257,-0.0,1.7000000000000455,-101.56212
5522400.0,600,modelica,native,True,19.9999839838988,1493.549326491091,-0.0,1.7000000000000455,-101.56212
5526000.0,600,modelica,native,True,19.99999194499003,1512.263941644298,-0.0,1.7000000000000455,-101.56212
5529600.0,600,modelica,native,True,19.99999598683405,1521.551581177712,-0.0,1.7000000000000455,-101.56212
5533200.0,600,modelica,native,True,19.999997978997442,1526.470489513079,-0.0,1.7000000000000455,-101.56212
5536800.0,600,modelica,native,True,19.99999859667423,1528.936650413407,-0.0,1.7000000000000455,-101.56212
5540400.0,600,modelica,native,True,19.99997057931205,1539.419145871798,-0.0,1.1000000000000227,-101.56212
5544000.0,600,modelica,native,True,19.999967735054838,1573.059687432448,-0.0,0.6000000000000227,-101.56212
5547600.0,600,modelica,native,True,19.999958123310023,1613.594858840836,-0.0,0.0,-101.56212
5551200.0,600,modelica,native,True,19.99995539221902,1671.795482155747,-0.0,-1.099999999999966,-81.76825484204505
5554800.0,600,modelica,native,True,20.000038922184103,1711.223555924098,-0.0,-1.099999999999966,94.690880886223
5558400.0,600,modelica,native,True,20.00022457166341,1636.882839187251,-0.0,-1.099999999999966,728.0979403292797
5562000.0,600,modelica,native,True,20.000352768989046,1354.307300683657,-0.0,-1.099999999999966,1510.188404090346
5565600.0,600,modelica,native,True,20.00079006018524,932.6591993085544,-0.0,-2.7999999999999545,3409.06282850437
5569200.0,600,modelica,native,True,22.80177619262264,133.3263154829873,-0.0,-0.5999999999999659,6789.257147945506
5572800.0,600,modelica,native,True,27.001216352510596,0.0,293.8259331664774,1.7000000000000455,7879.54705989745
5576400.0,600,modelica,native,True,27.000845074408403,0.0,1951.812660710812,2.8000000000000114,7804.124752340069
5580000.0,600,modelica,native,True,27.00003037846153,0.0,2875.465900279946,3.900000000000034,6429.962579975193
5583600.0,600,modelica,native,True,26.999611853614113,0.0,2868.761723848979,5.0,4973.678970329249
5587200.0,600,modelica,native,True,26.999191678294608,0.0,2351.551722204288,5.0,3170.555498452538
5590800.0,600,modelica,native,True,26.998848029488045,0.0,1355.566958750486,2.8000000000000114,1089.068290038949
5594400.0,600,modelica,native,True,25.51022825149124,0.0,180.4253765875763,1.1000000000000227,2.262076497514997
5598000.0,600,modelica,native,True,21.45554171838984,0.0,-5.135271284315321e-07,0.6000000000000227,-101.56212
5601600.0,600,modelica,native,True,19.999394552603405,261.7080822091633,-0.0,0.0,-101.56212
5605200.0,600,modelica,native,True,19.999669086123447,968.545855336984,-0.0,-0.5999999999999659,-101.56212
5608800.0,600,modelica,native,True,19.99983876143631,1353.720322597557,-0.0,-0.5999999999999659,-101.56212
5612400.0,600,modelica,native,True,19.999918332836103,1544.096675448418,-0.0,-0.5999999999999659,-101.56212
5616000.0,600,modelica,native,True,19.99991217031021,1658.254979420768,-0.0,-1.6999999999999886,-101.56212
5619600.0,600,modelica,native,True,19.999955854736697,1748.391119711134,-0.0,-1.6999999999999886,-101.56212
5623200.0,600,modelica,native,True,19.999933442994006,1811.266413729721,-0.0,-2.7999999999999545,-101.56212
5626800.0,600,modelica,native,True,19.999958007461544,1885.155122154289,-0.0,-3.2999999999999545,-101.56212
5630400.0,600,modelica,native,True,19.99999331462925,1921.473725598653,-0.0,-2.7999999999999545,-101.56212
5634000.0,600,modelica,native,True,19.999949961004347,1945.754219235049,-0.0,-3.8999999999999773,-101.56212
5637600.0,600,modelica,native,True,19.999979548210206,2000.718403633436,-0.0,-4.399999999999977,-59.68486634901845
5641200.0,600,modelica,native,True,20.00019072528164,2001.331541313065,-0.0,-4.399999999999977,513.1240520229755
5644800.0,600,modelica,native,True,20.000636876026306,1760.875854712592,-0.0,-3.8999999999999773,2026.021557659896
5648400.0,600,modelica,native,True,20.001283955196698,915.6144841975636,-0.0,-2.1999999999999886,4840.492244836203
5652000.0,600,modelica,native,True,24.305302379395926,15.28875158521864,-0.0,0.6000000000000227,6485.672012882139
5655600.0,600,modelica,native,True,27.001310104514232,0.0,481.1386247980595,2.2000000000000455,7336.069866647149
5659200.0,600,modelica,native,True,27.00091533428241,0.0,1992.423092146185,2.2000000000000455,8067.324077281925
5662800.0,600,modelica,native,True,27.0005327538006,0.0,3063.942045491537,3.900000000000034,8141.763519930966
5666400.0,600,modelica,native,True,26.9999894405521,0.0,3645.084434805314,5.0,7196.276032577041
5670000.0,600,modelica,native,True,26.99948796371234,0.0,3581.31632688231,5.0,5623.23427320374
5673600.0,600,modelica,native,True,26.99909477856471,0.0,2934.728650370306,5.0,3595.973895337827
5677200.0,600,modelica,native,True,26.998808165127798,0.0,1818.407296980619,3.900000000000034,1402.602267545708
5680800.0,600,modelica,native,True,26.638979157428423,0.0,452.9467373018795,2.8000000000000114,43.06206958405865
5684400.0,600,modelica,native,True,22.618298339148737,0.0,-7.555219862196181e-07,1.1000000000000227,-101.56212
5688000.0,600,modelica,native,True,20.000168243681003,77.94302574767006,-0.0,1.1000000000000227,-101.56212
5691600.0,600,modelica,native,True,19.999636964495608,727.8224410711395,-0.0,1.1000000000000227,-101.56212
5695200.0,600,modelica,native,True,19.999788571763702,1161.592359125614,-0.0,0.6000000000000227,-101.56212
5698800.0,600,modelica,native,True,19.999836390895837,1428.196255167855,-0.0,-1.099999999999966,-101.56212
5702400.0,600,modelica,native,True,19.99993322355425,1610.892887187004,-0.0,-1.099999999999966,-101.56212
5706000.0,600,modelica,native,True,19.999991818701233,1687.417671531836,-0.0,-0.5999999999999659,-101.56212
5709600.0,600,modelica,native,True,20.00004245996081,1674.832140631146,-0.0,1.1000000000000227,-101.56212
5713200.0,600,modelica,native,True,19.99999220871041,1634.198332919809,-0.0,0.6000000000000227,-101.56212
5716800.0,600,modelica,native,True,19.999974705103625,1644.298340373039,-0.0,0.0,-101.56212
5720400.0,600,modelica,native,True,20.00000203543084,1668.306491040124,-0.0,0.0,-101.56212
5724000.0,600,modelica,native,True,20.000036804286708,1663.885763127274,-0.0,0.6000000000000227,-67.95686605807107
5727600.0,600,modelica,native,True,20.000318206316535,1590.780271753735,-0.0,1.1000000000000227,744.6989070871568
5731200.0,600,modelica,native,True,20.000866586017537,1125.210980137454,-0.0,2.8000000000000114,2770.178737855368
5734800.0,600,modelica,native,True,21.320172119236304,196.5851511398951,-0.0,3.900000000000034,4846.190499797176
5738400.0,600,modelica,native,True,26.965188460253728,8.477105034722222e-09,10.23833348274231,5.0,6728.299816862996
5742000.0,600,modelica,native,True,27.001072919053115,0.0,1289.333223625157,6.100000000000023,7229.198462346943
5745600.0,600,modelica,native,True,27.000349321149827,0.0,2510.893468129767,6.7000000000000455,6582.277358887575
5749200.0,600,modelica,native,True,27.000323759736546,0.0,2942.913465800683,7.800000000000011,6812.020433105847
5752800.0,600,modelica,native,True,26.9999859893922,0.0,3306.927584340175,7.800000000000011,6494.640689306245
5756400.0,600,modelica,native,True,26.999564326853204,0.0,3255.164753949907,7.2000000000000455,5141.32808835012
5760000.0,600,modelica,native,True,26.999077318777438,0.0,2675.517463585933,7.2000000000000455,2980.172262935737
5763600.0,600,modelica,native,True,26.998858520809506,0.0,1566.494476722346,5.600000000000023,1032.95629695421
5767200.0,600,modelica,native,True,26.1799774883728,0.0,294.0038126036856,3.3000000000000114,21.31181855566712
5770800.0,600,modelica,native,True,22.4205746963176,0.0,-5.867746141221788e-08,2.8000000000000114,-101.56212
5774400.0,600,modelica,native,True,20.000148722296615,73.3569016787741,-0.0,2.2000000000000455,-101.56212
5778000.0,600,modelica,native,True,19.99962070015414,690.3330661940574,-0.0,1.7000000000000455,-101.56212
5781600.0,600,modelica,native,True,19.999743014850537,1142.444657009972,-0.0,0.0,-101.56212
5785200.0,600,modelica,native,True,19.999807050244215,1447.675418455071,-0.0,-1.6999999999999886,-101.56212
5788800.0,600,modelica,native,True,19.99981139133405,1695.973088263671,-0.0,-4.399999999999977,-101.56212
5792400.0,600,modelica,native,True,19.999977914888404,1864.774958509339,-0.0,-2.7999999999999545,-101.56212
5796000.0,600,modelica,native,True,19.99995917522915,1902.681795856423,-0.0,-3.2999999999999545,-101.56212
5799600.0,600,modelica,native,True,19.999956896730396,1952.153334767554,-0.0,-3.8999999999999773,-101.56212
5803200.0,600,modelica,native,True,19.999967794160796,2003.588941195011,-0.0,-4.399999999999977,-101.56212
5806800.0,600,modelica,native,True,20.000011102471433,2032.012096144888,-0.0,-3.8999999999999773,-101.56212
5810400.0,600,modelica,native,True,20.00004194573421,2018.054005552398,-0.0,-3.2999999999999545,-61.11634894342076
5814000.0,600,modelica,native,True,20.00031285383642,1946.262423394256,-0.0,-3.2999999999999545,782.3751756951435
5817600.0,600,modelica,native,True,20.00093212935201,1480.55717539231,-0.0,-0.5999999999999659,2774.971954506263
5821200.0,600,modelica,native,True,20.740559101698636,385.5150423375766,-0.0,3.900000000000034,4878.898012444654
5824800.0,600,modelica,native,True,26.94406005090093,-3.563033209906684e-07,0.4065133292145199,7.2000000000000455,6648.718099075723
5828400.0,600,modelica,native,True,27.001457964090832,0.0,1354.649995818138,10.600000000000023,7785.817350217556
5832000.0,600,modelica,native,True,27.00094439426681,0.0,3049.426058544318,13.300000000000011,8208.427078158718
5835600.0,600,modelica,native,True,27.000445148997414,0.0,4136.583618211084,15.0,8018.382213973954
5839200.0,600,modelica,native,True,26.999845394446822,0.0,4593.27745667484,14.400000000000034,6946.044078097643
5842800.0,600,modelica,native,True,26.999433923562037,0.0,4382.669808007214,15.0,5324.415471457472
5846400.0,600,modelica,native,True,26.999083080694106,0.0,3676.820718921026,14.400000000000034,3467.120137352614
5850000.0,600,modelica,native,True,26.998769956747708,0.0,2545.507610531251,12.800000000000011,1241.52448825154
5853600.0,600,modelica,native,True,26.998940966896896,0.0,1117.06089495288,10.600000000000023,20.99455539906068
5857200.0,600,modelica,native,True,25.556736030739103,0.0,79.74018475466305,9.400000000000034,-101.56212
5860800.0,600,modelica,native,True,22.80464699462675,0.0,-8.477105034722222e-09,8.300000000000011,-101.56212
5864400.0,600,modelica,native,True,20.269403135385232,0.0,-0.0,6.7000000000000455,-101.56212
5868000.0,600,modelica,native,True,19.999666310909333,329.4099951569239,-0.0,6.100000000000023,-101.56212
5871600.0,600,modelica,native,True,19.999857075533896,726.4726492004925,-0.0,6.7000000000000455,-101.56212
5875200.0,600,modelica,native,True,19.99994742841892,894.6026758946313,-0.0,7.2000000000000455,-101.56212
5878800.0,600,modelica,native,True,19.999995928582905,955.3876291539934,-0.0,7.800000000000011,-101.56212
5882400.0,600,modelica,native,True,20.000015589497707,960.6130330242052,-0.0,8.300000000000011,-101.56212
5886000.0,600,modelica,native,True,20.000022708435722,937.7689165319337,-0.0,8.900000000000034,-101.56212
5889600.0,600,modelica,native,True,19.999979935007502,921.896167081727,-0.0,8.300000000000011,-101.56212
5893200.0,600,modelica,native,True,19.999979348137344,945.2589764881134,-0.0,7.800000000000011,-101.56212
5896800.0,600,modelica,native,True,20.00002694320375,959.7452580777804,-0.0,8.300000000000011,-74.53775717749284
5900400.0,600,modelica,native,True,20.00022581499792,909.8888456021416,-0.0,8.900000000000034,471.4594660138602
5904000.0,600,modelica,native,True,20.00072537287565,594.5198084211349,-0.0,10.600000000000023,2062.799757444021
5907600.0,600,modelica,native,True,22.809426738210448,34.81793645461401,-0.0,13.300000000000011,4217.043175259473
5911200.0,600,modelica,native,True,27.000529093665534,0.0,195.6153390059206,16.100000000000023,5921.766729272837
5914800.0,600,modelica,native,True,27.001377082808347,0.0,1865.236723704073,17.200000000000045,7499.852155557635
5918400.0,600,modelica,native,True,27.000723097330706,0.0,3414.52684007446,18.30000000000001,7527.25612242694
5922000.0,600,modelica,native,True,27.000210646692096,0.0,4259.487344792022,18.900000000000034,7028.464100233412
5925600.0,600,modelica,native,True,26.999806474779007,0.0,4474.912915676699,19.400000000000034,6029.698987624074
5929200.0,600,modelica,native,True,26.999493683685102,0.0,4203.107420885563,19.400000000000034,4748.776926371783
5932800.0,600,modelica,native,True,26.999113686538237,0.0,3546.769488873746,18.30000000000001,2930.209253532329
5936400.0,600,modelica,native,True,26.99890606445564,0.0,2468.139384719398,17.80000000000001,911.7675349612218
5940000.0,600,modelica,native,True,26.99906296753005,0.0,1169.327705153757,15.0,-18.69604461090037
5943600.0,600,modelica,native,True,26.303328742396616,0.0,156.7044628135363,12.800000000000011,-101.56212
5947200.0,600,modelica,native,True,23.91868918347393,0.0,-5.814764234754775e-07,11.100000000000023,-101.56212
5950800.0,600,modelica,native,True,21.800655778613304,0.0,8.079740736219619e-09,10.600000000000023,-101.56212
5954400.0,600,modelica,native,True,20.054086898003447,0.0,-0.0,10.600000000000023,-101.56212
5958000.0,600,modelica,native,True,19.999790443494135,241.2222837620311,-0.0,10.600000000000023,-101.56212
5961600.0,600,modelica,native,True,19.9998347746984,508.1403946585125,-0.0,9.400000000000034,-101.56212
5965200.0,600,modelica,native,True,19.999881740521005,700.6192840772205,-0.0,8.300000000000011,-101.56212
5968800.0,600,modelica,native,True,19.99997450044191,815.9903299111791,-0.0,8.900000000000034,-101.56212
5972400.0,600,modelica,native,True,19.999949757494505,859.963872431914,-0.0,8.300000000000011,-101.56212
5976000.0,600,modelica,native,True,19.999915924734296,933.0939252646764,-0.0,6.7000000000000455,-101.56212
5979600.0,600,modelica,native,True,20.00001665339323,983.6832674445046,-0.0,8.300000000000011,-101.56212
5983200.0,600,modelica,native,True,19.999922020766917,997.07413186974,-0.0,6.100000000000023,-63.08002460540581
5986800.0,600,modelica,native,True,20.00022386198833,1050.105668913258,-0.0,5.600000000000023,636.0878824176066
5990400.0,600,modelica,native,True,20.000989464263398,616.3594831313027,-0.0,11.700000000000045,2663.164346917711
5994000.0,600,modelica,native,True,23.8240897886281,3.676424788633982,-0.0,13.300000000000011,4535.147217512571
5997600.0,600,modelica,native,True,27.001368555665522,6.357828776041667e-09,350.2872381265958,15.600000000000023,5926.916901592905
6001200.0,600,modelica,native,True,27.001109429316614,0.0,2001.91778508491,16.700000000000045,7004.816807438046
6004800.0,600,modelica,native,True,27.000236300982294,0.0,3224.903644113541,16.700000000000045,6110.092419464931
6008400.0,600,modelica,native,True,27.000283703084506,0.0,3467.388866489993,16.700000000000045,6240.78489866046
6012000.0,600,modelica,native,True,26.999655637301203,0.0,3744.8428625883,18.30000000000001,4925.386520943561
6015600.0,600,modelica,native,True,26.999087089613795,0.0,3293.016706880331,18.30000000000001,2430.477610332208
6019200.0,600,modelica,native,True,26.999189377914604,0.0,2259.61917000201,15.600000000000023,1760.018951153669
6022800.0,600,modelica,native,True,26.999148297879913,0.0,1263.783780994415,14.400000000000034,413.8302656584517
6026400.0,600,modelica,native,True,26.78058910986374,0.0,285.2079042984379,12.800000000000011,-48.70634918189681
6030000.0,600,modelica,native,True,23.989016837578106,0.0,-4.658301671346028e-05,7.800000000000011,-101.56212
6033600.0,600,modelica,native,True,20.807380865283903,0.0,-6.490283542209201e-09,3.900000000000034,-101.56212
6037200.0,600,modelica,native,True,19.999540270068735,315.5608438968658,-0.0,2.8000000000000114,-101.56212
6040800.0,600,modelica,native,True,19.999811616514535,854.995868220859,-0.0,3.900000000000034,-101.56212
6044400.0,600,modelica,native,True,19.999906391369905,1078.35619465669,-0.0,4.400000000000034,-101.56212
6048000.0,600,modelica,native,True,19.999897685380404,1200.378904792203,-0.0,3.3000000000000114,-101.56212
6051600.0,600,modelica,native,True,19.999890412329023,1327.025603664981,-0.0,1.7000000000000455,-101.56212
6055200.0,600,modelica,native,True,19.99998758058524,1413.285281131532,-0.0,2.8000000000000114,-101.56212
6058800.0,600,modelica,native,True,19.99991077618313,1462.167305387656,-0.0,0.6000000000000227,-101.56212
6062400.0,600,modelica,native,True,19.999939171883113,1562.242119108836,-0.0,0.0,-101.56212
6066000.0,600,modelica,native,True,19.999947362132616,1635.006275671853,-0.0,-0.5999999999999659,-101.56212
6069600.0,600,modelica,native,True,19.999967308249722,1695.796847508748,-0.0,-1.099999999999966,-70.64265975176
6073200.0,600,modelica,native,True,20.0002666834161,1707.576459780269,-0.0,-1.099999999999966,630.3469773194589
6076800.0,600,modelica,native,True,20.000857714617098,1298.083388981819,-0.0,2.2000000000000455,2492.758735226006
6080400.0,600,modelica,native,True,20.90482584570242,306.960554608504,-0.0,5.600000000000023,4601.582229529716
6084000.0,600,modelica,native,True,26.786918529966044,0.0,-0.0,7.2000000000000455,6362.385592660038
6087600.0,600,modelica,native,True,27.001310500892032,0.0,1191.170589460399,8.300000000000011,7504.755600948411
6091200.0,600,modelica,native,True,27.000807547852844,0.0,2727.275633316702,9.400000000000034,7928.818865756632
6094800.0,600,modelica,native,True,27.000321457603206,0.0,3654.466187567314,9.400000000000034,7703.807150613827
6098400.0,600,modelica,native,True,26.99980757979955,0.0,3982.769788841406,9.400000000000034,6592.363165198811
6102000.0,600,modelica,native,True,26.999252092407403,0.0,3684.248158386681,9.400000000000034,4548.650411466916
6105600.0,600,modelica,native,True,26.998860077685606,0.0,2742.655722851753,8.300000000000011,2271.634215240524
6109200.0,600,modelica,native,True,26.998912829533197,0.0,1384.140305713283,7.2000000000000455,691.1256904259974
6112800.0,600,modelica,native,True,25.77220727349345,0.0,193.5771200189326,3.900000000000034,-16.39263090852698
6116400.0,600,modelica,native,True,21.956387217722295,0.0,-0.0,2.2000000000000455,-101.56212
6120000.0,600,modelica,native,True,19.999503212797833,140.8726277589798,-0.0,1.7000000000000455,-101.56212
6123600.0,600,modelica,native,True,19.999655523255797,796.3783857324388,-0.0,1.1000000000000227,-101.56212
6127200.0,600,modelica,native,True,19.999787772784828,1211.213089575238,-0.0,0.0,-101.56212
6130800.0,600,modelica,native,True,19.99989812351305,1449.018235597611,-0.0,0.0,-101.56212
6134400.0,600,modelica,native,True,19.999918407879022,1575.354219619168,-0.0,-0.5999999999999659,-101.56212
6138000.0,600,modelica,native,True,19.999921521677607,1678.685659401152,-0.0,-1.6999999999999886,-101.56212
6141600.0,600,modelica,native,True,19.999944044891947,1768.354126330482,-0.0,-2.1999999999999886,-101.56212
6145200.0,600,modelica,native,True,19.9999492343062,1835.665246676869,-0.0,-2.7999999999999545,-101.56212
6148800.0,600,modelica,native,True,19.999964119235244,1896.355038208432,-0.0,-3.2999999999999545,-101.56212
6152400.0,600,modelica,native,True,19.9999834976266,1937.345300687154,-0.0,-3.2999999999999545,-101.56212
6156000.0,600,modelica,native,True,20.000009527875704,1956.059613863892,-0.0,-3.2999999999999545,-52.80348882817744
6159600.0,600,modelica,native,True,20.0003504899031,1897.435872457822,-0.0,-2.1999999999999886,767.3242076841786
6163200.0,600,modelica,native,True,20.000990496054214,1337.814001526832,-0.0,3.900000000000034,2661.384977474385
6166800.0,600,modelica,native,True,21.13269968165673,252.9931888397535,-0.0,5.600000000000023,4656.487772177588
6170400.0,600,modelica,native,True,26.95419262025871,1.573562622070313e-07,3.364605953163571,7.2000000000000455,6416.674931341894
6174000.0,600,modelica,native,True,27.00126814679834,0.0,1267.432271505594,8.900000000000034,7389.840132555923
6177600.0,600,modelica,native,True,27.00069104775355,0.0,2728.539558368921,9.400000000000034,7599.314180412508
6181200.0,600,modelica,native,True,27.000254038514242,0.0,3528.329565687312,9.400000000000034,7324.056850249054
6184800.0,600,modelica,native,True,26.999702048907636,0.0,3776.612026991977,9.400000000000034,6027.662956718341
6188400.0,600,modelica,native,True,26.999381977964845,0.0,3390.871146606207,9.400000000000034,4488.308595591241
6192000.0,600,modelica,native,True,26.99921993280202,0.0,2646.220620115068,9.400000000000034,3033.965129017253
6195600.0,600,modelica,native,True,26.998967934824122,0.0,1677.709394708475,8.900000000000034,1125.827357769976
6199200.0,600,modelica,native,True,26.868424339571447,0.0,476.1641492913829,6.7000000000000455,17.66057796702151
6202800.0,600,modelica,native,True,23.465156634052107,0.0,1.857810550265842e-06,4.400000000000034,-101.501854060579
6206400.0,600,modelica,native,True,20.120794900466024,0.0,1.324547661675347e-10,2.8000000000000114,-101.56212
6210000.0,600,modelica,native,True,19.999550312835595,490.9162561241786,-0.0,1.7000000000000455,-101.56212
6213600.0,600,modelica,native,True,19.99977796792831,1013.079570564959,-0.0,1.7000000000000455,-101.56212
6217200.0,600,modelica,native,True,19.9998700455817,1284.523313360214,-0.0,1.1000000000000227,-101.56212
6220800.0,600,modelica,native,True,19.999940933514495,1435.712304327488,-0.0,1.1000000000000227,-101.56212
6224400.0,600,modelica,native,True,19.999968919975004,1509.738100398911,-0.0,1.1000000000000227,-101.56212
6228000.0,600,modelica,native,True,19.99999569147434,1533.365879045063,-0.0,1.7000000000000455,-101.56212
6231600.0,600,modelica,native,True,19.999912704093504,1557.921107751263,-0.0,0.0,-101.56212
6235200.0,600,modelica,native,True,19.999884904991234,1667.512522973484,-0.0,-2.1999999999999886,-101.56212
6238800.0,600,modelica,native,True,19.999929998390144,1791.230964874426,-0.0,-2.7999999999999545,-101.56212
6242400.0,600,modelica,native,True,19.99993972227321,1885.299388154613,-0.0,-3.8999999999999773,-78.12811767926556
6246000.0,600,modelica,native,True,20.000074222410603,1936.143836406867,-0.0,-3.2999999999999545,104.9149831389176
6249600.0,600,modelica,native,True,20.00021094197251,1829.359443060027,-0.0,-2.1999999999999886,504.1770546953781
6253200.0,600,modelica,native,True,20.000549379804113,1562.337870459821,-0.0,-1.099999999999966,1694.305710694004
6256800.0,600,modelica,native,True,20.0007200252104,867.966365893152,-0.0,1.7000000000000455,2838.050534247356
6260400.0,600,modelica,native,True,20.727343920554233,116.6665841801961,-0.0,3.900000000000034,3645.030453970997
6264000.0,600,modelica,native,True,24.835510944562998,2.288818359375e-07,-0.0,6.7000000000000455,4583.949536100222
6267600.0,600,modelica,native,True,27.00083804665644,2.649095323350694e-10,154.6923947162098,6.100000000000023,5149.540393792044
6271200.0,600,modelica,native,True,27.000235418391412,0.0,1119.22076034228,7.2000000000000455,4436.60977997014
6274800.0,600,modelica,native,True,26.999606962621897,0.0,1347.383311599228,7.800000000000011,2654.083355155541
6278400.0,600,modelica,native,True,26.99941203385515,0.0,861.066586481995,7.2000000000000455,1567.122081685935
6282000.0,600,modelica,native,True,26.353614322533247,0.0,173.9355713366137,3.900000000000034,655.4801914177926
6285600.0,600,modelica,native,True,23.047558318488996,0.0,-2.7418136596679692e-08,2.2000000000000455,-3.390018987677024
6289200.0,600,modelica,native,True,20.00480976849451,25.49230146434572,-0.0,1.7000000000000455,-101.56212
6292800.0,600,modelica,native,True,19.999583408904925,622.2325722527504,-0.0,1.1000000000000227,-101.56212
6296400.0,600,modelica,native,True,19.999772974226232,1112.997447896533,-0.0,0.6000000000000227,-101.56212
6300000.0,600,modelica,native,True,19.999866638427704,1382.30885247469,-0.0,0.0,-101.56212
6303600.0,600,modelica,native,True,19.999935676744997,1534.516063994037,-0.0,0.0,-101.56212
6307200.0,600,modelica,native,True,19.999944380224747,1619.354486793942,-0.0,-0.5999999999999659,-101.56212
6310800.0,600,modelica,native,True,19.999990793959114,1666.419284536574,-0.0,0.0,-101.56212
6314400.0,600,modelica,native,True,19.999969976575017,1684.154013737837,-0.0,-0.5999999999999659,-101.56212
6318000.0,600,modelica,native,True,19.99996551222671,1720.773185737133,-0.0,-1.099999999999966,-101.56212
6321600.0,600,modelica,native,True,19.99995975186681,1762.894100818899,-0.0,-1.6999999999999886,-101.56212
6325200.0,600,modelica,native,True,19.999964215342118,1809.548170994123,-0.0,-2.1999999999999886,-101.56212
6328800.0,600,modelica,native,True,19.9999949116048,1846.981948795319,-0.0,-2.1999999999999886,-98.796330751046
6332400.0,600,modelica,native,True,20.000093588844834,1841.393956391811,-0.0,-1.6999999999999886,120.6805174513351
6336000.0,600,modelica,native,True,20.00019666338693,1715.481780206362,-0.0,-0.5999999999999659,467.1639757361995
6339600.0,600,modelica,native,True,20.000199440733695,1492.330938857396,-0.0,-0.5999999999999659,798.8912611881592
6343200.0,600,modelica,native,True,20.00024477476444,1244.245175508923,-0.0,0.6000000000000227,1057.902398236311
6346800.0,600,modelica,native,True,20.0006486188762,927.0163231229782,-0.0,2.8000000000000114,2309.685395926705
6350400.0,600,modelica,native,True,20.745410676885342,196.98977621052,-0.0,4.400000000000034,2647.463457312027
6354000.0,600,modelica,native,True,21.50801810980505,0.0,-0.0,4.400000000000034,2708.681641439683
6357600.0,600,modelica,native,True,23.9561989514267,0.0,-0.0,5.600000000000023,3894.807390306126
6361200.0,600,modelica,native,True,26.789417617612003,0.0,-0.0,5.600000000000023,3150.513385309574
6364800.0,600,modelica,native,True,26.999720158463106,0.0,57.33310938888126,6.7000000000000455,1614.733268961969
6368400.0,600,modelica,native,True,25.369168987581247,0.0,-0.0469905263847774,5.0,649.8507894638774
6372000.0,600,modelica,native,True,22.614622414898633,0.0,-0.0,3.900000000000034,19.59591702281612
6375600.0,600,modelica,native,True,20.001281999675598,50.99834982792537,-0.0,1.7000000000000455,-101.4485781120264
6379200.0,600,modelica,native,True,19.99959254020581,692.8029004102283,-0.0,0.6000000000000227,-101.56212
6382800.0,600,modelica,native,True,19.999792115776813,1161.395923031436,-0.0,0.6000000000000227,-101.56212
6386400.0,600,modelica,native,True,19.999833591696643,1426.486672638522,-0.0,-1.099999999999966,-101.56212
6390000.0,600,modelica,native,True,19.999900381591203,1618.834600923061,-0.0,-1.6999999999999886,-101.56212
6393600.0,600,modelica,native,True,19.999931430281435,1736.815174524519,-0.0,-2.1999999999999886,-101.56212
6397200.0,600,modelica,native,True,19.999949773497917,1821.814613954491,-0.0,-2.7999999999999545,-101.56212
6400800.0,600,modelica,native,True,19.999977148392247,1877.985772460037,-0.0,-2.7999999999999545,-101.56212
6404400.0,600,modelica,native,True,19.999988772579798,1905.0675899246,-0.0,-2.7999999999999545,-101.56212
6408000.0,600,modelica,native,True,20.00001576688061,1907.265743898551,-0.0,-2.1999999999999886,-101.56212
6411600.0,600,modelica,native,True,20.000005391653644,1891.421343316502,-0.0,-2.1999999999999886,-101.56212
6415200.0,600,modelica,native,True,20.000007761477036,1884.642394310898,-0.0,-2.1999999999999886,-87.03593865374292
6418800.0,600,modelica,native,True,20.00003998337843,1869.206545124584,-0.0,-2.1999999999999886,24.4141357952325
6422400.0,600,modelica,native,True,20.000097395186515,1813.676024115616,-0.0,-2.1999999999999886,265.6223031340506
6426000.0,600,modelica,native,True,20.000156884082116,1688.181961487664,-0.0,-1.6999999999999886,529.2562288921607
6429600.0,600,modelica,native,True,20.00021111139563,1497.278135802746,-0.0,-1.099999999999966,862.4110356721673
6433200.0,600,modelica,native,True,20.000252499765736,1225.386299331983,-0.0,0.6000000000000227,1154.522866337722
6436800.0,600,modelica,native,True,20.00015766099392,940.4587332892418,-0.0,1.1000000000000227,1211.262112641355
6440400.0,600,modelica,native,True,20.000089257107902,756.2248105266359,-0.0,1.7000000000000455,1170.11139108967
6444000.0,600,modelica,native,True,20.000024158428346,646.9648083262973,-0.0,2.8000000000000114,1011.632489011071
6447600.0,600,modelica,native,True,19.999922193979444,629.8439283018643,-0.0,2.8000000000000114,740.9621167424305
6451200.0,600,modelica,native,True,19.99995543192233,719.7611620918909,-0.0,2.8000000000000114,687.9964455208676
6454800.0,600,modelica,native,True,19.999908558039238,767.9218847764863,-0.0,3.3000000000000114,473.4485034370649
6458400.0,600,modelica,native,True,19.99975694186503,896.5370767686102,-0.0,2.2000000000000455,35.4447907663079
6462000.0,600,modelica,native,True,19.999780138353742,1175.135398340755,-0.0,0.6000000000000227,-101.56212
6465600.0,600,modelica,native,True,19.999858354645937,1430.114292822679,-0.0,-0.5999999999999659,-101.56212
6469200.0,600,modelica,native,True,19.99991247431342,1595.134762499862,-0.0,-1.099999999999966,-101.56212
6472800.0,600,modelica,native,True,19.999932260860646,1699.711314839257,-0.0,-1.6999999999999886,-101.56212
6476400.0,600,modelica,native,True,19.999934663552494,1790.911229497327,-0.0,-2.7999999999999545,-101.56212
6480000.0,600,modelica,native,True,19.99997112391185,1863.733641313712,-0.0,-2.7999999999999545,-101.56212
6483600.0,600,modelica,native,True,19.99998532109521,1897.954653231038,-0.0,-2.7999999999999545,-101.56212
6487200.0,600,modelica,native,True,19.99996054856331,1921.287410283619,-0.0,-3.2999999999999545,-101.56212
6490800.0,600,modelica,native,True,19.999937062969536,1970.531674487591,-0.0,-4.399999999999977,-101.56212
6494400.0,600,modelica,native,True,19.999925436624835,2047.370920533339,-0.0,-5.599999999999966,-101.56212
6498000.0,600,modelica,native,True,20.000020686953917,2099.228775074217,-0.0,-4.399999999999977,-101.56212
6501600.0,600,modelica,native,True,19.99996933936825,2113.885442209244,-0.0,-6.099999999999966,-33.32585178738179
6505200.0,600,modelica,native,True,20.000422467136104,2084.543954019547,-0.0,-3.8999999999999773,792.8476640560863
6508800.0,600,modelica,native,True,20.000989268439525,1511.84552860366,-0.0,1.7000000000000455,2573.176570891952
6512400.0,600,modelica,native,True,20.842416504313007,367.3806633573108,-0.0,7.2000000000000455,4539.020150118918
6516000.0,600,modelica,native,True,26.915020390090433,0.0,-0.0,9.400000000000034,5841.007920143092
6519600.0,600,modelica,native,True,27.001242104454434,0.0,1087.466505736377,10.600000000000023,6830.461514881829
6523200.0,600,modelica,native,True,27.000910685475105,0.0,2552.462471128172,11.700000000000045,7689.271256516687
6526800.0,600,modelica,native,True,27.00043893203673,0.0,3611.084215979046,13.300000000000011,7522.392463763509
6530400.0,600,modelica,native,True,26.999878249492212,0.0,4078.731571668916,13.300000000000011,6486.939384683837
6534000.0,600,modelica,native,True,26.999264404149017,0.0,3847.236733952761,13.300000000000011,4334.599489696578
6537600.0,600,modelica,native,True,26.9989863615765,0.0,2956.315422523949,13.300000000000011,2282.565654728489
6541200.0,600,modelica,native,True,26.999044561912342,0.0,1728.078197157515,12.200000000000045,976.5116530647208
6544800.0,600,modelica,native,True,26.99914802440884,0.0,574.008067395952,10.0,46.47517563101279
6548400.0,600,modelica,native,True,24.510930208775903,0.0,1.086099398136139,8.300000000000011,-100.3857933451033
6552000.0,600,modelica,native,True,21.74370369454323,0.0,-5.121495988633898e-06,7.2000000000000455,-101.56212
6555600.0,600,modelica,native,True,19.999853715983818,71.12464536560907,1.343091328938802e-07,5.600000000000023,-101.56212
6559200.0,600,modelica,native,True,19.99963481151525,609.6142484373516,-0.0,3.3000000000000114,-101.56212
6562800.0,600,modelica,native,True,19.999768491162115,1036.195653415256,-0.0,1.7000000000000455,-101.56212
6566400.0,600,modelica,native,True,19.999863651576334,1298.710389461782,-0.0,1.1000000000000227,-101.56212
6570000.0,600,modelica,native,True,19.999852094970095,1484.141220684581,-0.0,-1.099999999999966,-101.56212
6573600.0,600,modelica,native,True,19.999935427123717,1638.374448496766,-0.0,-1.099999999999966,-101.56212
6577200.0,600,modelica,native,True,19.999929820467514,1731.274786348608,-0.0,-2.1999999999999886,-101.56212
6580800.0,600,modelica,native,True,20.00000640474491,1787.097132101854,-0.0,-1.099999999999966,-101.56212
6584400.0,600,modelica,native,True,19.999974591542298,1791.600209584236,-0.0,-1.6999999999999886,-101.56212
6588000.0,600,modelica,native,True,20.000024654891547,1815.018866409196,-0.0,-1.6999999999999886,-25.73399532603669
6591600.0,600,modelica,native,True,20.00044235070544,1728.059587886069,-0.0,0.6000000000000227,805.0328466698553
6595200.0,600,modelica,native,True,20.00103418060803,1121.181288514932,-0.0,6.7000000000000455,2612.313874248635
6598800.0,600,modelica,native,True,22.380131973992604,122.1863792241944,-0.0,12.200000000000045,4457.541847789455
6602400.0,600,modelica,native,True,26.998776568432334,2.649095323350695e-09,121.141337057617,13.300000000000011,5530.485277262366
6606000.0,600,modelica,native,True,27.00118039545515,0.0,1475.892386499113,14.400000000000034,6696.75058946528
6609600.0,600,modelica,native,True,27.00095100615971,0.0,2904.415605025954,16.100000000000023,7718.74774005838
6613200.0,600,modelica,native,True,27.00032167730575,0.0,3960.259894151158,17.200000000000045,7180.541777920339
6616800.0,600,modelica,native,True,26.999878727325495,0.0,4321.970638836755,17.200000000000045,6372.170926274838
6620400.0,600,modelica,native,True,26.999436909928647,0.0,4142.960974000825,16.100000000000023,4958.078093069467
6624000.0,600,modelica,native,True,26.999061349900842,0.0,3435.763378006485,15.0,2999.306429136084
6627600.0,600,modelica,native,True,26.998937491891013,0.0,2314.848091661135,14.400000000000034,1172.549279450927
6631200.0,600,modelica,native,True,26.999035981694703,0.0,1067.307439585129,12.800000000000011,41.66762214715847
6634800.0,600,modelica,native,True,25.614402987739936,0.0,98.85988244798448,8.900000000000034,-101.5346125127271
6638400.0,600,modelica,native,True,22.586374690691514,0.0,2.6490953233506943e-08,6.7000000000000455,-101.56212
6642000.0,600,modelica,native,True,20.009173272163196,8.088577762709724,1.324547661675347e-10,5.600000000000023,-101.56212
6645600.0,600,modelica,native,True,19.999678426263415,439.2378280687332,-0.0,5.600000000000023,-101.56212
6649200.0,600,modelica,native,True,19.999795530101096,832.9568972531954,-0.0,4.400000000000034,-101.56212
6652800.0,600,modelica,native,True,19.999913399673346,1066.662146684594,-0.0,4.400000000000034,-101.56212
6656400.0,600,modelica,native,True,19.999980536502846,1166.840258302689,-0.0,5.0,-101.56212
6660000.0,600,modelica,native,True,20.000003643220907,1187.667700532277,-0.0,5.600000000000023,-101.56212
6663600.0,600,modelica,native,True,19.9999697286558,1193.242756251759,-0.0,5.0,-101.56212
6667200.0,600,modelica,native,True,19.999963467089515,1228.216626093918,-0.0,4.400000000000034,-101.56212
6670800.0,600,modelica,native,True,19.999916375724695,1289.295132537683,-0.0,2.8000000000000114,-101.56212
6674400.0,600,modelica,native,True,19.999943025618506,1387.206763658259,-0.0,1.7000000000000455,-37.28937193282813
6678000.0,600,modelica,native,True,20.000192144600135,1415.621407789124,-0.0,0.6000000000000227,753.0383330022664
6681600.0,600,modelica,native,True,20.000807747858232,1072.467079005506,-0.0,3.3000000000000114,2486.36192307552
6685200.0,600,modelica,native,True,21.251671272115118,204.4208335998323,-0.0,6.7000000000000455,4410.648105033374
6688800.0,600,modelica,native,True,26.964655520732606,-0.0001491141319274,10.37264330943425,10.0,6124.590523862695
6692400.0,600,modelica,native,True,27.001266225275003,0.0,1311.673740058475,11.700000000000045,7108.532930687476
6696000.0,600,modelica,native,True,27.000801384498516,0.0,2788.97029245562,13.300000000000011,7473.575208268685
6699600.0,600,modelica,native,True,27.00034806100831,0.0,3712.398141476181,14.400000000000034,7235.899376165673
6703200.0,600,modelica,native,True,26.999856082814347,0.0,4082.24524557564,15.0,6190.754194915882
6706800.0,600,modelica,native,True,26.99938882942581,0.0,3837.090396715403,15.600000000000023,4371.310971280695
6710400.0,600,modelica,native,True,26.998991079710095,0.0,3053.3531648163,14.400000000000034,2400.94648782688
6714000.0,600,modelica,native,True,26.9989222883666,0.0,1846.723240418831,11.700000000000045,853.6422634661066
6717600.0,600,modelica,native,True,26.999205275357326,0.0,622.2467068660259,11.700000000000045,14.52162250622087
6721200.0,600,modelica,native,True,24.84690777224614,0.0,7.130784556600783,9.400000000000034,-101.56212
6724800.0,600,modelica,native,True,22.276889201132917,0.0,2.131197187635634e-07,8.900000000000034,-101.56212
6728400.0,600,modelica,native,True,20.153569193518308,0.0,-0.0,8.900000000000034,-101.56212
6732000.0,600,modelica,native,True,19.999739375799436,269.1024221163326,-0.0,8.900000000000034,-101.56212
6735600.0,600,modelica,native,True,19.999868245215907,580.6027006498972,-0.0,8.900000000000034,-101.56212
6739200.0,600,modelica,native,True,19.999899950617248,756.0957660118739,-0.0,7.800000000000011,-101.56212
6742800.0,600,modelica,native,True,20.0000000435287,855.3767608073023,-0.0,8.900000000000034,-101.56212
6746400.0,600,modelica,native,True,20.00000639256473,857.8101139662001,-0.0,9.400000000000034,-101.56212
6750000.0,600,modelica,native,True,19.99998334744771,859.9078173973825,-0.0,8.900000000000034,-101.56212
6753600.0,600,modelica,native,True,19.999994190550808,876.0758095929358,-0.0,8.900000000000034,-101.56212
6757200.0,600,modelica,native,True,19.99999683004154,882.8614750451512,-0.0,8.900000000000034,-101.56212
6760800.0,600,modelica,native,True,19.99999046008952,896.0151930774583,-0.0,8.300000000000011,-51.22222085093404
6764400.0,600,modelica,native,True,20.00016478015624,880.4061833413442,-0.0,8.300000000000011,434.6562115815428
6768000.0,600,modelica,native,True,20.000638599414742,626.4641447938814,-0.0,8.900000000000034,2032.859837186273
6771600.0,600,modelica,native,True,22.170750405246736,58.6014018286599,-0.0,11.100000000000023,4052.256395196869
6775200.0,600,modelica,native,True,26.98916500845803,6.425380706787109e-06,40.05641498102082,11.100000000000023,5655.698752016557
6778800.0,600,modelica,native,True,27.000743649728008,0.0,1293.593798247576,13.300000000000011,5453.554163975017
6782400.0,600,modelica,native,True,27.00071515119521,0.0,2125.598540415234,13.300000000000011,6150.742083228512
6786000.0,600,modelica,native,True,27.000650989309406,0.0,2988.296444444259,14.400000000000034,7251.652337086622
6789600.0,600,modelica,native,True,27.00002585235461,0.0,3695.629595816268,14.400000000000034,6287.680335354411
6793200.0,600,modelica,native,True,26.999542755109644,0.0,3675.176963587999,13.900000000000034,4888.919969325966
6796800.0,600,modelica,native,True,26.99915055985474,0.0,3100.014477096001,13.900000000000034,2940.345499306996
6800400.0,600,modelica,native,True,26.99894034421402,0.0,2061.741031939983,12.200000000000045,1141.736016614917
6804000.0,600,modelica,native,True,26.999092389243344,0.0,832.013227461444,11.100000000000023,51.28990530503702
6807600.0,600,modelica,native,True,25.13484995984612,0.0,32.28069326824612,8.900000000000034,-100.5383997188179
6811200.0,600,modelica,native,True,22.361676217174306,0.0,-1.953707800971137e-07,7.800000000000011,-101.56212
6814800.0,600,modelica,native,True,20.00649903587174,11.68936900642183,6.622738308376735e-10,6.100000000000023,-101.56212
6818400.0,600,modelica,native,True,19.999672522763944,447.3754647636413,-0.0,5.600000000000023,-101.56212
6822000.0,600,modelica,native,True,19.999746856514435,857.7831277857887,-0.0,3.3000000000000114,-101.56212
6825600.0,600,modelica,native,True,19.999854146423502,1137.396246638033,-0.0,2.8000000000000114,-101.56212
6829200.0,600,modelica,native,True,19.999843647438126,1327.127990438143,-0.0,0.6000000000000227,-101.56212
6832800.0,600,modelica,native,True,19.99988994292744,1508.240487818188,-0.0,-0.5999999999999659,-101.56212
6836400.0,600,modelica,native,True,19.999933466777748,1635.581726119783,-0.0,-1.099999999999966,-101.56212
6840000.0,600,modelica,native,True,19.99997590737462,1711.215820162561,-0.0,-1.099999999999966,-101.56212
6843600.0,600,modelica,native,True,20.000023506540913,1723.699966547489,-0.0,0.0,-101.56212
6847200.0,600,modelica,native,True,20.00003786147721,1698.845058500502,-0.0,0.0,-17.10732461276536
6850800.0,600,modelica,native,True,20.000274241814907,1617.704711758561,-0.0,0.0,757.8729588808177
6854400.0,600,modelica,native,True,20.0009257707884,1141.91266264783,-0.0,5.0,2551.008099639918
6858000.0,600,modelica,native,True,21.321415341080524,180.3297981092665,-0.0,7.800000000000011,3853.188673541416
6861600.0,600,modelica,native,True,25.592705269296232,0.0,-0.0,10.0,5040.664082711268
6865200.0,600,modelica,native,True,27.001288064681034,0.0,731.497447248035,11.700000000000045,6438.124702584632
6868800.0,600,modelica,native,True,27.000762123078403,0.0,2224.813922533592,12.200000000000045,6769.650797899824
6872400.0,600,modelica,native,True,26.999459939450333,0.0,3068.278470008903,13.900000000000034,4070.995565350874
6876000.0,600,modelica,native,True,26.998857608166702,0.0,2336.497200239235,12.200000000000045,1132.078555430454
6879600.0,600,modelica,native,True,26.999330108688696,0.0,1017.661798024442,11.700000000000045,886.6586316873194
6883200.0,600,modelica,native,True,26.872968237144903,0.0,224.6355544540617,10.600000000000023,571.8423828575434
6886800.0,600,modelica,native,True,25.048877719661448,0.0,-0.0,10.0,487.1880999903178
6890400.0,600,modelica,native,True,23.282271921607048,0.0,-0.0,9.400000000000034,88.4325871987218
6894000.0,600,modelica,native,True,21.082336817146142,0.0,-0.0,8.900000000000034,-101.2595741675593
6897600.0,600,modelica,native,True,19.999609043080113,119.0776946610875,-0.0,7.2000000000000455,-101.56212
6901200.0,600,modelica,native,True,19.99974958346013,582.9953777077463,-0.0,6.100000000000023,-101.56212
6904800.0,600,modelica,native,True,19.999843894103606,869.6137446141242,-0.0,5.600000000000023,-101.56212
6908400.0,600,modelica,native,True,19.99985497931931,1058.970692609681,-0.0,3.900000000000034,-101.56212
6912000.0,600,modelica,native,True,19.99986558832785,1232.698962481552,-0.0,2.2000000000000455,-101.56212
6915600.0,600,modelica,native,True,19.99997329385775,1358.52417189916,-0.0,2.8000000000000114,-101.56212
6919200.0,600,modelica,native,True,19.999983347873297,1393.725669491026,-0.0,2.8000000000000114,-101.56212
6922800.0,600,modelica,native,True,19.999990845976413,1413.554554671711,-0.0,2.8000000000000114,-101.56212
6926400.0,600,modelica,native,True,19.999906448448996,1461.947504982683,-0.0,0.6000000000000227,-101.56212
6930000.0,600,modelica,native,True,19.999982482485223,1556.609233439763,-0.0,0.6000000000000227,-101.56212
6933600.0,600,modelica,native,True,20.000050430924205,1570.922975674735,-0.0,1.7000000000000455,-51.9637644076774
6937200.0,600,modelica,native,True,20.0002888268055,1498.136626698441,-0.0,2.2000000000000455,627.1186297643811
6940800.0,600,modelica,native,True,20.00050785044374,1093.364173661603,-0.0,3.900000000000034,1674.283720282617
6944400.0,600,modelica,native,True,20.00070188712141,555.8420717930794,-0.0,5.600000000000023,2659.935762891428
6948000.0,600,modelica,native,True,22.877492002811948,31.8464083925883,-0.0,6.7000000000000455,5074.932194109684
6951600.0,600,modelica,native,True,27.000198887023544,3.0464596218532984e-08,177.2062248690923,9.400000000000034,5579.812209379358
6955200.0,600,modelica,native,True,27.000548335652013,0.0,1351.047121056716,8.900000000000034,5396.303273242247
6958800.0,600,modelica,native,True,26.999998232427004,0.0,1981.198790836202,10.0,4421.607754765504
6962400.0,600,modelica,native,True,26.999839005285935,0.0,1980.177258447806,11.700000000000045,3662.442512224421
6966000.0,600,modelica,native,True,26.999690509995105,0.0,1721.489247705009,10.600000000000023,3104.16411540258
6969600.0,600,modelica,native,True,26.99942231458283,0.0,1351.725599548022,10.0,1920.283524971258
6973200.0,600,modelica,native,True,26.9992998179722,0.0,663.7911961033609,9.400000000000034,643.722792938969
6976800.0,600,modelica,native,True,25.489203808997217,0.0,35.12022786802716,8.300000000000011,16.1133315255197
6980400.0,600,modelica,native,True,22.60499162749693,0.0,-0.0,7.2000000000000455,-100.9172187952291
6984000.0,600,modelica,native,True,20.045637262838625,0.0,-0.0,6.7000000000000455,-101.56212
6987600.0,600,modelica,native,True,19.999688891668143,362.917305756145,-0.0,6.7000000000000455,-101.56212
6991200.0,600,modelica,native,True,19.999819011977536,734.7993990341822,-0.0,6.100000000000023,-101.56212
6994800.0,600,modelica,native,True,19.999898802920427,948.944547129737,-0.0,5.600000000000023,-101.56212
6998400.0,600,modelica,native,True,19.999950780503013,1067.254503844844,-0.0,5.600000000000023,-101.56212
7002000.0,600,modelica,native,True,19.999970858909535,1124.497365433375,-0.0,5.600000000000023,-101.56212
7005600.0,600,modelica,native,True,19.99995915895971,1164.312663893965,-0.0,5.0,-101.56212
7009200.0,600,modelica,native,True,19.999956820075397,1213.188858635955,-0.0,4.400000000000034,-101.56212
7012800.0,600,modelica,native,True,19.99991119609541,1281.180384698974,-0.0,2.8000000000000114,-101.56212
7016400.0,600,modelica,native,True,19.999921427688435,1382.574628720813,-0.0,1.7000000000000455,-101.56212
7020000.0,600,modelica,native,True,19.999969854038227,1470.299354276127,-0.0,1.1000000000000227,-32.883591634634
7023600.0,600,modelica,native,True,20.000248730847204,1466.954475421111,-0.0,1.7000000000000455,572.5657379759965
7027200.0,600,modelica,native,True,20.000677863490637,1114.389579038355,-0.0,5.600000000000023,1799.387188780249
7030800.0,600,modelica,native,True,20.69970831235804,284.5301170449787,-0.0,8.900000000000034,3690.85155767271
7034400.0,600,modelica,native,True,25.631143520637238,3.941853841145833e-07,-0.0,10.0,5661.447091396198
7038000.0,600,modelica,native,True,27.001377507432608,0.0,880.4885913723045,11.700000000000045,6925.678649743004
7041600.0,600,modelica,native,True,27.000726621544914,0.0,2484.813063104682,12.800000000000011,6938.664934273186
7045200.0,600,modelica,native,True,27.000300317022038,0.0,3334.631243922578,14.400000000000034,6553.712667687193
7048800.0,600,modelica,native,True,26.99967196682445,0.0,3620.523055156204,15.0,5101.9552411605
7052400.0,600,modelica,native,True,26.99937299407435,0.0,3208.573172334962,14.400000000000034,3638.135415816572
7056000.0,600,modelica,native,True,26.99933604755131,0.0,2480.964478349421,15.600000000000023,2424.052088803007
7059600.0,600,modelica,native,True,26.999073433816534,0.0,1652.290972886748,14.400000000000034,769.5505477509731
7063200.0,600,modelica,native,True,26.99924760941184,0.0,593.620930334727,12.800000000000011,-25.89602328901012
7066800.0,600,modelica,native,True,25.124636338706807,0.0,5.090783417622248,11.700000000000045,-101.56212
7070400.0,600,modelica,native,True,22.8417825526725,0.0,-0.0,10.600000000000023,-101.56212
7074000.0,600,modelica,native,True,20.610182232463615,0.0,-0.0,8.300000000000011,-101.56212
7077600.0,600,modelica,native,True,19.999626823099447,211.7470691781574,-0.0,7.2000000000000455,-101.56212
7081200.0,600,modelica,native,True,19.999716166643907,666.0403755603896,-0.0,5.0,-101.56212
7084800.0,600,modelica,native,True,19.999762691333444,1023.650075698959,-0.0,1.7000000000000455,-101.56212
7088400.0,600,modelica,native,True,19.99991882892732,1278.656752953529,-0.0,2.2000000000000455,-101.56212
7092000.0,600,modelica,native,True,19.999950842249348,1379.552333290047,-0.0,2.2000000000000455,-101.56212
7095600.0,600,modelica,native,True,19.999916718722204,1462.399282504453,-0.0,0.6000000000000227,-101.56212
7099200.0,600,modelica,native,True,20.00003491971711,1507.759945708116,-0.0,2.8000000000000114,-101.56212
7102800.0,600,modelica,native,True,19.999966638328544,1484.917748689651,-0.0,1.7000000000000455,-101.56212
7106400.0,600,modelica,native,True,20.000005543915506,1520.74253792074,-0.0,1.1000000000000227,7.56426256687973
7110000.0,600,modelica,native,True,20.000361653101322,1461.051175444391,-0.0,2.2000000000000455,824.5462463449439
7113600.0,600,modelica,native,True,20.000979204629743,914.0978554749488,-0.0,8.900000000000034,2466.836009058959
7117200.0,600,modelica,native,True,22.642653390819305,63.74732275644938,-0.0,12.800000000000011,4342.340326098336
7120800.0,600,modelica,native,True,27.000247664702613,-1.626544528537326e-06,179.7239893110593,15.0,5969.926921828928
7124400.0,600,modelica,native,True,27.0012554219079,0.0,1823.24974678821,17.80000000000001,7025.435316475683
7128000.0,600,modelica,native,True,27.0007813472551,0.0,3281.612762487067,18.900000000000034,7415.968274814223
7131600.0,600,modelica,native,True,27.000291286448316,0.0,4172.97120412098,20.0,7005.971578743741
7135200.0,600,modelica,native,True,26.99976607155213,0.0,4464.471425364944,20.600000000000023,5790.879686417386
7138800.0,600,modelica,native,True,26.99943246434094,0.0,4161.266832971441,20.600000000000023,4357.158753563687
7142400.0,600,modelica,native,True,26.999102078380815,0.0,3455.195683611366,20.600000000000023,2456.172786645943
7146000.0,600,modelica,native,True,26.998975598839138,0.0,2356.936517376767,18.900000000000034,814.5281412372276
7149600.0,600,modelica,native,True,26.999226953057644,0.0,1178.617894766331,18.30000000000001,50.15950638774085
7153200.0,600,modelica,native,True,26.914093333229516,0.0,282.6269014890989,16.100000000000023,-99.92793107318528
7156800.0,600,modelica,native,True,24.8394876779887,0.0,-0.0,12.800000000000011,-101.56212
7160400.0,600,modelica,native,True,22.789312279726346,0.0,-0.0,11.700000000000045,-101.56212
7164000.0,600,modelica,native,True,20.910052501944506,0.0,-0.0,10.600000000000023,-101.56212
7167600.0,600,modelica,native,True,19.999685255949146,95.4671029112074,-0.0,9.400000000000034,-101.56212
7171200.0,600,modelica,native,True,19.99980673914382,463.8786428880692,-0.0,8.900000000000034,-101.56212
7174800.0,600,modelica,native,True,19.99984352681281,709.9491352886624,-0.0,7.2000000000000455,-101.56212
7178400.0,600,modelica,native,True,19.99990720644041,888.570754702621,-0.0,6.7000000000000455,-101.56212
7182000.0,600,modelica,native,True,19.999931011566844,999.397109137376,-0.0,6.100000000000023,-101.56212
7185600.0,600,modelica,native,True,19.999949546518735,1080.326277470853,-0.0,5.600000000000023,-101.56212
7189200.0,600,modelica,native,True,19.99999448703261,1124.683954076502,-0.0,6.100000000000023,-100.7142095402847
7192800.0,600,modelica,native,True,19.999943696088735,1164.717187918822,-0.0,3.900000000000034,23.0660629957973
7196400.0,600,modelica,native,True,20.000247091068616,1175.214647801982,-0.0,4.400000000000034,645.1713024808938
7200000.0,600,modelica,native,True,20.000817604136103,792.3464064060317,-0.0,10.600000000000023,2024.759831853924
7203600.0,600,modelica,native,True,22.197026764398345,69.16495574951172,-0.0,11.700000000000045,4026.553532612824
7207200.0,600,modelica,native,True,26.99272135128831,1.56296624077691e-08,57.56524469772975,15.0,5395.407554132537
7210800.0,600,modelica,native,True,27.00134708435752,0.0,1473.118940548102,18.30000000000001,6682.580846066458
7214400.0,600,modelica,native,True,27.000478720075932,0.0,2970.178613027467,20.0,6043.214889119455
7218000.0,600,modelica,native,True,27.00001195100151,0.0,3481.32878201829,21.100000000000023,5079.287444125799
7221600.0,600,modelica,native,True,26.99966044286424,0.0,3495.298082287841,20.0,4307.446913679345
7225200.0,600,modelica,native,True,26.9991584589244,0.0,3089.845044003593,21.100000000000023,2147.113123230121
7228800.0,600,modelica,native,True,26.999288167778047,0.0,2101.944398456944,20.0,1184.546042213683
7232400.0,600,modelica,native,True,26.999403835622104,0.0,1239.329450558821,18.900000000000034,634.5052147797845
7236000.0,600,modelica,native,True,26.999448028405823,0.0,544.7419918923907,17.200000000000045,50.95908002732618
7239600.0,600,modelica,native,True,26.002311123270033,0.0,32.9183972424931,15.600000000000023,-100.1099297101435
7243200.0,600,modelica,native,True,24.01034484872605,0.0,-0.0,12.800000000000011,-101.56212
7246800.0,600,modelica,native,True,22.16480035275191,0.0,-0.0,12.200000000000045,-101.56212
7250400.0,600,modelica,native,True,20.416099777686497,0.0,-0.0,10.600000000000023,-101.56212
7254000.0,600,modelica,native,True,19.99974926743232,163.3532655236456,-0.0,10.600000000000023,-101.56212
7257600.0,600,modelica,native,True,19.999753480285904,528.9973496437073,-0.0,6.7000000000000455,-101.56212
7261200.0,600,modelica,native,True,19.99997065010041,791.0791963553429,-0.0,8.300000000000011,-101.56212
7264800.0,600,modelica,native,True,20.000031645796923,810.8207418372896,-0.0,10.600000000000023,-101.56212
7268400.0,600,modelica,native,True,19.999985090751636,780.4064617927869,-0.0,10.0,-101.56212
7272000.0,600,modelica,native,True,19.999970598808716,798.7267069575522,-0.0,9.400000000000034,-101.56212
7275600.0,600,modelica,native,True,19.999967995826125,832.9023560685582,-0.0,8.900000000000034,-101.56212
7279200.0,600,modelica,native,True,19.99998313040453,880.2888511270947,-0.0,7.800000000000011,16.56263869484113
7282800.0,600,modelica,native,True,20.000308778661406,849.6625247433451,-0.0,8.300000000000011,804.4993911612935
7286400.0,600,modelica,native,True,20.000763300728806,424.3894865899616,-0.0,10.600000000000023,2437.137317211529
7290000.0,600,modelica,native,True,23.23298500531763,0.4591486557324727,-0.0,12.800000000000011,3985.00408105113
7293600.0,600,modelica,native,True,27.00035063602661,1.743104722764757e-07,166.9247174384859,14.400000000000034,5445.094382522339
7297200.0,600,modelica,native,True,27.00117825185083,0.0,1594.583171201812,15.0,6806.335559222633
7300800.0,600,modelica,native,True,27.00001537734113,0.0,2881.452613282469,16.100000000000023,5144.992554252801
7304400.0,600,modelica,native,True,26.999782975884727,0.0,2909.506134903696,16.700000000000045,4055.228410238143
7308000.0,600,modelica,native,True,26.99994797045173,0.0,2671.832000669638,17.200000000000045,4299.835044716885
7311600.0,600,modelica,native,True,26.999299430643305,0.0,2557.621765490373,17.200000000000045,2375.174459393728
7315200.0,600,modelica,native,True,26.999005477488822,0.0,1653.439321449068,13.300000000000011,647.8001661456543
7318800.0,600,modelica,native,True,26.99934466404062,0.0,518.8837206665675,12.800000000000011,196.5361887699111
7322400.0,600,modelica,native,True,25.157399868070343,0.0,5.795834357738495,10.600000000000023,-51.90612390328958
7326000.0,600,modelica,native,True,22.679468817656925,0.0,-1.4834933810763892e-08,9.400000000000034,-101.56212
7329600.0,600,modelica,native,True,20.419730398994602,0.0,-0.0,8.300000000000011,-101.56212
7333200.0,600,modelica,native,True,19.99967246674032,225.2632077556186,-0.0,8.300000000000011,-101.56212
7336800.0,600,modelica,native,True,19.99964501294454,661.9924433901575,-0.0,3.900000000000034,-101.56212
7340400.0,600,modelica,native,True,19.999757545695104,1083.148485052321,-0.0,0.6000000000000227,-101.56212
7344000.0,600,modelica,native,True,19.99988736899195,1362.849735796452,-0.0,0.6000000000000227,-101.56212
7347600.0,600,modelica,native,True,19.999942505329045,1495.906696027385,-0.0,0.6000000000000227,-101.56212
7351200.0,600,modelica,native,True,19.999944791253824,1573.587500873407,-0.0,0.0,-101.56212
7354800.0,600,modelica,native,True,19.999981968388,1630.506699691349,-0.0,0.0,-101.56212
7358400.0,600,modelica,native,True,20.000000894150844,1642.102031648954,-0.0,0.6000000000000227,-101.56212
7362000.0,600,modelica,native,True,19.99997428899144,1645.550099771288,-0.0,0.0,-101.56212
7365600.0,600,modelica,native,True,19.9999841999429,1675.717373868889,-0.0,-0.5999999999999659,-48.07120736024995
7369200.0,600,modelica,native,True,20.000172219566423,1666.314179360867,-0.0,-0.5999999999999659,454.6157969070995
7372800.0,600,modelica,native,True,20.000520091573208,1419.658247879611,-0.0,0.0,1709.984760050214
7376400.0,600,modelica,native,True,20.00084118253841,756.1118701956008,-0.0,1.1000000000000227,3413.00316205118
7380000.0,600,modelica,native,True,22.681485575214595,38.48361981948216,-0.0,3.900000000000034,5214.078059346918
7383600.0,600,modelica,native,True,27.000257130830448,-7.655885484483507e-08,187.9867117518849,8.900000000000034,6542.584971348765
7387200.0,600,modelica,native,True,27.000851240309316,0.0,1671.913884243965,8.900000000000034,6736.263592232321
7390800.0,600,modelica,native,True,27.000413090755615,0.0,2669.291446550422,10.0,6552.429506066583
7394400.0,600,modelica,native,True,26.9999063811336,0.0,3072.776273696953,8.900000000000034,5757.264551264851
7398000.0,600,modelica,native,True,26.999515135651848,0.0,2934.313884938293,11.100000000000023,4115.177812945491
7401600.0,600,modelica,native,True,26.99909141872513,0.0,2292.490714555051,9.400000000000034,2241.595682443955
7405200.0,600,modelica,native,True,26.99911150134932,0.0,1228.739534739653,8.900000000000034,850.3722035551966
7408800.0,600,modelica,native,True,26.52958551254403,0.0,231.90068426715,8.900000000000034,81.45211388425568
7412400.0,600,modelica,native,True,23.515954650176013,0.0,-0.0,6.7000000000000455,-95.80830063917848
7416000.0,600,modelica,native,True,20.650493466587534,0.0,-0.0,5.600000000000023,-101.56212
7419600.0,600,modelica,native,True,19.999534150925797,293.0232158941693,-0.0,3.900000000000034,-101.56212
7423200.0,600,modelica,native,True,19.999703164174036,850.0765127809842,-0.0,2.2000000000000455,-101.56212
7426800.0,600,modelica,native,True,19.99990065759414,1154.361818429629,-0.0,3.3000000000000114,-101.56212
7430400.0,600,modelica,native,True,19.999890532852532,1286.86321032736,-0.0,2.2000000000000455,-101.56212
7434000.0,600,modelica,native,True,19.999886509984606,1419.044927162329,-0.0,0.6000000000000227,-101.56212
7437600.0,600,modelica,native,True,19.999906843425208,1551.944199592008,-0.0,-0.5999999999999659,-101.56212
7441200.0,600,modelica,native,True,19.999947734621912,1659.069760385619,-0.0,-1.099999999999966,-101.56212
7444800.0,600,modelica,native,True,19.999974924800313,1720.782070253425,-0.0,-1.099999999999966,-101.56212
7448400.0,600,modelica,native,True,19.999986627590715,1750.599953902298,-0.0,-1.099999999999966,-101.56212
7452000.0,600,modelica,native,True,20.000001721586727,1783.131455338531,-0.0,-2.1999999999999886,35.88310399648023
7455600.0,600,modelica,native,True,20.000363552569013,1719.75688221746,-0.0,-0.5999999999999659,815.1095376368328
7459200.0,600,modelica,native,True,20.000801174347714,1233.34824867328,-0.0,2.8000000000000114,2357.087006332843
7462800.0,600,modelica,native,True,20.701241135546013,301.7533882861667,-0.0,6.100000000000023,4162.819427313583
7466400.0,600,modelica,native,True,25.9510266961463,5.239910549587673e-07,-0.0,7.800000000000011,5738.211313046451
7470000.0,600,modelica,native,True,27.001212236548895,2.914004855685764e-09,828.0104359838698,8.300000000000011,6772.139288095133
7473600.0,600,modelica,native,True,27.00073225695172,0.0,2255.941719887522,8.900000000000034,7114.579082547109
7477200.0,600,modelica,native,True,27.000316178397725,0.0,3105.70374931097,10.0,6845.659792437838
7480800.0,600,modelica,native,True,26.999829453803898,0.0,3417.10596671025,9.400000000000034,5902.352663455767
7484400.0,600,modelica,native,True,26.999477205160304,0.0,3194.036046427356,10.600000000000023,4382.953278317224
7488000.0,600,modelica,native,True,26.999151219752946,0.0,2535.541026877297,10.600000000000023,2564.758833047275
7491600.0,600,modelica,native,True,26.9990518475297,0.0,1519.200256854428,10.0,973.2175860371948
7495200.0,600,modelica,native,True,26.91094038288395,0.0,417.4532836076949,8.900000000000034,81.78165079674676
7498800.0,600,modelica,native,True,23.935184656770048,0.0,-0.0003340231047736,6.7000000000000455,-99.53071074930509
7502400.0,600,modelica,native,True,20.96601408111411,0.0,-1.157654656304254e-07,5.600000000000023,-101.56212
7506000.0,600,modelica,native,True,19.99963025184684,168.0325308375888,-0.0,7.2000000000000455,-101.56212
7509600.0,600,modelica,native,True,19.999693258585637,641.9197305697865,-0.0,4.400000000000034,-101.56212
7513200.0,600,modelica,native,True,19.999808654031426,992.3168731660312,-0.0,3.3000000000000114,-101.56212
7516800.0,600,modelica,native,True,19.999832478430108,1241.035187322034,-0.0,1.1000000000000227,-101.56212
7520400.0,600,modelica,native,True,19.999926633544305,1416.606790116098,-0.0,1.1000000000000227,-101.56212
7524000.0,600,modelica,native,True,19.999947893823844,1510.699469879733,-0.0,0.6000000000000227,-101.56212
7527600.0,600,modelica,native,True,19.999995958441218,1562.463800632954,-0.0,1.1000000000000227,-101.56212
7531200.0,600,modelica,native,True,19.999997418719147,1572.675054740376,-0.0,1.1000000000000227,-101.56212
7534800.0,600,modelica,native,True,20.000029592113833,1568.196043219036,-0.0,1.7000000000000455,-101.4819957825436
7538400.0,600,modelica,native,True,20.000088944728645,1525.23440551122,-0.0,2.8000000000000114,-6.876849395535658
7542000.0,600,modelica,native,True,20.000166481490226,1415.036014668412,-0.0,2.8000000000000114,388.4574388692854
7545600.0,600,modelica,native,True,20.0002562269608,1206.784167371591,-0.0,3.900000000000034,758.8163204247606
7549200.0,600,modelica,native,True,20.00061820068123,876.3193035904567,-0.0,5.600000000000023,1985.625575283501
7552800.0,600,modelica,native,True,20.578627848060307,186.6566324305534,-0.0,6.100000000000023,2455.175951575027
7556400.0,600,modelica,native,True,20.4891344454839,0.0,-0.0,4.400000000000034,1338.114066259797
7560000.0,600,modelica,native,True,20.004430079765143,0.2917940878868103,-0.0,4.400000000000034,1136.194113860403
7563600.0,600,modelica,native,True,19.9996858201186,218.9641821991073,-0.0,1.1000000000000227,849.1148861052818
7567200.0,600,modelica,native,True,19.999916915145207,561.477073911296,-0.0,0.6000000000000227,975.6295162951228
7570800.0,600,modelica,native,True,20.000001888237307,654.7026488643222,-0.0,2.2000000000000455,947.155269899414
7574400.0,600,modelica,native,True,20.000001094506104,658.1641576369603,-0.0,3.3000000000000114,832.1696351641727
7578000.0,600,modelica,native,True,19.999865775212925,682.0026023726994,-0.0,2.2000000000000455,670.6064616582474
7581600.0,600,modelica,native,True,19.999686187707198,864.515212940375,-0.0,0.0,112.1186429426822
7585200.0,600,modelica,native,True,19.999769060828612,1212.828570172522,-0.0,-0.5999999999999659,-100.9343738282752
7588800.0,600,modelica,native,True,19.999865460372746,1482.302765307426,-0.0,-1.099999999999966,-101.56212
7592400.0,600,modelica,native,True,19.999907150595448,1643.589667542775,-0.0,-1.6999999999999886,-101.56212
7596000.0,600,modelica,native,True,19.99992271320201,1762.686181915866,-0.0,-2.7999999999999545,-101.56212
7599600.0,600,modelica,native,True,19.999965003678142,1849.543299920294,-0.0,-2.7999999999999545,-101.56212
7603200.0,600,modelica,native,True,19.99998241064634,1890.766812952359,-0.0,-2.7999999999999545,-101.56212
7606800.0,600,modelica,native,True,19.99999171144043,1911.231319585906,-0.0,-2.7999999999999545,-101.56212
7610400.0,600,modelica,native,True,20.000010877849718,1908.650333953963,-0.0,-2.1999999999999886,-101.56212
7614000.0,600,modelica,native,True,19.9999787285995,1903.004442213906,-0.0,-2.7999999999999545,-101.56212
7617600.0,600,modelica,native,True,19.999972165741497,1928.230296311908,-0.0,-3.2999999999999545,-101.56212
7621200.0,600,modelica,native,True,19.999960121424635,1964.615810128053,-0.0,-3.8999999999999773,-99.15522951605163
7624800.0,600,modelica,native,True,20.000024007016634,2003.973514256477,-0.0,-4.399999999999977,58.58654251651183
7628400.0,600,modelica,native,True,20.00034332367551,1918.978624200026,-0.0,-2.7999999999999545,801.4866933934848
7632000.0,600,modelica,native,True,20.000725569498513,1461.84113407082,-0.0,-0.5999999999999659,2279.793993155215
7635600.0,600,modelica,native,True,20.001704104445025,565.5863143544727,-0.0,1.7000000000000455,4069.254739282064
7639200.0,600,modelica,native,True,24.216922417425735,-0.0042715337541368,-0.0,4.400000000000034,5630.210991289392
7642800.0,600,modelica,native,True,27.001325898862603,1.447783576117622e-05,429.6792110435168,7.800000000000011,6640.531917548318
7646400.0,600,modelica,native,True,27.000851741295605,0.0,1957.1590398656,9.400000000000034,6979.770396341271
7650000.0,600,modelica,native,True,27.000392501586532,0.0,2943.61022752285,11.100000000000023,6717.49211037752
7653600.0,600,modelica,native,True,26.99990355725265,0.0,3360.435497016907,11.700000000000045,5771.920095459895
7657200.0,600,modelica,native,True,26.999485922494614,0.0,3209.005339173476,12.200000000000045,4257.532867117947
7660800.0,600,modelica,native,True,26.999129075173244,0.0,2546.300718710952,11.100000000000023,2467.936767024148
7664400.0,600,modelica,native,True,26.999086138595715,0.0,1521.109369052781,11.100000000000023,932.9863888422256
7668000.0,600,modelica,native,True,26.983776147809124,0.0,452.7113057949808,10.0,104.1068974454526
7671600.0,600,modelica,native,True,24.348099976769106,0.0,0.0001190569665696,8.300000000000011,-95.21092413685672
7675200.0,600,modelica,native,True,21.46216016342032,0.0,-7.005002763536241e-06,6.100000000000023,-101.56212
7678800.0,600,modelica,native,True,19.99953133462435,138.3324613200294,2.1987491183810763e-08,4.400000000000034,-101.56212
7682400.0,600,modelica,native,True,19.999697073379423,707.2705695637068,-0.0,3.3000000000000114,-101.56212
7686000.0,600,modelica,native,True,19.999828442276225,1058.940777448283,-0.0,2.8000000000000114,-101.56212
7689600.0,600,modelica,native,True,19.999850084127445,1278.120838680002,-0.0,1.1000000000000227,-101.56212
7693200.0,600,modelica,native,True,19.99991982356744,1446.281657646232,-0.0,0.6000000000000227,-101.56212
7696800.0,600,modelica,native,True,19.999966048928115,1540.242623732355,-0.0,0.6000000000000227,-101.56212
7700400.0,600,modelica,native,True,20.000002441368906,1575.137320364316,-0.0,1.1000000000000227,-101.56212
7704000.0,600,modelica,native,True,19.99999297956731,1577.176825992531,-0.0,1.1000000000000227,-101.56212
7707600.0,600,modelica,native,True,19.999975787079904,1589.653603549798,-0.0,0.6000000000000227,-101.56212
7711200.0,600,modelica,native,True,20.000056130823737,1611.929917822944,-0.0,0.6000000000000227,40.09701404731141
7714800.0,600,modelica,native,True,20.000415183258212,1484.895314434104,-0.0,3.3000000000000114,801.691719009424
7718400.0,600,modelica,native,True,20.00082352451051,938.6922017349136,-0.0,7.2000000000000455,2284.620702755983
7722000.0,600,modelica,native,True,21.76840949695685,116.5270485806465,-0.0,10.600000000000023,4040.604693233295
7725600.0,600,modelica,native,True,26.984396493270538,6.744596693250868e-07,32.93104358249241,13.300000000000011,5600.481566553382
7729200.0,600,modelica,native,True,27.00123094579544,0.0,1366.748322970602,15.600000000000023,6617.661352214161
7732800.0,600,modelica,native,True,27.000720250442043,0.0,2796.510173227257,16.700000000000045,6865.153418830102
7736400.0,600,modelica,native,True,27.000330203038914,0.0,3654.930531188117,17.80000000000001,6684.376148499092
7740000.0,600,modelica,native,True,26.999871162294426,0.0,3997.667863299317,18.30000000000001,5726.082832783772
7743600.0,600,modelica,native,True,26.99949484169491,0.0,3814.234358968735,19.400000000000034,4206.726340285481
7747200.0,600,modelica,native,True,26.999166699719638,0.0,3176.663860716555,19.400000000000034,2440.903293768643
7750800.0,600,modelica,native,True,26.999059958720295,0.0,2179.010881328583,18.30000000000001,919.1212903326012
7754400.0,600,modelica,native,True,26.999200030675013,0.0,1084.686606213252,16.700000000000045,82.96104067065559
7758000.0,600,modelica,native,True,26.58437189865623,0.0,192.4282550504473,14.400000000000034,-101.0328769
7761600.0,600,modelica,native,True,24.384247741565446,0.0,-6.365776062011719e-07,12.200000000000045,-101.56212
7765200.0,600,modelica,native,True,22.23417859811974,0.0,3.019968668619792e-08,10.600000000000023,-101.56212
7768800.0,600,modelica,native,True,20.219542587782428,0.0,-0.0,9.200000000000045,-101.56212
7772400.0,600,modelica,native,True,19.999673536341845,275.6091311852137,-0.0,7.7000000000000455,-101.56212
7776000.0,600,modelica,native,True,19.999784607328706,667.6145664167404,-0.0,6.300000000000011,-101.56212
7779600.0,600,modelica,native,True,19.99984003716571,923.5575451962152,-0.0,4.900000000000034,-101.56212
7783200.0,600,modelica,native,True,19.999867914935237,1113.795224522485,-0.0,3.5,-101.56212
7786800.0,600,modelica,native,True,19.999875213471796,1273.215488217407,-0.0,2.0,-101.56212
7790400.0,600,modelica,native,True,19.999891270422324,1418.778679369291,-0.0,0.6000000000000227,-101.56212
7794000.0,600,modelica,native,True,19.999940594516545,1542.932004425791,-0.0,0.0,-101.56212
7797600.0,600,modelica,native,True,20.000021212090928,1604.891101895968,-0.0,0.6000000000000227,-57.65860735473634
7801200.0,600,modelica,native,True,20.00011963190724,1560.4100238355,-0.0,2.0,131.4895140503756
7804800.0,600,modelica,native,True,20.000076146259346,1448.082777027554,-0.0,1.1000000000000227,311.2705956668863
7808400.0,600,modelica,native,True,20.000105143858548,1344.535754084852,-0.0,1.7000000000000455,453.981413923815
7812000.0,600,modelica,native,True,20.00013604736654,1218.327866293589,-0.0,1.7000000000000455,701.4784417509454
7815600.0,600,modelica,native,True,20.000142527855928,1053.794434719616,-0.0,1.7000000000000455,962.6761249523732
7819200.0,600,modelica,native,True,20.000052794908243,889.0328703369034,-0.0,2.2000000000000455,848.460847656623
7822800.0,600,modelica,native,True,20.000201953135843,827.3460160721673,-0.0,2.2000000000000455,1319.857170218102
7826400.0,600,modelica,native,True,20.00001369649482,564.1463884692722,-0.0,2.8000000000000114,1189.321318622744
7830000.0,600,modelica,native,True,19.999806016346213,541.4827507975366,-0.0,2.8000000000000114,489.6661155681014
7833600.0,600,modelica,native,True,19.9998370289224,770.0537542234526,-0.0,2.8000000000000114,287.8847794761297
7837200.0,600,modelica,native,True,19.99980250989171,978.9888052490022,-0.0,1.7000000000000455,91.44871696690942
7840800.0,600,modelica,native,True,19.999812251341837,1211.171255652375,-0.0,0.6000000000000227,-66.08228318051565
7844400.0,600,modelica,native,True,19.999854863440305,1431.042721561061,-0.0,-0.5999999999999659,-101.56212
7848000.0,600,modelica,native,True,19.999913889178515,1596.250927099387,-0.0,-1.099999999999966,-101.56212
7851600.0,600,modelica,native,True,19.999932200332125,1700.267575831678,-0.0,-1.6999999999999886,-101.56212
7855200.0,600,modelica,native,True,19.999926151143313,1789.027343038718,-0.0,-2.7999999999999545,-101.56212
7858800.0,600,modelica,native,True,19.99994712907244,1872.369274485906,-0.0,-3.2999999999999545,-101.56212
7862400.0,600,modelica,native,True,19.99995301246821,1937.337615314854,-0.0,-3.8999999999999773,-101.56212
7866000.0,600,modelica,native,True,19.999978201616216,1987.574941143195,-0.0,-4.0,-101.56212
7869600.0,600,modelica,native,True,19.9999873810836,2013.209325583511,-0.0,-4.0,-101.56212
7873200.0,600,modelica,native,True,19.999973933427498,2032.193538386557,-0.0,-4.399999999999977,-101.56212
7876800.0,600,modelica,native,True,19.999965416576913,2065.587075212797,-0.0,-5.0,-101.56212
7880400.0,600,modelica,native,True,19.999984600376308,2098.122473803096,-0.0,-5.0,-101.56212
7884000.0,600,modelica,native,True,20.000002672276935,2123.012910495334,-0.0,-5.599999999999966,0.604448515525533
7887600.0,600,modelica,native,True,20.000075795533917,2106.824438539611,-0.0,-6.0,262.5879661977269
7891200.0,600,modelica,native,True,20.00013515611505,2002.069322788185,-0.0,-5.0,429.2993491926684
7894800.0,600,modelica,native,True,20.00013526690674,1843.564294063515,-0.0,-4.399999999999977,583.5625026910758
7898400.0,600,modelica,native,True,20.000124598018203,1682.291511236827,-0.0,-3.8999999999999773,714.8390754797858
7902000.0,600,modelica,native,True,20.000152580563224,1537.9728654578,-0.0,-3.8999999999999773,981.5149500521584
7905600.0,600,modelica,native,True,20.000104593561446,1356.256393644545,-0.0,-3.2999999999999545,1045.951175598528
7909200.0,600,modelica,native,True,19.999993066102945,1241.933915852706,-0.0,-3.2999999999999545,859.7796325475889
7912800.0,600,modelica,native,True,19.999938147188004,1253.477877237002,-0.0,-3.2999999999999545,677.6122191039968
7916400.0,600,modelica,native,True,19.999880782079344,1337.548932407432,-0.0,-3.8999999999999773,487.8349802514097
7920000.0,600,modelica,native,True,19.999866025827032,1479.740068634351,-0.0,-4.399999999999977,303.3263728629947
7923600.0,600,modelica,native,True,19.99987074893403,1634.142613556385,-0.0,-4.399999999999977,111.161948321084
7927200.0,600,modelica,native,True,19.999854075056646,1794.183103847239,-0.0,-5.0,-69.46576556390383
7930800.0,600,modelica,native,True,19.999895964795314,1958.952398028109,-0.0,-5.599999999999966,-101.56212
7934400.0,600,modelica,native,True,19.9999360457968,2079.805198841625,-0.0,-6.0,-101.56212
7938000.0,600,modelica,native,True,19.999965705746604,2150.753826240169,-0.0,-6.099999999999966,-101.56212
7941600.0,600,modelica,native,True,19.99995772462313,2200.449781221814,-0.0,-6.699999999999989,-101.56212
7945200.0,600,modelica,native,True,19.99998939813554,2243.676695511076,-0.0,-6.699999999999989,-101.56212
7948800.0,600,modelica,native,True,20.00001237976494,2248.742772991922,-0.0,-6.099999999999966,-101.56212
7952400.0,600,modelica,native,True,20.000004245772743,2235.754667149914,-0.0,-6.099999999999966,-101.56212
7956000.0,600,modelica,native,True,20.000001547803095,2230.996128297912,-0.0,-6.099999999999966,-101.56212
7959600.0,600,modelica,native,True,19.999903841086336,2281.501863698959,-0.0,-8.899999999999977,-101.56212
7963200.0,600,modelica,native,True,20.000034985988123,2350.251091250579,-0.0,-7.0,-101.56212
7966800.0,600,modelica,native,True,20.000018796246025,2315.079130208228,-0.0,-6.699999999999989,-101.56212
7970400.0,600,modelica,native,True,20.000027116547244,2297.206982653671,-0.0,-6.699999999999989,-60.52283061149848
7974000.0,600,modelica,native,True,20.000111012481398,2242.519455793169,-0.0,-5.599999999999966,100.4238848558365
7977600.0,600,modelica,native,True,20.000136976339036,2113.608571543959,-0.0,-5.0,288.660925933487
7981200.0,600,modelica,native,True,20.00017253940223,1942.598523204592,-0.0,-3.8999999999999773,487.430064234657
7984800.0,600,modelica,native,True,20.000335116959036,1730.379721431732,-0.0,-3.2999999999999545,1161.702703849875
7988400.0,600,modelica,native,True,20.000595959239604,1290.603518656889,-0.0,-3.2999999999999545,2550.377869075478
7992000.0,600,modelica,native,True,20.000743782311133,584.9684978082445,-0.0,-2.1999999999999886,3721.610697106866
7995600.0,600,modelica,native,True,22.333063780805503,17.23770036088096,-0.0,0.0,4530.68597501897
7999200.0,600,modelica,native,True,25.73286211414512,0.0,-0.0,3.3000000000000114,4036.89708740056
8002800.0,600,modelica,native,True,27.000057362987604,0.0,60.97117586029901,3.3000000000000114,3065.141694072506
8006400.0,600,modelica,native,True,26.99967229987385,0.0,139.8674720578724,3.3000000000000114,1824.637788472306
8010000.0,600,modelica,native,True,25.15545011388565,0.0,0.0523945453431871,2.2000000000000455,879.1860121845734
8013600.0,600,modelica,native,True,22.366828764636296,0.0,-0.0,2.2000000000000455,133.8682184857772
8017200.0,600,modelica,native,True,19.999726995338506,110.6233370235231,-0.0,-0.5999999999999659,-101.56212
8020800.0,600,modelica,native,True,19.999552105130647,871.4947863390711,-0.0,-2.1999999999999886,-101.56212
8024400.0,600,modelica,native,True,19.99974045015705,1399.120019659201,-0.0,-3.2999999999999545,-101.56212
8028000.0,600,modelica,native,True,19.99986043456005,1703.483451270792,-0.0,-3.8999999999999773,-101.56212
8031600.0,600,modelica,native,True,19.99993131553333,1867.748962614271,-0.0,-3.8999999999999773,-101.56212
8035200.0,600,modelica,native,True,19.9999667124938,1948.616012848218,-0.0,-3.8999999999999773,-101.56212
8038800.0,600,modelica,native,True,20.000038272278346,1956.941596924729,-0.0,-2.1999999999999886,-101.56212
8042400.0,600,modelica,native,True,19.999996616886847,1920.615872135427,-0.0,-2.599999999999966,-101.56212
8046000.0,600,modelica,native,True,19.999994140907006,1922.667623855803,-0.0,-2.7999999999999545,-101.56212
8049600.0,600,modelica,native,True,20.000036380500717,1907.025728317367,-0.0,-1.6999999999999886,-101.56212
8053200.0,600,modelica,native,True,19.999953862702398,1883.774997531573,-0.0,-2.7999999999999545,-101.56212
8056800.0,600,modelica,native,True,19.99998328370623,1951.262730481095,-0.0,-5.0,97.07586127841506
8060400.0,600,modelica,native,True,20.00041437058104,1864.023390353786,-0.0,-1.099999999999966,881.7974790225451
8064000.0,600,modelica,native,True,20.00065190602595,1357.641365574731,-0.0,0.0,2176.523029314728
8067600.0,600,modelica,native,True,20.000914050512904,552.4517240023613,-0.0,1.7000000000000455,3808.622566731216
8071200.0,600,modelica,native,True,23.69465546721193,0.7878657783402337,-0.0,3.900000000000034,5389.892197890638
8074800.0,600,modelica,native,True,27.001110032180407,1.0596381293402781e-08,288.2510320602523,7.2000000000000455,6358.062190104358
8078400.0,600,modelica,native,True,27.00071824126951,0.0,1673.758833063179,8.300000000000011,6370.968468748284
8082000.0,600,modelica,native,True,27.000366820464535,0.0,2499.595517631902,9.400000000000034,6222.221067208113
8085600.0,600,modelica,native,True,26.9998017442868,0.0,2866.143792105251,10.600000000000023,4893.590779902786
8089200.0,600,modelica,native,True,26.999234020552535,0.0,2574.003897004392,10.600000000000023,2924.257519785895
8092800.0,600,modelica,native,True,26.99902650809412,0.0,1628.471317907704,8.900000000000034,1240.574351024251
8096400.0,600,modelica,native,True,26.99326562961545,0.0,494.5578450759252,6.100000000000023,528.9019581455386
8100000.0,600,modelica,native,True,24.10320177109054,0.0,-9.720378451877172e-05,3.900000000000034,18.36982087583925
8103600.0,600,modelica,native,True,20.602616614570707,0.0,-1.059638129340278e-09,2.2000000000000455,-101.56212
8107200.0,600,modelica,native,True,19.999492857138705,397.7582992495431,-5.298190646701389e-10,1.1000000000000227,-101.56212
8110800.0,600,modelica,native,True,19.999749475311205,996.5080950291951,-0.0,1.1000000000000227,-101.56212
8114400.0,600,modelica,native,True,19.99985655754614,1298.881490766472,-0.0,0.6000000000000227,-101.56212
8118000.0,600,modelica,native,True,19.999960481827998,1443.197559703986,-0.0,1.7000000000000455,-101.56212
8121600.0,600,modelica,native,True,19.9999528120444,1495.239841293759,-0.0,1.1000000000000227,-101.56212
8125200.0,600,modelica,native,True,19.99995803112745,1550.562198775874,-0.0,0.6000000000000227,-101.56212
8128800.0,600,modelica,native,True,19.999963616214416,1603.891334308253,-0.0,0.0,-101.56212
8132400.0,600,modelica,native,True,19.999983939255003,1644.247746771442,-0.0,0.0,-101.56212
8136000.0,600,modelica,native,True,19.999991662820605,1663.478007663356,-0.0,0.0,-101.56212
8139600.0,600,modelica,native,True,19.9999959044967,1673.176682444149,-0.0,0.0,-101.56212
8143200.0,600,modelica,native,True,20.000070641063417,1673.740243742466,-0.0,0.0,100.5185415465636
8146800.0,600,modelica,native,True,20.000263688368136,1558.879682570563,-0.0,0.0,824.9070738156863
8150400.0,600,modelica,native,True,20.000420016730402,1228.657401717239,-0.0,0.0,1685.57068980494
8154000.0,600,modelica,native,True,20.000864841800137,706.1858496554693,-0.0,2.8000000000000114,3194.293935584011
8157600.0,600,modelica,native,True,23.5375856150701,36.57918643527561,-0.0,5.600000000000023,5568.013201031064
8161200.0,600,modelica,native,True,27.001060648827718,0.0,271.3937032254537,7.2000000000000455,6238.428447125499
8164800.0,600,modelica,native,True,27.000814822141308,0.0,1644.040053246551,8.300000000000011,6596.819075311005
8168400.0,600,modelica,native,True,27.000378598278814,0.0,2613.304048658477,10.600000000000023,6323.377204655122
8172000.0,600,modelica,native,True,26.999863351940803,0.0,3010.44183841255,10.600000000000023,5320.9989654592
8175600.0,600,modelica,native,True,26.999487731766635,0.0,2814.755001659923,11.100000000000023,3873.777792678487
8179200.0,600,modelica,native,True,26.999230371620627,0.0,2179.171123821206,11.100000000000023,2244.391688538914
8182800.0,600,modelica,native,True,26.999196720975647,0.0,1264.322753512065,11.100000000000023,902.3039902751034
8186400.0,600,modelica,native,True,26.77022656925203,0.0,317.9737782401509,8.900000000000034,132.3023941620017
8190000.0,600,modelica,native,True,23.49267425667341,0.0,5.7220458984375e-08,5.0,-101.56212
8193600.0,600,modelica,native,True,20.316985994292395,0.0,-0.0,3.900000000000034,-101.56212
8197200.0,600,modelica,native,True,19.999520435510306,430.8986823603842,-0.0,1.7000000000000455,-101.56212
8200800.0,600,modelica,native,True,19.99974431871061,1000.72162346628,-0.0,1.1000000000000227,-101.56212
8204400.0,600,modelica,native,True,19.99985380718175,1302.637908675141,-0.0,0.6000000000000227,-101.56212
8208000.0,600,modelica,native,True,19.999938985214612,1469.122830150392,-0.0,0.6000000000000227,-101.56212
8211600.0,600,modelica,native,True,20.00004337518493,1506.733794778188,-0.0,2.8000000000000114,-101.56212
8215200.0,600,modelica,native,True,19.9999893336917,1474.624273221228,-0.0,2.2000000000000455,-101.56212
8218800.0,600,modelica,native,True,19.999990840874716,1481.13665610022,-0.0,2.2000000000000455,-101.56212
8222400.0,600,modelica,native,True,19.999952180898845,1504.40625442293,-0.0,1.1000000000000227,-101.56212
8226000.0,600,modelica,native,True,19.99996053247702,1556.654560498662,-0.0,0.6000000000000227,-101.56212
8229600.0,600,modelica,native,True,20.00005491451094,1600.939850982825,-0.0,0.0,159.700727472229
8233200.0,600,modelica,native,True,20.000384136729338,1478.542463328044,-0.0,1.7000000000000455,958.6592278913369
8236800.0,600,modelica,native,True,20.00073626999773,984.6359628706508,-0.0,4.400000000000034,2328.966369859886
8240400.0,600,modelica,native,True,21.052114391955513,181.650532927778,-0.0,7.2000000000000455,3841.423828219052
8244000.0,600,modelica,native,True,25.865594532189505,-1.038975185818142e-06,-0.0,10.0,5107.839154361533
8247600.0,600,modelica,native,True,27.00122042883902,2.914004855685764e-09,749.6044780365626,12.800000000000011,6050.244171796378
8251200.0,600,modelica,native,True,27.000775487646308,0.0,2172.970995795992,14.400000000000034,6421.126189366257
8254800.0,600,modelica,native,True,27.000460835373644,0.0,3081.03418765227,16.700000000000045,6367.754902606433
8258400.0,600,modelica,native,True,26.999946223442635,0.0,3561.961498184204,18.900000000000034,5274.395385420382
8262000.0,600,modelica,native,True,26.9995165762586,0.0,3459.249544280635,19.400000000000034,3838.555897451243
8265600.0,600,modelica,native,True,26.999252244013235,0.0,2866.563995212714,19.400000000000034,2254.335851086027
8269200.0,600,modelica,native,True,26.99917195138613,0.0,1972.258822055658,18.900000000000034,888.1823812733704
8272800.0,600,modelica,native,True,26.999261341929127,0.0,1002.444326341682,17.200000000000045,116.9960897477741
8276400.0,600,modelica,native,True,26.295321734731147,0.0,163.3540281740824,12.800000000000011,-101.56212
8280000.0,600,modelica,native,True,24.068327914291842,0.0,-5.298190646701389e-10,12.200000000000045,-101.56212
8283600.0,600,modelica,native,True,22.140096821090822,0.0,-0.0,11.700000000000045,-101.56212
8287200.0,600,modelica,native,True,20.304120240520604,0.0,-0.0,10.0,-101.56212
8290800.0,600,modelica,native,True,19.999708345157103,226.1354898357391,-0.0,8.900000000000034,-101.56212
8294400.0,600,modelica,native,True,19.999827477585313,572.2843781073888,-0.0,8.300000000000011,-101.56212
8298000.0,600,modelica,native,True,19.999870871911412,778.8156827680269,-0.0,7.2000000000000455,-101.56212
8301600.0,600,modelica,native,True,19.99989521815553,933.152026067045,-0.0,6.100000000000023,-101.56212
8305200.0,600,modelica,native,True,20.000022087824505,1010.465380049811,-0.0,7.800000000000011,-101.56212
8308800.0,600,modelica,native,True,19.999933823493848,1008.583089508745,-0.0,6.7000000000000455,-101.56212
8312400.0,600,modelica,native,True,19.999860340663304,1102.898277849621,-0.0,3.900000000000034,-101.56212
8316000.0,600,modelica,native,True,20.000068329696035,1242.852682614062,-0.0,3.3000000000000114,196.306330608912
8319600.0,600,modelica,native,True,20.00045939594105,1107.329578446547,-0.0,6.7000000000000455,1002.971672154743
8323200.0,600,modelica,native,True,20.000807504862905,490.537078622712,-0.0,12.200000000000045,2312.830808783546
8326800.0,600,modelica,native,True,23.22930510412243,0.4841403656535678,-0.0,13.900000000000034,3784.741606542593
8330400.0,600,modelica,native,True,26.999849279753732,1.801649729410807e-06,131.915931271712,15.600000000000023,5131.599198958754
8334000.0,600,modelica,native,True,27.001092130084714,0.0,1504.033212191794,18.30000000000001,6020.010054781796
8337600.0,600,modelica,native,True,27.000678323733837,0.0,2775.651977160507,19.400000000000034,6370.014458264033
8341200.0,600,modelica,native,True,27.000281655270214,0.0,3559.871064831681,21.100000000000023,6012.461649058956
8344800.0,600,modelica,native,True,26.999894827912044,0.0,3856.262076600128,21.700000000000045,5205.765841167386
8348400.0,600,modelica,native,True,26.999493020865827,0.0,3682.01154387686,21.700000000000045,3820.063359367276
8352000.0,600,modelica,native,True,26.999164947971906,0.0,3040.026756300661,20.0,2210.648061903823
8355600.0,600,modelica,native,True,26.999128713742607,0.0,2069.188299608496,19.400000000000034,877.2018520176173
8359200.0,600,modelica,native,True,26.9992141745675,0.0,1046.880792526404,16.700000000000045,124.8336921371176
8362800.0,600,modelica,native,True,26.465211326032943,0.0,175.9101044148869,13.900000000000034,-101.56212
8366400.0,600,modelica,native,True,24.345247894427246,0.0,3.663698832194011e-06,12.800000000000011,-101.56212
8370000.0,600,modelica,native,True,22.398016235764146,0.0,-5.0332811143663204e-09,11.700000000000045,-101.56212
8373600.0,600,modelica,native,True,20.50475971983775,0.0,-0.0,10.0,-101.56212
8377200.0,600,modelica,native,True,19.9996565429787,193.5579749035835,-0.0,8.300000000000011,-101.56212
8380800.0,600,modelica,native,True,19.99988917079935,570.6383730835385,-0.0,8.900000000000034,-101.56212
8384400.0,600,modelica,native,True,20.000041380797313,666.9031604059537,-0.0,12.0,-101.56212
8388000.0,600,modelica,native,True,19.999881832654637,697.8998561374347,-0.0,8.300000000000011,-101.56212
8391600.0,600,modelica,native,True,19.999941657832835,829.3041778503524,-0.0,8.300000000000011,-101.56212
8395200.0,600,modelica,native,True,19.999934512416644,908.1570280358526,-0.0,7.2000000000000455,-101.56212
8398800.0,600,modelica,native,True,19.999970354899915,977.6240445306566,-0.0,7.2000000000000455,-101.56212
8402400.0,600,modelica,native,True,20.000079222525244,1013.473369150957,-0.0,6.7000000000000455,204.8880203165652
8406000.0,600,modelica,native,True,20.000150064012416,895.7609152481291,-0.0,7.2000000000000455,506.5706409680249
8409600.0,600,modelica,native,True,20.000463176070696,708.1070976156659,-0.0,8.300000000000011,1431.564964566713
8413200.0,600,modelica,native,True,21.0420741694507,172.3537448064486,-0.0,10.0,3596.260088389981
8416800.0,600,modelica,native,True,26.424797453226518,1.324547661675347e-09,-0.0,13.300000000000011,5290.217055580416
8420400.0,600,modelica,native,True,27.001206885875035,0.0,1002.660704842673,15.600000000000023,6089.867709696892
8424000.0,600,modelica,native,True,27.00066501984753,0.0,2407.700445582866,16.100000000000023,6267.586766343862
8427600.0,600,modelica,native,True,27.000252773828095,0.0,3178.337445788648,17.200000000000045,5892.484084198401
8431200.0,600,modelica,native,True,26.99985183076393,0.0,3444.994196118249,17.80000000000001,5023.665466420448
8434800.0,600,modelica,native,True,26.999461078847105,0.0,3218.126027607653,16.700000000000045,3699.138880392609
8438400.0,600,modelica,native,True,26.999211576133234,0.0,2548.272687203884,16.100000000000023,2111.741364230335
8442000.0,600,modelica,native,True,26.999198109624444,0.0,1614.708018750615,15.600000000000023,856.0052200299733
8445600.0,600,modelica,native,True,26.999299016611246,0.0,677.5213428391351,14.400000000000034,138.2907559042407
8449200.0,600,modelica,native,True,25.267746982178835,0.0,36.44518465174569,9.400000000000034,-101.56212
8452800.0,600,modelica,native,True,22.17080087989342,0.0,-0.0,5.600000000000023,-101.56212
8456400.0,600,modelica,native,True,19.999924933765215,80.971511923737,-0.0,2.8000000000000114,-101.56212
8460000.0,600,modelica,native,True,19.999649418262038,707.3309974079662,-0.0,1.7000000000000455,-101.56212
8463600.0,600,modelica,native,True,19.999827155838318,1120.113864755366,-0.0,1.7000000000000455,-101.56212
8467200.0,600,modelica,native,True,19.9998976106275,1324.880331742763,-0.0,1.7000000000000455,-101.56212
8470800.0,600,modelica,native,True,19.99992097056463,1436.030878366894,-0.0,1.1000000000000227,-101.56212
8474400.0,600,modelica,native,True,19.999863575840607,1565.010412835545,-0.0,-1.6999999999999886,-101.56212
8478000.0,600,modelica,native,True,20.000033794519197,1666.357148997784,-0.0,0.6000000000000227,-101.56212
8481600.0,600,modelica,native,True,19.999993245102303,1653.580649471548,-0.0,0.0,-101.56212
8485200.0,600,modelica,native,True,20.000067668965244,1638.733993389342,-0.0,1.7000000000000455,-101.56212
8488800.0,600,modelica,native,True,20.000165066494617,1594.323442644278,-0.0,1.1000000000000227,230.2512109442342
8492400.0,600,modelica,native,True,20.000505279802496,1342.627957033846,-0.0,5.600000000000023,992.6042066096188
8496000.0,600,modelica,native,True,20.000779517142348,705.6878773554166,-0.0,9.400000000000034,2223.121684115766
8499600.0,600,modelica,native,True,22.304953812740507,40.081242904928,-0.0,12.200000000000045,3789.764957163473
8503200.0,600,modelica,native,True,26.98853465875402,0.0,35.18322645054923,13.900000000000034,5067.063122406687
8506800.0,600,modelica,native,True,27.001089104363814,0.0,1212.638667918576,15.600000000000023,5953.872989697876
8510400.0,600,modelica,native,True,27.000716435031848,0.0,2495.624379471673,16.700000000000045,6499.13556637075
8514000.0,600,modelica,native,True,26.999606604559744,0.0,3223.204604686631,15.600000000000023,4432.736764556189
8517600.0,600,modelica,native,True,26.99961518283004,0.0,2741.983729377852,15.600000000000023,3438.430769331061
8521200.0,600,modelica,native,True,26.999786525682396,0.0,2308.787654765447,15.0,3680.269774971705
8524800.0,600,modelica,native,True,26.999362428941595,0.0,1959.427407618629,12.200000000000045,2315.602147049105
8528400.0,600,modelica,native,True,26.999133752326713,0.0,1190.368744264973,11.100000000000023,746.6278321261448
8532000.0,600,modelica,native,True,26.435467863185636,0.0,244.6670058645142,8.900000000000034,-1.961765997945449
8535600.0,600,modelica,native,True,23.361165511803108,0.0,-2.4371676974826394e-08,6.7000000000000455,-101.56212
8539200.0,600,modelica,native,True,20.503502734701726,0.0,-7.947285970052083e-09,5.600000000000023,-101.56212
8542800.0,600,modelica,native,True,19.999505032592708,372.6277680267228,-0.0,1.7000000000000455,-101.56212
8546400.0,600,modelica,native,True,19.99983189866515,935.0903878000048,-0.0,3.3000000000000114,-101.56212
8550000.0,600,modelica,native,True,19.99994229817611,1133.206375023259,-0.0,4.400000000000034,-101.56212
8553600.0,600,modelica,native,True,19.99992475301002,1228.083914059533,-0.0,3.3000000000000114,-101.56212
8557200.0,600,modelica,native,True,19.999967193993996,1310.865844019784,-0.0,3.3000000000000114,-101.56212
8560800.0,600,modelica,native,True,19.99998299129004,1349.748365763823,-0.0,3.3000000000000114,-101.56212
8564400.0,600,modelica,native,True,19.99997550939355,1378.450008834998,-0.0,2.8000000000000114,-101.56212
8568000.0,600,modelica,native,True,19.99998898268103,1407.02789328893,-0.0,2.8000000000000114,-101.56212
8571600.0,600,modelica,native,True,19.999994311626494,1420.096767912441,-0.0,2.8000000000000114,-101.56212
8575200.0,600,modelica,native,True,20.00008860552441,1432.828477789031,-0.0,2.2000000000000455,204.5225802568758
8578800.0,600,modelica,native,True,20.000427982823112,1258.891643896368,-0.0,4.400000000000034,1116.627928676217
8582400.0,600,modelica,native,True,20.000598381351608,744.0705371316274,-0.0,5.0,2254.862456365884
8586000.0,600,modelica,native,True,20.78380218186544,119.568065893915,-0.0,6.7000000000000455,3428.232985220646
8589600.0,600,modelica,native,True,25.06225870942501,-1.099374559190538e-07,-0.0,8.300000000000011,4927.533764081421
8593200.0,600,modelica,native,True,27.001131864352033,0.0,448.5623187393612,8.900000000000034,5920.679906904025
8596800.0,600,modelica,native,True,27.000693254146597,0.0,1779.388474889331,10.600000000000023,6177.526570450859
8600400.0,600,modelica,native,True,27.00020964773273,0.0,2570.023002986113,10.600000000000023,5777.599020932947
8604000.0,600,modelica,native,True,26.999938145056717,0.0,2811.721844393677,11.100000000000023,5190.086813310751
8607600.0,600,modelica,native,True,26.999241990303005,0.0,2650.179441824754,10.600000000000023,3091.050886764821
8611200.0,600,modelica,native,True,26.99928503000274,0.0,1743.492574526734,10.600000000000023,1783.5052379222
8614800.0,600,modelica,native,True,26.99931611088465,0.0,840.9098790287971,9.400000000000034,986.0589554069256
8618400.0,600,modelica,native,True,26.07573746563503,0.0,122.2381907902824,7.800000000000011,103.809822792326
8622000.0,600,modelica,native,True,22.739486405188643,0.0,-1.62053108215332e-05,4.400000000000034,-101.56212
8625600.0,600,modelica,native,True,20.002124358445315,39.88585248549779,-0.0,2.2000000000000455,-101.56212
8629200.0,600,modelica,native,True,19.99955598487395,659.5004506323073,-0.0,0.6000000000000227,-101.56212
8632800.0,600,modelica,native,True,19.999689071406806,1189.354240278933,-0.0,-1.6999999999999886,-101.56212
8636400.0,600,modelica,native,True,19.999767445511395,1557.977542823686,-0.0,-3.8999999999999773,-101.56212
8640000.0,600,modelica,native,True,19.99995967297542,1771.731913547516,-0.0,-2.1999999999999886,-101.56212
8643600.0,600,modelica,native,True,19.99988668232453,1860.118448468049,-0.0,-4.399999999999977,-101.56212
8647200.0,600,modelica,native,True,19.99993904238721,1971.358022203975,-0.0,-4.399999999999977,-101.56212
8650800.0,600,modelica,native,True,19.999873479147595,2077.320887052748,-0.0,-7.199999999999989,-101.56212
8654400.0,600,modelica,native,True,19.999923949133233,2218.95712909566,-0.0,-7.7999999999999545,-101.56212
8658000.0,600,modelica,native,True,19.99994735940311,2308.987198886076,-0.0,-8.299999999999955,-96.34163011997568
8661600.0,600,modelica,native,True,20.000215768365933,2340.776596138478,-0.0,-6.699999999999989,252.5839714914983
8665200.0,600,modelica,native,True,20.000591440985147,2013.734359190994,-0.0,0.0,973.5260095453324
8668800.0,600,modelica,native,True,20.000789116750298,1286.431540633837,-0.0,3.900000000000034,2183.973267506695
8672400.0,600,modelica,native,True,20.35617773181832,347.2012889880604,-0.0,6.100000000000023,3760.56160866636
8676000.0,600,modelica,native,True,24.94154959641162,-1.20083491007487e-06,-0.0,8.300000000000011,5060.151957600775
8679600.0,600,modelica,native,True,27.001204537286014,0.0,483.3233728604847,10.600000000000023,5929.608229855808
8683200.0,600,modelica,native,True,27.00072820607744,0.0,1872.808290885025,12.200000000000045,6187.837388657181
8686800.0,600,modelica,native,True,27.00036058922325,0.0,2718.85386301438,13.300000000000011,6056.708685639209
8690400.0,600,modelica,native,True,26.999769458239314,0.0,3099.490043837229,15.600000000000023,4595.008155947593
8694000.0,600,modelica,native,True,26.99956145058684,0.0,2802.576833953063,15.0,3536.576473621604
8697600.0,600,modelica,native,True,26.99933852084854,0.0,2223.519400249322,15.600000000000023,2151.090598781913
8701200.0,600,modelica,native,True,26.999187547824533,0.0,1425.271976490815,13.900000000000034,849.9319282851728
8704800.0,600,modelica,native,True,26.999280944955444,0.0,480.5678875539038,11.700000000000045,136.9922927636198
8708400.0,600,modelica,native,True,24.475308820835835,0.0,0.6687981674406264,7.800000000000011,-101.56212
8712000.0,600,modelica,native,True,21.81773238934062,0.0,-0.0,8.300000000000011,-101.56212
8715600.0,600,modelica,native,True,20.00032341970814,50.43304529719882,-0.0,6.100000000000023,-101.56212
8719200.0,600,modelica,native,True,19.999755543388915,497.9362398611175,-0.0,7.2000000000000455,-101.56212
8722800.0,600,modelica,native,True,19.999675928807108,869.3670918567975,-0.0,1.7000000000000455,-101.56212
8726400.0,600,modelica,native,True,19.999814190944107,1233.822024246852,-0.0,0.6000000000000227,-101.56212
8730000.0,600,modelica,native,True,19.999863457225445,1456.554265396595,-0.0,-0.5999999999999659,-101.56212
8733600.0,600,modelica,native,True,20.000081139361725,1542.44058103164,-0.0,2.8000000000000114,-101.56212
8737200.0,600,modelica,native,True,19.999999340773797,1471.694211677975,-0.0,2.8000000000000114,-101.56212
8740800.0,600,modelica,native,True,19.999945953877045,1486.805297767586,-0.0,1.1000000000000227,-101.56212
8744400.0,600,modelica,native,True,19.999983288504495,1540.67127320528,-0.0,1.1000000000000227,-94.85997381586552
8748000.0,600,modelica,native,True,20.000110516634436,1563.244458701875,-0.0,0.6000000000000227,260.5205531938278
8751600.0,600,modelica,native,True,20.000465410066113,1350.478516147137,-0.0,5.0,954.0229525097944
8755200.0,600,modelica,native,True,20.00069441176464,765.7279455108113,-0.0,7.800000000000011,2134.740667660569
8758800.0,600,modelica,native,True,21.562499237589407,82.3231729388237,-0.0,10.0,3591.669476517739
8762400.0,600,modelica,native,True,26.350855936997505,-1.9603305392795143e-08,-0.0,12.200000000000045,4886.631898815228
8766000.0,600,modelica,native,True,27.001228755702527,0.0,880.5273938435978,15.600000000000023,5888.970767428237
8769600.0,600,modelica,native,True,27.00075433642803,0.0,2343.403404305246,18.30000000000001,6139.800484700287
8773200.0,600,modelica,native,True,27.000279872358647,0.0,3215.467239134577,20.0,5694.633258784668
8776800.0,600,modelica,native,True,26.99997456179551,0.0,3532.494839559131,20.600000000000023,5170.175095299808
8780400.0,600,modelica,native,True,26.999406894056506,0.0,3436.00369907909,20.600000000000023,3415.006181351057
8784000.0,600,modelica,native,True,26.9990472324601,0.0,2686.200121863418,19.400000000000034,1416.997672208766
8787600.0,600,modelica,native,True,26.99932922478041,0.0,1601.395024926398,18.900000000000034,808.1088746343164
8791200.0,600,modelica,native,True,26.999368779001543,0.0,770.6075285095638,16.700000000000045,225.8136150723128
8794800.0,600,modelica,native,True,26.116316956324795,0.0,99.9955975786845,13.300000000000011,-101.56212
8798400.0,600,modelica,native,True,24.01507974693311,0.0,-2.237955729166667e-06,12.800000000000011,-101.56212
8802000.0,600,modelica,native,True,21.96519403755491,0.0,1.324547661675347e-07,10.600000000000023,-101.56212
8805600.0,600,modelica,native,True,20.010557855416437,2.800759563710955,-0.0,8.900000000000034,-101.56212
8809200.0,600,modelica,native,True,19.9996631849952,361.6053874137667,-0.0,6.7000000000000455,-101.56212
8812800.0,600,modelica,native,True,19.99984400792573,731.5797410827213,-0.0,6.7000000000000455,-101.56212
8816400.0,600,modelica,native,True,19.999858539442926,939.1732087220086,-0.0,5.0,-101.56212
8820000.0,600,modelica,native,True,19.999958161357426,1071.043859979312,-0.0,6.100000000000023,-101.56212
8823600.0,600,modelica,native,True,19.999895595070996,1142.459255472289,-0.0,3.900000000000034,-101.56212
8827200.0,600,modelica,native,True,19.999947890507315,1259.634786950482,-0.0,3.3000000000000114,-101.56212
8830800.0,600,modelica,native,True,20.000003101892446,1314.675225851801,-0.0,3.900000000000034,-91.82224028752022
8834400.0,600,modelica,native,True,20.000170956587112,1317.403028053443,-0.0,3.900000000000034,290.1692999550789
8838000.0,600,modelica,native,True,20.00044311128795,1080.777744292153,-0.0,7.2000000000000455,998.7828885186464
8841600.0,600,modelica,native,True,20.000702904731213,514.4994342750973,-0.0,10.600000000000023,2119.369934101688
8845200.0,600,modelica,native,True,22.4676997024917,9.978756749629976,-0.0,12.200000000000045,3676.020844904924
8848800.0,600,modelica,native,True,26.989157177600646,5.284945170084636e-07,24.44448365237978,15.0,3501.396240792309
8852400.0,600,modelica,native,True,27.000466719976714,0.0,502.7700097717179,16.700000000000045,2904.229000792528
8856000.0,600,modelica,native,True,27.00096310335931,0.0,1123.381970615917,17.80000000000001,5126.279421830086
8859600.0,600,modelica,native,True,27.000325769693916,0.0,2144.851177332401,18.30000000000001,4784.608199719191
8863200.0,600,modelica,native,True,26.999346677066512,0.0,2369.086530503962,15.600000000000023,2525.104119707411
8866800.0,600,modelica,native,True,26.999116670651347,0.0,1542.17201647626,12.200000000000045,869.7341151294836
8870400.0,600,modelica,native,True,26.999573648340913,0.0,546.586489871343,13.900000000000034,587.5736841389387
8874000.0,600,modelica,native,True,26.93009225382724,0.0,60.42396546973122,15.600000000000023,754.2469122299528
8877600.0,600,modelica,native,True,26.064321519469217,0.0,1.518461439344618e-06,13.900000000000034,260.0771260627375
8881200.0,600,modelica,native,True,23.808884571702208,0.0,-0.0,10.0,-88.5791953916692
8884800.0,600,modelica,native,True,21.188394477851034,0.0,-0.0,7.2000000000000455,-101.56212
8888400.0,600,modelica,native,True,19.999717564955404,84.44872021277746,-0.0,9.400000000000034,-101.56212
8892000.0,600,modelica,native,True,19.999783067720045,455.0617368931241,-0.0,8.300000000000011,-101.56212
8895600.0,600,modelica,native,True,19.999873427481646,710.4706990626123,-0.0,7.800000000000011,-101.56212
8899200.0,600,modelica,native,True,19.999922106113615,862.959048511982,-0.0,7.2000000000000455,-101.56212
8902800.0,600,modelica,native,True,19.999962731630603,953.284942337407,-0.0,7.2000000000000455,-101.56212
8906400.0,600,modelica,native,True,19.999980535462896,997.2202653773626,-0.0,7.2000000000000455,-101.56212
8910000.0,600,modelica,native,True,19.999943464533715,1037.616199331813,-0.0,6.100000000000023,-101.56212
8913600.0,600,modelica,native,True,19.999971455954324,1093.131872953574,-0.0,6.0,-101.56212
8917200.0,600,modelica,native,True,19.999927819617426,1133.830677368906,-0.0,5.0,-89.16380864800706
8920800.0,600,modelica,native,True,20.000038544960717,1213.154513009124,-0.0,2.8000000000000114,358.4092276791815
8924400.0,600,modelica,native,True,20.000080517214315,1165.714232209788,-0.0,0.6000000000000227,858.6584714859544
8928000.0,600,modelica,native,True,19.999986787602836,1074.10852706035,-0.0,0.0,678.412705287884
8931600.0,600,modelica,native,True,19.999946740274936,1090.29559595055,-0.0,0.0,522.9502068485466
8935200.0,600,modelica,native,True,20.000075105868802,1132.865964767403,-0.0,0.0,823.229854780524
8938800.0,600,modelica,native,True,20.00023228814905,1026.498854750262,-0.0,0.0,1435.264297479539
8942400.0,600,modelica,native,True,20.00065138540765,699.313228263855,-0.0,2.0,2766.736390273097
8946000.0,600,modelica,native,True,21.184262989622823,84.21922673278385,-0.0,3.3000000000000114,2677.859692323704
8949600.0,600,modelica,native,True,21.012730158969646,-9.5367431640625e-09,-0.0,3.3000000000000114,2163.599816029323
8953200.0,600,modelica,native,True,21.715402750539,0.0,-0.0,2.8000000000000114,1689.55128232025
8956800.0,600,modelica,native,True,20.64165975949402,0.0,-0.0,3.900000000000034,910.9601939693604
8960400.0,600,modelica,native,True,19.9995909520311,104.6332496195369,-0.0,2.8000000000000114,450.6834632536741
8964000.0,600,modelica,native,True,19.999625010128796,584.6691199832493,-0.0,2.2000000000000455,-23.79730363414141
8967600.0,600,modelica,native,True,19.999774410940006,1014.391829323769,-0.0,1.7000000000000455,-99.89808416849596
8971200.0,600,modelica,native,True,19.99988963566875,1273.311836768786,-0.0,1.7000000000000455,-101.56212
8974800.0,600,modelica,native,True,19.99991005274984,1410.084147924582,-0.0,1.1000000000000227,-101.56212
8978400.0,600,modelica,native,True,19.999893009382333,1530.274510518445,-0.0,-0.5999999999999659,-101.56212
8982000.0,600,modelica,native,True,19.999939759651397,1648.552712784343,-0.0,-1.099999999999966,-101.56212
8985600.0,600,modelica,native,True,19.999970826999345,1713.556883781751,-0.0,-1.0,-101.56212
8989200.0,600,modelica,native,True,19.999915322333607,1774.73345792585,-0.0,-2.7999999999999545,-101.56212
8992800.0,600,modelica,native,True,19.99996108992093,1857.945746091737,-0.0,-2.7999999999999545,-101.56212
8996400.0,600,modelica,native,True,19.999938274293925,1915.2125343034,-0.0,-3.8999999999999773,-101.56212
9000000.0,600,modelica,native,True,19.99996834969511,1977.814596365028,-0.0,-4.0,-101.56212
9003600.0,600,modelica,native,True,19.99993156890531,2039.970869519181,-0.0,-5.599999999999966,-101.56212
9007200.0,600,modelica,native,True,20.00006278375173,2090.754872148832,-0.0,-4.399999999999977,20.23285756647898
9010800.0,600,modelica,native,True,20.00012563808434,2016.430041844315,-0.0,-4.399999999999977,306.7277746119789
9014400.0,600,modelica,native,True,20.000329192096615,1852.860571151839,-0.0,-3.2999999999999545,951.4449502600696
9018000.0,600,modelica,native,True,20.00046448697981,1425.840380339887,-0.0,-2.1999999999999886,1846.492330155082
9021600.0,600,modelica,native,True,20.00062640687645,869.9187479556931,-0.0,-1.099999999999966,2866.706403355111
9025200.0,600,modelica,native,True,20.565985938413803,183.1086920995182,-0.0,0.0,3671.773105155378
9028800.0,600,modelica,native,True,22.865919807527405,0.0,-0.0,1.1000000000000227,3702.585511173832
9032400.0,600,modelica,native,True,24.98834901457593,0.0,-0.0,1.7000000000000455,3903.586453245092
9036000.0,600,modelica,native,True,26.64232196020305,0.0,-0.0,1.0,2689.236059570805
9039600.0,600,modelica,native,True,25.389130256991336,0.0,-0.0,1.7000000000000455,2368.78736355784
9043200.0,600,modelica,native,True,25.413297116128035,0.0,-0.0,1.7000000000000455,1488.620098765699
9046800.0,600,modelica,native,True,22.633650429104136,0.0,-0.0,1.1000000000000227,370.4801474041986
9050400.0,600,modelica,native,True,20.003685530340647,26.55301807297601,-0.0,0.6000000000000227,112.2726527102254
9054000.0,600,modelica,native,True,19.999508797160615,646.7008808178372,-0.0,-1.099999999999966,-80.62338715810681
9057600.0,600,modelica,native,True,19.999742180668704,1208.890425393846,-0.0,-1.099999999999966,-101.56212
9061200.0,600,modelica,native,True,19.99984493760985,1502.821479551527,-0.0,-1.6999999999999886,-101.56212
9064800.0,600,modelica,native,True,19.99986812779963,1700.461601601707,-0.0,-3.2999999999999545,-101.56212
9068400.0,600,modelica,native,True,19.999950123130247,1844.755122193231,-0.0,-3.2999999999999545,-101.56212
9072000.0,600,modelica,native,True,19.999991709052495,1900.508561180698,-0.0,-2.7999999999999545,-101.56212
9075600.0,600,modelica,native,True,19.999972087156436,1923.424814125167,-0.0,-3.2999999999999545,-101.56212
9079200.0,600,modelica,native,True,20.0000038389789,1941.506764450338,-0.0,-2.7999999999999545,-101.56212
9082800.0,600,modelica,native,True,19.999940919994344,1965.58198750178,-0.0,-4.399999999999977,-101.56212
9086400.0,600,modelica,native,True,19.999973604203433,2023.90630547391,-0.0,-4.399999999999977,-101.56212
9090000.0,600,modelica,native,True,19.999966914818515,2059.849701491197,-0.0,-5.0,-88.62541821832801
9093600.0,600,modelica,native,True,20.00014914007295,2086.314131348928,-0.0,-5.0,280.4402429672718
9097200.0,600,modelica,native,True,20.00040560748363,1876.349847611056,-0.0,-2.7999999999999545,1063.780188859863
9100800.0,600,modelica,native,True,20.00052819720014,1356.924153937234,-0.0,-0.5999999999999659,1889.848698069905
9104400.0,600,modelica,native,True,20.000576849949937,775.5005070537991,-0.0,0.6000000000000227,2669.704682492833
9108000.0,600,modelica,native,True,20.572324355530725,140.0346879368358,-0.0,1.0,2765.465641859198
9111600.0,600,modelica,native,True,20.522497768842527,0.0,-0.0,1.7000000000000455,1386.809523492584
9115200.0,600,modelica,native,True,19.999720848992638,107.6584696525998,-0.0,-0.5999999999999659,1221.629119116391
9118800.0,600,modelica,native,True,19.999804953498938,389.7077988081508,-0.0,0.6000000000000227,993.8351753976228
9122400.0,600,modelica,native,True,19.999720172341142,655.4351344402631,-0.0,-1.6999999999999886,661.0572104199152
9126000.0,600,modelica,native,True,19.99981765195531,976.818042983479,-0.0,-2.1999999999999886,536.5390899659865
9129600.0,600,modelica,native,True,19.99990472747271,1189.663264777131,-0.0,-2.0,462.9020396022995
9133200.0,600,modelica,native,True,19.999922073646815,1297.919773075051,-0.0,-1.099999999999966,283.840365448862
9136800.0,600,modelica,native,True,19.9998673261382,1404.086452476449,-0.0,-1.099999999999966,13.18910556219151
9140400.0,600,modelica,native,True,19.999865025338295,1573.541490234534,-0.0,-2.1999999999999886,-76.32261142451907
9144000.0,600,modelica,native,True,19.999945493490316,1708.971259768804,-0.0,-1.6999999999999886,-101.56212
9147600.0,600,modelica,native,True,19.999948243864424,1779.538784017033,-0.0,-2.1999999999999886,-101.56212
9151200.0,600,modelica,native,True,19.999950325316036,1840.490115802288,-0.0,-2.7999999999999545,-101.56212
9154800.0,600,modelica,native,True,19.99992447426291,1906.410848607487,-0.0,-3.8999999999999773,-101.56212
9158400.0,600,modelica,native,True,19.99989814413601,2002.092302979098,-0.0,-5.599999999999966,-101.56212
9162000.0,600,modelica,native,True,19.999922315585195,2119.478254664739,-0.0,-6.699999999999989,-101.56212
9165600.0,600,modelica,native,True,19.999973885410327,2204.691066221396,-0.0,-6.699999999999989,-101.56212
9169200.0,600,modelica,native,True,19.999998144315498,2228.414663968351,-0.0,-6.099999999999966,-101.56212
9172800.0,600,modelica,native,True,19.9999722867733,2236.460849766466,-0.0,-6.699999999999989,-101.56212
9176400.0,600,modelica,native,True,19.99997482430274,2268.89776472542,-0.0,-7.199999999999989,-84.83922473144989
9180000.0,600,modelica,native,True,20.000155543590836,2279.436057712767,-0.0,-7.199999999999989,361.4622043091489
9183600.0,600,modelica,native,True,20.00038688343875,2062.120683093866,-0.0,-5.599999999999966,1088.889265701479
9187200.0,600,modelica,native,True,20.000588189920848,1570.719712660843,-0.0,-2.7999999999999545,1999.428042680912
9190800.0,600,modelica,native,True,20.0008135129184,840.6597259314855,-0.0,-0.5999999999999659,3381.93108258653
9194400.0,600,modelica,native,True,21.89032210020133,72.93497114843792,-0.0,2.2000000000000455,4720.66941857855
9198000.0,600,modelica,native,True,26.59837941239192,-0.0001031139161851,-0.0,3.3000000000000114,5555.226857786895
9201600.0,600,modelica,native,True,27.00081753466145,0.0,758.8778408079677,5.600000000000023,5749.282284050902
9205200.0,600,modelica,native,True,27.0003897069937,0.0,1717.335260379844,7.2000000000000455,5507.582108911606
9208800.0,600,modelica,native,True,26.999979470608707,0.0,2148.090394158363,9.400000000000034,4613.845475322229
9212400.0,600,modelica,native,True,26.999598605373706,0.0,2080.802597165638,10.600000000000023,3243.591646412807
9216000.0,600,modelica,native,True,26.999410414380804,0.0,1592.385490862529,11.700000000000045,1885.948451825642
9219600.0,600,modelica,native,True,26.999380941747745,0.0,889.459574986034,12.200000000000045,826.1773941683728
9223200.0,600,modelica,native,True,26.68547035555821,0.0,187.6588102526135,11.100000000000023,227.8040134247258
9226800.0,600,modelica,native,True,23.949823835089205,0.0,-3.282494015163845e-06,7.800000000000011,-88.72904306572033
9230400.0,600,modelica,native,True,21.098974585876817,0.0,-0.0,6.100000000000023,-101.56212
9234000.0,600,modelica,native,True,19.999549885467218,185.3313300373819,-0.0,5.0,-101.56212
9237600.0,600,modelica,native,True,19.999780158929127,702.5599744757017,-0.0,5.0,-101.56212
9241200.0,600,modelica,native,True,19.999915195900826,957.1620982551576,-0.0,5.600000000000023,-101.56212
9244800.0,600,modelica,native,True,19.999943026417498,1066.862500522402,-0.0,5.600000000000023,-101.56212
9248400.0,600,modelica,native,True,19.999950682580106,1136.886522452302,-0.0,5.0,-101.56212
9252000.0,600,modelica,native,True,19.999993353564207,1175.443682058652,-0.0,5.600000000000023,-101.56212
9255600.0,600,modelica,native,True,19.999969716355736,1189.500923346149,-0.0,5.0,-101.56212
9259200.0,600,modelica,native,True,19.9999628362865,1225.959216115475,-0.0,4.400000000000034,-101.56212
9262800.0,600,modelica,native,True,19.999972212848604,1268.895720268091,-0.0,3.900000000000034,-81.21274223267082
9266400.0,600,modelica,native,True,20.000202814751106,1271.292255734603,-0.0,5.0,301.696192388821
9270000.0,600,modelica,native,True,20.000541083267137,942.4436256133184,-0.0,11.700000000000045,911.7351298573316
9273600.0,600,modelica,native,True,20.122182814638848,282.8537631755405,-0.0,14.400000000000034,1996.262862513604
9277200.0,600,modelica,native,True,23.456941624788442,-1.464154985215929e-06,-0.0,16.100000000000023,3358.665735853216
9280800.0,600,modelica,native,True,26.999711826017233,-1.854366726345486e-09,118.0847645001941,17.200000000000045,4587.985919643203
9284400.0,600,modelica,native,True,27.00103590139645,0.0,1353.251096555657,18.30000000000001,5674.588915632583
9288000.0,600,modelica,native,True,27.000536422909136,0.0,2510.018939718405,18.900000000000034,5689.706974220277
9291600.0,600,modelica,native,True,26.999996371159114,0.0,3096.589220489926,19.400000000000034,4821.372586953878
9295200.0,600,modelica,native,True,26.999799262658996,0.0,3036.381191780037,19.400000000000034,4045.982179149593
9298800.0,600,modelica,native,True,26.999408804569214,0.0,2735.268531135188,19.400000000000034,2625.153962572427
9302400.0,600,modelica,native,True,26.999255058838912,0.0,2058.893673331473,20.0,1083.681281861508
9306000.0,600,modelica,native,True,26.999446967517997,0.0,1183.575339455869,17.80000000000001,766.8216174865106
9309600.0,600,modelica,native,True,26.99953902609343,0.0,523.3584437865682,17.0,295.8546285217238
9313200.0,600,modelica,native,True,26.27973449513371,0.0,57.42907803085115,16.100000000000023,-83.76778740277584
9316800.0,600,modelica,native,True,24.189280697870117,0.0,-0.0,12.200000000000045,-101.56212
9320400.0,600,modelica,native,True,22.224440540470937,0.0,-0.0,11.700000000000045,-101.56212
9324000.0,600,modelica,native,True,20.449569136588707,0.0,-0.0,10.600000000000023,-101.56212
9327600.0,600,modelica,native,True,19.999683709104147,186.7309298782878,-0.0,8.900000000000034,-101.56212
9331200.0,600,modelica,native,True,19.999844497109905,542.9810436166657,-0.0,8.900000000000034,-101.56212
9334800.0,600,modelica,native,True,19.99987878325385,736.2900222757128,-0.0,7.800000000000011,-101.56212
9338400.0,600,modelica,native,True,19.999925125273933,877.1477154747645,-0.0,7.2000000000000455,-101.56212
9342000.0,600,modelica,native,True,19.99996388545651,960.8411841514376,-0.0,7.2000000000000455,-101.56212
9345600.0,600,modelica,native,True,19.999963928447414,1011.186278478305,-0.0,6.7000000000000455,-101.56212
9349200.0,600,modelica,native,True,20.000022253492148,1042.169353012774,-0.0,7.2000000000000455,-77.74268606781543
9352800.0,600,modelica,native,True,20.000196518192638,997.9829145860672,-0.0,8.300000000000011,314.6183338871691
9356400.0,600,modelica,native,True,20.000397242394513,741.9132055939568,-0.0,10.600000000000023,918.1303578574492
9360000.0,600,modelica,native,True,20.28612675358943,224.6552092854182,-0.0,15.0,1996.766330058412
9363600.0,600,modelica,native,True,23.98861838240174,1.494089762369792e-07,-0.0,18.30000000000001,3361.688160252466
9367200.0,600,modelica,native,True,27.000922398739817,1.1391109890407992e-08,223.820507235792,18.900000000000034,4538.244888628242
9370800.0,600,modelica,native,True,27.00047631846934,0.0,1443.677879333231,19.400000000000034,4101.07394410606
9374400.0,600,modelica,native,True,27.00042334103381,0.0,1991.33051583608,21.100000000000023,4197.168566413907
9378000.0,600,modelica,native,True,27.00059341685244,0.0,2549.212735642327,21.100000000000023,5627.479009952989
9381600.0,600,modelica,native,True,26.999967510977797,0.0,3180.898730530474,22.80000000000001,4452.881670884232
9385200.0,600,modelica,native,True,26.99952430093191,0.0,3098.453883325259,21.700000000000045,3118.106335745911
9388800.0,600,modelica,native,True,26.999366911825746,0.0,2528.024309999943,22.200000000000045,1807.344422468814
9392400.0,600,modelica,native,True,26.999324318589743,0.0,1774.492281169362,21.100000000000023,861.6736870023681
9396000.0,600,modelica,native,True,26.99934466032164,0.0,959.2702166167896,18.30000000000001,188.6673175915332
9399600.0,600,modelica,native,True,26.826097749260896,0.0,211.8599765396118,16.700000000000045,-95.25638137407591
9403200.0,600,modelica,native,True,25.24721586220744,0.0,9.947352939181858e-07,16.100000000000023,-101.56212
9406800.0,600,modelica,native,True,23.55616135407371,0.0,-3.443823920355903e-09,13.900000000000034,-101.56212
9410400.0,600,modelica,native,True,21.7721232768086,0.0,-0.0,11.700000000000045,-101.56212
9414000.0,600,modelica,native,True,20.1121181938924,0.0,-0.0,11.100000000000023,-101.56212
9417600.0,600,modelica,native,True,19.99972745022751,244.6909264516831,-0.0,9.400000000000034,-101.56212
9421200.0,600,modelica,native,True,19.9999022799351,526.8681746080186,-0.0,10.600000000000023,-101.56212
9424800.0,600,modelica,native,True,19.999851010553698,670.5640064877934,-0.0,8.300000000000011,-101.56212
9428400.0,600,modelica,native,True,19.99991764491341,839.6680691689916,-0.0,7.2000000000000455,-101.56212
9432000.0,600,modelica,native,True,20.0000072550327,923.5360523396068,-0.0,8.300000000000011,-101.56212
9435600.0,600,modelica,native,True,20.00001831708971,918.1549394896296,-0.0,8.900000000000034,-99.87985400176063
9439200.0,600,modelica,native,True,20.000129285419746,910.1967894299823,-0.0,8.300000000000011,207.367203599393
9442800.0,600,modelica,native,True,20.000356657648297,732.1975086466472,-0.0,11.100000000000023,772.702750636503
9446400.0,600,modelica,native,True,20.019080090615034,280.0178048316638,-0.0,13.900000000000034,1728.992815526112
9450000.0,600,modelica,native,True,23.142618055428898,-0.0003530587090386,-0.0,16.700000000000045,3315.499118285686
9453600.0,600,modelica,native,True,26.999697903266338,0.0,134.9783160728878,18.30000000000001,4976.752191641321
9457200.0,600,modelica,native,True,27.00052995418031,0.0,1473.64522187021,19.400000000000034,4349.3365902525
9460800.0,600,modelica,native,True,26.99984299223263,0.0,1979.13098682483,19.400000000000034,2798.116937610734
9464400.0,600,modelica,native,True,27.000141142419636,0.0,1860.64695819113,21.100000000000023,3252.487580797315
9468000.0,600,modelica,native,True,26.999587032595002,0.0,1945.875901799997,21.100000000000023,1959.641640883305
9471600.0,600,modelica,native,True,26.999439670527806,0.0,1428.125308143828,20.600000000000023,692.1569037802232
9475200.0,600,modelica,native,True,26.99968473293535,0.0,776.9722940651576,20.0,681.1480923312463
9478800.0,600,modelica,native,True,26.999669411193395,0.0,377.7040909303559,18.30000000000001,371.8555065805181
9482400.0,600,modelica,native,True,26.497127257044895,0.0,42.75130563338598,17.200000000000045,68.20514526803001
9486000.0,600,modelica,native,True,24.94678600324761,0.0,-0.0,15.0,-63.68204392234746
9489600.0,600,modelica,native,True,23.27185493195691,0.0,-0.0,13.900000000000034,-101.56212
9493200.0,600,modelica,native,True,21.608446161807933,0.0,-0.0,12.200000000000045,-101.56212
9496800.0,600,modelica,native,True,20.474125920496704,0.0,-0.0,14.400000000000034,-101.56212
9500400.0,600,modelica,native,True,19.999752522566837,80.48254137939877,-0.0,12.200000000000045,-101.56212
9504000.0,600,modelica,native,True,19.99981823898105,365.7013247773382,-0.0,10.600000000000023,-101.56212
9507600.0,600,modelica,native,True,19.999871614998938,579.6809068947368,-0.0,9.400000000000034,-101.56212
9511200.0,600,modelica,native,True,19.99991973298745,725.2906969229381,-0.0,8.900000000000034,-101.56212
9514800.0,600,modelica,native,True,19.999909612737326,827.0213209607866,-0.0,7.800000000000011,-101.56212
9518400.0,600,modelica,native,True,19.999877918810114,952.059418709278,-0.0,5.600000000000023,-101.56212
9522000.0,600,modelica,native,True,19.999974086018995,1067.041757226785,-0.0,6.100000000000023,-101.56212
9525600.0,600,modelica,native,True,20.000105344078747,1119.307568658458,-0.0,5.0,295.964584854734
9529200.0,600,modelica,native,True,20.000380005410705,931.8110535589852,-0.0,8.300000000000011,938.9716386321206
9532800.0,600,modelica,native,True,20.000569167989624,448.1066787960794,-0.0,10.0,1939.240476980836
9536400.0,600,modelica,native,True,22.130490545850137,14.05370887438456,-0.0,12.200000000000045,3245.359442075775
9540000.0,600,modelica,native,True,26.459114199781595,-2.13517083062066e-07,-0.0,13.300000000000011,4530.309577559465
9543600.0,600,modelica,native,True,27.00092360050735,2.649095323350694e-10,825.3475519063737,14.400000000000034,5188.764634053279
9547200.0,600,modelica,native,True,27.000373137408133,0.0,1865.219552179972,14.400000000000034,4865.039986650943
9550800.0,600,modelica,native,True,27.000143231912432,0.0,2293.300621915923,15.0,4641.541815056446
9554400.0,600,modelica,native,True,26.999431551140333,0.0,2394.550952427652,15.600000000000023,2703.748534645016
9558000.0,600,modelica,native,True,26.999132859341728,0.0,1664.978362125026,14.400000000000034,883.7461660682195
9561600.0,600,modelica,native,True,26.999527369704595,0.0,676.7612266392179,13.0,880.2926375811215
9565200.0,600,modelica,native,True,26.906256287500412,0.0,128.8135424791442,13.300000000000011,477.3983633072833
9568800.0,600,modelica,native,True,24.991105533004998,0.0,-3.465281592475043e-06,11.700000000000045,-44.72354351084996
9572400.0,600,modelica,native,True,22.258812480093923,0.0,-0.0,7.2000000000000455,-99.70081095033684
9576000.0,600,modelica,native,True,20.004547722459108,14.4616433763504,-0.0,6.7000000000000455,-101.56212
9579600.0,600,modelica,native,True,19.999692935369637,435.6201678607199,-0.0,6.100000000000023,-101.56212
9583200.0,600,modelica,native,True,19.999826859872144,797.2195216843817,-0.0,5.600000000000023,-101.56212
9586800.0,600,modelica,native,True,19.99989048477272,1002.243049592442,-0.0,5.0,-101.56212
9590400.0,600,modelica,native,True,19.99992290550523,1131.796262493663,-0.0,4.400000000000034,-101.56212
9594000.0,600,modelica,native,True,19.99994162798754,1221.446894827684,-0.0,3.900000000000034,-101.56212
9597600.0,600,modelica,native,True,19.9999345153671,1295.833598514398,-0.0,3.0,-101.56212
9601200.0,600,modelica,native,True,19.999936683442115,1372.605334839556,-0.0,2.2000000000000455,-101.56212
9604800.0,600,modelica,native,True,19.999901962052945,1475.745206890106,-0.0,0.0,-101.56212
9608400.0,600,modelica,native,True,19.999958319623204,1584.459835800065,-0.0,0.0,-101.56212
9612000.0,600,modelica,native,True,20.00000434923811,1631.992334294319,-0.0,0.0,-32.51000702179451
9615600.0,600,modelica,native,True,20.000071201658614,1617.185747321447,-0.0,0.0,189.4444364169063
9619200.0,600,modelica,native,True,20.000098984836427,1530.930556680361,-0.0,0.0,393.7435751138108
9622800.0,600,modelica,native,True,20.00010319740261,1411.692301720778,-0.0,0.0,562.4426136631365
9626400.0,600,modelica,native,True,20.00013614344533,1282.370173768467,-0.0,0.6000000000000227,717.7709671980505
9630000.0,600,modelica,native,True,20.000137820773432,1104.631596514384,-0.0,2.2000000000000455,804.6378257616514
9633600.0,600,modelica,native,True,20.000111687355115,956.9193920180531,-0.0,1.7000000000000455,986.3336662468552
9637200.0,600,modelica,native,True,20.00011514867333,822.6127208985223,-0.0,1.7000000000000455,1182.216762223696
9640800.0,600,modelica,native,True,20.000071212220234,686.8279675520791,-0.0,2.0,1185.977278684649
9644400.0,600,modelica,native,True,19.999911092763796,612.4669729963938,-0.0,2.2000000000000455,816.8270165287469
9648000.0,600,modelica,native,True,19.99984117407314,721.8619658303261,-0.0,2.8000000000000114,336.0545092618954
9651600.0,600,modelica,native,True,19.999867857766105,914.8703497401872,-0.0,2.8000000000000114,175.5218197744229
9655200.0,600,modelica,native,True,19.999895286069147,1066.274535597695,-0.0,3.3000000000000114,1.564067045110463
9658800.0,600,modelica,native,True,19.999894424538923,1194.676536841128,-0.0,3.0,-101.56212
9662400.0,600,modelica,native,True,19.99991896244245,1319.055852219264,-0.0,2.2000000000000455,-101.56212
9666000.0,600,modelica,native,True,19.999941919061314,1413.769781826337,-0.0,1.7000000000000455,-101.56212
9669600.0,600,modelica,native,True,19.9999471042741,1484.618828624089,-0.0,1.1000000000000227,-101.56212
9673200.0,600,modelica,native,True,19.9999428775846,1558.573589937422,-0.0,0.0,-101.56212
9676800.0,600,modelica,native,True,19.999974882533138,1623.165381242964,-0.0,0.0,-101.56212
9680400.0,600,modelica,native,True,19.999987478399248,1652.612792802387,-0.0,0.0,-101.56212
9684000.0,600,modelica,native,True,19.999993686280106,1667.824751383993,-0.0,0.0,-101.56212
9687600.0,600,modelica,native,True,19.999995837603137,1675.274804730415,-0.0,0.0,-101.56212
9691200.0,600,modelica,native,True,19.99997228715705,1689.594833602905,-0.0,-0.5999999999999659,-101.56212
9694800.0,600,modelica,native,True,19.999988279874117,1714.414350887404,-0.0,-0.5999999999999659,-101.56212
9698400.0,600,modelica,native,True,20.000049299843397,1729.666978685061,-0.0,-1.0,93.48025436896091
9702000.0,600,modelica,native,True,20.000085585281738,1660.72809729841,-0.0,-1.099999999999966,321.1697071098665
9705600.0,600,modelica,native,True,20.000074551669343,1557.359179244041,-0.0,-1.099999999999966,412.5341861719015
9709200.0,600,modelica,native,True,20.00008873048324,1466.585668920941,-0.0,-1.099999999999966,575.6233385747441
9712800.0,600,modelica,native,True,20.000083882052195,1361.434022045135,-0.0,-1.099999999999966,704.0279604389606
9716400.0,600,modelica,native,True,20.0001149380131,1254.051683774524,-0.0,-0.5999999999999659,845.7988948299796
9720000.0,600,modelica,native,True,20.000127724107017,1112.97079556889,-0.0,0.0,1028.768482542786
9723600.0,600,modelica,native,True,20.00017327421773,959.0555776580176,-0.0,0.0,1354.541325920699
9727200.0,600,modelica,native,True,20.00013482072211,754.6031109333038,-0.0,0.0,1548.159726219727
9730800.0,600,modelica,native,True,19.999951817012743,611.788133026229,-0.0,1.0,1037.371956677892
9734400.0,600,modelica,native,True,19.999813977117412,676.1580823389689,-0.0,1.7000000000000455,491.8453368044862
9738000.0,600,modelica,native,True,19.9997772256321,901.170312005149,-0.0,1.1000000000000227,157.3280235034073
9741600.0,600,modelica,native,True,19.99985031990434,1159.498090433545,-0.0,0.6000000000000227,61.62144887708516
9745200.0,600,modelica,native,True,19.99988893548192,1338.321697820558,-0.0,0.6000000000000227,-51.85387789131342
9748800.0,600,modelica,native,True,19.99993156809535,1466.275725440449,-0.0,0.6000000000000227,-101.56212
9752400.0,600,modelica,native,True,19.999986545133936,1539.002699165344,-0.0,1.1000000000000227,-101.56212
9756000.0,600,modelica,native,True,19.999985206333804,1558.776819348865,-0.0,1.1000000000000227,-101.56212
9759600.0,600,modelica,native,True,19.99997274993291,1580.695300227271,-0.0,0.6000000000000227,-101.56212
9763200.0,600,modelica,native,True,19.99998428950704,1605.669455373022,-0.0,0.6000000000000227,-101.56212
9766800.0,600,modelica,native,True,19.999942722666844,1639.181844100422,-0.0,-0.5999999999999659,-101.56212
9770400.0,600,modelica,native,True,19.999964901770795,1701.761609105534,-0.0,-1.099999999999966,-101.56212
9774000.0,600,modelica,native,True,19.99998378258715,1742.005123433007,-0.0,-1.099999999999966,-101.56212
9777600.0,600,modelica,native,True,19.999991863726336,1761.354004560047,-0.0,-1.099999999999966,-101.56212
9781200.0,600,modelica,native,True,19.999995882310714,1770.895690958235,-0.0,-1.099999999999966,-101.56212
9784800.0,600,modelica,native,True,20.000125774438914,1769.412500566377,-0.0,-1.099999999999966,252.2275161351625
9788400.0,600,modelica,native,True,20.00038264420715,1572.936746075948,-0.0,0.0,1098.261498657042
9792000.0,600,modelica,native,True,20.000587913520235,1083.33222770532,-0.0,1.7000000000000455,2147.902039899382
9795600.0,600,modelica,native,True,20.000544296934436,391.9069217787849,-0.0,3.3000000000000114,2789.261988297835
9799200.0,600,modelica,native,True,21.052715166904306,1.914720955954658,-0.0,3.900000000000034,2499.923788533471
9802800.0,600,modelica,native,True,22.779509266865546,0.0,-0.0,5.600000000000023,3761.459306799999
9806400.0,600,modelica,native,True,26.482940103359738,0.0,-0.0,6.7000000000000455,3843.526567824461
9810000.0,600,modelica,native,True,27.000133211153013,0.0,180.3728443961673,7.800000000000011,2674.204882204733
9813600.0,600,modelica,native,True,26.999995740624513,0.0,347.2064192652703,8.300000000000011,2429.190431402071
9817200.0,600,modelica,native,True,26.99970553907724,0.0,302.2039132817586,7.800000000000011,1615.170050499603
9820800.0,600,modelica,native,True,26.15808285113161,0.0,36.24247091266844,7.800000000000011,675.5566243175075
9824400.0,600,modelica,native,True,23.832089919932514,0.0,-0.0,6.7000000000000455,204.3445481195732
9828000.0,600,modelica,native,True,21.2771031697622,0.0,-0.0,6.100000000000023,24.43784379442239
9831600.0,600,modelica,native,True,19.999554294853,132.2262912427055,-0.0,5.0,-68.64050346554973
9835200.0,600,modelica,native,True,19.99972506591041,658.9978734758165,-0.0,4.400000000000034,-101.56212
9838800.0,600,modelica,native,True,19.999851262558423,983.9734803771972,-0.0,4.0,-101.56212
9842400.0,600,modelica,native,True,19.999924240879807,1157.967484003173,-0.0,3.900000000000034,-101.56212
9846000.0,600,modelica,native,True,19.99996058830402,1246.442547264629,-0.0,3.900000000000034,-101.56212
9849600.0,600,modelica,native,True,19.99995621426075,1300.714398443434,-0.0,3.3000000000000114,-101.56212
9853200.0,600,modelica,native,True,19.999975721711508,1346.085625917647,-0.0,3.3000000000000114,-101.56212
9856800.0,600,modelica,native,True,19.999944636189923,1387.86441646205,-0.0,2.2000000000000455,-101.56212
9860400.0,600,modelica,native,True,19.999956655521544,1449.063471336895,-0.0,1.7000000000000455,-101.56212
9864000.0,600,modelica,native,True,19.999956428528208,1502.450670338737,-0.0,1.1000000000000227,-101.56212
9867600.0,600,modelica,native,True,20.0000174668084,1524.374307413631,-0.0,2.2000000000000455,-101.56212
9871200.0,600,modelica,native,True,20.000089328749198,1517.709193084505,-0.0,1.0,265.7995451132646
9874800.0,600,modelica,native,True,20.000109803192004,1402.993929873043,-0.0,0.6000000000000227,554.0630162432983
9878400.0,600,modelica,native,True,20.00003937041214,1279.135424162547,-0.0,1.0,420.3964816307604
9882000.0,600,modelica,native,True,20.000251681904444,1217.61602361997,-0.0,0.6000000000000227,1111.944834669684
9885600.0,600,modelica,native,True,20.000805611446026,824.3566120455,-0.0,3.3000000000000114,2895.390549766005
9889200.0,600,modelica,native,True,21.863537750599107,80.98662387371063,-0.0,5.0,4164.480633006831
9892800.0,600,modelica,native,True,25.508792931578,0.0,-0.0,6.7000000000000455,3650.499717469024
9896400.0,600,modelica,native,True,27.00008978017854,0.0,58.85342202160093,7.800000000000011,2795.008647140601
9900000.0,600,modelica,native,True,27.000160644367895,0.0,276.5057360161675,7.800000000000011,2830.918205699467
9903600.0,600,modelica,native,True,26.999648431133835,0.0,423.0759855455822,8.300000000000011,1606.841722849332
9907200.0,600,modelica,native,True,26.31407794039825,0.0,101.8992895738284,9.400000000000034,740.9042288098991
9910800.0,600,modelica,native,True,24.7072643806207,0.0,-0.0,7.2000000000000455,717.3035849818194
9914400.0,600,modelica,native,True,22.79802173877323,0.0,-0.0,7.2000000000000455,276.9159906269759
9918000.0,600,modelica,native,True,20.277365195409004,0.0,-0.0,5.0,-66.51907082909719
9921600.0,600,modelica,native,True,19.999587454705022,382.0867222340902,-0.0,3.900000000000034,-101.56212
9925200.0,600,modelica,native,True,19.99978916090572,862.7038053554959,-0.0,3.900000000000034,-101.56212
9928800.0,600,modelica,native,True,19.999814300215235,1140.925167249574,-0.0,1.7000000000000455,-101.56212
9932400.0,600,modelica,native,True,19.999892610991196,1351.83346189234,-0.0,1.1000000000000227,-101.56212
9936000.0,600,modelica,native,True,19.9999292221396,1479.147833148108,-0.0,0.6000000000000227,-101.56212
9939600.0,600,modelica,native,True,19.999965218357033,1555.950509514809,-0.0,0.6000000000000227,-101.56212
9943200.0,600,modelica,native,True,19.999959769785733,1604.121871056557,-0.0,0.0,-101.56212
9946800.0,600,modelica,native,True,20.00000271025425,1632.929738029904,-0.0,0.6000000000000227,-101.56212
9950400.0,600,modelica,native,True,19.999968272924434,1639.077821266916,-0.0,0.0,-101.56212
9954000.0,600,modelica,native,True,19.999950806893935,1685.725329391692,-0.0,-1.099999999999966,-101.56212
9957600.0,600,modelica,native,True,20.000222991930343,1704.395381975174,-0.0,0.6000000000000227,303.6744076355037
9961200.0,600,modelica,native,True,20.00042429887111,1412.732134405772,-0.0,3.3000000000000114,1004.446737183385
9964800.0,600,modelica,native,True,20.000675654897407,854.5864979945288,-0.0,7.0,2034.560335004237
9968400.0,600,modelica,native,True,20.525382444952697,145.8836966339747,-0.0,6.100000000000023,2382.694119602706
9972000.0,600,modelica,native,True,21.144551649717016,6.357828776041667e-09,-0.0,7.800000000000011,2261.205879962339
9975600.0,600,modelica,native,True,24.287284775886235,0.0,-0.0,8.900000000000034,4665.049141527207
9979200.0,600,modelica,native,True,27.000979046563828,0.0,336.9670645218425,11.100000000000023,5279.247934460171
9982800.0,600,modelica,native,True,27.000356170055625,0.0,1425.59227124691,11.100000000000023,4648.428940661224
9986400.0,600,modelica,native,True,27.000017208977795,0.0,1839.045912862619,11.700000000000045,4081.77422144589
9990000.0,600,modelica,native,True,26.99960163041044,0.0,1809.192160035239,12.200000000000045,2751.965209864895
9993600.0,600,modelica,native,True,26.999371018395607,0.0,1313.028473390738,12.200000000000045,1399.580800055619
9997200.0,600,modelica,native,True,26.999355918516414,0.0,561.6450896265771,11.700000000000045,400.0997957779622
10000800.0,600,modelica,native,True,25.470106724836114,0.0,19.19002295441098,11.100000000000023,7.287473317314515
10004400.0,600,modelica,native,True,23.16407162239085,0.0,-0.0,10.0,-66.22512223047922
10008000.0,600,modelica,native,True,20.70094501075863,0.0,-0.0,7.2000000000000455,-101.56212
10011600.0,600,modelica,native,True,19.999596674230816,225.5085848972533,-0.0,6.100000000000023,-101.56212
10015200.0,600,modelica,native,True,19.999756006734003,703.0678598414527,-0.0,5.0,-101.56212
10018800.0,600,modelica,native,True,19.999938587171812,957.104040004942,-0.0,6.100000000000023,-101.56212
10022400.0,600,modelica,native,True,19.999948052017203,1040.59270359834,-0.0,6.100000000000023,-101.56212
10026000.0,600,modelica,native,True,19.999892787853696,1130.536083380381,-0.0,3.900000000000034,-101.56212
10029600.0,600,modelica,native,True,19.999999807589006,1236.158205126127,-0.0,4.400000000000034,-101.56212
10033200.0,600,modelica,native,True,20.000075908566032,1217.063887575997,-0.0,6.7000000000000455,-101.56212
10036800.0,600,modelica,native,True,20.0000123422206,1156.648677955204,-0.0,6.100000000000023,-101.56212
10040400.0,600,modelica,native,True,20.000062808515395,1131.428003620572,-0.0,7.2000000000000455,-101.56212
10044000.0,600,modelica,native,True,20.00021445841554,1046.66889055623,-0.0,8.900000000000034,217.4286110882787
10047600.0,600,modelica,native,True,20.000328537542316,766.0536876217524,-0.0,11.100000000000023,701.2295963628304
10051200.0,600,modelica,native,True,20.00033025471862,392.1738669141134,-0.0,11.700000000000045,1152.212163606487
10054800.0,600,modelica,native,True,21.069308618077912,49.3725139898724,-0.0,13.300000000000011,2641.514298381362
10058400.0,600,modelica,native,True,25.651768781449448,0.0,-0.0,15.600000000000023,4549.519280176157
10062000.0,600,modelica,native,True,27.00105702110875,0.0,701.3122742901908,17.200000000000045,5106.247985499233
10065600.0,600,modelica,native,True,27.00059654607321,0.0,1912.448640812238,17.200000000000045,5224.234092578828
10069200.0,600,modelica,native,True,27.000368050170437,0.0,2608.235131478575,18.30000000000001,5324.646851375332
10072800.0,600,modelica,native,True,26.999698181996735,0.0,2968.591100295385,19.400000000000034,3757.388737896809
10076400.0,600,modelica,native,True,26.999340474183896,0.0,2604.807026690377,21.700000000000045,1860.740453453216
10080000.0,600,modelica,native,True,26.999235740788208,0.0,1791.733232607842,18.900000000000034,879.912345988377
10083600.0,600,modelica,native,True,26.999458994590213,0.0,913.1760640769536,17.80000000000001,450.8394600440519
10087200.0,600,modelica,native,True,26.999553009612214,0.0,271.2024844614665,16.100000000000023,154.8177070189022
10090800.0,600,modelica,native,True,25.088697990248647,0.0,0.0292183963457743,12.200000000000045,-89.08597767923393
10094400.0,600,modelica,native,True,22.972852265473648,0.0,-3.54978773328993e-08,11.700000000000045,-101.56212
10098000.0,600,modelica,native,True,21.066038771926628,0.0,-0.0,10.600000000000023,-101.56212
10101600.0,600,modelica,native,True,19.999725395750602,73.59611619419522,-0.0,9.400000000000034,-101.56212
10105200.0,600,modelica,native,True,19.9997786385984,453.8587522374259,-0.0,8.300000000000011,-101.56212
10108800.0,600,modelica,native,True,19.99987434165803,710.6641870996688,-0.0,7.800000000000011,-101.56212
10112400.0,600,modelica,native,True,19.99991443488034,861.0703634670045,-0.0,7.2000000000000455,-101.56212
10116000.0,600,modelica,native,True,19.999959903608726,953.3340442678664,-0.0,7.2000000000000455,-101.56212
10119600.0,600,modelica,native,True,19.9999319915014,1016.909707535108,-0.0,6.100000000000023,-101.56212
10123200.0,600,modelica,native,True,19.999991513883742,1070.281115015878,-0.0,6.7000000000000455,-101.56212
10126800.0,600,modelica,native,True,19.99989528808635,1128.834298795594,-0.0,3.900000000000034,-101.56212
10130400.0,600,modelica,native,True,20.00011604908383,1223.09750731998,-0.0,5.0,126.2061690464775
10134000.0,600,modelica,native,True,20.000380822427246,1042.653825351927,-0.0,7.800000000000011,849.2583647269184
10137600.0,600,modelica,native,True,20.00041707214433,572.6452081833945,-0.0,9.400000000000034,1455.41961362188
10141200.0,600,modelica,native,True,20.234306483924343,118.3420850753784,-0.0,10.600000000000023,2244.154085811349
10144800.0,600,modelica,native,True,23.182379026176648,-4.132588704427083e-07,-0.0,11.700000000000045,2612.776380202519
10148400.0,600,modelica,native,True,24.86599034985511,0.0,-0.0,13.300000000000011,2103.449647503485
10152000.0,600,modelica,native,True,26.74142739261123,0.0,-0.0,14.400000000000034,2420.832771388292
10155600.0,600,modelica,native,True,27.000122834811407,0.0,266.2430108038585,16.100000000000023,1823.520911716701
10159200.0,600,modelica,native,True,27.0002622756449,0.0,416.9228222039011,15.600000000000023,2336.367837429894
10162800.0,600,modelica,native,True,27.000160184357128,0.0,678.4652937539419,16.100000000000023,2483.158249986216
10166400.0,600,modelica,native,True,26.999544367474698,0.0,804.110207549466,15.600000000000023,1012.3165798723
10170000.0,600,modelica,native,True,26.87127886782895,0.0,273.6755309661229,12.800000000000011,158.6626174515194
10173600.0,600,modelica,native,True,24.61191914856522,0.0,0.0002710368898179,10.0,49.02510782650812
10177200.0,600,modelica,native,True,22.24393518206034,0.0,-7.682376437717014e-09,8.900000000000034,-57.5829956795459
10180800.0,600,modelica,native,True,20.14220973804015,0.0,-0.0,8.900000000000034,-101.56212
10184400.0,600,modelica,native,True,19.999680505528545,305.6201615757412,-0.0,7.2000000000000455,-101.56212
10188000.0,600,modelica,native,True,19.99988578186992,658.3100856754515,-0.0,8.300000000000011,-101.56212
10191600.0,600,modelica,native,True,19.99993833839335,797.3311895900302,-0.0,8.300000000000011,-101.56212
10195200.0,600,modelica,native,True,19.999968948507615,870.1172086275949,-0.0,8.300000000000011,-101.56212
10198800.0,600,modelica,native,True,19.999984445833036,906.4780438184738,-0.0,8.300000000000011,-101.56212
10202400.0,600,modelica,native,True,19.99999072561792,924.8155706506304,-0.0,8.300000000000011,-101.56212
10206000.0,600,modelica,native,True,19.999918074484242,975.284474460284,-0.0,6.100000000000023,-101.56212
10209600.0,600,modelica,native,True,19.999967696451506,1062.762092927827,-0.0,6.100000000000023,-101.56212
10213200.0,600,modelica,native,True,19.999983068835434,1100.957396288448,-0.0,6.100000000000023,-101.56212
10216800.0,600,modelica,native,True,20.00008715591531,1125.206537647777,-0.0,5.600000000000023,200.2678082945758
10220400.0,600,modelica,native,True,20.00034071572884,972.8042817025714,-0.0,6.7000000000000455,986.1579863941788
10224000.0,600,modelica,native,True,20.000346561005244,554.7475784979927,-0.0,8.300000000000011,1422.209483595593
10227600.0,600,modelica,native,True,20.00021328815535,172.0855743344625,-0.0,8.300000000000011,1550.89703146433
10231200.0,600,modelica,native,True,20.618193949916815,3.822421224912008,-0.0,8.900000000000034,1595.992089822218
10234800.0,600,modelica,native,True,20.973914456177795,4.76837158203125e-09,-0.0,8.300000000000011,1250.724694379767
10238400.0,600,modelica,native,True,21.027879013653717,0.0,-0.0,9.400000000000034,1528.452773233574
10242000.0,600,modelica,native,True,22.20610275041031,0.0,-0.0,10.0,1906.670047467378
10245600.0,600,modelica,native,True,22.883719191227215,0.0,-0.0,10.600000000000023,1086.987907672337
10249200.0,600,modelica,native,True,21.963342807914728,0.0,-0.0,8.300000000000011,948.9756169304565
10252800.0,600,modelica,native,True,21.695673393358902,0.0,-0.0,8.900000000000034,917.009459267255
10256400.0,600,modelica,native,True,20.809726926001815,0.0,-0.0,8.900000000000034,532.5867271285773
10260000.0,600,modelica,native,True,19.999914691654,35.38242408593496,-0.0,7.800000000000011,162.2873342957736
10263600.0,600,modelica,native,True,19.9997217498414,405.5732934384876,-0.0,7.2000000000000455,-96.8025766997848
10267200.0,600,modelica,native,True,19.99984851452291,731.8302140739229,-0.0,6.7000000000000455,-101.56212
10270800.0,600,modelica,native,True,19.999924969030815,909.3939327107536,-0.0,6.7000000000000455,-101.56212
10274400.0,600,modelica,native,True,19.999964045656213,997.2498348824184,-0.0,6.7000000000000455,-101.56212
10278000.0,600,modelica,native,True,19.999981574302808,1041.466228581005,-0.0,6.7000000000000455,-101.56212
10281600.0,600,modelica,native,True,20.00000801023384,1053.878071916368,-0.0,7.2000000000000455,-101.56212
10285200.0,600,modelica,native,True,19.999983789053715,1055.653942262861,-0.0,6.7000000000000455,-101.56212
10288800.0,600,modelica,native,True,19.999994226376543,1072.104808371862,-0.0,6.7000000000000455,-101.56212
10292400.0,600,modelica,native,True,19.99999713372722,1078.901036654049,-0.0,6.7000000000000455,-101.56212
10296000.0,600,modelica,native,True,19.999998547111318,1082.467552394337,-0.0,6.7000000000000455,-101.56212
10299600.0,600,modelica,native,True,19.999999132881896,1084.114352435006,-0.0,6.7000000000000455,-101.56212
10303200.0,600,modelica,native,True,20.000024214244945,1093.073982219696,-0.0,6.100000000000023,34.73590247806157
10306800.0,600,modelica,native,True,20.000104861297643,1038.330781005224,-0.0,6.7000000000000455,266.6978627693343
10310400.0,600,modelica,native,True,20.00008827379321,927.3184088134766,-0.0,6.100000000000023,433.6037106905952
10314000.0,600,modelica,native,True,20.000118468542837,813.6804345830282,-0.0,6.7000000000000455,590.3375114204506
10317600.0,600,modelica,native,True,20.000110374444603,674.6262119245529,-0.0,7.0,717.1528654018593
10321200.0,600,modelica,native,True,20.000125409979944,536.6531093586816,-0.0,7.800000000000011,846.4347275814622
10324800.0,600,modelica,native,True,20.000046155433722,399.5943319050471,-0.0,7.800000000000011,843.3318996026642
10328400.0,600,modelica,native,True,19.999975383568938,352.4570432694753,-0.0,7.2000000000000455,766.686938217548
10332000.0,600,modelica,native,True,19.999954938812436,377.5132846222983,-0.0,7.0,683.2877501358844
10335600.0,600,modelica,native,True,19.999830826335028,485.9887550163269,-0.0,4.0,545.7208076829785
10339200.0,600,modelica,native,True,19.999911024820335,658.5235954226388,-0.0,5.0,376.1521838616469
10342800.0,600,modelica,native,True,19.999899913144134,773.141373509301,-0.0,5.0,194.3329143917906
10346400.0,600,modelica,native,True,19.999936183908005,888.6222385422388,-0.0,5.600000000000023,62.92867861296149
10350000.0,600,modelica,native,True,19.999934749711144,966.6413597785102,-0.0,6.0,-52.04375921998815
10353600.0,600,modelica,native,True,19.999909164404926,1056.367602998416,-0.0,5.0,-101.56212
10357200.0,600,modelica,native,True,19.999934848531097,1160.081155665716,-0.0,4.400000000000034,-101.56212
10360800.0,600,modelica,native,True,19.999944958251433,1238.041456096437,-0.0,3.8000000000000114,-101.56212
10364400.0,600,modelica,native,True,19.999946645721423,1305.479849503835,-0.0,3.1000000000000227,-101.56212
10368000.0,600,modelica,native,True,19.9999514624227,1368.668528788884,-0.0,2.5,-101.56212
10371600.0,600,modelica,native,True,19.99995350120895,1426.812026821772,-0.0,1.900000000000034,-101.56212
10375200.0,600,modelica,native,True,19.999954364116547,1482.733713752429,-0.0,1.3000000000000114,-101.56212
10378800.0,600,modelica,native,True,19.999949398091246,1539.323331682947,-0.0,0.6000000000000227,-101.56212
10382400.0,600,modelica,native,True,19.999956062433228,1597.627360725933,-0.0,0.0,-101.56212
10386000.0,600,modelica,native,True,20.000068797684605,1622.898008421792,-0.0,1.1000000000000227,-3.628589348586672
10389600.0,600,modelica,native,True,20.000179365604822,1539.827511644363,-0.0,1.1000000000000227,430.3017371831224
10393200.0,600,modelica,native,True,20.00036642313694,1279.955637136035,-0.0,4.400000000000034,897.0377670456492
10396800.0,600,modelica,native,True,20.000479538132595,838.5690913094414,-0.0,6.100000000000023,1632.280793981989
10400400.0,600,modelica,native,True,20.199851754366648,250.6709937360552,-0.0,7.800000000000011,2832.478085731124
10404000.0,600,modelica,native,True,23.57369807350551,0.0001561080084906,-0.0,10.0,3989.72695914776
10407600.0,600,modelica,native,True,26.9995532816111,7.254282633463541e-06,105.294516149097,12.200000000000045,4746.087758769574
10411200.0,600,modelica,native,True,27.000728899718013,0.0,1174.003674571249,14.400000000000034,4955.148154147671
10414800.0,600,modelica,native,True,27.000302337038647,0.0,2007.102216949728,16.100000000000023,4597.919683701231
10418400.0,600,modelica,native,True,26.999893162042042,0.0,2343.446697376834,18.900000000000034,3484.598179184584
10422000.0,600,modelica,native,True,26.999632705302247,0.0,2165.438683864011,18.30000000000001,2553.680127599651
10425600.0,600,modelica,native,True,26.999557450189513,0.0,1732.242893034617,19.400000000000034,1652.761869882248
10429200.0,600,modelica,native,True,26.999524742044116,0.0,1203.369318568707,18.900000000000034,899.5450834130311
10432800.0,600,modelica,native,True,26.999555726394703,0.0,638.955178311136,18.30000000000001,331.252199006779
10436400.0,600,modelica,native,True,26.70564675608142,0.0,122.6809262816111,17.200000000000045,-68.15636197372913
10440000.0,600,modelica,native,True,24.90838377675891,0.0,-1.274744669596354e-06,14.400000000000034,-101.56212
10443600.0,600,modelica,native,True,22.96502246503161,0.0,5.298190646701389e-10,12.200000000000045,-101.56212
10447200.0,600,modelica,native,True,21.062263874128803,0.0,-0.0,10.600000000000023,-101.56212
10450800.0,600,modelica,native,True,19.99971979790024,74.46052967972226,-0.0,9.400000000000034,-101.56212
10454400.0,600,modelica,native,True,19.999761478430514,464.4833390437232,-0.0,7.800000000000011,-101.56212
10458000.0,600,modelica,native,True,19.99986004338251,741.5182933812671,-0.0,7.2000000000000455,-101.56212
10461600.0,600,modelica,native,True,19.999912559722418,901.3679228931004,-0.0,6.7000000000000455,-101.56212
10465200.0,600,modelica,native,True,19.999905121731445,1012.824341508547,-0.0,5.600000000000023,-101.56212
10468800.0,600,modelica,native,True,19.99989261576951,1133.334227197435,-0.0,3.900000000000034,-101.56212
10472400.0,600,modelica,native,True,19.99996802571951,1250.118189791044,-0.0,3.3000000000000114,-16.4106590652468
10476000.0,600,modelica,native,True,20.00014386692021,1265.904363045692,-0.0,3.3000000000000114,429.2898074158052
10479600.0,600,modelica,native,True,20.000259253683396,1085.951796935929,-0.0,4.400000000000034,881.8705240089769
10483200.0,600,modelica,native,True,20.00042926202235,752.1966994539897,-0.0,5.600000000000023,1674.459292899987
10486800.0,600,modelica,native,True,20.181429430294827,226.5995707607269,-0.0,6.7000000000000455,2806.592824758796
10490400.0,600,modelica,native,True,23.17029678729341,0.0,-0.0,8.300000000000011,3844.563829737133
10494000.0,600,modelica,native,True,26.98875263450401,0.0,22.77011937591765,9.400000000000034,4828.740317105898
10497600.0,600,modelica,native,True,27.000754308371995,0.0,938.438035326269,11.100000000000023,5183.481434382148
10501200.0,600,modelica,native,True,27.000160455539003,0.0,1787.583232465585,11.700000000000045,4474.513437578215
10504800.0,600,modelica,native,True,26.999797599868998,0.0,1959.257684363259,12.800000000000011,3444.182790766109
10508400.0,600,modelica,native,True,26.999592918520136,0.0,1698.743838963509,12.800000000000011,2494.45461416
10512000.0,600,modelica,native,True,26.999514141485236,0.0,1208.341785497665,12.800000000000011,1584.593511333853
10515600.0,600,modelica,native,True,26.99942173001,0.0,599.2336325785849,11.100000000000023,770.1309742704467
10519200.0,600,modelica,native,True,25.97580405102684,0.0,49.53087962177064,10.600000000000023,181.9687758463233
10522800.0,600,modelica,native,True,23.448419839223902,0.0,-1.9603305392795143e-08,8.300000000000011,-51.74901576873714
10526400.0,600,modelica,native,True,20.81349537888974,0.0,-0.0,6.7000000000000455,-101.56212
10530000.0,600,modelica,native,True,19.999530710449903,240.7649065208435,-0.0,4.400000000000034,-101.56212
10533600.0,600,modelica,native,True,19.99979232872272,757.7198385996289,-0.0,5.0,-101.56212
10537200.0,600,modelica,native,True,19.9998517357036,1015.858801964654,-0.0,3.900000000000034,-101.56212
10540800.0,600,modelica,native,True,19.999906743486008,1189.467833045324,-0.0,3.3000000000000114,-101.56212
10544400.0,600,modelica,native,True,19.99993649840411,1299.448336299261,-0.0,2.8000000000000114,-101.56212
10548000.0,600,modelica,native,True,19.99994551640441,1378.237368773354,-0.0,2.2000000000000455,-101.56212
10551600.0,600,modelica,native,True,19.999956412640643,1443.489748937289,-0.0,1.7000000000000455,-101.56212
10555200.0,600,modelica,native,True,19.9999445425629,1510.669301876492,-0.0,0.6000000000000227,-101.56212
10558800.0,600,modelica,native,True,20.000006425505546,1571.013351373143,-0.0,0.6000000000000227,-17.89102402720216
10562400.0,600,modelica,native,True,20.000151119550708,1542.475892605252,-0.0,0.6000000000000227,439.8623600934
10566000.0,600,modelica,native,True,20.00034726631003,1317.431519807709,-0.0,3.3000000000000114,916.3287554091248
10569600.0,600,modelica,native,True,20.0004716934547,897.0421448167165,-0.0,5.0,1654.334932688549
10573200.0,600,modelica,native,True,20.086086795929816,302.4142928992378,-0.0,7.2000000000000455,2792.549967994759
10576800.0,600,modelica,native,True,23.263486041985914,0.0,-0.0,10.600000000000023,3740.946865454161
10580400.0,600,modelica,native,True,26.996118111727128,0.0,47.00412291261885,13.300000000000011,3843.393749020821
10584000.0,600,modelica,native,True,27.000141988054395,0.0,665.3070919360055,13.900000000000034,2652.180924252873
10587600.0,600,modelica,native,True,27.000072740624148,0.0,845.1246930411127,15.0,2455.712618171709
10591200.0,600,modelica,native,True,27.00017771537955,0.0,934.2896060204506,16.100000000000023,2737.738579682662
10594800.0,600,modelica,native,True,26.999761522496897,0.0,1076.946606287956,15.0,2024.433928219466
10598400.0,600,modelica,native,True,26.99957939082691,0.0,781.319733968046,15.600000000000023,863.3864546366455
10602000.0,600,modelica,native,True,26.99966122173481,0.0,280.857349336942,15.0,572.6663742008225
10605600.0,600,modelica,native,True,25.99515820104091,0.0,5.040115187168121,13.300000000000011,228.2944102657406
10609200.0,600,modelica,native,True,24.08320224854384,0.0,-0.0,12.200000000000045,-71.9528328105853
10612800.0,600,modelica,native,True,21.929064921665542,0.0,-0.0,10.0,-101.56212
10616400.0,600,modelica,native,True,20.003569728055822,15.50598229037391,-0.0,7.800000000000011,-101.56212
10620000.0,600,modelica,native,True,19.999675311729334,430.4376416020923,-0.0,6.100000000000023,-101.56212
10623600.0,600,modelica,native,True,19.99980995489392,811.6359412617154,-0.0,5.0,-101.56212
10627200.0,600,modelica,native,True,19.999908021527915,1027.34496319135,-0.0,5.0,-101.56212
10630800.0,600,modelica,native,True,19.9999325457851,1143.410300018523,-0.0,4.400000000000034,-101.56212
10634400.0,600,modelica,native,True,19.99998859052613,1207.392036782371,-0.0,5.0,-101.56212
10638000.0,600,modelica,native,True,19.999972242596698,1232.37892308712,-0.0,4.400000000000034,-101.56212
10641600.0,600,modelica,native,True,19.99998839993583,1263.100921634038,-0.0,4.400000000000034,-101.56212
10645200.0,600,modelica,native,True,19.999999944169133,1276.379308494992,-0.0,4.400000000000034,-85.36175386711182
10648800.0,600,modelica,native,True,20.000060004399415,1266.571199469037,-0.0,4.400000000000034,97.91033224327111
10652400.0,600,modelica,native,True,20.000145496732898,1179.454798687299,-0.0,5.0,381.0639588681943
10656000.0,600,modelica,native,True,20.00015721139613,1012.044325917562,-0.0,5.0,659.5588069589758
10659600.0,600,modelica,native,True,20.000190809127844,817.1296715519163,-0.0,5.600000000000023,904.357180886561
10663200.0,600,modelica,native,True,20.000262924443632,577.9300120343103,-0.0,7.2000000000000455,1217.422869172047
10666800.0,600,modelica,native,True,20.0002374168364,269.3020692761739,-0.0,8.300000000000011,1481.856852771862
10670400.0,600,modelica,native,True,20.16820838513985,26.64188881132338,-0.0,7.800000000000011,1512.817332690653
10674000.0,600,modelica,native,True,20.333828362592726,0.0,-0.0,6.100000000000023,1455.521877039485
10677600.0,600,modelica,native,True,20.10354482887385,0.0,-0.0,5.0,1297.275749734334
10681200.0,600,modelica,native,True,19.999800862565337,90.43908864127263,-0.0,3.3000000000000114,1068.815836210646
10684800.0,600,modelica,native,True,19.999831279575744,300.6309764120314,-0.0,4.400000000000034,698.8046247604802
10688400.0,600,modelica,native,True,19.99978072096411,515.5609672233793,-0.0,3.900000000000034,333.5625270698703
10692000.0,600,modelica,native,True,19.99980097011553,771.2929392496745,-0.0,3.900000000000034,63.5072350673568
10695600.0,600,modelica,native,True,19.99983029714872,1007.351912074619,-0.0,3.3000000000000114,-90.6429413550174
10699200.0,600,modelica,native,True,19.99989552877605,1202.710809422069,-0.0,2.8000000000000114,-101.56212
10702800.0,600,modelica,native,True,19.999948654861214,1319.453756277826,-0.0,2.8000000000000114,-101.56212
10706400.0,600,modelica,native,True,19.99994412176062,1385.845517456267,-0.0,2.2000000000000455,-101.56212
10710000.0,600,modelica,native,True,19.999943168371942,1460.953120920393,-0.0,1.1000000000000227,-101.56212
10713600.0,600,modelica,native,True,19.99997494568123,1525.259827591578,-0.0,1.1000000000000227,-101.56212
10717200.0,600,modelica,native,True,19.999987743526503,1554.748654625151,-0.0,1.1000000000000227,-101.56212
10720800.0,600,modelica,native,True,20.000021349040708,1560.368850020832,-0.0,1.7000000000000455,-101.56212
10724400.0,600,modelica,native,True,20.00002737999165,1534.568657111592,-0.0,2.2000000000000455,-101.56212
10728000.0,600,modelica,native,True,20.000011501045208,1509.284051531686,-0.0,2.2000000000000455,-101.56212
10731600.0,600,modelica,native,True,20.0000395758982,1484.235141162872,-0.0,2.8000000000000114,-61.94959617218937
10735200.0,600,modelica,native,True,20.000078120896603,1432.98895761013,-0.0,2.8000000000000114,124.9147156194638
10738800.0,600,modelica,native,True,20.000347847178716,1314.796858673626,-0.0,2.8000000000000114,1030.558723093775
10742400.0,600,modelica,native,True,20.00050852579932,877.3594287374284,-0.0,4.400000000000034,1882.555460059274
10746000.0,600,modelica,native,True,20.096132909666835,244.3686948135164,-0.0,6.7000000000000455,2668.601827115964
10749600.0,600,modelica,native,True,22.80009879640562,-1.041624281141493e-06,-0.0,7.800000000000011,3706.24982356242
10753200.0,600,modelica,native,True,26.70393358888424,0.0,-0.0,9.400000000000034,4357.439620861323
10756800.0,600,modelica,native,True,27.000711829608008,0.0,624.5769043254852,11.100000000000023,4584.394457644084
10760400.0,600,modelica,native,True,27.000329407088202,0.0,1454.442560230891,12.200000000000045,4435.636136887995
10764000.0,600,modelica,native,True,26.99990519699145,0.0,1813.648909937541,13.900000000000034,3434.109439130589
10767600.0,600,modelica,native,True,26.999647954583736,0.0,1682.321536241107,13.900000000000034,2496.419008752204
10771200.0,600,modelica,native,True,26.99949612216892,0.0,1252.568780798647,14.400000000000034,1405.711031036578
10774800.0,600,modelica,native,True,26.999554490491903,0.0,668.5586940307087,14.400000000000034,798.1832541374883
10778400.0,600,modelica,native,True,26.81085718253871,0.0,145.5944751440154,13.300000000000011,380.717208190243
10782000.0,600,modelica,native,True,24.9087243400416,0.0,-7.379319932725694e-06,11.700000000000045,-14.37588671476892
10785600.0,600,modelica,native,True,22.52734026417471,0.0,-1.589457194010417e-09,9.400000000000034,-101.56212
10789200.0,600,modelica,native,True,20.431828862627242,0.0,-0.0,9.400000000000034,-101.56212
10792800.0,600,modelica,native,True,19.99968288378915,213.7791093036863,-0.0,8.300000000000011,-101.56212
10796400.0,600,modelica,native,True,19.999822597791706,590.9102808735106,-0.0,7.800000000000011,-101.56212
10800000.0,600,modelica,native,True,19.999888940092944,801.230962061882,-0.0,7.2000000000000455,-101.56212
10803600.0,600,modelica,native,True,19.99992569001313,931.59854156865,-0.0,6.7000000000000455,-101.56212
10807200.0,600,modelica,native,True,19.99993983011325,1020.786395976808,-0.0,6.100000000000023,-101.56212
10810800.0,600,modelica,native,True,19.999953747673317,1090.689794007937,-0.0,5.600000000000023,-101.56212
10814400.0,600,modelica,native,True,19.999977337377743,1138.592958431774,-0.0,5.600000000000023,-101.379770079365
10818000.0,600,modelica,native,True,19.999963832766014,1181.126693961885,-0.0,4.400000000000034,-20.71945782619824
10821600.0,600,modelica,native,True,20.00018399346402,1190.868870599535,-0.0,4.400000000000034,430.9536097909127
10825200.0,600,modelica,native,True,20.000388432944703,938.7282504198288,-0.0,8.300000000000011,893.8917859158007
10828800.0,600,modelica,native,True,20.000532570451412,460.3402483839459,-0.0,11.700000000000045,1596.296561801245
10832400.0,600,modelica,native,True,21.754868562097215,21.18023262924618,-0.0,13.900000000000034,2870.207824237919
10836000.0,600,modelica,native,True,26.02789192945903,2.880096435546875e-06,-0.0,16.100000000000023,3818.722850763585
10839600.0,600,modelica,native,True,27.000917341357933,-2.119276258680556e-09,558.7895181075731,17.200000000000045,4425.61614365593
10843200.0,600,modelica,native,True,27.000446521466415,0.0,1638.523964758979,18.30000000000001,4345.739488649377
10846800.0,600,modelica,native,True,27.0001173349591,0.0,2148.439964763588,20.0,3778.644076849821
10850400.0,600,modelica,native,True,26.99986513841435,0.0,2250.533298392561,20.0,3196.800030417202
10854000.0,600,modelica,native,True,26.999442818399302,0.0,2040.838153513008,20.0,1706.695398175061
10857600.0,600,modelica,native,True,26.999387940344434,0.0,1381.207004744742,19.400000000000034,672.5147595239662
10861200.0,600,modelica,native,True,26.999544289639232,0.0,663.7263066344791,17.80000000000001,397.171602097568
10864800.0,600,modelica,native,True,26.8100525878304,0.0,136.1092925074365,16.700000000000045,87.25027080242666
10868400.0,600,modelica,native,True,25.280141791222036,0.0,1.85092290242513e-06,15.600000000000023,-77.488931550281
10872000.0,600,modelica,native,True,23.711308275903036,0.0,-6.092919243706598e-09,15.0,-101.56212
10875600.0,600,modelica,native,True,22.400275383479595,0.0,-0.0,15.0,-101.56212
10879200.0,600,modelica,native,True,21.018805764629747,0.0,-0.0,12.800000000000011,-101.56212
10882800.0,600,modelica,native,True,20.000081440341432,30.74840230941772,-0.0,11.700000000000045,-101.56212
10886400.0,600,modelica,native,True,19.99980321920691,316.4914948246214,-0.0,10.600000000000023,-101.56212
10890000.0,600,modelica,native,True,19.999855903973014,551.6132549111048,-0.0,9.400000000000034,-101.56212
10893600.0,600,modelica,native,True,19.999890899019647,722.4680647500356,-0.0,8.300000000000011,-101.56212
10897200.0,600,modelica,native,True,19.99994455755234,835.1347881073422,-0.0,8.300000000000011,-101.56212
10900800.0,600,modelica,native,True,19.99992590912575,909.5515049091974,-0.0,7.2000000000000455,-101.56212
10904400.0,600,modelica,native,True,19.999943026713936,997.2538305690554,-0.0,6.100000000000023,-47.61874565446421
10908000.0,600,modelica,native,True,20.000155589609733,1006.262549175686,-0.0,8.300000000000011,159.9400256022403
10911600.0,600,modelica,native,True,20.000235945024144,824.8730350992415,-0.0,10.0,479.0467823831823
10915200.0,600,modelica,native,True,20.000442225263612,523.8560678847631,-0.0,11.100000000000023,1341.283721012622
10918800.0,600,modelica,native,True,20.980309449951733,73.47229201846653,-0.0,12.800000000000011,2368.12096385676
10922400.0,600,modelica,native,True,24.19919366115795,0.0,-0.0,14.400000000000034,3381.104598405668
10926000.0,600,modelica,native,True,27.000701467343504,0.0,175.1254441107644,17.200000000000045,4289.614693677984
10929600.0,600,modelica,native,True,27.000591209360948,0.0,1292.300576073594,17.80000000000001,4402.258576534251
10933200.0,600,modelica,native,True,27.000155309203535,0.0,1940.354347899755,18.30000000000001,3831.180850599316
10936800.0,600,modelica,native,True,26.999995074668846,0.0,2086.342229070398,18.900000000000034,3439.926931299638
10940400.0,600,modelica,native,True,26.999739152592838,0.0,2057.979238959153,20.0,2556.10888506346
10944000.0,600,modelica,native,True,26.99951439083634,0.0,1725.640491218567,20.0,1457.880804565921
10947600.0,600,modelica,native,True,26.99954304762764,0.0,1156.39937161843,19.400000000000034,834.6109059875218
10951200.0,600,modelica,native,True,26.9995940955651,0.0,617.499741774665,18.900000000000034,365.7986995242375
10954800.0,600,modelica,native,True,26.74542902506613,0.0,137.5488917093807,16.700000000000045,-24.40004015114007
10958400.0,600,modelica,native,True,24.93218889008415,0.0,-1.027848985460069e-07,14.400000000000034,-101.56212
10962000.0,600,modelica,native,True,23.05834762039052,0.0,2.649095323350694e-10,12.800000000000011,-101.56212
10965600.0,600,modelica,native,True,21.322117859230502,0.0,-0.0,11.700000000000045,-101.56212
10969200.0,600,modelica,native,True,20.000815254157942,22.06540937476688,-0.0,10.600000000000023,-101.56212
10972800.0,600,modelica,native,True,19.999766360355636,340.332538383272,-0.0,9.400000000000034,-101.56212
10976400.0,600,modelica,native,True,19.999844473997996,616.2671092981763,-0.0,8.300000000000011,-101.56212
10980000.0,600,modelica,native,True,19.99990723054094,792.2562869050768,-0.0,7.800000000000011,-101.56212
10983600.0,600,modelica,native,True,19.999913559721904,911.8484958940082,-0.0,6.7000000000000455,-101.56212
10987200.0,600,modelica,native,True,19.999963388063236,1002.448712347878,-0.0,6.7000000000000455,-101.56212
10990800.0,600,modelica,native,True,20.000017756792204,1057.519281672372,-0.0,6.100000000000023,3.973899194663218
10994400.0,600,modelica,native,True,20.000301554044995,981.9438994582496,-0.0,8.900000000000034,500.5314946522313
10998000.0,600,modelica,native,True,20.00040308246065,621.580570696195,-0.0,12.200000000000045,915.737177372432
11001600.0,600,modelica,native,True,20.34998226395942,141.0980785973867,-0.0,16.100000000000023,1480.535707042027
11005200.0,600,modelica,native,True,23.145975769622623,0.0,-0.0,18.900000000000034,2540.61229561391
11008800.0,600,modelica,native,True,26.992997982920315,0.0,39.44993820640776,21.700000000000045,3595.68730104475
11012400.0,600,modelica,native,True,27.000883400673445,0.0,1056.464101530181,22.80000000000001,4302.17455567935
11016000.0,600,modelica,native,True,27.000577622099797,0.0,2096.8205547097,24.400000000000034,4586.43211921783
11019600.0,600,modelica,native,True,27.00013573983,0.0,2725.256822857592,25.0,4044.49868324457
11023200.0,600,modelica,native,True,26.999891242978833,0.0,2873.309270343251,25.600000000000023,3397.7328451981
11026800.0,600,modelica,native,True,26.99968559075461,0.0,2733.222246972455,27.200000000000045,2434.446982265223
11030400.0,600,modelica,native,True,26.999513809963503,0.0,2326.333481443723,26.100000000000023,1525.148925340118
11034000.0,600,modelica,native,True,26.999580099354205,0.0,1769.404814151393,26.100000000000023,971.1689723714378
11037600.0,600,modelica,native,True,26.99955752720365,0.0,1257.544116008017,25.0,405.5590174270026
11041200.0,600,modelica,native,True,26.999574687685936,0.0,729.199929069678,23.30000000000001,-34.01201650002229
11044800.0,600,modelica,native,True,26.9996907141292,0.0,233.0675276125802,21.100000000000023,-101.56212
11048400.0,600,modelica,native,True,26.179892717842904,0.0,0.8887383320596483,20.0,-101.56212
11052000.0,600,modelica,native,True,25.220421355675,0.0,-1.214875115288628e-06,19.400000000000034,-101.56212
11055600.0,600,modelica,native,True,24.263246492074416,0.0,-2.914004855685764e-09,18.30000000000001,-101.56212
11059200.0,600,modelica,native,True,23.204215308388143,0.0,-0.0,16.700000000000045,-101.56212
11062800.0,600,modelica,native,True,22.101291198507397,0.0,-0.0,15.600000000000023,-101.56212
11066400.0,600,modelica,native,True,21.16249300256601,0.0,-0.0,15.600000000000023,-101.56212
11070000.0,600,modelica,native,True,20.32347225694025,0.0,-0.0,15.0,-101.56212
11073600.0,600,modelica,native,True,19.999825351200343,72.05142795350817,-0.0,13.900000000000034,-101.387282187604
11077200.0,600,modelica,native,True,19.999936535198003,281.2246205223931,-0.0,12.800000000000011,16.92625661602771
11080800.0,600,modelica,native,True,20.00021816024571,306.8148294353485,-0.0,15.0,468.8626900309253
11084400.0,600,modelica,native,True,20.254601797038333,69.06466087977091,-0.0,17.200000000000045,698.2232374634257
11088000.0,600,modelica,native,True,21.604108519896215,0.0,-0.0,20.0,1240.912493703574
11091600.0,600,modelica,native,True,23.889296405105142,0.0,-0.0,17.200000000000045,2214.925269693659
11095200.0,600,modelica,native,True,26.974506560644897,0.0,1.541703577571445,19.400000000000034,2969.118043376742
11098800.0,600,modelica,native,True,27.000920385268216,0.0,753.2195900262726,23.900000000000034,3805.834269705824
11102400.0,600,modelica,native,True,27.000499144082426,0.0,1808.583337328169,24.400000000000034,4048.120283895945
11106000.0,600,modelica,native,True,26.999733136140833,0.0,2357.209278661675,24.400000000000034,2532.011892662793
11109600.0,600,modelica,native,True,26.999841430607717,0.0,2099.186684390704,25.0,2170.578846499645
11113200.0,600,modelica,native,True,26.999927995564406,0.0,1903.555905907419,26.100000000000023,2144.718416694406
11116800.0,600,modelica,native,True,26.999754993467434,0.0,1784.940755804645,27.80000000000001,1260.096928155968
11120400.0,600,modelica,native,True,26.999696178196814,0.0,1494.435389521387,27.80000000000001,791.6995961951084
11124000.0,600,modelica,native,True,26.999633854391448,0.0,1119.647108589013,26.100000000000023,324.8955139901774
11127600.0,600,modelica,native,True,26.999658453207246,0.0,689.4069241009818,25.0,-59.55456414724162
11131200.0,600,modelica,native,True,26.999746920195832,0.0,293.3067802400059,23.30000000000001,-101.56212
11134800.0,600,modelica,native,True,26.60785498985433,0.0,27.91926366382175,21.100000000000023,-101.56212
11138400.0,600,modelica,native,True,25.676180484944325,0.0,-3.814697265625e-08,20.0,-101.56212
11142000.0,600,modelica,native,True,24.802009266733933,0.0,1.059638129340278e-09,19.400000000000034,-101.56212
11145600.0,600,modelica,native,True,23.9181039494282,0.0,-0.0,18.30000000000001,-101.56212
11149200.0,600,modelica,native,True,22.83154327144075,0.0,-0.0,16.100000000000023,-101.56212
11152800.0,600,modelica,native,True,21.85209300113513,0.0,-0.0,16.100000000000023,-101.56212
11156400.0,600,modelica,native,True,20.900286105159637,0.0,-0.0,15.0,-101.56212
11160000.0,600,modelica,native,True,20.002488300033747,4.768948066499498,-0.0,13.900000000000034,-101.1375815906226
11163600.0,600,modelica,native,True,19.99992797028591,177.0757186751895,-0.0,13.900000000000034,-21.4019946416724
11167200.0,600,modelica,native,True,20.000168140833807,236.2613303735521,-0.0,15.0,455.4358590551734
11170800.0,600,modelica,native,True,20.382066968856236,53.43982474486033,-0.0,16.700000000000045,1029.387687481494
11174400.0,600,modelica,native,True,22.537295761949395,3.676944308810764e-07,-0.0,21.100000000000023,1613.471033684343
11178000.0,600,modelica,native,True,26.033002447403703,0.0,-0.0,23.900000000000034,2517.551156164503
11181600.0,600,modelica,native,True,27.000979052991113,0.0,511.8561725733015,26.100000000000023,3428.388651334031
11185200.0,600,modelica,native,True,27.000796421752398,0.0,1680.458491236104,28.30000000000001,4161.277594028398
11188800.0,600,modelica,native,True,27.00042283208461,0.0,2574.556691861947,28.30000000000001,4270.842454967765
11192400.0,600,modelica,native,True,27.00015665596544,0.0,3066.495392595132,28.900000000000034,4098.300958303131
11196000.0,600,modelica,native,True,26.999856162469143,0.0,3210.261570490996,28.900000000000034,3388.805313680793
11199600.0,600,modelica,native,True,26.999540052877705,0.0,3001.00404847357,28.900000000000034,2183.243944516775
11203200.0,600,modelica,native,True,26.999516633801704,0.0,2485.629012448523,30.0,1279.600290935729
11206800.0,600,modelica,native,True,26.99956555439462,0.0,1909.511324124601,28.30000000000001,905.5114948085164
11210400.0,600,modelica,native,True,26.99957214784871,0.0,1379.434319868088,26.700000000000045,424.105668506626
11214000.0,600,modelica,native,True,26.999581079978043,0.0,871.0235146771537,25.0,-30.54546100665065
11217600.0,600,modelica,native,True,26.999687005369594,0.0,382.4044884027375,22.80000000000001,-101.56212
11221200.0,600,modelica,native,True,26.6941123337387,0.0,45.37636289490594,21.100000000000023,-101.56212
11224800.0,600,modelica,native,True,25.75002027845875,0.0,-7.417466905381944e-09,20.0,-101.56212
11228400.0,600,modelica,native,True,24.94467610050293,0.0,3.9736429850260424e-09,20.0,-101.56212
11232000.0,600,modelica,native,True,24.200043706552606,0.0,-0.0,19.400000000000034,-101.56212
11235600.0,600,modelica,native,True,23.492696191901643,0.0,-0.0,18.900000000000034,-101.56212
11239200.0,600,modelica,native,True,22.74317233891651,0.0,-0.0,17.80000000000001,-101.56212
11242800.0,600,modelica,native,True,21.9997126498111,0.0,-0.0,17.200000000000045,-101.56212
11246400.0,600,modelica,native,True,21.210157670223396,0.0,-0.0,16.100000000000023,-101.495464794789
11250000.0,600,modelica,native,True,20.392289180044315,0.0,-0.0,15.0,21.97501926969407
11253600.0,600,modelica,native,True,20.158417379895525,0.0,-0.0,15.600000000000023,473.9482396445452
11257200.0,600,modelica,native,True,21.015752061761134,0.0,-0.0,17.80000000000001,948.7036757917132
11260800.0,600,modelica,native,True,22.923825300690737,0.0,-0.0,20.600000000000023,1576.601313742005
11264400.0,600,modelica,native,True,26.14050593105833,0.0,-0.0,22.80000000000001,2475.906756531844
11268000.0,600,modelica,native,True,27.000953508442024,0.0,474.3281585688061,25.0,3404.528478303459
11271600.0,600,modelica,native,True,27.00078821552205,0.0,1610.814873029391,27.200000000000045,4172.285551366052
11275200.0,600,modelica,native,True,27.000407883086837,0.0,2492.42280491723,28.30000000000001,4146.584219855132
11278800.0,600,modelica,native,True,27.000167227224438,0.0,2966.333438260555,28.900000000000034,3979.520993429751
11282400.0,600,modelica,native,True,26.999858024851846,0.0,3123.093667054441,28.30000000000001,3386.05128365384
11286000.0,600,modelica,native,True,26.99964484432985,0.0,2943.755593881342,28.30000000000001,2478.190183570063
11289600.0,600,modelica,native,True,26.999503055840137,0.0,2502.280565243562,27.80000000000001,1521.025758523066
11293200.0,600,modelica,native,True,26.9995702193483,0.0,1929.881223900583,27.80000000000001,932.0500142205456
11296800.0,600,modelica,native,True,26.999571137362807,0.0,1402.049295300378,27.200000000000045,365.6456914909396
11300400.0,600,modelica,native,True,26.999596005030696,0.0,888.7559902376598,25.600000000000023,-39.42674971649181
11304000.0,600,modelica,native,True,26.999713647387125,0.0,424.7241566713651,23.900000000000034,-101.56212
11307600.0,600,modelica,native,True,26.891892348642102,0.0,87.62476003699832,21.700000000000045,-101.56212
11311200.0,600,modelica,native,True,25.881556828294094,0.0,-0.0,19.400000000000034,-101.56212
11314800.0,600,modelica,native,True,24.85595518776273,0.0,-0.0,18.900000000000034,-101.56212
11318400.0,600,modelica,native,True,23.71601708959554,0.0,-0.0,16.700000000000045,-101.56212
11322000.0,600,modelica,native,True,22.968922723606624,0.0,-0.0,18.900000000000034,-101.56212
11325600.0,600,modelica,native,True,22.302261086170233,0.0,-0.0,17.200000000000045,-101.56212
11329200.0,600,modelica,native,True,20.83074291678821,0.0,-0.0,11.700000000000045,-101.56212
11332800.0,600,modelica,native,True,19.999697045178095,93.93891769091287,-0.0,10.0,-100.2810319237097
11336400.0,600,modelica,native,True,19.99987158322631,451.2726523674859,-0.0,8.900000000000034,64.24702334795994
11340000.0,600,modelica,native,True,20.00018312599974,542.9287495507134,-0.0,11.100000000000023,541.9805993636671
11343600.0,600,modelica,native,True,20.000233902530397,335.6465379206339,-0.0,12.200000000000045,880.1181300349158
11347200.0,600,modelica,native,True,20.277892069841528,68.39879281891717,-0.0,13.900000000000034,1352.993633224168
11350800.0,600,modelica,native,True,22.50673883509404,0.0,-0.0,16.700000000000045,2371.528104586851
11354400.0,600,modelica,native,True,26.310524535343006,0.0,-0.0,18.30000000000001,3446.029899536697
11358000.0,600,modelica,native,True,27.00081622955861,0.0,592.5028393626213,18.30000000000001,4073.665792830156
11361600.0,600,modelica,native,True,27.000506642116534,0.0,1564.858124878406,19.400000000000034,4264.710081007675
11365200.0,600,modelica,native,True,27.0001963078426,0.0,2147.721684095065,20.0,4044.097047435522
11368800.0,600,modelica,native,True,26.99987377105174,0.0,2350.630033488539,20.600000000000023,3265.387974151606
11372400.0,600,modelica,native,True,26.999625052825934,0.0,2175.315339287122,21.100000000000023,2216.723394387399
11376000.0,600,modelica,native,True,26.999528408149217,0.0,1713.237462660207,21.100000000000023,1282.267494354252
11379600.0,600,modelica,native,True,26.999626971219413,0.0,1176.846415206591,21.700000000000045,865.1793184936396
11383200.0,600,modelica,native,True,26.999614347211548,0.0,719.6978609498342,20.0,460.7384890594436
11386800.0,600,modelica,native,True,26.999582572451004,0.0,255.5731850330035,18.30000000000001,15.19992742349904
11390400.0,600,modelica,native,True,25.41346138029155,0.0,0.3595334511333041,14.400000000000034,-101.56212
11394000.0,600,modelica,native,True,23.374493332004647,0.0,-0.0,12.200000000000045,-101.56212
11397600.0,600,modelica,native,True,21.395989335865636,0.0,-0.0,10.600000000000023,-101.56212
11401200.0,600,modelica,native,True,20.000488665592343,28.53148124006059,-0.0,10.0,-101.56212
11404800.0,600,modelica,native,True,19.999754929119547,367.1284042305417,-0.0,8.900000000000034,-101.56212
11408400.0,600,modelica,native,True,19.999775326045835,682.58366654555,-0.0,6.100000000000023,-101.56212
11412000.0,600,modelica,native,True,19.999897797509334,932.2466797139908,-0.0,5.600000000000023,-101.56212
11415600.0,600,modelica,native,True,19.99996803392162,1049.841723919445,-0.0,6.100000000000023,-101.56212
11419200.0,600,modelica,native,True,19.999975955510195,1091.610192085372,-0.0,6.100000000000023,-99.75998082337946
11422800.0,600,modelica,native,True,20.000044461276104,1155.777383453581,-0.0,4.400000000000034,59.50127253650186
11426400.0,600,modelica,native,True,20.00032640644133,1063.366269821061,-0.0,8.300000000000011,523.2677846492787
11430000.0,600,modelica,native,True,20.000449444052606,667.1102611107297,-0.0,12.200000000000045,947.8688097761158
11433600.0,600,modelica,native,True,20.28974784331382,153.3018991004096,-0.0,15.600000000000023,1441.962500583718
11437200.0,600,modelica,native,True,22.791969546039923,0.0,-0.0,18.30000000000001,2297.0985693333
11440800.0,600,modelica,native,True,26.736194823164396,0.0,-0.0,21.100000000000023,3187.415229700151
11444400.0,600,modelica,native,True,27.000896735502636,0.0,742.9896848077244,22.80000000000001,3904.288735154805
11448000.0,600,modelica,native,True,27.000579363381235,0.0,1809.178784352408,25.0,4115.019848116228
11451600.0,600,modelica,native,True,27.000284698600126,0.0,2466.671737513012,25.600000000000023,4026.344565034882
11455200.0,600,modelica,native,True,27.000022718798846,0.0,2771.307281854948,27.200000000000045,3460.481034191444
11458800.0,600,modelica,native,True,26.999648609286908,0.0,2755.667903688749,27.200000000000045,2441.168772057753
11462400.0,600,modelica,native,True,26.9993463235553,0.0,2282.733413270844,24.400000000000034,1234.264740126342
11466000.0,600,modelica,native,True,26.99950584321101,0.0,1547.192130455176,23.900000000000034,717.3924540659607
11469600.0,600,modelica,native,True,26.999578099943108,0.0,939.8048302666348,21.700000000000045,410.2408374833684
11473200.0,600,modelica,native,True,26.999645843963606,0.0,443.9992764279577,21.100000000000023,20.8952879759501
11476800.0,600,modelica,native,True,26.66430505806153,0.0,60.25475059721205,20.0,-101.2043654159734
11480400.0,600,modelica,native,True,25.623945959490015,0.0,-2.637969122992621e-06,19.400000000000034,-101.56212
11484000.0,600,modelica,native,True,24.515589142299802,0.0,-1.059638129340278e-09,17.80000000000001,-101.56212
11487600.0,600,modelica,native,True,23.456749810055214,0.0,-0.0,17.200000000000045,-101.56212
11491200.0,600,modelica,native,True,22.51180509280624,0.0,-0.0,16.700000000000045,-101.56212
11494800.0,600,modelica,native,True,21.398823012838307,0.0,-0.0,14.400000000000034,-101.56212
11498400.0,600,modelica,native,True,20.07155086244893,0.0,-0.0,12.200000000000045,-101.56212
11502000.0,600,modelica,native,True,19.99975317865045,222.9909194294612,-0.0,10.600000000000023,-101.56212
11505600.0,600,modelica,native,True,19.9997854952544,526.8429379060533,-0.0,8.300000000000011,-100.4592214844099
11509200.0,600,modelica,native,True,19.99991330087414,774.4351023244858,-0.0,6.7000000000000455,29.66091696743306
11512800.0,600,modelica,native,True,20.000432739616542,742.2628023979399,-0.0,13.300000000000011,565.04613513019
11516400.0,600,modelica,native,True,20.03780327839911,244.411767788993,-0.0,17.200000000000045,1086.911129759839
11520000.0,600,modelica,native,True,21.85788125985124,-0.0001047531763712,-0.0,18.900000000000034,1504.200973132062
11523600.0,600,modelica,native,True,24.64904560373435,0.0,-0.0,21.100000000000023,2298.969863031423
11527200.0,600,modelica,native,True,27.000799415084543,0.0,169.1179261557261,24.400000000000034,3224.763510200242
11530800.0,600,modelica,native,True,27.00091136574423,0.0,1310.114034375615,27.200000000000045,4140.757535139529
11534400.0,600,modelica,native,True,27.00039357311414,0.0,2331.324803357919,28.30000000000001,3942.416959848337
11538000.0,600,modelica,native,True,26.999998340181037,0.0,2772.838566159937,28.30000000000001,3341.469568428909
11541600.0,600,modelica,native,True,26.999941739488122,0.0,2770.121695175966,27.200000000000045,3254.070853693192
11545200.0,600,modelica,native,True,26.99969593401761,0.0,2642.184613443746,26.700000000000045,2423.524246762477
11548800.0,600,modelica,native,True,26.99956464624023,0.0,2284.458197619385,27.200000000000045,1451.671010530487
11552400.0,600,modelica,native,True,26.999644161185415,0.0,1785.33601063331,27.80000000000001,924.6450707872314
11556000.0,600,modelica,native,True,26.99957058078553,0.0,1337.335705715021,26.100000000000023,483.7361337196679
11559600.0,600,modelica,native,True,26.999532279579796,0.0,818.581020433108,23.30000000000001,-11.3601437675731
11563200.0,600,modelica,native,True,26.999666968172903,0.0,282.1971153423521,21.100000000000023,-101.56212
11566800.0,600,modelica,native,True,26.200146966519412,0.0,4.756053071022034,19.400000000000034,-101.56212
11570400.0,600,modelica,native,True,24.91526581090534,0.0,4.548496670193142e-07,17.200000000000045,-101.56212
11574000.0,600,modelica,native,True,23.58708286014945,0.0,-2.649095323350694e-10,16.100000000000023,-101.56212
11577600.0,600,modelica,native,True,22.713154416123814,0.0,-0.0,17.80000000000001,-101.56212
11581200.0,600,modelica,native,True,21.834975870816606,0.0,-0.0,16.100000000000023,-101.56212
11584800.0,600,modelica,native,True,21.04096048435821,0.0,-0.0,16.100000000000023,-101.56212
11588400.0,600,modelica,native,True,20.074964455613895,0.0,-0.0,13.900000000000034,-101.56212
11592000.0,600,modelica,native,True,19.999820530540433,158.7110263776779,-0.0,12.800000000000011,-100.4399455975697
11595600.0,600,modelica,native,True,19.999923471258228,370.0967950174544,-0.0,11.700000000000045,49.41547950875969
11599200.0,600,modelica,native,True,20.00025006159575,391.8569138299094,-0.0,13.900000000000034,548.1841274828731
11602800.0,600,modelica,native,True,20.24453046093123,107.7140863545736,-0.0,16.700000000000045,1178.267917821617
11606400.0,600,modelica,native,True,22.240372664791437,0.0,-0.0,18.30000000000001,1280.351649097062
11610000.0,600,modelica,native,True,23.136858354509116,0.0,-0.0,15.600000000000023,1118.663747730738
11613600.0,600,modelica,native,True,23.964909472734746,0.0,-0.0,15.600000000000023,1340.658973637756
11617200.0,600,modelica,native,True,24.93500091000061,0.0,-0.0,15.600000000000023,1481.618868403301
11620800.0,600,modelica,native,True,25.8175528323585,0.0,-0.0,15.0,1521.499209093415
11624400.0,600,modelica,native,True,25.84862327687091,0.0,-0.0,10.0,1468.537741868671
11628000.0,600,modelica,native,True,25.21122685940395,0.0,-0.0,8.300000000000011,1304.084504744795
11631600.0,600,modelica,native,True,24.605316239862248,0.0,-0.0,9.400000000000034,1463.895532307808
11635200.0,600,modelica,native,True,25.093055108708825,0.0,-0.0,12.800000000000011,1454.779950061938
11638800.0,600,modelica,native,True,25.36975365969812,0.0,-0.0,14.400000000000034,901.500093824443
11642400.0,600,modelica,native,True,24.820054168321235,0.0,-0.0,15.0,325.322661047015
11646000.0,600,modelica,native,True,23.355088560088234,0.0,-0.0,12.200000000000045,-15.2594546438096
11649600.0,600,modelica,native,True,21.397846831573247,0.0,-0.0,10.600000000000023,-101.5174978442853
11653200.0,600,modelica,native,True,20.00082485633493,21.65519527223375,-0.0,10.600000000000023,-101.56212
11656800.0,600,modelica,native,True,19.999832152834415,302.3680714919832,-0.0,11.100000000000023,-101.56212
11660400.0,600,modelica,native,True,19.999891686975047,504.4840701082018,-0.0,10.600000000000023,-101.56212
11664000.0,600,modelica,native,True,19.999922243571916,633.7330832624435,-0.0,10.0,-101.56212
11667600.0,600,modelica,native,True,19.999918968703696,734.1359181960423,-0.0,8.900000000000034,-101.56212
11671200.0,600,modelica,native,True,19.99996411033584,815.2265879906548,-0.0,8.900000000000034,-101.56212
11674800.0,600,modelica,native,True,19.999946573892032,874.2968722369935,-0.0,7.800000000000011,-101.56212
11678400.0,600,modelica,native,True,19.999997163803698,924.6414297146268,-0.0,8.300000000000011,-101.56212
11682000.0,600,modelica,native,True,20.00000653513132,930.628248196708,-0.0,8.300000000000011,-59.84406364784719
11685600.0,600,modelica,native,True,20.0000487539711,918.4307784356012,-0.0,7.800000000000011,142.5019693632516
11689200.0,600,modelica,native,True,20.000087146641647,852.3781477424834,-0.0,7.800000000000011,344.4475771006051
11692800.0,600,modelica,native,True,20.000135689182912,751.335156730016,-0.0,7.2000000000000455,687.2950933420445
11696400.0,600,modelica,native,True,20.000199881921503,575.9458346186744,-0.0,7.2000000000000455,1105.944171497048
11700000.0,600,modelica,native,True,20.000377874364233,327.4791450103124,-0.0,7.800000000000011,1808.487518563977
11703600.0,600,modelica,native,True,21.41134031597494,23.10663887606727,-0.0,10.600000000000023,2130.479025907679
11707200.0,600,modelica,native,True,22.85593164274485,-2.119276258680556e-09,-0.0,11.700000000000045,2982.351979561785
11710800.0,600,modelica,native,True,26.98331443215534,0.0,9.47633695019616,14.400000000000034,3212.808451343145
11714400.0,600,modelica,native,True,27.00000410980533,0.0,373.7945255306032,15.0,1699.92309468589
11718000.0,600,modelica,native,True,27.000024193131935,0.0,417.6032553248936,16.700000000000045,1534.763911830445
11721600.0,600,modelica,native,True,26.999910037935194,0.0,425.0909469623036,16.700000000000045,1355.90088538947
11725200.0,600,modelica,native,True,26.999676464563095,0.0,298.6162609269884,14.400000000000034,804.1162989966633
11728800.0,600,modelica,native,True,26.01754844731272,0.0,24.19447102387746,12.800000000000011,205.8157623059116
11732400.0,600,modelica,native,True,24.146992629179238,0.0,-0.0,12.200000000000045,-23.16464547302703
11736000.0,600,modelica,native,True,22.152673572601543,0.0,-0.0,11.100000000000023,-101.56212
11739600.0,600,modelica,native,True,20.425964530329622,0.0,-0.0,11.100000000000023,-101.56212
11743200.0,600,modelica,native,True,19.99971106430445,176.8873296748267,-0.0,9.400000000000034,-101.56212
11746800.0,600,modelica,native,True,19.99985978474001,514.4360056172477,-0.0,9.400000000000034,-101.56212
11750400.0,600,modelica,native,True,19.999929617221824,679.2695718463262,-0.0,9.400000000000034,-101.56212
11754000.0,600,modelica,native,True,19.999964694897642,761.8839881388346,-0.0,9.400000000000034,-101.56212
11757600.0,600,modelica,native,True,19.999982032891296,803.6397987768385,-0.0,9.400000000000034,-101.56212
11761200.0,600,modelica,native,True,19.999963573201228,831.5336697626113,-0.0,8.900000000000034,-101.56212
11764800.0,600,modelica,native,True,19.99995519277013,885.4011332972844,-0.0,7.800000000000011,-101.1579910109739
11768400.0,600,modelica,native,True,20.000064809796697,927.5288891834684,-0.0,8.300000000000011,68.4859303093486
11772000.0,600,modelica,native,True,20.000207138219707,829.8388531393475,-0.0,8.900000000000034,546.1588747264057
11775600.0,600,modelica,native,True,20.00032968510692,554.6631756061978,-0.0,11.100000000000023,962.9418702449824
11779200.0,600,modelica,native,True,20.053672720452596,165.8909296899372,-0.0,12.800000000000011,1482.340684417055
11782800.0,600,modelica,native,True,21.90446954443064,1.312626732720269e-05,-0.0,13.300000000000011,2239.361636311439
11786400.0,600,modelica,native,True,24.512633152706712,0.0,-0.0,14.400000000000034,3224.809039292444
11790000.0,600,modelica,native,True,27.000694330729402,0.0,181.0836974615521,15.0,4185.453945036606
11793600.0,600,modelica,native,True,27.000542790063548,0.0,1150.12304106315,17.200000000000045,4049.17374042645
11797200.0,600,modelica,native,True,27.000082795413107,0.0,1738.042276469072,17.200000000000045,3505.27212154826
11800800.0,600,modelica,native,True,26.9999587186893,0.0,1847.158379439248,18.900000000000034,2993.42032323867
11804400.0,600,modelica,native,True,26.999816972084204,0.0,1790.140588846471,19.400000000000034,2508.944720027256
11808000.0,600,modelica,native,True,26.999566717732137,0.0,1535.797688635985,19.400000000000034,1405.140742975029
11811600.0,600,modelica,native,True,26.999504078766734,0.0,1027.409716460175,18.900000000000034,638.2831123900864
11815200.0,600,modelica,native,True,26.99955591072171,0.0,428.1921602548493,17.200000000000045,178.8212848971463
11818800.0,600,modelica,native,True,26.16238964247043,0.0,18.28978855530421,16.700000000000045,-34.02015395175459
11822400.0,600,modelica,native,True,24.75637052411531,0.0,-0.0,16.700000000000045,-101.56212
11826000.0,600,modelica,native,True,23.409981962048732,0.0,-0.0,15.600000000000023,-101.56212
11829600.0,600,modelica,native,True,22.084207356426248,0.0,-0.0,14.400000000000034,-101.56212
11833200.0,600,modelica,native,True,20.772152223235707,0.0,-0.0,13.300000000000011,-101.56212
11836800.0,600,modelica,native,True,19.999946364774644,30.11926347096761,-0.0,13.300000000000011,-101.56212
11840400.0,600,modelica,native,True,19.999889423085733,236.3485412242677,-0.0,13.300000000000011,-101.56212
11844000.0,600,modelica,native,True,19.999944020134137,367.0730911917157,-0.0,13.300000000000011,-101.56212
11847600.0,600,modelica,native,True,19.999949549234827,440.5972294457753,-0.0,12.800000000000011,-101.56212
11851200.0,600,modelica,native,True,19.999977576328547,492.6430790752835,-0.0,12.800000000000011,-100.5001657630565
11854800.0,600,modelica,native,True,19.999997943973142,525.9690473222732,-0.0,12.200000000000045,-9.940587108692768
11858400.0,600,modelica,native,True,20.000209752407898,494.8647219159868,-0.0,12.800000000000011,502.9129795260735
11862000.0,600,modelica,native,True,20.000864689211596,217.7670328039593,-0.0,15.0,1170.224908615215
11865600.0,600,modelica,native,True,21.613637429609128,-0.0039226775699191,-0.0,16.100000000000023,1852.770690107273
11869200.0,600,modelica,native,True,24.41554616744503,1.4834933810763892e-08,-0.0,17.200000000000045,2585.938298727677
11872800.0,600,modelica,native,True,26.999548796462022,0.0,76.83852208720313,19.400000000000034,3278.289241096465
11876400.0,600,modelica,native,True,27.00077401014255,0.0,978.958707142671,20.600000000000023,4089.204329702465
11880000.0,600,modelica,native,True,27.000525398716036,0.0,1884.802283815013,22.80000000000001,4285.73751501649
11883600.0,600,modelica,native,True,27.0002170773393,0.0,2480.64261502213,24.400000000000034,4008.064477124432
11887200.0,600,modelica,native,True,26.99986124945491,0.0,2701.468731402821,25.0,3186.784242281231
11890800.0,600,modelica,native,True,26.99965932264803,0.0,2526.700948439969,25.600000000000023,2246.276823453946
11894400.0,600,modelica,native,True,26.999604325930306,0.0,2112.147679885493,25.600000000000023,1535.377076135171
11898000.0,600,modelica,native,True,26.9996862089165,0.0,1662.452758825885,26.100000000000023,1106.236777585827
11901600.0,600,modelica,native,True,26.999640751197546,0.0,1270.983835823536,26.100000000000023,485.5122297352981
11905200.0,600,modelica,native,True,26.99969930880161,0.0,869.6794104803934,27.200000000000045,-17.32893719138594
11908800.0,600,modelica,native,True,26.958821509390248,0.0,343.0178808026844,16.700000000000045,-101.56212
11912400.0,600,modelica,native,True,25.328896836280137,0.0,0.0002811566988627,15.600000000000023,-101.56212
11916000.0,600,modelica,native,True,23.64994706815304,0.0,-5.298190646701389e-09,14.400000000000034,-101.56212
11919600.0,600,modelica,native,True,22.238362604426243,0.0,-0.0,14.400000000000034,-101.56212
11923200.0,600,modelica,native,True,21.074232058011205,0.0,-0.0,14.400000000000034,-101.56212
11926800.0,600,modelica,native,True,20.00247982044425,7.461919500033061,-0.0,12.800000000000011,-101.56212
11930400.0,600,modelica,native,True,20.00000665542933,155.7268820328183,-0.0,16.100000000000023,-101.56212
11934000.0,600,modelica,native,True,20.00002210198403,152.4314481539196,-0.0,17.80000000000001,-101.56212
11937600.0,600,modelica,native,True,19.99998278188741,131.7817514022191,-0.0,17.200000000000045,-100.5149325001838
11941200.0,600,modelica,native,True,20.000035427417004,147.460035223431,-0.0,16.700000000000045,73.01716428321129
11944800.0,600,modelica,native,True,20.006760701919745,79.28613480038113,-0.0,16.700000000000045,550.694185662516
11948400.0,600,modelica,native,True,21.007721276802613,-5.603949228922526e-05,-0.0,18.30000000000001,927.9451409152732
11952000.0,600,modelica,native,True,22.774376593892214,0.0,-0.0,20.600000000000023,1394.341379473929
11955600.0,600,modelica,native,True,25.833664189572005,0.0,-0.0,23.900000000000034,2400.93713077361
11959200.0,600,modelica,native,True,27.000913127569447,0.0,462.716070388688,26.100000000000023,3200.760331382394
11962800.0,600,modelica,native,True,27.00064359216941,0.0,1529.383333596124,27.80000000000001,3549.589312448286
11966400.0,600,modelica,native,True,27.00036099484811,0.0,2250.046108355522,28.900000000000034,3592.868628921342
11970000.0,600,modelica,native,True,27.000226331616204,0.0,2677.571678211424,30.0,3593.958248421835
11973600.0,600,modelica,native,True,26.999880361203623,0.0,2918.237230064604,30.600000000000023,2916.577738333572
11977200.0,600,modelica,native,True,26.99945092385775,0.0,2705.772749628491,27.80000000000001,1812.197102460541
11980800.0,600,modelica,native,True,26.999276321961815,0.0,2000.015436199241,21.700000000000045,994.285874259235
11984400.0,600,modelica,native,True,26.999591006726803,0.0,1200.572086816629,22.200000000000045,654.2072238859225
11988000.0,600,modelica,native,True,26.999649818768034,0.0,707.8605664322112,21.100000000000023,419.4426941002844
11991600.0,600,modelica,native,True,26.999632479163097,0.0,279.0788639566633,19.400000000000034,-26.79239078167036
11995200.0,600,modelica,native,True,26.07376545815083,0.0,2.733646592034234,18.900000000000034,-101.56212
11998800.0,600,modelica,native,True,25.02594517533373,0.0,-0.0,18.900000000000034,-101.56212
12002400.0,600,modelica,native,True,24.009388073192042,0.0,-0.0,17.80000000000001,-101.56212
12006000.0,600,modelica,native,True,23.123334422491325,0.0,-0.0,17.80000000000001,-101.56212
12009600.0,600,modelica,native,True,22.305965473074536,0.0,-0.0,17.200000000000045,-101.56212
12013200.0,600,modelica,native,True,21.612703267879624,0.0,-0.0,17.200000000000045,-101.56212
12016800.0,600,modelica,native,True,21.041229424626522,0.0,-0.0,17.200000000000045,-101.56212
12020400.0,600,modelica,native,True,20.568610196141037,0.0,-0.0,17.200000000000045,-101.56212
12024000.0,600,modelica,native,True,20.110085857523643,0.0,-0.0,16.700000000000045,-99.99381564634103
12027600.0,600,modelica,native,True,19.999997164959098,31.78918715688917,-0.0,17.200000000000045,7.297046485922735
12031200.0,600,modelica,native,True,20.11910771276621,26.212855380906,-0.0,17.200000000000045,665.5116335597123
12034800.0,600,modelica,native,True,21.65310110322571,-4.487991333007813e-05,-0.0,19.400000000000034,1086.527741952845
12038400.0,600,modelica,native,True,23.511327899419598,0.0,-0.0,21.100000000000023,1361.678299869686
12042000.0,600,modelica,native,True,25.919219809494336,0.0,-0.0,21.100000000000023,2090.005971083654
12045600.0,600,modelica,native,True,27.000780088226236,0.0,306.2178770009677,23.30000000000001,2877.302871738149
12049200.0,600,modelica,native,True,27.000295073189648,0.0,1182.321519282394,25.0,2523.251614840842
12052800.0,600,modelica,native,True,26.999854855971023,0.0,1459.04852148162,22.80000000000001,1851.526954605799
12056400.0,600,modelica,native,True,26.999864208733698,0.0,1294.628397728867,21.700000000000045,1726.866725110132
12060000.0,600,modelica,native,True,27.00009245956221,0.0,1169.096463640266,21.700000000000045,2181.251866345026
12063600.0,600,modelica,native,True,26.999855696676605,0.0,1234.519043571419,20.600000000000023,1811.129229398752
12067200.0,600,modelica,native,True,26.99972091452463,0.0,1054.740844682323,20.600000000000023,1046.978243159603
12070800.0,600,modelica,native,True,26.999672215449095,0.0,720.1265745011965,21.100000000000023,492.3843016580723
12074400.0,600,modelica,native,True,26.99969823764684,0.0,324.3531843153636,19.400000000000034,230.71656236452
12078000.0,600,modelica,native,True,26.53145637253573,0.0,20.90573737250434,17.80000000000001,74.97897229528121
12081600.0,600,modelica,native,True,25.1155452878931,0.0,-0.0,16.700000000000045,-101.1655011087548
12085200.0,600,modelica,native,True,23.845471073443832,0.0,-0.0,16.700000000000045,-101.56212
12088800.0,600,modelica,native,True,22.7211894317079,0.0,-0.0,16.100000000000023,-101.56212
12092400.0,600,modelica,native,True,21.765756047392813,0.0,-0.0,16.100000000000023,-101.56212
12096000.0,600,modelica,native,True,20.74550375006163,0.0,-0.0,14.400000000000034,-101.56212
12099600.0,600,modelica,native,True,20.00037719950342,12.28582633601295,-0.0,14.400000000000034,-101.56212
12103200.0,600,modelica,native,True,19.999883453493,181.6341506115596,-0.0,13.900000000000034,-101.56212
12106800.0,600,modelica,native,True,19.999948421536146,315.3942056147258,-0.0,13.900000000000034,-101.56212
12110400.0,600,modelica,native,True,19.999985446128505,368.7599364349577,-0.0,14.400000000000034,-99.80272392476472
12114000.0,600,modelica,native,True,20.000015177218813,387.7799671835369,-0.0,13.900000000000034,28.51494514190115
12117600.0,600,modelica,native,True,20.000137594672196,355.4670750225915,-0.0,13.300000000000011,489.7868531703764
12121200.0,600,modelica,native,True,20.06175590584985,140.2411205397712,-0.0,16.100000000000023,822.4002936516051
12124800.0,600,modelica,native,True,21.2983566960483,2.7020772298177082e-08,-0.0,17.80000000000001,1407.118038617127
12128400.0,600,modelica,native,True,24.310956387599617,0.0,-0.0,20.600000000000023,2391.049098886158
12132000.0,600,modelica,native,True,26.999954072475134,0.0,93.60450578742557,21.700000000000045,3276.629105748342
12135600.0,600,modelica,native,True,27.000689033581125,0.0,1102.823676406278,23.30000000000001,3742.190787230844
12139200.0,600,modelica,native,True,27.0004810102576,0.0,1915.340140669081,26.100000000000023,3762.114516249783
12142800.0,600,modelica,native,True,27.00031542567831,0.0,2419.435987723403,26.100000000000023,4006.143284210256
12146400.0,600,modelica,native,True,26.999727931385905,0.0,2747.825990745756,27.200000000000045,2738.96450977701
12150000.0,600,modelica,native,True,26.999350363679014,0.0,2387.436050235166,25.600000000000023,1200.029735568015
12153600.0,600,modelica,native,True,26.999519443543306,0.0,1637.702842236625,23.900000000000034,899.5093564164338
12157200.0,600,modelica,native,True,26.999508880315943,0.0,1009.758498694367,19.400000000000034,615.8445259277136
12160800.0,600,modelica,native,True,26.999669256586117,0.0,468.6983613406287,20.0,225.1546738932588
12164400.0,600,modelica,native,True,26.736704151224444,0.0,87.81474732054605,18.900000000000034,-66.34881799656026
12168000.0,600,modelica,native,True,25.349053769032196,0.0,1.145203908284505e-06,17.200000000000045,-101.56212
12171600.0,600,modelica,native,True,24.05645786916301,0.0,-0.0,16.700000000000045,-101.56212
12175200.0,600,modelica,native,True,22.89369913872474,0.0,-0.0,16.100000000000023,-101.56212
12178800.0,600,modelica,native,True,21.759956797914697,0.0,-0.0,15.0,-101.56212
12182400.0,600,modelica,native,True,21.00913838897975,0.0,-0.0,16.700000000000045,-101.56212
12186000.0,600,modelica,native,True,20.32961457631285,0.0,-0.0,15.600000000000023,-101.56212
12189600.0,600,modelica,native,True,19.999818054271202,66.76162863307529,-0.0,13.900000000000034,-101.56212
12193200.0,600,modelica,native,True,19.9998899394663,268.0596514129639,-0.0,13.300000000000011,-101.56212
12196800.0,600,modelica,native,True,19.999901043643206,417.4858631563187,-0.0,11.700000000000045,-99.69894968947078
12200400.0,600,modelica,native,True,20.00004272229205,514.6527156919904,-0.0,12.800000000000011,-24.44272577126628
12204000.0,600,modelica,native,True,20.000255314300944,440.9499765237172,-0.0,14.400000000000034,498.9456668717179
12207600.0,600,modelica,native,True,20.149576548880418,136.2256901682748,-0.0,16.100000000000023,1126.834863059896
12211200.0,600,modelica,native,True,21.999712826245343,0.0,-0.0,17.80000000000001,1785.907708836691
12214800.0,600,modelica,native,True,24.90077967121192,0.0,-0.0,18.30000000000001,2545.260178741481
12218400.0,600,modelica,native,True,27.00026107610222,0.0,91.30664179616504,16.700000000000045,3024.033608296024
12222000.0,600,modelica,native,True,27.00058930063284,0.0,798.9508365766208,19.400000000000034,3436.183777601831
12225600.0,600,modelica,native,True,27.00044670532992,0.0,1490.774022150305,20.0,3886.452180179727
12229200.0,600,modelica,native,True,27.000254751139835,0.0,2008.549025712808,21.100000000000023,3858.86823373126
12232800.0,600,modelica,native,True,26.9996774585548,0.0,2273.83262008773,23.30000000000001,2302.221923339169
12236400.0,600,modelica,native,True,26.9994570253387,0.0,1835.614627866215,22.200000000000045,1101.176991981992
12240000.0,600,modelica,native,True,26.999714861304994,0.0,1256.270901845296,25.0,781.303705129255
12243600.0,600,modelica,native,True,26.999523774106706,0.0,858.8198583274417,21.100000000000023,423.0598327939056
12247200.0,600,modelica,native,True,26.898550458887712,0.0,262.7423331843482,14.400000000000034,146.73182990819
12250800.0,600,modelica,native,True,25.032557672988503,0.0,3.097852071126302e-06,13.300000000000011,-49.12930339382464
12254400.0,600,modelica,native,True,23.2174580087123,0.0,2.649095323350694e-10,13.300000000000011,-101.56212
12258000.0,600,modelica,native,True,21.623944005821045,0.0,-0.0,12.800000000000011,-101.56212
12261600.0,600,modelica,native,True,20.360184249727013,0.0,-0.0,13.300000000000011,-101.56212
12265200.0,600,modelica,native,True,19.999804414951825,100.4361260742611,-0.0,12.800000000000011,-101.56212
12268800.0,600,modelica,native,True,19.999879632897546,331.3692796156142,-0.0,12.200000000000045,-101.56212
12272400.0,600,modelica,native,True,19.999940113911634,465.0967970609665,-0.0,12.200000000000045,-101.56212
12276000.0,600,modelica,native,True,19.999947846785346,539.3963047700458,-0.0,11.700000000000045,-101.56212
12279600.0,600,modelica,native,True,19.999954078995245,602.6252606285943,-0.0,11.100000000000023,-101.56212
12283200.0,600,modelica,native,True,20.000008230882145,640.2176405016581,-0.0,11.700000000000045,-97.90970562137196
12286800.0,600,modelica,native,True,20.000068452795233,633.8048270304997,-0.0,11.700000000000045,79.84407953827261
12290400.0,600,modelica,native,True,20.000110498948402,539.9785104571448,-0.0,12.200000000000045,285.4425756968967
12294000.0,600,modelica,native,True,20.00015930552371,406.1990815003713,-0.0,12.800000000000011,509.6411599780768
12297600.0,600,modelica,native,True,20.00033856069774,194.8713922225105,-0.0,13.300000000000011,1249.609349082388
12301200.0,600,modelica,native,True,21.701352193727416,0.6569151841269599,-0.0,15.0,2267.843578465765
12304800.0,600,modelica,native,True,25.123840647638417,0.0,-0.0,16.100000000000023,3489.80018427647
12308400.0,600,modelica,native,True,27.00041518546061,0.0,295.6860190444522,16.700000000000045,2820.938066436849
12312000.0,600,modelica,native,True,26.9998689263673,0.0,707.8137587716844,17.200000000000045,1453.986104733351
12315600.0,600,modelica,native,True,27.000062256956596,0.0,567.4411137323909,16.100000000000023,1992.416185607145
12319200.0,600,modelica,native,True,26.999919498565134,0.0,620.974893409676,16.100000000000023,1694.473458181718
12322800.0,600,modelica,native,True,26.999602271509048,0.0,436.3934757200877,11.700000000000045,1026.598236860055
12326400.0,600,modelica,native,True,26.78229843943211,0.0,43.39014473994573,12.800000000000011,1195.914970483577
12330000.0,600,modelica,native,True,26.98322787757172,0.0,3.9471520317925357e-08,15.600000000000023,952.7177443886216
12333600.0,600,modelica,native,True,26.034614048879803,0.0,-0.0,14.400000000000034,213.8461868171304
12337200.0,600,modelica,native,True,24.394689032779695,0.0,-0.0,13.900000000000034,-56.7300120896125
12340800.0,600,modelica,native,True,22.695823926734022,0.0,-0.0,13.300000000000011,-101.56212
12344400.0,600,modelica,native,True,21.260600503640944,0.0,-0.0,13.300000000000011,-101.56212
12348000.0,600,modelica,native,True,20.075329872801206,0.0,-0.0,13.300000000000011,-101.56212
12351600.0,600,modelica,native,True,19.999785452109222,179.9234254466163,-0.0,11.700000000000045,-101.56212
12355200.0,600,modelica,native,True,19.99988628783484,429.0091441620721,-0.0,11.100000000000023,-101.56212
12358800.0,600,modelica,native,True,19.99994423634064,562.4157683181762,-0.0,11.100000000000023,-101.56212
12362400.0,600,modelica,native,True,19.9999713902252,627.928327934477,-0.0,11.100000000000023,-101.56212
12366000.0,600,modelica,native,True,19.99996410703875,669.1617487785551,-0.0,10.600000000000023,-101.56212
12369600.0,600,modelica,native,True,19.999984377216833,705.0846487591002,-0.0,10.600000000000023,-97.42110741184956
12373200.0,600,modelica,native,True,19.99997750320813,729.2822079255845,-0.0,10.0,-65.20823740330525
12376800.0,600,modelica,native,True,20.00015955581341,731.3394582833184,-0.0,10.0,392.7569128743652
12380400.0,600,modelica,native,True,20.000362388940232,508.5105683146583,-0.0,11.700000000000045,1051.420954451471
12384000.0,600,modelica,native,True,20.441215317982028,99.13363668547736,-0.0,14.400000000000034,1687.808648162696
12387600.0,600,modelica,native,True,22.71553087558192,-2.4901496039496533e-08,-0.0,14.400000000000034,1747.807643770882
12391200.0,600,modelica,native,True,23.64104559381883,0.0,-0.0,15.600000000000023,1826.616872323072
12394800.0,600,modelica,native,True,26.20759168107952,0.0,-0.0,15.600000000000023,2458.399611448767
12398400.0,600,modelica,native,True,27.000631758909833,0.0,170.2063986526595,16.700000000000045,2993.721261417626
12402000.0,600,modelica,native,True,27.000276288752104,0.0,901.0441416041056,18.30000000000001,2890.826599844731
12405600.0,600,modelica,native,True,27.000134678634595,0.0,1199.563100151221,18.900000000000034,2615.393324355169
12409200.0,600,modelica,native,True,26.999988727721416,0.0,1351.565723161168,20.0,2386.944610288647
12412800.0,600,modelica,native,True,26.99961586674715,0.0,1272.692272663381,19.400000000000034,1232.456971606537
12416400.0,600,modelica,native,True,26.9997063838033,0.0,838.4470766647656,19.400000000000034,881.3961374881869
12420000.0,600,modelica,native,True,26.999659795305206,0.0,479.3246388967832,18.30000000000001,503.6859660030694
12423600.0,600,modelica,native,True,26.614488177869703,0.0,97.28249060524834,16.100000000000023,8.852561566034765
12427200.0,600,modelica,native,True,24.782179635241903,0.0,1.637140909830729e-07,14.400000000000034,-101.4475439521429
12430800.0,600,modelica,native,True,23.103280855391404,0.0,-0.0,13.900000000000034,-101.56212
12434400.0,600,modelica,native,True,21.621424731056607,0.0,-0.0,13.300000000000011,-101.56212
12438000.0,600,modelica,native,True,20.225906497614517,0.0,-0.0,12.200000000000045,-101.56212
12441600.0,600,modelica,native,True,19.999805346452433,153.9359684382545,-0.0,12.200000000000045,-101.56212
12445200.0,600,modelica,native,True,19.99984107023522,405.7013068305122,-0.0,10.600000000000023,-101.56212
12448800.0,600,modelica,native,True,19.99989684517942,586.3255381817288,-0.0,10.0,-101.56212
12452400.0,600,modelica,native,True,19.999905973632337,710.5914198229048,-0.0,8.900000000000034,-101.56212
12456000.0,600,modelica,native,True,19.99991449018063,823.0527941454782,-0.0,7.800000000000011,-95.26698562656424
12459600.0,600,modelica,native,True,20.00008572112381,896.8585068739785,-0.0,8.300000000000011,124.119204832638
12463200.0,600,modelica,native,True,20.000255803594143,775.9704521544775,-0.0,10.0,581.8147894589288
12466800.0,600,modelica,native,True,20.0003448272941,463.1879495747884,-0.0,12.200000000000045,981.3300326127902
12470400.0,600,modelica,native,True,20.385316732278,82.81213233682844,-0.0,15.0,1333.538826588688
12474000.0,600,modelica,native,True,22.6001805075702,0.0,-0.0,17.80000000000001,2101.176602567547
12477600.0,600,modelica,native,True,26.183657254073637,0.0,-0.0,20.600000000000023,3099.454480554809
12481200.0,600,modelica,native,True,27.000808868491504,0.0,580.6628979386223,22.200000000000045,3570.206267369982
12484800.0,600,modelica,native,True,27.000403260957512,0.0,1533.003331269953,23.30000000000001,3449.420753635687
12488400.0,600,modelica,native,True,27.00018356262234,0.0,2013.411962123977,24.400000000000034,3268.46451900975
12492000.0,600,modelica,native,True,26.99989733794314,0.0,2202.017552727064,24.400000000000034,2738.781942988398
12495600.0,600,modelica,native,True,26.99972877134212,0.0,2060.710605258147,23.900000000000034,2056.730012414905
12499200.0,600,modelica,native,True,26.999708123084645,0.0,1740.695013618999,25.0,1371.845630450466
12502800.0,600,modelica,native,True,26.99971130222883,0.0,1390.571321144899,25.0,995.1279939134444
12506400.0,600,modelica,native,True,26.999629819270012,0.0,1031.699624117216,23.900000000000034,470.5981941494176
12510000.0,600,modelica,native,True,26.99956406949491,0.0,584.5880543290244,21.700000000000045,-15.1780792299609
12513600.0,600,modelica,native,True,26.641392998922925,0.0,104.8927262647947,18.30000000000001,-101.4738435223186
12517200.0,600,modelica,native,True,25.060280207740618,0.0,5.298190646701389e-10,16.100000000000023,-101.56212
12520800.0,600,modelica,native,True,23.626411497687116,0.0,-0.0,15.600000000000023,-101.56212
12524400.0,600,modelica,native,True,22.26570525910722,0.0,-0.0,14.400000000000034,-101.56212
12528000.0,600,modelica,native,True,21.023782228391497,0.0,-0.0,13.900000000000034,-101.56212
12531600.0,600,modelica,native,True,20.000396996022403,24.53892941157023,-0.0,11.700000000000045,-101.56212
12535200.0,600,modelica,native,True,19.999841620851043,287.6026794539558,-0.0,11.700000000000045,-101.56212
12538800.0,600,modelica,native,True,19.999877928758906,484.483889635404,-0.0,10.600000000000023,-101.56212
12542400.0,600,modelica,native,True,19.999922151769113,626.0789944394429,-0.0,10.0,-100.1630595052188
12546000.0,600,modelica,native,True,20.00005575937945,709.3723604308234,-0.0,10.0,102.4472714100406
12549600.0,600,modelica,native,True,20.000289665910145,608.257733074824,-0.0,12.200000000000045,603.5449992936356
12553200.0,600,modelica,native,True,20.000373859586603,264.4780645280414,-0.0,15.0,987.123816139152
12556800.0,600,modelica,native,True,21.329524637388545,2.815497594939338,-0.0,18.30000000000001,1308.526852623006
12560400.0,600,modelica,native,True,23.895228152666448,0.0,-0.0,21.100000000000023,2116.376513548362
12564000.0,600,modelica,native,True,26.998725388921798,0.0,77.90824768622716,23.900000000000034,3078.40273835792
12567600.0,600,modelica,native,True,27.000364784856743,0.0,946.2650194387966,23.30000000000001,2646.357297584479
12571200.0,600,modelica,native,True,27.00043564659785,0.0,1426.520634302033,23.30000000000001,3354.617099204746
12574800.0,600,modelica,native,True,27.000113770287726,0.0,1846.11001481745,20.0,3488.213081774763
12578400.0,600,modelica,native,True,26.99993202202961,0.0,2011.263986898263,22.200000000000045,2760.055872189458
12582000.0,600,modelica,native,True,26.999722775675707,0.0,1886.868899531099,21.700000000000045,2056.12425881918
12585600.0,600,modelica,native,True,26.999693690099207,0.0,1573.857013846238,23.30000000000001,1356.512169375185
12589200.0,600,modelica,native,True,26.999645810207596,0.0,1204.495791703065,22.200000000000045,953.5147991485728
12592800.0,600,modelica,native,True,26.999596285502207,0.0,767.8308926441935,19.400000000000034,560.5356804671483
12596400.0,600,modelica,native,True,26.99960140915283,0.0,299.2035822955767,18.30000000000001,65.62934592986602
12600000.0,600,modelica,native,True,25.75777659004524,0.0,4.778588568104638,16.100000000000023,-100.5396020943577
12603600.0,600,modelica,native,True,24.123512714557933,0.0,-1.589457194010417e-08,15.0,-101.56212
12607200.0,600,modelica,native,True,22.584331032572038,0.0,-0.0,13.900000000000034,-101.56212
12610800.0,600,modelica,native,True,20.9513268835654,0.0,-0.0,11.700000000000045,-101.56212
12614400.0,600,modelica,native,True,19.999871530890232,44.05885046482086,-0.0,11.700000000000045,-101.56212
12618000.0,600,modelica,native,True,19.999861373347528,310.9238504838943,-0.0,11.700000000000045,-101.56212
12621600.0,600,modelica,native,True,19.999969155699546,454.770471373664,-0.0,12.800000000000011,-101.56212
12625200.0,600,modelica,native,True,19.999937915840235,514.9064985985226,-0.0,11.700000000000045,-101.56212
12628800.0,600,modelica,native,True,19.999981432632637,581.8980454275343,-0.0,11.700000000000045,-97.8548655708322
12632400.0,600,modelica,native,True,20.000023802851217,598.0319363583459,-0.0,12.200000000000045,-55.438740135674
12636000.0,600,modelica,native,True,20.000172180734296,554.5555360253652,-0.0,12.200000000000045,433.3295259007659
12639600.0,600,modelica,native,True,20.000358784724995,325.9556219217512,-0.0,12.800000000000011,1192.087182609984
12643200.0,600,modelica,native,True,20.909248108482814,19.68093647268083,-0.0,14.400000000000034,1316.68409811729
12646800.0,600,modelica,native,True,21.893017524647234,-3.337860107421875e-08,-0.0,14.400000000000034,1700.127958625517
12650400.0,600,modelica,native,True,24.560351334738925,0.0,-0.0,16.700000000000045,2425.405644165302
12654000.0,600,modelica,native,True,26.99653316299913,0.0,32.54282430171966,17.80000000000001,3336.412301256289
12657600.0,600,modelica,native,True,27.00068202315981,0.0,900.9870377582974,20.0,3821.991786732433
12661200.0,600,modelica,native,True,27.000357354195103,0.0,1680.986584600078,22.200000000000045,3545.066388459765
12664800.0,600,modelica,native,True,26.99991599023133,0.0,2062.779972975784,23.30000000000001,2745.582235890065
12668400.0,600,modelica,native,True,26.99970482321885,0.0,1936.27745999919,23.30000000000001,1828.863139655555
12672000.0,600,modelica,native,True,26.999776088864337,0.0,1594.74081770579,25.600000000000023,1265.622527647756
12675600.0,600,modelica,native,True,26.99972450580725,0.0,1328.933680685891,25.600000000000023,993.9278172957712
12679200.0,600,modelica,native,True,26.99958635722885,0.0,985.0088140601582,22.200000000000045,563.4331367251316
12682800.0,600,modelica,native,True,26.999515634510317,0.0,485.3007727366024,18.900000000000034,50.86064612607139
12686400.0,600,modelica,native,True,26.141749132837447,0.0,34.68902308834924,16.700000000000045,-100.06100329502
12690000.0,600,modelica,native,True,24.4601900208217,0.0,-1.112620035807292e-07,15.0,-101.56212
12693600.0,600,modelica,native,True,22.84512653217945,0.0,3.708733452690972e-09,13.900000000000034,-101.56212
12697200.0,600,modelica,native,True,21.5630461812176,0.0,-0.0,14.400000000000034,-101.56212
12700800.0,600,modelica,native,True,20.368518853745343,0.0,-0.0,13.300000000000011,-101.56212
12704400.0,600,modelica,native,True,19.99977840778564,112.2643429051505,-0.0,12.200000000000045,-101.56212
12708000.0,600,modelica,native,True,19.9999808411676,318.173395134608,-0.0,14.400000000000034,-101.56212
12711600.0,600,modelica,native,True,19.999979949264002,353.0476545996136,-0.0,14.400000000000034,-101.56212
12715200.0,600,modelica,native,True,19.999989804567747,375.8325900967916,-0.0,14.400000000000034,-100.3661674185587
12718800.0,600,modelica,native,True,19.999970764699412,405.7202951510747,-0.0,13.300000000000011,-42.83680792849437
12722400.0,600,modelica,native,True,20.00006350532044,422.2859631766214,-0.0,13.300000000000011,165.3023287011754
12726000.0,600,modelica,native,True,20.00026772255245,328.789337744183,-0.0,13.900000000000034,750.0861256986959
12729600.0,600,modelica,native,True,20.61925374925255,55.8969999244478,-0.0,16.100000000000023,1389.231458619479
12733200.0,600,modelica,native,True,22.910022180676435,0.0,-0.0,17.80000000000001,2121.01549443827
12736800.0,600,modelica,native,True,26.1344571376236,0.0,-0.0,19.400000000000034,2774.486983750875
12740400.0,600,modelica,native,True,27.00081088147465,0.0,434.96321927415,21.100000000000023,3426.874177129077
12744000.0,600,modelica,native,True,27.000486686924205,0.0,1380.416021328237,22.80000000000001,3534.630293842772
12747600.0,600,modelica,native,True,27.00010715352721,0.0,1926.533042860031,23.900000000000034,2980.039093409719
12751200.0,600,modelica,native,True,27.00001391514263,0.0,2054.752260063489,25.600000000000023,2619.291581299763
12754800.0,600,modelica,native,True,26.999769088112203,0.0,2024.349534789986,25.0,2114.348409290973
12758400.0,600,modelica,native,True,26.99955880795494,0.0,1724.22062016964,21.700000000000045,1453.995154790475
12762000.0,600,modelica,native,True,26.99963149032311,0.0,1219.844179725912,20.600000000000023,1028.074401135827
12765600.0,600,modelica,native,True,26.999652435662995,0.0,764.4083307772213,20.0,600.5722812119869
12769200.0,600,modelica,native,True,26.999634469289333,0.0,344.4444932193226,19.400000000000034,62.4732012360808
12772800.0,600,modelica,native,True,26.196147248078148,0.0,21.11129526933034,17.80000000000001,-101.2983480295209
12776400.0,600,modelica,native,True,24.559736457356905,0.0,2.6226043701171882e-08,15.0,-101.56212
12780000.0,600,modelica,native,True,22.6173116402137,0.0,-5.298190646701389e-10,11.700000000000045,-101.56212
12783600.0,600,modelica,native,True,20.87518349241151,0.0,-0.0,11.700000000000045,-101.56212
12787200.0,600,modelica,native,True,19.999860556402837,42.52415239228143,-0.0,12.200000000000045,-101.56212
12790800.0,600,modelica,native,True,19.99982441849204,310.0681953048706,-0.0,11.100000000000023,-101.56212
12794400.0,600,modelica,native,True,19.999895273853213,513.4562803777059,-0.0,10.600000000000023,-101.56212
12798000.0,600,modelica,native,True,19.999924897598646,638.0272829458448,-0.0,10.0,-101.56212
12801600.0,600,modelica,native,True,19.999940466800126,727.3393623537487,-0.0,9.400000000000034,-100.7568601636364
12805200.0,600,modelica,native,True,20.000028806339515,790.7900462855233,-0.0,8.900000000000034,107.3795344777663
12808800.0,600,modelica,native,True,20.00027366413974,711.68989941544,-0.0,10.600000000000023,608.8629534015502
12812400.0,600,modelica,native,True,20.00036969284082,383.4926462427775,-0.0,13.300000000000011,1038.066964960016
12816000.0,600,modelica,native,True,20.76338414599593,32.53274524635739,-0.0,15.600000000000023,1465.06071473319
12819600.0,600,modelica,native,True,23.2622931208478,-1.854366726345486e-08,-0.0,18.900000000000034,2148.332996131023
12823200.0,600,modelica,native,True,26.75268247319542,0.0,-0.0,20.600000000000023,2936.092947214641
12826800.0,600,modelica,native,True,27.00076383458361,0.0,662.7630682939953,22.200000000000045,3495.881337718292
12830400.0,600,modelica,native,True,27.000484929614345,0.0,1547.298108040757,22.80000000000001,3755.382635018404
12834000.0,600,modelica,native,True,27.00020584399033,0.0,2124.503536904653,23.900000000000034,3585.993334320474
12837600.0,600,modelica,native,True,26.999824756139446,0.0,2342.062271829181,24.400000000000034,2694.979837283171
12841200.0,600,modelica,native,True,26.999793175789932,0.0,2131.897199665175,24.400000000000034,2245.650631805546
12844800.0,600,modelica,native,True,26.999712038836606,0.0,1871.290694328679,24.400000000000034,1719.840864581698
12848400.0,600,modelica,native,True,26.999626181334804,0.0,1522.684890057511,24.400000000000034,963.1643409871248
12852000.0,600,modelica,native,True,26.99952492313423,0.0,1044.835017817815,22.200000000000045,456.7570514694057
12855600.0,600,modelica,native,True,26.999425842003404,0.0,450.7391701690356,16.700000000000045,56.59096210800136
12859200.0,600,modelica,native,True,25.488723335247244,0.0,8.807758465078141,13.900000000000034,-101.3095825610294
12862800.0,600,modelica,native,True,23.670157686978598,0.0,1.509984334309896e-08,13.900000000000034,-101.56212
12866400.0,600,modelica,native,True,22.095493517530315,0.0,-0.0,13.300000000000011,-101.56212
12870000.0,600,modelica,native,True,20.61546396152312,0.0,-0.0,12.200000000000045,-101.56212
12873600.0,600,modelica,native,True,19.999777265808802,78.82682504389021,-0.0,12.200000000000045,-101.56212
12877200.0,600,modelica,native,True,19.999823433645645,358.0108041005664,-0.0,10.600000000000023,-101.56212
12880800.0,600,modelica,native,True,19.999893172880434,562.9523839521408,-0.0,10.0,-101.56212
12884400.0,600,modelica,native,True,19.999924187560396,689.7698710547553,-0.0,9.400000000000034,-101.56212
12888000.0,600,modelica,native,True,19.99994649979601,778.4813695494333,-0.0,8.900000000000034,-100.3149999863275
12891600.0,600,modelica,native,True,20.00005274797013,832.9105889675352,-0.0,8.900000000000034,84.44721718308718
12895200.0,600,modelica,native,True,20.000307233167348,729.0503886116876,-0.0,11.100000000000023,607.381191217609
12898800.0,600,modelica,native,True,20.000456000566714,343.6918641620212,-0.0,14.400000000000034,1200.475088412939
12902400.0,600,modelica,native,True,21.44511964935583,6.229679170184665,-0.0,17.200000000000045,1607.419825520765
12906000.0,600,modelica,native,True,24.224483123029927,0.0,-0.0,20.0,2334.03990494881
12909600.0,600,modelica,native,True,26.99955233601753,0.0,81.07165476560593,21.700000000000045,2850.008844394571
12913200.0,600,modelica,native,True,27.000650090133604,0.0,874.145220188035,22.80000000000001,3310.351785303138
12916800.0,600,modelica,native,True,27.00055708347105,0.0,1673.000122862127,25.0,3853.820964803377
12920400.0,600,modelica,native,True,27.00017369574914,0.0,2295.136068906784,26.100000000000023,3437.798782314855
12924000.0,600,modelica,native,True,26.99997571057935,0.0,2502.338142805629,27.80000000000001,2861.718954122083
12927600.0,600,modelica,native,True,26.999736541602147,0.0,2441.192817862299,27.80000000000001,2202.544967602395
12931200.0,600,modelica,native,True,26.999465082709605,0.0,2057.281331012514,23.30000000000001,1414.116085116573
12934800.0,600,modelica,native,True,26.999598526541547,0.0,1452.315523900191,22.80000000000001,975.798689145386
12938400.0,600,modelica,native,True,26.999631272109298,0.0,968.2323138425086,22.200000000000045,541.3909664247623
12942000.0,600,modelica,native,True,26.999547674475934,0.0,489.2295282710923,19.400000000000034,26.19611465565522
12945600.0,600,modelica,native,True,26.39490246259635,0.0,44.64601219336192,18.30000000000001,-100.2472148069
12949200.0,600,modelica,native,True,25.036564296663414,0.0,-2.484851413302951e-07,17.200000000000045,-101.56212
12952800.0,600,modelica,native,True,23.570288473131427,0.0,-0.0,15.0,-101.56212
12956400.0,600,modelica,native,True,22.408714897018626,0.0,-0.0,16.100000000000023,-101.56212
12960000.0,600,modelica,native,True,21.363126601297324,0.0,-0.0,15.0,-101.56212
12963600.0,600,modelica,native,True,20.534608174572497,0.0,-0.0,15.600000000000023,-101.56212
12967200.0,600,modelica,native,True,19.9998837799252,34.94187828381856,-0.0,13.900000000000034,-101.56212
12970800.0,600,modelica,native,True,19.99991959146854,214.7716542535358,-0.0,14.400000000000034,-101.56212
12974400.0,600,modelica,native,True,19.999936427009516,314.5359431701236,-0.0,13.900000000000034,-99.89146887400156
12978000.0,600,modelica,native,True,20.000025507325233,387.448551402092,-0.0,13.300000000000011,95.79640410743464
12981600.0,600,modelica,native,True,20.000221605625313,320.4511219639248,-0.0,14.400000000000034,593.9731748047218
12985200.0,600,modelica,native,True,20.253344685486923,69.96392758104537,-0.0,15.600000000000023,1039.112379730063
12988800.0,600,modelica,native,True,21.600872746184336,0.0,-0.0,16.100000000000023,1464.206858542339
12992400.0,600,modelica,native,True,24.014313958347202,0.0,-0.0,18.900000000000034,2048.34841102956
12996000.0,600,modelica,native,True,26.779440391852233,0.0,-0.0,18.900000000000034,2786.332282986112
12999600.0,600,modelica,native,True,27.00061210383342,0.0,563.7027723680602,19.400000000000034,3267.021117846426
13003200.0,600,modelica,native,True,27.000529723229818,0.0,1310.344436564975,20.600000000000023,3777.47016081372
13006800.0,600,modelica,native,True,27.000187967964905,0.0,1913.587478998767,21.700000000000045,3539.972631227531
13010400.0,600,modelica,native,True,26.999683273641722,0.0,2067.115706776513,20.0,2497.159426538405
13014000.0,600,modelica,native,True,26.999653682772305,0.0,1715.811729815271,18.900000000000034,1983.151212640746
13017600.0,600,modelica,native,True,26.99966384713781,0.0,1323.295979007615,19.400000000000034,1436.263013002316
13021200.0,600,modelica,native,True,26.999479797435242,0.0,866.4730948421691,16.100000000000023,723.3773326927785
13024800.0,600,modelica,native,True,26.999349486201538,0.0,268.2275810718536,15.600000000000023,205.8918765079454
13028400.0,600,modelica,native,True,25.666475433561402,0.0,0.001211323208279,15.600000000000023,-34.95015736732293
13032000.0,600,modelica,native,True,23.912763483067636,0.0,-1.4834933810763892e-08,13.900000000000034,-100.3096469841932
13035600.0,600,modelica,native,True,22.43506237613252,0.0,-0.0,14.400000000000034,-101.56212
13039200.0,600,modelica,native,True,21.224147610783348,0.0,-0.0,14.300000000000011,-101.56212
13042800.0,600,modelica,native,True,20.2194343717116,0.0,-0.0,14.300000000000011,-101.56212
13046400.0,600,modelica,native,True,19.999862045309726,92.43117604838476,-0.0,14.200000000000045,-101.56212
13050000.0,600,modelica,native,True,19.999926575613642,257.2325771919886,-0.0,14.100000000000023,-101.56212
13053600.0,600,modelica,native,True,19.99995933793275,343.9192550929387,-0.0,14.0,-101.56212
13057200.0,600,modelica,native,True,19.999981281621615,389.9924409707388,-0.0,14.0,-101.56212
13060800.0,600,modelica,native,True,19.99998563277893,414.1629284837511,-0.0,13.900000000000034,-96.30981524112208
13064400.0,600,modelica,native,True,20.0000665612622,448.2165326886707,-0.0,12.800000000000011,134.1161496312955
13068000.0,600,modelica,native,True,20.000265969946497,340.9095082675086,-0.0,15.0,590.2226272851846
13071600.0,600,modelica,native,True,20.379811882696515,58.07939964983198,-0.0,17.200000000000045,931.148413817278
13075200.0,600,modelica,native,True,21.953515212885634,-1.059638129340278e-09,-0.0,18.30000000000001,1316.194084840919
13078800.0,600,modelica,native,True,24.463940592423,0.0,-0.0,21.100000000000023,2193.07105433609
13082400.0,600,modelica,native,True,27.000333626742133,0.0,120.6447039524714,23.30000000000001,2938.245547246975
13086000.0,600,modelica,native,True,27.000624086176515,0.0,1035.453683156437,24.400000000000034,3294.915494803811
13089600.0,600,modelica,native,True,27.00041314676463,0.0,1779.192262173759,26.700000000000045,3355.767551594279
13093200.0,600,modelica,native,True,27.000164196339597,0.0,2248.500721381505,27.200000000000045,3205.378342630887
13096800.0,600,modelica,native,True,26.999973527182533,0.0,2439.69429509004,28.900000000000034,2684.276816996895
13100400.0,600,modelica,native,True,26.99974005332615,0.0,2378.798804260095,28.900000000000034,1933.363877769449
13104000.0,600,modelica,native,True,26.999699074984107,0.0,2076.18828097317,29.400000000000034,1328.771138164748
13107600.0,600,modelica,native,True,26.999702830793296,0.0,1728.217197914124,28.30000000000001,1063.010981583072
13111200.0,600,modelica,native,True,26.99961533288274,0.0,1361.746352893511,27.200000000000045,455.3621177315013
13114800.0,600,modelica,native,True,26.999556716758946,0.0,894.105351720651,25.0,-15.53160917386025
13118400.0,600,modelica,native,True,26.99960719834735,0.0,366.7541399404737,21.100000000000023,-98.72725470854104
13122000.0,600,modelica,native,True,26.2359248073559,0.0,14.3865545047654,18.900000000000034,-101.56212
13125600.0,600,modelica,native,True,25.1494606885733,0.0,-0.0,18.900000000000034,-101.56212
13129200.0,600,modelica,native,True,23.86797701456834,0.0,-0.0,16.100000000000023,-101.56212
13132800.0,600,modelica,native,True,22.78845797184374,0.0,-0.0,16.700000000000045,-101.56212
13136400.0,600,modelica,native,True,21.84045238827514,0.0,-0.0,16.100000000000023,-101.56212
13140000.0,600,modelica,native,True,21.03748171000285,0.0,-0.0,16.100000000000023,-101.56212
13143600.0,600,modelica,native,True,20.375210130026517,0.0,-0.0,16.100000000000023,-101.56212
13147200.0,600,modelica,native,True,19.999915899078644,22.13876331806183,-0.0,15.600000000000023,-98.72143989879284
13150800.0,600,modelica,native,True,19.999922953971918,164.4143876361847,-0.0,14.400000000000034,3.887212861449832
13154400.0,600,modelica,native,True,20.00019246289861,216.1948771100574,-0.0,15.0,513.2392964908875
13158000.0,600,modelica,native,True,20.6254859171587,34.41343613730537,-0.0,17.80000000000001,1056.876958900292
13161600.0,600,modelica,native,True,22.563244383435915,0.0,-0.0,20.0,1394.504197527928
13165200.0,600,modelica,native,True,25.1702771187841,0.0,-0.0,22.200000000000045,2021.565496429377
13168800.0,600,modelica,native,True,27.000638653852434,0.0,177.5323612327046,22.80000000000001,2708.301850791764
13172400.0,600,modelica,native,True,27.000636903102702,0.0,954.217450185352,22.200000000000045,3420.492981878998
13176000.0,600,modelica,native,True,27.000591119921296,0.0,1706.171524053415,23.900000000000034,4112.354238789407
13179600.0,600,modelica,native,True,26.999975841881906,0.0,2330.822857981788,25.600000000000023,2972.934919634938
13183200.0,600,modelica,native,True,26.99940330940575,0.0,2231.859250810146,23.900000000000034,1497.000963024569
13186800.0,600,modelica,native,True,26.99952691262655,0.0,1477.882895216677,16.100000000000023,1563.749824756042
13190400.0,600,modelica,native,True,26.999742759871197,0.0,958.3816264528698,18.30000000000001,1256.722599024512
13194000.0,600,modelica,native,True,26.999805117857534,0.0,654.4981752888361,19.400000000000034,853.967918349877
13197600.0,600,modelica,native,True,26.999843180645144,0.0,419.3842823939853,20.600000000000023,582.1486817002373
13201200.0,600,modelica,native,True,26.9996689653899,0.0,189.3379970977041,18.900000000000034,65.99934485189448
13204800.0,600,modelica,native,True,25.832491726734816,0.0,0.0275391787952847,17.80000000000001,-101.340673545
13208400.0,600,modelica,native,True,24.633068911975045,0.0,-7.417466905381944e-09,17.80000000000001,-101.56212
13212000.0,600,modelica,native,True,23.495742828075038,0.0,-5.298190646701389e-10,16.700000000000045,-101.56212
13215600.0,600,modelica,native,True,22.4173010647217,0.0,-0.0,16.100000000000023,-101.56212
13219200.0,600,modelica,native,True,21.608369702998004,0.0,-0.0,16.700000000000045,-101.56212
13222800.0,600,modelica,native,True,20.807383423124236,0.0,-0.0,15.600000000000023,-101.56212
13226400.0,600,modelica,native,True,20.00242180051083,4.022682259877523,-0.0,14.400000000000034,-101.56212
13230000.0,600,modelica,native,True,19.999891884952035,156.5474376063877,-0.0,14.400000000000034,-101.56212
13233600.0,600,modelica,native,True,19.99990412061652,297.4378081878027,-0.0,13.300000000000011,-91.59081886262346
13237200.0,600,modelica,native,True,20.000049905321248,394.5035400380029,-0.0,13.300000000000011,130.1083664578882
13240800.0,600,modelica,native,True,20.000154511537517,296.8672230810589,-0.0,15.600000000000023,309.9801241456433
13244400.0,600,modelica,native,True,20.00023151040682,157.9436939488517,-0.0,14.400000000000034,803.8087970025261
13248000.0,600,modelica,native,True,21.352060419026202,10.94391602198283,-0.0,17.200000000000045,1658.651557379692
13251600.0,600,modelica,native,True,24.02760783845065,-4.185570610894097e-08,-0.0,18.900000000000034,2292.287091400565
13255200.0,600,modelica,native,True,26.997619353412745,0.0,53.20356656286452,21.700000000000045,3061.360828260745
13258800.0,600,modelica,native,True,27.00049481781275,0.0,918.6453176760674,23.900000000000034,2846.31029787902
13262400.0,600,modelica,native,True,27.000378253093004,0.0,1481.9502049613,25.600000000000023,2897.795696348345
13266000.0,600,modelica,native,True,27.000186162288628,0.0,1934.084323245949,27.80000000000001,2798.231554327899
13269600.0,600,modelica,native,True,27.000024813915843,0.0,2153.226451290978,28.900000000000034,2411.601979689475
13273200.0,600,modelica,native,True,26.999814846460026,0.0,2159.525557981597,28.900000000000034,1945.553938407544
13276800.0,600,modelica,native,True,26.9995233805667,0.0,1875.449783276452,23.900000000000034,1313.140153294758
13280400.0,600,modelica,native,True,26.999624305627833,0.0,1335.649614716636,22.80000000000001,916.5106559187312
13284000.0,600,modelica,native,True,26.99964582101063,0.0,888.0114083602693,22.200000000000045,479.687839760495
13287600.0,600,modelica,native,True,26.99963458400481,0.0,456.5059983380635,21.100000000000023,4.68742324945034
13291200.0,600,modelica,native,True,26.815166730715305,0.0,71.64254889143838,21.100000000000023,-98.83414873934872
13294800.0,600,modelica,native,True,25.878784155371534,0.0,2.284314897325304e-06,20.0,-101.56212
13298400.0,600,modelica,native,True,24.90095426807693,0.0,2.225240071614583e-08,18.900000000000034,-101.56212
13302000.0,600,modelica,native,True,23.901968354477106,0.0,-0.0,17.80000000000001,-101.56212
13305600.0,600,modelica,native,True,22.810881585327706,0.0,-0.0,16.100000000000023,-101.56212
13309200.0,600,modelica,native,True,21.669889266777034,0.0,-0.0,15.0,-101.56212
13312800.0,600,modelica,native,True,20.70281749422861,0.0,-0.0,15.0,-101.56212
13316400.0,600,modelica,native,True,20.00043042519644,12.00103894233704,-0.0,14.400000000000034,-101.56212
13320000.0,600,modelica,native,True,19.99985445059133,192.7315312104755,-0.0,13.300000000000011,-97.55134370338877
13323600.0,600,modelica,native,True,19.999983194798233,354.8786005364524,-0.0,12.800000000000011,56.59215939369928
13327200.0,600,modelica,native,True,20.000188276076017,339.7313743580712,-0.0,15.0,317.3403584415524
13330800.0,600,modelica,native,True,20.118971486670432,111.0545804346932,-0.0,18.30000000000001,819.800518518475
13334400.0,600,modelica,native,True,22.162322332195004,2.08282470703125e-05,-0.0,21.100000000000023,1278.204638732873
13338000.0,600,modelica,native,True,24.9567939711431,-7.417466905381944e-09,-0.0,24.400000000000034,1902.743304249768
13341600.0,600,modelica,native,True,27.000842840162136,0.0,216.5063627841737,27.80000000000001,2618.674652027051
13345200.0,600,modelica,native,True,27.000429943655433,0.0,1186.507979150348,28.30000000000001,2527.278455247239
13348800.0,600,modelica,native,True,27.000417540480328,0.0,1688.730800812245,29.400000000000034,2871.405064394131
13352400.0,600,modelica,native,True,27.000399951381496,0.0,2187.596655057007,30.0,3509.834953167378
13356000.0,600,modelica,native,True,27.000068682314804,0.0,2628.23700453043,31.100000000000023,2978.729913585403
13359600.0,600,modelica,native,True,26.99983399656253,0.0,2689.875366781817,31.700000000000045,2276.776298072662
13363200.0,600,modelica,native,True,26.999702564154404,0.0,2476.759482828246,32.200000000000045,1541.150415477797
13366800.0,600,modelica,native,True,26.999561124834315,0.0,2105.650897927814,30.600000000000023,889.8198569582023
13370400.0,600,modelica,native,True,26.999590346238108,0.0,1585.369289856222,30.0,295.5159364866759
13374000.0,600,modelica,native,True,26.999621792894516,0.0,1092.285302781264,28.30000000000001,25.11449758768618
13377600.0,600,modelica,native,True,26.999615357879122,0.0,610.6979764289326,23.900000000000034,-101.4346157781607
13381200.0,600,modelica,native,True,26.99980136980554,0.0,180.5384734463692,22.80000000000001,-101.56212
13384800.0,600,modelica,native,True,26.740846604998637,0.0,2.294813311629825,23.30000000000001,-101.56212
13388400.0,600,modelica,native,True,25.824517501391995,0.0,-0.0,19.400000000000034,-101.56212
13392000.0,600,modelica,native,True,24.40670628997401,0.0,-0.0,16.100000000000023,-101.56212
13395600.0,600,modelica,native,True,23.134502628713733,0.0,-0.0,16.100000000000023,-101.56212
13399200.0,600,modelica,native,True,22.043756612164998,0.0,-0.0,15.600000000000023,-101.56212
13402800.0,600,modelica,native,True,21.041913341367945,0.0,-0.0,15.0,-101.56212
13406400.0,600,modelica,native,True,20.005984739692508,1.697606134414673,-0.0,13.300000000000011,-96.73550903297036
13410000.0,600,modelica,native,True,19.99992722924503,199.5172178157171,-0.0,12.200000000000045,142.8177041576407
13413600.0,600,modelica,native,True,20.000286449252997,215.9979261430105,-0.0,16.100000000000023,615.0032816814958
13417200.0,600,modelica,native,True,20.975530895321242,6.380880719820659,-0.0,18.900000000000034,1039.018660557183
13420800.0,600,modelica,native,True,23.15031935223385,0.0,-0.0,22.200000000000045,1355.33636214962
13424400.0,600,modelica,native,True,26.204631989383017,0.0,-0.0,25.600000000000023,2031.43459210919
13428000.0,600,modelica,native,True,27.000790330794302,0.0,461.8019790042771,26.700000000000045,2777.783384617464
13431600.0,600,modelica,native,True,27.00063001972785,0.0,1411.064919364452,28.30000000000001,3330.240262272641
13435200.0,600,modelica,native,True,27.00035230807083,0.0,2134.322405338552,29.400000000000034,3379.94602627729
13438800.0,600,modelica,native,True,27.000119077174134,0.0,2539.207999009026,30.0,3128.550247656602
13442400.0,600,modelica,native,True,26.999912213888308,0.0,2672.808195593622,30.600000000000023,2644.600996537506
13446000.0,600,modelica,native,True,26.999715166507315,0.0,2546.714762534036,30.600000000000023,1878.280047776743
13449600.0,600,modelica,native,True,26.99970955219004,0.0,2209.351806011465,30.600000000000023,1381.27826757668
13453200.0,600,modelica,native,True,26.9996936925383,0.0,1848.466354048517,29.400000000000034,1064.092858489544
13456800.0,600,modelica,native,True,26.999668763770728,0.0,1493.827757426633,28.900000000000034,592.0908630616071
13460400.0,600,modelica,native,True,26.999589470084516,0.0,1087.062537971603,26.700000000000045,104.7713796020396
13464000.0,600,modelica,native,True,26.9996821402396,0.0,612.3789103576872,25.0,-101.1669581135593
13467600.0,600,modelica,native,True,26.9998065949859,0.0,243.0702193437682,23.900000000000034,-101.56212
13471200.0,600,modelica,native,True,26.867774445066914,0.0,30.820562748909,23.30000000000001,-101.56212
13474800.0,600,modelica,native,True,26.148165133590908,0.0,-0.0,21.100000000000023,-101.56212
13478400.0,600,modelica,native,True,25.454019051370437,0.0,-0.0,21.100000000000023,-101.56212
13482000.0,600,modelica,native,True,24.63640176418602,0.0,-0.0,19.400000000000034,-101.56212
13485600.0,600,modelica,native,True,23.99863630436795,0.0,-0.0,20.0,-101.56212
13489200.0,600,modelica,native,True,23.582076138850596,0.0,-0.0,20.600000000000023,-101.56212
13492800.0,600,modelica,native,True,23.330388331411143,0.0,-0.0,21.100000000000023,-95.75566797721793
13496400.0,600,modelica,native,True,23.310542930563713,0.0,-0.0,21.700000000000045,144.1086806302607
13500000.0,600,modelica,native,True,23.58057208457791,0.0,-0.0,19.400000000000034,612.7034353937458
13503600.0,600,modelica,native,True,24.67669013314645,0.0,-0.0,21.700000000000045,1022.393042134693
13507200.0,600,modelica,native,True,26.57995383011712,0.0,-0.0,24.400000000000034,1327.077289289862
13510800.0,600,modelica,native,True,27.000656876074743,0.0,352.3941384898292,27.80000000000001,1994.623944925079
13514400.0,600,modelica,native,True,27.000640336292804,0.0,1144.971222756439,30.0,2763.662485018017
13518000.0,600,modelica,native,True,27.00050309188981,0.0,1898.492662945853,31.700000000000045,3223.144751640693
13521600.0,600,modelica,native,True,27.000284765597712,0.0,2473.670240594016,32.200000000000045,3282.683400540506
13525200.0,600,modelica,native,True,27.000184186853744,0.0,2824.498015721109,32.80000000000001,3364.494564806457
13528800.0,600,modelica,native,True,26.999857764920534,0.0,3012.235773047341,32.80000000000001,2702.0113531877
13532400.0,600,modelica,native,True,26.99974792573994,0.0,2849.173019064533,33.900000000000034,1950.093518412136
13536000.0,600,modelica,native,True,26.99962067352044,0.0,2510.274467945894,32.200000000000045,1407.376341499173
13539600.0,600,modelica,native,True,26.99967843412435,0.0,2082.408805241585,31.700000000000045,1023.833430148626
13543200.0,600,modelica,native,True,26.999628583109597,0.0,1685.577155620522,30.0,649.224671633197
13546800.0,600,modelica,native,True,26.999484646091105,0.0,1196.901835801866,25.600000000000023,99.26101276978196
13550400.0,600,modelica,native,True,26.9996313590442,0.0,614.6144598587354,23.900000000000034,-96.87002380667371
13554000.0,600,modelica,native,True,26.99969228796664,0.0,177.5525660856565,21.700000000000045,-101.56212
13557600.0,600,modelica,native,True,26.06748775483004,0.0,-0.0377444767951965,19.400000000000034,-101.56212
13561200.0,600,modelica,native,True,25.154062756416238,0.0,-0.0,20.0,-101.56212
13564800.0,600,modelica,native,True,24.327750574731795,0.0,-0.0,18.900000000000034,-101.56212
13568400.0,600,modelica,native,True,23.268622554086846,0.0,-0.0,16.700000000000045,-101.56212
13572000.0,600,modelica,native,True,22.2204814801309,0.0,-0.0,16.100000000000023,-101.56212
13575600.0,600,modelica,native,True,21.351486415813497,0.0,-0.0,16.100000000000023,-101.56212
13579200.0,600,modelica,native,True,20.393764813280825,0.0,-0.0,14.400000000000034,-94.5837521661638
13582800.0,600,modelica,native,True,20.00002393647685,25.86208017349243,-0.0,16.100000000000023,83.13157620657306
13586400.0,600,modelica,native,True,20.339723855410398,15.06257907231649,-0.0,18.900000000000034,489.5914679478333
13590000.0,600,modelica,native,True,21.838526674089735,9.5367431640625e-09,-0.0,21.700000000000045,966.1016150465748
13593600.0,600,modelica,native,True,24.304192466986308,0.0,-0.0,25.0,1374.031913429074
13597200.0,600,modelica,native,True,26.997106993826947,0.0,39.4199683327145,27.80000000000001,1998.966278727705
13600800.0,600,modelica,native,True,27.000710838984844,0.0,811.3148478137123,28.900000000000034,2722.178612128984
13604400.0,600,modelica,native,True,27.000532465529034,0.0,1654.672005733119,30.0,3183.997812466857
13608000.0,600,modelica,native,True,27.000344442404696,0.0,2277.075995207628,30.600000000000023,3381.864779839872
13611600.0,600,modelica,native,True,27.000143632233403,0.0,2688.779923473199,31.700000000000045,3208.026989832461
13615200.0,600,modelica,native,True,26.99982970985053,0.0,2811.036840975285,31.700000000000045,2452.038726081416
13618800.0,600,modelica,native,True,26.999740257353608,0.0,2611.052462570402,32.200000000000045,1825.185264052564
13622400.0,600,modelica,native,True,26.99968311036571,0.0,2273.828310507668,30.600000000000023,1441.042975042652
13626000.0,600,modelica,native,True,26.9997436170799,0.0,1952.161063813898,31.700000000000045,1095.070826387431
13629600.0,600,modelica,native,True,26.999542705522344,0.0,1607.797571163707,28.900000000000034,458.1396721450316
13633200.0,600,modelica,native,True,26.9995054774206,0.0,1049.957911939621,25.0,32.37436589079744
13636800.0,600,modelica,native,True,26.999754819491216,0.0,531.4735181127654,25.600000000000023,-98.25048954364102
13640400.0,600,modelica,native,True,26.99974344232453,0.0,193.5123270723555,22.200000000000045,-101.56212
13644000.0,600,modelica,native,True,26.360939829436347,0.0,0.927177480061849,21.100000000000023,-101.56212
13647600.0,600,modelica,native,True,25.354160623626342,0.0,-3.708733452690972e-09,18.900000000000034,-101.56212
13651200.0,600,modelica,native,True,23.9726159779014,0.0,-0.0,15.600000000000023,-101.56212
13654800.0,600,modelica,native,True,22.503838771287406,0.0,-0.0,14.400000000000034,-101.56212
13658400.0,600,modelica,native,True,21.377945563249398,0.0,-0.0,15.0,-101.56212
13662000.0,600,modelica,native,True,20.242112706890907,0.0,-0.0,13.300000000000011,-101.56212
13665600.0,600,modelica,native,True,19.99983991346454,119.0971057987213,-0.0,13.300000000000011,-92.70945256232352
13669200.0,600,modelica,native,True,19.999950960203137,344.0465266529719,-0.0,11.100000000000023,150.8563393958305
13672800.0,600,modelica,native,True,20.000321945056896,322.8204933993022,-0.0,15.600000000000023,636.4667669774882
13676400.0,600,modelica,native,True,20.714998113210697,30.12414022710588,-0.0,18.30000000000001,1005.923659975123
13680000.0,600,modelica,native,True,22.604588596598035,0.0,-0.0,20.0,1351.679588646951
13683600.0,600,modelica,native,True,24.9132323897245,0.0,-0.0,20.600000000000023,1950.044067122556
13687200.0,600,modelica,native,True,27.000263058755195,0.0,96.57542784055074,22.200000000000045,2720.899674604767
13690800.0,600,modelica,native,True,27.000613726368613,0.0,921.4627253174782,23.900000000000034,3153.731777785777
13694400.0,600,modelica,native,True,27.000404960217907,0.0,1633.964045044581,25.600000000000023,3252.973207678544
13698000.0,600,modelica,native,True,27.000278787083403,0.0,2124.979970880349,26.700000000000045,3439.328302054324
13701600.0,600,modelica,native,True,26.999890038290232,0.0,2398.054755047162,26.100000000000023,2783.724374555408
13705200.0,600,modelica,native,True,26.99969225288544,0.0,2258.525362910959,27.200000000000045,1801.798617854032
13708800.0,600,modelica,native,True,26.999629877195048,0.0,1864.844553726514,26.100000000000023,1213.216236005611
13712400.0,600,modelica,native,True,26.999810522896837,0.0,1468.367064797878,27.200000000000045,1027.847585523206
13716000.0,600,modelica,native,True,26.999798137202106,0.0,1214.03880581061,28.30000000000001,577.9397059834216
13719600.0,600,modelica,native,True,26.999569477304306,0.0,906.4585128537814,25.0,83.25749010857794
13723200.0,600,modelica,native,True,26.99963490676771,0.0,418.6041293801202,22.200000000000045,-97.60129276015762
13726800.0,600,modelica,native,True,26.436882158585206,0.0,41.04566237688064,18.900000000000034,-101.56212
13730400.0,600,modelica,native,True,24.989245083758703,0.0,-5.422698126898871e-07,16.700000000000045,-101.56212
13734000.0,600,modelica,native,True,23.746783330048743,0.0,6.596247355143229e-08,16.700000000000045,-101.56212
13737600.0,600,modelica,native,True,22.405905849120018,0.0,-0.0,14.400000000000034,-101.56212
13741200.0,600,modelica,native,True,20.98875293594932,0.0,-0.0,12.800000000000011,-101.56212
13744800.0,600,modelica,native,True,19.999898670691323,42.24063298066457,-0.0,11.100000000000023,-101.56212
13748400.0,600,modelica,native,True,19.99975227314593,376.4346448670493,-0.0,8.900000000000034,-101.56212
13752000.0,600,modelica,native,True,19.999850111107946,660.6206180450652,-0.0,7.800000000000011,-100.0743377750692
13755600.0,600,modelica,native,True,19.999985636935037,835.7134564479192,-0.0,7.2000000000000455,102.7370354166559
13759200.0,600,modelica,native,True,20.00041725594184,736.0299722867542,-0.0,12.800000000000011,658.8460678120947
13762800.0,600,modelica,native,True,20.000399297365107,257.4976396666633,-0.0,15.600000000000023,1098.565877657521
13766400.0,600,modelica,native,True,21.34611218768913,0.023481052716573,-0.0,16.100000000000023,1496.973030903607
13770000.0,600,modelica,native,True,23.571345243088047,0.0,-0.0,17.200000000000045,2210.913719725194
13773600.0,600,modelica,native,True,26.792370225842205,0.0,-0.0,18.900000000000034,2975.07083737819
13777200.0,600,modelica,native,True,27.0007458946871,0.0,637.0641457650397,21.100000000000023,3530.788557277564
13780800.0,600,modelica,native,True,27.000456841517234,0.0,1507.521013416979,22.200000000000045,3689.368114516012
13784400.0,600,modelica,native,True,27.000207642908208,0.0,2036.250701513025,23.30000000000001,3504.881539394279
13788000.0,600,modelica,native,True,26.999975199545304,0.0,2279.035674148136,25.600000000000023,2875.996976711858
13791600.0,600,modelica,native,True,26.999571845747028,0.0,2202.164217584398,25.0,1715.658433330414
13795200.0,600,modelica,native,True,26.999527904240836,0.0,1711.436789368788,25.0,849.0202016544525
13798800.0,600,modelica,native,True,26.9997382272432,0.0,1174.686792911953,24.400000000000034,833.1680644160228
13802400.0,600,modelica,native,True,26.999735747389934,0.0,848.8701687039269,23.30000000000001,614.0200530510405
13806000.0,600,modelica,native,True,26.999607718308596,0.0,511.6950658432643,21.100000000000023,81.41426153592553
13809600.0,600,modelica,native,True,26.578844408438044,0.0,85.45562070661121,18.30000000000001,-101.0542202649351
13813200.0,600,modelica,native,True,25.10411742974702,0.0,-0.0,16.700000000000045,-101.56212
13816800.0,600,modelica,native,True,23.681461860170998,0.0,-0.0,15.600000000000023,-101.56212
13820400.0,600,modelica,native,True,22.39536733626153,0.0,-0.0,15.0,-101.56212
13824000.0,600,modelica,native,True,21.156779632619703,0.0,-0.0,13.900000000000034,-101.56212
13827600.0,600,modelica,native,True,20.004648410049697,3.353329531351725,-0.0,12.800000000000011,-101.56212
13831200.0,600,modelica,native,True,19.999825063170135,213.5554859214359,-0.0,12.200000000000045,-101.56212
13834800.0,600,modelica,native,True,19.999852099527004,435.1804753377702,-0.0,10.600000000000023,-101.56212
13838400.0,600,modelica,native,True,19.99991833642224,603.1691009908252,-0.0,10.0,-86.74436048777571
13842000.0,600,modelica,native,True,20.000068286916246,687.5463431157007,-0.0,10.0,169.5445102225023
13845600.0,600,modelica,native,True,20.000344731472126,543.9476785522037,-0.0,13.900000000000034,641.6880017683816
13849200.0,600,modelica,native,True,20.079707741125333,152.3285687653224,-0.0,16.100000000000023,1000.948322575439
13852800.0,600,modelica,native,True,21.59403478295843,-8.789698282877604e-07,-0.0,17.80000000000001,1289.863777249476
13856400.0,600,modelica,native,True,23.824621141275998,0.0,-0.0,20.0,1863.466367680664
13860000.0,600,modelica,native,True,26.897401473035814,0.0,-0.0,21.100000000000023,2621.987937728754
13863600.0,600,modelica,native,True,27.0006898692842,0.0,612.9671416068077,22.200000000000045,3199.955908866078
13867200.0,600,modelica,native,True,27.000418098602438,0.0,1434.436882712311,23.900000000000034,3273.583080116796
13870800.0,600,modelica,native,True,27.000169800735534,0.0,1903.596677938037,25.0,3017.212041083123
13874400.0,600,modelica,native,True,27.00002808178465,0.0,2095.291388761203,25.600000000000023,2785.964613578789
13878000.0,600,modelica,native,True,26.99977013558555,0.0,2097.967734418445,26.100000000000023,1981.445813298417
13881600.0,600,modelica,native,True,26.99968077040114,0.0,1823.761638856464,26.700000000000045,1235.551007936701
13885200.0,600,modelica,native,True,26.999731643191808,0.0,1460.960990447468,26.700000000000045,937.3380372259652
13888800.0,600,modelica,native,True,26.999718933625843,0.0,1140.750881927808,26.100000000000023,611.8932660041203
13892400.0,600,modelica,native,True,26.999642739487342,0.0,800.9739883110258,24.400000000000034,145.6016595212153
13896000.0,600,modelica,native,True,26.99969319365283,0.0,383.5539481160376,22.80000000000001,-96.5834760548375
13899600.0,600,modelica,native,True,26.575636412457527,0.0,46.06297655052609,20.0,-101.56212
13903200.0,600,modelica,native,True,25.470102195377535,0.0,-1.515282524956597e-07,18.900000000000034,-101.56212
13906800.0,600,modelica,native,True,24.219546311850422,0.0,-3.178914388020834e-09,16.700000000000045,-101.56212
13910400.0,600,modelica,native,True,22.996718532878617,0.0,-0.0,16.100000000000023,-101.56212
13914000.0,600,modelica,native,True,22.085772193351204,0.0,-0.0,16.700000000000045,-101.56212
13917600.0,600,modelica,native,True,21.215314592363313,0.0,-0.0,15.600000000000023,-101.56212
13921200.0,600,modelica,native,True,20.19768078274501,0.0,-0.0,13.900000000000034,-101.56212
13924800.0,600,modelica,native,True,19.99983362086124,122.5839615270826,-0.0,13.300000000000011,-95.88368262995044
13928400.0,600,modelica,native,True,19.999967229018807,333.8943828497993,-0.0,11.700000000000045,167.9941866726494
13932000.0,600,modelica,native,True,20.000245167240337,319.3090016349157,-0.0,14.400000000000034,627.6497115269411
13935600.0,600,modelica,native,True,20.317579563130437,59.80683366722531,-0.0,16.100000000000023,1039.169194098868
13939200.0,600,modelica,native,True,21.9445025225196,0.0,-0.0,18.30000000000001,1323.317197382664
13942800.0,600,modelica,native,True,24.254007798546297,0.0,-0.0,20.600000000000023,1897.188292470101
13946400.0,600,modelica,native,True,26.996410988858315,0.0,36.1869055612882,22.80000000000001,2635.21567205609
13950000.0,600,modelica,native,True,27.00072087029514,0.0,827.9523076751497,25.0,3194.162163948293
13953600.0,600,modelica,native,True,27.000461763572332,0.0,1665.371595167054,27.200000000000045,3275.098784920849
13957200.0,600,modelica,native,True,27.000229428102898,0.0,2182.999898979664,28.30000000000001,3153.470364824542
13960800.0,600,modelica,native,True,27.000032212947815,0.0,2460.699056851864,30.0,2748.726831128284
13964400.0,600,modelica,native,True,26.999730275429897,0.0,2466.425931359662,30.600000000000023,1833.883379651876
13968000.0,600,modelica,native,True,26.999712984651296,0.0,2145.055293857786,30.0,1396.673308696661
13971600.0,600,modelica,native,True,26.999735334513105,0.0,1844.679536680645,30.600000000000023,1028.93975170469
13975200.0,600,modelica,native,True,26.999606005553915,0.0,1469.335289870633,27.80000000000001,489.590873163983
13978800.0,600,modelica,native,True,26.99966577048224,0.0,1012.014347409407,27.200000000000045,135.0807574986864
13982400.0,600,modelica,native,True,26.999699552172046,0.0,614.2407819077704,25.600000000000023,-92.80956332290366
13986000.0,600,modelica,native,True,26.999769957108015,0.0,250.6951376218266,23.30000000000001,-101.56212
13989600.0,600,modelica,native,True,26.76270893913022,0.0,19.95272495852576,22.80000000000001,-101.56212
13993200.0,600,modelica,native,True,26.12643802976845,0.0,-6.36842515733507e-07,21.700000000000045,-101.56212
13996800.0,600,modelica,native,True,25.31762542676273,0.0,-2.649095323350694e-10,20.0,-101.56212
14000400.0,600,modelica,native,True,24.499972407797827,0.0,-0.0,19.400000000000034,-101.56212
14004000.0,600,modelica,native,True,23.587403658011738,0.0,-0.0,17.80000000000001,-101.56212
14007600.0,600,modelica,native,True,22.6878455397254,0.0,-0.0,17.200000000000045,-101.56212
14011200.0,600,modelica,native,True,21.770942095147745,0.0,-0.0,16.100000000000023,-96.72204795803096
14014800.0,600,modelica,native,True,21.24750862072841,0.0,-0.0,17.80000000000001,134.364248565058
14018400.0,600,modelica,native,True,21.896199613075737,0.0,-0.0,20.600000000000023,596.1959450567717
14022000.0,600,modelica,native,True,23.455266323207127,0.0,-0.0,22.80000000000001,1047.178643046863
14025600.0,600,modelica,native,True,26.000660205138843,0.0,-0.0,26.700000000000045,1330.842249552518
14029200.0,600,modelica,native,True,27.000704789690246,0.0,276.2339888127645,29.400000000000034,1878.084231718952
14032800.0,600,modelica,native,True,27.000658850448133,0.0,1123.419465197192,31.700000000000045,2591.265380038677
14036400.0,600,modelica,native,True,27.000542191281,0.0,1889.788088669247,33.30000000000001,3110.178821644872
14040000.0,600,modelica,native,True,27.00013009549184,0.0,2505.049836530156,33.900000000000034,2754.231074190449
14043600.0,600,modelica,native,True,26.99988391263463,0.0,2637.821163780954,33.900000000000034,2089.021000046165
14047200.0,600,modelica,native,True,27.000164771892514,0.0,2525.382469914224,33.900000000000034,2715.533618402894
14050800.0,600,modelica,native,True,26.9997965886418,0.0,2665.919701186021,32.80000000000001,2171.180902029927
14054400.0,600,modelica,native,True,26.99954263893875,0.0,2401.753834432496,31.700000000000045,1054.43898677934
14058000.0,600,modelica,native,True,26.9995643216472,0.0,1841.319897241592,29.400000000000034,677.6388602804814
14061600.0,600,modelica,native,True,26.9996271033545,0.0,1329.199673552248,28.30000000000001,292.7747435317924
14065200.0,600,modelica,native,True,26.9996530869808,0.0,876.0883807094892,26.700000000000045,-22.98679400884038
14068800.0,600,modelica,native,True,26.999772297523805,0.0,492.6356980127758,26.100000000000023,-97.4812536704148
14072400.0,600,modelica,native,True,26.99976183300413,0.0,207.9138281122843,23.30000000000001,-101.56212
14076000.0,600,modelica,native,True,26.32327984942731,0.0,7.402942627535926,20.0,-101.56212
14079600.0,600,modelica,native,True,25.223978770892245,0.0,-6.463792588975695e-08,18.900000000000034,-101.56212
14083200.0,600,modelica,native,True,24.326460166737434,0.0,-2.649095323350694e-10,18.900000000000034,-101.56212
14086800.0,600,modelica,native,True,23.34415804976635,0.0,-0.0,17.200000000000045,-101.56212
14090400.0,600,modelica,native,True,22.399628599920845,0.0,-0.0,16.700000000000045,-101.56212
14094000.0,600,modelica,native,True,21.52381904653072,0.0,-0.0,16.100000000000023,-101.56212
14097600.0,600,modelica,native,True,20.632874023005343,0.0,-0.0,15.0,-93.75468943942263
14101200.0,600,modelica,native,True,20.000279372309137,8.528310917218526,-0.0,15.0,157.1888811008239
14104800.0,600,modelica,native,True,20.41781627161754,10.47453157054053,-0.0,18.30000000000001,639.4137036848032
14108400.0,600,modelica,native,True,22.00805822320615,0.0,-0.0,21.100000000000023,1077.568498597719
14112000.0,600,modelica,native,True,24.79665054038361,0.0,-0.0,26.700000000000045,1384.899300638034
14115600.0,600,modelica,native,True,27.00048563963685,0.0,122.0239688891835,30.0,1937.685282769084
14119200.0,600,modelica,native,True,27.000748578297305,0.0,1036.698110837407,32.80000000000001,2634.167617635485
14122800.0,600,modelica,native,True,27.000576915318504,0.0,1904.691457326677,33.30000000000001,3263.023590980762
14126400.0,600,modelica,native,True,27.000442953450545,0.0,2575.548810914887,34.400000000000034,3592.88042891956
14130000.0,600,modelica,native,True,27.000137004334306,0.0,3092.947194708453,35.60000000000002,3316.916430315878
14133600.0,600,modelica,native,True,26.99985563088893,0.0,3229.879452063507,35.60000000000002,2608.799030702835
14137200.0,600,modelica,native,True,26.999564291652234,0.0,3024.301496139632,35.60000000000002,1503.987824500497
14140800.0,600,modelica,native,True,26.999588702486903,0.0,2501.846655997435,34.400000000000034,969.4362762344608
14144400.0,600,modelica,native,True,26.9997628812298,0.0,2035.966856676473,33.900000000000034,954.9721437165248
14148000.0,600,modelica,native,True,26.999662542667636,0.0,1735.248460490968,32.80000000000001,458.6147983594756
14151600.0,600,modelica,native,True,26.999559677739626,0.0,1312.9161391245,30.0,-18.95608738970903
14155200.0,600,modelica,native,True,26.99962093966252,0.0,779.6789391859372,25.600000000000023,-94.89962589690016
14158800.0,600,modelica,native,True,26.999816800134,0.0,354.0452590698666,25.0,-101.56212
14162400.0,600,modelica,native,True,26.999905889678303,0.0,137.384928598139,25.0,-101.56212
14166000.0,600,modelica,native,True,26.943305065685138,0.0,23.87259519577026,24.400000000000034,-101.56212
14169600.0,600,modelica,native,True,26.478423315608097,0.0,-0.0,22.80000000000001,-101.56212
14173200.0,600,modelica,native,True,26.177629230942614,0.0,-0.0,23.900000000000034,-101.56212
14176800.0,600,modelica,native,True,25.84177889563125,0.0,-0.0,22.80000000000001,-101.56212
14180400.0,600,modelica,native,True,25.266804785985926,0.0,-0.0,21.100000000000023,-101.56212
14184000.0,600,modelica,native,True,25.018245349246513,0.0,-0.0,23.30000000000001,-99.66651035361336
14187600.0,600,modelica,native,True,24.930537877521147,0.0,-0.0,22.80000000000001,115.1785990002709
14191200.0,600,modelica,native,True,25.405528632138612,0.0,-0.0,22.80000000000001,662.7586090620915
14194800.0,600,modelica,native,True,26.9920951275447,0.0,7.455347003936768,26.700000000000045,1189.043181445042
14198400.0,600,modelica,native,True,27.00051514187993,0.0,474.1493920397759,28.900000000000034,1629.108601125909
14202000.0,600,modelica,native,True,27.000407100930033,0.0,1104.576872795953,31.100000000000023,1901.853975321842
14205600.0,600,modelica,native,True,27.000292237086512,0.0,1545.539640995132,32.200000000000045,1987.382371870533
14209200.0,600,modelica,native,True,27.000548233450615,0.0,1925.830033157137,34.400000000000034,2946.097342559295
14212800.0,600,modelica,native,True,27.000460923439903,0.0,2572.194244178401,36.10000000000002,3490.916888343641
14216400.0,600,modelica,native,True,27.00020186997773,0.0,3097.173748055034,36.10000000000002,3429.153785991958
14220000.0,600,modelica,native,True,26.999884389285512,0.0,3294.779302148554,35.60000000000002,2821.009622292619
14223600.0,600,modelica,native,True,26.9997102736682,0.0,3162.486025680701,36.700000000000045,1939.86694579848
14227200.0,600,modelica,native,True,26.99963685871711,0.0,2812.218948905468,36.700000000000045,1288.110596083289
14230800.0,600,modelica,native,True,26.99966074871793,0.0,2388.885072340965,35.60000000000002,958.5613619191672
14234400.0,600,modelica,native,True,26.99964580200941,0.0,1984.801197637717,33.900000000000034,592.8896614300767
14238000.0,600,modelica,native,True,26.999626919044317,0.0,1566.880599821409,32.80000000000001,122.4980168779203
14241600.0,600,modelica,native,True,26.999552711762306,0.0,1076.054203388161,27.80000000000001,-92.91690916230972
14245200.0,600,modelica,native,True,26.999678020930446,0.0,564.0783124778006,25.0,-101.56212
14248800.0,600,modelica,native,True,26.998780490720037,0.0,172.2063567193349,21.700000000000045,-101.56212
14252400.0,600,modelica,native,True,26.045444359864007,0.0,-0.0081563801235622,19.400000000000034,-101.56212
14256000.0,600,modelica,native,True,24.780912672358397,0.0,1.840326521131727e-06,17.200000000000045,-101.56212
14259600.0,600,modelica,native,True,23.423021956766206,0.0,-2.914004855685764e-08,15.600000000000023,-101.56212
14263200.0,600,modelica,native,True,22.255085542487848,0.0,-0.0,15.600000000000023,-101.56212
14266800.0,600,modelica,native,True,20.82800931294514,0.0,-0.0,12.200000000000045,-101.56212
14270400.0,600,modelica,native,True,19.999797567300334,58.77406868510776,-0.0,11.700000000000045,-90.0259769781366
14274000.0,600,modelica,native,True,19.999966802557196,317.009210530387,-0.0,11.700000000000045,163.086311853191
14277600.0,600,modelica,native,True,20.00031867956443,263.5695928631889,-0.0,16.700000000000045,613.4138420567094
14281200.0,600,modelica,native,True,20.8361017859429,9.7710434155994,-0.0,18.30000000000001,1079.077224814866
14284800.0,600,modelica,native,True,22.789304509301417,1.589457194010417e-09,-0.0,20.0,1289.292951331358
14288400.0,600,modelica,native,True,24.80909214986832,0.0,-0.0,21.100000000000023,1584.626949715251
14292000.0,600,modelica,native,True,26.99581049957942,0.0,22.0731609805425,21.700000000000045,2383.145578185648
14295600.0,600,modelica,native,True,27.000662493925745,0.0,693.1030158694585,22.80000000000001,3129.516681475314
14299200.0,600,modelica,native,True,27.00045603706485,0.0,1467.411071237458,25.0,3249.304849264494
14302800.0,600,modelica,native,True,27.000206163432097,0.0,1977.791806528568,26.100000000000023,3068.869770000638
14306400.0,600,modelica,native,True,27.00009729145512,0.0,2267.217235482004,31.100000000000023,2509.338726905956
14310000.0,600,modelica,native,True,26.999822268568835,0.0,2342.922813439104,31.700000000000045,1771.872834326798
14313600.0,600,modelica,native,True,26.9997838932199,0.0,2140.049508231746,32.80000000000001,1242.857351157133
14317200.0,600,modelica,native,True,26.999680110165002,0.0,1836.764175487359,30.0,968.6061277141636
14320800.0,600,modelica,native,True,26.999699889463443,0.0,1463.013765529527,28.900000000000034,625.2557276981189
14324400.0,600,modelica,native,True,26.999655875000997,0.0,1097.120088161628,27.80000000000001,153.9437020880009
14328000.0,600,modelica,native,True,26.999615400040796,0.0,661.7511272011863,24.400000000000034,-87.19786881773655
14331600.0,600,modelica,native,True,26.999727942342304,0.0,222.760916481283,22.200000000000045,-101.56212
14335200.0,600,modelica,native,True,26.185540301296328,0.0,3.415578404002719,19.400000000000034,-101.56212
14338800.0,600,modelica,native,True,25.2640311510807,0.0,-0.0,20.0,-101.56212
14342400.0,600,modelica,native,True,24.315844463512406,0.0,-0.0,18.30000000000001,-101.56212
14346000.0,600,modelica,native,True,23.30418638386533,0.0,-0.0,17.200000000000045,-101.56212
14349600.0,600,modelica,native,True,22.355115136564848,0.0,-0.0,16.700000000000045,-101.56212
14353200.0,600,modelica,native,True,21.567624981853044,0.0,-0.0,16.700000000000045,-101.56212
14356800.0,600,modelica,native,True,20.91817440407084,0.0,-0.0,16.700000000000045,-97.22393680614668
14360400.0,600,modelica,native,True,20.258649506797838,0.0,-0.0,15.600000000000023,-43.565366142905
14364000.0,600,modelica,native,True,20.0000056405151,9.710097002983094,-0.0,16.100000000000023,171.7689424775396
14367600.0,600,modelica,native,True,20.057786578785908,10.46657512293921,-0.0,16.100000000000023,441.0861846415415
14371200.0,600,modelica,native,True,20.474110264712408,0.0,-0.0,15.600000000000023,758.6071418904959
14374800.0,600,modelica,native,True,21.648561728176446,0.0,-0.0,16.700000000000045,1797.699874324075
14378400.0,600,modelica,native,True,24.949861437969048,0.0,-0.0,18.30000000000001,2709.779982198073
14382000.0,600,modelica,native,True,27.000656283876936,0.0,156.2114006021288,21.700000000000045,2863.816767584913
14385600.0,600,modelica,native,True,27.000550549012644,0.0,997.2168362198936,22.200000000000045,3266.044394596904
14389200.0,600,modelica,native,True,27.000315618419847,0.0,1638.159178971714,24.400000000000034,3126.621309646102
14392800.0,600,modelica,native,True,27.000072259174942,0.0,1992.638446719911,26.700000000000045,2592.175876848767
14396400.0,600,modelica,native,True,26.999838354536223,0.0,2066.039858544932,28.900000000000034,1747.318072484508
14400000.0,600,modelica,native,True,26.999768014262145,0.0,1863.761146124469,29.400000000000034,1226.49915968967
14403600.0,600,modelica,native,True,26.9998317375817,0.0,1601.55199618472,30.0,1000.754885683491
14407200.0,600,modelica,native,True,26.9997392146052,0.0,1381.957493049304,29.400000000000034,622.2362346062417
14410800.0,600,modelica,native,True,26.999547333882504,0.0,1017.302259933684,25.0,138.2256781665193
14414400.0,600,modelica,native,True,26.999675765479196,0.0,501.9101557297177,23.30000000000001,-95.22155313985756
14418000.0,600,modelica,native,True,26.9997754495011,0.0,128.8928837773535,22.80000000000001,-101.56212
14421600.0,600,modelica,native,True,26.398507723718126,0.0,-0.1139117924372355,21.700000000000045,-101.56212
14425200.0,600,modelica,native,True,25.624871921232796,0.0,-0.0,20.600000000000023,-101.56212
14428800.0,600,modelica,native,True,24.718051717535616,0.0,-0.0,18.900000000000034,-101.56212
14432400.0,600,modelica,native,True,23.73860065213961,0.0,-0.0,17.80000000000001,-101.56212
14436000.0,600,modelica,native,True,22.8187416157582,0.0,-0.0,17.200000000000045,-101.56212
14439600.0,600,modelica,native,True,21.89402820569643,0.0,-0.0,16.100000000000023,-101.56212
14443200.0,600,modelica,native,True,20.841364935388015,0.0,-0.0,14.400000000000034,-98.05045634979604
14446800.0,600,modelica,native,True,20.07755644345974,0.0,-0.0,15.600000000000023,-51.5695398833634
14450400.0,600,modelica,native,True,20.00000574933324,58.11218504428864,-0.0,15.600000000000023,146.8201426666278
14454000.0,600,modelica,native,True,20.1872070762401,37.51527914206187,-0.0,17.200000000000045,791.2896124767278
14457600.0,600,modelica,native,True,21.917133603506898,0.0,-0.0,18.900000000000034,1393.594219015932
14461200.0,600,modelica,native,True,24.421329189272,0.0,-0.0,21.100000000000023,2060.991611150164
14464800.0,600,modelica,native,True,26.999650600002838,0.0,81.55259174346924,22.80000000000001,2804.75871773081
14468400.0,600,modelica,native,True,27.00070070439631,0.0,919.9336696950596,23.30000000000001,3487.696455859145
14472000.0,600,modelica,native,True,27.000352565726132,0.0,1715.154585606522,23.900000000000034,3507.2506862809
14475600.0,600,modelica,native,True,27.00009511587774,0.0,2118.670215729078,24.400000000000034,3149.210695445672
14479200.0,600,modelica,native,True,27.000019216026203,0.0,2255.970619592666,27.200000000000045,2746.102128455262
14482800.0,600,modelica,native,True,26.999828364109817,0.0,2247.190519672765,27.200000000000045,2233.401318405251
14486400.0,600,modelica,native,True,26.999683933860013,0.0,2020.173571297328,26.700000000000045,1559.947703798193
14490000.0,600,modelica,native,True,26.999705878493444,0.0,1669.281079204877,27.200000000000045,1077.313855991384
14493600.0,600,modelica,native,True,26.999637932725932,0.0,1301.917493363751,26.100000000000023,587.4751510998676
14497200.0,600,modelica,native,True,26.9995984281515,0.0,863.6550721650653,24.400000000000034,76.6101472412245
14500800.0,600,modelica,native,True,26.9997118010819,0.0,404.6466412978702,23.30000000000001,-95.16816812744752
14504400.0,600,modelica,native,True,26.840440068842895,0.0,70.53080498801337,21.700000000000045,-101.56212
14508000.0,600,modelica,native,True,26.05231939889603,0.0,-8.450614081488715e-08,21.100000000000023,-101.56212
14511600.0,600,modelica,native,True,25.387562766704434,0.0,-2.649095323350694e-10,21.100000000000023,-101.56212
14515200.0,600,modelica,native,True,24.61076338693715,0.0,-0.0,19.400000000000034,-101.56212
14518800.0,600,modelica,native,True,23.898692852964814,0.0,-0.0,19.400000000000034,-101.56212
14522400.0,600,modelica,native,True,23.17095049956771,0.0,-0.0,18.30000000000001,-101.56212
14526000.0,600,modelica,native,True,22.292452765722544,0.0,-0.0,16.700000000000045,-101.56212
14529600.0,600,modelica,native,True,21.565396846797796,0.0,-0.0,17.200000000000045,-100.4134354879384
14533200.0,600,modelica,native,True,20.973976326620402,0.0,-0.0,16.700000000000045,-16.73901533964767
14536800.0,600,modelica,native,True,20.784396995462544,0.0,-0.0,17.80000000000001,123.6887465552421
14540400.0,600,modelica,native,True,20.894757622203997,0.0,-0.0,17.80000000000001,343.2466107373812
14544000.0,600,modelica,native,True,21.78227111905261,0.0,-0.0,20.0,912.7556858038828
14547600.0,600,modelica,native,True,24.240706728647126,0.0,-0.0,22.80000000000001,1926.905531729954
14551200.0,600,modelica,native,True,26.999032652668518,0.0,63.91924677795834,24.400000000000034,2478.033178817576
14554800.0,600,modelica,native,True,27.000715032243306,0.0,896.1418474327194,28.30000000000001,2806.01573501012
14558400.0,600,modelica,native,True,27.0005748009155,0.0,1739.933904470868,31.100000000000023,3239.482896027974
14562000.0,600,modelica,native,True,26.99976892611471,0.0,2327.161299339401,27.80000000000001,2439.451905567701
14565600.0,600,modelica,native,True,26.999457071825418,0.0,1984.107926795748,21.100000000000023,1490.513475277257
14569200.0,600,modelica,native,True,26.999781648723,0.0,1394.724487125079,22.80000000000001,1378.182841943917
14572800.0,600,modelica,native,True,26.99977640239831,0.0,1120.204761654801,23.30000000000001,1017.126246611605
14576400.0,600,modelica,native,True,26.99970724521131,0.0,824.79147870885,21.700000000000045,636.9301874847342
14580000.0,600,modelica,native,True,26.999778063565543,0.0,506.8431251912647,22.80000000000001,274.2904516123841
14583600.0,600,modelica,native,True,26.99975592794084,0.0,230.650118868351,21.700000000000045,-0.3970821700844311
14587200.0,600,modelica,native,True,26.517979278826147,0.0,11.84413850572374,21.100000000000023,-97.80470274587138
14590800.0,600,modelica,native,True,25.772691720410307,0.0,-9.006924099392361e-09,21.100000000000023,-101.56212
14594400.0,600,modelica,native,True,24.917184048666115,0.0,-0.0,19.400000000000034,-101.56212
14598000.0,600,modelica,native,True,24.148768508590422,0.0,-0.0,19.400000000000034,-101.56212
14601600.0,600,modelica,native,True,23.51914083718401,0.0,-0.0,19.400000000000034,-101.56212
14605200.0,600,modelica,native,True,22.855353170903697,0.0,-0.0,18.30000000000001,-101.56212
14608800.0,600,modelica,native,True,22.409640496811505,0.0,-0.0,19.400000000000034,-101.56212
14612400.0,600,modelica,native,True,21.933822279131505,0.0,-0.0,18.30000000000001,-101.56212
14616000.0,600,modelica,native,True,21.427199704589896,0.0,-0.0,17.80000000000001,-92.10967863176214
14619600.0,600,modelica,native,True,21.010973067982547,0.0,-0.0,17.200000000000045,171.7632189998615
14623200.0,600,modelica,native,True,21.357410457688502,0.0,-0.0,18.30000000000001,588.7815589133546
14626800.0,600,modelica,native,True,22.65466823636575,0.0,-0.0,21.100000000000023,945.0061478091262
14630400.0,600,modelica,native,True,24.726605418847214,0.0,-0.0,23.900000000000034,1303.940256185466
14634000.0,600,modelica,native,True,26.995874469099704,0.0,21.66657396660911,25.0,1868.632157925794
14637600.0,600,modelica,native,True,27.00071111307551,0.0,649.2729659512308,26.700000000000045,2700.952265504125
14641200.0,600,modelica,native,True,27.000561994053328,0.0,1504.743073732323,29.400000000000034,3135.035831740159
14644800.0,600,modelica,native,True,27.0003142308272,0.0,2144.672699322171,30.600000000000023,3084.658749439732
14648400.0,600,modelica,native,True,27.000163253492133,0.0,2505.739480037424,31.700000000000045,2995.321617993831
14652000.0,600,modelica,native,True,26.999940012448008,0.0,2670.108084096114,31.700000000000045,2630.695807122221
14655600.0,600,modelica,native,True,26.99978310077944,0.0,2583.50390493181,30.600000000000023,2174.975551704214
14659200.0,600,modelica,native,True,26.999604234340495,0.0,2304.797000444995,29.400000000000034,1431.537383188224
14662800.0,600,modelica,native,True,26.999595323227936,0.0,1861.264044865502,29.400000000000034,774.4747370287439
14666400.0,600,modelica,native,True,26.999405592132234,0.0,1287.74340233061,23.30000000000001,279.7581290036747
14670000.0,600,modelica,native,True,26.99958849394301,0.0,612.1950084937944,21.700000000000045,-18.63380830955347
14673600.0,600,modelica,native,True,26.96754611881113,0.0,139.6531325708495,21.100000000000023,-93.69220412138216
14677200.0,600,modelica,native,True,26.043274021709237,0.0,3.821584913465712e-06,20.0,-101.56212
14680800.0,600,modelica,native,True,25.03701022741211,0.0,-2.649095323350695e-09,18.900000000000034,-101.56212
14684400.0,600,modelica,native,True,24.069749433951415,0.0,-0.0,18.30000000000001,-101.56212
14688000.0,600,modelica,native,True,23.347057586057133,0.0,-0.0,18.900000000000034,-101.56212
14691600.0,600,modelica,native,True,22.5407980442219,0.0,-0.0,17.200000000000045,-101.56212
14695200.0,600,modelica,native,True,21.73531732029835,0.0,-0.0,16.700000000000045,-101.56212
14698800.0,600,modelica,native,True,20.97444305940445,0.0,-0.0,16.100000000000023,-101.56212
14702400.0,600,modelica,native,True,20.177343838926333,0.0,-0.0,15.0,-101.3891940541441
14706000.0,600,modelica,native,True,19.999992773632528,84.74034818331401,-0.0,15.0,97.75828709072212
14709600.0,600,modelica,native,True,20.109772093730726,68.94501890235478,-0.0,18.30000000000001,498.4833847971986
14713200.0,600,modelica,native,True,21.657777114963835,0.0,-0.0,22.200000000000045,962.9862525354692
14716800.0,600,modelica,native,True,24.230634144267015,0.0,-0.0,24.400000000000034,1495.823023265716
14720400.0,600,modelica,native,True,26.99403712153054,0.0,21.15367239978578,25.600000000000023,1964.189553265235
14724000.0,600,modelica,native,True,27.000704556303617,0.0,667.7667203471395,27.200000000000045,2688.297219501788
14727600.0,600,modelica,native,True,27.00061722428211,0.0,1515.173095293575,27.80000000000001,3535.035632677882
14731200.0,600,modelica,native,True,27.000227228873996,0.0,2203.105910884274,28.30000000000001,3243.031031758017
14734800.0,600,modelica,native,True,27.000082505087107,0.0,2456.615552042855,28.900000000000034,3021.677416277364
14738400.0,600,modelica,native,True,26.999984842162235,0.0,2540.607806649473,28.30000000000001,2977.663891269041
14742000.0,600,modelica,native,True,26.999561865258443,0.0,2485.307886689239,27.80000000000001,1768.819789788931
14745600.0,600,modelica,native,True,26.999197942249907,0.0,1857.538219976955,20.600000000000023,800.266197348862
14749200.0,600,modelica,native,True,26.999473646907404,0.0,939.9532379317284,17.80000000000001,487.1231736992091
14752800.0,600,modelica,native,True,26.999669332026315,0.0,324.2358230079545,18.30000000000001,198.1587104534803
14756400.0,600,modelica,native,True,26.3578096422807,0.0,14.6586764076021,18.30000000000001,-10.77547133831003
14760000.0,600,modelica,native,True,25.138861752183402,0.0,1.200040181477865e-07,17.80000000000001,-98.64805346174656
14763600.0,600,modelica,native,True,24.060739026758142,0.0,-0.0,17.80000000000001,-101.56212
14767200.0,600,modelica,native,True,23.16955841585775,0.0,-0.0,17.80000000000001,-101.56212
14770800.0,600,modelica,native,True,22.43253580279071,0.0,-0.0,17.80000000000001,-101.56212
14774400.0,600,modelica,native,True,21.74629523244471,0.0,-0.0,17.200000000000045,-101.56212
14778000.0,600,modelica,native,True,21.149461063427736,0.0,-0.0,17.200000000000045,-101.56212
14781600.0,600,modelica,native,True,20.59163277622912,0.0,-0.0,16.700000000000045,-101.56212
14785200.0,600,modelica,native,True,20.107219840790606,0.0,-0.0,16.700000000000045,-101.56212
14788800.0,600,modelica,native,True,19.99989694647212,64.46030531565349,-0.0,15.600000000000023,-97.89465113909012
14792400.0,600,modelica,native,True,20.000057111379306,168.1303593148126,-0.0,16.100000000000023,101.9327746379035
14796000.0,600,modelica,native,True,20.000564947480996,88.90077523496416,-0.0,17.200000000000045,401.2857294795095
14799600.0,600,modelica,native,True,20.733061467523044,-0.0045196072260538,-0.0,18.30000000000001,810.1773885050738
14803200.0,600,modelica,native,True,22.54351860303865,0.0,-0.0,20.600000000000023,1289.182146202398
14806800.0,600,modelica,native,True,25.000346744653598,0.0,-0.0,22.200000000000045,1832.772432199669
14810400.0,600,modelica,native,True,27.000493092932118,0.0,116.1725561504894,24.400000000000034,2550.568399701105
14814000.0,600,modelica,native,True,27.00068080097094,0.0,997.7041881844732,26.100000000000023,3202.799245852255
14817600.0,600,modelica,native,True,27.000434223410934,0.0,1785.513207236131,27.200000000000045,3432.419271757286
14821200.0,600,modelica,native,True,27.000012287260915,0.0,2245.397855438391,26.700000000000045,2881.704544142105
14824800.0,600,modelica,native,True,26.999791030313645,0.0,2242.110506516033,26.700000000000045,2156.343102625738
14828400.0,600,modelica,native,True,26.999737811866396,0.0,1987.189501912329,26.100000000000023,1758.948334875219
14832000.0,600,modelica,native,True,26.999637785956338,0.0,1642.792106539408,23.900000000000034,1272.88170253257
14835600.0,600,modelica,native,True,26.999706587579112,0.0,1244.010303840902,24.400000000000034,826.2724570672467
14839200.0,600,modelica,native,True,26.999653015049546,0.0,872.8247318903606,23.900000000000034,316.5429439753437
14842800.0,600,modelica,native,True,26.999557197654042,0.0,410.0401136496332,19.400000000000034,-19.16409648763543
14846400.0,600,modelica,native,True,26.197131698412818,0.0,17.06910819239086,18.30000000000001,-96.82648297829992
14850000.0,600,modelica,native,True,24.94894478137104,0.0,6.365511152479383e-06,17.80000000000001,-101.56212
14853600.0,600,modelica,native,True,23.90322084541765,0.0,-3.7617153591579865e-08,17.80000000000001,-101.56212
14857200.0,600,modelica,native,True,22.9583349556342,0.0,-0.0,17.200000000000045,-101.56212
14860800.0,600,modelica,native,True,22.14122695155362,0.0,-0.0,17.200000000000045,-101.56212
14864400.0,600,modelica,native,True,21.565713789799418,0.0,-0.0,17.80000000000001,-101.56212
14868000.0,600,modelica,native,True,21.108101667628944,0.0,-0.0,17.80000000000001,-101.56212
14871600.0,600,modelica,native,True,20.727731247513418,0.0,-0.0,17.80000000000001,-101.56212
14875200.0,600,modelica,native,True,20.337109946936607,0.0,-0.0,17.200000000000045,-100.3418151992622
14878800.0,600,modelica,native,True,20.050666551786037,0.0,-0.0,17.200000000000045,102.021828667825
14882400.0,600,modelica,native,True,20.380444630362945,0.0,-0.0,17.80000000000001,501.3295558528006
14886000.0,600,modelica,native,True,21.734061169375195,0.0,-0.0,21.700000000000045,821.7882232196548
14889600.0,600,modelica,native,True,23.99652219233542,0.0,-0.0,25.0,1283.464812508688
14893200.0,600,modelica,native,True,26.83414551742561,0.0,-0.0,25.600000000000023,1419.535037984491
14896800.0,600,modelica,native,True,27.000197521214716,0.0,286.4706860478719,23.30000000000001,1349.72929036553
14900400.0,600,modelica,native,True,27.00000872207363,0.0,492.5224819713169,18.900000000000034,1497.111473859167
14904000.0,600,modelica,native,True,27.0001129428357,0.0,563.4528934227096,21.100000000000023,1493.198510365404
14907600.0,600,modelica,native,True,27.00017831108721,0.0,685.4531782216496,21.100000000000023,1799.050595755562
14911200.0,600,modelica,native,True,27.000336760510095,0.0,930.8068561882444,23.30000000000001,2337.655202966773
14914800.0,600,modelica,native,True,27.000147520182736,0.0,1302.717831129763,25.600000000000023,2046.646024534077
14918400.0,600,modelica,native,True,26.999798079504615,0.0,1396.725437031322,23.900000000000034,1463.932522983938
14922000.0,600,modelica,native,True,26.999725170589613,0.0,1187.523896196418,23.900000000000034,943.0524009256444
14925600.0,600,modelica,native,True,26.999552895280544,0.0,798.9452408183946,20.0,405.8349643549594
14929200.0,600,modelica,native,True,26.999683402756034,0.0,308.0418854490916,20.0,96.86986982859466
14932800.0,600,modelica,native,True,26.07818002458805,0.0,16.87659658273061,17.200000000000045,-94.79302282390012
14936400.0,600,modelica,native,True,24.727047337109013,0.0,4.6888987223307296e-08,17.200000000000045,-101.56212
14940000.0,600,modelica,native,True,23.5458612293358,0.0,-0.0,16.700000000000045,-101.56212
14943600.0,600,modelica,native,True,22.702797027436645,0.0,-0.0,17.80000000000001,-101.56212
14947200.0,600,modelica,native,True,21.983116564480895,0.0,-0.0,17.200000000000045,-101.56212
14950800.0,600,modelica,native,True,21.201362717522215,0.0,-0.0,16.100000000000023,-101.56212
14954400.0,600,modelica,native,True,20.273013298210515,0.0,-0.0,14.400000000000034,-101.56212
14958000.0,600,modelica,native,True,19.999837949824837,89.05120394335853,-0.0,13.900000000000034,-101.56212
14961600.0,600,modelica,native,True,19.99987576756081,286.9952478435304,-0.0,12.800000000000011,-96.62417128781966
14965200.0,600,modelica,native,True,20.000020598807737,423.5449310249753,-0.0,12.200000000000045,135.9064828871175
14968800.0,600,modelica,native,True,20.0003030208494,337.9087557660209,-0.0,15.600000000000023,594.0634818690899
14972400.0,600,modelica,native,True,20.59195377296311,39.92761508994632,-0.0,17.80000000000001,999.822879152201
14976000.0,600,modelica,native,True,22.2787985312836,0.0,-0.0,18.900000000000034,1297.911385449439
14979600.0,600,modelica,native,True,24.50350454225645,0.0,-0.0,20.600000000000023,1858.698752021441
14983200.0,600,modelica,native,True,26.998243123758414,0.0,47.72647412618002,22.80000000000001,2555.064360026234
14986800.0,600,modelica,native,True,27.00068467815811,0.0,827.7102026698325,25.0,3082.660278655977
14990400.0,600,modelica,native,True,27.0004361094538,0.0,1617.740899655819,26.700000000000045,3214.701336895745
14994000.0,600,modelica,native,True,27.000274112075147,0.0,2119.454355639882,28.30000000000001,3176.086359657967
14997600.0,600,modelica,native,True,26.999928423785605,0.0,2392.962471813891,28.900000000000034,2519.015883160759
15001200.0,600,modelica,native,True,26.999854369428817,0.0,2354.196156350506,32.200000000000045,1790.378315889504
15004800.0,600,modelica,native,True,26.999830048621334,0.0,2159.943743524022,31.100000000000023,1705.485563747939
15008400.0,600,modelica,native,True,26.999691385279107,0.0,1943.890496343242,28.900000000000034,1312.1833856351
15012000.0,600,modelica,native,True,26.999602266111197,0.0,1573.556595718331,27.200000000000045,696.6004300133869
15015600.0,600,modelica,native,True,26.999579349766236,0.0,1095.785170398288,26.100000000000023,127.1180462938246
15019200.0,600,modelica,native,True,26.99964086713294,0.0,598.1200614017911,23.900000000000034,-91.86568582325047
15022800.0,600,modelica,native,True,26.999789543409804,0.0,201.0389065443145,23.30000000000001,-101.56212
15026400.0,600,modelica,native,True,26.342257136998512,0.0,8.45627833975686,20.0,-101.56212
15030000.0,600,modelica,native,True,25.098848480571405,0.0,-0.0,17.80000000000001,-101.56212
15033600.0,600,modelica,native,True,24.022667759091235,0.0,-0.0,17.80000000000001,-101.56212
15037200.0,600,modelica,native,True,22.989417161426502,0.0,-0.0,16.700000000000045,-101.56212
15040800.0,600,modelica,native,True,21.94055306035233,0.0,-0.0,15.600000000000023,-101.56212
15044400.0,600,modelica,native,True,20.795147200932433,0.0,-0.0,13.900000000000034,-101.56212
15048000.0,600,modelica,native,True,20.000160081363447,18.45040140946706,-0.0,13.900000000000034,-90.36746184270518
15051600.0,600,modelica,native,True,20.000020865063505,180.00244445165,-0.0,14.400000000000034,154.6071343263341
15055200.0,600,modelica,native,True,20.000307370192218,126.5011355468962,-0.0,16.700000000000045,607.2594163201927
15058800.0,600,modelica,native,True,21.207764735297644,-0.0825200059678819,-0.0,19.400000000000034,997.5682426480848
15062400.0,600,modelica,native,True,23.360430697380536,0.0,-0.0,22.80000000000001,1285.895072079088
15066000.0,600,modelica,native,True,26.32098066030835,0.0,-0.0,26.700000000000045,1798.873824113793
15069600.0,600,modelica,native,True,27.00081455682573,0.0,483.7208017328051,29.400000000000034,2512.881708844483
15073200.0,600,modelica,native,True,27.00062202346095,0.0,1456.068523857329,31.100000000000023,3065.781297870242
15076800.0,600,modelica,native,True,27.000336944840114,0.0,2172.815198121071,31.700000000000045,3119.842825218143
15080400.0,600,modelica,native,True,27.00011669174512,0.0,2558.442393452856,32.200000000000045,2886.630693690539
15084000.0,600,modelica,native,True,26.999979302788404,0.0,2682.502145558993,32.80000000000001,2553.214134854651
15087600.0,600,modelica,native,True,26.999781524248306,0.0,2647.098194005489,33.30000000000001,1894.145596955045
15091200.0,600,modelica,native,True,26.99966152526065,0.0,2381.157737384372,33.30000000000001,1202.34576397961
15094800.0,600,modelica,native,True,26.9996993086545,0.0,1991.548205065197,32.200000000000045,931.7511393635916
15098400.0,600,modelica,native,True,26.999706328885395,0.0,1616.083479041258,31.100000000000023,593.8092831163223
15102000.0,600,modelica,native,True,26.99967254771343,0.0,1259.683351764944,30.0,161.8369399712253
15105600.0,600,modelica,native,True,26.999629485984713,0.0,842.3911670223872,26.700000000000045,-89.0569565508148
15109200.0,600,modelica,native,True,26.999770473837827,0.0,420.9015196077029,25.0,-101.56212
15112800.0,600,modelica,native,True,26.99986234535271,0.0,156.5512852141592,24.400000000000034,-101.56212
15116400.0,600,modelica,native,True,26.73123794021825,0.0,13.21073811848958,22.80000000000001,-101.56212
15120000.0,600,modelica,native,True,25.822832508589613,0.0,-9.372499254014756e-07,20.0,-101.56212
15123600.0,600,modelica,native,True,24.998927846200843,0.0,1.589457194010417e-09,20.0,-101.56212
15127200.0,600,modelica,native,True,24.32601403528645,0.0,-0.0,20.0,-101.56212
15130800.0,600,modelica,native,True,23.633480915613347,0.0,-0.0,18.900000000000034,-101.56212
15134400.0,600,modelica,native,True,22.919138923280002,0.0,-0.0,18.30000000000001,-99.26631935565015
15138000.0,600,modelica,native,True,22.165989373731747,0.0,-0.0,17.200000000000045,139.1275942195939
15141600.0,600,modelica,native,True,22.66823796308313,0.0,-0.0,21.100000000000023,534.4224701561942
15145200.0,600,modelica,native,True,24.299129923375403,0.0,-0.0,25.0,973.925267614256
15148800.0,600,modelica,native,True,26.980648197128914,0.0,2.693177496592204,28.900000000000034,1454.258516402173
15152400.0,600,modelica,native,True,27.0005467636189,0.0,595.3637355417676,30.600000000000023,1776.075521929803
15156000.0,600,modelica,native,True,27.00048799333655,0.0,1250.381645716826,31.700000000000045,2269.475324585523
15159600.0,600,modelica,native,True,27.000483001079203,0.0,1841.543790553411,32.80000000000001,2937.208226424628
15163200.0,600,modelica,native,True,27.000277992606243,0.0,2395.428944099479,33.30000000000001,3049.05596933339
15166800.0,600,modelica,native,True,27.00008256870933,0.0,2703.917361107137,32.80000000000001,2919.487728302636
15170400.0,600,modelica,native,True,26.999968835792743,0.0,2801.927621710036,33.900000000000034,2553.482061531829
15174000.0,600,modelica,native,True,26.999794451947935,0.0,2746.913172756301,34.400000000000034,1915.81643693134
15177600.0,600,modelica,native,True,26.999743970729696,0.0,2505.917395839956,35.0,1358.445909938227
15181200.0,600,modelica,native,True,26.999679463521602,0.0,2174.366600135697,33.30000000000001,1010.787794001381
15184800.0,600,modelica,native,True,26.99967983322324,0.0,1798.681748916838,32.200000000000045,641.1461789954747
15188400.0,600,modelica,native,True,26.99958693312874,0.0,1398.78763513724,30.0,156.2374182737445
15192000.0,600,modelica,native,True,26.999617467846008,0.0,911.1930412167972,27.200000000000045,-92.38135268611458
15195600.0,600,modelica,native,True,26.999702008603094,0.0,461.5346545153194,24.400000000000034,-101.56212
15199200.0,600,modelica,native,True,26.973124491722615,0.0,116.4982670916451,22.200000000000045,-101.56212
15202800.0,600,modelica,native,True,26.36556051653571,0.0,-0.0,22.200000000000045,-101.56212
15206400.0,600,modelica,native,True,25.29782897854284,0.0,-0.0,18.30000000000001,-101.56212
15210000.0,600,modelica,native,True,24.26771469391923,0.0,-0.0,18.30000000000001,-101.56212
15213600.0,600,modelica,native,True,23.27579390936984,0.0,-0.0,17.200000000000045,-101.56212
15217200.0,600,modelica,native,True,22.350630022168332,0.0,-0.0,16.700000000000045,-101.56212
15220800.0,600,modelica,native,True,21.342140916383528,0.0,-0.0,15.0,-99.1000736295744
15224400.0,600,modelica,native,True,20.33351159016223,0.0,-0.0,13.900000000000034,133.7470403699839
15228000.0,600,modelica,native,True,20.72206208429475,0.0,-0.0,18.900000000000034,575.6977053700118
15231600.0,600,modelica,native,True,22.180927056333303,0.0,-0.0,21.100000000000023,999.1782958410512
15235200.0,600,modelica,native,True,24.512017728052797,0.0,-0.0,24.400000000000034,1342.385474845885
15238800.0,600,modelica,native,True,26.99518467893722,0.0,22.95863814459907,26.100000000000023,1912.23804403053
15242400.0,600,modelica,native,True,27.00077893259993,0.0,728.5927385960684,29.400000000000034,2621.851008606306
15246000.0,600,modelica,native,True,27.000720082381406,0.0,1677.716804294586,34.400000000000034,3155.948419249466
15249600.0,600,modelica,native,True,27.000444558768038,0.0,2500.313934875064,36.10000000000002,3322.289054994044
15253200.0,600,modelica,native,True,27.00021123904901,0.0,3013.833189507855,37.200000000000045,3173.14903687796
15256800.0,600,modelica,native,True,26.99997862785665,0.0,3245.611903462145,38.30000000000001,2651.423262126596
15260400.0,600,modelica,native,True,26.999784397915903,0.0,3198.925137503677,38.900000000000034,1943.405604792572
15264000.0,600,modelica,native,True,26.99974509253974,0.0,2948.731458910836,40.0,1354.139467263588
15267600.0,600,modelica,native,True,26.999734792025436,0.0,2645.14153864993,39.400000000000034,1051.062127332127
15271200.0,600,modelica,native,True,26.999687344884535,0.0,2319.391112513013,38.30000000000001,628.6548345421199
15274800.0,600,modelica,native,True,26.99958277205684,0.0,1932.754543318749,36.10000000000002,152.4071446906164
15278400.0,600,modelica,native,True,26.999573557190445,0.0,1427.959628488753,32.200000000000045,-96.11822906868407
15282000.0,600,modelica,native,True,26.999667568860104,0.0,928.4178868998422,28.900000000000034,-101.56212
15285600.0,600,modelica,native,True,26.99976275459204,0.0,531.1312447367774,26.100000000000023,-101.56212
15289200.0,600,modelica,native,True,26.999869718586297,0.0,258.3706731062465,25.600000000000023,-101.56212
15292800.0,600,modelica,native,True,26.999908560733218,0.0,105.182016395198,25.0,-101.56212
15296400.0,600,modelica,native,True,26.70941878083022,0.0,9.01749371767044,22.80000000000001,-101.56212
15300000.0,600,modelica,native,True,25.828277055704802,0.0,-7.70886739095052e-08,20.0,-101.56212
15303600.0,600,modelica,native,True,24.911590765551296,0.0,-0.0,19.400000000000034,-101.56212
15307200.0,600,modelica,native,True,23.93749045737343,0.0,-0.0,17.80000000000001,-99.81930688824863
15310800.0,600,modelica,native,True,22.8004152545235,0.0,-0.0,15.600000000000023,100.0859075609298
15314400.0,600,modelica,native,True,22.903894535244717,0.0,-0.0,20.0,589.2326379913037
15318000.0,600,modelica,native,True,24.29990912029615,0.0,-0.0,22.80000000000001,1047.990659135786
15321600.0,600,modelica,native,True,26.50025012110325,0.0,-0.0,25.0,1405.312381685816
15325200.0,600,modelica,native,True,27.000556767088824,0.0,304.7967834260729,25.600000000000023,1988.809748423567
15328800.0,600,modelica,native,True,27.000567803475747,0.0,983.7086284579171,26.700000000000045,2732.539582004792
15332400.0,600,modelica,native,True,27.00053233071924,0.0,1667.307455578115,28.900000000000034,3270.647946615217
15336000.0,600,modelica,native,True,27.000338360458898,0.0,2274.667266475889,30.600000000000023,3313.534094902102
15339600.0,600,modelica,native,True,27.000205550746898,0.0,2676.042637865278,32.80000000000001,3171.45852035487
15343200.0,600,modelica,native,True,26.999979872169547,0.0,2898.059850179619,33.900000000000034,2756.704552239308
15346800.0,600,modelica,native,True,26.999759422075897,0.0,2856.757738741769,33.900000000000034,2041.834001797279
15350400.0,600,modelica,native,True,26.999720035021596,0.0,2572.484246079392,33.900000000000034,1494.914875764561
15354000.0,600,modelica,native,True,26.999774049855034,0.0,2258.105150951015,34.400000000000034,1190.450406860713
15357600.0,600,modelica,native,True,26.99965469757103,0.0,1964.698537760311,33.900000000000034,592.83519921994
15361200.0,600,modelica,native,True,26.999564500308907,0.0,1542.598412543403,31.700000000000045,70.63411195470445
15364800.0,600,modelica,native,True,26.99963488579681,0.0,1033.702815615071,28.900000000000034,-100.29981978364
15368400.0,600,modelica,native,True,26.999737170317815,0.0,606.1340483604537,26.700000000000045,-101.56212
15372000.0,600,modelica,native,True,26.99978274680234,0.0,291.6855155022939,24.400000000000034,-101.56212
15375600.0,600,modelica,native,True,26.888092893684245,0.0,51.27604193660948,22.80000000000001,-101.56212
15379200.0,600,modelica,native,True,25.896029300036048,0.0,-0.0,19.400000000000034,-101.56212
15382800.0,600,modelica,native,True,25.023501966915944,0.0,-0.0,20.0,-101.56212
15386400.0,600,modelica,native,True,24.289033006908312,0.0,-0.0,19.400000000000034,-101.56212
15390000.0,600,modelica,native,True,23.41807016202091,0.0,-0.0,17.80000000000001,-101.56212
15393600.0,600,modelica,native,True,22.404180947061036,0.0,-0.0,16.100000000000023,-94.52383358816708
15397200.0,600,modelica,native,True,21.25141590611105,0.0,-0.0,13.900000000000034,131.2730889169624
15400800.0,600,modelica,native,True,21.2504481106929,0.0,-0.0,17.200000000000045,617.8211433650789
15404400.0,600,modelica,native,True,22.45014631506001,0.0,-0.0,20.0,973.9701315858644
15408000.0,600,modelica,native,True,24.23944759044724,0.0,-0.0,21.700000000000045,1238.688462212217
15411600.0,600,modelica,native,True,26.54022169901964,0.0,-0.0,23.30000000000001,1848.400187571234
15415200.0,600,modelica,native,True,27.000703088919238,0.0,430.4386295700073,25.0,2633.900141852825
15418800.0,600,modelica,native,True,27.000590944231703,0.0,1270.080170679622,27.200000000000045,3106.230095574111
15422400.0,600,modelica,native,True,27.00048748158821,0.0,1963.992194244332,30.0,3383.688386791502
15426000.0,600,modelica,native,True,27.00020250937291,0.0,2510.713545873165,31.700000000000045,3129.171223692558
15429600.0,600,modelica,native,True,27.00005898182053,0.0,2747.516160775555,33.30000000000001,2765.324544042221
15433200.0,600,modelica,native,True,26.99975695940151,0.0,2788.995375162495,34.400000000000034,1919.894981159885
15436800.0,600,modelica,native,True,26.999620083174648,0.0,2484.111939749453,33.30000000000001,1224.423210692056
15440400.0,600,modelica,native,True,26.999645530543205,0.0,2046.92867506769,31.700000000000045,935.4961287284724
15444000.0,600,modelica,native,True,26.999662191676805,0.0,1631.530425115162,30.600000000000023,521.4865745353807
15447600.0,600,modelica,native,True,26.99968222181633,0.0,1234.758130422698,30.0,142.4255307768414
15451200.0,600,modelica,native,True,26.999641487402926,0.0,819.9508322837618,26.700000000000045,-95.88105326202152
15454800.0,600,modelica,native,True,26.999757662526008,0.0,412.2479561180539,25.0,-101.56212
15458400.0,600,modelica,native,True,26.999638663061603,0.0,122.0019753419028,22.80000000000001,-101.56212
15462000.0,600,modelica,native,True,26.205880927814803,0.0,-0.0,20.600000000000023,-101.56212
15465600.0,600,modelica,native,True,25.402124881415602,0.0,-0.0,20.600000000000023,-101.56212
15469200.0,600,modelica,native,True,24.764353079918635,0.0,-0.0,20.600000000000023,-101.56212
15472800.0,600,modelica,native,True,24.23585274759165,0.0,-0.0,20.600000000000023,-101.56212
15476400.0,600,modelica,native,True,23.512555385514304,0.0,-0.0,18.30000000000001,-101.56212
15480000.0,600,modelica,native,True,22.63328998338534,0.0,-0.0,17.200000000000045,-94.46824633100812
15483600.0,600,modelica,native,True,21.920869886556204,0.0,-0.0,17.200000000000045,132.8447986983722
15487200.0,600,modelica,native,True,22.436258166960044,0.0,-0.0,20.600000000000023,635.8177791485031
15490800.0,600,modelica,native,True,24.032872162615433,0.0,-0.0,23.30000000000001,1008.694154193916
15494400.0,600,modelica,native,True,26.382933457154934,0.0,-0.0,26.700000000000045,1272.694548410433
15498000.0,600,modelica,native,True,27.00037832992882,0.0,316.9191659757826,28.900000000000034,1099.377478255356
15501600.0,600,modelica,native,True,27.000555067826895,0.0,780.7353058263991,30.600000000000023,1853.232857844735
15505200.0,600,modelica,native,True,27.00077877762004,0.0,1471.208723251025,32.80000000000001,3304.883031155178
15508800.0,600,modelica,native,True,27.000446909021946,0.0,2339.657688240475,32.80000000000001,3544.995788217732
15512400.0,600,modelica,native,True,27.000138176221697,0.0,2860.155866825845,33.900000000000034,3190.147134441454
15516000.0,600,modelica,native,True,27.000001142561928,0.0,2991.38558350722,33.900000000000034,2890.785348459789
15519600.0,600,modelica,native,True,26.9997140388719,0.0,2955.861634723875,33.900000000000034,2083.391885219187
15523200.0,600,modelica,native,True,26.99940958981324,0.0,2583.005509915882,31.700000000000045,1018.963722151562
15526800.0,600,modelica,native,True,26.999547143549137,0.0,1878.088545968268,27.200000000000045,923.2091398267106
15530400.0,600,modelica,native,True,26.99963958770445,0.0,1369.053564288351,26.700000000000045,614.6300163281713
15534000.0,600,modelica,native,True,26.99958849943124,0.0,918.6681307601928,25.0,11.60095473012432
15537600.0,600,modelica,native,True,26.999724606766108,0.0,438.3533276552624,23.900000000000034,-86.12328868949191
15541200.0,600,modelica,native,True,26.9965218591463,0.0,114.0227672587501,22.80000000000001,-101.56212
15544800.0,600,modelica,native,True,26.492912768321048,0.0,-0.0003570286432902,22.80000000000001,-101.56212
15548400.0,600,modelica,native,True,26.12777550483611,0.0,3.729926215277778e-07,23.30000000000001,-101.56212
15552000.0,600,modelica,native,True,25.491454167494737,0.0,-0.0,20.600000000000023,-101.56212
15555600.0,600,modelica,native,True,24.575320994809147,0.0,-0.0,18.900000000000034,-101.56212
15559200.0,600,modelica,native,True,23.777121033064702,0.0,-0.0,18.900000000000034,-101.56212
15562800.0,600,modelica,native,True,22.97430045574572,0.0,-0.0,17.80000000000001,-101.56212
15566400.0,600,modelica,native,True,22.248420565778247,0.0,-0.0,17.80000000000001,-96.34181621421666
15570000.0,600,modelica,native,True,21.887711253520536,0.0,-0.0,18.900000000000034,126.4174351682781
15573600.0,600,modelica,native,True,22.500080478317614,0.0,-0.0,21.100000000000023,606.5942623627809
15577200.0,600,modelica,native,True,24.194967597773996,0.0,-0.0,24.400000000000034,979.0368359309646
15580800.0,600,modelica,native,True,26.7173220735653,0.0,-0.0,27.80000000000001,1321.689545874916
15584400.0,600,modelica,native,True,27.00065549985635,0.0,458.102640654246,30.600000000000023,1824.916630040161
15588000.0,600,modelica,native,True,27.000480761246934,0.0,1242.2285325506,32.80000000000001,2133.054241152625
15591600.0,600,modelica,native,True,27.000436991690037,0.0,1786.942745554182,33.30000000000001,2634.594561358048
15595200.0,600,modelica,native,True,27.00040094151865,0.0,2338.42477086703,35.0,3123.662598365479
15598800.0,600,modelica,native,True,27.000142507279804,0.0,2781.184986859957,34.400000000000034,3004.876734040268
15602400.0,600,modelica,native,True,26.99994453034185,0.0,2942.471787900924,35.60000000000002,2486.781363345097
15606000.0,600,modelica,native,True,26.999824396741815,0.0,2866.734448915588,36.10000000000002,1937.833876947773
15609600.0,600,modelica,native,True,26.99978779371071,0.0,2651.973485076162,36.700000000000045,1501.246719581269
15613200.0,600,modelica,native,True,26.99966849329445,0.0,2378.213923478127,35.0,1090.695753040073
15616800.0,600,modelica,native,True,26.999572464915104,0.0,1973.469798997243,32.80000000000001,513.0403938614934
15620400.0,600,modelica,native,True,26.99957746298685,0.0,1464.097022430102,31.100000000000023,26.00045714524354
15624000.0,600,modelica,native,True,26.99965416533354,0.0,957.5907699447208,28.30000000000001,-87.37895208414139
15627600.0,600,modelica,native,True,26.999823925022724,0.0,586.0939935048422,28.30000000000001,-101.56212
15631200.0,600,modelica,native,True,26.999837819390848,0.0,367.2137818733851,26.5,-101.56212
15634800.0,600,modelica,native,True,26.999851897100427,0.0,173.0029409631093,24.700000000000045,-101.56212
15638400.0,600,modelica,native,True,26.77058036180341,0.0,19.49604585594601,22.900000000000034,-101.56212
15642000.0,600,modelica,native,True,26.03060628589543,0.0,-6.997320387098525e-06,21.0,-101.56212
15645600.0,600,modelica,native,True,25.1019454499654,0.0,-1.4834933810763892e-08,19.200000000000045,-101.56212
15649200.0,600,modelica,native,True,24.022905464535825,0.0,-0.0,17.400000000000034,-101.56212
15652800.0,600,modelica,native,True,22.819286316542616,0.0,-0.0,15.600000000000023,-100.7744127489474
15656400.0,600,modelica,native,True,21.513147432399535,0.0,-0.0,13.900000000000034,95.53841421398062
15660000.0,600,modelica,native,True,21.326506837544798,0.0,-0.0,16.100000000000023,593.6864320568634
15663600.0,600,modelica,native,True,22.213050253926838,0.0,-0.0,18.30000000000001,995.4487669482792
15667200.0,600,modelica,native,True,23.99691356910091,0.0,-0.0,21.100000000000023,1350.099119863412
15670800.0,600,modelica,native,True,26.241597991605943,0.0,-0.0,21.700000000000045,1912.766236580057
15674400.0,600,modelica,native,True,27.00068360134685,0.0,319.8789072301653,23.30000000000001,2639.520519409432
15678000.0,600,modelica,native,True,27.00055228765075,0.0,1126.310884364976,24.400000000000034,3179.714347645409
15681600.0,600,modelica,native,True,27.00039197561273,0.0,1774.557480401463,26.100000000000023,3351.07605488863
15685200.0,600,modelica,native,True,27.000183064667794,0.0,2220.138462412622,27.200000000000045,3201.082371166909
15688800.0,600,modelica,native,True,26.999993165824208,0.0,2439.211802128156,29.400000000000034,2695.629254617672
15692400.0,600,modelica,native,True,26.999781074582643,0.0,2404.947075096236,29.400000000000034,2028.885141091421
15696000.0,600,modelica,native,True,26.9997101856535,0.0,2140.375970883899,29.400000000000034,1449.143160756206
15699600.0,600,modelica,native,True,26.999732346239796,0.0,1821.476203580962,30.0,1035.163635274515
15703200.0,600,modelica,native,True,26.999613505804234,0.0,1477.0765279754,28.30000000000001,512.4250055900587
15706800.0,600,modelica,native,True,26.999585219089226,0.0,1010.141400049528,26.100000000000023,57.55219048989098
15710400.0,600,modelica,native,True,26.999695505685906,0.0,551.497789240943,25.0,-93.41732533611302
15714000.0,600,modelica,native,True,26.99973568270184,0.0,185.8776760201984,22.200000000000045,-101.56212
15717600.0,600,modelica,native,True,26.09195677213694,0.0,0.6528492318259345,19.400000000000034,-101.56212
15721200.0,600,modelica,native,True,25.16954344508605,0.0,-0.0,20.0,-101.56212
15724800.0,600,modelica,native,True,24.552111650547033,0.0,-0.0,20.600000000000023,-101.56212
15728400.0,600,modelica,native,True,23.63518385338284,0.0,-0.0,17.200000000000045,-101.56212
15732000.0,600,modelica,native,True,22.552512168521332,0.0,-0.0,16.100000000000023,-101.56212
15735600.0,600,modelica,native,True,21.389660854711337,0.0,-0.0,14.400000000000034,-101.56212
15739200.0,600,modelica,native,True,20.28046399731403,0.0,-0.0,13.900000000000034,-96.07478611303904
15742800.0,600,modelica,native,True,19.999966989143843,77.787574573093,-0.0,14.400000000000034,114.8703401308938
15746400.0,600,modelica,native,True,20.06883164743971,76.93421284887526,-0.0,17.200000000000045,590.6816172484271
15750000.0,600,modelica,native,True,21.24991230522062,0.0,-0.0,18.900000000000034,988.6813792041112
15753600.0,600,modelica,native,True,23.14642844557551,0.0,-0.0,20.600000000000023,1448.588224750596
15757200.0,600,modelica,native,True,25.705033218570236,0.0,-0.0,21.700000000000045,1948.203328497831
15760800.0,600,modelica,native,True,27.000622565034746,0.0,188.4838215769662,22.200000000000045,2474.062734530502
15764400.0,600,modelica,native,True,27.000552972946423,0.0,935.0672743362852,23.900000000000034,2978.273363022113
15768000.0,600,modelica,native,True,27.000368103701646,0.0,1569.255274777413,25.0,3168.348685254196
15771600.0,600,modelica,native,True,27.000215956825116,0.0,2008.820936421818,26.700000000000045,3070.482876183993
15775200.0,600,modelica,native,True,26.999976975244635,0.0,2223.005215137799,27.200000000000045,2601.72584554677
15778800.0,600,modelica,native,True,26.999831865171302,0.0,2192.022707042164,28.900000000000034,1903.104369097648
15782400.0,600,modelica,native,True,26.99974478402271,0.0,1980.131130223804,29.400000000000034,1349.866670226555
15786000.0,600,modelica,native,True,26.999728175800044,0.0,1670.232303592364,27.80000000000001,1119.339113897918
15789600.0,600,modelica,native,True,26.999712155194743,0.0,1367.381506537331,27.80000000000001,686.6941859023301
15793200.0,600,modelica,native,True,26.99961621044571,0.0,1011.19202597883,26.100000000000023,143.0957905411571
15796800.0,600,modelica,native,True,26.999674954810416,0.0,562.8808544227812,24.400000000000034,-97.60787676604934
15800400.0,600,modelica,native,True,26.761306431169032,0.0,135.1903389056524,18.900000000000034,-101.56212
15804000.0,600,modelica,native,True,25.321004590687437,0.0,-9.568532307942707e-07,17.200000000000045,-101.56212
15807600.0,600,modelica,native,True,24.109756345739925,0.0,2.17225816514757e-08,17.200000000000045,-101.56212
15811200.0,600,modelica,native,True,22.9447649389312,0.0,5.298190646701389e-10,16.100000000000023,-101.56212
15814800.0,600,modelica,native,True,21.949095255262023,0.0,-0.0,16.100000000000023,-101.56212
15818400.0,600,modelica,native,True,21.129128554743147,0.0,-0.0,16.100000000000023,-101.56212
15822000.0,600,modelica,native,True,20.389364496942846,0.0,-0.0,15.600000000000023,-101.56212
15825600.0,600,modelica,native,True,19.999908445415315,26.30694600317213,-0.0,15.600000000000023,-94.60991607691376
15829200.0,600,modelica,native,True,19.99999986231063,167.7516830327776,-0.0,14.400000000000034,126.1438813021881
15832800.0,600,modelica,native,True,20.000220530966715,141.9743829080793,-0.0,16.100000000000023,597.9437900406602
15836400.0,600,modelica,native,True,20.85976875589813,1.643603376812405,-0.0,17.80000000000001,958.271579419774
15840000.0,600,modelica,native,True,22.502502992967834,0.0,-0.0,19.400000000000034,1246.681125526367
15843600.0,600,modelica,native,True,24.8180586425741,0.0,-0.0,22.200000000000045,1777.038065651092
15847200.0,600,modelica,native,True,26.999844382614015,0.0,71.43874144183265,22.80000000000001,2418.547981947387
15850800.0,600,modelica,native,True,27.00060285099505,0.0,805.2932851330439,24.400000000000034,2903.801217188723
15854400.0,600,modelica,native,True,27.000415534150136,0.0,1510.186365300284,25.600000000000023,3162.511987343986
15858000.0,600,modelica,native,True,27.000189005179436,0.0,1979.155790067249,26.100000000000023,3052.307355844971
15861600.0,600,modelica,native,True,27.00000538052194,0.0,2202.444277229839,27.200000000000045,2671.45640875795
15865200.0,600,modelica,native,True,26.99984865283494,0.0,2187.5741711945,27.80000000000001,2078.974752692755
15868800.0,600,modelica,native,True,26.99975643733785,0.0,1999.595697422028,28.900000000000034,1461.751121206252
15872400.0,600,modelica,native,True,26.999595885676513,0.0,1680.025667193731,26.700000000000045,904.4980232247672
15876000.0,600,modelica,native,True,26.99963947608785,0.0,1205.062795469496,25.600000000000023,468.9135733110957
15879600.0,600,modelica,native,True,26.999688013568743,0.0,783.1096526908874,25.0,145.4697326993134
15883200.0,600,modelica,native,True,26.999666636426127,0.0,379.4842797162798,22.200000000000045,-88.51043268375511
15886800.0,600,modelica,native,True,26.668572669620914,0.0,38.0353779941135,21.100000000000023,-101.56212
15890400.0,600,modelica,native,True,25.593192686887903,0.0,-0.0,18.900000000000034,-101.56212
15894000.0,600,modelica,native,True,24.616364858281997,0.0,-0.0,18.900000000000034,-101.56212
15897600.0,600,modelica,native,True,23.587445573481716,0.0,-0.0,17.200000000000045,-101.56212
15901200.0,600,modelica,native,True,22.603438013463347,0.0,-0.0,16.700000000000045,-101.56212
15904800.0,600,modelica,native,True,21.542233569900134,0.0,-0.0,15.0,-101.56212
15908400.0,600,modelica,native,True,20.496944028053235,0.0,-0.0,14.400000000000034,-101.56212
15912000.0,600,modelica,native,True,19.999897565794697,30.54191105100844,-0.0,15.0,-100.9421488731044
15915600.0,600,modelica,native,True,19.999998865116936,196.4743475230535,-0.0,13.900000000000034,106.3707656072655
15919200.0,600,modelica,native,True,20.000262072023702,165.1073213884566,-0.0,16.700000000000045,579.2026566200879
15922800.0,600,modelica,native,True,21.090889803324046,1.700949726634555,-0.0,19.400000000000034,1017.594499804463
15926400.0,600,modelica,native,True,23.24076323041163,-3.814697265625e-08,-0.0,22.200000000000045,1333.851949472909
15930000.0,600,modelica,native,True,26.078640602341636,0.0,-0.0,25.0,1907.488115655729
15933600.0,600,modelica,native,True,27.000844833185,0.0,410.138537358178,27.80000000000001,2658.476717962783
15937200.0,600,modelica,native,True,27.000601140881997,0.0,1405.101979636616,30.0,3074.10396990945
15940800.0,600,modelica,native,True,27.000381825815907,0.0,2096.018155030144,31.100000000000023,3167.265566426301
15944400.0,600,modelica,native,True,27.000242581111422,0.0,2532.974269621107,32.200000000000045,3202.424441599753
15948000.0,600,modelica,native,True,26.999923940857798,0.0,2769.699944747289,32.200000000000045,2628.073104746222
15951600.0,600,modelica,native,True,26.999771969569906,0.0,2676.287866461542,32.80000000000001,1945.667351064493
15955200.0,600,modelica,native,True,26.99970292783081,0.0,2400.751219884025,32.80000000000001,1375.924792110909
15958800.0,600,modelica,native,True,26.99975760755325,0.0,2061.566657590336,32.80000000000001,1081.066993083654
15962400.0,600,modelica,native,True,26.999628029236305,0.0,1733.669554985364,31.100000000000023,562.954267159624
15966000.0,600,modelica,native,True,26.999609519110606,0.0,1300.70434961372,30.0,28.74763770318779
15969600.0,600,modelica,native,True,26.999620346152938,0.0,810.9934984731674,26.100000000000023,-91.07536828320224
15973200.0,600,modelica,native,True,26.99976493725785,0.0,375.5098999002245,24.400000000000034,-101.56212
15976800.0,600,modelica,native,True,26.997748270931197,0.0,97.67103407118056,23.30000000000001,-101.56212
15980400.0,600,modelica,native,True,26.44686282961311,0.0,-0.0,22.200000000000045,-101.56212
15984000.0,600,modelica,native,True,25.694050740290606,0.0,-0.0,20.600000000000023,-101.56212
15987600.0,600,modelica,native,True,24.67382353454701,0.0,-0.0,18.30000000000001,-101.56212
15991200.0,600,modelica,native,True,23.88565808620524,0.0,-0.0,19.400000000000034,-101.56212
15994800.0,600,modelica,native,True,23.317517761931697,0.0,-0.0,19.400000000000034,-101.56212
15998400.0,600,modelica,native,True,22.7649481604127,0.0,-0.0,18.900000000000034,-98.56849559072232
16002000.0,600,modelica,native,True,22.27008220420811,0.0,-0.0,18.30000000000001,111.4348081676644
16005600.0,600,modelica,native,True,22.73569237014965,0.0,-0.0,21.100000000000023,594.4161134822443
16009200.0,600,modelica,native,True,24.386432986691545,0.0,-0.0,24.400000000000034,975.725268019018
16012800.0,600,modelica,native,True,26.782476755222547,0.0,-0.0,27.200000000000045,1324.761916724482
16016400.0,600,modelica,native,True,27.000685445008514,0.0,465.817389910486,30.600000000000023,1883.271860670179
16020000.0,600,modelica,native,True,27.000628355931497,0.0,1293.466537964609,33.30000000000001,2559.072690921365
16023600.0,600,modelica,native,True,27.000557876448795,0.0,2020.447962340249,33.900000000000034,3257.216044187189
16027200.0,600,modelica,native,True,27.000427747794333,0.0,2684.630014031728,35.0,3651.391303151949
16030800.0,600,modelica,native,True,27.000116170468914,0.0,3124.706461675962,33.900000000000034,3439.516813305059
16034400.0,600,modelica,native,True,26.999873881454732,0.0,3242.442790629599,35.0,2732.101665859559
16038000.0,600,modelica,native,True,26.999789598874315,0.0,3070.337684570418,36.10000000000002,2055.38060309895
16041600.0,600,modelica,native,True,26.999533451574337,0.0,2748.143289462726,33.900000000000034,1278.90828888994
16045200.0,600,modelica,native,True,26.999665419486405,0.0,2230.46762210634,34.400000000000034,795.1040026222154
16048800.0,600,modelica,native,True,26.999743733552634,0.0,1837.699187898636,33.900000000000034,655.5943607901453
16052400.0,600,modelica,native,True,26.999623649184798,0.0,1514.12514263365,32.200000000000045,162.4529161114828
16056000.0,600,modelica,native,True,26.999521605306597,0.0,1022.887193981806,26.700000000000045,-97.8649712217539
16059600.0,600,modelica,native,True,26.999725572741,0.0,486.0744930463367,24.400000000000034,-101.56212
16063200.0,600,modelica,native,True,26.999882390809432,0.0,184.0857927661472,25.0,-101.56212
16066800.0,600,modelica,native,True,26.88808581604144,0.0,36.87769759707981,23.30000000000001,-101.56212
16070400.0,600,modelica,native,True,25.988020005173098,0.0,3.231896294487848e-08,20.0,-101.56212
16074000.0,600,modelica,native,True,25.04995365658965,0.0,-0.0,19.400000000000034,-101.56212
16077600.0,600,modelica,native,True,24.1137132001831,0.0,-0.0,18.30000000000001,-101.56212
16081200.0,600,modelica,native,True,23.14717475728753,0.0,-0.0,17.200000000000045,-101.56212
16084800.0,600,modelica,native,True,22.226815393582115,0.0,-0.0,16.700000000000045,-101.0403264662791
16088400.0,600,modelica,native,True,21.4690016687087,0.0,-0.0,16.700000000000045,84.74530063975917
16092000.0,600,modelica,native,True,21.79404025619391,0.0,-0.0,19.400000000000034,568.7472834364277
16095600.0,600,modelica,native,True,23.222375051169934,0.0,-0.0,22.200000000000045,1027.921606388261
16099200.0,600,modelica,native,True,25.529920530144636,0.0,-0.0,25.600000000000023,897.305759965762
16102800.0,600,modelica,native,True,26.999131259543105,0.0,32.40416692680783,28.30000000000001,1561.090245315002
16106400.0,600,modelica,native,True,27.00088733992891,0.0,819.6886426644855,30.0,3049.472121668528
16110000.0,600,modelica,native,True,27.000697119435642,0.0,1877.738422756725,34.400000000000034,3368.82123468408
16113600.0,600,modelica,native,True,27.000151588753113,0.0,2625.310167293019,35.0,2869.835115544718
16117200.0,600,modelica,native,True,26.999806579903634,0.0,2761.576584889094,32.200000000000045,2281.010534344248
16120800.0,600,modelica,native,True,26.99995821149065,0.0,2558.889241693815,32.80000000000001,2262.872921329098
16124400.0,600,modelica,native,True,26.999998813030402,0.0,2512.216852900187,33.900000000000034,2254.677321612256
16128000.0,600,modelica,native,True,26.99967623368815,0.0,2427.997473431693,31.100000000000023,1633.23937207157
16131600.0,600,modelica,native,True,26.999725370634735,0.0,2093.615852103763,31.700000000000045,1198.736195211705
16135200.0,600,modelica,native,True,26.999587225891048,0.0,1730.382760106723,28.900000000000034,687.4662223514998
16138800.0,600,modelica,native,True,26.999579185458515,0.0,1240.786592782338,27.80000000000001,86.98036375302233
16142400.0,600,modelica,native,True,26.99971170021115,0.0,759.9949151383506,27.200000000000045,-99.69815758669856
16146000.0,600,modelica,native,True,26.999757089440834,0.0,386.723442343076,24.400000000000034,-101.56212
16149600.0,600,modelica,native,True,26.99986919332133,0.0,110.9530689122942,23.900000000000034,-101.56212
16153200.0,600,modelica,native,True,26.67681724430321,0.0,1.55760552989112,23.30000000000001,-101.56212
16156800.0,600,modelica,native,True,25.994859326481844,0.0,-0.0,21.100000000000023,-101.56212
16160400.0,600,modelica,native,True,25.171823808395118,0.0,-0.0,20.0,-101.56212
16164000.0,600,modelica,native,True,24.383150196382644,0.0,-0.0,19.400000000000034,-101.56212
16167600.0,600,modelica,native,True,23.557931950396835,0.0,-0.0,18.30000000000001,-101.56212
16171200.0,600,modelica,native,True,23.05486128956511,0.0,-0.0,20.0,-99.56271532674116
16174800.0,600,modelica,native,True,22.74354152121731,0.0,-0.0,20.0,-35.17634997807583
16178400.0,600,modelica,native,True,22.805266046869235,0.0,-0.0,20.600000000000023,259.9363336055242
16182000.0,600,modelica,native,True,23.472286716981046,0.0,-0.0,20.600000000000023,855.0065920546159
16185600.0,600,modelica,native,True,25.13373499171655,0.0,-0.0,21.700000000000045,1316.307664171354
16189200.0,600,modelica,native,True,26.997299712996835,0.0,25.74827517615424,23.900000000000034,1991.644127450863
16192800.0,600,modelica,native,True,27.000561451236024,0.0,672.3285628859202,24.400000000000034,2688.609777247083
16196400.0,600,modelica,native,True,27.000460103897012,0.0,1336.461605890062,24.400000000000034,3205.056664791024
16200000.0,600,modelica,native,True,27.000334805850798,0.0,1858.636311080191,24.400000000000034,3550.216846446065
16203600.0,600,modelica,native,True,27.00007228512925,0.0,2262.218478537136,26.100000000000023,3075.764355427282
16207200.0,600,modelica,native,True,27.000001922912304,0.0,2315.130754442215,27.200000000000045,2749.19245619058
16210800.0,600,modelica,native,True,26.999747042923616,0.0,2222.464472504192,25.0,2307.522766508759
16214400.0,600,modelica,native,True,26.99956461705125,0.0,1919.875423484378,23.900000000000034,1413.876705855939
16218000.0,600,modelica,native,True,26.999683474614926,0.0,1432.257883671655,24.400000000000034,983.9834337712044
16221600.0,600,modelica,native,True,26.999704498041694,0.0,1052.184371931288,23.900000000000034,671.4128668522192
16225200.0,600,modelica,native,True,26.999639487849038,0.0,683.5529852003522,22.80000000000001,116.4081218491919
16228800.0,600,modelica,native,True,26.999738107654196,0.0,265.0790833006965,22.200000000000045,-99.83509716072564
16232400.0,600,modelica,native,True,26.58248580189604,0.0,13.29445445378621,21.700000000000045,-101.56212
16236000.0,600,modelica,native,True,25.779220993548506,0.0,3.708733452690972e-09,20.600000000000023,-101.56212
16239600.0,600,modelica,native,True,25.068680326235835,0.0,-0.0,20.600000000000023,-101.56212
16243200.0,600,modelica,native,True,24.40481877263943,0.0,-0.0,20.0,-101.56212
16246800.0,600,modelica,native,True,23.836773314318634,0.0,-0.0,20.0,-101.56212
16250400.0,600,modelica,native,True,23.284227388081717,0.0,-0.0,19.400000000000034,-101.56212
16254000.0,600,modelica,native,True,22.74434990723205,0.0,-0.0,18.900000000000034,-101.56212
16257600.0,600,modelica,native,True,22.12115540357405,0.0,-0.0,17.80000000000001,-96.42669500279573
16261200.0,600,modelica,native,True,21.455964646301936,0.0,-0.0,16.700000000000045,5.220396487520262
16264800.0,600,modelica,native,True,21.2937117509299,0.0,-0.0,18.30000000000001,143.7923554223557
16268400.0,600,modelica,native,True,21.536945567005148,0.0,-0.0,18.900000000000034,638.282493321611
16272000.0,600,modelica,native,True,23.169618044180595,0.0,-0.0,20.600000000000023,1213.390531996807
16275600.0,600,modelica,native,True,25.209940945325116,0.0,-0.0,22.200000000000045,1624.518009477993
16279200.0,600,modelica,native,True,27.00065929010583,0.0,130.731220591863,23.30000000000001,2920.268607385537
16282800.0,600,modelica,native,True,27.00070676157634,0.0,1089.097121763229,24.400000000000034,3634.575968036318
16286400.0,600,modelica,native,True,27.000338542602435,0.0,1901.241508284675,26.100000000000023,3376.756121407489
16290000.0,600,modelica,native,True,27.000162552309234,0.0,2295.845644943979,28.30000000000001,3056.610082853887
16293600.0,600,modelica,native,True,26.999683930697813,0.0,2439.618150857819,28.900000000000034,1941.794470668514
16297200.0,600,modelica,native,True,26.999712340057044,0.0,2067.393134007454,26.100000000000023,1827.929738032846
16300800.0,600,modelica,native,True,26.999578611521144,0.0,1643.563486315939,20.0,1652.512878518764
16304400.0,600,modelica,native,True,26.99977492137191,0.0,1237.862553774516,23.30000000000001,1081.348594626372
16308000.0,600,modelica,native,True,26.99969176533125,0.0,940.371990398301,23.30000000000001,573.8236911628408
16311600.0,600,modelica,native,True,26.999652579098836,0.0,572.1895021634632,22.200000000000045,99.37603444124024
16315200.0,600,modelica,native,True,26.994884833993808,0.0,168.9428430949317,21.100000000000023,-94.20782508739332
16318800.0,600,modelica,native,True,26.246211348507927,0.0,-0.0,21.100000000000023,-101.56212
16322400.0,600,modelica,native,True,25.249484301706843,0.0,-0.0,18.900000000000034,-101.56212
16326000.0,600,modelica,native,True,24.255234123114803,0.0,-0.0,18.30000000000001,-101.56212
16329600.0,600,modelica,native,True,23.262883859601345,0.0,-0.0,17.200000000000045,-101.56212
16333200.0,600,modelica,native,True,22.32608745188304,0.0,-0.0,16.700000000000045,-101.56212
16336800.0,600,modelica,native,True,21.54399169358385,0.0,-0.0,16.700000000000045,-101.56212
16340400.0,600,modelica,native,True,20.7422456929541,0.0,-0.0,15.600000000000023,-101.56212
16344000.0,600,modelica,native,True,20.041178389282948,0.0,-0.0,15.600000000000023,-99.43380152626902
16347600.0,600,modelica,native,True,19.99998769798475,82.82092608504826,-0.0,15.600000000000023,104.9183044613437
16351200.0,600,modelica,native,True,20.171397459419495,54.593155386183,-0.0,18.30000000000001,537.6445284051847
16354800.0,600,modelica,native,True,21.621332126660036,3.12593248155382e-08,-0.0,21.100000000000023,850.6283878485568
16358400.0,600,modelica,native,True,23.656004896117395,0.0,-0.0,23.900000000000034,1164.505363267771
16362000.0,600,modelica,native,True,26.422657495114436,0.0,-0.0,25.600000000000023,1800.962381935062
16365600.0,600,modelica,native,True,27.000612761588513,0.0,432.8458978001277,27.200000000000045,2149.953788719877
16369200.0,600,modelica,native,True,27.000484986841343,0.0,1148.267899076144,27.80000000000001,2618.252268615544
16372800.0,600,modelica,native,True,27.000540234760706,0.0,1751.031899180412,27.80000000000001,3601.307934748213
16376400.0,600,modelica,native,True,27.000290580782007,0.0,2376.039148983955,28.30000000000001,3633.173395560165
16380000.0,600,modelica,native,True,26.999835962446127,0.0,2661.330753045612,27.80000000000001,2770.695023888685
16383600.0,600,modelica,native,True,26.999749766895945,0.0,2478.958822553423,28.900000000000034,2055.640214927996
16387200.0,600,modelica,native,True,26.999672978943636,0.0,2154.311060729557,27.80000000000001,1591.96248900109
16390800.0,600,modelica,native,True,26.9996601192081,0.0,1790.361520142025,27.80000000000001,1077.853233480348
16394400.0,600,modelica,native,True,26.9993147700481,0.0,1242.643084226184,20.0,351.5291287399783
16398000.0,600,modelica,native,True,26.99951248293371,0.0,465.5512875382105,18.30000000000001,-10.78231294491103
16401600.0,600,modelica,native,True,26.02194517980314,0.0,19.65538812796275,16.700000000000045,-87.84717978887733
16405200.0,600,modelica,native,True,24.603086285906215,0.0,-0.0,16.700000000000045,-101.56212
16408800.0,600,modelica,native,True,23.427742669813313,0.0,-0.0,16.700000000000045,-101.56212
16412400.0,600,modelica,native,True,22.305960085529534,0.0,-0.0,15.600000000000023,-101.56212
16416000.0,600,modelica,native,True,21.33366501786054,0.0,-0.0,15.600000000000023,-101.56212
16419600.0,600,modelica,native,True,20.533623701519616,0.0,-0.0,15.600000000000023,-101.56212
16423200.0,600,modelica,native,True,20.000030373171512,17.88084063000149,-0.0,15.0,-101.56212
16426800.0,600,modelica,native,True,19.99992172068613,161.2550800270504,-0.0,15.0,-101.56212
16430400.0,600,modelica,native,True,19.999962250183216,253.4397379790412,-0.0,15.0,-95.68052121665428
16434000.0,600,modelica,native,True,20.00002807412244,301.8969252501594,-0.0,14.400000000000034,104.3748652395995
16437600.0,600,modelica,native,True,20.000242056444506,232.2532105361091,-0.0,15.600000000000023,571.3384088690824
16441200.0,600,modelica,native,True,20.671961286064345,20.55447753270467,-0.0,18.30000000000001,887.4982287671637
16444800.0,600,modelica,native,True,22.465744339340745,4.715389675564236e-07,-0.0,21.100000000000023,1139.436772790256
16448400.0,600,modelica,native,True,24.858603139225806,2.119276258680556e-09,-0.0,23.30000000000001,1685.414968345722
16452000.0,600,modelica,native,True,27.000504013054638,0.0,119.4821178261439,26.100000000000023,2573.447562882744
16455600.0,600,modelica,native,True,27.000769020011944,0.0,1100.772732539707,28.900000000000034,3228.884711026902
16459200.0,600,modelica,native,True,27.000477284625106,0.0,1960.046815524101,29.400000000000034,3534.129677122075
16462800.0,600,modelica,native,True,27.000153676351204,0.0,2454.265070168177,27.80000000000001,3400.292463876111
16466400.0,600,modelica,native,True,27.000001504495515,0.0,2636.020350748698,28.900000000000034,3000.575142045271
16470000.0,600,modelica,native,True,26.999708809092226,0.0,2615.991259592374,30.0,2017.698670326038
16473600.0,600,modelica,native,True,26.999389295057938,0.0,2135.763325674799,23.30000000000001,1273.890592519262
16477200.0,600,modelica,native,True,26.999652852774148,0.0,1463.04868238608,23.900000000000034,1019.223159377141
16480800.0,600,modelica,native,True,26.999666587206548,0.0,1037.340132277277,23.30000000000001,603.840975837479
16484400.0,600,modelica,native,True,26.999662589843922,0.0,633.4790927049849,22.80000000000001,121.9232617110253
16488000.0,600,modelica,native,True,26.9997736607275,0.0,256.3065252049764,22.80000000000001,-90.1025185613985
16491600.0,600,modelica,native,True,26.541388446202404,0.0,18.47937342378828,21.100000000000023,-101.56212
16495200.0,600,modelica,native,True,25.788349549398333,0.0,-6.092919243706598e-08,21.100000000000023,-101.56212
16498800.0,600,modelica,native,True,25.10259209939153,0.0,-0.0,20.600000000000023,-101.56212
16502400.0,600,modelica,native,True,24.43483200968103,0.0,-0.0,20.0,-101.56212
16506000.0,600,modelica,native,True,23.63269946981552,0.0,-0.0,18.30000000000001,-101.56212
16509600.0,600,modelica,native,True,22.893116526123606,0.0,-0.0,18.30000000000001,-101.56212
16513200.0,600,modelica,native,True,22.066634092677134,0.0,-0.0,16.700000000000045,-101.56212
16516800.0,600,modelica,native,True,21.321615852891,0.0,-0.0,16.700000000000045,-100.8341183813124
16520400.0,600,modelica,native,True,20.6445295548437,0.0,-0.0,16.100000000000023,-14.0734792035128
16524000.0,600,modelica,native,True,20.547473837988946,0.0,-0.0,17.80000000000001,189.9000541229475
16527600.0,600,modelica,native,True,21.05338121563574,0.0,-0.0,18.900000000000034,810.2452904269552
16531200.0,600,modelica,native,True,23.05910302912514,0.0,-0.0,20.600000000000023,1528.083150992381
16534800.0,600,modelica,native,True,25.605441304350904,0.0,-0.0,21.700000000000045,1969.53971707763
16538400.0,600,modelica,native,True,27.000783462089544,0.0,244.3938716740078,24.400000000000034,2709.280335377535
16542000.0,600,modelica,native,True,27.000575820004713,0.0,1147.283190039529,25.600000000000023,3183.598233886048
16545600.0,600,modelica,native,True,27.000330858256632,0.0,1810.748272052341,25.600000000000023,3339.336730103189
16549200.0,600,modelica,native,True,26.999979466536104,0.0,2193.972188240157,26.700000000000045,2690.5320340175
16552800.0,600,modelica,native,True,26.999758525585946,0.0,2147.968296896087,26.700000000000045,1924.972434992839
16556400.0,600,modelica,native,True,26.999884648423915,0.0,1863.869144890573,27.200000000000045,1806.043145130969
16560000.0,600,modelica,native,True,26.99979143708424,0.0,1709.854072575039,27.200000000000045,1418.351928950468
16563600.0,600,modelica,native,True,26.99973913935804,0.0,1472.306409279505,27.80000000000001,883.1135111122076
16567200.0,600,modelica,native,True,26.99966183419565,0.0,1144.836046991348,25.600000000000023,543.9245421980434
16570800.0,600,modelica,native,True,26.99959964245761,0.0,737.8056654262542,23.30000000000001,83.02441902996632
16574400.0,600,modelica,native,True,26.999703927958535,0.0,280.6746673250198,21.700000000000045,-96.21677016172194
16578000.0,600,modelica,native,True,26.418036706597206,0.0,9.904293307728238,20.600000000000023,-101.56212
16581600.0,600,modelica,native,True,25.436524194932815,0.0,-0.0,19.400000000000034,-101.56212
16585200.0,600,modelica,native,True,24.498640289214734,0.0,-0.0,18.900000000000034,-101.56212
16588800.0,600,modelica,native,True,23.72567743870252,0.0,-0.0,18.900000000000034,-101.56212
16592400.0,600,modelica,native,True,22.93704253023651,0.0,-0.0,17.80000000000001,-101.56212
16596000.0,600,modelica,native,True,22.156331077763014,0.0,-0.0,17.200000000000045,-101.56212
16599600.0,600,modelica,native,True,21.335471879110912,0.0,-0.0,16.100000000000023,-101.56212
16603200.0,600,modelica,native,True,20.548922435082602,0.0,-0.0,15.600000000000023,-101.2861032636364
16606800.0,600,modelica,native,True,20.000130936232324,12.85889925161998,-0.0,15.0,76.02829565761161
16610400.0,600,modelica,native,True,20.04680142621163,43.75429745462205,-0.0,16.700000000000045,534.4641526972914
16614000.0,600,modelica,native,True,21.251392475406533,0.0,-0.0,19.400000000000034,961.2941678989462
16617600.0,600,modelica,native,True,23.21891985951663,0.0,-0.0,21.700000000000045,1271.878368024572
16621200.0,600,modelica,native,True,25.92484210856412,0.0,-0.0,24.400000000000034,1965.345974287102
16624800.0,600,modelica,native,True,27.00085649358391,0.0,371.0617262824376,26.700000000000045,2788.31045851717
16628400.0,600,modelica,native,True,27.00072816118154,0.0,1394.368809805976,29.400000000000034,3465.95268461639
16632000.0,600,modelica,native,True,27.000184021215034,0.0,2219.258713295195,29.400000000000034,3111.470696632708
16635600.0,600,modelica,native,True,27.00001286413044,0.0,2394.072170885934,28.900000000000034,2715.30377981415
16639200.0,600,modelica,native,True,26.999718882609614,0.0,2406.150584009488,28.900000000000034,2075.784623506
16642800.0,600,modelica,native,True,26.99930293883864,0.0,2010.370845940378,22.80000000000001,1089.881830402367
16646400.0,600,modelica,native,True,26.999604242911232,0.0,1210.821897076501,17.80000000000001,1351.504877622243
16650000.0,600,modelica,native,True,26.999659556524648,0.0,755.6645447264777,16.700000000000045,993.1905080356012
16653600.0,600,modelica,native,True,26.999647810223507,0.0,331.0302781777912,17.200000000000045,257.7926737218098
16657200.0,600,modelica,native,True,26.291361621592102,0.0,9.013897042274476,17.200000000000045,56.42803004085143
16660800.0,600,modelica,native,True,24.938310857370027,0.0,2.649095323350695e-09,16.700000000000045,-92.1040899514792
16664400.0,600,modelica,native,True,23.624898341088624,0.0,-0.0,16.100000000000023,-101.56212
16668000.0,600,modelica,native,True,22.509187975162433,0.0,-0.0,16.100000000000023,-101.56212
16671600.0,600,modelica,native,True,21.52628068317881,0.0,-0.0,15.600000000000023,-101.56212
16675200.0,600,modelica,native,True,20.694035295779543,0.0,-0.0,15.600000000000023,-101.56212
16678800.0,600,modelica,native,True,20.000605796254433,10.88485050148434,-0.0,14.400000000000034,-101.56212
16682400.0,600,modelica,native,True,19.999883937544723,182.0354075781504,-0.0,13.900000000000034,-101.56212
16686000.0,600,modelica,native,True,19.999930049016314,311.4893116664887,-0.0,13.900000000000034,-101.56212
16689600.0,600,modelica,native,True,19.999921010782714,404.011759812567,-0.0,12.800000000000011,-101.2886355272727
16693200.0,600,modelica,native,True,19.999981720403696,492.1028998200099,-0.0,11.700000000000045,77.59769173018327
16696800.0,600,modelica,native,True,20.00028094532462,430.4546868096458,-0.0,14.400000000000034,547.7673156510547
16700400.0,600,modelica,native,True,20.153670206062202,114.409118470086,-0.0,16.700000000000045,927.374846051534
16704000.0,600,modelica,native,True,21.772952197285633,3.9206610785590285e-08,-0.0,18.900000000000034,1274.552531717591
16707600.0,600,modelica,native,True,24.14996662338035,0.0,-0.0,21.100000000000023,1883.192507092302
16711200.0,600,modelica,native,True,26.996943543218947,0.0,43.89277345551385,23.900000000000034,2668.612648657002
16714800.0,600,modelica,native,True,27.000718010496826,0.0,875.4495844093958,25.0,3286.806056521388
16718400.0,600,modelica,native,True,27.000441756628618,0.0,1712.293242350155,26.700000000000045,3370.832270508294
16722000.0,600,modelica,native,True,27.000240228413304,0.0,2214.994534074465,27.80000000000001,3304.175470354735
16725600.0,600,modelica,native,True,26.99998114948943,0.0,2474.083385958142,27.80000000000001,2932.494890010468
16729200.0,600,modelica,native,True,26.999729955352848,0.0,2433.215457310147,28.30000000000001,2049.258114293344
16732800.0,600,modelica,native,True,26.999648712718738,0.0,2102.949941007826,27.80000000000001,1423.85478212008
16736400.0,600,modelica,native,True,26.99969654778033,0.0,1709.994181800418,27.80000000000001,1069.323133200096
16740000.0,600,modelica,native,True,26.999667325777807,0.0,1339.692387113571,26.700000000000045,622.4954907550542
16743600.0,600,modelica,native,True,26.99964017388794,0.0,937.3649176745944,25.600000000000023,148.5416065620681
16747200.0,600,modelica,native,True,26.999662876345838,0.0,495.4890727451112,23.30000000000001,-94.746296801344
16750800.0,600,modelica,native,True,26.974306654474333,0.0,112.5089454258813,22.200000000000045,-101.56212
16754400.0,600,modelica,native,True,26.153521632971206,0.0,3.152423434787327e-05,20.600000000000023,-101.56212
16758000.0,600,modelica,native,True,25.2954493619053,0.0,9.223090277777778e-06,20.0,-101.56212
16761600.0,600,modelica,native,True,24.41584826361003,0.0,7.788340250651043e-08,18.900000000000034,-101.56212
16765200.0,600,modelica,native,True,23.566404353126813,0.0,-0.0,18.30000000000001,-101.56212
16768800.0,600,modelica,native,True,22.78742449022252,0.0,-0.0,17.80000000000001,-101.56212
16772400.0,600,modelica,native,True,21.965517736486845,0.0,-0.0,16.700000000000045,-101.56212
16776000.0,600,modelica,native,True,21.094581008692103,0.0,-0.0,15.600000000000023,-96.988924753368
16779600.0,600,modelica,native,True,20.168821700979834,0.0,-0.0,14.400000000000034,94.3891491039224
16783200.0,600,modelica,native,True,20.349519197686504,0.0,-0.0,17.200000000000045,549.654041079651
16786800.0,600,modelica,native,True,21.59285009036762,0.0,-0.0,20.0,906.7904442035756
16790400.0,600,modelica,native,True,23.496980477412706,0.0,-0.0,22.200000000000045,1199.404843416753
16794000.0,600,modelica,native,True,26.039861547097132,0.0,-0.0,24.400000000000034,1818.75279557415
16797600.0,600,modelica,native,True,27.000832197672537,0.0,364.6933319791158,27.200000000000045,2632.306833262842
16801200.0,600,modelica,native,True,27.000653704591798,0.0,1339.963709582753,28.900000000000034,3258.991003462932
16804800.0,600,modelica,native,True,27.000412506130715,0.0,2092.756555317773,29.400000000000034,3477.191745234303
16808400.0,600,modelica,native,True,27.00019847393571,0.0,2569.466263222165,30.600000000000023,3317.583838301578
16812000.0,600,modelica,native,True,26.999953938727515,0.0,2781.479080061913,31.700000000000045,2743.376557381866
16815600.0,600,modelica,native,True,26.99972176828112,0.0,2704.196951029036,32.200000000000045,1937.479951001363
16819200.0,600,modelica,native,True,26.99962890159975,0.0,2368.104595590697,31.700000000000045,1260.665660808761
16822800.0,600,modelica,native,True,26.999686559976112,0.0,1945.390418116252,31.100000000000023,954.9257091930198
16826400.0,600,modelica,native,True,26.99966236651835,0.0,1557.956007798513,29.400000000000034,608.8543997952744
16830000.0,600,modelica,native,True,26.9996222134547,0.0,1151.485527830654,27.80000000000001,146.3678246704232
16833600.0,600,modelica,native,True,26.99965731719675,0.0,703.1008564254972,25.600000000000023,-89.31409347245985
16837200.0,600,modelica,native,True,26.99977494184725,0.0,307.9183649550544,23.900000000000034,-101.56212
16840800.0,600,modelica,native,True,26.934386935634336,0.0,54.5870470433765,23.30000000000001,-101.56212
16844400.0,600,modelica,native,True,26.36412743897864,0.0,6.63863288031684e-07,22.200000000000045,-101.56212
16848000.0,600,modelica,native,True,25.61633815069314,0.0,-0.0,20.600000000000023,-101.56212
16851600.0,600,modelica,native,True,24.772508041893616,0.0,-0.0,19.400000000000034,-101.56212
16855200.0,600,modelica,native,True,23.733357392341816,0.0,-0.0,17.200000000000045,-101.56212
16858800.0,600,modelica,native,True,22.636274348737345,0.0,-0.0,16.100000000000023,-101.56212
16862400.0,600,modelica,native,True,21.46656363204073,0.0,-0.0,14.400000000000034,-101.2834357820389
16866000.0,600,modelica,native,True,20.33531426921121,0.0,-0.0,13.900000000000034,68.39798050189484
16869600.0,600,modelica,native,True,20.505320933117048,0.0,-0.0,17.80000000000001,543.0080452481226
16873200.0,600,modelica,native,True,21.895666973351297,0.0,-0.0,21.100000000000023,925.3318739875616
16876800.0,600,modelica,native,True,24.174685258842544,0.0,-0.0,24.400000000000034,1281.828303928937
16880400.0,600,modelica,native,True,26.986683432090103,0.0,8.515206619368659,26.700000000000045,1915.20381546182
16884000.0,600,modelica,native,True,27.000786207321028,0.0,697.1571363570955,28.900000000000034,2741.515585306105
16887600.0,600,modelica,native,True,27.00061530902161,0.0,1617.074386105008,30.600000000000023,3274.582826766209
16891200.0,600,modelica,native,True,27.000437580495316,0.0,2348.230631856919,33.30000000000001,3397.232392637576
16894800.0,600,modelica,native,True,27.000216994037544,0.0,2849.702483176125,33.900000000000034,3366.07723020577
16898400.0,600,modelica,native,True,27.000011746410507,0.0,3081.048833598031,35.0,2920.134860016532
16902000.0,600,modelica,native,True,26.9997161436267,0.0,3038.730281631681,35.60000000000002,1935.466415905695
16905600.0,600,modelica,native,True,26.999662668375095,0.0,2709.107232222027,36.10000000000002,1251.738813101393
16909200.0,600,modelica,native,True,26.999686354890514,0.0,2316.41724091106,35.60000000000002,959.5059291163668
16912800.0,600,modelica,native,True,26.99950189180771,0.0,1875.624414387279,30.0,582.8087016663515
16916400.0,600,modelica,native,True,26.99951936391915,0.0,1283.918489789963,27.200000000000045,106.6448486819939
16920000.0,600,modelica,native,True,26.999622977338902,0.0,728.4153629509608,25.0,-92.63947734412508
16923600.0,600,modelica,native,True,26.999726790252737,0.0,283.6227370638318,22.80000000000001,-101.56212
16927200.0,600,modelica,native,True,26.49554008437201,0.0,18.27359213299221,20.600000000000023,-101.56212
16930800.0,600,modelica,native,True,25.472934480658807,0.0,-3.231896294487848e-08,19.400000000000034,-101.56212
16934400.0,600,modelica,native,True,24.545050319360712,0.0,-0.0,18.900000000000034,-101.56212
16938000.0,600,modelica,native,True,23.61821853260011,0.0,-0.0,17.80000000000001,-101.56212
16941600.0,600,modelica,native,True,22.566138996880397,0.0,-0.0,16.100000000000023,-101.56212
16945200.0,600,modelica,native,True,21.55886439446931,0.0,-0.0,15.600000000000023,-101.56212
16948800.0,600,modelica,native,True,20.550470888388418,0.0,-0.0,14.400000000000034,-101.4489691000466
16952400.0,600,modelica,native,True,20.00002588399161,19.67669233851963,-0.0,15.600000000000023,25.7389760871651
16956000.0,600,modelica,native,True,20.215048146763024,25.22916316668192,-0.0,18.30000000000001,501.4609796663505
16959600.0,600,modelica,native,True,21.68912356272631,0.0,-0.0,21.100000000000023,978.3874187220044
16963200.0,600,modelica,native,True,24.126090341607323,0.0,-0.0,25.0,1330.331207159938
16966800.0,600,modelica,native,True,26.99510360455554,0.0,31.88432394928402,28.30000000000001,2077.371740779095
16970400.0,600,modelica,native,True,27.0007981123959,0.0,857.4680991792679,30.0,2913.712259436741
16974000.0,600,modelica,native,True,27.00058391388103,0.0,1787.473803789881,30.600000000000023,3441.745236760014
16977600.0,600,modelica,native,True,27.000443535253225,0.0,2485.929909324116,32.80000000000001,3660.344071583706
16981200.0,600,modelica,native,True,27.000182717540895,0.0,2998.503379456732,33.30000000000001,3539.511682208078
16984800.0,600,modelica,native,True,26.999925950308807,0.0,3196.747188333406,34.400000000000034,2916.323707815095
16988400.0,600,modelica,native,True,26.999761682005442,0.0,3090.31154475636,34.400000000000034,2284.808311862612
16992000.0,600,modelica,native,True,26.999696350227225,0.0,2802.228211794429,34.400000000000034,1706.051779822128
16995600.0,600,modelica,native,True,26.99956344388113,0.0,2408.497771492534,31.700000000000045,1203.659595065447
16999200.0,600,modelica,native,True,26.99954848071053,0.0,1900.956654658847,31.100000000000023,524.9325563544634
17002800.0,600,modelica,native,True,26.999495135718234,0.0,1339.912681414286,27.80000000000001,48.50787901048044
17006400.0,600,modelica,native,True,26.9996423775695,0.0,757.2341010649999,25.600000000000023,-98.45009046189948
17010000.0,600,modelica,native,True,26.999777444951803,0.0,341.3522304058075,24.400000000000034,-101.56212
17013600.0,600,modelica,native,True,26.944829569103547,0.0,74.65810300721063,22.80000000000001,-101.56212
17017200.0,600,modelica,native,True,26.34137258903354,0.0,-0.0,22.200000000000045,-101.56212
17020800.0,600,modelica,native,True,25.66455103498015,0.0,-0.0,21.100000000000023,-101.56212
17024400.0,600,modelica,native,True,25.063588357828223,0.0,-0.0,21.100000000000023,-101.56212
17028000.0,600,modelica,native,True,24.42083756557645,0.0,-0.0,20.0,-101.56212
17031600.0,600,modelica,native,True,23.764176156656333,0.0,-0.0,19.400000000000034,-101.56212
17035200.0,600,modelica,native,True,23.053174076818834,0.0,-0.0,18.30000000000001,-101.56212
17038800.0,600,modelica,native,True,22.35691248306904,0.0,-0.0,17.80000000000001,59.44065453107445
17042400.0,600,modelica,native,True,22.573839107380195,0.0,-0.0,20.0,507.3049829481714
17046000.0,600,modelica,native,True,23.896783770297134,0.0,-0.0,22.80000000000001,928.5349005761404
17049600.0,600,modelica,native,True,26.08859041750651,0.0,-0.0,26.100000000000023,1242.815545764964
17053200.0,600,modelica,native,True,27.0006888417347,0.0,263.2025563128789,28.30000000000001,1944.214701882717
17056800.0,600,modelica,native,True,27.00069478962604,0.0,1093.640126781993,30.600000000000023,2772.281407531694
17060400.0,600,modelica,native,True,27.000597025078207,0.0,1911.063584236039,32.80000000000001,3325.754366081128
17064000.0,600,modelica,native,True,27.0004057479033,0.0,2600.273500078519,34.400000000000034,3525.607925793503
17067600.0,600,modelica,native,True,27.000174125268302,0.0,3044.987317034404,33.900000000000034,3513.579786196454
17071200.0,600,modelica,native,True,26.999990249982943,0.0,3269.883164761861,35.60000000000002,3061.369388768339
17074800.0,600,modelica,native,True,26.99970963089254,0.0,3222.352575128343,35.60000000000002,2168.644789036318
17078400.0,600,modelica,native,True,26.99959182445815,0.0,2884.006240738233,36.10000000000002,1344.839801894987
17082000.0,600,modelica,native,True,26.9995596642068,0.0,2384.572747715314,32.80000000000001,1059.599019678048
17085600.0,600,modelica,native,True,26.9994845851769,0.0,1842.668943950865,28.900000000000034,607.0327621838405
17089200.0,600,modelica,native,True,26.999449955059845,0.0,1207.602072822783,25.600000000000023,-4.397249442074148
17092800.0,600,modelica,native,True,26.99965927083923,0.0,584.9328216441472,23.900000000000034,-96.6027899575336
17096400.0,600,modelica,native,True,26.999823718843913,0.0,187.6810649702284,23.30000000000001,-101.56212
17100000.0,600,modelica,native,True,26.90466684633202,0.0,10.61664069069756,24.400000000000034,-101.56212
17103600.0,600,modelica,native,True,26.60226092506781,0.0,-0.0,23.900000000000034,-101.56212
17107200.0,600,modelica,native,True,26.246083837294634,0.0,-0.0,23.30000000000001,-101.56212
17110800.0,600,modelica,native,True,25.62551000398514,0.0,-0.0,21.100000000000023,-101.56212
17114400.0,600,modelica,native,True,24.958994467174648,0.0,-0.0,20.600000000000023,-101.56212
17118000.0,600,modelica,native,True,24.313875489842133,0.0,-0.0,20.0,-101.56212
17121600.0,600,modelica,native,True,23.67616800589343,0.0,-0.0,19.400000000000034,-101.56212
17125200.0,600,modelica,native,True,22.95923589807603,0.0,-0.0,18.30000000000001,13.8399684592524
17128800.0,600,modelica,native,True,23.13432901803054,0.0,-0.0,20.600000000000023,560.2377217150471
17132400.0,600,modelica,native,True,24.501804659766435,0.0,-0.0,22.80000000000001,943.463365383833
17136000.0,600,modelica,native,True,26.38527062128162,0.0,-0.0,25.0,1297.945629683771
17139600.0,600,modelica,native,True,27.000682132891995,0.0,317.6035554043452,27.80000000000001,2045.900358770259
17143200.0,600,modelica,native,True,27.000694689147394,0.0,1137.651153234906,29.400000000000034,2986.628357211987
17146800.0,600,modelica,native,True,27.000547191682017,0.0,1956.697665962643,31.700000000000045,3418.218967764618
17150400.0,600,modelica,native,True,27.000173568524815,0.0,2557.17040795962,31.700000000000045,3176.350182427137
17154000.0,600,modelica,native,True,27.000126746933347,0.0,2755.184212669797,31.100000000000023,3291.221981472642
17157600.0,600,modelica,native,True,26.999823300225728,0.0,2906.940221272574,33.30000000000001,2415.095450486635
17161200.0,600,modelica,native,True,26.9995318138146,0.0,2665.23460993131,31.700000000000045,1449.874898982871
17164800.0,600,modelica,native,True,26.99960084322555,0.0,2107.665244355731,27.80000000000001,1381.490283153439
17168400.0,600,modelica,native,True,26.999567059127116,0.0,1642.701830496788,26.700000000000045,789.2600730328711
17172000.0,600,modelica,native,True,26.999480222627994,0.0,1089.752067656517,22.80000000000001,239.0414350350115
17175600.0,600,modelica,native,True,26.999652783550516,0.0,493.4190843984816,21.700000000000045,-13.15450232206447
17179200.0,600,modelica,native,True,26.919869879102748,0.0,95.53392263359494,21.700000000000045,-100.5483394708927
17182800.0,600,modelica,native,True,26.228639632623697,0.0,2.274513244628906e-06,21.700000000000045,-101.56212
17186400.0,600,modelica,native,True,25.428467718887134,0.0,5.298190646701389e-09,20.0,-101.56212
17190000.0,600,modelica,native,True,24.524561645251595,0.0,-0.0,18.900000000000034,-101.56212
17193600.0,600,modelica,native,True,23.506919364014607,0.0,-0.0,17.200000000000045,-101.56212
17197200.0,600,modelica,native,True,22.674354229272637,0.0,-0.0,17.80000000000001,-101.56212
17200800.0,600,modelica,native,True,21.866621781784147,0.0,-0.0,16.700000000000045,-101.56212
17204400.0,600,modelica,native,True,21.161220256939714,0.0,-0.0,16.700000000000045,-101.56212
17208000.0,600,modelica,native,True,20.581661110461823,0.0,-0.0,16.700000000000045,-100.0641049814147
17211600.0,600,modelica,native,True,20.134314089188535,0.0,-0.0,16.700000000000045,19.31989415822233
17215200.0,600,modelica,native,True,20.373090442722514,0.0,-0.0,18.30000000000001,469.4795392650088
17218800.0,600,modelica,native,True,21.74698879575641,0.0,-0.0,21.100000000000023,879.7117057323917
17222400.0,600,modelica,native,True,23.679648767081915,0.0,-0.0,22.80000000000001,1233.988696798198
17226000.0,600,modelica,native,True,26.35589572389773,0.0,-0.0,23.900000000000034,1956.702511118233
17229600.0,600,modelica,native,True,27.000790913789615,0.0,428.6391973315345,26.700000000000045,2675.748325783988
17233200.0,600,modelica,native,True,27.000662664894605,0.0,1360.285488128132,28.30000000000001,3338.332711219296
17236800.0,600,modelica,native,True,27.00042664841851,0.0,2140.262377954589,30.0,3503.797747090842
17240400.0,600,modelica,native,True,27.000233013836407,0.0,2627.120592258241,31.700000000000045,3316.901870459103
17244000.0,600,modelica,native,True,26.999689130558636,0.0,2838.089720095529,30.600000000000023,2377.383276033906
17247600.0,600,modelica,native,True,26.999679881778206,0.0,2478.055450410313,28.30000000000001,1973.330992283656
17251200.0,600,modelica,native,True,26.9996072335411,0.0,2070.555006643931,25.0,1721.041371585998
17254800.0,600,modelica,native,True,26.999611355027525,0.0,1657.20751343939,27.200000000000045,745.8756143676925
17258400.0,600,modelica,native,True,26.999544672637,0.0,1166.039877825843,25.0,333.6733019987037
17262000.0,600,modelica,native,True,26.999469208798416,0.0,565.6300261963738,18.30000000000001,67.9323309808805
17265600.0,600,modelica,native,True,26.560756663618804,0.0,49.60640083948771,19.400000000000034,-99.51622867496496
17269200.0,600,modelica,native,True,25.351102709161637,0.0,-0.0,18.30000000000001,-101.56212
17272800.0,600,modelica,native,True,24.401273621271912,0.0,-0.0,18.900000000000034,-101.56212
17276400.0,600,modelica,native,True,23.714880326961122,0.0,-0.0,19.400000000000034,-101.56212
17280000.0,600,modelica,native,True,23.099598223034548,0.0,-0.0,18.900000000000034,-101.56212
17283600.0,600,modelica,native,True,22.562812724398043,0.0,-0.0,18.900000000000034,-101.56212
17287200.0,600,modelica,native,True,22.1210489051615,0.0,-0.0,18.900000000000034,-101.56212
17290800.0,600,modelica,native,True,21.472454561451514,0.0,-0.0,16.700000000000045,-101.56212
17294400.0,600,modelica,native,True,20.746160235471223,0.0,-0.0,16.100000000000023,-101.0035977683071
17298000.0,600,modelica,native,True,20.003799998375598,0.581182967821757,-0.0,15.0,55.77737182672856
17301600.0,600,modelica,native,True,20.20505676950222,14.50526499006483,-0.0,17.80000000000001,461.5422050786791
17305200.0,600,modelica,native,True,21.50991215520645,1.122739579942491e-05,-0.0,21.100000000000023,868.2240862475489
17308800.0,600,modelica,native,True,23.72637398926895,0.0,-0.0,23.900000000000034,1269.019143115743
17312400.0,600,modelica,native,True,26.689290608193403,0.0,-0.0,26.100000000000023,1856.440784307613
17316000.0,600,modelica,native,True,27.00081769181935,0.0,532.788558570544,27.80000000000001,2757.135129185657
17319600.0,600,modelica,native,True,27.000688000270543,0.0,1531.05390133063,30.600000000000023,3398.580997528437
17323200.0,600,modelica,native,True,27.000266660057832,0.0,2277.075133269628,30.0,3267.103169186101
17326800.0,600,modelica,native,True,27.000287559397805,0.0,2636.890797161526,31.100000000000023,3583.509427531385
17330400.0,600,modelica,native,True,26.99986698793583,0.0,2914.050331969261,30.600000000000023,2930.889853852579
17334000.0,600,modelica,native,True,26.999481993996937,0.0,2720.314404665099,29.400000000000034,1644.096198098183
17337600.0,600,modelica,native,True,26.99931260044474,0.0,1947.504494202402,19.400000000000034,1244.739013372325
17341200.0,600,modelica,native,True,26.999539238609998,0.0,1168.28967221313,19.400000000000034,839.582341294244
17344800.0,600,modelica,native,True,26.999578012431698,0.0,614.7609588983324,19.400000000000034,187.0863110861723
17348400.0,600,modelica,native,True,26.9610371334104,0.0,137.7071927966012,20.0,-34.54135937740533
17352000.0,600,modelica,native,True,25.952958649689947,0.0,-0.000192109213935,19.400000000000034,-98.34085598651352
17355600.0,600,modelica,native,True,24.941409510790038,0.0,-2.86102294921875e-08,18.900000000000034,-101.56212
17359200.0,600,modelica,native,True,24.08326156523674,0.0,-0.0,18.900000000000034,-101.56212
17362800.0,600,modelica,native,True,23.234422328673247,0.0,-0.0,17.80000000000001,-101.56212
17366400.0,600,modelica,native,True,22.550449821726147,0.0,-0.0,18.30000000000001,-101.56212
17370000.0,600,modelica,native,True,21.781660500111002,0.0,-0.0,16.700000000000045,-101.56212
17373600.0,600,modelica,native,True,21.0890446594222,0.0,-0.0,16.700000000000045,-101.56212
17377200.0,600,modelica,native,True,20.52166468559642,0.0,-0.0,16.700000000000045,-101.56212
17380800.0,600,modelica,native,True,20.115533337113334,0.0,-0.0,17.200000000000045,-101.4823851236928
17384400.0,600,modelica,native,True,19.999993450546697,23.10657540162405,-0.0,17.200000000000045,24.0103718007771
17388000.0,600,modelica,native,True,20.10880610635195,18.26920505576664,-0.0,17.80000000000001,333.0019211279475
17391600.0,600,modelica,native,True,21.117561072588103,0.0,-0.0,20.600000000000023,818.2127020508635
17395200.0,600,modelica,native,True,23.113590252768745,0.0,-0.0,21.100000000000023,1429.404783980035
17398800.0,600,modelica,native,True,25.976056587340338,0.0,-0.0,23.30000000000001,2240.169657112273
17402400.0,600,modelica,native,True,27.00091068594344,0.0,437.0816098525789,26.100000000000023,3133.389580312777
17406000.0,600,modelica,native,True,27.000630832283207,0.0,1499.563088115586,27.80000000000001,3520.810297692256
17409600.0,600,modelica,native,True,27.00027972143755,0.0,2214.088058567047,29.400000000000034,3233.361958874314
17413200.0,600,modelica,native,True,26.999937064141307,0.0,2511.628693053987,30.0,2607.842187188813
17416800.0,600,modelica,native,True,26.99984947969051,0.0,2421.46783525096,28.900000000000034,2304.914904706859
17420400.0,600,modelica,native,True,26.99984831705291,0.0,2230.435746338102,28.900000000000034,2062.187574768684
17424000.0,600,modelica,native,True,26.999762644471616,0.0,2040.977021838824,27.80000000000001,1751.608141075338
17427600.0,600,modelica,native,True,26.9995433501482,0.0,1736.829488838514,26.100000000000023,908.7659644014292
17431200.0,600,modelica,native,True,26.999526713869102,0.0,1191.709898978869,24.400000000000034,283.9231711271601
17434800.0,600,modelica,native,True,26.99961890085865,0.0,634.6479495069716,22.80000000000001,11.56646180292528
17438400.0,600,modelica,native,True,26.999771023938933,0.0,200.6721462975608,22.200000000000045,-101.56212
17442000.0,600,modelica,native,True,26.54359915964733,0.0,2.888211574024624,22.200000000000045,-101.56212
17445600.0,600,modelica,native,True,25.837297587318744,0.0,-0.0,21.100000000000023,-101.56212
17449200.0,600,modelica,native,True,25.130127002778238,0.0,-0.0,20.600000000000023,-101.56212
17452800.0,600,modelica,native,True,24.543537123706813,0.0,-0.0,20.600000000000023,-101.56212
17456400.0,600,modelica,native,True,23.971812958807845,0.0,-0.0,20.0,-101.56212
17460000.0,600,modelica,native,True,23.393312989415904,0.0,-0.0,19.400000000000034,-101.56212
17463600.0,600,modelica,native,True,22.7465988466123,0.0,-0.0,18.30000000000001,-101.56212
17467200.0,600,modelica,native,True,22.08732058920333,0.0,-0.0,17.80000000000001,-101.56212
17470800.0,600,modelica,native,True,21.538495159568242,0.0,-0.0,17.80000000000001,-57.40744854917696
17474400.0,600,modelica,native,True,21.40505381345031,0.0,-0.0,18.30000000000001,305.6726870922847
17478000.0,600,modelica,native,True,22.250774378672247,0.0,-0.0,20.0,889.0781565390208
17481600.0,600,modelica,native,True,23.937037046413195,0.0,-0.0,20.600000000000023,1351.320026519929
17485200.0,600,modelica,native,True,26.11210087941214,0.0,-0.0,22.200000000000045,1535.248298923441
17488800.0,600,modelica,native,True,27.00050911711901,0.0,144.9516902912987,22.80000000000001,1936.026556288994
17492400.0,600,modelica,native,True,27.000686994913508,0.0,791.1575730111864,24.400000000000034,3080.720356439191
17496000.0,600,modelica,native,True,27.00049560731094,0.0,1586.746460172335,26.100000000000023,3412.620246301186
17499600.0,600,modelica,native,True,26.99989800959071,0.0,2119.424368040297,28.30000000000001,2155.768170007659
17503200.0,600,modelica,native,True,26.999329014531725,0.0,1821.893207569652,18.900000000000034,1343.718897245222
17506800.0,600,modelica,native,True,26.999594562959317,0.0,1079.081853201654,17.200000000000045,1134.849010160493
17510400.0,600,modelica,native,True,26.99969164531973,0.0,596.3142559019725,16.700000000000045,860.8756267833949
17514000.0,600,modelica,native,True,26.99972247651715,0.0,228.1675313419766,16.100000000000023,550.1980885399998
17517600.0,600,modelica,native,True,26.125425810544016,0.0,4.603179211086697,15.0,200.4670957111492
17521200.0,600,modelica,native,True,24.617474016499898,0.0,-0.0,15.0,-74.71875339465713
17524800.0,600,modelica,native,True,23.1631188706657,0.0,-0.0,15.0,-98.96487403934566
17528400.0,600,modelica,native,True,21.872419044819935,0.0,-0.0,14.400000000000034,-101.56212
17532000.0,600,modelica,native,True,20.697218786394103,0.0,-0.0,13.900000000000034,-101.56212
17535600.0,600,modelica,native,True,20.000037401200927,19.25861389372084,-0.0,14.400000000000034,-101.56212
17539200.0,600,modelica,native,True,19.999907973746303,181.9976917865541,-0.0,14.400000000000034,-101.56212
17542800.0,600,modelica,native,True,19.999953622256612,290.573293331994,-0.0,14.400000000000034,-101.56212
17546400.0,600,modelica,native,True,19.99997676252832,345.010178595119,-0.0,14.400000000000034,-101.56212
17550000.0,600,modelica,native,True,19.999988039663208,372.4228247430589,-0.0,14.400000000000034,-101.56212
17553600.0,600,modelica,native,True,19.999972365828796,394.6631967963113,-0.0,13.900000000000034,-101.56212
17557200.0,600,modelica,native,True,20.000023292863204,410.7730938439899,-0.0,14.400000000000034,-50.3687542364261
17560800.0,600,modelica,native,True,20.000009425159703,396.0187997129228,-0.0,13.300000000000011,90.8684863762937
17564400.0,600,modelica,native,True,20.00007051976081,374.0982872687446,-0.0,13.300000000000011,245.6469197705468
17568000.0,600,modelica,native,True,20.00019575297904,275.4726241827011,-0.0,13.900000000000034,659.9563487061423
17571600.0,600,modelica,native,True,20.181461159593937,58.03052372402615,-0.0,14.400000000000034,958.0956107106412
17575200.0,600,modelica,native,True,20.94726539359533,0.0,-0.0,14.400000000000034,947.3464732096044
17578800.0,600,modelica,native,True,21.502092256123944,0.0,-0.0,13.900000000000034,1201.203530665498
17582400.0,600,modelica,native,True,22.744118152595547,0.0,-0.0,15.0,1494.289680764414
17586000.0,600,modelica,native,True,24.07567974062721,0.0,-0.0,16.100000000000023,1441.892379537516
17589600.0,600,modelica,native,True,25.38674087284204,0.0,-0.0,16.700000000000045,2186.679326814857
17593200.0,600,modelica,native,True,27.000079332236623,0.0,105.8845203166538,16.700000000000045,1860.35557848038
17596800.0,600,modelica,native,True,26.999791403996824,0.0,260.6210911978616,16.100000000000023,796.210549810941
17600400.0,600,modelica,native,True,26.77689750701154,0.0,41.97430019484626,16.100000000000023,471.737114785732
17604000.0,600,modelica,native,True,25.708981685428796,0.0,1.387066311306424e-06,15.600000000000023,219.0979980992
17607600.0,600,modelica,native,True,24.497350351890532,0.0,-5.298190646701389e-10,15.600000000000023,-0.2992206178953722
17611200.0,600,modelica,native,True,23.113284823210904,0.0,-0.0,15.0,-101.56212
17614800.0,600,modelica,native,True,21.89974492609764,0.0,-0.0,15.0,-101.56212
17618400.0,600,modelica,native,True,20.81117275865813,0.0,-0.0,14.400000000000034,-101.56212
17622000.0,600,modelica,native,True,20.001171509381095,6.957897882461548,-0.0,14.400000000000034,-101.56212
17625600.0,600,modelica,native,True,19.999898195018545,160.0264943716261,-0.0,14.400000000000034,-101.56212
17629200.0,600,modelica,native,True,19.99992757902652,288.0110637399885,-0.0,13.900000000000034,-101.56212
17632800.0,600,modelica,native,True,19.99997232497151,368.9988753313489,-0.0,13.900000000000034,-101.56212
17636400.0,600,modelica,native,True,20.000005208278708,397.2866922071245,-0.0,14.400000000000034,-101.56212
17640000.0,600,modelica,native,True,20.000001986049597,397.5871814187367,-0.0,14.400000000000034,-101.56212
17643600.0,600,modelica,native,True,20.000043626335696,387.1311164723502,-0.0,15.0,-50.55657610212064
17647200.0,600,modelica,native,True,20.000081583116526,336.0162938133876,-0.0,15.0,131.4669479231259
17650800.0,600,modelica,native,True,20.00033056982113,214.8659083022012,-0.0,16.100000000000023,818.6391700983686
17654400.0,600,modelica,native,True,21.319922750960302,6.544317223230998,-0.0,17.80000000000001,1133.6475494593
17658000.0,600,modelica,native,True,22.50866229905182,-6.993611653645833e-08,-0.0,17.80000000000001,1036.851363410246
17661600.0,600,modelica,native,True,23.78644541832125,0.0,-0.0,18.30000000000001,1271.783325635895
17665200.0,600,modelica,native,True,25.398094056691832,0.0,-0.0,20.0,1429.35778510253
17668800.0,600,modelica,native,True,26.82499163729841,0.0,-0.0,18.900000000000034,1489.373253174588
17672400.0,600,modelica,native,True,27.000169448026043,0.0,166.6231611257129,19.400000000000034,1442.773431690517
17676000.0,600,modelica,native,True,26.999985810101634,0.0,355.7351674890518,18.30000000000001,1299.573845067764
17679600.0,600,modelica,native,True,26.999922527372007,0.0,328.3489426072438,16.700000000000045,1215.762541516981
17683200.0,600,modelica,native,True,26.999930707266913,0.0,247.2298909600576,17.200000000000045,1008.224891149975
17686800.0,600,modelica,native,True,26.999913675218295,0.0,162.1592512199614,18.30000000000001,709.4440009168821
17690400.0,600,modelica,native,True,26.96538736963953,0.0,48.8321541235182,18.30000000000001,414.6815487921785
17694000.0,600,modelica,native,True,26.004580073094132,0.0,-0.0,17.200000000000045,5.765505654750299
17697600.0,600,modelica,native,True,24.567524206425105,0.0,-0.0,16.100000000000023,-100.6024976258196
17701200.0,600,modelica,native,True,23.20810443682541,0.0,-0.0,15.600000000000023,-101.56212
17704800.0,600,modelica,native,True,22.15733269353825,0.0,-0.0,16.100000000000023,-101.56212
17708400.0,600,modelica,native,True,21.1577644772006,0.0,-0.0,15.0,-101.56212
17712000.0,600,modelica,native,True,20.20002052760111,0.0,-0.0,14.400000000000034,-101.56212
17715600.0,600,modelica,native,True,19.999808924317108,123.4413247654173,-0.0,12.800000000000011,-101.56212
17719200.0,600,modelica,native,True,19.999909090658434,338.1039011176427,-0.0,12.800000000000011,-101.56212
17722800.0,600,modelica,native,True,19.999935761108645,452.1769845045937,-0.0,12.200000000000045,-101.56212
17726400.0,600,modelica,native,True,19.999970150386446,525.2830480882857,-0.0,12.200000000000045,-101.4722050173129
17730000.0,600,modelica,native,True,20.00001259112645,558.9537562190162,-0.0,12.200000000000045,-24.18034778362357
17733600.0,600,modelica,native,True,20.00014423977774,528.3505876387491,-0.0,12.800000000000011,243.2720725814933
17737200.0,600,modelica,native,True,20.000427060720597,329.1600088771184,-0.0,15.0,1051.675713283765
17740800.0,600,modelica,native,True,21.45790156206334,14.82356473710802,-0.0,17.200000000000045,1559.84153161296
17744400.0,600,modelica,native,True,23.78022895221693,0.0,-0.0,20.0,1954.643523995626
17748000.0,600,modelica,native,True,26.989432395208325,0.0,19.02227079073588,21.700000000000045,3098.254349049828
17751600.0,600,modelica,native,True,27.00085710086904,0.0,886.4532698424657,22.200000000000045,4073.230935402196
17755200.0,600,modelica,native,True,27.000581995147343,0.0,1857.302051437166,23.30000000000001,4356.050497874821
17758800.0,600,modelica,native,True,27.0000954553891,0.0,2496.35628226969,25.0,3639.047730205942
17762400.0,600,modelica,native,True,26.99918783455354,0.0,2472.320119411151,21.100000000000023,1649.920697883945
17766000.0,600,modelica,native,True,26.99927332479791,0.0,1478.970560180876,13.300000000000011,1138.789753283407
17769600.0,600,modelica,native,True,26.999930315289532,0.0,734.8717388709387,18.30000000000001,1342.462681724839
17773200.0,600,modelica,native,True,26.999934197477046,0.0,630.0727000141144,20.600000000000023,1160.677363206032
17776800.0,600,modelica,native,True,26.999722937512843,0.0,515.5882498815324,19.400000000000034,589.4693166907638
17780400.0,600,modelica,native,True,26.9828922601788,0.0,182.0875762319565,18.900000000000034,-26.58563367898775
17784000.0,600,modelica,native,True,25.660645985355814,0.0,-0.0,17.200000000000045,-99.45686098004563
17787600.0,600,modelica,native,True,24.167148743202006,0.0,-0.0,15.600000000000023,-101.56212
17791200.0,600,modelica,native,True,22.64018275984705,0.0,-0.0,13.900000000000034,-101.56212
17794800.0,600,modelica,native,True,21.44691115551734,0.0,-0.0,15.0,-101.56212
17798400.0,600,modelica,native,True,20.446848903916248,0.0,-0.0,14.400000000000034,-101.56212
17802000.0,600,modelica,native,True,19.999832309854128,56.1916987519794,-0.0,13.900000000000034,-101.56212
17805600.0,600,modelica,native,True,19.99988546432155,254.2619629367193,-0.0,13.300000000000011,-101.56212
17809200.0,600,modelica,native,True,19.999903385055006,397.916923801634,-0.0,12.200000000000045,-101.56212
17812800.0,600,modelica,native,True,19.999958630775495,500.4539304139879,-0.0,12.200000000000045,-101.5439583454839
17816400.0,600,modelica,native,True,20.000009527087116,558.1069391828113,-0.0,11.700000000000045,1.702283067641758
17820000.0,600,modelica,native,True,20.00026620603893,496.4747072341707,-0.0,13.900000000000034,472.9454652315319
17823600.0,600,modelica,native,True,20.015370415183725,179.4318707418442,-0.0,16.700000000000045,836.0995699685911
17827200.0,600,modelica,native,True,21.461534404393547,9.880065917968748e-06,-0.0,18.900000000000034,1309.436982818413
17830800.0,600,modelica,native,True,24.296252836431847,2.649095323350695e-09,-0.0,21.700000000000045,2212.854175391305
17834400.0,600,modelica,native,True,27.00015569544854,0.0,108.0665062766605,23.900000000000034,3142.030445515887
17838000.0,600,modelica,native,True,27.000762426894937,0.0,1157.18089621332,26.100000000000023,3660.520712774193
17841600.0,600,modelica,native,True,27.000014100145734,0.0,1972.050637574196,25.0,2801.363668437516
17845200.0,600,modelica,native,True,26.999983049765945,0.0,1985.324920100106,25.600000000000023,2408.007736467555
17848800.0,600,modelica,native,True,26.99975933406381,0.0,1942.453518404431,25.0,2019.065811865803
17852400.0,600,modelica,native,True,26.99933607848203,0.0,1475.534868439569,15.0,1221.243242499489
17856000.0,600,modelica,native,True,26.999842145936498,0.0,819.2761496199502,20.0,1089.822159095116
17859600.0,600,modelica,native,True,26.99987350300711,0.0,612.1123099634383,20.600000000000023,928.5185532287978
17863200.0,600,modelica,native,True,26.999793689445937,0.0,449.5865256897608,20.600000000000023,528.1768705448566
17866800.0,600,modelica,native,True,26.999699999462337,0.0,195.0483546230528,20.0,3.823709864608816
17870400.0,600,modelica,native,True,25.81553690046354,0.0,0.6216804451412625,17.200000000000045,-99.89815811045068
17874000.0,600,modelica,native,True,24.341902719888424,0.0,3.152423434787326e-07,16.100000000000023,-101.56212
17877600.0,600,modelica,native,True,23.03767120385561,0.0,-0.0,15.600000000000023,-101.56212
17881200.0,600,modelica,native,True,21.862183793636802,0.0,-0.0,15.0,-101.56212
17884800.0,600,modelica,native,True,20.718955771548224,0.0,-0.0,13.900000000000034,-101.56212
17888400.0,600,modelica,native,True,19.99989775736691,34.44151046911875,-0.0,13.300000000000011,-101.56212
17892000.0,600,modelica,native,True,19.999889734278213,243.2411821942859,-0.0,13.300000000000011,-101.56212
17895600.0,600,modelica,native,True,19.99992559798335,379.6400697056453,-0.0,12.800000000000011,-101.56212
17899200.0,600,modelica,native,True,19.99996579768691,462.8321796719233,-0.0,12.800000000000011,-101.56212
17902800.0,600,modelica,native,True,20.000004336777636,511.2777056312561,-0.0,12.200000000000045,17.05536852446303
17906400.0,600,modelica,native,True,20.000248406006335,461.9806558805042,-0.0,13.900000000000034,461.8822528264675
17910000.0,600,modelica,native,True,20.06492410170324,160.8308136139976,-0.0,17.200000000000045,874.1394045189357
17913600.0,600,modelica,native,True,21.836703456558837,1.141230265299479e-05,-0.0,20.600000000000023,1312.509879327227
17917200.0,600,modelica,native,True,24.768917974514807,2.119276258680556e-09,-0.0,22.80000000000001,2080.271322034403
17920800.0,600,modelica,native,True,27.000631807092702,0.0,143.9514652866787,23.900000000000034,2921.877274329664
17924400.0,600,modelica,native,True,27.000693099589,0.0,1128.980453563796,26.100000000000023,3450.292873946349
17928000.0,600,modelica,native,True,27.000508824736812,0.0,1910.962263289028,26.700000000000045,3808.195166161641
17931600.0,600,modelica,native,True,27.000223982950615,0.0,2492.04526485761,27.200000000000045,3766.883313533484
17935200.0,600,modelica,native,True,26.99989887350074,0.0,2735.163271112972,27.80000000000001,3007.485182228156
17938800.0,600,modelica,native,True,26.999721637796597,0.0,2592.954913099077,27.80000000000001,2285.755611757699
17942400.0,600,modelica,native,True,26.99959486879942,0.0,2246.466391112539,27.80000000000001,1451.886707904547
17946000.0,600,modelica,native,True,26.99963883221301,0.0,1771.60270658705,27.80000000000001,915.3242363464705
17949600.0,600,modelica,native,True,26.999638676313907,0.0,1322.425067419476,26.700000000000045,526.7800033917645
17953200.0,600,modelica,native,True,26.999633575141445,0.0,890.620963274108,25.600000000000023,63.46460830852209
17956800.0,600,modelica,native,True,26.999694634537434,0.0,460.0015348837111,23.900000000000034,-101.1466543939163
17960400.0,600,modelica,native,True,26.923048455125013,0.0,102.852793179618,21.700000000000045,-101.56212
17964000.0,600,modelica,native,True,25.902041412432936,0.0,-1.276334126790365e-06,19.400000000000034,-101.56212
17967600.0,600,modelica,native,True,24.87987690071651,0.0,-2.119276258680556e-09,18.900000000000034,-101.56212
17971200.0,600,modelica,native,True,23.964559764255625,0.0,-0.0,18.30000000000001,-101.56212
17974800.0,600,modelica,native,True,23.025140012892223,0.0,-0.0,17.200000000000045,-101.56212
17978400.0,600,modelica,native,True,22.05660160993483,0.0,-0.0,16.100000000000023,-101.56212
17982000.0,600,modelica,native,True,21.13803556637231,0.0,-0.0,15.600000000000023,-101.56212
17985600.0,600,modelica,native,True,20.28943624156483,0.0,-0.0,15.0,-101.490229637943
17989200.0,600,modelica,native,True,19.999885991343717,66.88955710623,-0.0,14.400000000000034,-4.240479069363783
17992800.0,600,modelica,native,True,20.000214251932846,137.4932705434163,-0.0,16.700000000000045,448.6382027658318
17996400.0,600,modelica,native,True,20.91952104340271,4.332397668096754,-0.0,19.400000000000034,895.2861478937589
18000000.0,600,modelica,native,True,22.954529955669727,8.879767523871528e-07,-0.0,22.200000000000045,1352.54829029679
18003600.0,600,modelica,native,True,26.144581497995944,0.0,-0.0,25.600000000000023,2202.958842086727
18007200.0,600,modelica,native,True,27.000943896793842,0.0,525.2655105426577,27.80000000000001,3158.352357229528
18010800.0,600,modelica,native,True,27.000718893767612,0.0,1638.400483184391,29.400000000000034,3787.610794847617
18014400.0,600,modelica,native,True,27.000448260936537,0.0,2466.931765200827,30.0,4023.186183128446
18018000.0,600,modelica,native,True,27.000194857469808,0.0,2991.44786924892,31.100000000000023,3852.510675772318
18021600.0,600,modelica,native,True,26.99990532709012,0.0,3191.85700208346,31.100000000000023,3255.406029764796
18025200.0,600,modelica,native,True,26.999657676406628,0.0,3052.973623240789,31.100000000000023,2327.472401998571
18028800.0,600,modelica,native,True,26.999564432841908,0.0,2646.589661444558,31.700000000000045,1408.183127974633
18032400.0,600,modelica,native,True,26.999598345457514,0.0,2126.294274716377,31.100000000000023,916.0752520661346
18036000.0,600,modelica,native,True,26.999623451743048,0.0,1642.768752482202,30.0,509.9145602041169
18039600.0,600,modelica,native,True,26.999586624435835,0.0,1179.431104354329,28.30000000000001,26.7603295963911
18043200.0,600,modelica,native,True,26.99963412507492,0.0,680.1041418769624,25.0,-101.3409498785177
18046800.0,600,modelica,native,True,26.999807429277496,0.0,266.6210206063589,23.900000000000034,-101.56212
18050400.0,600,modelica,native,True,26.999899925214038,0.0,56.14429896142747,24.400000000000034,-101.56212
18054000.0,600,modelica,native,True,26.568736399010447,0.0,0.0009491295284695,22.80000000000001,-101.56212
18057600.0,600,modelica,native,True,25.872827358397444,0.0,-0.0,21.100000000000023,-101.56212
18061200.0,600,modelica,native,True,25.00303276527484,0.0,-0.0,19.400000000000034,-101.56212
18064800.0,600,modelica,native,True,24.062873358062234,0.0,-0.0,18.30000000000001,-101.56212
18068400.0,600,modelica,native,True,23.015221226385734,0.0,-0.0,16.700000000000045,-101.56212
18072000.0,600,modelica,native,True,22.109893914647444,0.0,-0.0,16.700000000000045,-101.56212
18075600.0,600,modelica,native,True,21.38494198487001,0.0,-0.0,16.700000000000045,-9.408501315625756
18079200.0,600,modelica,native,True,21.1401494866318,0.0,-0.0,16.700000000000045,455.4963858746075
18082800.0,600,modelica,native,True,22.10808671605315,0.0,-0.0,20.0,899.1384868365917
18086400.0,600,modelica,native,True,24.114991501341706,0.0,-0.0,23.30000000000001,1360.724695327211
18090000.0,600,modelica,native,True,26.990852649886108,0.0,18.74433081997766,26.700000000000045,2230.14079879167
18093600.0,600,modelica,native,True,27.000890549924634,0.0,842.8806241967943,29.400000000000034,3189.892567196904
18097200.0,600,modelica,native,True,27.000697012135504,0.0,1884.536458098094,31.100000000000023,3840.167231832032
18100800.0,600,modelica,native,True,27.000426404290295,0.0,2691.314169632594,32.200000000000045,3990.84196366048
18104400.0,600,modelica,native,True,27.00019588376125,0.0,3187.729892777867,33.30000000000001,3844.123656724363
18108000.0,600,modelica,native,True,26.999895497327998,0.0,3387.433365346591,33.30000000000001,3237.13148053109
18111600.0,600,modelica,native,True,26.9996955059529,0.0,3242.59040427102,33.30000000000001,2416.63948542813
18115200.0,600,modelica,native,True,26.999572063431742,0.0,2867.838000979953,32.80000000000001,1634.194292348916
18118800.0,600,modelica,native,True,26.999584059779124,0.0,2372.524906030761,32.80000000000001,1002.961189987519
18122400.0,600,modelica,native,True,26.99953224194553,0.0,1857.666891501745,30.600000000000023,498.3507491763586
18126000.0,600,modelica,native,True,26.999556477636133,0.0,1312.236457644569,28.900000000000034,35.04876359925977
18129600.0,600,modelica,native,True,26.9995192559183,0.0,735.3266004716025,23.30000000000001,-101.56212
18133200.0,600,modelica,native,True,26.999789247008437,0.0,197.2385876088672,21.700000000000045,-101.56212
18136800.0,600,modelica,native,True,26.648558890249433,0.0,0.6487534221013387,23.30000000000001,-101.56212
18140400.0,600,modelica,native,True,26.129510705594043,0.0,-4.185570610894097e-08,22.200000000000045,-101.56212
18144000.0,600,modelica,native,True,25.415333138122833,0.0,-0.0,20.600000000000023,-101.56212
18147600.0,600,modelica,native,True,24.759417297931634,0.0,-0.0,20.600000000000023,-101.56212
18151200.0,600,modelica,native,True,24.06988821359255,0.0,-0.0,19.400000000000034,-101.56212
18154800.0,600,modelica,native,True,23.5415819323577,0.0,-0.0,20.0,-101.56212
18158400.0,600,modelica,native,True,22.89821383563782,0.0,-0.0,18.30000000000001,-101.5175928890787
18162000.0,600,modelica,native,True,22.12312143137865,0.0,-0.0,17.200000000000045,-11.06742636142542
18165600.0,600,modelica,native,True,22.112807613545215,0.0,-0.0,19.400000000000034,436.6084540607159
18169200.0,600,modelica,native,True,23.291236212764147,0.0,-0.0,22.200000000000045,856.1283048034181
18172800.0,600,modelica,native,True,25.3910295426802,0.0,-0.0,25.600000000000023,1179.917199907443
18176400.0,600,modelica,native,True,27.000691154656806,0.0,133.6211454190148,28.900000000000034,2009.280889440319
18180000.0,600,modelica,native,True,27.000867820026315,0.0,1078.762958429654,31.700000000000045,3147.972739877759
18183600.0,600,modelica,native,True,27.00075289799861,0.0,2070.847738502291,32.80000000000001,4034.825196729452
18187200.0,600,modelica,native,True,27.000370345332442,0.0,2931.57407406648,32.200000000000045,4299.505210061701
18190800.0,600,modelica,native,True,26.99977898889233,0.0,3181.862323218982,22.80000000000001,3910.053900090521
18194400.0,600,modelica,native,True,26.99999112048664,0.0,3013.53777639495,27.80000000000001,3476.166520117703
18198000.0,600,modelica,native,True,26.999499451807196,0.0,2940.931114931636,30.0,1910.599868890268
18201600.0,600,modelica,native,True,26.999449055039918,0.0,2346.210101539294,28.30000000000001,1061.105444819716
18205200.0,600,modelica,native,True,26.999651531512995,0.0,1709.471536153687,27.80000000000001,905.5502630560992
18208800.0,600,modelica,native,True,26.999630559898833,0.0,1280.886782972018,26.700000000000045,441.8782616889501
18212400.0,600,modelica,native,True,26.999648208190195,0.0,848.2608417087131,26.100000000000023,-24.20014555927081
18216000.0,600,modelica,native,True,26.999725334052414,0.0,435.8577147446738,24.400000000000034,-101.56212
18219600.0,600,modelica,native,True,26.963830836028535,0.0,109.0567259343465,22.200000000000045,-101.56212
18223200.0,600,modelica,native,True,26.12589117434294,0.0,-0.0,20.600000000000023,-101.56212
18226800.0,600,modelica,native,True,25.274084057070297,0.0,-0.0,20.0,-101.56212
18230400.0,600,modelica,native,True,24.3981383878903,0.0,-0.0,18.900000000000034,-101.56212
18234000.0,600,modelica,native,True,23.551037392743694,0.0,-0.0,18.30000000000001,-101.56212
18237600.0,600,modelica,native,True,22.764895870985697,0.0,-0.0,17.80000000000001,-101.56212
18241200.0,600,modelica,native,True,22.0177084254571,0.0,-0.0,17.200000000000045,-101.56212
18244800.0,600,modelica,native,True,21.229899246686443,0.0,-0.0,16.100000000000023,-101.56212
18248400.0,600,modelica,native,True,20.459982883345106,0.0,-0.0,15.600000000000023,-4.68641274351015
18252000.0,600,modelica,native,True,20.351950721818525,0.0,-0.0,16.700000000000045,427.8217165549655
18255600.0,600,modelica,native,True,21.193896455462436,0.0,-0.0,18.30000000000001,886.5741885321072
18259200.0,600,modelica,native,True,22.895283109606737,0.0,-0.0,20.600000000000023,1313.730856398252
18262800.0,600,modelica,native,True,25.62343391848492,0.0,-0.0,22.80000000000001,2212.507135760467
18266400.0,600,modelica,native,True,27.000907832441612,0.0,338.6389954068925,25.0,3118.726125577497
18270000.0,600,modelica,native,True,27.00076061592381,0.0,1391.794405609237,26.700000000000045,3850.153347098288
18273600.0,600,modelica,native,True,27.000544237441318,0.0,2293.439510999785,28.900000000000034,4153.758863996622
18277200.0,600,modelica,native,True,27.000229931200124,0.0,2901.904577771822,30.600000000000023,3834.395936805449
18280800.0,600,modelica,native,True,27.000030927890748,0.0,3174.998673139678,32.80000000000001,3353.980526682154
18284400.0,600,modelica,native,True,26.999680576302012,0.0,3176.246597588857,33.30000000000001,2312.352101929521
18288000.0,600,modelica,native,True,26.99964249363444,0.0,2791.349079024527,33.900000000000034,1520.473597531896
18291600.0,600,modelica,native,True,26.999514790808234,0.0,2308.229052110778,30.600000000000023,1046.786673732603
18295200.0,600,modelica,native,True,26.99957852893732,0.0,1759.990172309876,30.600000000000023,442.0831987014071
18298800.0,600,modelica,native,True,26.999580199843194,0.0,1244.394722130563,28.900000000000034,31.72960593388448
18302400.0,600,modelica,native,True,26.999669459266045,0.0,764.2090889173083,26.700000000000045,-101.4980279904639
18306000.0,600,modelica,native,True,26.99975825015764,0.0,369.8910704474979,24.400000000000034,-101.56212
18309600.0,600,modelica,native,True,26.999796513706713,0.0,93.53585088306004,23.5,-101.56212
18313200.0,600,modelica,native,True,26.528232636804205,0.0,-0.6812268013424344,22.700000000000045,-101.56212
18316800.0,600,modelica,native,True,25.93321656669093,0.0,-0.0,21.80000000000001,-101.56212
18320400.0,600,modelica,native,True,25.285138331456096,0.0,-0.0,20.900000000000034,-101.56212
18324000.0,600,modelica,native,True,24.59348324655781,0.0,-0.0,20.0,-101.56212
18327600.0,600,modelica,native,True,23.877650593580142,0.0,-0.0,19.200000000000045,-101.56212
18331200.0,600,modelica,native,True,23.1362388027585,0.0,-0.0,18.30000000000001,-101.56212
18334800.0,600,modelica,native,True,22.619046995090002,0.0,-0.0,19.400000000000034,-101.56212
18338400.0,600,modelica,native,True,22.12801930461154,0.0,-0.0,17.80000000000001,295.4762945637839
18342000.0,600,modelica,native,True,22.983871171467626,0.0,-0.0,20.600000000000023,687.5208393221425
18345600.0,600,modelica,native,True,23.822235541488112,0.0,-0.0,20.0,798.0205541923827
18349200.0,600,modelica,native,True,25.375625171804245,0.0,-0.0,21.700000000000045,1932.377781968996
18352800.0,600,modelica,native,True,27.000862433304917,0.0,234.3660315206316,21.700000000000045,3369.325477038128
18356400.0,600,modelica,native,True,27.0008071134622,0.0,1313.56797200044,26.100000000000023,3986.352310650735
18360000.0,600,modelica,native,True,27.00045730155165,0.0,2241.284840533998,27.0,4105.132628810419
18363600.0,600,modelica,native,True,27.000290178848047,0.0,2799.554958488146,28.0,4198.585754045578
18367200.0,600,modelica,native,True,26.999724647154096,0.0,3074.891153682603,28.0,2990.560852010543
18370800.0,600,modelica,native,True,26.999310319284234,0.0,2704.025656720267,29.0,1035.245904862133
18374400.0,600,modelica,native,True,26.999561073500047,0.0,1910.395987067223,29.0,689.00431848189
18378000.0,600,modelica,native,True,26.999672695428444,0.0,1363.791116703351,26.100000000000023,863.0094777231589
18381600.0,600,modelica,native,True,26.999514972376232,0.0,906.3059895335304,19.0,625.6722507813474
18385200.0,600,modelica,native,True,26.99962693427193,0.0,381.5592577330272,20.0,-5.147355571505894
18388800.0,600,modelica,native,True,26.229574417722404,0.0,27.51724947664473,18.0,-101.56212
18392400.0,600,modelica,native,True,24.97522265379041,0.0,-0.0,18.0,-101.56212
18396000.0,600,modelica,native,True,24.09931270966922,0.0,-0.0,19.0,-101.56212
18399600.0,600,modelica,native,True,23.248826023289496,0.0,-0.0,17.80000000000001,-101.56212
18403200.0,600,modelica,native,True,22.65815813616001,0.0,-0.0,19.0,-101.56212
18406800.0,600,modelica,native,True,22.235738751353836,0.0,-0.0,19.0,-101.56212
18410400.0,600,modelica,native,True,21.77833001333471,0.0,-0.0,18.30000000000001,-101.56212
18414000.0,600,modelica,native,True,21.213210128895525,0.0,-0.0,17.200000000000045,-101.56212
18417600.0,600,modelica,native,True,20.6881765953421,0.0,-0.0,17.200000000000045,-101.56212
18421200.0,600,modelica,native,True,20.346498939638707,0.0,-0.0,17.80000000000001,-101.56212
18424800.0,600,modelica,native,True,20.33884508327435,0.0,-0.0,18.900000000000034,320.1161874599744
18428400.0,600,modelica,native,True,21.605909777568,0.0,-0.0,20.0,924.9113949758008
18432000.0,600,modelica,native,True,23.612821527874416,0.0,-0.0,22.80000000000001,1359.324538282897
18435600.0,600,modelica,native,True,26.621142156308622,0.0,-0.0,24.400000000000034,2255.317714398231
18439200.0,600,modelica,native,True,27.00086844687644,0.0,601.4243283547296,26.700000000000045,3157.796259684284
18442800.0,600,modelica,native,True,27.000666077212998,0.0,1614.704466134707,27.200000000000045,3839.04306472216
18446400.0,600,modelica,native,True,27.000483749117734,0.0,2397.283888120651,28.900000000000034,4118.225449226105
18450000.0,600,modelica,native,True,27.000365413823715,0.0,2960.308660852114,30.600000000000023,4271.52835951605
18453600.0,600,modelica,native,True,26.999395878430107,0.0,3282.016216166284,30.0,2262.602838913422
18457200.0,600,modelica,native,True,26.9989683492675,0.0,2450.958446298705,21.700000000000045,567.192971662875
18460800.0,600,modelica,native,True,26.9994991364249,0.0,1293.177409623464,22.80000000000001,394.7823463660912
18464400.0,600,modelica,native,True,26.99975295409081,0.0,696.7601660410563,22.80000000000001,381.2001232676407
18468000.0,600,modelica,native,True,26.99995602290352,0.0,451.7727525870005,25.600000000000023,379.4493406643653
18471600.0,600,modelica,native,True,26.999723132181146,0.0,329.7637410359912,22.200000000000045,58.21067843522862
18475200.0,600,modelica,native,True,26.732447903133902,0.0,51.67293179988861,21.100000000000023,-101.56212
18478800.0,600,modelica,native,True,25.64192905799291,0.0,4.238552517361111e-09,18.900000000000034,-101.56212
18482400.0,600,modelica,native,True,24.876963986288843,0.0,-0.0,20.600000000000023,-101.56212
18486000.0,600,modelica,native,True,24.279541115377413,0.0,-0.0,20.0,-101.56212
18489600.0,600,modelica,native,True,23.49627318082213,0.0,-0.0,18.30000000000001,-101.56212
18493200.0,600,modelica,native,True,22.619261448601208,0.0,-0.0,17.200000000000045,-101.56212
18496800.0,600,modelica,native,True,21.85792603781215,0.0,-0.0,17.200000000000045,-101.56212
18500400.0,600,modelica,native,True,21.325261652448148,0.0,-0.0,17.80000000000001,-101.56212
18504000.0,600,modelica,native,True,20.614228192812845,0.0,-0.0,15.600000000000023,-101.56212
18507600.0,600,modelica,native,True,20.13926320219332,0.0,-0.0,17.200000000000045,-101.56212
18511200.0,600,modelica,native,True,20.000089978414337,28.8658974287245,-0.0,16.700000000000045,263.511687663363
18514800.0,600,modelica,native,True,20.96165525710785,3.647469078699748,-0.0,19.400000000000034,935.3356293353828
18518400.0,600,modelica,native,True,22.950107660801734,0.0,-0.0,21.700000000000045,1356.027891507068
18522000.0,600,modelica,native,True,25.885963987748426,0.0,-0.0,23.900000000000034,2189.533896620291
18525600.0,600,modelica,native,True,27.000945601472495,0.0,424.8080653773414,26.700000000000045,3143.2610736359
18529200.0,600,modelica,native,True,27.000755724788803,0.0,1539.147085556984,28.30000000000001,3871.677727571885
18532800.0,600,modelica,native,True,27.000526351776443,0.0,2418.391410470009,30.0,4155.890980648524
18536400.0,600,modelica,native,True,27.000235291854437,0.0,3019.489786533779,31.100000000000023,3997.472526719995
18540000.0,600,modelica,native,True,26.999923730415333,0.0,3272.552701013883,31.700000000000045,3332.231023896245
18543600.0,600,modelica,native,True,26.999683064817816,0.0,3157.923077003161,32.200000000000045,2386.99921922743
18547200.0,600,modelica,native,True,26.99956935557543,0.0,2773.559921334055,32.80000000000001,1449.655977452635
18550800.0,600,modelica,native,True,26.99959956561645,0.0,2266.702623055776,32.80000000000001,879.8613966333556
18554400.0,600,modelica,native,True,26.999607772703314,0.0,1783.623392451604,31.700000000000045,480.0144579180555
18558000.0,600,modelica,native,True,26.999532456528414,0.0,1285.952393462393,28.30000000000001,25.54833625604363
18561600.0,600,modelica,native,True,26.99969702680471,0.0,756.3190205685297,26.700000000000045,-101.56212
18565200.0,600,modelica,native,True,26.999830127639996,0.0,400.7553479295307,26.100000000000023,-101.56212
18568800.0,600,modelica,native,True,26.999895097223316,0.0,199.2296732807159,25.600000000000023,-101.56212
18572400.0,600,modelica,native,True,26.999923870886732,0.0,74.67177609602611,25.0,-101.56212
18576000.0,600,modelica,native,True,26.848856723711947,0.0,3.540290382703145,24.400000000000034,-101.56212
18579600.0,600,modelica,native,True,26.33485656832022,0.0,-0.0,22.200000000000045,-101.56212
18583200.0,600,modelica,native,True,25.585925235059108,0.0,-0.0,20.600000000000023,-101.56212
18586800.0,600,modelica,native,True,24.67924167441913,0.0,-0.0,18.900000000000034,-101.56212
18590400.0,600,modelica,native,True,23.82447932314443,0.0,-0.0,18.900000000000034,-101.56212
18594000.0,600,modelica,native,True,23.395513038928414,0.0,-0.0,20.600000000000023,-101.56212
18597600.0,600,modelica,native,True,23.091761092900697,0.0,-0.0,20.0,262.4384510918493
18601200.0,600,modelica,native,True,24.15150271886523,0.0,-0.0,22.200000000000045,980.87500534388
18604800.0,600,modelica,native,True,26.08381019476434,0.0,-0.0,23.900000000000034,1420.46303089707
18608400.0,600,modelica,native,True,27.000749710005095,0.0,259.4997860527039,26.700000000000045,2273.850674903213
18612000.0,600,modelica,native,True,27.00080622379204,0.0,1158.742344942623,29.400000000000034,3318.565501223428
18615600.0,600,modelica,native,True,27.000596590197347,0.0,2069.211837853326,29.400000000000034,4031.549527359016
18619200.0,600,modelica,native,True,27.0003840967982,0.0,2761.608855600887,30.0,4212.658800478039
18622800.0,600,modelica,native,True,27.000200120685008,0.0,3209.775595843527,31.100000000000023,4115.50515564479
18626400.0,600,modelica,native,True,26.99988299335763,0.0,3415.296382720735,31.100000000000023,3493.015373763406
18630000.0,600,modelica,native,True,26.9997291449385,0.0,3244.126942889955,32.200000000000045,2595.257603973641
18633600.0,600,modelica,native,True,26.99946047028743,0.0,2850.813704318471,31.700000000000045,1406.676384703426
18637200.0,600,modelica,native,True,26.999425349582737,0.0,2225.938426123725,31.700000000000045,467.9210977107541
18640800.0,600,modelica,native,True,26.99956751459871,0.0,1549.578040786849,30.0,213.1264724712943
18644400.0,600,modelica,native,True,26.999655953256422,0.0,1027.343249658479,27.80000000000001,47.71273001188102
18648000.0,600,modelica,native,True,26.99977367183385,0.0,631.2940795214971,27.200000000000045,-101.56212
18651600.0,600,modelica,native,True,26.999866582158404,0.0,364.6938915178511,26.700000000000045,-101.56212
18655200.0,600,modelica,native,True,26.999891443571244,0.0,197.1439973847071,25.600000000000023,-101.56212
18658800.0,600,modelica,native,True,26.99992607248072,0.0,72.36511689927843,25.0,-101.56212
18662400.0,600,modelica,native,True,26.84422712170101,0.0,3.40250381204817,24.400000000000034,-101.56212
18666000.0,600,modelica,native,True,26.611825485452243,0.0,-0.0,24.400000000000034,-101.56212
18669600.0,600,modelica,native,True,26.208203535578946,0.0,-0.0,22.80000000000001,-101.56212
18673200.0,600,modelica,native,True,25.72345816837901,0.0,-0.0,22.200000000000045,-101.56212
18676800.0,600,modelica,native,True,25.139465319332942,0.0,-0.0,21.100000000000023,-101.56212
18680400.0,600,modelica,native,True,24.629326509787234,0.0,-0.0,21.100000000000023,-101.56212
18684000.0,600,modelica,native,True,24.30358579223531,0.0,-0.0,21.100000000000023,310.7488342072389
18687600.0,600,modelica,native,True,25.408851353259195,0.0,-0.0,23.900000000000034,979.130916665618
18691200.0,600,modelica,native,True,26.999723276154214,0.0,49.94123935169644,27.200000000000045,1456.934529075286
18694800.0,600,modelica,native,True,27.000702576949436,0.0,700.9123390886518,29.400000000000034,2427.666860097354
18698400.0,600,modelica,native,True,27.000694556292217,0.0,1535.682804054684,31.100000000000023,3321.089239040954
18702000.0,600,modelica,native,True,27.00062227024364,0.0,2358.780391362508,33.30000000000001,3953.290772303298
18705600.0,600,modelica,native,True,27.00036136410074,0.0,3047.919535039266,32.80000000000001,4229.856475532438
18709200.0,600,modelica,native,True,27.000145262557623,0.0,3468.207654999097,33.30000000000001,4068.969928372252
18712800.0,600,modelica,native,True,26.999865340208714,0.0,3609.439308926794,33.30000000000001,3422.574465201999
18716400.0,600,modelica,native,True,26.999637515130928,0.0,3430.73175851504,33.900000000000034,2417.959953034715
18720000.0,600,modelica,native,True,26.999493933234817,0.0,2983.268541843626,33.900000000000034,1422.675371952144
18723600.0,600,modelica,native,True,26.999578223820436,0.0,2399.130989659627,33.30000000000001,914.1965501175546
18727200.0,600,modelica,native,True,26.99957813678344,0.0,1881.251765838199,32.200000000000045,460.0450346886823
18730800.0,600,modelica,native,True,26.999492611697235,0.0,1340.662451761564,28.30000000000001,-30.9929237024727
18734400.0,600,modelica,native,True,26.999715522613144,0.0,773.471268002722,27.200000000000045,-101.56212
18738000.0,600,modelica,native,True,26.999846480337112,0.0,446.1981626330482,27.200000000000045,-101.56212
18741600.0,600,modelica,native,True,26.999879342075644,0.0,261.5527971845203,26.100000000000023,-101.56212
18745200.0,600,modelica,native,True,26.999897107474908,0.0,117.1865679020352,25.0,-101.56212
18748800.0,600,modelica,native,True,26.744248799015395,0.0,10.60865444395277,23.30000000000001,-101.56212
18752400.0,600,modelica,native,True,26.33562924404214,0.0,1.610649956597222e-07,23.30000000000001,-101.56212
18756000.0,600,modelica,native,True,26.002378567042115,0.0,-0.0,23.30000000000001,-101.56212
18759600.0,600,modelica,native,True,25.67324080257555,0.0,-0.0,22.80000000000001,-101.56212
18763200.0,600,modelica,native,True,25.21897214244541,0.0,-0.0,21.700000000000045,-101.56212
18766800.0,600,modelica,native,True,24.692908500778742,0.0,-0.0,21.100000000000023,-101.56212
18770400.0,600,modelica,native,True,24.41411954193194,0.0,-0.0,21.700000000000045,231.7907526470029
18774000.0,600,modelica,native,True,25.233708796572046,0.0,-0.0,22.200000000000045,960.9881527910502
18777600.0,600,modelica,native,True,26.991263238871795,0.0,6.659933585590786,24.400000000000034,1557.556472047358
18781200.0,600,modelica,native,True,27.000662715785722,0.0,510.9485487927331,25.600000000000023,2499.229307003865
18784800.0,600,modelica,native,True,27.0007778867851,0.0,1337.234539493985,29.0,3504.921812836388
18788400.0,600,modelica,native,True,27.00064145125873,0.0,2239.816027909385,31.100000000000023,4131.566737688266
18792000.0,600,modelica,native,True,27.00042294755434,0.0,2988.638308098581,32.200000000000045,4373.083976641044
18795600.0,600,modelica,native,True,27.000197928364912,0.0,3486.644506806797,33.30000000000001,4215.552419188469
18799200.0,600,modelica,native,True,26.999846403516017,0.0,3660.601082722876,31.700000000000045,3748.424499532868
18802800.0,600,modelica,native,True,26.999214364787804,0.0,3420.858772636519,28.30000000000001,2074.235942238012
18806400.0,600,modelica,native,True,26.998960482337395,0.0,2458.119849964248,22.200000000000045,616.0855681808291
18810000.0,600,modelica,native,True,26.9993976528757,0.0,1313.869857259326,22.80000000000001,170.5240768173885
18813600.0,600,modelica,native,True,26.999627501139912,0.0,570.6415232759052,20.0,189.9095508944681
18817200.0,600,modelica,native,True,26.999810036511235,0.0,143.2451853042179,21.100000000000023,39.32748202002367
18820800.0,600,modelica,native,True,26.47705165546614,0.0,1.590192052523295,21.700000000000045,-101.56212
18824400.0,600,modelica,native,True,25.700489331295046,0.0,1.589457194010417e-09,20.600000000000023,-101.56212
18828000.0,600,modelica,native,True,24.84255324529073,0.0,-0.0,19.400000000000034,-101.56212
18831600.0,600,modelica,native,True,24.156800618217403,0.0,-0.0,20.0,-101.56212
18835200.0,600,modelica,native,True,23.475236500733445,0.0,-0.0,18.900000000000034,-101.56212
18838800.0,600,modelica,native,True,22.939944612687896,0.0,-0.0,19.400000000000034,-101.56212
18842400.0,600,modelica,native,True,22.522251465888246,0.0,-0.0,19.400000000000034,-101.56212
18846000.0,600,modelica,native,True,22.25882650036465,0.0,-0.0,20.0,-101.56212
18849600.0,600,modelica,native,True,21.7101845812968,0.0,-0.0,17.200000000000045,-101.56212
18853200.0,600,modelica,native,True,20.989708311484947,0.0,-0.0,16.700000000000045,-101.56212
18856800.0,600,modelica,native,True,20.97022742722703,0.0,-0.0,20.0,258.751342027539
18860400.0,600,modelica,native,True,22.173505353069004,0.0,-0.0,20.600000000000023,924.9424011661116
18864000.0,600,modelica,native,True,24.087810052928603,0.0,-0.0,22.200000000000045,1466.559495289232
18867600.0,600,modelica,native,True,26.988540153287033,0.0,14.6545824209849,25.0,2458.050918466026
18871200.0,600,modelica,native,True,27.00090608288332,0.0,830.1916171677907,27.200000000000045,3466.335658730937
18874800.0,600,modelica,native,True,27.000797692939045,0.0,1922.478652180036,31.100000000000023,4098.647944762515
18878400.0,600,modelica,native,True,27.00049420349353,0.0,2835.703046602143,32.80000000000001,4327.615841404088
18882000.0,600,modelica,native,True,27.000265969508803,0.0,3400.692273362477,32.200000000000045,4455.372773463537
18885600.0,600,modelica,native,True,26.999695206535648,0.0,3680.179291756948,33.900000000000034,3040.249544592556
18889200.0,600,modelica,native,True,26.999624776677138,0.0,3315.44929511865,33.30000000000001,2240.271597715958
18892800.0,600,modelica,native,True,26.999587122249523,0.0,2851.662631758054,32.80000000000001,1666.495297653893
18896400.0,600,modelica,native,True,26.999476000111997,0.0,2319.80862171544,30.600000000000023,898.0930886974027
18900000.0,600,modelica,native,True,26.999568474443606,0.0,1711.455642378065,30.0,431.707477628706
18903600.0,600,modelica,native,True,26.999544447837422,0.0,1186.869227009349,27.80000000000001,2.658024077872781
18907200.0,600,modelica,native,True,26.999616049107715,0.0,651.4640411392847,24.400000000000034,-101.56212
18910800.0,600,modelica,native,True,26.999760188279197,0.0,203.4463597800997,22.200000000000045,-101.56212
18914400.0,600,modelica,native,True,26.526108747881096,0.0,2.245943550003899,22.200000000000045,-101.56212
18918000.0,600,modelica,native,True,25.89993658793793,0.0,4.238552517361111e-09,21.700000000000045,-101.56212
18921600.0,600,modelica,native,True,25.36223054941604,0.0,-0.0,21.700000000000045,-101.56212
18925200.0,600,modelica,native,True,24.853288516640248,0.0,-0.0,21.100000000000023,-101.56212
18928800.0,600,modelica,native,True,24.166898199863624,0.0,-0.0,19.400000000000034,-101.56212
18932400.0,600,modelica,native,True,23.440109052873822,0.0,-0.0,18.900000000000034,-101.56212
18936000.0,600,modelica,native,True,22.993944971211533,0.0,-0.0,20.0,-101.56212
18939600.0,600,modelica,native,True,22.367892745302697,0.0,-0.0,17.80000000000001,-101.56212
18943200.0,600,modelica,native,True,21.9621601327558,0.0,-0.0,18.900000000000034,269.4619559452965
18946800.0,600,modelica,native,True,23.009777379834702,0.0,-0.0,21.100000000000023,922.4092881739808
18950400.0,600,modelica,native,True,25.031301889855115,0.0,-0.0,23.900000000000034,1415.86609677567
18954000.0,600,modelica,native,True,27.000394631031213,0.0,104.2943937079112,26.100000000000023,2362.095537398467
18957600.0,600,modelica,native,True,27.000839538071432,0.0,1008.994367774328,27.80000000000001,3432.028784238903
18961200.0,600,modelica,native,True,27.00076309647693,0.0,2008.844431334601,30.600000000000023,4217.008066725286
18964800.0,600,modelica,native,True,27.0004861356515,0.0,2886.805665398174,31.700000000000045,4499.898060607317
18968400.0,600,modelica,native,True,27.0002111054132,0.0,3441.994942424562,32.200000000000045,4339.039133507707
18972000.0,600,modelica,native,True,26.999926019344628,0.0,3659.193239303165,33.30000000000001,3656.748706812389
18975600.0,600,modelica,native,True,26.9995668874152,0.0,3502.785104769601,31.700000000000045,2618.105730276338
18979200.0,600,modelica,native,True,26.9994791419918,0.0,2997.205696073108,32.200000000000045,1566.336172619791
18982800.0,600,modelica,native,True,26.99949039244615,0.0,2366.322029607561,31.100000000000023,948.959464587232
18986400.0,600,modelica,native,True,26.999381919372695,0.0,1715.881322139634,26.700000000000045,367.2506192883378
18990000.0,600,modelica,native,True,26.9995491610656,0.0,1022.733366507424,26.100000000000023,-85.4791570048742
18993600.0,600,modelica,native,True,26.999663054784946,0.0,463.1489507632785,22.80000000000001,-101.56212
18997200.0,600,modelica,native,True,26.914971956027898,0.0,80.7153172885047,22.200000000000045,-101.56212
19000800.0,600,modelica,native,True,26.25799159544755,0.0,2.477963765462239e-06,21.700000000000045,-101.56212
19004400.0,600,modelica,native,True,25.42864221421894,0.0,3.178914388020834e-09,20.0,-101.56212
19008000.0,600,modelica,native,True,24.44538831552734,0.0,-0.0,18.30000000000001,-101.56212
19011600.0,600,modelica,native,True,23.6181770357731,0.0,-0.0,18.900000000000034,-101.56212
19015200.0,600,modelica,native,True,23.005467393964295,0.0,-0.0,18.900000000000034,-101.56212
19018800.0,600,modelica,native,True,22.4048526394468,0.0,-0.0,18.30000000000001,-101.56212
19022400.0,600,modelica,native,True,21.88756044613484,0.0,-0.0,18.30000000000001,-101.56212
19026000.0,600,modelica,native,True,21.393145491380096,0.0,-0.0,17.80000000000001,-101.56212
19029600.0,600,modelica,native,True,20.90612616195841,0.0,-0.0,17.200000000000045,17.31494770945913
19033200.0,600,modelica,native,True,20.809174482760397,0.0,-0.0,17.200000000000045,227.246214596882
19036800.0,600,modelica,native,True,20.796890491599413,0.0,-0.0,16.100000000000023,373.6488020484227
19040400.0,600,modelica,native,True,20.898174922755004,0.0,-0.0,15.600000000000023,518.801980944373
19044000.0,600,modelica,native,True,21.168637766680206,0.0,-0.0,15.600000000000023,647.6142322364069
19047600.0,600,modelica,native,True,21.44230757264353,0.0,-0.0,14.400000000000034,839.4822372012696
19051200.0,600,modelica,native,True,22.00911337426362,0.0,-0.0,14.400000000000034,1256.627174998587
19054800.0,600,modelica,native,True,23.493851820573127,0.0,-0.0,17.200000000000045,1296.34500894839
19058400.0,600,modelica,native,True,24.509768621036244,0.0,-0.0,17.200000000000045,1712.780976375194
19062000.0,600,modelica,native,True,26.769415023572435,0.0,-0.0,18.30000000000001,1786.576519805915
19065600.0,600,modelica,native,True,27.00010521027974,0.0,151.3955191214879,18.900000000000034,1266.79347424176
19069200.0,600,modelica,native,True,26.999872185531842,0.0,262.0310600921843,18.900000000000034,725.5415564575025
19072800.0,600,modelica,native,True,26.94550874310835,0.0,105.1045216035843,18.900000000000034,82.6913572335178
19076400.0,600,modelica,native,True,25.816026870326198,0.0,2.74409188164605e-05,18.30000000000001,-93.7288539691509
19080000.0,600,modelica,native,True,24.558483076994037,0.0,6.357828776041667e-09,17.200000000000045,-101.56212
19083600.0,600,modelica,native,True,23.402989678454333,0.0,-0.0,16.700000000000045,-101.56212
19087200.0,600,modelica,native,True,22.29730307073254,0.0,-0.0,15.600000000000023,-101.56212
19090800.0,600,modelica,native,True,20.915469791827718,0.0,-0.0,12.800000000000011,-101.56212
19094400.0,600,modelica,native,True,20.000236838841545,19.25122799237569,-0.0,13.300000000000011,-101.56212
19098000.0,600,modelica,native,True,19.999908178317014,207.3484699085024,-0.0,13.900000000000034,-101.56212
19101600.0,600,modelica,native,True,19.999949973507114,322.8702275461621,-0.0,13.900000000000034,-101.56212
19105200.0,600,modelica,native,True,19.999986676030403,372.5797786352369,-0.0,14.400000000000034,-101.56212
19108800.0,600,modelica,native,True,19.999968912885095,393.4933223692576,-0.0,13.900000000000034,-101.56212
19112400.0,600,modelica,native,True,19.99996369408683,431.5137890137567,-0.0,13.300000000000011,-101.56212
19116000.0,600,modelica,native,True,20.0000481688366,458.3663701184591,-0.0,13.900000000000034,-34.04757829521658
19119600.0,600,modelica,native,True,20.00014671407871,378.0391527922948,-0.0,15.600000000000023,180.7691680789318
19123200.0,600,modelica,native,True,20.000142557597997,222.3724227333069,-0.0,15.0,490.5369655011333
19126800.0,600,modelica,native,True,20.435400259876303,49.37444612238142,-0.0,15.600000000000023,1794.75129291442
19130400.0,600,modelica,native,True,24.469683839688344,0.0,-0.0,18.30000000000001,3710.324733476788
19134000.0,600,modelica,native,True,27.001210312004105,0.0,371.7816641638014,21.700000000000045,4542.658393117514
19137600.0,600,modelica,native,True,27.00046452141953,0.0,1723.734234232903,22.80000000000001,4055.533360653848
19141200.0,600,modelica,native,True,26.99977622541951,0.0,2164.365047185156,22.80000000000001,2462.272020864062
19144800.0,600,modelica,native,True,27.00031549757273,0.0,1997.41454972691,25.0,3366.309790744528
19148400.0,600,modelica,native,True,26.99995948247124,0.0,2226.242088860936,26.100000000000023,2746.56942317944
19152000.0,600,modelica,native,True,26.999399614646904,0.0,2139.595828832521,26.100000000000023,1043.826303401976
19155600.0,600,modelica,native,True,26.999275258376542,0.0,1399.826732948091,21.700000000000045,175.8123328250209
19159200.0,600,modelica,native,True,26.999561032567897,0.0,578.9674769544602,20.0,98.011018978302
19162800.0,600,modelica,native,True,26.547700191984916,0.0,80.4392727830675,17.200000000000045,-36.54390992591474
19166400.0,600,modelica,native,True,25.137752173453748,0.0,-0.0,17.200000000000045,-101.56212
19170000.0,600,modelica,native,True,23.804206898578116,0.0,-0.0,16.100000000000023,-101.56212
19173600.0,600,modelica,native,True,22.57960908191484,0.0,-0.0,15.600000000000023,-101.56212
19177200.0,600,modelica,native,True,21.562880479340095,0.0,-0.0,15.600000000000023,-101.56212
19180800.0,600,modelica,native,True,20.72865602759873,0.0,-0.0,15.600000000000023,-101.56212
19184400.0,600,modelica,native,True,20.002724621623543,2.428725423812866,-0.0,15.0,-101.56212
19188000.0,600,modelica,native,True,19.999880639341313,140.9450649722417,-0.0,14.400000000000034,-101.56212
19191600.0,600,modelica,native,True,19.99994313610233,272.0969609896342,-0.0,14.400000000000034,-101.56212
19195200.0,600,modelica,native,True,19.99992318327145,368.5457234361436,-0.0,12.800000000000011,-101.56212
19198800.0,600,modelica,native,True,19.999989144690346,450.7112001604504,-0.0,13.300000000000011,-101.56212
19202400.0,600,modelica,native,True,20.00010160013494,457.7497337664498,-0.0,13.900000000000034,131.3689146426949
19206000.0,600,modelica,native,True,20.0003717002582,303.4127136098014,-0.0,15.0,917.308615548818
19209600.0,600,modelica,native,True,21.254940337356402,16.15085579183367,-0.0,17.80000000000001,1626.457348966824
19213200.0,600,modelica,native,True,24.3499242483079,0.0,-0.0,20.600000000000023,2537.851140234629
19216800.0,600,modelica,native,True,27.000699971197548,0.0,165.140504743788,22.80000000000001,3518.461094965636
19220400.0,600,modelica,native,True,27.000865889445606,0.0,1298.378420191871,25.0,4254.416775133101
19224000.0,600,modelica,native,True,27.000572734747834,0.0,2299.35069530487,26.700000000000045,4535.00009236861
19227600.0,600,modelica,native,True,27.000322006411636,0.0,2980.072630287806,28.30000000000001,4494.781578573253
19231200.0,600,modelica,native,True,26.999963290668347,0.0,3325.663184780015,29.400000000000034,3795.278515903391
19234800.0,600,modelica,native,True,26.999631678228297,0.0,3243.434756700728,29.400000000000034,2727.193949472613
19238400.0,600,modelica,native,True,26.999439250083412,0.0,2786.01479265319,28.30000000000001,1690.952042282486
19242000.0,600,modelica,native,True,26.9994219062703,0.0,2110.565608255598,26.700000000000045,909.7990412258704
19245600.0,600,modelica,native,True,26.999564924611946,0.0,1463.975127653546,27.200000000000045,401.3887593398038
19249200.0,600,modelica,native,True,26.999527908975836,0.0,904.9894246843126,23.900000000000034,-17.76481907532546
19252800.0,600,modelica,native,True,26.999707977759897,0.0,369.4397308598624,22.80000000000001,-101.56212
19256400.0,600,modelica,native,True,26.764105387679308,0.0,46.73145060168373,21.700000000000045,-101.56212
19260000.0,600,modelica,native,True,25.931145875079324,0.0,-1.011424594455295e-06,20.600000000000023,-101.56212
19263600.0,600,modelica,native,True,25.1979362138768,0.0,-0.0,20.600000000000023,-101.56212
19267200.0,600,modelica,native,True,24.294342340521496,0.0,-0.0,18.30000000000001,-101.56212
19270800.0,600,modelica,native,True,23.26273835723714,0.0,-0.0,17.200000000000045,-101.56212
19274400.0,600,modelica,native,True,22.628133743982744,0.0,-0.0,18.900000000000034,-101.56212
19278000.0,600,modelica,native,True,22.128100380986098,0.0,-0.0,18.30000000000001,-101.56212
19281600.0,600,modelica,native,True,21.34267902788372,0.0,-0.0,16.100000000000023,-101.56212
19285200.0,600,modelica,native,True,20.69051179048995,0.0,-0.0,16.700000000000045,-101.56212
19288800.0,600,modelica,native,True,20.179623685249908,0.0,-0.0,16.100000000000023,285.1627214417993
19292400.0,600,modelica,native,True,21.12018058591491,0.0,-0.0,18.900000000000034,900.1046551932461
19296000.0,600,modelica,native,True,23.237913881614134,0.0,-0.0,22.80000000000001,1500.873754367573
19299600.0,600,modelica,native,True,26.490272282049943,0.0,-0.0,23.30000000000001,2587.482880725346
19303200.0,600,modelica,native,True,27.00095703792374,0.0,622.2120965353648,25.0,3642.048041965721
19306800.0,600,modelica,native,True,27.00079558435715,0.0,1773.343830542564,27.80000000000001,4351.096933842218
19310400.0,600,modelica,native,True,27.00048426154774,0.0,2680.499558679793,28.30000000000001,4622.457158116667
19314000.0,600,modelica,native,True,27.000219984589535,0.0,3242.49568652206,29.400000000000034,4429.224171344561
19317600.0,600,modelica,native,True,26.99988823512325,0.0,3466.856096517775,30.0,3704.445501944416
19321200.0,600,modelica,native,True,26.999639004999835,0.0,3321.695979542203,30.0,2749.738160712556
19324800.0,600,modelica,native,True,26.999496778282605,0.0,2881.839215370814,30.0,1681.054022729182
19328400.0,600,modelica,native,True,26.9995121776347,0.0,2286.979875145488,30.0,958.1707678127148
19332000.0,600,modelica,native,True,26.999501591681735,0.0,1688.549702652296,28.900000000000034,371.7212707962884
19335600.0,600,modelica,native,True,26.9995074988218,0.0,1081.2839786058,25.600000000000023,-22.07363916285453
19339200.0,600,modelica,native,True,26.999672025156315,0.0,520.0485237614314,23.900000000000034,-101.56212
19342800.0,600,modelica,native,True,26.967451354052002,0.0,128.9976669915517,21.700000000000045,-101.56212
19346400.0,600,modelica,native,True,26.0392265068852,0.0,5.781385633680556e-06,20.0,-101.56212
19350000.0,600,modelica,native,True,25.032307280964744,0.0,2.59611341688368e-08,18.900000000000034,-101.56212
19353600.0,600,modelica,native,True,24.010615986946505,0.0,-0.0,17.80000000000001,-101.56212
19357200.0,600,modelica,native,True,22.97538093991193,0.0,-0.0,16.700000000000045,-101.56212
19360800.0,600,modelica,native,True,21.987382715063234,0.0,-0.0,16.100000000000023,-101.56212
19364400.0,600,modelica,native,True,21.089318651999747,0.0,-0.0,15.600000000000023,-101.56212
19368000.0,600,modelica,native,True,20.392048395860797,0.0,-0.0,16.100000000000023,-101.56212
19371600.0,600,modelica,native,True,19.999889396279627,31.37465718428294,-0.0,15.0,-101.56212
19375200.0,600,modelica,native,True,20.000114364633532,165.9052138529883,-0.0,15.600000000000023,297.8935157476971
19378800.0,600,modelica,native,True,20.50350968726815,44.40886056105296,-0.0,17.200000000000045,1024.716182434003
19382400.0,600,modelica,native,True,22.2757879520762,0.0,-0.0,19.400000000000034,1600.639261760298
19386000.0,600,modelica,native,True,25.56587139549123,0.0,-0.0,21.700000000000045,2702.394728455271
19389600.0,600,modelica,native,True,27.000976958041406,0.0,403.4069140577316,23.30000000000001,3630.475311875706
19393200.0,600,modelica,native,True,27.000985315603202,0.0,1615.742335718473,27.80000000000001,4606.785038585542
19396800.0,600,modelica,native,True,27.000177330116742,0.0,2688.3784783766,28.30000000000001,3976.719583944592
19400400.0,600,modelica,native,True,26.999880996828836,0.0,2833.542720639441,23.0,3744.436359845264
19404000.0,600,modelica,native,True,26.99935734134891,0.0,2671.051313604249,20.600000000000023,2334.897405310051
19407600.0,600,modelica,native,True,26.999709287799135,0.0,2008.178034256829,25.0,1516.293525389776
19411200.0,600,modelica,native,True,26.999576872705006,0.0,1604.112088951535,25.0,1018.762730842544
19414800.0,600,modelica,native,True,26.99947746319424,0.0,1110.892187990612,23.0,169.4843982336984
19418400.0,600,modelica,native,True,26.999704055035238,0.0,513.7050978522831,22.200000000000045,140.4938907231496
19422000.0,600,modelica,native,True,26.99825904042524,0.0,148.7430326588949,20.600000000000023,1.126120730745619
19425600.0,600,modelica,native,True,26.109907780232334,0.0,2.205636766221788e-05,20.0,-101.56212
19429200.0,600,modelica,native,True,25.243712233028305,0.0,-1.9073486328125e-07,20.0,-101.56212
19432800.0,600,modelica,native,True,24.45875969092384,0.0,5.298190646701389e-10,19.400000000000034,-101.56212
19436400.0,600,modelica,native,True,23.539862589687345,0.0,-0.0,17.80000000000001,-101.56212
19440000.0,600,modelica,native,True,22.73369147917873,0.0,-0.0,17.80000000000001,-101.56212
19443600.0,600,modelica,native,True,22.0720792807042,0.0,-0.0,17.80000000000001,-101.56212
19447200.0,600,modelica,native,True,21.524929103168347,0.0,-0.0,17.80000000000001,-101.56212
19450800.0,600,modelica,native,True,21.072446940782413,0.0,-0.0,17.80000000000001,-101.56212
19454400.0,600,modelica,native,True,20.770442506343898,0.0,-0.0,18.30000000000001,-101.56212
19458000.0,600,modelica,native,True,20.397467002894132,0.0,-0.0,17.200000000000045,-101.56212
19461600.0,600,modelica,native,True,20.04550922036225,0.0,-0.0,16.700000000000045,310.4901523340884
19465200.0,600,modelica,native,True,20.937335205021043,0.0,-0.0,17.80000000000001,945.004416351428
19468800.0,600,modelica,native,True,22.64199370459363,0.0,-0.0,19.400000000000034,1591.36860600834
19472400.0,600,modelica,native,True,25.637266426496637,0.0,-0.0,21.100000000000023,2088.176166971549
19476000.0,600,modelica,native,True,27.00080601485564,0.0,116.9484986008538,21.700000000000045,2979.354362008375
19479600.0,600,modelica,native,True,27.00060147166772,0.0,1155.683886843257,23.900000000000034,3585.104894192978
19483200.0,600,modelica,native,True,26.999783400188846,0.0,1776.075802320904,23.30000000000001,1976.459448567959
19486800.0,600,modelica,native,True,27.00007092219471,0.0,1596.565396670765,24.400000000000034,2299.412649763443
19490400.0,600,modelica,native,True,26.999952129065832,0.0,1626.844936336941,22.80000000000001,2346.304183542248
19494000.0,600,modelica,native,True,26.999601172364123,0.0,1533.158410798709,23.30000000000001,1050.537315505452
19497600.0,600,modelica,native,True,26.999810257849617,0.0,1096.561802189085,25.0,786.9257077506085
19501200.0,600,modelica,native,True,26.9997817721042,0.0,815.3205429061254,21.700000000000045,913.8462359774452
19504800.0,600,modelica,native,True,26.999696417535347,0.0,564.9836194223827,21.100000000000023,364.5528850526123
19508400.0,600,modelica,native,True,26.999676518686215,0.0,204.9326729387707,20.0,-56.05176461905937
19512000.0,600,modelica,native,True,25.744979344100443,0.0,0.0455680555767483,17.200000000000045,-101.56212
19515600.0,600,modelica,native,True,24.593424798108515,0.0,-4.031923082139757e-07,18.30000000000001,-101.56212
19519200.0,600,modelica,native,True,23.63499014396615,0.0,8.726119995117188e-07,17.80000000000001,-101.56212
19522800.0,600,modelica,native,True,22.732840751825336,0.0,-0.0,17.200000000000045,-101.56212
19526400.0,600,modelica,native,True,22.099488337084495,0.0,-0.0,18.30000000000001,-101.56212
19530000.0,600,modelica,native,True,21.65647069081865,0.0,-0.0,18.30000000000001,-101.56212
19533600.0,600,modelica,native,True,21.11753906551445,0.0,-0.0,17.200000000000045,-101.56212
19537200.0,600,modelica,native,True,20.628193834678427,0.0,-0.0,17.200000000000045,-101.56212
19540800.0,600,modelica,native,True,20.06783694300725,0.0,-0.0,16.100000000000023,-101.56212
19544400.0,600,modelica,native,True,19.99992514979965,70.2158705610699,-0.0,16.100000000000023,-101.56212
19548000.0,600,modelica,native,True,20.000065940818445,154.1551921934552,-0.0,16.100000000000023,184.9750576764256
19551600.0,600,modelica,native,True,20.376001659040924,50.92097292635176,-0.0,18.30000000000001,879.8266125219116
19555200.0,600,modelica,native,True,22.387009449832135,0.0,-0.0,20.0,1723.882368633419
19558800.0,600,modelica,native,True,25.906682300920124,0.0,-0.0,23.30000000000001,2645.849871488165
19562400.0,600,modelica,native,True,27.00088873220284,0.0,467.355008380678,24.400000000000034,3359.521802502155
19566000.0,600,modelica,native,True,27.000880436985994,0.0,1551.614845773909,25.600000000000023,4554.18479799868
19569600.0,600,modelica,native,True,27.000410884599603,0.0,2533.887073246108,25.600000000000023,4625.316189560132
19573200.0,600,modelica,native,True,26.99943629605133,0.0,2919.798138876491,25.0,2375.374251435087
19576800.0,600,modelica,native,True,26.999000994928622,0.0,2151.167555210326,18.900000000000034,658.851045212388
19580400.0,600,modelica,native,True,26.999958236775342,0.0,1133.355156475703,21.700000000000045,1591.739851981818
19584000.0,600,modelica,native,True,26.99978065952564,0.0,1008.909330282741,20.0,1389.631814483216
19587600.0,600,modelica,native,True,26.99968091480895,0.0,761.4944575039545,20.0,635.0369946596688
19591200.0,600,modelica,native,True,26.999708418386945,0.0,376.8876011021932,19.400000000000034,310.9209988169277
19594800.0,600,modelica,native,True,26.814816404251815,0.0,62.59427889770932,20.0,-37.78270377229015
19598400.0,600,modelica,native,True,25.63659293585914,0.0,-0.0,18.30000000000001,-101.56212
19602000.0,600,modelica,native,True,24.488653525069424,0.0,-0.0,17.80000000000001,-101.56212
19605600.0,600,modelica,native,True,23.371288961662003,0.0,-0.0,16.700000000000045,-101.56212
19609200.0,600,modelica,native,True,22.314756805729303,0.0,-0.0,16.100000000000023,-101.56212
19612800.0,600,modelica,native,True,21.42135797412311,0.0,-0.0,16.100000000000023,-101.56212
19616400.0,600,modelica,native,True,20.78350340320594,0.0,-0.0,16.700000000000045,-101.56212
19620000.0,600,modelica,native,True,20.12982853643763,0.0,-0.0,15.600000000000023,-101.56212
19623600.0,600,modelica,native,True,19.999875694983302,83.35547128942278,-0.0,15.0,-101.56212
19627200.0,600,modelica,native,True,19.999874436684536,248.8787496725718,-0.0,13.300000000000011,-101.56212
19630800.0,600,modelica,native,True,19.999929528642838,388.2292878553603,-0.0,12.800000000000011,-101.56212
19634400.0,600,modelica,native,True,20.000103413444435,464.9784132581287,-0.0,12.800000000000011,227.5650526364083
19638000.0,600,modelica,native,True,20.000377267557838,279.2192067040338,-0.0,16.100000000000023,858.5799420640094
19641600.0,600,modelica,native,True,21.36430993083394,3.972197195688883,-0.0,18.30000000000001,1664.274493982929
19645200.0,600,modelica,native,True,24.676538892884423,0.0,-0.0,20.600000000000023,2567.902470032433
19648800.0,600,modelica,native,True,27.000195853141406,0.0,92.36065354877049,22.200000000000045,2238.159801642822
19652400.0,600,modelica,native,True,27.0009038823639,0.0,792.8977058400048,22.200000000000045,3920.268910243702
19656000.0,600,modelica,native,True,27.000842222121605,0.0,1851.141501954397,23.900000000000034,5083.63719217749
19659600.0,600,modelica,native,True,27.00035707228045,0.0,2785.043955206871,25.600000000000023,4671.551191842656
19663200.0,600,modelica,native,True,26.99994883788355,0.0,3167.707042253812,25.600000000000023,4037.213281282852
19666800.0,600,modelica,native,True,26.999428874154148,0.0,3055.190729545487,25.0,2440.221827525744
19670400.0,600,modelica,native,True,26.999493573590428,0.0,2427.387294167413,26.100000000000023,1524.164416388215
19674000.0,600,modelica,native,True,26.999381621050816,0.0,1739.545848292245,22.200000000000045,895.5699290339705
19677600.0,600,modelica,native,True,26.999497691962517,0.0,1063.201425554488,22.200000000000045,310.2515964018557
19681200.0,600,modelica,native,True,26.999527284991018,0.0,460.4516265127394,19.400000000000034,-38.42013982664034
19684800.0,600,modelica,native,True,26.067090564286218,0.0,25.34249520460764,16.700000000000045,-101.56212
19688400.0,600,modelica,native,True,24.670237847891997,0.0,2.17225816514757e-08,17.200000000000045,-101.56212
19692000.0,600,modelica,native,True,23.433463600315406,0.0,-0.0,16.100000000000023,-101.56212
19695600.0,600,modelica,native,True,22.107571705020405,0.0,-0.0,14.400000000000034,-101.56212
19699200.0,600,modelica,native,True,21.032821007792506,0.0,-0.0,15.0,-101.56212
19702800.0,600,modelica,native,True,20.183839857021837,0.0,-0.0,15.0,-101.56212
19706400.0,600,modelica,native,True,19.99988710549883,77.10810318311056,-0.0,15.0,-101.56212
19710000.0,600,modelica,native,True,19.999942309536834,211.8198795763651,-0.0,15.0,-101.56212
19713600.0,600,modelica,native,True,19.9998867647206,305.1760748635398,-0.0,13.300000000000011,-101.56212
19717200.0,600,modelica,native,True,19.999889739890932,439.5734541039997,-0.0,11.700000000000045,-101.56212
19720800.0,600,modelica,native,True,20.000131359659804,538.9605712985992,-0.0,12.200000000000045,219.2661263504726
19724400.0,600,modelica,native,True,20.00037257059995,349.8315866687562,-0.0,15.0,856.0698300882044
19728000.0,600,modelica,native,True,21.14369405992244,21.82463634332021,-0.0,18.30000000000001,1575.566703633143
19731600.0,600,modelica,native,True,24.488050305840204,-1.9073486328125e-08,-0.0,21.700000000000045,2679.128783121006
19735200.0,600,modelica,native,True,27.000969262177534,0.0,231.3812749126222,22.80000000000001,3775.196083354743
19738800.0,600,modelica,native,True,27.000921100736207,0.0,1457.085464294222,25.0,4627.133765311969
19742400.0,600,modelica,native,True,27.000637304498923,0.0,2526.630394204988,27.200000000000045,4937.045123419689
19746000.0,600,modelica,native,True,27.0002311551371,0.0,3216.523421342638,27.200000000000045,4722.565616308629
19749600.0,600,modelica,native,True,26.999893852217497,0.0,3466.83977921168,28.30000000000001,3918.689342444267
19753200.0,600,modelica,native,True,26.999585715331705,0.0,3311.03650261826,28.30000000000001,2789.335093977481
19756800.0,600,modelica,native,True,26.99944670515481,0.0,2810.662998390198,28.30000000000001,1686.024091198077
19760400.0,600,modelica,native,True,26.99944413812085,0.0,2146.138583248986,27.80000000000001,868.7765392695542
19764000.0,600,modelica,native,True,26.999499115505444,0.0,1488.273510837555,26.700000000000045,328.2125788952821
19767600.0,600,modelica,native,True,26.9995075455235,0.0,867.1071074925528,23.30000000000001,-38.05388237597614
19771200.0,600,modelica,native,True,26.99974298395631,0.0,335.4156720972061,23.30000000000001,-101.56212
19774800.0,600,modelica,native,True,26.535731105444597,0.0,39.39015110651652,20.0,-101.56212
19778400.0,600,modelica,native,True,25.413553020020913,0.0,-0.0,18.900000000000034,-101.56212
19782000.0,600,modelica,native,True,24.48192835071785,0.0,-0.0,18.900000000000034,-101.56212
19785600.0,600,modelica,native,True,23.626073026781114,0.0,-0.0,18.30000000000001,-101.56212
19789200.0,600,modelica,native,True,22.826822538654028,0.0,-0.0,17.80000000000001,-101.56212
19792800.0,600,modelica,native,True,22.067018143211328,0.0,-0.0,17.200000000000045,-101.56212
19796400.0,600,modelica,native,True,21.415882861472312,0.0,-0.0,17.200000000000045,-101.56212
19800000.0,600,modelica,native,True,20.668991286097423,0.0,-0.0,15.600000000000023,-101.56212
19803600.0,600,modelica,native,True,20.00066634625665,8.060320049391853,-0.0,15.0,-101.56212
19807200.0,600,modelica,native,True,20.000093606886196,135.809927160475,-0.0,15.600000000000023,232.2426690376458
19810800.0,600,modelica,native,True,20.462167274014746,41.93297654681736,-0.0,18.30000000000001,845.1888021972343
19814400.0,600,modelica,native,True,22.488483292628246,-7.915496826171875e-07,-0.0,21.100000000000023,1644.477835287794
19818000.0,600,modelica,native,True,26.113531878964807,0.0,-0.0,23.900000000000034,2794.202243264627
19821600.0,600,modelica,native,True,27.001093865674022,0.0,642.7597682624393,26.700000000000045,3864.588120417165
19825200.0,600,modelica,native,True,27.000884782220623,0.0,1958.7432912053,30.0,4580.304489257104
19828800.0,600,modelica,native,True,27.000527943659108,0.0,2954.648903916147,30.0,4915.326118205449
19832400.0,600,modelica,native,True,27.000240313234144,0.0,3564.002297054927,31.100000000000023,4716.584552018721
19836000.0,600,modelica,native,True,26.99992905679875,0.0,3824.378827156491,32.200000000000045,4009.193751121294
19839600.0,600,modelica,native,True,26.99959993031331,0.0,3704.711202041308,32.200000000000045,2914.13115492722
19843200.0,600,modelica,native,True,26.999388290519448,0.0,3208.448393566873,31.700000000000045,1655.478000907366
19846800.0,600,modelica,native,True,26.999426842342814,0.0,2494.327260299789,31.700000000000045,808.0469394263396
19850400.0,600,modelica,native,True,26.999387685278236,0.0,1772.571730593575,27.80000000000001,318.2944859870601
19854000.0,600,modelica,native,True,26.999507093252646,0.0,1063.650784340964,25.600000000000023,-51.92549218374062
19857600.0,600,modelica,native,True,26.99965535186675,0.0,463.3067777877384,22.200000000000045,-101.56212
19861200.0,600,modelica,native,True,26.948325144280943,0.0,74.07536325560676,22.80000000000001,-101.56212
19864800.0,600,modelica,native,True,26.511853005716148,0.0,1.160303751627604e-07,23.30000000000001,-101.56212
19868400.0,600,modelica,native,True,25.9489272319301,0.0,3.3908420138888895e-08,21.700000000000045,-101.56212
19872000.0,600,modelica,native,True,25.315423404800413,0.0,-0.0,21.100000000000023,-101.56212
19875600.0,600,modelica,native,True,24.71004065724111,0.0,-0.0,20.600000000000023,-101.56212
19879200.0,600,modelica,native,True,24.107931772122242,0.0,-0.0,20.0,-101.56212
19882800.0,600,modelica,native,True,23.50589758376003,0.0,-0.0,19.400000000000034,-101.56212
19886400.0,600,modelica,native,True,23.060398345465046,0.0,-0.0,20.0,-101.56212
19890000.0,600,modelica,native,True,22.651872288342133,0.0,-0.0,19.400000000000034,-83.16553819185066
19893600.0,600,modelica,native,True,22.450171612765246,0.0,-0.0,19.400000000000034,310.3157780514842
19897200.0,600,modelica,native,True,23.470970716292697,0.0,-0.0,22.200000000000045,885.697076856258
19900800.0,600,modelica,native,True,25.97960104414824,0.0,-0.0,26.700000000000045,1670.533825215205
19904400.0,600,modelica,native,True,27.000985552257532,0.0,427.3010925075743,30.0,2847.340915554995
19908000.0,600,modelica,native,True,27.000900460320395,0.0,1601.921596005228,31.700000000000045,3991.131403621519
19911600.0,600,modelica,native,True,27.000757398182145,0.0,2656.829863396751,32.80000000000001,4831.266715705913
19915200.0,600,modelica,native,True,27.000479096096115,0.0,3537.10103916698,34.400000000000034,5043.254659301569
19918800.0,600,modelica,native,True,27.00011601318505,0.0,4046.593805804252,34.400000000000034,4620.246080084791
19922400.0,600,modelica,native,True,26.999378762596507,0.0,4126.487541382578,34.400000000000034,2667.045627750835
19926000.0,600,modelica,native,True,26.999294523897447,0.0,3393.62592356099,32.80000000000001,1481.429947374178
19929600.0,600,modelica,native,True,26.999424332857302,0.0,2503.311914389928,27.80000000000001,1322.911556419014
19933200.0,600,modelica,native,True,26.999509715046543,0.0,1822.009208571646,27.200000000000045,698.291025716077
19936800.0,600,modelica,native,True,26.9995720249334,0.0,1247.719159706434,26.700000000000045,221.0445628131106
19940400.0,600,modelica,native,True,26.999605756082246,0.0,732.2989320590762,24.400000000000034,-47.31117772375902
19944000.0,600,modelica,native,True,26.999711554564215,0.0,273.9416245502896,22.200000000000045,-101.56212
19947600.0,600,modelica,native,True,26.71427500679755,0.0,10.6730791065428,22.80000000000001,-101.56212
19951200.0,600,modelica,native,True,26.081789986651415,0.0,-0.0,21.700000000000045,-101.56212
19954800.0,600,modelica,native,True,25.426394237268823,0.0,-0.0,21.100000000000023,-101.56212
19958400.0,600,modelica,native,True,24.86477896864642,0.0,-0.0,21.100000000000023,-101.56212
19962000.0,600,modelica,native,True,24.10107522814701,0.0,-0.0,18.900000000000034,-101.56212
19965600.0,600,modelica,native,True,23.61680916340282,0.0,-0.0,20.600000000000023,-101.56212
19969200.0,600,modelica,native,True,23.29309430449274,0.0,-0.0,20.600000000000023,-101.56212
19972800.0,600,modelica,native,True,23.0190680686714,0.0,-0.0,20.600000000000023,-101.56212
19976400.0,600,modelica,native,True,22.72281579985065,0.0,-0.0,20.0,-86.39762467236096
19980000.0,600,modelica,native,True,22.57929332223523,0.0,-0.0,20.0,347.2840789346482
19983600.0,600,modelica,native,True,23.829120452615598,0.0,-0.0,22.80000000000001,963.7158406467772
19987200.0,600,modelica,native,True,26.254463183332405,0.0,-0.0,25.600000000000023,1756.666557112507
19990800.0,600,modelica,native,True,27.000963399592308,0.0,468.6286359818777,29.400000000000034,2893.560964940429
19994400.0,600,modelica,native,True,27.000408620746725,0.0,1584.806849932141,30.0,2860.861914284366
19998000.0,600,modelica,native,True,27.000428020941342,0.0,2046.487029767566,30.0,3270.092971289434
20001600.0,600,modelica,native,True,27.00077906142002,0.0,2629.798405882517,31.100000000000023,5061.695029051701
20005200.0,600,modelica,native,True,26.999762704397426,0.0,3437.218180415366,31.100000000000023,3367.869339567595
20008800.0,600,modelica,native,True,26.999134849159304,0.0,3072.671274470223,27.0,1366.496957913629
20012400.0,600,modelica,native,True,26.99939735528062,0.0,2089.390450945431,25.600000000000023,868.1775807716641
20016000.0,600,modelica,native,True,26.99984404453204,0.0,1405.384746338526,25.600000000000023,1228.659287130296
20019600.0,600,modelica,native,True,26.999756500122544,0.0,1184.866602954864,25.600000000000023,830.6582592060433
20023200.0,600,modelica,native,True,26.999619010404103,0.0,878.4734366512298,24.400000000000034,137.7427565958244
20026800.0,600,modelica,native,True,26.999735574473846,0.0,448.9746574221717,24.0,-59.80582673595338
20030400.0,600,modelica,native,True,26.98146852338442,0.0,122.7063122314877,22.200000000000045,-101.56212
20034000.0,600,modelica,native,True,26.309913892600605,0.0,0.0008662282096015,21.700000000000045,-101.56212
20037600.0,600,modelica,native,True,25.70859759261384,0.0,3.372828165690104e-06,21.700000000000045,-101.56212
20041200.0,600,modelica,native,True,24.852547550831446,0.0,-0.0,18.900000000000034,-101.56212
20044800.0,600,modelica,native,True,23.819593038583037,0.0,-0.0,17.80000000000001,-101.56212
20048400.0,600,modelica,native,True,23.345719429540736,0.0,-0.0,20.600000000000023,-101.56212
20052000.0,600,modelica,native,True,22.756121113040933,0.0,-0.0,18.30000000000001,-101.56212
20055600.0,600,modelica,native,True,22.328772952576003,0.0,-0.0,19.400000000000034,-101.56212
20059200.0,600,modelica,native,True,21.948143255735715,0.0,-0.0,18.900000000000034,-101.56212
20062800.0,600,modelica,native,True,21.612375780546643,0.0,-0.0,18.900000000000034,-85.72168713027048
20066400.0,600,modelica,native,True,21.314087362079704,0.0,-0.0,17.80000000000001,293.7091965655882
20070000.0,600,modelica,native,True,22.31336039642065,0.0,-0.0,21.100000000000023,900.3423249858511
20073600.0,600,modelica,native,True,24.69285845304404,0.0,-0.0,23.900000000000034,1778.844940173951
20077200.0,600,modelica,native,True,27.00065788854431,0.0,151.8183298047384,26.100000000000023,2932.362111340485
20080800.0,600,modelica,native,True,27.0008208632309,0.0,1217.956452149815,26.700000000000045,3886.818322966147
20084400.0,600,modelica,native,True,27.00068824905901,0.0,2179.048693875207,27.200000000000045,4657.762522614585
20088000.0,600,modelica,native,True,27.000534407781515,0.0,2991.322482883135,28.30000000000001,5160.955260321907
20091600.0,600,modelica,native,True,27.00021844316285,0.0,3598.149149217076,29.400000000000034,4913.354625196291
20095200.0,600,modelica,native,True,26.999883543298324,0.0,3834.500654943254,30.0,4161.118650155992
20098800.0,600,modelica,native,True,26.99959248021412,0.0,3668.706827725835,30.600000000000023,2987.763784423548
20102400.0,600,modelica,native,True,26.99945850723435,0.0,3167.845208763546,31.100000000000023,1843.918934549326
20106000.0,600,modelica,native,True,26.999235471431746,0.0,2472.326254745589,28.900000000000034,641.3701643083092
20109600.0,600,modelica,native,True,26.999408936112502,0.0,1602.076309306887,27.80000000000001,43.32706733664646
20113200.0,600,modelica,native,True,26.999585408125995,0.0,897.826471212705,25.600000000000023,-68.06688464684306
20116800.0,600,modelica,native,True,26.999752828722137,0.0,418.505731154018,24.400000000000034,-101.56212
20120400.0,600,modelica,native,True,26.99987485939573,0.0,140.6502823617723,24.400000000000034,-101.56212
20124000.0,600,modelica,native,True,26.547499247957717,0.0,9.30264068285624,21.700000000000045,-101.56212
20127600.0,600,modelica,native,True,25.8946103473603,0.0,4.2915344238281255e-08,21.700000000000045,-101.56212
20131200.0,600,modelica,native,True,25.209193993622932,0.0,-0.0,20.600000000000023,-101.56212
20134800.0,600,modelica,native,True,24.513695937491036,0.0,-0.0,20.0,-101.56212
20138400.0,600,modelica,native,True,23.922971251499632,0.0,-0.0,20.0,-101.56212
20142000.0,600,modelica,native,True,23.136003227008416,0.0,-0.0,17.80000000000001,-101.56212
20145600.0,600,modelica,native,True,22.38233659243275,0.0,-0.0,17.80000000000001,-101.56212
20149200.0,600,modelica,native,True,21.85220384252682,0.0,-0.0,18.30000000000001,-92.50400018243086
20152800.0,600,modelica,native,True,21.569531076102805,0.0,-0.0,18.30000000000001,267.8570496068515
20156400.0,600,modelica,native,True,22.39345370685504,0.0,-0.0,20.0,767.296751124278
20160000.0,600,modelica,native,True,23.724238438295743,0.0,-0.0,20.600000000000023,1118.123245817804
20163600.0,600,modelica,native,True,25.950273167017315,0.0,-0.0,21.700000000000045,2505.558629384946
20167200.0,600,modelica,native,True,27.001081129734644,0.0,538.714346107377,24.400000000000034,3966.665130058236
20170800.0,600,modelica,native,True,27.000773473039715,0.0,1805.490206412209,26.700000000000045,4463.97826059694
20174400.0,600,modelica,native,True,27.000464134897527,0.0,2700.192383987639,27.80000000000001,4649.850798835385
20178000.0,600,modelica,native,True,27.00010554640494,0.0,3227.807474759949,27.80000000000001,4334.244872812861
20181600.0,600,modelica,native,True,26.9995204809361,0.0,3258.662230276532,27.200000000000045,2705.000460320552
20185200.0,600,modelica,native,True,26.999275325196606,0.0,2664.992847613758,27.200000000000045,1107.572663656554
20188800.0,600,modelica,native,True,26.999427975228514,0.0,1832.466219364272,27.200000000000045,429.1042126231622
20192400.0,600,modelica,native,True,26.999398001303234,0.0,1057.190894296964,21.100000000000023,130.6053967614329
20196000.0,600,modelica,native,True,26.99969261144861,0.0,386.126044260131,21.100000000000023,37.18546957168506
20199600.0,600,modelica,native,True,26.737312473844895,0.0,46.07454842832353,20.600000000000023,-52.24069286033539
20203200.0,600,modelica,native,True,25.807596602591843,0.0,-0.0,20.0,-101.56212
20206800.0,600,modelica,native,True,24.911531174951847,0.0,-0.0,19.400000000000034,-101.56212
20210400.0,600,modelica,native,True,24.07760574869775,0.0,-0.0,18.900000000000034,-101.56212
20214000.0,600,modelica,native,True,23.5241040468984,0.0,-0.0,20.0,-101.56212
20217600.0,600,modelica,native,True,22.81607641655671,0.0,-0.0,17.80000000000001,-101.56212
20221200.0,600,modelica,native,True,22.052428950734907,0.0,-0.0,17.200000000000045,-101.56212
20224800.0,600,modelica,native,True,21.237465109234734,0.0,-0.0,16.100000000000023,-101.56212
20228400.0,600,modelica,native,True,20.53744414333761,0.0,-0.0,16.100000000000023,-101.56212
20232000.0,600,modelica,native,True,20.001537816121015,2.2265055153105,-0.0,16.100000000000023,-101.56212
20235600.0,600,modelica,native,True,19.99988541995714,111.1116566642125,-0.0,15.0,-83.47960231332857
20239200.0,600,modelica,native,True,20.000026275068137,231.6479624589284,-0.0,13.900000000000034,270.7904223357742
20242800.0,600,modelica,native,True,20.20820793054645,116.3517388184865,-0.0,17.80000000000001,970.6328309539616
20246400.0,600,modelica,native,True,22.40170946295075,4.736582438151041e-07,-0.0,20.0,1676.59181582364
20250000.0,600,modelica,native,True,24.64074863118185,0.0,-0.0,19.400000000000034,1203.625401774261
20253600.0,600,modelica,native,True,25.8010533628007,0.0,-0.0,20.0,1874.24809434954
20257200.0,600,modelica,native,True,27.001181255380402,0.0,324.1760550292333,21.100000000000023,4331.24444304345
20260800.0,600,modelica,native,True,27.001000178731545,0.0,1683.306556515164,23.30000000000001,5401.25325720456
20264400.0,600,modelica,native,True,27.000433251721404,0.0,2795.017154730161,25.0,4999.644305715867
20268000.0,600,modelica,native,True,27.00005113954103,0.0,3288.62621055603,26.700000000000045,4279.132875162809
20271600.0,600,modelica,native,True,26.9996231362951,0.0,3302.161608514256,27.80000000000001,2948.789603377956
20275200.0,600,modelica,native,True,26.99945672769843,0.0,2863.638112361696,28.30000000000001,1764.198553492863
20278800.0,600,modelica,native,True,26.999481889683807,0.0,2207.906252640088,28.900000000000034,888.5478312220374
20282400.0,600,modelica,native,True,26.99946108820933,0.0,1573.744965820312,27.80000000000001,248.072026113674
20286000.0,600,modelica,native,True,26.99948231501105,0.0,909.4764319048988,23.30000000000001,-65.18673673340493
20289600.0,600,modelica,native,True,26.99971278841832,0.0,321.5477970700794,22.200000000000045,-101.56212
20293200.0,600,modelica,native,True,26.656822351131325,0.0,24.20696883943346,21.700000000000045,-101.56212
20296800.0,600,modelica,native,True,25.598371771126324,0.0,-7.89430406358507e-08,18.900000000000034,-101.56212
20300400.0,600,modelica,native,True,24.766052313942396,0.0,-0.0,20.0,-101.56212
20304000.0,600,modelica,native,True,24.150377559636127,0.0,-0.0,20.0,-101.56212
20307600.0,600,modelica,native,True,23.54278595849354,0.0,-0.0,19.400000000000034,-101.56212
20311200.0,600,modelica,native,True,22.947913575594725,0.0,-0.0,18.900000000000034,-101.56212
20314800.0,600,modelica,native,True,22.210426099098925,0.0,-0.0,17.200000000000045,-101.56212
20318400.0,600,modelica,native,True,21.607871593437324,0.0,-0.0,17.80000000000001,-101.56212
20322000.0,600,modelica,native,True,20.99953072002313,0.0,-0.0,16.700000000000045,-86.21829017768364
20325600.0,600,modelica,native,True,20.573987093954827,0.0,-0.0,16.700000000000045,290.9070758385283
20329200.0,600,modelica,native,True,21.414689053098243,0.0,-0.0,19.400000000000034,874.6762412632561
20332800.0,600,modelica,native,True,23.942377198424424,0.0,-0.0,24.400000000000034,1767.068360883069
20336400.0,600,modelica,native,True,26.9993502793713,0.0,94.11374566978878,27.200000000000045,3071.165811763942
20340000.0,600,modelica,native,True,27.00107001459253,0.0,1261.297096242905,30.0,4189.07037241444
20343600.0,600,modelica,native,True,27.000813933116035,0.0,2512.226750501527,31.700000000000045,4967.742654754919
20347200.0,600,modelica,native,True,27.00054801581291,0.0,3459.944458626641,32.200000000000045,5399.955167844397
20350800.0,600,modelica,native,True,27.00011581749152,0.0,4084.898208958308,31.700000000000045,5045.063631201991
20354400.0,600,modelica,native,True,26.99975291651515,0.0,4170.089512639046,32.200000000000045,3937.67926829338
20358000.0,600,modelica,native,True,26.999477816121612,0.0,3843.12597348902,32.200000000000045,2720.528242982831
20361600.0,600,modelica,native,True,26.99926834111693,0.0,3230.097691346275,32.200000000000045,1273.613857057698
20365200.0,600,modelica,native,True,26.999347611219434,0.0,2363.794525911013,31.100000000000023,494.0524979088508
20368800.0,600,modelica,native,True,26.999466815495907,0.0,1592.752375154495,28.900000000000034,110.248805963362
20372400.0,600,modelica,native,True,26.9996431451205,0.0,974.8800554741754,27.80000000000001,-100.9539498215267
20376000.0,600,modelica,native,True,26.999795142342634,0.0,556.3566935650507,27.0,-101.56212
20379600.0,600,modelica,native,True,26.999897074288924,0.0,331.4478377845552,27.200000000000045,-101.56212
20383200.0,600,modelica,native,True,26.99987985662034,0.0,196.5744075250626,25.600000000000023,-101.56212
20386800.0,600,modelica,native,True,26.998288598230943,0.0,57.61303334712982,24.400000000000034,-101.56212
20390400.0,600,modelica,native,True,27.00003632884733,0.0,15.55155872080061,27.200000000000045,-101.56212
20394000.0,600,modelica,native,True,26.793390330185105,0.0,19.58998953554365,23.30000000000001,-101.56212
20397600.0,600,modelica,native,True,26.224644201684214,0.0,-0.0,22.200000000000045,-101.56212
20401200.0,600,modelica,native,True,25.3212743205184,0.0,-0.0,19.400000000000034,-101.56212
20404800.0,600,modelica,native,True,24.470354927887342,0.0,-0.0,19.400000000000034,-101.56212
20408400.0,600,modelica,native,True,23.625806734929938,0.0,-0.0,18.30000000000001,-100.9391613975845
20412000.0,600,modelica,native,True,23.101048164209146,0.0,-0.0,20.0,-45.73387710211772
20415600.0,600,modelica,native,True,23.44246458178833,0.0,-0.0,23.30000000000001,151.5787508547028
20419200.0,600,modelica,native,True,23.841069840700698,0.0,-0.0,21.100000000000023,323.5644017131283
20422800.0,600,modelica,native,True,24.310947685650547,0.0,-0.0,21.0,649.7009884869042
20426400.0,600,modelica,native,True,25.387528186731345,0.0,-0.0,21.100000000000023,1145.466764977923
20430000.0,600,modelica,native,True,26.995894044554348,0.0,20.82779749128554,21.700000000000045,2636.24704182087
20433600.0,600,modelica,native,True,27.0011830421181,0.0,922.886124238968,24.400000000000034,4743.213591234216
20437200.0,600,modelica,native,True,27.000738629614204,0.0,2263.370106458134,25.600000000000023,5177.58012720364
20440800.0,600,modelica,native,True,26.999782685743696,0.0,3030.392839122349,26.100000000000023,3383.767556058086
20444400.0,600,modelica,native,True,26.999733227660215,0.0,2812.846043059031,26.700000000000045,2621.225761516141
20448000.0,600,modelica,native,True,26.999618812886638,0.0,2466.994892728064,27.80000000000001,1828.727171488672
20451600.0,600,modelica,native,True,26.999439271664016,0.0,1995.713262195587,27.200000000000045,745.3604667747699
20455200.0,600,modelica,native,True,26.999491591171534,0.0,1352.180709530513,26.100000000000023,214.9515205808481
20458800.0,600,modelica,native,True,26.999446611154212,0.0,702.4567634068595,21.100000000000023,-87.95757046853387
20462400.0,600,modelica,native,True,26.558040073816414,0.0,101.7727652804057,17.80000000000001,-101.56212
20466000.0,600,modelica,native,True,25.150097408837098,0.0,-0.000140971077813,17.200000000000045,-101.56212
20469600.0,600,modelica,native,True,23.897037455500197,0.0,5.298190646701389e-10,16.700000000000045,-101.56212
20473200.0,600,modelica,native,True,22.60200390682172,0.0,-0.0,15.0,-101.56212
20476800.0,600,modelica,native,True,21.75427252682175,0.0,-0.0,17.200000000000045,-101.56212
20480400.0,600,modelica,native,True,21.2715916784922,0.0,-0.0,17.80000000000001,-101.56212
20484000.0,600,modelica,native,True,20.79087525516161,0.0,-0.0,17.200000000000045,-101.56212
20487600.0,600,modelica,native,True,20.20841658010511,0.0,-0.0,16.100000000000023,-101.56212
20491200.0,600,modelica,native,True,19.999945632435413,22.1024805159039,-0.0,17.200000000000045,-101.56212
20494800.0,600,modelica,native,True,19.999925219620707,100.9362181970808,-0.0,16.100000000000023,-89.6711889330036
20498400.0,600,modelica,native,True,20.000088189768803,177.2563806793425,-0.0,15.600000000000023,252.5308261815418
20502000.0,600,modelica,native,True,20.354260895629807,57.14252719720205,-0.0,18.30000000000001,835.4146620603453
20505600.0,600,modelica,native,True,22.609525766823936,0.0,-0.0,21.700000000000045,1818.441764143517
20509200.0,600,modelica,native,True,26.81905283110575,0.0,-0.0,25.600000000000023,3097.618861283132
20512800.0,600,modelica,native,True,27.0011785904303,0.0,959.189483835962,28.900000000000034,4274.682371403937
20516400.0,600,modelica,native,True,27.000882013488535,0.0,2346.747142417166,30.600000000000023,5075.216405299186
20520000.0,600,modelica,native,True,27.00056246781861,0.0,3364.78268556277,31.700000000000045,5352.367322283882
20523600.0,600,modelica,native,True,27.00020968631634,0.0,4004.66653280735,32.200000000000045,5111.998319288414
20527200.0,600,modelica,native,True,26.999882384894647,0.0,4245.241580306159,33.30000000000001,4323.305648382269
20530800.0,600,modelica,native,True,26.999539579235602,0.0,4070.264761996799,33.30000000000001,3073.88562019493
20534400.0,600,modelica,native,True,26.999344020938622,0.0,3507.380133839713,33.30000000000001,1718.330110795524
20538000.0,600,modelica,native,True,26.99932844463001,0.0,2728.893057232433,32.80000000000001,733.2038697460273
20541600.0,600,modelica,native,True,26.99932867424883,0.0,1907.11996395323,28.900000000000034,191.9486913796448
20545200.0,600,modelica,native,True,26.99949630911175,0.0,1122.527515419324,26.100000000000023,-87.02549791347917
20548800.0,600,modelica,native,True,26.99966316983904,0.0,532.0674305158191,23.900000000000034,-101.56212
20552400.0,600,modelica,native,True,26.97390419567654,0.0,133.3818473529816,21.700000000000045,-101.56212
20556000.0,600,modelica,native,True,26.496205248338015,0.0,-9.303622775607638e-07,23.30000000000001,-101.56212
20559600.0,600,modelica,native,True,25.776262581628714,0.0,-1.4305114746093751e-08,20.600000000000023,-101.56212
20563200.0,600,modelica,native,True,24.953882256225995,0.0,-0.0,20.0,-101.56212
20566800.0,600,modelica,native,True,24.436513083169643,0.0,-0.0,21.100000000000023,-101.56212
20570400.0,600,modelica,native,True,24.018723485913938,0.0,-0.0,20.600000000000023,-101.56212
20574000.0,600,modelica,native,True,23.2278880177642,0.0,-0.0,17.80000000000001,-101.56212
20577600.0,600,modelica,native,True,22.469637141601595,0.0,-0.0,17.80000000000001,-101.56212
20581200.0,600,modelica,native,True,21.70854782792651,0.0,-0.0,16.700000000000045,-89.27148502172246
20584800.0,600,modelica,native,True,21.125467758932245,0.0,-0.0,16.700000000000045,300.5235730269009
20588400.0,600,modelica,native,True,22.1152509770846,0.0,-0.0,20.600000000000023,918.0357286475823
20592000.0,600,modelica,native,True,24.4990898801737,0.0,-0.0,23.30000000000001,1859.065878565017
20595600.0,600,modelica,native,True,27.000646008908518,0.0,149.3922358581755,26.700000000000045,3107.663983409203
20599200.0,600,modelica,native,True,27.00107818552425,0.0,1355.567103826735,30.0,4318.721366281325
20602800.0,600,modelica,native,True,27.000803796631317,0.0,2609.233271537887,31.700000000000045,5069.118471767902
20606400.0,600,modelica,native,True,27.000675194176438,0.0,3578.294902410507,32.80000000000001,5786.304640421949
20610000.0,600,modelica,native,True,26.99968003006171,0.0,4275.346644473606,33.900000000000034,3829.229224671814
20613600.0,600,modelica,native,True,26.999501219531112,0.0,3864.384529702399,33.900000000000034,2494.935257258377
20617200.0,600,modelica,native,True,26.999709288851136,0.0,3259.591732301712,32.200000000000045,2639.687284155164
20620800.0,600,modelica,native,True,26.999390901463812,0.0,2871.697797900306,31.700000000000045,1271.436734119912
20624400.0,600,modelica,native,True,26.9995181724733,0.0,2190.113027307722,32.200000000000045,564.1105045060029
20628000.0,600,modelica,native,True,26.9994721911184,0.0,1555.499242320591,28.30000000000001,209.4768817213491
20631600.0,600,modelica,native,True,26.99960156748233,0.0,946.8622241221534,26.700000000000045,-99.59359240791514
20635200.0,600,modelica,native,True,26.99973939678381,0.0,476.9994527710809,25.0,-101.56212
20638800.0,600,modelica,native,True,26.999855670066097,0.0,181.832551574707,24.400000000000034,-101.56212
20642400.0,600,modelica,native,True,26.818792853596108,0.0,21.24859122223324,23.30000000000001,-101.56212
20646000.0,600,modelica,native,True,26.39681088889381,0.0,1.748402913411458e-08,23.30000000000001,-101.56212
20649600.0,600,modelica,native,True,25.836007185941696,0.0,-0.0,21.700000000000045,-101.56212
20653200.0,600,modelica,native,True,25.3105170050257,0.0,-0.0,21.700000000000045,-101.56212
20656800.0,600,modelica,native,True,24.72761273516653,0.0,-0.0,20.600000000000023,-101.56212
20660400.0,600,modelica,native,True,24.11567836799685,0.0,-0.0,20.0,-101.56212
20664000.0,600,modelica,native,True,23.5916392106721,0.0,-0.0,20.0,-101.56212
20667600.0,600,modelica,native,True,22.755451540745298,0.0,-0.0,17.200000000000045,-97.76817507742729
20671200.0,600,modelica,native,True,22.187770663615936,0.0,-0.0,18.30000000000001,112.5819014590615
20674800.0,600,modelica,native,True,22.59128951110023,0.0,-0.0,19.400000000000034,800.0913837061948
20678400.0,600,modelica,native,True,24.651674093004033,0.0,-0.0,21.700000000000045,1970.529884655473
20682000.0,600,modelica,native,True,27.000377460184097,0.0,113.7186174556944,22.80000000000001,3175.601457373504
20685600.0,600,modelica,native,True,27.001000552222024,0.0,1177.042590449121,26.100000000000023,4325.482175666754
20689200.0,600,modelica,native,True,27.00089548364565,0.0,2363.913588664796,28.30000000000001,5338.012155739249
20692800.0,600,modelica,native,True,27.00012961909124,0.0,3358.472438413302,30.600000000000023,4255.46160988062
20696400.0,600,modelica,native,True,26.999954503177605,0.0,3415.52307018439,31.100000000000023,3532.969095376841
20700000.0,600,modelica,native,True,26.999876642659046,0.0,3366.868055585755,30.600000000000023,3548.489080916858
20703600.0,600,modelica,native,True,26.99975553837544,0.0,3243.021768109004,31.700000000000045,2753.350359104259
20707200.0,600,modelica,native,True,26.99930939335212,0.0,2857.739267304209,30.0,1299.563513980051
20710800.0,600,modelica,native,True,26.999384174707643,0.0,2067.797557267613,27.80000000000001,583.4135767292734
20714400.0,600,modelica,native,True,26.999548659152026,0.0,1355.736817238596,27.200000000000045,240.1105985251339
20718000.0,600,modelica,native,True,26.99955327967683,0.0,797.0853567033344,24.400000000000034,-88.49260020945165
20721600.0,600,modelica,native,True,26.999247451908616,0.0,248.5143942313724,20.0,-101.56212
20725200.0,600,modelica,native,True,26.23012741881621,0.0,-0.0109179078208075,21.100000000000023,-101.56212
20728800.0,600,modelica,native,True,25.2285326130754,0.0,-7.417466905381944e-09,18.900000000000034,-101.56212
20732400.0,600,modelica,native,True,24.631615009937036,0.0,-0.0,21.100000000000023,-101.56212
20736000.0,600,modelica,native,True,24.069232769883,0.0,-0.0,20.0,-101.56212
20739600.0,600,modelica,native,True,23.475037592450747,0.0,-0.0,19.400000000000034,-101.56212
20743200.0,600,modelica,native,True,22.81018333613133,0.0,-0.0,18.30000000000001,-101.56212
20746800.0,600,modelica,native,True,22.14056044874593,0.0,-0.0,17.80000000000001,-101.56212
20750400.0,600,modelica,native,True,21.58507466094784,0.0,-0.0,17.80000000000001,-101.56212
20754000.0,600,modelica,native,True,21.0434868924811,0.0,-0.0,17.200000000000045,-94.66031407840246
20757600.0,600,modelica,native,True,20.615020396893613,0.0,-0.0,16.700000000000045,259.0639268582001
20761200.0,600,modelica,native,True,21.332690407280495,0.0,-0.0,18.900000000000034,899.1284216407221
20764800.0,600,modelica,native,True,23.86878415606884,0.0,-0.0,23.900000000000034,1913.663825519275
20768400.0,600,modelica,native,True,26.99948628162815,0.0,98.9859879732132,26.100000000000023,3252.515215440141
20772000.0,600,modelica,native,True,27.001088110671617,0.0,1287.349769981172,28.900000000000034,4413.529555159963
20775600.0,600,modelica,native,True,27.000851277677896,0.0,2564.450373208788,31.100000000000023,5181.137175120593
20779200.0,600,modelica,native,True,27.00052899330882,0.0,3546.440330495834,32.200000000000045,5453.546262077927
20782800.0,600,modelica,native,True,27.000175883414215,0.0,4146.015469735464,32.200000000000045,5182.675717956934
20786400.0,600,modelica,native,True,26.99993165449382,0.0,4354.038979178535,32.80000000000001,4678.50594162528
20790000.0,600,modelica,native,True,26.99934564097572,0.0,4185.415299425655,31.700000000000045,2959.116558576901
20793600.0,600,modelica,native,True,26.999214310402294,0.0,3411.528913959927,30.0,1637.282872387284
20797200.0,600,modelica,native,True,26.999263810836908,0.0,2473.406375875473,28.30000000000001,740.2472763278112
20800800.0,600,modelica,native,True,26.99939524074341,0.0,1615.556275823381,27.200000000000045,108.1211043708656
20804400.0,600,modelica,native,True,26.999497371574705,0.0,867.0414293384551,23.30000000000001,-90.51888200031388
20808000.0,600,modelica,native,True,26.9997252243528,0.0,290.8893357027902,22.200000000000045,-101.56212
20811600.0,600,modelica,native,True,26.61417829612435,0.0,16.70702912224664,21.700000000000045,-101.56212
20815200.0,600,modelica,native,True,25.7240536611655,0.0,-2.59611341688368e-08,20.0,-101.56212
20818800.0,600,modelica,native,True,24.92024464992494,0.0,-0.0,20.0,-101.56212
20822400.0,600,modelica,native,True,24.127232068443334,0.0,-0.0,18.900000000000034,-101.56212
20826000.0,600,modelica,native,True,23.180402361635004,0.0,-0.0,17.200000000000045,-101.56212
20829600.0,600,modelica,native,True,22.111127327374902,0.0,-0.0,15.600000000000023,-101.56212
20833200.0,600,modelica,native,True,21.081629277129935,0.0,-0.0,15.0,-101.56212
20836800.0,600,modelica,native,True,20.06635058731922,0.0,-0.0,13.900000000000034,-101.56212
20840400.0,600,modelica,native,True,19.999846442125147,150.1782666444778,-0.0,13.300000000000011,-94.28281929279676
20844000.0,600,modelica,native,True,20.000033060138037,324.7801271057129,-0.0,12.800000000000011,243.4108403099719
20847600.0,600,modelica,native,True,20.00033253844265,231.5287393151389,-0.0,15.0,926.9309873639032
20851200.0,600,modelica,native,True,21.441737265082736,4.197978178130255,-0.0,16.700000000000045,1963.975448724966
20854800.0,600,modelica,native,True,24.88165933638635,-5.796220567491319e-07,-0.0,18.30000000000001,3238.755994938663
20858400.0,600,modelica,native,True,27.0011636788783,0.0,354.7910902049807,20.600000000000023,4492.822324222965
20862000.0,600,modelica,native,True,27.000922737312237,0.0,1709.484458388222,22.200000000000045,5326.634003310829
20865600.0,600,modelica,native,True,27.000596243964935,0.0,2777.306434032652,23.900000000000034,5567.812376323815
20869200.0,600,modelica,native,True,27.000405486039597,0.0,3509.070425838364,26.700000000000045,5578.732996907765
20872800.0,600,modelica,native,True,26.999708717807437,0.0,3899.101478257179,27.80000000000001,4082.898983488984
20876400.0,600,modelica,native,True,26.99894499167624,0.0,3474.874807864295,25.600000000000023,1603.980073152888
20880000.0,600,modelica,native,True,26.998898966543948,0.0,2176.460302371449,20.0,240.6114675910072
20883600.0,600,modelica,native,True,26.999727680923513,0.0,1067.979485274421,25.600000000000023,474.2502211122683
20887200.0,600,modelica,native,True,26.999610710849424,0.0,675.9542812771267,22.200000000000045,219.8598940130803
20890800.0,600,modelica,native,True,26.965937375001545,0.0,207.0743388329612,19.400000000000034,-101.56212
20894400.0,600,modelica,native,True,25.879876254595047,0.0,-0.0,19.400000000000034,-101.56212
20898000.0,600,modelica,native,True,25.041545939002503,0.0,-0.0,20.0,-101.56212
20901600.0,600,modelica,native,True,24.288941470720317,0.0,-0.0,19.400000000000034,-101.56212
20905200.0,600,modelica,native,True,23.643677293969915,0.0,-0.0,19.400000000000034,-101.56212
20908800.0,600,modelica,native,True,22.756024404929633,0.0,-0.0,16.700000000000045,-101.56212
20912400.0,600,modelica,native,True,21.634751919749647,0.0,-0.0,15.0,-101.56212
20916000.0,600,modelica,native,True,20.81446066823753,0.0,-0.0,16.100000000000023,-101.56212
20919600.0,600,modelica,native,True,20.041043559352715,0.0,-0.0,15.0,-101.56212
20923200.0,600,modelica,native,True,19.99991736955741,98.25636084980437,-0.0,15.600000000000023,-101.56212
20926800.0,600,modelica,native,True,19.99993293967094,205.3664736906688,-0.0,15.0,-99.5695138788994
20930400.0,600,modelica,native,True,20.000071656380612,277.4207391113705,-0.0,15.0,120.1960869585394
20934000.0,600,modelica,native,True,20.00080168221075,159.7214725044039,-0.0,16.700000000000045,849.1036071504432
20937600.0,600,modelica,native,True,21.915752463091735,0.0,-0.0,18.30000000000001,1852.925069542335
20941200.0,600,modelica,native,True,24.85960644342981,0.0,-0.0,20.0,2702.102769903429
20944800.0,600,modelica,native,True,27.000982425127404,0.0,274.2809066671795,22.200000000000045,3738.754237954897
20948400.0,600,modelica,native,True,27.001026310007603,0.0,1442.191149388419,24.400000000000034,4913.653132451866
20952000.0,600,modelica,native,True,27.00017293518971,0.0,2568.983027889464,25.600000000000023,3968.091940687933
20955600.0,600,modelica,native,True,26.99926215774815,0.0,2656.697977832688,26.100000000000023,1216.712397105179
20959200.0,600,modelica,native,True,26.999952502029032,0.0,1852.639292077488,26.100000000000023,1987.277041177718
20962800.0,600,modelica,native,True,26.999779442657598,0.0,1737.430709358851,25.600000000000023,1722.372931429309
20966400.0,600,modelica,native,True,26.999541341723443,0.0,1467.138170365757,26.100000000000023,445.5096138987662
20970000.0,600,modelica,native,True,26.99961314697083,0.0,911.219258117146,23.900000000000034,235.4210661365607
20973600.0,600,modelica,native,True,26.999691179631043,0.0,461.9224466435115,22.80000000000001,5.216830994298036
20977200.0,600,modelica,native,True,26.83160788419741,0.0,98.94338420814938,20.600000000000023,-101.56212
20980800.0,600,modelica,native,True,25.87019672286175,0.0,-0.0,20.0,-101.56212
20984400.0,600,modelica,native,True,24.7372075532669,0.0,-0.0,17.80000000000001,-101.56212
20988000.0,600,modelica,native,True,23.596747813127195,0.0,-0.0,16.900000000000034,-101.56212
20991600.0,600,modelica,native,True,22.520485646736347,0.0,-0.0,16.100000000000023,-101.56212
20995200.0,600,modelica,native,True,21.476981516310047,0.0,-0.0,15.200000000000045,-101.56212
20998800.0,600,modelica,native,True,20.4580385902608,0.0,-0.0,14.300000000000011,-101.56212
21002400.0,600,modelica,native,True,19.99981010349842,64.55385505517324,-0.0,13.400000000000034,-101.56212
21006000.0,600,modelica,native,True,19.9998709561022,286.4925531721115,-0.0,12.600000000000023,-101.56212
21009600.0,600,modelica,native,True,19.99989900993961,441.419802420934,-0.0,11.700000000000045,-101.56212
21013200.0,600,modelica,native,True,19.9998622521436,583.795704396036,-0.0,9.400000000000034,-94.2743455926714
21016800.0,600,modelica,native,True,20.000140147329432,712.6392328315311,-0.0,10.0,251.6586199930294
21020400.0,600,modelica,native,True,20.000435915417142,506.2184134266112,-0.0,13.900000000000034,955.730788581384
21024000.0,600,modelica,native,True,21.04222856985683,63.38869264231788,-0.0,16.700000000000045,2061.731824761224
21027600.0,600,modelica,native,True,24.875966480821717,0.0,-0.0,18.900000000000034,3509.18489475394
21031200.0,600,modelica,native,True,27.00127835434671,0.0,457.5994566811456,22.200000000000045,4731.852558630694
21034800.0,600,modelica,native,True,27.000959500763315,0.0,1932.015859015253,23.30000000000001,5591.198072321829
21038400.0,600,modelica,native,True,27.000664041487823,0.0,3063.236861894396,26.100000000000023,5865.426670209774
21042000.0,600,modelica,native,True,27.000261774291232,0.0,3820.249067959256,27.80000000000001,5523.692681548749
21045600.0,600,modelica,native,True,26.99985547842101,0.0,4082.838478142421,27.80000000000001,4665.716807495271
21049200.0,600,modelica,native,True,26.99956341325492,0.0,3899.36779589547,29.400000000000034,3354.992473341479
21052800.0,600,modelica,native,True,26.99929133779591,0.0,3341.474119626151,28.900000000000034,1874.951931956099
21056400.0,600,modelica,native,True,26.999302804723698,0.0,2516.243027589056,29.400000000000034,747.8863725375435
21060000.0,600,modelica,native,True,26.999275461542425,0.0,1674.33083946175,26.100000000000023,110.827073824866
21063600.0,600,modelica,native,True,26.99940541860201,0.0,803.6081890847947,20.600000000000023,-101.56212
21067200.0,600,modelica,native,True,26.787656072967025,0.0,134.6760230859121,18.900000000000034,-101.56212
21070800.0,600,modelica,native,True,25.45973637369474,0.0,1.068380143907335e-05,17.80000000000001,-101.56212
21074400.0,600,modelica,native,True,24.32368685408443,0.0,-2.914004855685764e-08,17.80000000000001,-101.56212
21078000.0,600,modelica,native,True,23.386995169023805,0.0,-0.0,17.80000000000001,-101.56212
21081600.0,600,modelica,native,True,22.474670812102318,0.0,-0.0,16.700000000000045,-101.56212
21085200.0,600,modelica,native,True,21.666802831026246,0.0,-0.0,16.700000000000045,-101.56212
21088800.0,600,modelica,native,True,20.7693722047768,0.0,-0.0,15.0,-101.56212
21092400.0,600,modelica,native,True,20.000783808510732,9.174247061941358,-0.0,14.400000000000034,-101.56212
21096000.0,600,modelica,native,True,19.99989762877334,166.1709974988302,-0.0,14.400000000000034,-101.56212
21099600.0,600,modelica,native,True,19.999906163831042,301.8018033218384,-0.0,13.300000000000011,-94.01376211009335
21103200.0,600,modelica,native,True,20.000130848465744,389.0694433837467,-0.0,13.900000000000034,228.8719467138787
21106800.0,600,modelica,native,True,20.014203040575012,195.2616301684909,-0.0,17.200000000000045,953.359755459036
21110400.0,600,modelica,native,True,22.231245079041344,0.0002393415239122,-0.0,19.400000000000034,2207.141245767859
21114000.0,600,modelica,native,True,26.66182538818225,0.0,-0.0,22.200000000000045,3612.224705843466
21117600.0,600,modelica,native,True,27.001225311359235,0.0,941.3313291279476,25.600000000000023,4762.999543465959
21121200.0,600,modelica,native,True,27.00094215966044,0.0,2390.244378834831,28.30000000000001,5527.279922856282
21124800.0,600,modelica,native,True,27.000625268335,0.0,3489.087047025363,30.600000000000023,5795.272093614565
21128400.0,600,modelica,native,True,27.00028302540403,0.0,4203.825559689204,31.700000000000045,5629.712627586334
21132000.0,600,modelica,native,True,26.99995497341922,0.0,4514.842039455838,32.200000000000045,5028.949081973654
21135600.0,600,modelica,native,True,26.999316929343138,0.0,4361.610659081141,30.600000000000023,3204.919994605899
21139200.0,600,modelica,native,True,26.999278639574243,0.0,3600.616686988937,31.700000000000045,1834.861839235016
21142800.0,600,modelica,native,True,26.99920112213664,0.0,2706.485216488308,28.900000000000034,825.4420740259359
21146400.0,600,modelica,native,True,26.99932068474351,0.0,1797.547664754656,27.80000000000001,121.0153570761841
21150000.0,600,modelica,native,True,26.99944462418233,0.0,989.6125400956472,23.900000000000034,-101.56212
21153600.0,600,modelica,native,True,26.99960605364663,0.0,335.9702930402756,20.600000000000023,-101.56212
21157200.0,600,modelica,native,True,26.049773937087423,0.0,7.005490093231201,18.30000000000001,-101.56212
21160800.0,600,modelica,native,True,24.964749259040445,0.0,-0.0,18.900000000000034,-101.56212
21164400.0,600,modelica,native,True,24.124454360471645,0.0,-0.0,18.900000000000034,-101.56212
21168000.0,600,modelica,native,True,23.194719810663344,0.0,-0.0,17.200000000000045,-101.56212
21171600.0,600,modelica,native,True,22.25199794953693,0.0,-0.0,16.700000000000045,-101.56212
21175200.0,600,modelica,native,True,21.93703453921171,0.0,-0.0,20.0,-101.56212
21178800.0,600,modelica,native,True,21.130788461049747,0.0,-0.0,15.0,-101.56212
21182400.0,600,modelica,native,True,20.219325002817243,0.0,-0.0,15.0,-101.56212
21186000.0,600,modelica,native,True,19.99993017139883,48.5053700097402,-0.0,16.100000000000023,-101.56212
21189600.0,600,modelica,native,True,20.000079393975,170.4977250994576,-0.0,15.0,199.2728336520776
21193200.0,600,modelica,native,True,20.392535910366632,67.87062623924679,-0.0,18.900000000000034,932.4215155941072
21196800.0,600,modelica,native,True,23.09173832322341,0.0,-0.0,22.80000000000001,2120.710282723142
21200400.0,600,modelica,native,True,26.99539842744855,0.0,58.56115406089359,25.600000000000023,3584.259666602069
21204000.0,600,modelica,native,True,27.00119385363314,0.0,1296.767263681624,28.30000000000001,4829.549626430595
21207600.0,600,modelica,native,True,27.000933771447137,0.0,2694.852254112562,30.600000000000023,5638.600636298081
21211200.0,600,modelica,native,True,27.000603134046344,0.0,3788.431865957578,32.80000000000001,5886.771072374438
21214800.0,600,modelica,native,True,27.000273225614137,0.0,4414.637738672892,32.80000000000001,5715.917541138291
21218400.0,600,modelica,native,True,26.999881375523103,0.0,4694.816064774725,33.900000000000034,4888.756495519021
21222000.0,600,modelica,native,True,26.999364051321095,0.0,4503.468121025297,32.80000000000001,3270.555464903464
21225600.0,600,modelica,native,True,26.999172456949623,0.0,3740.170464597808,30.600000000000023,1903.347045301331
21229200.0,600,modelica,native,True,26.99920299330114,0.0,2781.411339039273,30.0,781.1462587594885
21232800.0,600,modelica,native,True,26.99926370312363,0.0,1838.944019849565,27.200000000000045,85.30930261819769
21236400.0,600,modelica,native,True,26.999451240345536,0.0,980.9235621500015,23.900000000000034,-101.56212
21240000.0,600,modelica,native,True,26.987805172074616,0.0,289.2081196424696,18.30000000000001,-101.56212
21243600.0,600,modelica,native,True,25.77097053088454,0.0,0.0001527505450778,18.30000000000001,-101.56212
21247200.0,600,modelica,native,True,24.362360122642144,0.0,-2.951092190212674e-07,16.100000000000023,-101.56212
21250800.0,600,modelica,native,True,23.327981365657536,0.0,-0.0,17.80000000000001,-101.56212
21254400.0,600,modelica,native,True,22.337213032100237,0.0,-0.0,16.100000000000023,-101.56212
21258000.0,600,modelica,native,True,22.23933252830443,0.0,-0.0,21.700000000000045,-101.56212
21261600.0,600,modelica,native,True,22.142179042029113,0.0,-0.0,20.0,-101.56212
21265200.0,600,modelica,native,True,21.621060548972537,0.0,-0.0,17.80000000000001,-101.56212
21268800.0,600,modelica,native,True,21.145893697041117,0.0,-0.0,17.80000000000001,-101.56212
21272400.0,600,modelica,native,True,20.75897478086,0.0,-0.0,17.80000000000001,-101.56212
21276000.0,600,modelica,native,True,20.31602337945361,0.0,-0.0,16.700000000000045,182.1742996631943
21279600.0,600,modelica,native,True,21.212989110140143,0.0,-0.0,20.0,932.3212545513796
21283200.0,600,modelica,native,True,23.844015621177505,0.0,-0.0,22.80000000000001,2157.410493174007
21286800.0,600,modelica,native,True,27.000208291234344,0.0,137.1744116751353,26.100000000000023,3617.748217441001
21290400.0,600,modelica,native,True,27.00114597470764,0.0,1454.447178604868,27.80000000000001,4986.590335967837
21294000.0,600,modelica,native,True,27.000832118630512,0.0,2793.491955462032,29.400000000000034,5684.262201610201
21297600.0,600,modelica,native,True,27.0004719816381,0.0,3755.292966914707,30.0,5816.443287511253
21301200.0,600,modelica,native,True,27.000194556733106,0.0,4307.482079367637,30.600000000000023,5640.828087962166
21304800.0,600,modelica,native,True,26.999801193568942,0.0,4497.391556368933,30.0,4823.54739029091
21308400.0,600,modelica,native,True,26.999524474165412,0.0,4248.898039383888,31.100000000000023,3485.779969957004
21312000.0,600,modelica,native,True,26.999286763130726,0.0,3659.245874393781,31.100000000000023,2024.499093448507
21315600.0,600,modelica,native,True,26.99920127778904,0.0,2812.970652955373,30.600000000000023,769.8112607664236
21319200.0,600,modelica,native,True,26.999280023613835,0.0,1880.296649188466,27.80000000000001,103.4868109965222
21322800.0,600,modelica,native,True,26.999479516028998,0.0,1039.893602028423,25.0,-101.56212
21326400.0,600,modelica,native,True,26.99973615097423,0.0,445.3591952440474,23.900000000000034,-101.56212
21330000.0,600,modelica,native,True,26.999868865967244,0.0,132.3501047637727,23.900000000000034,-101.56212
21333600.0,600,modelica,native,True,26.7921709678439,0.0,5.159612906244066,23.900000000000034,-101.56212
21337200.0,600,modelica,native,True,26.483866995889002,0.0,-0.0,23.900000000000034,-101.56212
21340800.0,600,modelica,native,True,25.970015843235615,0.0,-0.0,21.700000000000045,-101.56212
21344400.0,600,modelica,native,True,25.101216198738598,0.0,-0.0,19.400000000000034,-101.56212
21348000.0,600,modelica,native,True,24.364269093748817,0.0,-0.0,20.0,-101.56212
21351600.0,600,modelica,native,True,23.499489080157048,0.0,-0.0,17.80000000000001,-101.56212
21355200.0,600,modelica,native,True,22.61776162477321,0.0,-0.0,17.200000000000045,-101.56212
21358800.0,600,modelica,native,True,21.720482992484335,0.0,-0.0,16.100000000000023,-101.56212
21362400.0,600,modelica,native,True,20.991201972406998,0.0,-0.0,16.100000000000023,250.044211619472
21366000.0,600,modelica,native,True,21.52895271622225,0.0,-0.0,17.80000000000001,842.4432537775107
21369600.0,600,modelica,native,True,23.496493261096305,0.0,-0.0,22.80000000000001,1960.868367219711
21373200.0,600,modelica,native,True,26.999649417796604,0.0,129.2572893518872,26.700000000000045,3834.345165265878
21376800.0,600,modelica,native,True,27.001175452555913,0.0,1500.531359359423,28.30000000000001,5100.927499731804
21380400.0,600,modelica,native,True,27.000858319068016,0.0,2881.895876235432,30.0,5779.772585100991
21384000.0,600,modelica,native,True,27.000526136304813,0.0,3880.578782479498,30.600000000000023,6081.202995427933
21387600.0,600,modelica,native,True,26.999645969310848,0.0,4413.875585881339,30.0,4366.46804731491
21391200.0,600,modelica,native,True,26.9995563503594,0.0,3931.146010564168,30.600000000000023,3069.102695995556
21394800.0,600,modelica,native,True,26.999352309000813,0.0,3382.509561798307,31.100000000000023,1941.269645690229
21398400.0,600,modelica,native,True,26.999579037239243,0.0,2655.313662813504,31.700000000000045,1339.085942049116
21402000.0,600,modelica,native,True,26.99948895216903,0.0,2077.38990146637,29.400000000000034,862.6683102497369
21405600.0,600,modelica,native,True,26.999422605922234,0.0,1486.34018313037,27.200000000000045,72.20982008431294
21409200.0,600,modelica,native,True,26.999580599419744,0.0,821.952570274671,25.0,-101.56212
21412800.0,600,modelica,native,True,26.99963091342522,0.0,299.3332685221566,21.100000000000023,-101.56212
21416400.0,600,modelica,native,True,26.11027400276123,0.0,5.129003229671055,18.900000000000034,-101.56212
21420000.0,600,modelica,native,True,25.265441715068903,0.0,3.178914388020834e-09,20.600000000000023,-101.56212
21423600.0,600,modelica,native,True,24.349312340509243,0.0,-0.0,18.30000000000001,-101.56212
21427200.0,600,modelica,native,True,23.819387782015838,0.0,-0.0,20.600000000000023,-101.56212
21430800.0,600,modelica,native,True,23.00475537938553,0.0,-0.0,17.200000000000045,-101.56212
21434400.0,600,modelica,native,True,21.999591318258524,0.0,-0.0,16.100000000000023,-101.56212
21438000.0,600,modelica,native,True,21.318783366359526,0.0,-0.0,17.200000000000045,-101.56212
21441600.0,600,modelica,native,True,20.65448873593681,0.0,-0.0,16.100000000000023,-101.56212
21445200.0,600,modelica,native,True,20.210524886765313,0.0,-0.0,17.200000000000045,-101.56212
21448800.0,600,modelica,native,True,20.000004243804995,31.69980638133155,-0.0,15.600000000000023,247.6908646221183
21452400.0,600,modelica,native,True,20.322495154817545,22.8083735815684,-0.0,15.600000000000023,1009.477956645772
21456000.0,600,modelica,native,True,22.137782907254348,1.536475287543403e-08,-0.0,17.80000000000001,1914.04083120992
21459600.0,600,modelica,native,True,25.21145979558264,0.0,-0.0,18.900000000000034,2470.892073720061
21463200.0,600,modelica,native,True,27.000565030179928,0.0,148.7002380487654,21.700000000000045,2498.41582350215
21466800.0,600,modelica,native,True,27.00003302541853,0.0,836.0461768277486,22.200000000000045,1684.435127642889
21470400.0,600,modelica,native,True,27.000826136883347,0.0,898.2589681620068,21.700000000000045,3720.099436656954
21474000.0,600,modelica,native,True,27.00112398459953,0.0,1912.189973889457,22.200000000000045,6310.385066339316
21477600.0,600,modelica,native,True,26.9996158864285,0.0,3071.71116335392,24.400000000000034,3177.897433938764
21481200.0,600,modelica,native,True,26.999406740455925,0.0,2646.599048144552,25.0,1644.537999124233
21484800.0,600,modelica,native,True,26.999747742199304,0.0,1970.308760576248,25.0,1828.613920338244
21488400.0,600,modelica,native,True,26.9994467814048,0.0,1606.247406710519,24.400000000000034,648.8933284757462
21492000.0,600,modelica,native,True,26.999442729501595,0.0,961.5320692147149,22.80000000000001,-95.14568363322256
21495600.0,600,modelica,native,True,26.999654053472227,0.0,321.4931071154277,21.100000000000023,-101.56212
21499200.0,600,modelica,native,True,26.19858048653873,0.0,9.82874465200636,18.900000000000034,-101.56212
21502800.0,600,modelica,native,True,25.031217103772235,0.0,-1.965628729926215e-07,18.30000000000001,-101.56212
21506400.0,600,modelica,native,True,23.85377432938344,0.0,1.059638129340278e-09,16.700000000000045,-101.56212
21510000.0,600,modelica,native,True,22.411665705076132,0.0,-0.0,13.900000000000034,-101.56212
21513600.0,600,modelica,native,True,21.085906724375945,0.0,-0.0,13.900000000000034,-101.56212
21517200.0,600,modelica,native,True,20.192979386702234,0.0,-0.0,15.0,-101.56212
21520800.0,600,modelica,native,True,19.999861213564145,83.69827380445268,-0.0,14.400000000000034,-101.56212
21524400.0,600,modelica,native,True,19.999953227344236,232.2917920806673,-0.0,15.0,-101.56212
21528000.0,600,modelica,native,True,19.999896771128647,328.5522719065348,-0.0,12.800000000000011,-101.56212
21531600.0,600,modelica,native,True,20.00001964285525,412.7530897029241,-0.0,14.400000000000034,-101.56212
21535200.0,600,modelica,native,True,20.0001170640885,407.8964480977588,-0.0,13.900000000000034,222.4350274810994
21538800.0,600,modelica,native,True,20.000462621195197,222.0862335904439,-0.0,16.100000000000023,1066.658876656493
21542400.0,600,modelica,native,True,22.289820405960427,0.0015741364161173,-0.0,19.400000000000034,2319.697738333072
21546000.0,600,modelica,native,True,26.903948260116124,0.0,-0.0,22.200000000000045,3887.969174437974
21549600.0,600,modelica,native,True,27.001252967390997,0.0,1080.001137559149,24.400000000000034,5208.556881533889
21553200.0,600,modelica,native,True,27.00093550649865,0.0,2537.260871150759,26.700000000000045,5895.029747509769
21556800.0,600,modelica,native,True,27.00061561657634,0.0,3604.730429584185,28.900000000000034,6104.093532740452
21560400.0,600,modelica,native,True,27.000251790815696,0.0,4293.308369365268,30.600000000000023,5798.451737938921
21564000.0,600,modelica,native,True,26.999881197455295,0.0,4580.061754192247,31.100000000000023,5021.671972234484
21567600.0,600,modelica,native,True,26.999537172630596,0.0,4403.52917752266,31.700000000000045,3668.881673471458
21571200.0,600,modelica,native,True,26.999245457354846,0.0,3818.165495845477,31.700000000000045,2055.614607303965
21574800.0,600,modelica,native,True,26.999151760488303,0.0,2916.162171586354,30.600000000000023,732.4554435827058
21578400.0,600,modelica,native,True,26.999246377195504,0.0,1918.450928644604,27.80000000000001,74.68368552594498
21582000.0,600,modelica,native,True,26.999443064000843,0.0,1009.96742729134,23.30000000000001,-101.56212
21585600.0,600,modelica,native,True,26.99974164273965,0.0,378.4429897371928,23.30000000000001,-101.56212
21589200.0,600,modelica,native,True,26.940490696746338,0.0,71.56276671409607,22.80000000000001,-101.56212
21592800.0,600,modelica,native,True,26.04366473974534,0.0,-0.0,20.0,-101.56212
21596400.0,600,modelica,native,True,25.17916851651671,0.0,-0.0,20.0,-101.56212
21600000.0,600,modelica,native,True,24.404724450546098,0.0,-0.0,19.400000000000034,-101.56212
21603600.0,600,modelica,native,True,23.579371203989126,0.0,-0.0,18.30000000000001,-101.56212
21607200.0,600,modelica,native,True,22.705236504002414,0.0,-0.0,17.200000000000045,-101.56212
21610800.0,600,modelica,native,True,21.930977854198034,0.0,-0.0,17.200000000000045,-101.56212
21614400.0,600,modelica,native,True,20.860181967439303,0.0,-0.0,13.900000000000034,-101.56212
21618000.0,600,modelica,native,True,20.194432347145835,0.0,-0.0,16.700000000000045,-101.56212
21621600.0,600,modelica,native,True,20.000022343523426,60.07111232651604,-0.0,15.0,181.0872911538789
21625200.0,600,modelica,native,True,20.637232913101343,33.69055698182848,-0.0,19.400000000000034,1065.48394180285
21628800.0,600,modelica,native,True,23.669952858469628,-5.298190646701389e-10,-0.0,23.30000000000001,2295.790496115703
21632400.0,600,modelica,native,True,26.999848420696708,0.0,116.9036421685749,24.400000000000034,3788.026245210878
21636000.0,600,modelica,native,True,27.000746007919304,0.0,1395.592532354461,26.700000000000045,3942.989822589518
21639600.0,600,modelica,native,True,27.000812764896295,0.0,2171.248052844471,28.30000000000001,4614.176182825173
21643200.0,600,modelica,native,True,27.00103209049371,0.0,3177.46599705961,31.100000000000023,6582.431122021972
21646800.0,600,modelica,native,True,26.99996031829221,0.0,4276.474042517344,31.700000000000045,4920.161727668309
21650400.0,600,modelica,native,True,26.999832479154634,0.0,4200.666300972833,31.700000000000045,4145.845660902279
21654000.0,600,modelica,native,True,26.999192211841603,0.0,3950.005671289232,32.80000000000001,2099.111632321843
21657600.0,600,modelica,native,True,26.999095665607115,0.0,3032.077342530886,32.0,469.5304708215457
21661200.0,600,modelica,native,True,26.999363702595645,0.0,1964.113819570012,29.400000000000034,253.3748901533026
21664800.0,600,modelica,native,True,26.999531810422297,0.0,1222.67531686359,27.80000000000001,-61.96682528773995
21668400.0,600,modelica,native,True,26.99963529297122,0.0,645.2503490861257,24.400000000000034,-101.56212
21672000.0,600,modelica,native,True,26.9998305397055,0.0,233.0567657661438,23.900000000000034,-101.56212
21675600.0,600,modelica,native,True,26.982808481234144,0.0,38.57865253660414,24.400000000000034,-101.56212
21679200.0,600,modelica,native,True,26.752277253963427,0.0,-0.0,24.400000000000034,-101.56212
21682800.0,600,modelica,native,True,26.390658272479413,0.0,-0.0,23.30000000000001,-101.56212
21686400.0,600,modelica,native,True,25.968340446512116,0.0,-0.0,22.80000000000001,-101.56212
21690000.0,600,modelica,native,True,25.610044393698843,0.0,-0.0,22.80000000000001,-101.56212
21693600.0,600,modelica,native,True,25.24475662622092,0.0,-0.0,22.200000000000045,-101.56212
21697200.0,600,modelica,native,True,24.711082840546737,0.0,-0.0,20.600000000000023,-101.56212
21700800.0,600,modelica,native,True,23.567990345681608,0.0,-0.0,16.100000000000023,-101.56212
21704400.0,600,modelica,native,True,22.865698728617645,0.0,-0.0,19.400000000000034,-101.56212
21708000.0,600,modelica,native,True,22.27428332474284,0.0,-0.0,17.80000000000001,224.9120324062524
21711600.0,600,modelica,native,True,23.274919886767748,0.0,-0.0,21.700000000000045,1104.801225916597
21715200.0,600,modelica,native,True,26.223664011503047,0.0,-0.0,25.0,2401.389809140587
21718800.0,600,modelica,native,True,27.00115331325344,0.0,624.6543223608865,27.200000000000045,3992.572903825673
21722400.0,600,modelica,native,True,27.00048123327781,0.0,1934.246404130724,27.200000000000045,3722.649860214005
21726000.0,600,modelica,native,True,27.0006376980013,0.0,2432.854586775038,28.30000000000001,4460.071840006382
21729600.0,600,modelica,native,True,27.000913895943143,0.0,3225.719038467407,30.600000000000023,6325.67732090977
21733200.0,600,modelica,native,True,27.000266800951408,0.0,4230.307238594691,31.700000000000045,5698.442692422092
21736800.0,600,modelica,native,True,26.999180321770723,0.0,4435.086973766221,30.600000000000023,3011.07370594289
21740400.0,600,modelica,native,True,26.99903704049791,0.0,3482.42227148056,30.0,1121.185194288618
21744000.0,600,modelica,native,True,26.999138286349535,0.0,2279.455060176849,24.400000000000034,580.4321193222631
21747600.0,600,modelica,native,True,26.99945593620822,0.0,1303.324212603569,25.0,73.51791837186455
21751200.0,600,modelica,native,True,26.999620577699716,0.0,663.8886778635449,23.900000000000034,-74.14691525646845
21754800.0,600,modelica,native,True,26.999716894062715,0.0,211.6887436347538,21.700000000000045,-101.56212
21758400.0,600,modelica,native,True,26.167480211574798,0.0,1.017460878690084,20.0,-101.56212
21762000.0,600,modelica,native,True,25.36472476830164,0.0,-0.0,20.600000000000023,-101.56212
21765600.0,600,modelica,native,True,24.802251281947633,0.0,-0.0,21.100000000000023,-101.56212
21769200.0,600,modelica,native,True,24.436688250592738,0.0,-0.0,21.700000000000045,-101.56212
21772800.0,600,modelica,native,True,24.169854709622143,0.0,-0.0,21.700000000000045,-101.56212
21776400.0,600,modelica,native,True,23.85230580136033,0.0,-0.0,21.100000000000023,-101.56212
21780000.0,600,modelica,native,True,23.647768112263407,0.0,-0.0,21.700000000000045,-101.56212
21783600.0,600,modelica,native,True,23.419839475551328,0.0,-0.0,21.100000000000023,-101.56212
21787200.0,600,modelica,native,True,23.208419747977246,0.0,-0.0,21.100000000000023,-101.56212
21790800.0,600,modelica,native,True,23.03555091652123,0.0,-0.0,21.100000000000023,-101.56212
21794400.0,600,modelica,native,True,22.747200339444703,0.0,-0.0,20.0,-74.83564947188182
21798000.0,600,modelica,native,True,23.16241933388261,0.0,-0.0,23.30000000000001,354.573512279863
21801600.0,600,modelica,native,True,24.5175705838534,0.0,-0.0,23.30000000000001,1074.598658230345
21805200.0,600,modelica,native,True,26.987359646392235,0.0,11.85590829001533,22.80000000000001,3005.489105360848
21808800.0,600,modelica,native,True,27.001240322386195,0.0,948.364333249728,24.400000000000034,4916.171318433306
21812400.0,600,modelica,native,True,27.001169563212898,0.0,2468.3374801747,28.900000000000034,6237.640627709756
21816000.0,600,modelica,native,True,27.000554725647532,0.0,3744.234126455519,28.30000000000001,6264.278881394003
21819600.0,600,modelica,native,True,27.000263043804296,0.0,4385.94087164667,30.0,5952.454844612505
21823200.0,600,modelica,native,True,26.999886633778203,0.0,4648.939417192141,31.700000000000045,5006.165231264733
21826800.0,600,modelica,native,True,26.99947475681813,0.0,4451.711712707944,31.100000000000023,3656.512278226499
21830400.0,600,modelica,native,True,26.999260875767845,0.0,3819.151301137606,31.700000000000045,2075.554972699785
21834000.0,600,modelica,native,True,26.99913894324021,0.0,2925.81559472349,30.600000000000023,731.7426968784671
21837600.0,600,modelica,native,True,26.999246133684835,0.0,1918.663695246908,27.80000000000001,59.20231248079919
21841200.0,600,modelica,native,True,26.999446070591432,0.0,1036.01968902111,24.400000000000034,-101.56212
21844800.0,600,modelica,native,True,26.99956248513405,0.0,362.6139760557811,20.0,-101.56212
21848400.0,600,modelica,native,True,26.15194912317122,0.0,6.265754941304524,19.400000000000034,-101.56212
21852000.0,600,modelica,native,True,25.4969682584657,0.0,-0.0,21.700000000000045,-101.56212
21855600.0,600,modelica,native,True,25.072439338117306,0.0,-0.0,21.700000000000045,-101.56212
21859200.0,600,modelica,native,True,24.430865676548308,0.0,-0.0,20.0,-101.56212
21862800.0,600,modelica,native,True,23.850921025333832,0.0,-0.0,20.0,-101.56212
21866400.0,600,modelica,native,True,23.376620348518145,0.0,-0.0,20.0,-101.56212
21870000.0,600,modelica,native,True,22.619582749460506,0.0,-0.0,17.200000000000045,-101.56212
21873600.0,600,modelica,native,True,21.79696275192265,0.0,-0.0,16.700000000000045,-101.56212
21877200.0,600,modelica,native,True,20.95740334647104,0.0,-0.0,15.600000000000023,-101.56212
21880800.0,600,modelica,native,True,20.167944253731036,0.0,-0.0,15.0,208.563335739155
21884400.0,600,modelica,native,True,21.070075351365404,0.0,-0.0,19.400000000000034,1090.440332641967
21888000.0,600,modelica,native,True,23.992934693653694,0.0,-0.0,22.80000000000001,2419.9782147783
21891600.0,600,modelica,native,True,27.000833582007942,0.0,194.0447297371758,25.0,3931.527252509668
21895200.0,600,modelica,native,True,27.00115535920645,0.0,1566.425830094549,26.700000000000045,5280.077441460262
21898800.0,600,modelica,native,True,27.00089327474865,0.0,2922.548900985718,28.30000000000001,6146.813049166763
21902400.0,600,modelica,native,True,27.000539742412627,0.0,3976.590970339245,29.400000000000034,6380.289476156556
21906000.0,600,modelica,native,True,27.000188126297644,0.0,4590.279958991475,30.0,6058.700527812626
21909600.0,600,modelica,native,True,26.999848892782836,0.0,4785.995378078885,31.100000000000023,5167.716040490101
21913200.0,600,modelica,native,True,26.99947824077691,0.0,4565.222576751709,31.700000000000045,3734.12797501631
21916800.0,600,modelica,native,True,26.99920268628631,0.0,3917.913336085744,31.100000000000023,2143.276949443083
21920400.0,600,modelica,native,True,26.999100009729545,0.0,2963.248026333385,30.0,729.1130898624434
21924000.0,600,modelica,native,True,26.999156520282497,0.0,1893.568559407658,26.100000000000023,17.73360327522986
21927600.0,600,modelica,native,True,26.999385506804003,0.0,898.2145215993457,21.100000000000023,-101.56212
21931200.0,600,modelica,native,True,26.99944780074412,0.0,205.7546409246657,20.600000000000023,-101.56212
21934800.0,600,modelica,native,True,26.262508306682207,0.0,0.0020298571056789,21.100000000000023,-101.56212
21938400.0,600,modelica,native,True,25.577579630751643,0.0,1.3245476616753471e-08,21.100000000000023,-101.56212
21942000.0,600,modelica,native,True,24.772159445439513,0.0,-0.0,19.400000000000034,-101.56212
21945600.0,600,modelica,native,True,23.960803472884436,0.0,-0.0,18.900000000000034,-101.56212
21949200.0,600,modelica,native,True,23.035899250513125,0.0,-0.0,17.200000000000045,-101.56212
21952800.0,600,modelica,native,True,22.206978967571047,0.0,-0.0,17.200000000000045,-101.56212
21956400.0,600,modelica,native,True,21.46814901243721,0.0,-0.0,16.700000000000045,-101.56212
21960000.0,600,modelica,native,True,21.2170651665665,0.0,-0.0,19.400000000000034,-101.56212
21963600.0,600,modelica,native,True,20.263155110257117,0.0,-0.0,12.800000000000011,-101.56212
21967200.0,600,modelica,native,True,19.999911725332822,199.4125035365423,-0.0,10.600000000000023,164.3583780137246
21970800.0,600,modelica,native,True,20.039887863472643,204.7262797482808,-0.0,17.200000000000045,1058.179426379989
21974400.0,600,modelica,native,True,22.757365578301517,-0.0001025931040445,-0.0,21.100000000000023,2480.605805844232
21978000.0,600,modelica,native,True,26.994750718874343,3.231896294487848e-08,61.35584115558201,23.900000000000034,4034.691364591201
21981600.0,600,modelica,native,True,27.001182519468898,0.0,1355.199953271018,25.600000000000023,5271.985187239272
21985200.0,600,modelica,native,True,27.000871145301403,0.0,2732.477380158106,25.600000000000023,6162.331872344224
21988800.0,600,modelica,native,True,27.000556153928926,0.0,3732.586138238907,26.700000000000045,6384.300367426663
21992400.0,600,modelica,native,True,27.000245296501248,0.0,4350.640868673854,28.30000000000001,6073.729367257754
21996000.0,600,modelica,native,True,26.9999269223963,0.0,4594.40281656848,29.400000000000034,5341.402781008249
21999600.0,600,modelica,native,True,26.9994719428924,0.0,4431.997078831991,30.0,3734.723574797074
22003200.0,600,modelica,native,True,26.99929595384964,0.0,3788.664082270728,30.600000000000023,2221.159617760189
22006800.0,600,modelica,native,True,26.99896185023954,0.0,2860.283172580401,27.200000000000045,598.9550392044059
22010400.0,600,modelica,native,True,26.999235403314344,0.0,1696.571452958319,25.600000000000023,-84.85833045791617
22014000.0,600,modelica,native,True,26.999463415253615,0.0,772.6344640143712,21.700000000000045,-101.56212
22017600.0,600,modelica,native,True,26.999623537580533,0.0,181.2637550036112,21.100000000000023,-101.56212
22021200.0,600,modelica,native,True,25.670113424654403,0.0,-0.3500893831253052,16.700000000000045,-101.56212
22024800.0,600,modelica,native,True,23.969253509114424,0.0,-0.0,14.400000000000034,-101.56212
22028400.0,600,modelica,native,True,22.27352511508451,0.0,-0.0,12.800000000000011,-101.56212
22032000.0,600,modelica,native,True,20.763402319880925,0.0,-0.0,12.200000000000045,-101.56212
22035600.0,600,modelica,native,True,19.99965169069884,104.9425115150875,-0.0,9.400000000000034,-101.56212
22039200.0,600,modelica,native,True,19.999722340217147,519.0981973038779,-0.0,6.7000000000000455,-101.56212
22042800.0,600,modelica,native,True,19.9999606608784,789.7685976823171,-0.0,8.300000000000011,-101.56212
22046400.0,600,modelica,native,True,19.999982552459244,847.0099408690135,-0.0,8.900000000000034,-101.56212
22050000.0,600,modelica,native,True,19.99994667277332,886.4921597009235,-0.0,7.800000000000011,-101.56212
22053600.0,600,modelica,native,True,20.00009112981263,932.7115786732568,-0.0,8.300000000000011,93.90795533508444
22057200.0,600,modelica,native,True,20.00042452361282,763.2660420698589,-0.0,10.600000000000023,1028.675423418275
22060800.0,600,modelica,native,True,20.00038504596114,264.2541686688529,-0.0,11.700000000000045,1505.386215142344
22064400.0,600,modelica,native,True,21.173099674256434,0.1409383281071981,-0.0,13.300000000000011,1975.747727112153
22068000.0,600,modelica,native,True,25.00135508000244,0.0,-0.0,15.0,4742.609842502414
22071600.0,600,modelica,native,True,27.001430374447807,0.0,687.6111013158162,17.200000000000045,6134.070073666649
22075200.0,600,modelica,native,True,27.0008503842447,0.0,2344.355889291233,18.900000000000034,6411.74404575822
22078800.0,600,modelica,native,True,27.000323892757308,0.0,3303.193400970565,19.400000000000034,6049.247099196356
22082400.0,600,modelica,native,True,26.999941700274803,0.0,3672.930349885093,20.0,5297.016012770311
22086000.0,600,modelica,native,True,26.999211990733897,0.0,3528.822215167681,18.900000000000034,3209.138508917752
22089600.0,600,modelica,native,True,26.9989166851733,0.0,2559.286434475051,18.900000000000034,904.2886596948948
22093200.0,600,modelica,native,True,26.999157285092735,0.0,1278.962041760551,17.200000000000045,94.06556826121788
22096800.0,600,modelica,native,True,26.969510457203,0.0,306.9378092548582,16.100000000000023,-68.8693478097265
22100400.0,600,modelica,native,True,25.346009095870613,0.0,0.0001780695385403,15.600000000000023,-101.56212
22104000.0,600,modelica,native,True,23.229923241681433,0.0,1.022550794813368e-07,11.100000000000023,-101.56212
22107600.0,600,modelica,native,True,21.30740842791755,0.0,-0.0,11.100000000000023,-101.56212
22111200.0,600,modelica,native,True,20.000551232236205,25.16356783760919,-0.0,10.600000000000023,-101.56212
22114800.0,600,modelica,native,True,19.99979613928724,333.5696838341819,-0.0,10.0,-101.56212
22118400.0,600,modelica,native,True,19.999875566466642,574.6859914451176,-0.0,9.400000000000034,-101.56212
22122000.0,600,modelica,native,True,19.99992285939311,721.1944908820258,-0.0,8.900000000000034,-101.56212
22125600.0,600,modelica,native,True,19.999981457358842,797.9858088758257,-0.0,9.400000000000034,-101.56212
22129200.0,600,modelica,native,True,19.99996954810183,829.3700711435741,-0.0,8.900000000000034,-101.56212
22132800.0,600,modelica,native,True,19.999985773530796,860.9360887013542,-0.0,8.900000000000034,-101.56212
22136400.0,600,modelica,native,True,19.9999703337175,886.4785681740443,-0.0,8.300000000000011,-101.56212
22140000.0,600,modelica,native,True,20.000121146893207,904.3246941132016,-0.0,8.900000000000034,168.1843860375403
22143600.0,600,modelica,native,True,20.000465172037195,708.0967268837823,-0.0,10.600000000000023,1170.454005765667
22147200.0,600,modelica,native,True,20.9055239137424,157.0783759366142,-0.0,15.0,2726.864999030633
22150800.0,600,modelica,native,True,25.712420092939794,0.0,-0.0,17.80000000000001,4294.003624278901
22154400.0,600,modelica,native,True,27.00125951119543,0.0,737.6253493436178,19.400000000000034,5440.617122734095
22158000.0,600,modelica,native,True,27.00088862291551,0.0,2224.434060437414,20.600000000000023,6120.197585176732
22161600.0,600,modelica,native,True,27.000619678363535,0.0,3275.784522048103,21.700000000000045,6602.646442925196
22165200.0,600,modelica,native,True,26.9992316138663,0.0,3895.757020936012,20.600000000000023,3750.268017761349
22168800.0,600,modelica,native,True,26.9987134261317,0.0,2892.388989636103,19.400000000000034,590.6169261973107
22172400.0,600,modelica,native,True,26.999076996908798,0.0,1303.971694314745,13.0,390.2551410040203
22176000.0,600,modelica,native,True,26.999702327515024,0.0,286.4793774535921,15.0,552.6649421125662
22179600.0,600,modelica,native,True,26.44785983262733,0.0,1.579979548984104,15.0,522.0216229362359
22183200.0,600,modelica,native,True,25.033770173961443,0.0,-0.0,13.300000000000011,20.96419348236936
22186800.0,600,modelica,native,True,22.875362833104816,0.0,-0.0,10.600000000000023,-101.56212
22190400.0,600,modelica,native,True,20.608564390935328,0.0,-0.0,8.300000000000011,-101.56212
22194000.0,600,modelica,native,True,19.99976857583465,154.4990707577599,-0.0,10.600000000000023,-101.56212
22197600.0,600,modelica,native,True,19.99983601975555,462.4880959833993,-0.0,9.400000000000034,-101.56212
22201200.0,600,modelica,native,True,19.999940625755812,644.1813245746824,-0.0,10.0,-101.56212
22204800.0,600,modelica,native,True,19.999967612885428,716.1632006756464,-0.0,10.0,-101.56212
22208400.0,600,modelica,native,True,19.999983338761012,753.8965654902988,-0.0,10.0,-101.56212
22212000.0,600,modelica,native,True,19.999924826746337,803.126004251904,-0.0,8.300000000000011,-101.56212
22215600.0,600,modelica,native,True,19.99998041225433,880.584942829344,-0.0,8.300000000000011,-101.56212
22219200.0,600,modelica,native,True,20.00001195213315,900.4734499004152,-0.0,8.900000000000034,-101.56212
22222800.0,600,modelica,native,True,19.999997219059196,891.9086239433288,-0.0,8.900000000000034,-101.56212
22226400.0,600,modelica,native,True,20.00010078772391,918.068886349996,-0.0,7.800000000000011,155.1213320986163
22230000.0,600,modelica,native,True,20.000494759309845,737.1470404873954,-0.0,11.100000000000023,1138.013469244309
22233600.0,600,modelica,native,True,20.693462338113704,165.6756647396088,-0.0,14.400000000000034,2527.137000289655
22237200.0,600,modelica,native,True,25.202185386012047,-3.263685438368055e-07,-0.0,18.30000000000001,4070.325307915089
22240800.0,600,modelica,native,True,27.00133918010522,-1.059638129340278e-09,623.1559834644529,20.600000000000023,5355.211866548245
22244400.0,600,modelica,native,True,27.00100129029022,0.0,2197.310979408158,22.200000000000045,6224.736391439329
22248000.0,600,modelica,native,True,27.00059667807875,0.0,3359.855045577155,23.30000000000001,6465.392310189171
22251600.0,600,modelica,native,True,27.00021815158675,0.0,4042.528817692333,23.900000000000034,6158.224249466852
22255200.0,600,modelica,native,True,26.999843852597735,0.0,4268.033037471241,24.400000000000034,5279.714781051758
22258800.0,600,modelica,native,True,26.999502333693727,0.0,4054.826195210351,25.0,3900.688772022705
22262400.0,600,modelica,native,True,26.999199702103397,0.0,3426.637191929817,25.0,2177.428557135785
22266000.0,600,modelica,native,True,26.999089702664037,0.0,2473.432142308553,24.400000000000034,719.1456165635549
22269600.0,600,modelica,native,True,26.999169346602116,0.0,1393.629603092405,20.600000000000023,5.686919927493559
22273200.0,600,modelica,native,True,26.999431820766347,0.0,433.6909849156274,17.200000000000045,-101.56212
22276800.0,600,modelica,native,True,25.57139549621013,0.0,2.368552145428128,15.600000000000023,-101.56212
22280400.0,600,modelica,native,True,24.26410142042471,0.0,-0.0,17.200000000000045,-101.56212
22284000.0,600,modelica,native,True,23.04220749832632,0.0,-0.0,15.600000000000023,-101.56212
22287600.0,600,modelica,native,True,21.627754994278746,0.0,-0.0,13.300000000000011,-101.56212
22291200.0,600,modelica,native,True,20.196465460826005,0.0,-0.0,12.200000000000045,-101.56212
22294800.0,600,modelica,native,True,19.9998807962952,130.7438283703062,-0.0,13.900000000000034,-101.56212
22298400.0,600,modelica,native,True,19.99979022586723,355.392069272995,-0.0,10.0,-101.56212
22302000.0,600,modelica,native,True,20.000016042563402,519.837934469117,-0.0,13.300000000000011,-101.56212
22305600.0,600,modelica,native,True,19.999923126226406,543.1748793347676,-0.0,11.100000000000023,-101.56212
22309200.0,600,modelica,native,True,19.999975471463017,625.5189587805006,-0.0,11.100000000000023,-101.56212
22312800.0,600,modelica,native,True,20.00008923743485,647.5053255663978,-0.0,11.700000000000045,78.70782270152006
22316400.0,600,modelica,native,True,20.000521594340796,466.3413294596142,-0.0,14.400000000000034,1158.282361608176
22320000.0,600,modelica,native,True,21.60587843749005,32.97980747964647,-0.0,18.30000000000001,1718.110081724926
22323600.0,600,modelica,native,True,24.30185739899673,0.0,-0.0,21.100000000000023,2131.781287974339
22327200.0,600,modelica,native,True,27.000254720101225,0.0,119.832973774804,21.700000000000045,3421.801696771167
22330800.0,600,modelica,native,True,27.00033043233293,0.0,1121.189992076026,24.400000000000034,2638.624495811156
22334400.0,600,modelica,native,True,26.999893017774127,0.0,1423.046848931842,25.0,1492.181701872744
22338000.0,600,modelica,native,True,27.000356591947707,0.0,1375.851767616802,26.700000000000045,2570.52828805133
22341600.0,600,modelica,native,True,27.000649626966037,0.0,1824.817814252112,26.700000000000045,4095.764809570188
22345200.0,600,modelica,native,True,27.000290446833105,0.0,2577.888281547758,27.80000000000001,4026.6963963143
22348800.0,600,modelica,native,True,26.999555458523332,0.0,2811.47138376024,27.200000000000045,2266.666046391596
22352400.0,600,modelica,native,True,26.999148423055544,0.0,2263.035395920012,25.600000000000023,502.9420773170415
22356000.0,600,modelica,native,True,26.99936832794674,0.0,1320.176067676014,24.400000000000034,-88.13367533174869
22359600.0,600,modelica,native,True,26.9996775079631,0.0,600.7218676757813,24.400000000000034,-101.56212
22363200.0,600,modelica,native,True,26.959219279213812,0.0,168.9455741273032,20.600000000000023,-101.56212
22366800.0,600,modelica,native,True,26.01712424708603,0.0,-0.0,20.0,-101.56212
22370400.0,600,modelica,native,True,24.8820889574788,0.0,-0.0,17.80000000000001,-101.56212
22374000.0,600,modelica,native,True,23.365064367965715,0.0,-0.0,14.400000000000034,-101.56212
22377600.0,600,modelica,native,True,22.0660095748068,0.0,-0.0,15.0,-101.56212
22381200.0,600,modelica,native,True,20.889715803959348,0.0,-0.0,13.900000000000034,-101.56212
22384800.0,600,modelica,native,True,20.000208657201597,22.25699579503801,-0.0,12.800000000000011,-101.56212
22388400.0,600,modelica,native,True,19.999850664473627,258.7634397761027,-0.0,12.200000000000045,-101.56212
22392000.0,600,modelica,native,True,19.99994293626054,416.7325805415048,-0.0,12.800000000000011,-101.56212
22395600.0,600,modelica,native,True,19.999818767963916,534.6799527581533,-0.0,9.400000000000034,-101.56212
22399200.0,600,modelica,native,True,20.00010733075851,735.7001542986764,-0.0,8.900000000000034,133.7476537205767
22402800.0,600,modelica,native,True,20.00064624234153,530.6145012818442,-0.0,15.600000000000023,1172.249457574658
22406400.0,600,modelica,native,True,22.474371955948527,24.72176607555813,-0.0,22.200000000000045,2699.004697537815
22410000.0,600,modelica,native,True,26.99691868117634,1.600053575303819e-07,87.16570746421814,25.0,4357.225669231096
22413600.0,600,modelica,native,True,27.0013105428049,0.0,1539.994080352253,25.600000000000023,5904.61429805348
22417200.0,600,modelica,native,True,27.000958330840604,0.0,3078.203928276698,26.700000000000045,6750.07814392342
22420800.0,600,modelica,native,True,27.000542100906898,0.0,4178.217957581944,27.200000000000045,6921.800658266993
22424400.0,600,modelica,native,True,27.000184532158016,0.0,4806.139562739267,28.900000000000034,6451.671294400698
22428000.0,600,modelica,native,True,26.999767808820536,0.0,4977.186654377513,29.400000000000034,5397.892840931995
22431600.0,600,modelica,native,True,26.999456051914706,0.0,4682.138318324089,30.600000000000023,3917.554764446905
22435200.0,600,modelica,native,True,26.99916296451903,0.0,3995.714402439859,30.0,2267.154495850551
22438800.0,600,modelica,native,True,26.999002110159438,0.0,2982.163345071475,28.30000000000001,715.7843440921451
22442400.0,600,modelica,native,True,26.99905868986633,0.0,1787.512680365244,22.80000000000001,-10.66931787817269
22446000.0,600,modelica,native,True,26.99938632557081,0.0,706.4164795298046,18.900000000000034,-101.56212
22449600.0,600,modelica,native,True,26.4151571412537,0.0,65.366079838011,17.80000000000001,-101.56212
22453200.0,600,modelica,native,True,25.45741575603131,0.0,-1.414616902669271e-07,20.0,-101.56212
22456800.0,600,modelica,native,True,24.337210385059848,0.0,5.298190646701389e-10,17.200000000000045,-101.56212
22460400.0,600,modelica,native,True,22.98722246687521,0.0,-0.0,15.0,-101.56212
22464000.0,600,modelica,native,True,21.32338856754353,0.0,-0.0,11.700000000000045,-101.56212
22467600.0,600,modelica,native,True,20.002969906282203,6.315084765752156,-0.0,12.200000000000045,-101.56212
22471200.0,600,modelica,native,True,19.999820240853637,236.3916193013721,-0.0,11.700000000000045,-101.56212
22474800.0,600,modelica,native,True,19.99988817747851,450.2506668710708,-0.0,11.100000000000023,-101.56212
22478400.0,600,modelica,native,True,19.999987366124344,554.0558322053486,-0.0,12.200000000000045,-101.56212
22482000.0,600,modelica,native,True,19.9999051825057,611.5243242226707,-0.0,10.0,-101.56212
22485600.0,600,modelica,native,True,20.000113630686712,701.3391463714175,-0.0,10.600000000000023,154.2627559593222
22489200.0,600,modelica,native,True,20.000488611440517,502.7806889957852,-0.0,13.300000000000011,1203.249940324711
22492800.0,600,modelica,native,True,21.475707478536833,48.62925591362847,-0.0,15.600000000000023,2648.642440563253
22496400.0,600,modelica,native,True,25.897542830695045,-9.5367431640625e-09,-0.0,16.700000000000045,4263.151122622082
22500000.0,600,modelica,native,True,27.00137215867585,0.0,778.7260840564304,19.400000000000034,5762.139658012517
22503600.0,600,modelica,native,True,27.000926690023107,0.0,2405.262878198624,21.100000000000023,6426.155282468173
22507200.0,600,modelica,native,True,27.00050986957075,0.0,3435.830783389939,23.900000000000034,6110.986202546721
22510800.0,600,modelica,native,True,26.99993833548905,0.0,3977.518853273392,24.400000000000034,5218.943878285196
22514400.0,600,modelica,native,True,26.99997951968743,0.0,3894.522462706036,26.700000000000045,4681.403997384761
22518000.0,600,modelica,native,True,26.999757152784014,0.0,3791.231586763594,27.80000000000001,4009.525095718278
22521600.0,600,modelica,native,True,26.999252288245998,0.0,3445.445985219743,27.200000000000045,2214.505160902527
22525200.0,600,modelica,native,True,26.999037343470434,0.0,2541.66045771122,24.400000000000034,698.2730424687486
22528800.0,600,modelica,native,True,26.999184545901812,0.0,1420.656457138591,21.100000000000023,-4.914674933299995
22532400.0,600,modelica,native,True,26.999502525392415,0.0,486.7309961896473,18.900000000000034,-101.56212
22536000.0,600,modelica,native,True,26.126911159556528,0.0,18.11156927691566,17.80000000000001,-101.56212
22539600.0,600,modelica,native,True,24.874427731107346,0.0,-0.0,17.80000000000001,-101.56212
22543200.0,600,modelica,native,True,23.714115747282335,0.0,-0.0,16.700000000000045,-101.56212
22546800.0,600,modelica,native,True,22.292285879607903,0.0,-0.0,13.900000000000034,-101.56212
22550400.0,600,modelica,native,True,21.0194695228638,0.0,-0.0,13.900000000000034,-101.56212
22554000.0,600,modelica,native,True,20.002547169426805,5.643315920299954,-0.0,13.300000000000011,-101.56212
22557600.0,600,modelica,native,True,19.99982308198031,213.5309571287367,-0.0,12.200000000000045,-101.56212
22561200.0,600,modelica,native,True,19.9999002281491,416.8170806365543,-0.0,11.700000000000045,-101.56212
22564800.0,600,modelica,native,True,19.99994818421044,530.0960358900494,-0.0,11.700000000000045,-101.56212
22568400.0,600,modelica,native,True,19.999911083541235,616.7461831373639,-0.0,10.0,-101.56212
22572000.0,600,modelica,native,True,20.000038775993403,706.9590921264224,-0.0,10.0,88.58662145132277
22575600.0,600,modelica,native,True,20.000181583729898,624.813662176662,-0.0,10.600000000000023,543.8010321898023
22579200.0,600,modelica,native,True,20.000313673038534,430.5349955299166,-0.0,12.800000000000011,810.3298601795638
22582800.0,600,modelica,native,True,21.212789744881434,84.99880535973443,-0.0,16.100000000000023,3212.645681241838
22586400.0,600,modelica,native,True,26.98849046610451,0.0,58.83309466309018,18.30000000000001,5782.956105069152
22590000.0,600,modelica,native,True,27.0013346862022,0.0,1628.26681459162,21.700000000000045,6508.132000489672
22593600.0,600,modelica,native,True,27.000762698058736,0.0,3163.528558831745,23.900000000000034,6596.870477181234
22597200.0,600,modelica,native,True,27.000374307616937,0.0,4062.150964553621,25.600000000000023,6407.868312929875
22600800.0,600,modelica,native,True,26.999967526964042,0.0,4478.864647516674,27.200000000000045,5570.436912250008
22604400.0,600,modelica,native,True,26.99948880322563,0.0,4385.969243484603,27.80000000000001,4016.420351471527
22608000.0,600,modelica,native,True,26.999162572075306,0.0,3751.094576531516,27.200000000000045,2262.827842350995
22611600.0,600,modelica,native,True,26.999073219595232,0.0,2752.715610654089,26.700000000000045,703.1854983557239
22615200.0,600,modelica,native,True,26.999126621108417,0.0,1639.771285083559,22.80000000000001,-8.15499242517356
22618800.0,600,modelica,native,True,26.999365450040216,0.0,618.9352822621663,17.80000000000001,-101.56212
22622400.0,600,modelica,native,True,25.97211286487652,0.0,27.57047572559781,16.100000000000023,-101.56212
22626000.0,600,modelica,native,True,24.43931455149044,0.0,-1.595815022786458e-06,16.100000000000023,-101.56212
22629600.0,600,modelica,native,True,23.340611422450195,0.0,-5.298190646701389e-10,17.200000000000045,-101.56212
22633200.0,600,modelica,native,True,22.266799555956027,0.0,-0.0,15.600000000000023,-101.56212
22636800.0,600,modelica,native,True,21.46677276844622,0.0,-0.0,16.700000000000045,-101.56212
22640400.0,600,modelica,native,True,20.6200219980106,0.0,-0.0,15.0,-101.56212
22644000.0,600,modelica,native,True,19.999823390679012,52.37069957945082,-0.0,12.800000000000011,-101.56212
22647600.0,600,modelica,native,True,19.999890886392507,284.2119777160221,-0.0,12.800000000000011,-101.56212
22651200.0,600,modelica,native,True,19.999944306975635,413.3449461656147,-0.0,12.800000000000011,-101.56212
22654800.0,600,modelica,native,True,19.999943394474144,487.002759270668,-0.0,12.200000000000045,-101.56212
22658400.0,600,modelica,native,True,20.000088190981614,544.7269460916519,-0.0,12.200000000000045,141.9146488336006
22662000.0,600,modelica,native,True,20.00058854276051,327.9400611072116,-0.0,16.700000000000045,1263.323071438833
22665600.0,600,modelica,native,True,22.744946913299714,0.4329793188307021,-0.0,20.0,2771.249152133849
22669200.0,600,modelica,native,True,26.9971581306973,0.0,88.14167284117805,23.30000000000001,4397.302275464071
22672800.0,600,modelica,native,True,27.0013150063574,0.0,1531.348282238112,26.700000000000045,5674.345666222614
22676400.0,600,modelica,native,True,27.000911044705504,0.0,3041.604777123663,28.30000000000001,6337.843534293742
22680000.0,600,modelica,native,True,27.00052608723314,0.0,4116.510552082592,30.600000000000023,6367.914768378132
22683600.0,600,modelica,native,True,27.0002496113122,0.0,4698.601915081342,30.600000000000023,6276.771953831406
22687200.0,600,modelica,native,True,26.99992072249421,0.0,4959.959534071816,31.700000000000045,5574.723754282409
22690800.0,600,modelica,native,True,26.999449626086744,0.0,4807.224289834764,31.700000000000045,4011.031523159827
22694400.0,600,modelica,native,True,26.99889453126241,0.0,4082.874213549296,30.0,1672.038429088712
22698000.0,600,modelica,native,True,26.99896838859661,0.0,2830.388968195915,28.900000000000034,247.1516733048674
22701600.0,600,modelica,native,True,26.999195337401147,0.0,1601.63977271186,24.400000000000034,-76.74259401707354
22705200.0,600,modelica,native,True,26.99948857114242,0.0,658.028694112036,20.600000000000023,-101.56212
22708800.0,600,modelica,native,True,26.693940268845097,0.0,88.66654209772746,19.400000000000034,-101.56212
22712400.0,600,modelica,native,True,25.480196328818238,0.0,-0.0,18.30000000000001,-101.56212
22716000.0,600,modelica,native,True,24.12029057810514,0.0,-0.0,16.100000000000023,-101.56212
22719600.0,600,modelica,native,True,23.203938879396446,0.0,-0.0,18.30000000000001,-101.56212
22723200.0,600,modelica,native,True,22.556392579694318,0.0,-0.0,18.30000000000001,-101.56212
22726800.0,600,modelica,native,True,22.011966636224145,0.0,-0.0,18.30000000000001,-101.56212
22730400.0,600,modelica,native,True,21.638475808406838,0.0,-0.0,18.900000000000034,-101.56212
22734000.0,600,modelica,native,True,21.360419733154345,0.0,-0.0,18.900000000000034,-101.56212
22737600.0,600,modelica,native,True,21.193124463167123,0.0,-0.0,19.400000000000034,-101.56212
22741200.0,600,modelica,native,True,21.011490724045416,0.0,-0.0,18.900000000000034,-101.56212
22744800.0,600,modelica,native,True,21.014091736120406,0.0,-0.0,20.0,78.43683301548698
22748400.0,600,modelica,native,True,21.746018121898715,0.0,-0.0,19.400000000000034,840.528760228615
22752000.0,600,modelica,native,True,23.717331022028134,0.0,-0.0,22.200000000000045,2078.674528794778
22755600.0,600,modelica,native,True,27.001037499259212,0.0,232.2494053204854,27.200000000000045,4678.90338838409
22759200.0,600,modelica,native,True,27.00070774045622,0.0,1879.513868374825,29.400000000000034,4151.85771461491
22762800.0,600,modelica,native,True,26.999667126939244,0.0,2610.375736354192,29.400000000000034,2055.808497060726
22766400.0,600,modelica,native,True,26.999621034381732,0.0,2228.809805486467,29.400000000000034,1250.866012533855
22770000.0,600,modelica,native,True,26.99972041767802,0.0,1780.037569201787,29.400000000000034,1004.123811791494
22773600.0,600,modelica,native,True,26.999490179979944,0.0,1324.00971613831,22.80000000000001,582.0815114087562
22777200.0,600,modelica,native,True,27.0000219238907,0.0,783.0545258119371,23.900000000000034,1033.53738961628
22780800.0,600,modelica,native,True,27.000131182342614,0.0,826.9275137244331,26.700000000000045,1303.484528607607
22784400.0,600,modelica,native,True,26.999686597704795,0.0,917.2225077226428,25.600000000000023,337.3380584418684
22788000.0,600,modelica,native,True,26.99965382426234,0.0,560.9068110836877,23.900000000000034,-101.2551476326531
22791600.0,600,modelica,native,True,26.951175551769097,0.0,142.4091453165478,21.100000000000023,-101.56212
22795200.0,600,modelica,native,True,26.09890172078741,0.0,-9.381506178114148e-05,20.600000000000023,-101.56212
22798800.0,600,modelica,native,True,25.10798476562445,0.0,-8.900960286458335e-08,18.900000000000034,-101.56212
22802400.0,600,modelica,native,True,23.989911778254225,0.0,-0.0,17.200000000000045,-101.56212
22806000.0,600,modelica,native,True,22.7830165255383,0.0,-0.0,15.600000000000023,-101.56212
22809600.0,600,modelica,native,True,21.49176070176304,0.0,-0.0,13.900000000000034,-101.56212
22813200.0,600,modelica,native,True,20.4075238766074,0.0,-0.0,14.400000000000034,-101.56212
22816800.0,600,modelica,native,True,19.99985894669851,52.53502030213674,-0.0,14.400000000000034,-101.56212
22820400.0,600,modelica,native,True,19.999946452170946,208.0515502246221,-0.0,15.0,-101.56212
22824000.0,600,modelica,native,True,19.999928875691637,281.792953599294,-0.0,14.400000000000034,-101.56212
22827600.0,600,modelica,native,True,19.999902601479448,371.4514706643423,-0.0,12.800000000000011,-101.56212
22831200.0,600,modelica,native,True,19.999970643147947,482.0437125868268,-0.0,11.700000000000045,24.56651465695697
22834800.0,600,modelica,native,True,20.00024499367521,466.9957054625617,-0.0,12.800000000000011,616.7680711193369
22838400.0,600,modelica,native,True,20.335823628773426,155.150289217631,-0.0,15.0,2243.39781017331
22842000.0,600,modelica,native,True,24.827722347399913,3.708733452690972e-09,-0.0,15.600000000000023,4177.385892832409
22845600.0,600,modelica,native,True,27.001008138562497,0.0,431.5754862377379,17.80000000000001,4507.256618576902
22849200.0,600,modelica,native,True,27.000983823672243,0.0,1645.514735436439,18.900000000000034,5718.31135070348
22852800.0,600,modelica,native,True,27.0009081684654,0.0,2840.691939260695,20.600000000000023,6999.336647310811
22856400.0,600,modelica,native,True,26.999695925533047,0.0,3772.135749902196,21.700000000000045,4648.9748913141
22860000.0,600,modelica,native,True,26.999028291039906,0.0,3390.174005623923,22.200000000000045,1926.548802809984
22863600.0,600,modelica,native,True,26.999155282637048,0.0,2262.305659913487,22.80000000000001,661.7844162511947
22867200.0,600,modelica,native,True,26.99936285729575,0.0,1262.800047243436,21.700000000000045,209.1486495325194
22870800.0,600,modelica,native,True,26.999488038884294,0.0,479.4670680067275,17.80000000000001,3.344421054535637
22874400.0,600,modelica,native,True,26.00859991339314,0.0,16.76138554626041,16.700000000000045,-98.15326078534298
22878000.0,600,modelica,native,True,24.439527927990014,0.0,2.4901496039496533e-08,15.600000000000023,-101.56212
22881600.0,600,modelica,native,True,22.941250604017,0.0,-0.0,14.400000000000034,-101.56212
22885200.0,600,modelica,native,True,21.43844143478441,0.0,-0.0,12.800000000000011,-101.56212
22888800.0,600,modelica,native,True,20.00487881250791,5.759661648008558,-0.0,11.100000000000023,-101.56212
22892400.0,600,modelica,native,True,19.999805179664406,278.2034413788054,-0.0,10.600000000000023,-101.56212
22896000.0,600,modelica,native,True,19.99992175667171,499.8375835545858,-0.0,11.100000000000023,-101.56212
22899600.0,600,modelica,native,True,19.9999195832973,615.3723907979329,-0.0,10.0,-101.56212
22903200.0,600,modelica,native,True,20.00002170824024,674.6114753166835,-0.0,11.700000000000045,-101.56212
22906800.0,600,modelica,native,True,19.999966740523803,659.9508042309019,-0.0,11.100000000000023,-101.56212
22910400.0,600,modelica,native,True,19.9999288132625,712.0529705482058,-0.0,9.400000000000034,-101.56212
22914000.0,600,modelica,native,True,19.999998793296925,773.7810108915965,-0.0,10.0,-101.56212
22917600.0,600,modelica,native,True,20.000084384517038,793.8067066775428,-0.0,9.400000000000034,141.1939629501145
22921200.0,600,modelica,native,True,20.000540220992548,609.8315792449315,-0.0,11.700000000000045,1382.768812336381
22924800.0,600,modelica,native,True,21.38417614976862,79.47291523721483,-0.0,14.400000000000034,2924.801316645819
22928400.0,600,modelica,native,True,26.22441618752441,1.262029012044271e-06,-0.0,17.200000000000045,4435.43299937109
22932000.0,600,modelica,native,True,27.001337611820816,-4.238552517361111e-09,885.5490667263667,19.400000000000034,5784.60091066221
22935600.0,600,modelica,native,True,27.001065216410495,0.0,2493.40436314212,23.30000000000001,6584.938760424455
22939200.0,600,modelica,native,True,27.000681410804646,0.0,3719.968676519924,26.100000000000023,6777.041701509381
22942800.0,600,modelica,native,True,26.999656722984014,0.0,4470.09781106578,27.80000000000001,4786.674182144033
22946400.0,600,modelica,native,True,26.999230428810904,0.0,3948.597066668404,27.80000000000001,2492.710622068012
22950000.0,600,modelica,native,True,26.999444060444944,0.0,3073.055578911039,28.30000000000001,2036.711062498165
22953600.0,600,modelica,native,True,26.999474429007535,0.0,2422.887407465511,27.200000000000045,1418.021555244458
22957200.0,600,modelica,native,True,26.999402216613305,0.0,1768.93433951007,25.600000000000023,569.6818058050357
22960800.0,600,modelica,native,True,26.999474649669935,0.0,1064.78363609314,24.400000000000034,-40.09160816116965
22964400.0,600,modelica,native,True,26.999550156179623,0.0,419.6440660370721,20.0,-101.56212
22968000.0,600,modelica,native,True,26.63237274682291,0.0,16.17785580423143,21.700000000000045,-101.56212
22971600.0,600,modelica,native,True,25.435307704691297,0.0,-0.0,17.80000000000001,-101.56212
22975200.0,600,modelica,native,True,24.14527277399594,0.0,-0.0,16.700000000000045,-101.56212
22978800.0,600,modelica,native,True,22.809540421662234,0.0,-0.0,15.0,-101.56212
22982400.0,600,modelica,native,True,21.715678914569935,0.0,-0.0,15.600000000000023,-101.56212
22986000.0,600,modelica,native,True,20.711251118366306,0.0,-0.0,14.400000000000034,-101.56212
22989600.0,600,modelica,native,True,19.999785524180197,60.04554609457652,-0.0,11.700000000000045,-101.56212
22993200.0,600,modelica,native,True,19.99993730361905,322.4751425997416,-0.0,12.800000000000011,-101.56212
22996800.0,600,modelica,native,True,20.00004218789553,385.8604533423318,-0.0,15.0,-101.56212
23000400.0,600,modelica,native,True,19.999955790107606,362.7175993712743,-0.0,14.400000000000034,-101.56212
23004000.0,600,modelica,native,True,19.99990353636315,436.5996282996072,-0.0,11.700000000000045,-78.70002045691842
23007600.0,600,modelica,native,True,20.0000223158803,522.068060687383,-0.0,12.200000000000045,47.5062675595635
23011200.0,600,modelica,native,True,20.00007228368895,499.7900464895037,-0.0,11.700000000000045,291.3361762088126
23014800.0,600,modelica,native,True,20.0007558068595,359.3026223225064,-0.0,12.800000000000011,2137.171163023838
23018400.0,600,modelica,native,True,24.151770206964898,3.518888825310601,-0.0,15.600000000000023,3505.242421831902
23022000.0,600,modelica,native,True,26.9970527649686,0.0,22.14760440826416,17.200000000000045,2227.488051517197
23025600.0,600,modelica,native,True,27.000517835874007,0.0,482.1118562348684,18.900000000000034,2832.569748826388
23029200.0,600,modelica,native,True,27.000921690588314,0.0,1165.808254026307,20.0,4755.577593476834
23032800.0,600,modelica,native,True,27.00067275526692,0.0,2253.565835273001,21.100000000000023,5508.745378778955
23036400.0,600,modelica,native,True,26.99963533862001,0.0,2903.715086309115,20.600000000000023,3435.919521998555
23040000.0,600,modelica,native,True,26.9994222090545,0.0,2468.61514945825,20.600000000000023,2050.293769348132
23043600.0,600,modelica,native,True,26.99918504553034,0.0,1694.646489887767,18.900000000000034,679.0420875335368
23047200.0,600,modelica,native,True,26.999251986293018,0.0,744.7868709214529,15.600000000000023,-45.82289484588453
23050800.0,600,modelica,native,True,25.7678847276041,0.0,41.91091929117839,13.300000000000011,-101.56212
23054400.0,600,modelica,native,True,23.567879862379414,0.0,-8.84797837999132e-08,11.700000000000045,-101.56212
23058000.0,600,modelica,native,True,21.5959580458823,0.0,9.854634602864585e-08,11.100000000000023,-101.56212
23061600.0,600,modelica,native,True,20.052233427321198,0.0,1.589457194010417e-09,11.700000000000045,-101.56212
23065200.0,600,modelica,native,True,19.999818505173437,206.8268685446845,-0.0,11.700000000000045,-101.56212
23068800.0,600,modelica,native,True,19.999923485897227,413.1694974321789,-0.0,12.200000000000045,-101.56212
23072400.0,600,modelica,native,True,19.999901579753043,522.3451601505279,-0.0,11.100000000000023,-101.56212
23076000.0,600,modelica,native,True,19.99993961016844,620.0800274112489,-0.0,10.600000000000023,-101.56212
23079600.0,600,modelica,native,True,19.99994685142235,691.2053969727622,-0.0,10.0,-101.56212
23083200.0,600,modelica,native,True,19.999941212906606,763.0024472559822,-0.0,9.0,-101.56212
23086800.0,600,modelica,native,True,19.99997277827265,826.7412979284923,-0.0,8.900000000000034,-101.56212
23090400.0,600,modelica,native,True,20.0000211520387,856.6354973628786,-0.0,8.900000000000034,-4.077539704557012
23094000.0,600,modelica,native,True,20.000046010050198,841.5936833561791,-0.0,8.0,184.6046792706615
23097600.0,600,modelica,native,True,20.00011067666361,780.2163416719436,-0.0,8.900000000000034,321.310049004892
23101200.0,600,modelica,native,True,20.000436205864446,622.382098259396,-0.0,10.0,1278.134415438363
23104800.0,600,modelica,native,True,21.44337176444384,129.6799716504415,-0.0,13.300000000000011,3625.402003079234
23108400.0,600,modelica,native,True,26.982301590990744,-7.046593560112849e-08,36.50690139240689,16.100000000000023,5893.266431996861
23112000.0,600,modelica,native,True,27.001354820701522,0.0,1568.780356386502,17.80000000000001,7037.855756108494
23115600.0,600,modelica,native,True,27.000599672297028,0.0,3114.459655964639,20.0,6528.433770132301
23119200.0,600,modelica,native,True,27.00001095059895,0.0,3819.076721647051,21.700000000000045,5515.482695922455
23122800.0,600,modelica,native,True,26.999569353552545,0.0,3794.655252169503,22.200000000000045,4094.427008360236
23126400.0,600,modelica,native,True,26.99923990479772,0.0,3248.764456848568,22.200000000000045,2406.044237087382
23130000.0,600,modelica,native,True,26.99902419352395,0.0,2324.050452358988,21.700000000000045,614.3167214163299
23133600.0,600,modelica,native,True,26.999115913092396,0.0,1156.21800746229,17.200000000000045,-67.71304600051221
23137200.0,600,modelica,native,True,26.536424156776718,0.0,182.7226101202435,14.400000000000034,-101.56212
23140800.0,600,modelica,native,True,24.6379508762019,0.0,9.08109876844618e-07,14.400000000000034,-101.56212
23144400.0,600,modelica,native,True,22.53060980483923,0.0,-5.298190646701389e-09,10.600000000000023,-101.56212
23148000.0,600,modelica,native,True,20.650665623786495,0.0,-0.0,10.600000000000023,-101.56212
23151600.0,600,modelica,native,True,19.999683583313413,137.6976002412372,-0.0,9.400000000000034,-101.56212
23155200.0,600,modelica,native,True,19.999796656939395,508.3732795169618,-0.0,8.300000000000011,-101.56212
23158800.0,600,modelica,native,True,19.99984267374805,758.1382232046127,-0.0,6.7000000000000455,-101.56212
23162400.0,600,modelica,native,True,19.999993628570337,899.3916324943966,-0.0,8.300000000000011,-101.56212
23166000.0,600,modelica,native,True,19.99995244706912,921.962382071813,-0.0,7.800000000000011,-101.56212
23169600.0,600,modelica,native,True,19.99991488823764,989.072317255338,-0.0,6.100000000000023,-101.56212
23173200.0,600,modelica,native,True,19.999954614419607,1080.171044254833,-0.0,5.600000000000023,-101.56212
23176800.0,600,modelica,native,True,20.00008699848695,1123.489711212582,-0.0,6.100000000000023,108.3747805713545
23180400.0,600,modelica,native,True,20.000573886946995,934.4730651389228,-0.0,8.300000000000011,1417.786429809947
23184000.0,600,modelica,native,True,20.757755932757334,242.9366661670473,-0.0,12.800000000000011,3165.865023678341
23187600.0,600,modelica,native,True,25.764083162696238,1.806683010525174e-07,-0.0,15.600000000000023,4677.904999294939
23191200.0,600,modelica,native,True,27.001350450798213,-5.298190646701389e-10,802.6190623108546,18.30000000000001,5863.752303275825
23194800.0,600,modelica,native,True,27.001031537280426,0.0,2407.837252294223,20.600000000000023,6734.887784830508
23198400.0,600,modelica,native,True,27.000689777057005,0.0,3651.602412189908,24.400000000000034,6957.551373138574
23202000.0,600,modelica,native,True,27.00027757622695,0.0,4457.068777665562,25.600000000000023,6657.716766160089
23205600.0,600,modelica,native,True,26.999847625127416,0.0,4743.176438872019,26.700000000000045,5619.446328036567
23209200.0,600,modelica,native,True,26.99943373647045,0.0,4533.939650730557,27.200000000000045,4136.416848600169
23212800.0,600,modelica,native,True,26.999106938614943,0.0,3829.397087600496,26.100000000000023,2349.150468354451
23216400.0,600,modelica,native,True,26.998969889100408,0.0,2754.679905633926,25.0,619.672672106644
23220000.0,600,modelica,native,True,26.99911437940824,0.0,1513.463957244025,20.600000000000023,-69.02547879179991
23223600.0,600,modelica,native,True,26.9995095812979,0.0,510.2254896815618,19.400000000000034,-101.56212
23227200.0,600,modelica,native,True,26.147009568234296,0.0,28.08638693756527,17.200000000000045,-101.56212
23230800.0,600,modelica,native,True,24.52826355549223,0.0,5.298190646701389e-10,15.600000000000023,-101.56212
23234400.0,600,modelica,native,True,23.232886795306797,0.0,-0.0,16.100000000000023,-101.56212
23238000.0,600,modelica,native,True,22.28464935016183,0.0,-0.0,16.700000000000045,-101.56212
23241600.0,600,modelica,native,True,21.512060740570803,0.0,-0.0,16.700000000000045,-101.56212
23245200.0,600,modelica,native,True,20.87150507888225,0.0,-0.0,16.700000000000045,-101.56212
23248800.0,600,modelica,native,True,20.272570881210413,0.0,-0.0,16.100000000000023,-101.56212
23252400.0,600,modelica,native,True,19.99986113200424,49.93487217956119,-0.0,15.0,-101.56212
23256000.0,600,modelica,native,True,20.00000053607522,168.6341381512748,-0.0,16.700000000000045,-101.56212
23259600.0,600,modelica,native,True,19.999913596029046,232.903194975853,-0.0,13.900000000000034,-101.56212
23263200.0,600,modelica,native,True,20.000140773294845,301.1671106820637,-0.0,16.100000000000023,140.8719206506823
23266800.0,600,modelica,native,True,20.213561858084745,103.3075933355755,-0.0,17.200000000000045,966.5242622669116
23270400.0,600,modelica,native,True,22.23877518989201,0.0,-0.0,21.100000000000023,2150.496336489638
23274000.0,600,modelica,native,True,26.992918359634018,0.0,57.36819921970368,25.600000000000023,3322.153366155298
23277600.0,600,modelica,native,True,27.00083900132745,0.0,1002.797500271797,26.100000000000023,3624.334801391795
23281200.0,600,modelica,native,True,27.001392356084637,0.0,2130.5710150973,28.30000000000001,6483.449277159052
23284800.0,600,modelica,native,True,27.00113155065725,0.0,3724.265850329399,30.0,7730.795610038665
23288400.0,600,modelica,native,True,27.000039277033807,0.0,4899.081704184215,30.600000000000023,6035.70048812706
23292000.0,600,modelica,native,True,26.998790549596833,0.0,4832.082245402866,29.400000000000034,2546.593694613432
23295600.0,600,modelica,native,True,26.999134081747343,0.0,3394.158700485759,23.900000000000034,1901.97499083988
23299200.0,600,modelica,native,True,26.999482935472145,0.0,2431.223273644448,26.100000000000023,1607.620403208559
23302800.0,600,modelica,native,True,26.999158078384312,0.0,1786.154202365345,23.900000000000034,165.9334320202803
23306400.0,600,modelica,native,True,26.999281130016698,0.0,770.6549708578322,17.0,-97.79651953109254
23310000.0,600,modelica,native,True,26.096161806043426,0.0,51.39423021104601,15.600000000000023,-101.56212
23313600.0,600,modelica,native,True,24.38233231837262,0.0,3.417332967122396e-07,15.0,-101.56212
23317200.0,600,modelica,native,True,22.94851660559442,0.0,-2.649095323350695e-09,15.0,-101.56212
23320800.0,600,modelica,native,True,21.680288647369423,0.0,-0.0,14.400000000000034,-101.56212
23324400.0,600,modelica,native,True,20.692381132969615,0.0,-0.0,15.0,-101.56212
23328000.0,600,modelica,native,True,20.00092589410974,6.409868153466118,-0.0,15.0,-101.56212
23331600.0,600,modelica,native,True,19.999912433981308,139.5654403003057,-0.0,15.0,-101.56212
23335200.0,600,modelica,native,True,19.999922303230107,250.9372592322032,-0.0,14.400000000000034,-101.56212
23338800.0,600,modelica,native,True,19.99988415455755,352.6067539575365,-0.0,12.800000000000011,-101.56212
23342400.0,600,modelica,native,True,19.99983790736553,519.775914756457,-0.0,9.400000000000034,-101.56212
23346000.0,600,modelica,native,True,19.999911074999716,700.106198908488,-0.0,8.900000000000034,-101.56212
23349600.0,600,modelica,native,True,20.000031747371395,802.4836384937498,-0.0,8.300000000000011,172.4275048675607
23353200.0,600,modelica,native,True,20.000124079819443,722.7096155918969,-0.0,8.300000000000011,584.4658490387467
23356800.0,600,modelica,native,True,19.999947846413704,647.3125262853835,-0.0,7.2000000000000455,272.1924835773277
23360400.0,600,modelica,native,True,20.0000400927824,688.9672572300169,-0.0,7.800000000000011,381.8733873239163
23364000.0,600,modelica,native,True,20.00024320635424,628.218272811042,-0.0,8.0,1002.259512409641
23367600.0,600,modelica,native,True,20.011702432230436,282.2364534484016,-0.0,10.0,2196.847859761814
23371200.0,600,modelica,native,True,22.57333529566631,4.61578369140625e-05,-0.0,11.100000000000023,3749.511124589888
23374800.0,600,modelica,native,True,26.98808163936883,0.0,14.23589563104841,11.700000000000045,3189.972269659342
23378400.0,600,modelica,native,True,27.00000891952925,0.0,244.9078584766388,11.700000000000045,1899.933093546094
23382000.0,600,modelica,native,True,26.999830333862405,0.0,239.9124107509189,11.700000000000045,1435.941945026705
23385600.0,600,modelica,native,True,26.651480936055748,0.0,61.0668927219179,12.200000000000045,617.8950108059107
23389200.0,600,modelica,native,True,25.100602321762096,0.0,-0.0,11.700000000000045,251.0165642010144
23392800.0,600,modelica,native,True,22.87689910622521,0.0,-0.0,8.900000000000034,-85.76561581668466
23396400.0,600,modelica,native,True,20.39633726295932,0.0,-0.0,7.2000000000000455,-101.56212
23400000.0,600,modelica,native,True,19.999656394020406,278.596239361763,-0.0,6.7000000000000455,-101.56212
23403600.0,600,modelica,native,True,19.999820129256022,683.3741325362523,-0.0,6.7000000000000455,-101.56212
23407200.0,600,modelica,native,True,19.999835803448946,913.729221871694,-0.0,5.0,-101.56212
23410800.0,600,modelica,native,True,19.999887925344296,1101.198857442008,-0.0,3.900000000000034,-101.56212
23414400.0,600,modelica,native,True,19.999989535362033,1217.405405632125,-0.0,4.400000000000034,-101.56212
23418000.0,600,modelica,native,True,20.00008206011944,1196.700368262927,-0.0,7.2000000000000455,-101.56212
23421600.0,600,modelica,native,True,19.99998682687624,1131.607161015934,-0.0,6.100000000000023,-101.56212
23425200.0,600,modelica,native,True,20.00000584311624,1140.739744378196,-0.0,6.100000000000023,-101.56212
23428800.0,600,modelica,native,True,20.00003959938715,1115.663216109276,-0.0,7.2000000000000455,-101.56212
23432400.0,600,modelica,native,True,19.99999677578154,1085.756012736427,-0.0,6.7000000000000455,-101.56212
23436000.0,600,modelica,native,True,20.000005589436398,1086.824300444921,-0.0,6.7000000000000455,-87.5859844154588
23439600.0,600,modelica,native,True,20.000127362298826,1066.107230286068,-0.0,6.7000000000000455,278.7478985433575
23443200.0,600,modelica,native,True,20.000620436881604,862.9106714555952,-0.0,6.7000000000000455,1948.943777145045
23446800.0,600,modelica,native,True,21.24457617655395,162.71251677884,-0.0,8.900000000000034,2399.729163449656
23450400.0,600,modelica,native,True,22.090885925614145,0.0,-0.0,12.200000000000045,2129.461089521395
23454000.0,600,modelica,native,True,26.422673368194012,0.0,-0.0,16.700000000000045,4794.759735014379
23457600.0,600,modelica,native,True,27.00073899228272,0.0,1054.688463886579,19.400000000000034,4493.552350386713
23461200.0,600,modelica,native,True,27.000663999275048,0.0,1897.117428487142,21.100000000000023,4765.747375470521
23464800.0,600,modelica,native,True,27.000065917627808,0.0,2573.806826482349,22.200000000000045,4115.660176408724
23468400.0,600,modelica,native,True,26.999534356401796,0.0,2672.049705629879,23.30000000000001,2306.762344441334
23472000.0,600,modelica,native,True,26.999274332212224,0.0,2048.72569706387,21.700000000000045,1020.996028956734
23475600.0,600,modelica,native,True,26.999352794181448,0.0,1204.219231069353,20.600000000000023,212.3261527081794
23479200.0,600,modelica,native,True,26.999444759623714,0.0,397.3954796753989,16.700000000000045,-79.60806883291556
23482800.0,600,modelica,native,True,25.55186215018034,0.0,0.868376637034946,15.600000000000023,-101.56212
23486400.0,600,modelica,native,True,23.78165699293885,0.0,-8.58412848578559e-06,13.900000000000034,-101.56212
23490000.0,600,modelica,native,True,22.259284103581706,0.0,5.298190646701389e-09,13.900000000000034,-101.56212
23493600.0,600,modelica,native,True,20.856390052851225,0.0,-0.0,12.800000000000011,-101.56212
23497200.0,600,modelica,native,True,19.99982394992753,48.40809364583757,-0.0,11.700000000000045,-101.56212
23500800.0,600,modelica,native,True,19.9998601956342,321.7195177576277,-0.0,11.700000000000045,-101.56212
23504400.0,600,modelica,native,True,19.999890074400298,501.4980226686266,-0.0,10.600000000000023,-101.56212
23508000.0,600,modelica,native,True,19.99995686683104,624.40099111557,-0.0,10.600000000000023,-101.56212
23511600.0,600,modelica,native,True,20.00000285572014,672.3907378175523,-0.0,11.100000000000023,-101.56212
23515200.0,600,modelica,native,True,20.000038987525045,661.0618368620343,-0.0,12.200000000000045,-101.56212
23518800.0,600,modelica,native,True,20.000008529894103,623.7784644667307,-0.0,12.200000000000045,-101.56212
23522400.0,600,modelica,native,True,20.000072164426115,615.556919034322,-0.0,11.700000000000045,131.9161785846649
23526000.0,600,modelica,native,True,20.00058448927433,421.5806209887398,-0.0,13.900000000000034,1452.669583731553
23529600.0,600,modelica,native,True,22.59072789512902,12.74827459653219,-0.0,18.30000000000001,3234.880116071012
23533200.0,600,modelica,native,True,26.998882795953705,5.4041544596354164e-08,128.3053018315633,21.700000000000045,4813.611708810961
23536800.0,600,modelica,native,True,27.001270416284797,0.0,1571.9475251823,24.400000000000034,5881.178121267365
23540400.0,600,modelica,native,True,27.001016162070414,0.0,3065.17708896531,26.100000000000023,6938.562803558555
23544000.0,600,modelica,native,True,27.000618513167808,0.0,4253.085626222292,27.80000000000001,7203.161535201391
23547600.0,600,modelica,native,True,27.000228941663806,0.0,4976.073819729487,27.80000000000001,6993.772817136762
23551200.0,600,modelica,native,True,26.999729545957337,0.0,5190.924542102814,27.80000000000001,5785.71019036442
23554800.0,600,modelica,native,True,26.999406164072695,0.0,4866.723361301422,28.900000000000034,4222.638796776822
23558400.0,600,modelica,native,True,26.9990816227712,0.0,4120.708493945333,28.30000000000001,2400.207142389231
23562000.0,600,modelica,native,True,26.998900048623113,0.0,3009.65034629133,26.700000000000045,595.672957666041
23565600.0,600,modelica,native,True,26.999143204795246,0.0,1719.891927301619,23.30000000000001,-79.73738220047935
23569200.0,600,modelica,native,True,26.999555624783795,0.0,743.8387679682837,22.80000000000001,-101.56212
23572800.0,600,modelica,native,True,26.999729137475413,0.0,215.5722049363454,21.700000000000045,-101.56212
23576400.0,600,modelica,native,True,26.213169530083803,0.0,1.685586992899577,20.0,-101.56212
23580000.0,600,modelica,native,True,25.2425160850529,0.0,2.119276258680556e-09,19.400000000000034,-101.56212
23583600.0,600,modelica,native,True,24.325238153583314,0.0,-0.0,18.700000000000045,-101.56212
23587200.0,600,modelica,native,True,23.460399541645245,0.0,-0.0,18.100000000000023,-101.56212
23590800.0,600,modelica,native,True,22.641667861910832,0.0,-0.0,17.5,-101.56212
23594400.0,600,modelica,native,True,21.860719413423112,0.0,-0.0,16.900000000000034,-101.56212
23598000.0,600,modelica,native,True,21.0991089939331,0.0,-0.0,16.200000000000045,-101.56212
23601600.0,600,modelica,native,True,20.358837334317627,0.0,-0.0,15.600000000000023,-101.56212
23605200.0,600,modelica,native,True,19.99983888457581,50.429943751759,-0.0,14.400000000000034,-101.56212
23608800.0,600,modelica,native,True,19.999993353065236,221.8462123054928,-0.0,15.0,-86.43079687493614
23612400.0,600,modelica,native,True,20.000499792610242,188.3243971263038,-0.0,18.30000000000001,972.7297444138064
23616000.0,600,modelica,native,True,23.605103505567342,0.088840758535597,-0.0,21.100000000000023,3721.190557190742
23619600.0,600,modelica,native,True,27.001320242889847,2.1192762586805563e-08,375.4632500431273,23.900000000000034,4872.676598010537
23623200.0,600,modelica,native,True,27.00117363312802,0.0,1982.362278723717,25.600000000000023,6007.371090885976
23626800.0,600,modelica,native,True,27.001011912578804,0.0,3358.512023854256,26.700000000000045,7261.320265217935
23630400.0,600,modelica,native,True,27.000535624846123,0.0,4469.538591998418,25.0,7584.21687885674
23634000.0,600,modelica,native,True,27.00019235517351,0.0,5107.785195783509,27.200000000000045,7087.947335711174
23637600.0,600,modelica,native,True,26.999654918625936,0.0,5268.214656545851,27.200000000000045,5741.66742939107
23641200.0,600,modelica,native,True,26.99939313451864,0.0,4845.717607898182,28.30000000000001,4201.283275767939
23644800.0,600,modelica,native,True,26.999000548816298,0.0,4062.532383708424,27.80000000000001,2152.767348738056
23648400.0,600,modelica,native,True,26.998883941599047,0.0,2877.913620505333,26.100000000000023,439.0101083135163
23652000.0,600,modelica,native,True,26.99912305395401,0.0,1541.345532068676,21.100000000000023,-100.4469634862069
23655600.0,600,modelica,native,True,26.99960099324835,0.0,546.8287506813473,21.100000000000023,-101.56212
23659200.0,600,modelica,native,True,26.956340160978016,0.0,91.5264163271586,22.200000000000045,-101.56212
23662800.0,600,modelica,native,True,26.202697263245796,0.0,-2.094798617892795e-05,21.100000000000023,-101.56212
23666400.0,600,modelica,native,True,25.359123168489532,0.0,2.119276258680556e-09,20.0,-101.56212
23670000.0,600,modelica,native,True,23.97113202597933,0.0,-0.0,15.0,-101.56212
23673600.0,600,modelica,native,True,22.590963588646503,0.0,-0.0,15.0,-101.56212
23677200.0,600,modelica,native,True,20.76766688647814,0.0,-0.0,10.0,-101.56212
23680800.0,600,modelica,native,True,19.999682692028045,126.580765481525,-0.0,9.400000000000034,-101.56212
23684400.0,600,modelica,native,True,19.999796161485733,512.9389960326089,-0.0,7.800000000000011,-101.56212
23688000.0,600,modelica,native,True,19.999923713589396,745.0106252177557,-0.0,8.300000000000011,-101.56212
23691600.0,600,modelica,native,True,20.000001970430333,831.2552975829442,-0.0,8.900000000000034,-101.56212
23695200.0,600,modelica,native,True,19.999869203038827,934.4733476803036,-0.0,5.0,-101.56212
23698800.0,600,modelica,native,True,20.000517152349232,978.8868689007228,-0.0,10.600000000000023,863.7759827617638
23702400.0,600,modelica,native,True,20.7767082527223,301.9976714769999,-0.0,12.800000000000011,3473.940342650031
23706000.0,600,modelica,native,True,26.281195523591236,1.511043972439236e-06,-0.0,15.600000000000023,5359.454877985884
23709600.0,600,modelica,native,True,27.001480875515995,-5.298190646701389e-10,1126.790672786501,18.30000000000001,6704.585765610745
23713200.0,600,modelica,native,True,27.000995476190212,0.0,2865.867767020861,20.0,7332.675665878613
23716800.0,600,modelica,native,True,27.0006771734748,0.0,4039.371125027868,22.80000000000001,7555.251159298006
23720400.0,600,modelica,native,True,27.00020152624694,0.0,4785.120596036911,25.0,6934.269887978291
23724000.0,600,modelica,native,True,26.99980770572995,0.0,4984.807338922289,26.700000000000045,5801.734291598958
23727600.0,600,modelica,native,True,26.99950169408845,0.0,4726.36458012104,27.200000000000045,4538.997630887287
23731200.0,600,modelica,native,True,26.999083215671135,0.0,4086.255654039383,26.700000000000045,2600.559860899464
23734800.0,600,modelica,native,True,26.998811475563116,0.0,2966.023600768513,24.400000000000034,555.1331265249585
23738400.0,600,modelica,native,True,26.9991391344156,0.0,1611.646220126682,22.200000000000045,-94.01524271310414
23742000.0,600,modelica,native,True,26.99942387121365,0.0,564.1402363687091,17.80000000000001,-101.56212
23745600.0,600,modelica,native,True,26.014646068094635,0.0,20.13213911321428,16.700000000000045,-101.56212
23749200.0,600,modelica,native,True,24.4432440696512,0.0,-0.0,15.600000000000023,-101.56212
23752800.0,600,modelica,native,True,23.2522132468236,0.0,-0.0,16.700000000000045,-101.56212
23756400.0,600,modelica,native,True,22.002588488393314,0.0,-0.0,14.400000000000034,-101.56212
23760000.0,600,modelica,native,True,20.72209627039814,0.0,-0.0,13.300000000000011,-101.56212
23763600.0,600,modelica,native,True,19.9997933582776,54.28030910332998,-0.0,12.200000000000045,-101.56212
23767200.0,600,modelica,native,True,19.99982797770531,328.143151356909,-0.0,11.100000000000023,-101.56212
23770800.0,600,modelica,native,True,19.999982213160706,483.5393158112632,-0.0,12.800000000000011,-101.56212
23774400.0,600,modelica,native,True,19.999957913918536,523.0339466121461,-0.0,12.200000000000045,-101.56212
23778000.0,600,modelica,native,True,19.99996319148471,574.6933295853933,-0.0,11.700000000000045,-101.56212
23781600.0,600,modelica,native,True,20.000032182586438,587.8596870062087,-0.0,12.800000000000011,-101.56212
23785200.0,600,modelica,native,True,20.000152842262196,554.6187566057841,-0.0,12.800000000000011,296.9610721323816
23788800.0,600,modelica,native,True,20.11813863309061,274.1080394119687,-0.0,13.900000000000034,2475.551620481671
23792400.0,600,modelica,native,True,25.8136412196136,0.0,-0.0,18.30000000000001,5591.395259023428
23796000.0,600,modelica,native,True,27.00155398615351,0.0,1145.343227650324,20.600000000000023,6771.606310522584
23799600.0,600,modelica,native,True,27.00108591824153,0.0,3003.323842330509,21.700000000000045,7622.010253198973
23803200.0,600,modelica,native,True,27.000340651012607,0.0,4214.591026199128,22.200000000000045,7017.58287741298
23806800.0,600,modelica,native,True,26.999066755780404,0.0,4525.20666311317,23.900000000000034,3531.989837349573
23810400.0,600,modelica,native,True,26.9990440161464,0.0,3392.843198367225,19.400000000000034,2287.5600172344
23814000.0,600,modelica,native,True,26.99970368590391,0.0,2378.955688941214,17.200000000000045,3222.449261308667
23817600.0,600,modelica,native,True,26.99949114254474,0.0,2009.356008428468,16.700000000000045,2192.646878311499
23821200.0,600,modelica,native,True,26.999122769048995,0.0,1364.831377511025,15.0,499.7315431892555
23824800.0,600,modelica,native,True,26.897601479587024,0.0,374.5451705254449,12.800000000000011,-91.78931529933786
23828400.0,600,modelica,native,True,24.470624108027437,0.0,0.0001326984829372,10.600000000000023,-101.56212
23832000.0,600,modelica,native,True,22.138427953021505,0.0,1.4305114746093751e-08,10.0,-101.56212
23835600.0,600,modelica,native,True,20.218070593008747,0.0,-0.0,10.0,-101.56212
23839200.0,600,modelica,native,True,19.9997864839944,208.4151907168494,-0.0,10.600000000000023,-101.56212
23842800.0,600,modelica,native,True,19.99991107824104,464.115199546814,-0.0,11.100000000000023,-101.56212
23846400.0,600,modelica,native,True,19.999977694295126,566.2117536052068,-0.0,11.700000000000045,-101.56212
23850000.0,600,modelica,native,True,19.999977985922442,598.261555720965,-0.0,11.700000000000045,-101.56212
23853600.0,600,modelica,native,True,19.99994360682672,638.8505138678021,-0.0,10.600000000000023,-101.56212
23857200.0,600,modelica,native,True,19.9999577092089,687.8691682635414,-0.0,10.600000000000023,-101.56212
23860800.0,600,modelica,native,True,19.999910362090134,744.8475129747391,-0.0,8.900000000000034,-101.56212
23864400.0,600,modelica,native,True,19.99989336024794,853.1558745363023,-0.0,7.2000000000000455,-101.56212
23868000.0,600,modelica,native,True,19.99997022619931,962.9141787099838,-0.0,7.0,-101.56212
23871600.0,600,modelica,native,True,20.00008270625085,992.6396050548552,-0.0,7.800000000000011,87.35838127970919
23875200.0,600,modelica,native,True,20.000222748859642,873.3812668667899,-0.0,8.300000000000011,615.118984486568
23878800.0,600,modelica,native,True,20.000282806944142,601.707426665624,-0.0,9.400000000000034,1000.408613636114
23882400.0,600,modelica,native,True,20.133936668226,231.799145228068,-0.0,11.100000000000023,2993.960701722197
23886000.0,600,modelica,native,True,25.98338302658624,-0.0002497890260484,-0.0,12.200000000000045,6227.046139980885
23889600.0,600,modelica,native,True,27.000469241084602,0.0,974.3898164145152,13.300000000000011,4386.318262031401
23893200.0,600,modelica,native,True,26.999754151751404,0.0,1510.695913417604,15.600000000000023,2310.909520159322
23896800.0,600,modelica,native,True,26.999964570986037,0.0,1256.772987143728,16.100000000000023,2546.968311344908
23900400.0,600,modelica,native,True,26.999711335045617,0.0,1165.069690893491,16.700000000000045,1714.471594932671
23904000.0,600,modelica,native,True,26.99942058491621,0.0,794.8568068562614,16.100000000000023,425.2859193916681
23907600.0,600,modelica,native,True,26.674898044496047,0.0,165.2101545704736,15.600000000000023,-81.5941233870125
23911200.0,600,modelica,native,True,24.903011569066905,0.0,-0.0,15.0,-99.67748137444065
23914800.0,600,modelica,native,True,23.44220632328762,0.0,-0.0,15.600000000000023,-101.56212
23918400.0,600,modelica,native,True,22.43596809965453,0.0,-0.0,16.700000000000045,-101.56212
23922000.0,600,modelica,native,True,21.287026861959305,0.0,-0.0,13.900000000000034,-101.56212
23925600.0,600,modelica,native,True,20.120597968595234,0.0,-0.0,13.300000000000011,-101.56212
23929200.0,600,modelica,native,True,19.999752786798638,186.2528336355421,-0.0,11.100000000000023,-101.56212
23932800.0,600,modelica,native,True,19.99982614109922,480.1446960369746,-0.0,9.400000000000034,-101.56212
23936400.0,600,modelica,native,True,19.999900295387533,676.1705278740989,-0.0,8.900000000000034,-101.56212
23940000.0,600,modelica,native,True,19.999916553723608,801.4015777026283,-0.0,8.0,-101.56212
23943600.0,600,modelica,native,True,19.99995233190441,892.0266243309445,-0.0,7.800000000000011,-101.56212
23947200.0,600,modelica,native,True,19.99994173219784,962.5800028445984,-0.0,6.7000000000000455,-101.56212
23950800.0,600,modelica,native,True,19.99997505569445,1026.79043621699,-0.0,6.7000000000000455,-101.56212
23954400.0,600,modelica,native,True,19.999987383673044,1056.258260812759,-0.0,6.7000000000000455,-101.56212
23958000.0,600,modelica,native,True,20.000031438752842,1068.841494060093,-0.0,6.7000000000000455,4.004612372617188
23961600.0,600,modelica,native,True,20.000026384756723,1050.61839114507,-0.0,5.0,261.3201173945624
23965200.0,600,modelica,native,True,20.000075017535323,1004.318293034765,-0.0,5.0,437.8799476934678
23968800.0,600,modelica,native,True,20.000062993780432,921.9111789411968,-0.0,4.400000000000034,585.7482081470426
23972400.0,600,modelica,native,True,20.00006936908244,832.2558855332269,-0.0,5.0,654.9666809385328
23976000.0,600,modelica,native,True,20.000039872742718,755.8126018153297,-0.0,4.400000000000034,746.3636035041744
23979600.0,600,modelica,native,True,20.000124177505825,694.9512035152648,-0.0,3.900000000000034,1121.8763924936
23983200.0,600,modelica,native,True,20.00004438559381,563.6356101518207,-0.0,2.8000000000000114,1237.057240148395
23986800.0,600,modelica,native,True,19.999890083783896,532.1942582114538,-0.0,2.2000000000000455,872.1299088269554
23990400.0,600,modelica,native,True,19.999788867143934,670.0686540020837,-0.0,1.7000000000000455,446.6426280816685
23994000.0,600,modelica,native,True,19.999718171340533,934.1728107998106,-0.0,0.6000000000000227,11.86391887211954
23997600.0,600,modelica,native,True,19.999807502697195,1252.259607239829,-0.0,0.0,-101.524515885
24001200.0,600,modelica,native,True,19.999885538656144,1479.919375979636,-0.0,-0.5999999999999659,-101.56212
24004800.0,600,modelica,native,True,19.999947659518796,1609.797424500254,-0.0,-0.5999999999999659,-101.56212
24008400.0,600,modelica,native,True,19.999973337312838,1672.731188530922,-0.0,-0.5999999999999659,-101.56212
24012000.0,600,modelica,native,True,19.999986801153113,1704.464189758831,-0.0,-0.5999999999999659,-101.56212
24015600.0,600,modelica,native,True,20.000008019666325,1707.555000545714,-0.0,0.0,-101.56212
24019200.0,600,modelica,native,True,19.999976974363904,1704.624849276013,-0.0,-0.5999999999999659,-101.56212
24022800.0,600,modelica,native,True,19.999976659282538,1733.546106331084,-0.0,-1.099999999999966,-101.56212
24026400.0,600,modelica,native,True,19.999990384961336,1757.820572208298,-0.0,-1.099999999999966,-101.56212
24030000.0,600,modelica,native,True,19.999995207334848,1768.99708275848,-0.0,-1.099999999999966,-101.56212
24033600.0,600,modelica,native,True,19.999997569942707,1774.969596720272,-0.0,-1.099999999999966,-101.56212
24037200.0,600,modelica,native,True,19.999998806146948,1777.643695296181,-0.0,-1.099999999999966,-101.56212
24040800.0,600,modelica,native,True,19.999999424691396,1779.117737938563,-0.0,-1.099999999999966,-101.56212
24044400.0,600,modelica,native,True,20.00008361028631,1775.683249554634,-0.0,-1.099999999999966,131.1625555747886
24048000.0,600,modelica,native,True,20.000223249634644,1648.370572978126,-0.0,-1.099999999999966,732.7926912847504
24051600.0,600,modelica,native,True,20.000248277352796,1376.935450424618,-0.0,-0.5999999999999659,1096.933464442764
24055200.0,600,modelica,native,True,20.000149188084094,1101.362360683017,-0.0,-0.5999999999999659,1192.803113067178
24058800.0,600,modelica,native,True,20.000096360394195,911.4501926549276,-0.0,0.6000000000000227,1119.395919907855
24062400.0,600,modelica,native,True,19.999985257350318,813.4091211250093,-0.0,0.6000000000000227,937.2779599129356
24066000.0,600,modelica,native,True,19.999968478046014,826.4934785811106,-0.0,1.1000000000000227,790.7673645553889
24069600.0,600,modelica,native,True,19.9999801722891,866.4689712603887,-0.0,1.1000000000000227,781.3772551865858
24073200.0,600,modelica,native,True,19.999970779884336,881.8265867021348,-0.0,1.7000000000000455,668.481424274236
24076800.0,600,modelica,native,True,19.999849118481848,945.3631515158548,-0.0,1.1000000000000227,313.7662421393615
24080400.0,600,modelica,native,True,19.999821872789596,1123.211904314889,-0.0,1.1000000000000227,-21.52227186892727
24084000.0,600,modelica,native,True,19.999888584905534,1322.342235901621,-0.0,1.1000000000000227,-101.56212
24087600.0,600,modelica,native,True,19.99992668974801,1462.325571280056,-0.0,0.6000000000000227,-101.56212
24091200.0,600,modelica,native,True,19.999965226847905,1546.659670041932,-0.0,0.6000000000000227,-101.56212
24094800.0,600,modelica,native,True,19.99998298482825,1587.919582957692,-0.0,0.6000000000000227,-101.56212
24098400.0,600,modelica,native,True,20.00000903714664,1599.221314196587,-0.0,1.1000000000000227,-101.56212
24102000.0,600,modelica,native,True,20.00000259169002,1590.48000547621,-0.0,1.1000000000000227,-101.56212
24105600.0,600,modelica,native,True,20.000001358421514,1587.567377114296,-0.0,1.1000000000000227,-101.56212
24109200.0,600,modelica,native,True,20.0000006599754,1586.295053441789,-0.0,1.1000000000000227,-101.56212
24112800.0,600,modelica,native,True,20.00000143133144,1585.466067112287,-0.0,1.1000000000000227,-101.56212
24116400.0,600,modelica,native,True,20.000022312098224,1573.283656190766,-0.0,1.7000000000000455,-101.56212
24120000.0,600,modelica,native,True,20.000008357412696,1551.061239483621,-0.0,1.7000000000000455,-101.56212
24123600.0,600,modelica,native,True,20.00000346670305,1541.301120910115,-0.0,1.7000000000000455,-101.56212
24127200.0,600,modelica,native,True,19.999973805164245,1546.355998648008,-0.0,1.1000000000000227,-101.56212
24130800.0,600,modelica,native,True,20.000060532018097,1568.923668749597,-0.0,1.1000000000000227,42.83675646956472
24134400.0,600,modelica,native,True,20.00023164450431,1469.488650333617,-0.0,2.2000000000000455,546.8257373198985
24138000.0,600,modelica,native,True,20.000279681109646,1189.575546596315,-0.0,3.3000000000000114,956.4890170555716
24141600.0,600,modelica,native,True,20.000162786860813,878.1029274966982,-0.0,3.900000000000034,980.2546638332798
24145200.0,600,modelica,native,True,20.00010780750671,687.815140976376,-0.0,4.400000000000034,983.9351392178014
24148800.0,600,modelica,native,True,20.0001162181087,563.2028403192096,-0.0,5.0,1061.616465188196
24152400.0,600,modelica,native,True,20.00001222286903,456.9947435675727,-0.0,5.0,977.7270328013384
24156000.0,600,modelica,native,True,19.999984774060522,442.5172508663601,-0.0,5.600000000000023,809.4522553947505
24159600.0,600,modelica,native,True,19.999964616903128,463.7157406812244,-0.0,5.600000000000023,761.4752170995671
24163200.0,600,modelica,native,True,19.999829640312043,526.0994014040629,-0.0,5.0,373.3029057759319
24166800.0,600,modelica,native,True,19.99979000285174,725.916234143575,-0.0,5.0,-36.49976715186087
24170400.0,600,modelica,native,True,19.999851840103133,963.6475189458,-0.0,4.400000000000034,-101.56212
24174000.0,600,modelica,native,True,19.999909333266544,1136.96526641051,-0.0,3.900000000000034,-101.56212
24177600.0,600,modelica,native,True,19.999952993245245,1237.085548665788,-0.0,3.900000000000034,-101.56212
24181200.0,600,modelica,native,True,19.999906259151942,1316.395208317439,-0.0,2.2000000000000455,-101.56212
24184800.0,600,modelica,native,True,19.999957052985906,1419.449543127484,-0.0,1.7000000000000455,-101.56212
24188400.0,600,modelica,native,True,20.000001244004636,1467.424163727231,-0.0,2.2000000000000455,-101.56212
24192000.0,600,modelica,native,True,20.000014319290017,1462.744454868105,-0.0,2.8000000000000114,-101.56212
24195600.0,600,modelica,native,True,20.000005666167,1446.728245733049,-0.0,2.8000000000000114,-101.56212
24199200.0,600,modelica,native,True,20.0000028289935,1439.927988508542,-0.0,2.8000000000000114,-101.56212
24202800.0,600,modelica,native,True,20.000001439898938,1436.482093429036,-0.0,2.8000000000000114,-101.56212
24206400.0,600,modelica,native,True,20.000000210972416,1434.882181162304,-0.0,2.8000000000000114,-101.56212
24210000.0,600,modelica,native,True,19.999970270472602,1443.824811236064,-0.0,2.2000000000000455,-101.56212
24213600.0,600,modelica,native,True,19.999969709212905,1476.433031694094,-0.0,1.7000000000000455,-101.56212
24217200.0,600,modelica,native,True,20.000231415167832,1491.002841796345,-0.0,2.2000000000000455,467.3639284595954
24220800.0,600,modelica,native,True,20.001004389883406,1083.517584366269,-0.0,3.900000000000034,3070.209845663372
24224400.0,600,modelica,native,True,22.601029699357696,123.2718478234609,-0.0,5.0,5529.248477101194
24228000.0,600,modelica,native,True,27.000075005017948,-4.063712226019965e-07,165.5160240183936,6.100000000000023,7009.45507556547
24231600.0,600,modelica,native,True,27.001219794363124,0.0,1782.177739977837,8.300000000000011,7991.485485266822
24235200.0,600,modelica,native,True,27.000670719921743,0.0,3187.169501056671,9.400000000000034,8087.992660797858
24238800.0,600,modelica,native,True,27.000187235326848,0.0,3957.844381681548,10.600000000000023,7548.546800875633
24242400.0,600,modelica,native,True,26.999698669144834,0.0,4130.211366328133,10.600000000000023,6317.006970759177
24246000.0,600,modelica,native,True,26.999279539321947,0.0,3716.795715329382,10.600000000000023,4504.435433248684
24249600.0,600,modelica,native,True,26.998994360812105,0.0,2829.976097141902,10.0,2585.026607965456
24253200.0,600,modelica,native,True,26.998750931661107,0.0,1614.080275583267,8.300000000000011,506.916641054819
24256800.0,600,modelica,native,True,25.978323627478346,0.0,272.9108041217592,5.0,-101.56212
24260400.0,600,modelica,native,True,22.2501190434935,0.0,-6.586710611979166e-06,2.8000000000000114,-101.56212
24264000.0,600,modelica,native,True,19.99964841530891,111.5431654617522,-2.0133124457465282e-08,1.1000000000000227,-101.56212
24267600.0,600,modelica,native,True,19.999674180463103,783.9815375381046,-0.0,1.1000000000000227,-101.56212
24271200.0,600,modelica,native,True,19.999881333622398,1146.93417377419,-0.0,2.8000000000000114,-101.56212
24274800.0,600,modelica,native,True,19.99990982777274,1295.886801728672,-0.0,2.2000000000000455,-101.56212
24278400.0,600,modelica,native,True,19.999938563214414,1402.150754565663,-0.0,1.7000000000000455,-101.56212
24282000.0,600,modelica,native,True,19.999977388350203,1469.802840362125,-0.0,1.7000000000000455,-101.56212
24285600.0,600,modelica,native,True,20.00000701956384,1491.155617899365,-0.0,2.2000000000000455,-101.56212
24289200.0,600,modelica,native,True,19.999967231341827,1493.169591229757,-0.0,1.7000000000000455,-101.56212
24292800.0,600,modelica,native,True,19.999935508578403,1548.255682204035,-0.0,0.0,-101.56212
24296400.0,600,modelica,native,True,19.999972572089632,1619.542181002829,-0.0,0.0,-101.56212
24300000.0,600,modelica,native,True,19.999986539587212,1650.986506914033,-0.0,0.0,-101.56212
24303600.0,600,modelica,native,True,20.000444171749507,1634.127751368947,-0.0,1.1000000000000227,963.0513483124076
24307200.0,600,modelica,native,True,20.00119418584734,967.205028819508,-0.0,3.3000000000000114,3860.819523398516
24310800.0,600,modelica,native,True,23.620059804090715,32.40930476400587,-0.0,6.100000000000023,5757.178847825464
24314400.0,600,modelica,native,True,27.001450160859633,1.499387953016493e-07,423.5904635731379,9.400000000000034,6899.744416538651
24318000.0,600,modelica,native,True,27.00105808817824,0.0,2119.95501220915,12.200000000000045,7434.041347517335
24321600.0,600,modelica,native,True,27.0006895404627,0.0,3358.938525058428,14.400000000000034,7716.213394550626
24325200.0,600,modelica,native,True,27.000363240191803,0.0,4157.891418239806,16.700000000000045,7513.740976192661
24328800.0,600,modelica,native,True,26.999883205104595,0.0,4525.561820077896,17.80000000000001,6543.408830702941
24332400.0,600,modelica,native,True,26.99937318191462,0.0,4328.705415218671,17.80000000000001,4768.645497074791
24336000.0,600,modelica,native,True,26.999025084567847,0.0,3549.688350910611,17.80000000000001,2663.646195332537
24339600.0,600,modelica,native,True,26.998717324442623,0.0,2350.637435270416,16.100000000000023,484.6295993090981
24343200.0,600,modelica,native,True,26.999072705471008,0.0,897.5190076165729,12.800000000000011,-101.56212
24346800.0,600,modelica,native,True,25.27562140145625,0.0,33.04908038404253,10.0,-101.56212
24350400.0,600,modelica,native,True,22.656989322696234,0.0,8.683734469943576e-07,8.900000000000034,-101.56212
24354000.0,600,modelica,native,True,20.054446257961615,0.0,-5.298190646701389e-10,6.100000000000023,-101.56212
24357600.0,600,modelica,native,True,19.99968030659494,381.7463707605997,-0.0,6.100000000000023,-101.56212
24361200.0,600,modelica,native,True,19.99983934418742,760.0674714210298,-0.0,6.100000000000023,-101.56212
24364800.0,600,modelica,native,True,19.99989544042154,956.7787300581402,-0.0,5.600000000000023,-101.56212
24368400.0,600,modelica,native,True,19.999948946122117,1071.444489638541,-0.0,5.600000000000023,-101.56212
24372000.0,600,modelica,native,True,19.999839548189016,1188.580591924985,-0.0,2.2000000000000455,-101.56212
24375600.0,600,modelica,native,True,20.000002598782828,1318.161154443953,-0.0,3.900000000000034,-101.56212
24379200.0,600,modelica,native,True,19.999898407416936,1374.685860482322,-0.0,1.1000000000000227,-101.56212
24382800.0,600,modelica,native,True,20.0001221990197,1403.800401173698,-0.0,5.600000000000023,-101.56212
24386400.0,600,modelica,native,True,19.999983339666812,1329.636784790887,-0.0,3.3000000000000114,-101.56212
24390000.0,600,modelica,native,True,20.000553595153633,1305.571933788194,-0.0,5.600000000000023,1122.559224961329
24393600.0,600,modelica,native,True,20.23510634186391,530.532704354922,-0.0,8.900000000000034,3991.108303155342
24397200.0,600,modelica,native,True,25.86169653782474,-1.185205247667101e-05,-0.0,11.700000000000045,5755.715459917805
24400800.0,600,modelica,native,True,27.00157706408021,-2.2782219780815973e-08,1018.222318646643,15.0,7147.127711131799
24404400.0,600,modelica,native,True,27.001141580537308,0.0,2904.554995531506,18.900000000000034,7946.54486913231
24408000.0,600,modelica,native,True,27.000695618314808,0.0,4222.174866753155,20.600000000000023,8163.003166743209
24411600.0,600,modelica,native,True,27.00026267671575,0.0,5016.85967956331,22.200000000000045,7770.062163989001
24415200.0,600,modelica,native,True,26.99974172354524,0.0,5269.744143915176,22.80000000000001,6496.933611275508
24418800.0,600,modelica,native,True,26.99931035023303,0.0,4909.857290945053,23.30000000000001,4640.151080087923
24422400.0,600,modelica,native,True,26.99891711945645,0.0,4033.535430959595,22.200000000000045,2574.850800869136
24426000.0,600,modelica,native,True,26.998657343773118,0.0,2724.24361893177,19.400000000000034,408.1971936063517
24429600.0,600,modelica,native,True,26.999066410002,0.0,1207.242689154413,16.100000000000023,-101.56212
24433200.0,600,modelica,native,True,26.430849190537003,0.0,165.6967082887226,13.900000000000034,-101.56212
24436800.0,600,modelica,native,True,24.45763661367863,0.0,2.387364705403646e-06,13.900000000000034,-101.56212
24440400.0,600,modelica,native,True,22.689202164290407,0.0,-4.76837158203125e-09,12.800000000000011,-101.56212
24444000.0,600,modelica,native,True,20.73319810549293,0.0,-0.0,10.0,-101.56212
24447600.0,600,modelica,native,True,19.999800949117514,88.02872902393341,-0.0,11.700000000000045,-101.56212
24451200.0,600,modelica,native,True,19.99994860675622,318.6966355742348,-0.0,13.300000000000011,-101.56212
24454800.0,600,modelica,native,True,19.99990667703321,430.9452871274948,-0.0,11.700000000000045,-101.56212
24458400.0,600,modelica,native,True,20.000006764000204,520.1754655339982,-0.0,12.800000000000011,-101.56212
24462000.0,600,modelica,native,True,19.9999944957745,512.6450214046902,-0.0,13.300000000000011,-101.56212
24465600.0,600,modelica,native,True,19.999769207876398,586.4713591453764,-0.0,8.300000000000011,-101.56212
24469200.0,600,modelica,native,True,19.999843035039248,856.7814818816714,-0.0,5.0,-101.56212
24472800.0,600,modelica,native,True,19.999973420910635,1033.485734878646,-0.0,6.100000000000023,-101.56212
24476400.0,600,modelica,native,True,20.00041199816434,1045.500117115445,-0.0,7.2000000000000455,960.330941681286
24480000.0,600,modelica,native,True,20.358864009853505,429.1292188829846,-0.0,10.600000000000023,3752.175779528836
24483600.0,600,modelica,native,True,26.17274595813734,0.0,-0.0,13.300000000000011,5837.920581172943
24487200.0,600,modelica,native,True,27.001588850550945,0.0,1177.042293456925,17.80000000000001,7062.088023297643
24490800.0,600,modelica,native,True,27.001126833959347,0.0,3055.478681577576,22.200000000000045,7636.845919653386
24494400.0,600,modelica,native,True,27.000647975680806,0.0,4349.273238377042,23.900000000000034,7828.567473090122
24498000.0,600,modelica,native,True,27.000202291989808,0.0,5107.274443397522,25.0,7387.221571298935
24501600.0,600,modelica,native,True,26.999810572989247,0.0,5329.115357813836,26.700000000000045,6326.586523136772
24505200.0,600,modelica,native,True,26.999367793972624,0.0,5069.541423047914,26.100000000000023,4779.679586571015
24508800.0,600,modelica,native,True,26.998965481031917,0.0,4274.16060476462,25.600000000000023,2558.47362540567
24512400.0,600,modelica,native,True,26.99872540808815,0.0,3020.140837352011,23.900000000000034,429.7379229168959
24516000.0,600,modelica,native,True,26.9991331333988,0.0,1568.403588118553,21.100000000000023,-101.56212
24519600.0,600,modelica,native,True,26.999554851733023,0.0,559.3755427879757,20.600000000000023,-101.56212
24523200.0,600,modelica,native,True,26.666518237434445,0.0,64.98982963720958,20.0,-101.56212
24526800.0,600,modelica,native,True,25.565308600641004,0.0,9.404288397894966e-07,18.900000000000034,-101.56212
24530400.0,600,modelica,native,True,24.528795511816895,0.0,6.887647840711805e-09,18.30000000000001,-101.56212
24534000.0,600,modelica,native,True,23.13653909135462,0.0,-0.0,14.400000000000034,-101.56212
24537600.0,600,modelica,native,True,21.413376606265444,0.0,-0.0,11.700000000000045,-101.56212
24541200.0,600,modelica,native,True,20.00101614121371,22.40508546352386,-0.0,10.0,-101.56212
24544800.0,600,modelica,native,True,19.999730698032238,371.8888778559367,-0.0,8.300000000000011,-101.56212
24548400.0,600,modelica,native,True,19.9999443584378,634.5297086890539,-0.0,10.0,-101.56212
24552000.0,600,modelica,native,True,19.999922441653325,728.9019236898422,-0.0,8.900000000000034,-101.56212
24555600.0,600,modelica,native,True,19.999983085075314,802.7297253508038,-0.0,9.400000000000034,-101.56212
24559200.0,600,modelica,native,True,19.999963989614344,846.6906520928277,-0.0,8.300000000000011,-101.56212
24562800.0,600,modelica,native,True,20.00049917724192,844.6408411047194,-0.0,10.0,1127.694404087588
24566400.0,600,modelica,native,True,21.150655404629333,231.7480073806975,-0.0,11.100000000000023,3723.876447202578
24570000.0,600,modelica,native,True,26.469685020209397,5.9339735243055554e-08,-0.0,13.300000000000011,5632.981750742113
24573600.0,600,modelica,native,True,27.0014710424864,0.0,1171.572019281387,14.400000000000034,7228.431977891897
24577200.0,600,modelica,native,True,27.001077181775713,0.0,2923.032146437433,16.700000000000045,8016.666261849568
24580800.0,600,modelica,native,True,27.000682235210945,0.0,4185.666479512851,19.400000000000034,8196.34171627555
24584400.0,600,modelica,native,True,27.00020209386065,0.0,4954.064722614818,21.100000000000023,7642.95174009446
24588000.0,600,modelica,native,True,26.99976796405531,0.0,5157.58057164722,21.700000000000045,6549.588810295475
24591600.0,600,modelica,native,True,26.999313113823405,0.0,4839.989224207666,22.200000000000045,4726.150309753232
24595200.0,600,modelica,native,True,26.998891902600747,0.0,3986.472937975989,21.700000000000045,2517.126717524693
24598800.0,600,modelica,native,True,26.998645838511948,0.0,2655.022420565287,18.30000000000001,423.045036920977
24602400.0,600,modelica,native,True,26.9990615416379,0.0,1124.274928035206,15.0,-101.56212
24606000.0,600,modelica,native,True,26.332031691638235,0.0,120.8945407062107,14.400000000000034,-101.56212
24609600.0,600,modelica,native,True,24.25305183367493,0.0,-0.0,12.800000000000011,-101.56212
24613200.0,600,modelica,native,True,22.227127141634412,0.0,-0.0,11.100000000000023,-101.56212
24616800.0,600,modelica,native,True,20.41059668195834,0.0,-0.0,10.600000000000023,-101.56212
24620400.0,600,modelica,native,True,19.999654999468305,185.9352021466361,-0.0,8.900000000000034,-101.56212
24624000.0,600,modelica,native,True,19.999698358360206,603.3644998428557,-0.0,5.600000000000023,-101.56212
24627600.0,600,modelica,native,True,19.99973213270374,966.5634156317182,-0.0,2.2000000000000455,-101.56212
24631200.0,600,modelica,native,True,19.999938875534497,1235.518898321787,-0.0,2.8000000000000114,-101.56212
24634800.0,600,modelica,native,True,20.00000262604101,1310.294835910267,-0.0,3.900000000000034,-101.56212
24638400.0,600,modelica,native,True,19.999969478379512,1328.428183086183,-0.0,3.3000000000000114,-101.56212
24642000.0,600,modelica,native,True,20.0000295938205,1340.898890016874,-0.0,4.400000000000034,-101.56212
24645600.0,600,modelica,native,True,19.999936540195847,1354.403451558749,-0.0,2.2000000000000455,-101.56212
24649200.0,600,modelica,native,True,20.000179456633248,1392.587506992022,-0.0,4.400000000000034,110.7487173759148
24652800.0,600,modelica,native,True,20.000761511822134,1098.010169578658,-0.0,8.900000000000034,1670.620124657709
24656400.0,600,modelica,native,True,21.295655396670327,240.4993023861779,-0.0,10.600000000000023,4376.38102642212
24660000.0,600,modelica,native,True,26.993661571637745,-3.708733452690972e-09,91.14028277238208,13.300000000000011,6823.863739912669
24663600.0,600,modelica,native,True,27.00129176408211,0.0,1827.405590808656,14.400000000000034,7609.224443495693
24667200.0,600,modelica,native,True,27.000308303760335,0.0,3259.685449170537,16.700000000000045,6307.098341267976
24670800.0,600,modelica,native,True,27.00021594795561,0.0,3574.122050827344,16.100000000000023,6321.393534059089
24674400.0,600,modelica,native,True,27.000154198369444,0.0,3822.063510959413,16.100000000000023,6637.997505029847
24678000.0,600,modelica,native,True,26.999504869923044,0.0,3924.582220375803,16.100000000000023,4848.819696656723
24681600.0,600,modelica,native,True,26.999052904875327,0.0,3313.809598207474,16.700000000000045,2621.376135973806
24685200.0,600,modelica,native,True,26.998673810125638,0.0,2133.244934781392,13.300000000000011,408.4074196475528
24688800.0,600,modelica,native,True,26.9990998934735,0.0,652.317276544571,10.600000000000023,-101.56212
24692400.0,600,modelica,native,True,24.298025500025915,0.0,0.4679651361041599,7.2000000000000455,-101.56212
24696000.0,600,modelica,native,True,21.439446470044004,0.0,-2.649095323350695e-09,6.7000000000000455,-101.56212
24699600.0,600,modelica,native,True,19.999595309379515,113.7536108695136,5.298190646701389e-10,5.600000000000023,-101.56212
24703200.0,600,modelica,native,True,19.999737511556134,627.730393488672,-0.0,5.0,-101.56212
24706800.0,600,modelica,native,True,19.999895414190007,922.52974181864,-0.0,5.600000000000023,-101.56212
24710400.0,600,modelica,native,True,19.999926662504038,1063.155699941317,-0.0,5.0,-101.56212
24714000.0,600,modelica,native,True,20.00001089193455,1132.320379348331,-0.0,6.100000000000023,-101.56212
24717600.0,600,modelica,native,True,19.999986467613212,1128.914136521021,-0.0,6.100000000000023,-101.56212
24721200.0,600,modelica,native,True,19.999908328442018,1173.907440354029,-0.0,3.900000000000034,-101.56212
24724800.0,600,modelica,native,True,19.999969839057826,1233.620036842028,-0.0,5.0,-101.56212
24728400.0,600,modelica,native,True,19.999865966221535,1284.834742516412,-0.0,2.2000000000000455,-101.56212
24732000.0,600,modelica,native,True,19.99983250046563,1444.918227595223,-0.0,-0.5999999999999659,-101.56212
24735600.0,600,modelica,native,True,20.000537074839315,1558.247828072442,-0.0,1.7000000000000455,1110.306708097384
24739200.0,600,modelica,native,True,20.00800540704472,749.1784565628899,-0.0,8.300000000000011,3915.48243234787
24742800.0,600,modelica,native,True,24.878353618545248,0.0,-0.0,10.0,5373.328741999703
24746400.0,600,modelica,native,True,27.001470238066133,0.0,606.2071972619162,12.200000000000045,6692.345428620199
24750000.0,600,modelica,native,True,27.000953246109702,0.0,2313.01679409504,13.300000000000011,7360.297648054449
24753600.0,600,modelica,native,True,27.000512655168507,0.0,3403.175223760605,13.900000000000034,7337.411443760088
24757200.0,600,modelica,native,True,26.99978061647613,0.0,3957.487247262531,15.0,5913.611359520281
24760800.0,600,modelica,native,True,26.99898211686775,0.0,3577.261782675319,14.400000000000034,3024.116202167153
24764400.0,600,modelica,native,True,26.998806871433317,0.0,2340.217518019147,13.900000000000034,882.293272766216
24768000.0,600,modelica,native,True,26.99914988684924,0.0,986.2046487092972,13.300000000000011,98.59082479002625
24771600.0,600,modelica,native,True,26.118707790319434,0.0,94.46776223977407,12.800000000000011,-62.96762196710036
24775200.0,600,modelica,native,True,23.667515718703214,0.0,2.374649047851563e-06,10.0,-101.56212
24778800.0,600,modelica,native,True,21.24608507406873,0.0,-0.0,8.300000000000011,-101.56212
24782400.0,600,modelica,native,True,19.999642090770408,105.6019566514757,-0.0,7.2000000000000455,-101.56212
24786000.0,600,modelica,native,True,19.99982877701001,526.2180392101076,-0.0,8.300000000000011,-101.56212
24789600.0,600,modelica,native,True,19.999880404956116,737.8314948299196,-0.0,7.800000000000011,-101.56212
24793200.0,600,modelica,native,True,19.99989911274821,884.1266651248932,-0.0,6.7000000000000455,-101.56212
24796800.0,600,modelica,native,True,19.99994523872755,986.672209464709,-0.0,6.7000000000000455,-101.56212
24800400.0,600,modelica,native,True,19.999855604023423,1085.270702401267,-0.0,3.900000000000034,-101.56212
24804000.0,600,modelica,native,True,19.99988938810111,1238.098648064931,-0.0,2.8000000000000114,-101.56212
24807600.0,600,modelica,native,True,19.999819644567197,1414.936169080734,-0.0,-1.099999999999966,-101.56212
24811200.0,600,modelica,native,True,19.99993202982472,1610.397114518483,-0.0,-1.099999999999966,-101.56212
24814800.0,600,modelica,native,True,20.000009287728403,1691.270816244549,-0.0,-0.5999999999999659,-101.56212
24818400.0,600,modelica,native,True,20.000096535736702,1669.839876642227,-0.0,1.7000000000000455,-101.56212
24822000.0,600,modelica,native,True,20.000520799302308,1534.430580218633,-0.0,3.900000000000034,984.447534820383
24825600.0,600,modelica,native,True,20.001229612046814,786.898713461558,-0.0,6.100000000000023,3891.413801774963
24829200.0,600,modelica,native,True,24.730326112389605,3.581922943856981,-0.0,10.0,5610.565376131755
24832800.0,600,modelica,native,True,27.0015854503917,4.15907965766059e-07,643.1546229012807,11.700000000000045,7147.977763927466
24836400.0,600,modelica,native,True,27.00116034570931,0.0,2486.037237943543,13.300000000000011,8144.372326257182
24840000.0,600,modelica,native,True,27.000609700828818,0.0,3819.33517832809,15.0,8061.798752076253
24843600.0,600,modelica,native,True,27.000262087764895,0.0,4549.087735848957,16.700000000000045,7749.014427883432
24847200.0,600,modelica,native,True,26.999864448397602,0.0,4801.610557554563,18.900000000000034,6631.354867324671
24850800.0,600,modelica,native,True,26.99925814109315,0.0,4547.708322081036,18.900000000000034,4630.026140215113
24854400.0,600,modelica,native,True,26.998890215974313,0.0,3639.769391793675,17.80000000000001,2440.572399855635
24858000.0,600,modelica,native,True,26.998695457053202,0.0,2304.748746204376,15.600000000000023,396.0670530407544
24861600.0,600,modelica,native,True,26.99906468647464,0.0,799.02277531147,11.100000000000023,-101.56212
24865200.0,600,modelica,native,True,25.046796599699235,0.0,9.647967505984836,10.600000000000023,-101.56212
24868800.0,600,modelica,native,True,22.57392609192425,0.0,-0.0,9.400000000000034,-101.56212
24872400.0,600,modelica,native,True,20.49341779274431,0.0,-0.0,9.400000000000034,-101.56212
24876000.0,600,modelica,native,True,19.999612888403647,218.0222367509206,-0.0,7.2000000000000455,-101.56212
24879600.0,600,modelica,native,True,19.999710829049945,688.3468855349223,-0.0,4.400000000000034,-101.56212
24883200.0,600,modelica,native,True,19.99994249351124,969.7135713169308,-0.0,6.100000000000023,-101.56212
24886800.0,600,modelica,native,True,19.999930376443444,1056.05901974943,-0.0,5.600000000000023,-101.56212
24890400.0,600,modelica,native,True,19.99990676753555,1154.067866972287,-0.0,3.900000000000034,-101.56212
24894000.0,600,modelica,native,True,20.000024181787808,1218.968525855276,-0.0,5.600000000000023,-101.56212
24897600.0,600,modelica,native,True,19.99996075059414,1218.75993133439,-0.0,4.400000000000034,-101.56212
24901200.0,600,modelica,native,True,20.000005641555504,1247.192082410389,-0.0,5.0,-101.56212
24904800.0,600,modelica,native,True,19.999966022403896,1278.207471004592,-0.0,3.3000000000000114,-101.56212
24908400.0,600,modelica,native,True,20.00045454155645,1280.899109784762,-0.0,5.600000000000023,936.012199195088
24912000.0,600,modelica,native,True,20.02482846108353,603.3742990848754,-0.0,8.300000000000011,3792.277706931671
24915600.0,600,modelica,native,True,25.46917347982543,-3.11740239461263e-05,-0.0,11.700000000000045,5876.843251555068
24919200.0,600,modelica,native,True,27.00162025317951,-5.298190646701389e-10,951.088809653918,13.300000000000011,7509.115319179066
24922800.0,600,modelica,native,True,27.00111146555895,0.0,2868.249879394107,15.600000000000023,8249.107407835294
24926400.0,600,modelica,native,True,27.00058033148673,0.0,4142.227137284279,16.700000000000045,8214.097311763973
24930000.0,600,modelica,native,True,27.000087582678248,0.0,4790.286248558892,17.80000000000001,7468.727021453858
24933600.0,600,modelica,native,True,26.99970306284274,0.0,4846.153508335749,18.30000000000001,6341.351903285431
24937200.0,600,modelica,native,True,26.999221637215214,0.0,4455.766877109209,18.30000000000001,4451.302935172665
24940800.0,600,modelica,native,True,26.99891215673682,0.0,3476.396652606328,18.30000000000001,2136.3208484057
24944400.0,600,modelica,native,True,26.99870439637465,0.0,2141.520611129337,15.0,354.6607426708067
24948000.0,600,modelica,native,True,26.99907204174724,0.0,675.020661116706,10.600000000000023,-101.56212
24951600.0,600,modelica,native,True,24.408632566581844,0.0,0.8790331649780273,7.800000000000011,-101.56212
24955200.0,600,modelica,native,True,21.472556189786644,0.0,9.250640869140624e-06,6.100000000000023,-101.56212
24958800.0,600,modelica,native,True,19.99959720423692,115.0423123481539,1.732508341471354e-07,5.600000000000023,-101.56212
24962400.0,600,modelica,native,True,19.999683354601245,660.2467972654766,-0.0,3.3000000000000114,-101.56212
24966000.0,600,modelica,native,True,19.999921853504702,1000.229463265207,-0.0,5.0,-101.56212
24969600.0,600,modelica,native,True,19.999960447872297,1097.999277328915,-0.0,5.600000000000023,-101.56212
24973200.0,600,modelica,native,True,19.99991644507594,1170.692274963591,-0.0,3.900000000000034,-101.56212
24976800.0,600,modelica,native,True,19.99996072914911,1256.311910736296,-0.0,3.900000000000034,-101.56212
24980400.0,600,modelica,native,True,19.99995546650854,1309.404894326528,-0.0,3.3000000000000114,-101.56212
24984000.0,600,modelica,native,True,19.999962962613097,1361.15814933459,-0.0,2.8000000000000114,-101.56212
24987600.0,600,modelica,native,True,20.00003350963101,1379.577054402563,-0.0,3.900000000000034,-101.56212
24991200.0,600,modelica,native,True,20.00001433767011,1354.454179904726,-0.0,3.900000000000034,-101.56212
24994800.0,600,modelica,native,True,20.000575015234915,1298.842444559203,-0.0,5.600000000000023,1195.766008319412
24998400.0,600,modelica,native,True,20.447700263829745,494.3394443130493,-0.0,9.400000000000034,4217.61850852057
25002000.0,600,modelica,native,True,26.500764303280505,-2.802742852105035e-07,-0.0,12.200000000000045,5988.596700398502
25005600.0,600,modelica,native,True,27.001457576286498,0.0,1213.296349461344,14.400000000000034,7233.419811302325
25009200.0,600,modelica,native,True,27.0010166980573,0.0,2923.313035764164,15.600000000000023,8007.700392158115
25012800.0,600,modelica,native,True,27.000657569247323,0.0,4114.256000415484,17.80000000000001,8250.916467933846
25016400.0,600,modelica,native,True,27.00010156594425,0.0,4830.938698415226,18.30000000000001,7529.068926518247
25020000.0,600,modelica,native,True,26.999764051587306,0.0,4942.478474509451,19.400000000000034,6484.876682399741
25023600.0,600,modelica,native,True,26.9994033410606,0.0,4628.667117880716,20.0,4968.929224779392
25027200.0,600,modelica,native,True,26.99887537823531,0.0,3844.091949018902,19.400000000000034,2500.136834916663
25030800.0,600,modelica,native,True,26.99865351771882,0.0,2502.820901451111,17.200000000000045,357.3134909067547
25034400.0,600,modelica,native,True,26.999054636643223,0.0,975.6546344910728,13.300000000000011,-101.56212
25038000.0,600,modelica,native,True,25.50698327751644,0.0,51.59473246468438,10.600000000000023,-101.56212
25041600.0,600,modelica,native,True,22.863108719061245,0.0,-0.0,8.900000000000034,-101.56212
25045200.0,600,modelica,native,True,20.849358819102235,0.0,-0.0,10.600000000000023,-101.56212
25048800.0,600,modelica,native,True,19.999532264592403,182.5057580460442,-0.0,5.0,-101.56212
25052400.0,600,modelica,native,True,19.999888708384447,646.4357613552942,-0.0,8.300000000000011,-101.56212
25056000.0,600,modelica,native,True,19.999915707617106,795.5911407062742,-0.0,7.800000000000011,-101.56212
25059600.0,600,modelica,native,True,19.99996001819744,892.4759949821896,-0.0,7.800000000000011,-101.56212
25063200.0,600,modelica,native,True,19.99998019632494,940.2325121127236,-0.0,7.800000000000011,-101.56212
25066800.0,600,modelica,native,True,20.000007013821516,954.6688295396168,-0.0,8.300000000000011,-101.56212
25070400.0,600,modelica,native,True,19.999980436561998,956.517522257169,-0.0,7.800000000000011,-101.56212
25074000.0,600,modelica,native,True,19.999992141093628,973.4925201675628,-0.0,7.800000000000011,-101.56212
25077600.0,600,modelica,native,True,19.99997942012044,992.7882663912244,-0.0,7.2000000000000455,-101.56212
25081200.0,600,modelica,native,True,20.000481635255028,974.878062265714,-0.0,8.900000000000034,990.984919497908
25084800.0,600,modelica,native,True,20.85735408708041,326.0066250276566,-0.0,11.700000000000045,4102.843943920207
25088400.0,600,modelica,native,True,26.973509229264607,-1.94443596733941e-07,23.59597328186035,15.0,5886.095794105016
25092000.0,600,modelica,native,True,27.00145357662643,0.0,1435.279157431391,17.80000000000001,7017.205637561685
25095600.0,600,modelica,native,True,27.00116589982514,0.0,3147.613527067502,20.600000000000023,8094.176194655356
25099200.0,600,modelica,native,True,27.000670300342904,0.0,4467.251812814076,22.80000000000001,8158.619120066912
25102800.0,600,modelica,native,True,27.000234382278336,0.0,5243.185087722142,24.400000000000034,7732.87264005979
25106400.0,600,modelica,native,True,26.999793730909914,0.0,5483.235932122337,25.0,6677.748345909825
25110000.0,600,modelica,native,True,26.99937276329274,0.0,5194.896987704701,25.600000000000023,4950.471848032352
25113600.0,600,modelica,native,True,26.998843781230846,0.0,4380.274152077569,24.400000000000034,2626.18556500562
25117200.0,600,modelica,native,True,26.99856046100564,0.0,2989.333125774066,20.600000000000023,356.2403364617246
25120800.0,600,modelica,native,True,26.999008490477195,0.0,1370.207087438901,16.700000000000045,-101.56212
25124400.0,600,modelica,native,True,26.89087478903042,0.0,262.4388600381216,16.100000000000023,-101.56212
25128000.0,600,modelica,native,True,24.547545961162825,0.0,-0.0,10.600000000000023,-101.56212
25131600.0,600,modelica,native,True,22.07459038605981,0.0,-0.0,9.400000000000034,-101.56212
25135200.0,600,modelica,native,True,20.469393868009035,0.0,-0.0,12.200000000000045,-101.56212
25138800.0,600,modelica,native,True,19.999730303106446,129.2323449691137,-0.0,10.600000000000023,-101.56212
25142400.0,600,modelica,native,True,19.999877501781214,422.9758753972583,-0.0,11.100000000000023,-101.56212
25146000.0,600,modelica,native,True,19.999867136492924,600.2130791303847,-0.0,8.900000000000034,-101.56212
25149600.0,600,modelica,native,True,19.999940936090695,749.8889863151974,-0.0,8.900000000000034,-101.56212
25153200.0,600,modelica,native,True,19.99997220177835,819.7352464352714,-0.0,8.900000000000034,-101.56212
25156800.0,600,modelica,native,True,20.000046039992412,822.7284164873759,-0.0,10.600000000000023,-101.56212
25160400.0,600,modelica,native,True,19.999947532020826,806.4525721094343,-0.0,8.900000000000034,-101.56212
25164000.0,600,modelica,native,True,20.00002071620952,858.3709856716791,-0.0,8.900000000000034,-59.29279442924624
25167600.0,600,modelica,native,True,20.000293069233805,798.9615051651001,-0.0,10.600000000000023,560.9523390066581
25171200.0,600,modelica,native,True,20.063149643570114,370.5364983987809,-0.0,12.800000000000011,3027.912669979593
25174800.0,600,modelica,native,True,26.109862160675505,6.963941786024306e-06,-0.0,16.100000000000023,5594.746085903011
25178400.0,600,modelica,native,True,27.001735872051313,0.0,1155.273146006266,20.0,7296.166022011417
25182000.0,600,modelica,native,True,27.001181988442,0.0,3177.313921100299,21.100000000000023,8245.735617304146
25185600.0,600,modelica,native,True,27.00052910326042,0.0,4521.479078374969,22.200000000000045,7939.926780954152
25189200.0,600,modelica,native,True,27.000058785760245,0.0,5098.756441462305,22.80000000000001,7231.084057024831
25192800.0,600,modelica,native,True,26.999664969957223,0.0,5128.216906972461,22.200000000000045,6184.089369966198
25196400.0,600,modelica,native,True,26.99864233189095,0.0,4590.134643851916,21.700000000000045,2608.472600127239
25200000.0,600,modelica,native,True,26.998738532759546,0.0,3042.484482307434,21.700000000000045,591.5637241581653
25203600.0,600,modelica,native,True,26.99903617469073,0.0,1546.172690093782,18.30000000000001,60.07277496058759
25207200.0,600,modelica,native,True,26.9993970507021,0.0,440.5528691954083,15.600000000000023,-101.56212
25210800.0,600,modelica,native,True,25.404018475312796,0.0,0.2356921736399333,15.0,-101.56212
25214400.0,600,modelica,native,True,23.649381354141838,0.0,-0.0,13.900000000000034,-101.56212
25218000.0,600,modelica,native,True,21.915458372597016,0.0,-0.0,12.200000000000045,-101.56212
25221600.0,600,modelica,native,True,20.55020648653442,0.0,-0.0,13.300000000000011,-101.56212
25225200.0,600,modelica,native,True,19.999775826906443,59.5860165892707,-0.0,12.800000000000011,-101.56212
25228800.0,600,modelica,native,True,19.99976556853585,342.0840543704563,-0.0,10.0,-101.56212
25232400.0,600,modelica,native,True,19.999818423613704,617.9232079617183,-0.0,7.800000000000011,-101.56212
25236000.0,600,modelica,native,True,19.99991700253645,809.7176535903083,-0.0,7.800000000000011,-101.56212
25239600.0,600,modelica,native,True,19.999912248270732,921.1334148385788,-0.0,6.7000000000000455,-101.56212
25243200.0,600,modelica,native,True,19.999942733603007,1019.25389125718,-0.0,6.100000000000023,-101.56212
25246800.0,600,modelica,native,True,20.000016062802445,1060.096266345448,-0.0,7.2000000000000455,-101.56212
25250400.0,600,modelica,native,True,19.99990901296104,1124.171687666045,-0.0,3.3000000000000114,-26.04778226354608
25254000.0,600,modelica,native,True,20.000618290513728,1135.465719072024,-0.0,5.600000000000023,1538.041799804276
25257600.0,600,modelica,native,True,20.611224317047345,370.3994465637207,-0.0,8.900000000000034,4060.69775713755
25261200.0,600,modelica,native,True,26.310974198061444,1.175350613064236e-05,-0.0,10.600000000000023,6007.271981182173
25264800.0,600,modelica,native,True,27.001488079139506,5.298190646701389e-10,1135.897908180555,12.200000000000045,7495.218303995954
25268400.0,600,modelica,native,True,27.000984783016122,0.0,2885.842971129417,13.900000000000034,8072.087860597369
25272000.0,600,modelica,native,True,27.00065795793131,0.0,4037.636243268649,15.600000000000023,8362.36288917463
25275600.0,600,modelica,native,True,27.000278344525498,0.0,4797.612171868748,17.80000000000001,8038.926823511111
25279200.0,600,modelica,native,True,26.99977366764574,0.0,5071.685971384049,18.900000000000034,6760.220803491838
25282800.0,600,modelica,native,True,26.999328347082837,0.0,4765.23694187906,20.0,4907.331348001761
25286400.0,600,modelica,native,True,26.99886942956084,0.0,3905.353735491435,19.400000000000034,2559.757523929225
25290000.0,600,modelica,native,True,26.998630679368432,0.0,2555.982433307436,17.200000000000045,381.6757835639214
25293600.0,600,modelica,native,True,26.999026422851898,0.0,1016.454335320791,13.300000000000011,-101.56212
25297200.0,600,modelica,native,True,25.359039721460533,0.0,58.37432894918653,8.900000000000034,-101.56212
25300800.0,600,modelica,native,True,22.46475484404141,0.0,-1.366933186848958e-07,7.800000000000011,-101.56212
25304400.0,600,modelica,native,True,20.495966906545107,0.0,-0.0,10.600000000000023,-101.56212
25308000.0,600,modelica,native,True,19.99966194005833,193.4221944146686,-0.0,7.800000000000011,-101.56212
25311600.0,600,modelica,native,True,19.99995063821143,531.2147145350774,-0.0,11.100000000000023,-101.56212
25315200.0,600,modelica,native,True,19.9999553878518,601.2911426936256,-0.0,11.100000000000023,-101.56212
25318800.0,600,modelica,native,True,19.999958759617698,656.8381868547864,-0.0,10.600000000000023,-101.56212
25322400.0,600,modelica,native,True,19.999970033468514,682.8870577663846,-0.0,11.100000000000023,-101.56212
25326000.0,600,modelica,native,True,19.999813946356312,755.1821343856387,-0.0,7.2000000000000455,-101.56212
25329600.0,600,modelica,native,True,19.999808471511642,974.3964670726988,-0.0,3.900000000000034,-101.56212
25333200.0,600,modelica,native,True,19.999946812792018,1172.487329115868,-0.0,3.900000000000034,-101.56212
25336800.0,600,modelica,native,True,20.000034705230348,1231.421000857883,-0.0,5.0,-41.97480880631191
25340400.0,600,modelica,native,True,20.000522237951202,1155.777145489587,-0.0,5.0,1378.57970327296
25344000.0,600,modelica,native,True,20.145359528389747,476.0822607130474,-0.0,8.300000000000011,3740.864527078378
25347600.0,600,modelica,native,True,25.653016309529107,-0.0003340456220838,-0.0,12.200000000000045,5769.728829331722
25351200.0,600,modelica,native,True,27.001620255739113,3.330442640516493e-06,1018.224724890391,16.700000000000045,7108.288714629596
25354800.0,600,modelica,native,True,27.001197087969103,0.0,2919.468046751022,20.0,7947.109921090508
25358400.0,600,modelica,native,True,27.000781634713746,0.0,4308.676834605535,22.200000000000045,8382.061130582097
25362000.0,600,modelica,native,True,27.000164025160814,0.0,5151.638368232515,22.80000000000001,7636.162987784445
25365600.0,600,modelica,native,True,26.999717028679243,0.0,5314.596526987288,22.80000000000001,6505.141531432248
25369200.0,600,modelica,native,True,26.999232019584042,0.0,4941.574285838868,22.200000000000045,4690.83741330314
25372800.0,600,modelica,native,True,26.99850481911301,0.0,3934.57248535792,20.600000000000023,1436.480437345814
25376400.0,600,modelica,native,True,26.99873050092475,0.0,2235.41410082923,18.30000000000001,-28.28827906293331
25380000.0,600,modelica,native,True,26.999241268942,0.0,772.8445148118337,15.600000000000023,-101.56212
25383600.0,600,modelica,native,True,25.711101040880237,0.0,36.63844594213698,13.300000000000011,-101.56212
25387200.0,600,modelica,native,True,23.808594240238335,0.0,2.543131510416667e-07,13.900000000000034,-101.56212
25390800.0,600,modelica,native,True,22.309135811487636,0.0,1.059638129340278e-09,13.900000000000034,-101.56212
25394400.0,600,modelica,native,True,20.81915398422234,0.0,-0.0,12.200000000000045,-101.56212
25398000.0,600,modelica,native,True,19.999759083589936,67.75478168646495,-0.0,11.100000000000023,-101.56212
25401600.0,600,modelica,native,True,19.999809233034796,382.9251779884762,-0.0,10.0,-101.56212
25405200.0,600,modelica,native,True,19.999882614532908,601.4427850834528,-0.0,9.400000000000034,-101.56212
25408800.0,600,modelica,native,True,19.99988244021165,754.1716640933355,-0.0,7.800000000000011,-101.56212
25412400.0,600,modelica,native,True,19.999922879541316,886.7357433954875,-0.0,7.2000000000000455,-101.56212
25416000.0,600,modelica,native,True,19.999919667879794,985.67320186562,-0.0,6.100000000000023,-101.56212
25419600.0,600,modelica,native,True,19.99999085125245,1055.597908479373,-0.0,6.7000000000000455,-101.56212
25423200.0,600,modelica,native,True,19.999941117509195,1102.250245116552,-0.0,5.0,-91.12480847129076
25426800.0,600,modelica,native,True,20.000168992163708,1130.047850606706,-0.0,6.7000000000000455,273.1143577804397
25430400.0,600,modelica,native,True,20.000077887332395,930.64614759975,-0.0,6.7000000000000455,411.4400745577651
25434000.0,600,modelica,native,True,19.99998473089221,833.9353395896487,-0.0,5.600000000000023,354.8713433713629
25437600.0,600,modelica,native,True,20.000004865800804,847.6365910254584,-0.0,5.0,438.5033717070266
25441200.0,600,modelica,native,True,20.0000410402713,825.9435007927153,-0.0,5.600000000000023,490.5354277525692
25444800.0,600,modelica,native,True,20.00000735894082,789.1336885690689,-0.0,5.0,521.5117292130809
25448400.0,600,modelica,native,True,19.999987405827824,783.0892204019758,-0.0,5.0,464.3016796101622
25452000.0,600,modelica,native,True,19.999961875622603,800.8785784610112,-0.0,5.0,364.3917450362798
25455600.0,600,modelica,native,True,19.999931469921705,850.3671157799827,-0.0,5.0,210.5531607021127
25459200.0,600,modelica,native,True,19.9998926453963,944.5812910615074,-0.0,4.400000000000034,44.25841124842987
25462800.0,600,modelica,native,True,19.999910481939708,1068.462772339185,-0.0,4.400000000000034,-78.73057957658004
25466400.0,600,modelica,native,True,19.999948672295602,1169.103840164609,-0.0,4.400000000000034,-101.56212
25470000.0,600,modelica,native,True,19.999955744737633,1239.88416449017,-0.0,3.900000000000034,-101.56212
25473600.0,600,modelica,native,True,19.999980179995816,1288.237251099481,-0.0,3.900000000000034,-101.56212
25477200.0,600,modelica,native,True,19.999990136039003,1311.594187091721,-0.0,3.900000000000034,-101.56212
25480800.0,600,modelica,native,True,19.99999500490611,1323.642388092147,-0.0,3.900000000000034,-101.56212
25484400.0,600,modelica,native,True,19.999997454000095,1329.404127978219,-0.0,3.900000000000034,-101.56212
25488000.0,600,modelica,native,True,19.999999731897447,1332.200808120304,-0.0,3.900000000000034,-101.56212
25491600.0,600,modelica,native,True,20.000019356556038,1324.79201403247,-0.0,4.400000000000034,-101.56212
25495200.0,600,modelica,native,True,19.999989988470418,1315.776707411342,-0.0,3.900000000000034,-101.56212
25498800.0,600,modelica,native,True,20.000014214811415,1316.729228865306,-0.0,4.400000000000034,-101.56212
25502400.0,600,modelica,native,True,20.000005017024705,1302.535294309192,-0.0,4.400000000000034,-101.56212
25506000.0,600,modelica,native,True,20.000002432722113,1296.772203447554,-0.0,4.400000000000034,-101.56212
25509600.0,600,modelica,native,True,20.00000155976744,1293.674602954123,-0.0,4.400000000000034,-101.56212
25513200.0,600,modelica,native,True,20.000072206486948,1277.841259059906,-0.0,5.0,25.63570509720822
25516800.0,600,modelica,native,True,20.000126387548846,1191.03071624332,-0.0,5.0,317.1988731578199
25520400.0,600,modelica,native,True,20.000493926954334,1014.134282628165,-0.0,6.100000000000023,1383.470500286332
25524000.0,600,modelica,native,True,20.000588167387832,415.7892009819878,-0.0,7.800000000000011,2402.716205735131
25527600.0,600,modelica,native,True,21.67342844925531,0.2850545236799452,-0.0,8.900000000000034,2467.359704195091
25531200.0,600,modelica,native,True,23.721070272270197,0.0,-0.0,10.0,2847.484538706685
25534800.0,600,modelica,native,True,26.973162147249525,0.0,3.865264940261841,11.700000000000045,4636.08340515731
25538400.0,600,modelica,native,True,27.000325162369336,0.0,879.6319871309069,12.800000000000011,3764.981256114887
25542000.0,600,modelica,native,True,26.999351059497712,0.0,1120.788492516412,12.800000000000011,1046.114344983109
25545600.0,600,modelica,native,True,26.999413281823195,0.0,384.7732916037241,13.900000000000034,108.7864176708878
25549200.0,600,modelica,native,True,24.787012181095122,0.0,0.5407253254784478,9.400000000000034,-81.82311634401178
25552800.0,600,modelica,native,True,22.050262254713346,0.0,-0.0,7.800000000000011,-101.56212
25556400.0,600,modelica,native,True,20.00377785281671,14.05307095050812,-0.0,7.800000000000011,-101.56212
25560000.0,600,modelica,native,True,19.999746145995402,387.2141048638026,-0.0,7.800000000000011,-101.56212
25563600.0,600,modelica,native,True,19.999911844248743,665.9629339408874,-0.0,8.900000000000034,-101.56212
25567200.0,600,modelica,native,True,19.999950999699536,774.3794457795885,-0.0,8.900000000000034,-101.56212
25570800.0,600,modelica,native,True,19.99997527328145,832.1541035853492,-0.0,8.900000000000034,-101.56212
25574400.0,600,modelica,native,True,19.999966659485835,871.7996654452218,-0.0,8.300000000000011,-101.56212
25578000.0,600,modelica,native,True,20.000007762503913,897.6167764202754,-0.0,8.900000000000034,-101.56212
25581600.0,600,modelica,native,True,20.000001126086545,892.3370847166909,-0.0,8.900000000000034,-101.56212
25585200.0,600,modelica,native,True,20.000000621907304,891.0940712748634,-0.0,8.900000000000034,-101.56212
25588800.0,600,modelica,native,True,19.999999962290303,890.7814651383294,-0.0,8.900000000000034,-101.56212
25592400.0,600,modelica,native,True,19.999938376561715,906.8305884859298,-0.0,7.800000000000011,-101.56212
25596000.0,600,modelica,native,True,19.999914444506203,996.8549738650852,-0.0,5.600000000000023,-99.71884478156775
25599600.0,600,modelica,native,True,20.000010852179628,1084.799769266446,-0.0,6.100000000000023,-36.16642098425206
25603200.0,600,modelica,native,True,20.00045818545391,1043.97003844632,-0.0,6.7000000000000455,1185.415301469053
25606800.0,600,modelica,native,True,20.000327457437038,469.8159357330534,-0.0,7.2000000000000455,1765.974372340566
25610400.0,600,modelica,native,True,20.21746824513025,107.873258433342,-0.0,8.0,3799.388225486842
25614000.0,600,modelica,native,True,26.98629109450303,0.0,84.76937652269999,11.700000000000045,8274.914495926478
25617600.0,600,modelica,native,True,27.00141418477574,0.0,2098.206046973334,12.800000000000011,8553.871833011948
25621200.0,600,modelica,native,True,27.000566217136623,0.0,3721.798380807241,14.400000000000034,7905.654021707956
25624800.0,600,modelica,native,True,26.999976691506845,0.0,4352.760129056507,15.600000000000023,6857.547150515908
25628400.0,600,modelica,native,True,26.999191671056508,0.0,4225.064760983785,15.600000000000023,4398.12032934212
25632000.0,600,modelica,native,True,26.9988474280824,0.0,3228.485252029631,15.600000000000023,1951.416845197861
25635600.0,600,modelica,native,True,26.99876741710483,0.0,1842.953221787347,13.300000000000011,247.4049996954874
25639200.0,600,modelica,native,True,26.923553868861347,0.0,467.8014993985494,11.100000000000023,-101.56212
25642800.0,600,modelica,native,True,24.45638955842395,0.0,-0.0,10.600000000000023,-101.56212
25646400.0,600,modelica,native,True,22.170964627069907,0.0,-0.0,10.0,-101.56212
25650000.0,600,modelica,native,True,20.11241136081344,0.0,-0.0,8.900000000000034,-101.56212
25653600.0,600,modelica,native,True,19.999712357537817,292.998825700548,-0.0,8.300000000000011,-101.56212
25657200.0,600,modelica,native,True,19.99970215533375,703.5766279395422,-0.0,3.900000000000034,-101.56212
25660800.0,600,modelica,native,True,19.999885419674513,1021.079270967907,-0.0,4.400000000000034,-101.56212
25664400.0,600,modelica,native,True,19.999918531140622,1162.990457801819,-0.0,3.900000000000034,-101.56212
25668000.0,600,modelica,native,True,19.999937162080812,1261.170024305449,-0.0,3.3000000000000114,-101.56212
25671600.0,600,modelica,native,True,20.000072312081727,1275.203543806606,-0.0,6.100000000000023,-101.56212
25675200.0,600,modelica,native,True,19.999984526413016,1220.303498793178,-0.0,5.0,-101.56212
25678800.0,600,modelica,native,True,20.000004757047805,1234.093039639261,-0.0,5.0,-101.56212
25682400.0,600,modelica,native,True,20.000041326094504,1222.979088021914,-0.0,5.600000000000023,-60.90412184130023
25686000.0,600,modelica,native,True,20.00052314554415,1122.243038214578,-0.0,6.100000000000023,1351.346992854033
25689600.0,600,modelica,native,True,20.222895287902247,435.6036204936769,-0.0,8.300000000000011,3823.053515904307
25693200.0,600,modelica,native,True,26.02671446907135,-1.988940768771701e-06,-0.0,11.100000000000023,6391.102780832905
25696800.0,600,modelica,native,True,27.001581584908706,0.0,1201.78806626002,13.300000000000011,7769.012621772411
25700400.0,600,modelica,native,True,27.000911982524542,0.0,3042.226852692498,14.400000000000034,8038.350826927185
25704000.0,600,modelica,native,True,27.00055393387322,0.0,4139.390379904641,16.100000000000023,8190.320876162063
25707600.0,600,modelica,native,True,27.000203232453202,0.0,4776.708680259917,15.600000000000023,8063.244350483508
25711200.0,600,modelica,native,True,26.9995784345748,0.0,4915.841132335663,16.100000000000023,6345.462063464531
25714800.0,600,modelica,native,True,26.999226733832415,0.0,4377.403533097373,16.700000000000045,4462.622394443219
25718400.0,600,modelica,native,True,26.998600825014705,0.0,3383.684299357732,15.0,1683.670036871186
25722000.0,600,modelica,native,True,26.998779115039895,0.0,1758.992134004169,13.900000000000034,-61.61896212926332
25725600.0,600,modelica,native,True,26.756418854625736,0.0,347.1844101460775,11.700000000000045,-101.56212
25729200.0,600,modelica,native,True,24.147589190077724,0.0,-1.739925808376736e-06,10.0,-101.56212
25732800.0,600,modelica,native,True,21.88769586759281,0.0,3.443823920355903e-07,10.0,-101.56212
25736400.0,600,modelica,native,True,20.023022970812406,0.0,-2.119276258680556e-09,10.0,-101.56212
25740000.0,600,modelica,native,True,19.999619155927746,319.0827517133289,-0.0,6.7000000000000455,-101.56212
25743600.0,600,modelica,native,True,19.99974624970571,756.5842169337802,-0.0,4.400000000000034,-101.56212
25747200.0,600,modelica,native,True,19.999948721638134,1000.76485311932,-0.0,6.100000000000023,-101.56212
25750800.0,600,modelica,native,True,19.999848656141637,1144.099097167651,-0.0,2.2000000000000455,-101.56212
25754400.0,600,modelica,native,True,20.0000268680393,1284.553806073401,-0.0,4.400000000000034,-101.56212
25758000.0,600,modelica,native,True,20.000034931797416,1254.772977423668,-0.0,5.600000000000023,-101.56212
25761600.0,600,modelica,native,True,19.999967461599795,1237.738494491047,-0.0,4.400000000000034,-101.56212
25765200.0,600,modelica,native,True,19.99998602424614,1266.851551513142,-0.0,4.400000000000034,-101.56212
25768800.0,600,modelica,native,True,19.999994213703303,1286.568898772663,-0.0,3.900000000000034,-37.59720589162964
25772400.0,600,modelica,native,True,20.000607897817645,1233.90177567429,-0.0,3.900000000000034,1640.728903898343
25776000.0,600,modelica,native,True,20.5234482732493,444.3827652666304,-0.0,7.2000000000000455,4481.111928840277
25779600.0,600,modelica,native,True,26.7181334227368,-6.242858039008247e-06,-0.0,10.0,6321.971256038793
25783200.0,600,modelica,native,True,27.001472189631443,-5.298190646701389e-10,1279.002977146572,11.700000000000045,7688.163070207652
25786800.0,600,modelica,native,True,27.001017763770903,0.0,3028.140404937532,13.300000000000011,8433.448654977274
25790400.0,600,modelica,native,True,27.000572694936807,0.0,4199.331017727322,15.0,8420.311467966589
25794000.0,600,modelica,native,True,27.0000404871098,0.0,4809.729956085417,16.100000000000023,7576.051598289302
25797600.0,600,modelica,native,True,26.999705320595638,0.0,4826.115170523326,16.100000000000023,6556.219637889951
25801200.0,600,modelica,native,True,26.999421683996616,0.0,4460.599070197211,17.200000000000045,5132.808900451488
25804800.0,600,modelica,native,True,26.998751052601904,0.0,3688.707582510842,16.700000000000045,2338.20707720148
25808400.0,600,modelica,native,True,26.99855371163011,0.0,2199.956655797958,12.800000000000011,189.4764168326647
25812000.0,600,modelica,native,True,26.972507571543645,0.0,585.376295249727,9.400000000000034,-101.56212
25815600.0,600,modelica,native,True,24.36139639616215,0.0,-8.898841010199653e-06,9.400000000000034,-101.56212
25819200.0,600,modelica,native,True,21.670454600261735,0.0,-0.0,7.2000000000000455,-101.56212
25822800.0,600,modelica,native,True,19.99973054889631,84.14402037196689,-0.0,5.600000000000023,-101.56212
25826400.0,600,modelica,native,True,19.999817437821605,542.8205573993259,-0.0,7.800000000000011,-101.56212
25830000.0,600,modelica,native,True,19.99984300717631,775.635136329333,-0.0,6.7000000000000455,-101.56212
25833600.0,600,modelica,native,True,19.99985785461672,965.0347338093652,-0.0,5.0,-101.56212
25837200.0,600,modelica,native,True,19.999902241479845,1128.389796961148,-0.0,3.900000000000034,-101.56212
25840800.0,600,modelica,native,True,20.000003687836113,1201.325709355142,-0.0,5.600000000000023,-101.56212
25844400.0,600,modelica,native,True,19.999925159909537,1218.456495363447,-0.0,3.900000000000034,-101.56212
25848000.0,600,modelica,native,True,19.999934302995825,1304.400361904568,-0.0,2.8000000000000114,-101.56212
25851600.0,600,modelica,native,True,20.000089440342833,1311.145797315174,-0.0,6.100000000000023,-101.56212
25855200.0,600,modelica,native,True,19.999971351060708,1246.187460429933,-0.0,4.400000000000034,-77.59137273236323
25858800.0,600,modelica,native,True,20.000406635713716,1230.842318902545,-0.0,4.400000000000034,1028.846297024777
25862400.0,600,modelica,native,True,20.00101622202334,651.614658472803,-0.0,7.800000000000011,3229.198143832948
25866000.0,600,modelica,native,True,24.037703353147947,3.712564445601569,-0.0,9.400000000000034,4990.330943694607
25869600.0,600,modelica,native,True,27.001341950508447,0.0,306.004388171302,11.100000000000023,6249.624464958389
25873200.0,600,modelica,native,True,27.001061501783738,0.0,1954.295753913455,12.800000000000011,7248.363864785419
25876800.0,600,modelica,native,True,27.00077543969263,0.0,3171.848453040653,15.0,7573.148232922793
25880400.0,600,modelica,native,True,27.000581338871598,0.0,4072.592767478095,16.100000000000023,8210.030841557269
25884000.0,600,modelica,native,True,26.999122884511337,0.0,4577.508542925517,16.100000000000023,4768.300119725743
25887600.0,600,modelica,native,True,26.998367384152402,0.0,3418.952189220852,15.600000000000023,793.1795198512602
25891200.0,600,modelica,native,True,26.999105571778045,0.0,1607.702261134254,14.400000000000034,616.65065012124
25894800.0,600,modelica,native,True,26.999314113443916,0.0,519.993960439894,12.800000000000011,149.705950891387
25898400.0,600,modelica,native,True,24.977493474851315,0.0,8.289979130427042,10.0,-101.56212
25902000.0,600,modelica,native,True,22.478601505907534,0.0,-0.0,9.400000000000034,-101.56212
25905600.0,600,modelica,native,True,20.189465559945518,0.0,-0.0,7.800000000000011,-101.56212
25909200.0,600,modelica,native,True,19.999740673836413,277.40408812205,-0.0,8.900000000000034,-101.56212
25912800.0,600,modelica,native,True,19.999772123123307,636.7559389819039,-0.0,6.100000000000023,-101.56212
25916400.0,600,modelica,native,True,19.999896516246338,894.2283981895447,-0.0,6.100000000000023,-101.56212
25920000.0,600,modelica,native,True,19.9999487893827,1016.475871739387,-0.0,6.100000000000023,-101.56212
25923600.0,600,modelica,native,True,20.00007373589324,1041.829195907381,-0.0,8.300000000000011,-101.56212
25927200.0,600,modelica,native,True,20.000057408662826,962.4255837308036,-0.0,9.400000000000034,-101.56212
25930800.0,600,modelica,native,True,20.00001562822024,898.704798740281,-0.0,9.400000000000034,-101.56212
25934400.0,600,modelica,native,True,19.999987155583995,881.1700425508287,-0.0,8.900000000000034,-101.56212
25938000.0,600,modelica,native,True,19.999970748699525,897.8999680164126,-0.0,8.300000000000011,-101.56212
25941600.0,600,modelica,native,True,20.000002484216736,925.9956883260938,-0.0,8.300000000000011,-101.56212
25945200.0,600,modelica,native,True,20.000092977643533,911.6814361513984,-0.0,9.400000000000034,28.00720825930078
25948800.0,600,modelica,native,True,20.00016187053211,794.7854218382306,-0.0,10.0,358.7981926795939
25952400.0,600,modelica,native,True,20.00021414424242,633.3184298033184,-0.0,8.300000000000011,909.2507597341212
25956000.0,600,modelica,native,True,20.00044048857501,319.2382724650701,-0.0,10.600000000000023,1687.137596381622
25959600.0,600,modelica,native,True,21.028628489271,3.023873496055603,-0.0,11.700000000000045,1115.940381364347
25963200.0,600,modelica,native,True,21.36288604003181,0.0,-0.0,15.0,1391.146510136969
25966800.0,600,modelica,native,True,23.486719445019332,0.0,-0.0,14.400000000000034,1645.157664964963
25970400.0,600,modelica,native,True,23.69641948565385,0.0,-0.0,12.200000000000045,1560.338072287018
25974000.0,600,modelica,native,True,25.240856691682723,0.0,-0.0,12.800000000000011,2691.801230811633
25977600.0,600,modelica,native,True,26.99889227612431,0.0,20.16562454753452,13.300000000000011,1955.994004001686
25981200.0,600,modelica,native,True,26.65935280398395,0.0,69.95911397086249,12.200000000000045,217.6129777062596
25984800.0,600,modelica,native,True,24.181573693550604,0.0,4.9802992078993065e-08,10.0,-101.56212
25988400.0,600,modelica,native,True,21.813455445551938,0.0,-0.0,9.400000000000034,-101.56212
25992000.0,600,modelica,native,True,20.004919494861497,8.05224765777588,-0.0,9.400000000000034,-101.56212
25995600.0,600,modelica,native,True,19.999753921255945,329.482573782603,-0.0,8.900000000000034,-101.56212
25999200.0,600,modelica,native,True,19.999852164162007,621.0207078997294,-0.0,8.300000000000011,-101.56212
26002800.0,600,modelica,native,True,19.999898230743895,806.4329512924618,-0.0,7.2000000000000455,-101.56212
26006400.0,600,modelica,native,True,19.99997918604373,915.3752495654423,-0.0,7.800000000000011,-101.56212
26010000.0,600,modelica,native,True,20.000000043644206,939.0064849328996,-0.0,8.300000000000011,-101.56212
26013600.0,600,modelica,native,True,19.999998433155838,940.0095477289624,-0.0,8.300000000000011,-101.56212
26017200.0,600,modelica,native,True,19.999999177186908,941.6057879002888,-0.0,8.300000000000011,-101.56212
26020800.0,600,modelica,native,True,19.999999593849907,942.3264635483424,-0.0,8.300000000000011,-101.56212
26024400.0,600,modelica,native,True,19.99999982641873,942.7642798720466,-0.0,8.300000000000011,-101.56212
26028000.0,600,modelica,native,True,20.00000032236875,943.0243379629984,-0.0,8.300000000000011,-98.32940477742518
26031600.0,600,modelica,native,True,20.000082182547146,956.6109783585866,-0.0,7.2000000000000455,222.6333698469874
26035200.0,600,modelica,native,True,20.000202961506602,820.3718972094854,-0.0,7.800000000000011,722.3784085889397
26038800.0,600,modelica,native,True,20.000235313063115,566.5532208140692,-0.0,8.300000000000011,1063.998407006947
26042400.0,600,modelica,native,True,20.499256756759507,211.1127723783917,-0.0,9.400000000000034,4279.625885456709
26046000.0,600,modelica,native,True,26.992468996992216,0.0,111.6296119075351,12.200000000000045,7905.943861825358
26049600.0,600,modelica,native,True,27.00145676590722,0.0,2110.949998219808,15.600000000000023,8259.685030813995
26053200.0,600,modelica,native,True,27.00052559918123,0.0,3763.603224495782,17.80000000000001,7506.143918228163
26056800.0,600,modelica,native,True,26.99989740295331,0.0,4356.485015413497,17.80000000000001,6391.739184866104
26060400.0,600,modelica,native,True,26.999479133445732,0.0,4199.449730754429,17.200000000000045,4989.780496893527
26064000.0,600,modelica,native,True,26.998927010335308,0.0,3526.896517212126,17.200000000000045,2513.492457032279
26067600.0,600,modelica,native,True,26.998639060529797,0.0,2220.303948364258,14.400000000000034,239.1725589564827
26071200.0,600,modelica,native,True,26.99914671838053,0.0,703.2940963141124,12.200000000000045,-101.56212
26074800.0,600,modelica,native,True,24.488206311897443,0.0,6.317002222273085,6.7000000000000455,-101.56212
26078400.0,600,modelica,native,True,22.307044566258128,0.0,4.238552517361111e-09,12.200000000000045,-101.56212
26082000.0,600,modelica,native,True,20.00728375554513,14.58565462536282,-0.0,5.0,-101.56212
26085600.0,600,modelica,native,True,19.99971981468383,461.672278643714,-0.0,6.100000000000023,-101.56212
26089200.0,600,modelica,native,True,19.999848964751607,795.3373771323098,-0.0,6.100000000000023,-101.56212
26092800.0,600,modelica,native,True,19.99991084110451,975.0638428084056,-0.0,5.600000000000023,-101.56212
26096400.0,600,modelica,native,True,19.999905209578912,1104.021285504235,-0.0,4.400000000000034,-101.56212
26100000.0,600,modelica,native,True,19.99999998245903,1177.959946198464,-0.0,5.600000000000023,-101.56212
26103600.0,600,modelica,native,True,19.999947133443413,1198.619648673269,-0.0,4.400000000000034,-101.56212
26107200.0,600,modelica,native,True,19.999976334514542,1248.26651316007,-0.0,4.400000000000034,-101.56212
26110800.0,600,modelica,native,True,19.999893170046334,1320.41793226295,-0.0,1.7000000000000455,-101.56212
26114400.0,600,modelica,native,True,20.000045044566605,1393.577521277004,-0.0,3.900000000000034,-91.27407144078192
26118000.0,600,modelica,native,True,20.000167388483135,1356.440515318976,-0.0,3.3000000000000114,358.4765972296545
26121600.0,600,modelica,native,True,20.000991857260544,1066.078845384386,-0.0,5.0,2939.466070369231
26125200.0,600,modelica,native,True,23.506741706414743,128.518105290201,-0.0,7.2000000000000455,6763.821395826013
26128800.0,600,modelica,native,True,27.001655324009107,3.178914388020834e-09,634.7927153364817,9.400000000000034,7740.378455633328
26132400.0,600,modelica,native,True,27.001027713448707,0.0,2521.69653283543,11.100000000000023,8062.885377167871
26136000.0,600,modelica,native,True,27.000097412246134,0.0,3705.751234827042,12.200000000000045,6882.632994529396
26139600.0,600,modelica,native,True,27.000076342769205,0.0,3781.652496065564,12.800000000000011,6443.104988330443
26143200.0,600,modelica,native,True,27.000180960586647,0.0,3866.629657826953,15.0,6830.839775544863
26146800.0,600,modelica,native,True,26.99933275694292,0.0,3953.063446619246,15.600000000000023,4452.380647738226
26150400.0,600,modelica,native,True,26.998873891369612,0.0,3138.875515441895,15.0,2071.349464367351
26154000.0,600,modelica,native,True,26.998741692627732,0.0,1771.216517152786,11.700000000000045,213.0218444262911
26157600.0,600,modelica,native,True,26.7571207432739,0.0,379.1555693658193,10.600000000000023,-101.56212
26161200.0,600,modelica,native,True,24.074203667489144,0.0,-0.0,9.400000000000034,-101.56212
26164800.0,600,modelica,native,True,21.7305913428969,0.0,-0.0,9.400000000000034,-101.56212
26168400.0,600,modelica,native,True,20.000935174286326,31.34352395693461,-0.0,7.800000000000011,-101.56212
26172000.0,600,modelica,native,True,19.99970979702283,466.9160280312432,-0.0,6.100000000000023,-101.56212
26175600.0,600,modelica,native,True,19.999859445514517,806.1408374261856,-0.0,6.100000000000023,-101.56212
26179200.0,600,modelica,native,True,19.99991594081763,971.9111904795964,-0.0,6.100000000000023,-101.56212
26182800.0,600,modelica,native,True,19.999892143674003,1084.16104244868,-0.0,4.400000000000034,-101.56212
26186400.0,600,modelica,native,True,19.999949086190895,1191.792230245272,-0.0,4.400000000000034,-101.56212
26190000.0,600,modelica,native,True,19.9999189496545,1271.838451318211,-0.0,2.8000000000000114,-101.56212
26193600.0,600,modelica,native,True,19.999964545317198,1356.748123153051,-0.0,2.8000000000000114,-101.56212
26197200.0,600,modelica,native,True,19.999960246938144,1407.394783791966,-0.0,2.2000000000000455,-101.56212
26200800.0,600,modelica,native,True,20.00002938505554,1440.277643626531,-0.0,2.8000000000000114,-77.49197463329381
26204400.0,600,modelica,native,True,20.000529867920534,1359.32126979404,-0.0,4.400000000000034,1223.049912383648
26208000.0,600,modelica,native,True,20.000539954178123,730.0944007582135,-0.0,4.400000000000034,2297.668798244311
26211600.0,600,modelica,native,True,20.0000350589886,168.7194750775231,-0.0,5.0,1472.921443518489
26215200.0,600,modelica,native,True,19.99981910902204,143.7061795393626,-0.0,5.0,830.4706626282283
26218800.0,600,modelica,native,True,19.999808994387138,361.5580151812235,-0.0,5.0,466.5819996913513
26222400.0,600,modelica,native,True,19.999935013772244,564.3604577912224,-0.0,6.0,436.7310889516324
26226000.0,600,modelica,native,True,19.9999710813359,647.1526983049181,-0.0,6.0,474.0251393804095
26229600.0,600,modelica,native,True,19.999957913707817,688.5700557735231,-0.0,5.600000000000023,427.1029744414749
26233200.0,600,modelica,native,True,19.9999631180566,737.618083591991,-0.0,6.100000000000023,290.923966121828
26236800.0,600,modelica,native,True,19.999926302949007,781.7183028639687,-0.0,6.7000000000000455,89.72954686422815
26240400.0,600,modelica,native,True,19.999881225729325,879.0720804283354,-0.0,6.100000000000023,-90.27518135565388
26244000.0,600,modelica,native,True,19.999920869993332,1014.680638344023,-0.0,5.600000000000023,-101.56212
26247600.0,600,modelica,native,True,19.99995500474313,1099.346283083492,-0.0,5.600000000000023,-101.56212
26251200.0,600,modelica,native,True,19.9999057828486,1171.587674818039,-0.0,3.900000000000034,-101.56212
26254800.0,600,modelica,native,True,19.999910497415442,1276.987985097567,-0.0,2.8000000000000114,-101.56212
26258400.0,600,modelica,native,True,19.99989403858251,1387.471079405679,-0.0,1.2000000000000455,-101.56212
26262000.0,600,modelica,native,True,19.999891679925042,1513.343052059279,-0.0,-0.2999999999999545,-101.56212
26265600.0,600,modelica,native,True,19.999886281537727,1644.891604560216,-0.0,-1.8999999999999773,-101.56212
26269200.0,600,modelica,native,True,19.99988766444301,1779.721294243601,-0.0,-3.3999999999999773,-101.56212
26272800.0,600,modelica,native,True,19.999883792160233,1916.096952694257,-0.0,-5.0,-101.56212
26276400.0,600,modelica,native,True,19.999881590894745,2055.796454549895,-0.0,-6.599999999999966,-101.56212
26280000.0,600,modelica,native,True,19.99990107714143,2204.000079709159,-0.0,-8.299999999999955,-101.56212
26283600.0,600,modelica,native,True,19.999955438828408,2316.460523923768,-0.0,-8.299999999999955,-101.56212
26287200.0,600,modelica,native,True,19.99998021502705,2368.918317832417,-0.0,-8.299999999999955,-93.97025367659768
26290800.0,600,modelica,native,True,20.00021677016622,2377.645248559846,-0.0,-8.299999999999955,547.506452618544
26294400.0,600,modelica,native,True,20.000117445796434,2112.675184415181,-0.0,-7.7999999999999545,623.8716230599402
26298000.0,600,modelica,native,True,20.000007934575535,1964.443743701511,-0.0,-6.699999999999989,284.7279033174572
26301600.0,600,modelica,native,True,20.000195586332097,1939.789432589213,-0.0,-6.099999999999966,789.1469662636497
26305200.0,600,modelica,native,True,20.000152106518897,1717.091208173434,-0.0,-5.0,882.0990494837486
26308800.0,600,modelica,native,True,20.000028987683038,1529.220073863135,-0.0,-3.2999999999999545,571.7797309543657
26312400.0,600,modelica,native,True,19.99993152521313,1526.18088247935,-0.0,-5.0,551.0664064478276
26316000.0,600,modelica,native,True,19.999913585716342,1597.243172081312,-0.0,-6.099999999999966,524.5885363193524
26319600.0,600,modelica,native,True,19.99988611352711,1703.639647483826,-0.0,-6.699999999999989,335.0594592617885
26323200.0,600,modelica,native,True,19.99987444296255,1835.744177605311,-0.0,-6.699999999999989,127.1587992661204
26326800.0,600,modelica,native,True,19.999859676465405,1992.517131933636,-0.0,-7.199999999999989,-76.67782791231025
26330400.0,600,modelica,native,True,19.99992483329021,2147.06984875838,-0.0,-7.199999999999989,-101.56212
26334000.0,600,modelica,native,True,19.99996253691222,2234.519187078476,-0.0,-7.199999999999989,-101.56212
26337600.0,600,modelica,native,True,19.999998624976342,2270.028159302606,-0.0,-6.699999999999989,-101.56212
26341200.0,600,modelica,native,True,19.99999735275111,2273.719354551104,-0.0,-6.699999999999989,-101.56212
26344800.0,600,modelica,native,True,19.999998630872994,2276.384030824767,-0.0,-6.699999999999989,-101.56212
26348400.0,600,modelica,native,True,19.9999997159548,2277.740171893968,-0.0,-6.699999999999989,-101.56212
26352000.0,600,modelica,native,True,20.00002088542385,2267.186308817863,-0.0,-6.099999999999966,-101.56212
26355600.0,600,modelica,native,True,20.000008084379033,2245.105308521059,-0.0,-6.099999999999966,-101.56212
26359200.0,600,modelica,native,True,20.00000401421255,2235.616164983114,-0.0,-6.099999999999966,-101.56212
26362800.0,600,modelica,native,True,20.000002032612713,2230.673625174628,-0.0,-6.099999999999966,-101.56212
26366400.0,600,modelica,native,True,20.000000986987743,2228.426974893676,-0.0,-6.099999999999966,-101.56212
26370000.0,600,modelica,native,True,20.000000465656342,2227.188549948798,-0.0,-6.099999999999966,-101.56212
26373600.0,600,modelica,native,True,20.000000212708812,2226.54871208138,-0.0,-6.099999999999966,-101.56212
26377200.0,600,modelica,native,True,20.00001638570393,2225.259004620446,-0.0,-6.099999999999966,-56.57527010783162
26380800.0,600,modelica,native,True,20.00014170175291,2184.632185253567,-0.0,-5.599999999999966,267.1722919275934
26384400.0,600,modelica,native,True,20.000214418109636,2005.301704661051,-0.0,-5.0,674.44494021476
26388000.0,600,modelica,native,True,20.0000914875194,1766.62301987542,-0.0,-4.399999999999977,592.5969263545336
26391600.0,600,modelica,native,True,20.000029175267116,1660.630401855575,-0.0,-4.399999999999977,532.8696280885051
26395200.0,600,modelica,native,True,20.000058105042115,1620.119612452189,-0.0,-4.399999999999977,667.8070353525168
26398800.0,600,modelica,native,True,20.00015957679892,1542.850252503819,-0.0,-4.399999999999977,1054.115801815572
26402400.0,600,modelica,native,True,20.000349135980002,1319.421917530166,-0.0,-3.8999999999999773,1830.240485037444
26406000.0,600,modelica,native,True,20.00023051879981,945.5874769337972,-0.0,-2.7999999999999545,1868.072580819005
26409600.0,600,modelica,native,True,19.999902261556315,714.5276275364558,-0.0,-2.7999999999999545,1299.036584964021
26413200.0,600,modelica,native,True,19.999510217670206,857.5966333537632,-0.0,-3.8999999999999773,67.15265074763902
26416800.0,600,modelica,native,True,19.999721441964198,1358.571112341351,-0.0,-3.8999999999999773,-101.56212
26420400.0,600,modelica,native,True,19.999881223422733,1679.892245784866,-0.0,-3.2999999999999545,-101.56212
26424000.0,600,modelica,native,True,19.999936435562347,1825.801246204906,-0.0,-3.2999999999999545,-101.56212
26427600.0,600,modelica,native,True,19.999968026800843,1901.351443017854,-0.0,-3.2999999999999545,-101.56212
26431200.0,600,modelica,native,True,19.999982957072802,1938.782106034491,-0.0,-3.2999999999999545,-101.56212
26434800.0,600,modelica,native,True,19.999914338294843,1985.110028263198,-0.0,-5.0,-101.56212
26438400.0,600,modelica,native,True,19.999957836682597,2076.446029059622,-0.0,-5.599999999999966,-101.56212
26442000.0,600,modelica,native,True,20.000024631750705,2107.784055550364,-0.0,-4.399999999999977,-101.56212
26445600.0,600,modelica,native,True,19.999999872679837,2086.401540936364,-0.0,-4.399999999999977,-101.56212
26449200.0,600,modelica,native,True,19.99998216738021,2093.046687796911,-0.0,-5.0,-101.56212
26452800.0,600,modelica,native,True,20.00002075073394,2101.995687552028,-0.0,-4.399999999999977,-101.56212
26456400.0,600,modelica,native,True,19.99999275090795,2082.928568071259,-0.0,-4.399999999999977,-101.56212
26460000.0,600,modelica,native,True,19.999895423253008,2118.569131961929,-0.0,-6.699999999999989,-101.56212
26463600.0,600,modelica,native,True,19.99999464565883,2232.10266348309,-0.0,-7.7999999999999545,20.56533553882981
26467200.0,600,modelica,native,True,20.000091380388994,2226.542698025703,-0.0,-6.699999999999989,191.4096197133485
26470800.0,600,modelica,native,True,20.000112854827137,2116.014514691565,-0.0,-5.599999999999966,271.4577164096459
26474400.0,600,modelica,native,True,20.00022151906751,1948.388303994073,-0.0,-2.7999999999999545,427.4085000062435
26478000.0,600,modelica,native,True,20.000239510743143,1686.913964504136,-0.0,-1.099999999999966,682.6750874018365
26481600.0,600,modelica,native,True,20.000608596964526,1377.180547921922,-0.0,0.0,1970.225765081908
26485200.0,600,modelica,native,True,20.0005538649267,668.6886387952169,-0.0,1.1000000000000227,2790.731936148649
26488800.0,600,modelica,native,True,20.08443424318193,75.45154562049441,-0.0,1.7000000000000455,2188.311805327449
26492400.0,600,modelica,native,True,20.542051558112234,0.0,-0.0,2.2000000000000455,2540.877606759891
26496000.0,600,modelica,native,True,21.2034618478051,0.0,-0.0,1.1000000000000227,1862.154948412519
26499600.0,600,modelica,native,True,19.99980723826303,80.59894518958198,-0.0,-3.2999999999999545,192.0484060444281
26503200.0,600,modelica,native,True,19.9995079784386,862.4596072567833,-0.0,-3.8999999999999773,-101.56212
26506800.0,600,modelica,native,True,19.999760188272035,1429.756827935113,-0.0,-3.2999999999999545,-101.56212
26510400.0,600,modelica,native,True,19.999810757559544,1732.249237909847,-0.0,-5.0,-101.56212
26514000.0,600,modelica,native,True,19.99986627155124,1954.34477859656,-0.0,-6.099999999999966,-101.56212
26517600.0,600,modelica,native,True,19.99989534146141,2112.952624915971,-0.0,-7.199999999999989,-101.56212
26521200.0,600,modelica,native,True,19.99998327587332,2216.231847262912,-0.0,-6.699999999999989,-101.56212
26524800.0,600,modelica,native,True,19.999990744682123,2246.718142065472,-0.0,-6.699999999999989,-101.56212
26528400.0,600,modelica,native,True,20.0000622583691,2232.364154991574,-0.0,-5.0,-101.56212
26532000.0,600,modelica,native,True,20.000016669691036,2177.259627573225,-0.0,-5.0,-101.56212
26535600.0,600,modelica,native,True,20.000061911817397,2132.362338806788,-0.0,-3.8999999999999773,-101.56212
26539200.0,600,modelica,native,True,20.000070398510218,2057.989395369953,-0.0,-2.7999999999999545,-101.56212
26542800.0,600,modelica,native,True,19.999940492177643,2013.208276604017,-0.0,-4.399999999999977,-101.56212
26546400.0,600,modelica,native,True,19.999916926600804,2081.527725633515,-0.0,-6.099999999999966,-101.56212
26550000.0,600,modelica,native,True,20.00008396067534,2139.910966667599,-0.0,-5.0,60.22873727270226
26553600.0,600,modelica,native,True,20.000194676357296,2024.485281112989,-0.0,-4.399999999999977,496.968558014908
26557200.0,600,modelica,native,True,20.000132172798317,1799.540326615969,-0.0,-3.2999999999999545,501.3900217186688
26560800.0,600,modelica,native,True,20.00015069763731,1640.2332537259,-0.0,-2.1999999999999886,600.2736608938337
26564400.0,600,modelica,native,True,20.000165270922537,1451.178402235773,-0.0,-1.099999999999966,795.0362040653501
26568000.0,600,modelica,native,True,20.000600967549417,1227.478179751502,-0.0,0.6000000000000227,2013.99603031251
26571600.0,600,modelica,native,True,20.559330474283115,418.8463037199444,-0.0,2.8000000000000114,4854.790070043015
26575200.0,600,modelica,native,True,25.723641330567943,0.0,-0.0,2.8000000000000114,5395.045045619802
26578800.0,600,modelica,native,True,27.00005814643754,0.0,276.1227792856428,2.2000000000000455,3452.687702516043
26582400.0,600,modelica,native,True,26.931783634037913,0.0,292.6427779324849,1.1000000000000227,892.4512007740274
26586000.0,600,modelica,native,True,23.2335244755252,0.0,-2.356635199652778e-06,1.1000000000000227,-91.61578462763782
26589600.0,600,modelica,native,True,20.005239226953904,25.27425605667962,-0.0,1.1000000000000227,-101.56212
26593200.0,600,modelica,native,True,19.99953632579644,644.110751824379,-0.0,0.0,-101.56212
26596800.0,600,modelica,native,True,19.999724204513598,1200.444507395956,-0.0,-1.6999999999999886,-101.56212
26600400.0,600,modelica,native,True,19.999867430534607,1520.569601495001,-0.0,-1.6999999999999886,-101.56212
26604000.0,600,modelica,native,True,19.99993423869273,1676.72890838782,-0.0,-1.6999999999999886,-101.56212
26607600.0,600,modelica,native,True,20.000008812718306,1735.40001200517,-0.0,-0.5999999999999659,-101.56212
26611200.0,600,modelica,native,True,19.99996715861471,1753.259587714407,-0.0,-1.6999999999999886,-101.56212
26614800.0,600,modelica,native,True,20.0000061215261,1784.865516108407,-0.0,-1.099999999999966,-101.56212
26618400.0,600,modelica,native,True,20.000000189277728,1781.1069350285,-0.0,-1.099999999999966,-101.56212
26622000.0,600,modelica,native,True,20.0000001323495,1780.800830434693,-0.0,-1.099999999999966,-101.56212
26625600.0,600,modelica,native,True,19.999999961411504,1780.727607034047,-0.0,-1.099999999999966,-101.56212
26629200.0,600,modelica,native,True,19.999873739772397,1856.68932908535,-0.0,-5.0,-101.56212
26632800.0,600,modelica,native,True,20.0000217111521,1971.107778423627,-0.0,-3.2999999999999545,-101.56212
26636400.0,600,modelica,native,True,20.00043094445823,1933.079117644098,-0.0,-2.1999999999999886,934.8545942533798
26640000.0,600,modelica,native,True,20.00066217881931,1346.717632791201,-0.0,0.6000000000000227,2218.350241382951
26643600.0,600,modelica,native,True,20.000329816278338,653.4533619626363,-0.0,2.2000000000000455,1921.935263341194
26647200.0,600,modelica,native,True,20.1919789540853,211.8299734136793,-0.0,3.900000000000034,3323.270484297101
26650800.0,600,modelica,native,True,24.046833064698944,-4.397498236762153e-08,-0.0,6.100000000000023,5311.949884937132
26654400.0,600,modelica,native,True,27.00156611462461,0.0,417.6441244210137,7.800000000000011,7419.708954583725
26658000.0,600,modelica,native,True,27.001032464300636,0.0,2204.463138874902,8.300000000000011,8053.166272251847
26661600.0,600,modelica,native,True,27.000267771091444,0.0,3356.396605328454,9.400000000000034,7140.053184175806
26665200.0,600,modelica,native,True,26.999575932820846,0.0,3609.15703090032,10.0,5347.954685373755
26668800.0,600,modelica,native,True,26.998822249588045,0.0,3009.913128596412,9.400000000000034,2480.216096200387
26672400.0,600,modelica,native,True,26.998590648486697,0.0,1603.051889673869,6.100000000000023,246.6732327975161
26676000.0,600,modelica,native,True,25.490732937801397,0.0,180.8429223781162,3.900000000000034,-101.56212
26679600.0,600,modelica,native,True,21.54184181727703,0.0,1.9073486328125e-08,1.1000000000000227,-101.56212
26683200.0,600,modelica,native,True,19.999485446741232,208.3931732543309,-0.0,2.2000000000000455,-101.56212
26686800.0,600,modelica,native,True,19.9997457148192,810.49701868799,-0.0,2.8000000000000114,-101.56212
26690400.0,600,modelica,native,True,19.999888789185945,1109.637422450913,-0.0,3.3000000000000114,-101.56212
26694000.0,600,modelica,native,True,19.999921341604306,1255.025747944514,-0.0,2.8000000000000114,-101.56212
26697600.0,600,modelica,native,True,19.999994313623233,1322.330620264477,-0.0,3.900000000000034,-101.56212
26701200.0,600,modelica,native,True,19.999968680062807,1337.343238833216,-0.0,3.3000000000000114,-101.56212
26704800.0,600,modelica,native,True,19.999969692709044,1374.403634155591,-0.0,2.8000000000000114,-101.56212
26708400.0,600,modelica,native,True,20.00001056812721,1397.797889651722,-0.0,3.3000000000000114,-101.56212
26712000.0,600,modelica,native,True,20.000002707397414,1391.516563072734,-0.0,3.3000000000000114,-101.56212
26715600.0,600,modelica,native,True,20.000034201911603,1367.096670799785,-0.0,4.400000000000034,-101.56212
26719200.0,600,modelica,native,True,19.999966577938437,1345.409150830375,-0.0,3.3000000000000114,-101.56212
26722800.0,600,modelica,native,True,20.00035893258621,1366.512995968395,-0.0,2.8000000000000114,966.6084755287202
26726400.0,600,modelica,native,True,20.001233454673923,796.6416761753294,-0.0,4.0,4113.131048708869
26730000.0,600,modelica,native,True,24.870824656906905,8.331224902470906,-0.0,6.100000000000023,6435.458601513843
26733600.0,600,modelica,native,True,27.001637097038042,2.914004855685764e-08,762.8974886226654,8.900000000000034,7757.207999984361
26737200.0,600,modelica,native,True,27.0011990713831,0.0,2699.566859182782,12.200000000000045,8630.454449956622
26740800.0,600,modelica,native,True,27.00068514625201,0.0,4082.935425492393,13.900000000000034,8769.4925337446
26744400.0,600,modelica,native,True,27.00025823780095,0.0,4871.431454408434,15.0,8415.783914456924
26748000.0,600,modelica,native,True,26.999736241842243,0.0,5121.110062028037,15.600000000000023,7140.705796016871
26751600.0,600,modelica,native,True,26.99929873766962,0.0,4767.915413264169,15.600000000000023,5388.200863465381
26755200.0,600,modelica,native,True,26.998634730285005,0.0,3831.949145186742,13.300000000000011,2618.108935183567
26758800.0,600,modelica,native,True,26.99839331960692,0.0,2179.557331411574,8.300000000000011,222.6362861473337
26762400.0,600,modelica,native,True,26.406981237398725,0.0,416.1951316812304,5.0,-101.56212
26766000.0,600,modelica,native,True,22.865039340752105,0.0,-0.0,4.400000000000034,-101.56212
26769600.0,600,modelica,native,True,20.0061407383252,17.87293472978804,-0.0,3.3000000000000114,-101.56212
26773200.0,600,modelica,native,True,19.99973356493183,502.0021036582523,-0.0,5.600000000000023,-101.56212
26776800.0,600,modelica,native,True,19.99984165418124,831.2458327913284,-0.0,5.600000000000023,-101.56212
26780400.0,600,modelica,native,True,19.99988049802664,1030.032836905585,-0.0,4.400000000000034,-101.56212
26784000.0,600,modelica,native,True,19.99998609439791,1140.4262335719,-0.0,5.600000000000023,-101.56212
26787600.0,600,modelica,native,True,19.999965442309417,1170.880388449563,-0.0,5.0,-101.56212
26791200.0,600,modelica,native,True,19.999989765544797,1206.550518018405,-0.0,5.0,-101.56212
26794800.0,600,modelica,native,True,20.00001730373731,1210.114202661514,-0.0,5.600000000000023,-101.56212
26798400.0,600,modelica,native,True,19.999985353210718,1207.162107574675,-0.0,5.0,-101.56212
26802000.0,600,modelica,native,True,20.000019046343198,1212.851421764692,-0.0,5.600000000000023,-101.56212
26805600.0,600,modelica,native,True,20.00001317650083,1197.756202873124,-0.0,5.600000000000023,-101.56212
26809200.0,600,modelica,native,True,20.000321281129118,1160.984515638351,-0.0,6.7000000000000455,626.278872986998
26812800.0,600,modelica,native,True,20.0010664603588,657.1462740219964,-0.0,8.300000000000011,3276.033380592644
26816400.0,600,modelica,native,True,24.311411847616398,4.744619149631924,-0.0,12.200000000000045,4739.469390450811
26820000.0,600,modelica,native,True,27.00087552532591,1.3245476616753471e-08,292.206556002299,15.0,4343.200856547177
26823600.0,600,modelica,native,True,27.00017363091024,0.0,1245.677084302902,16.100000000000023,3261.86603418437
26827200.0,600,modelica,native,True,26.999545499426006,0.0,1351.724344519509,17.80000000000001,1288.830040181326
26830800.0,600,modelica,native,True,27.00002630845671,0.0,868.3204417641957,16.700000000000045,2087.914576586292
26834400.0,600,modelica,native,True,26.99982409875605,0.0,928.7758277585772,17.200000000000045,1808.217650406307
26838000.0,600,modelica,native,True,26.999431829174,0.0,711.2871172428131,15.600000000000023,410.1878421805074
26841600.0,600,modelica,native,True,26.49604899347281,0.0,107.4541455237071,15.0,-25.59252865433601
26845200.0,600,modelica,native,True,24.20417125095264,0.0,-0.0,11.100000000000023,-95.01850687072124
26848800.0,600,modelica,native,True,22.118450300075494,0.0,-0.0,11.100000000000023,-101.56212
26852400.0,600,modelica,native,True,20.40413753838834,0.0,-0.0,11.100000000000023,-101.56212
26856000.0,600,modelica,native,True,19.999744132136243,154.3798872073491,-0.0,10.600000000000023,-101.56212
26859600.0,600,modelica,native,True,19.999825311318205,468.4206866433885,-0.0,9.400000000000034,-101.56212
26863200.0,600,modelica,native,True,20.0000277805093,595.1620372348361,-0.0,12.800000000000011,-101.56212
26866800.0,600,modelica,native,True,19.99982968258263,642.2488600879245,-0.0,8.300000000000011,-101.56212
26870400.0,600,modelica,native,True,19.999905659035903,829.3961646556854,-0.0,7.2000000000000455,-101.56212
26874000.0,600,modelica,native,True,19.999952391648208,937.1914601500828,-0.0,7.2000000000000455,-101.56212
26877600.0,600,modelica,native,True,19.999950319917502,997.046194492446,-0.0,6.7000000000000455,-101.56212
26881200.0,600,modelica,native,True,19.9999269945244,1062.276049898995,-0.0,5.600000000000023,-101.56212
26884800.0,600,modelica,native,True,19.99990287807924,1157.654972771539,-0.0,3.900000000000034,-101.56212
26888400.0,600,modelica,native,True,20.000056857710604,1199.604593648381,-0.0,6.7000000000000455,-101.56212
26892000.0,600,modelica,native,True,19.999933357172097,1162.678200780551,-0.0,5.0,-101.56212
26895600.0,600,modelica,native,True,20.000278783965314,1240.697272659938,-0.0,2.2000000000000455,1023.531153713042
26899200.0,600,modelica,native,True,20.00044609597495,733.712716017829,-0.0,10.0,1305.47551914369
26902800.0,600,modelica,native,True,19.99989176527015,322.4963482183881,-0.0,8.900000000000034,234.4417220236668
26906400.0,600,modelica,native,True,20.000671691275045,369.0185373915566,-0.0,12.200000000000045,1897.421057981693
26910000.0,600,modelica,native,True,23.67267581722615,12.00479925950368,-0.0,15.0,4961.50967166528
26913600.0,600,modelica,native,True,27.00050969718575,0.0,402.5518584728241,15.600000000000023,3637.40999819183
26917200.0,600,modelica,native,True,26.999995397095404,0.0,863.0813652578989,17.80000000000001,1771.04728478474
26920800.0,600,modelica,native,True,27.00095377991471,0.0,1009.885174330605,17.80000000000001,5008.509143281978
26924400.0,600,modelica,native,True,27.000453161863902,0.0,2008.023555109236,15.600000000000023,5304.78403847164
26928000.0,600,modelica,native,True,26.999200998303138,0.0,2370.23229965104,14.400000000000034,2251.263170170484
26931600.0,600,modelica,native,True,26.998863913663797,0.0,1426.563537521362,12.200000000000045,76.96964123553721
26935200.0,600,modelica,native,True,26.323293780677204,0.0,220.5612419859568,10.600000000000023,-101.56212
26938800.0,600,modelica,native,True,23.965050296781897,0.0,-1.155005560980903e-07,11.700000000000045,-101.56212
26942400.0,600,modelica,native,True,21.44574438904374,0.0,-1.059638129340278e-09,7.2000000000000455,-101.56212
26946000.0,600,modelica,native,True,19.999644536288145,114.5675521866481,-0.0,6.100000000000023,-101.56212
26949600.0,600,modelica,native,True,19.999866124050925,552.6410463306639,-0.0,8.300000000000011,-101.56212
26953200.0,600,modelica,native,True,19.999948693197837,715.447773103714,-0.0,9.400000000000034,-101.56212
26956800.0,600,modelica,native,True,19.99989294025181,818.3057067738639,-0.0,7.2000000000000455,-101.56212
26960400.0,600,modelica,native,True,19.999956472928716,935.3112313508988,-0.0,7.2000000000000455,-101.56212
26964000.0,600,modelica,native,True,19.999978539876736,988.121262984276,-0.0,7.2000000000000455,-101.56212
26967600.0,600,modelica,native,True,20.000056130420944,984.7563362778558,-0.0,8.900000000000034,-101.56212
26971200.0,600,modelica,native,True,19.999972133440735,937.2619810093772,-0.0,8.300000000000011,-101.56212
26974800.0,600,modelica,native,True,19.999909990873334,984.2191764031516,-0.0,6.100000000000023,-101.56212
26978400.0,600,modelica,native,True,19.9999535656292,1080.197978339195,-0.0,5.600000000000023,-101.56212
26982000.0,600,modelica,native,True,20.00030749274714,1118.153984090487,-0.0,6.100000000000023,680.3730056504555
26985600.0,600,modelica,native,True,20.001085914954615,607.7957384660509,-0.0,8.900000000000034,3332.33658840857
26989200.0,600,modelica,native,True,24.543367389103537,0.4234713040457831,-0.0,11.100000000000023,4264.735208763627
26992800.0,600,modelica,native,True,27.000383766409698,0.0,104.2242691908942,13.900000000000034,3336.125097111286
26996400.0,600,modelica,native,True,27.00041300616084,0.0,804.0885032060411,14.400000000000034,3671.082933933063
27000000.0,600,modelica,native,True,27.000137925418244,0.0,1274.52360259268,12.200000000000045,3735.63072716995
27003600.0,600,modelica,native,True,26.999891478926543,0.0,1416.922995533413,10.0,3445.90124390631
27007200.0,600,modelica,native,True,26.999713463047215,0.0,1273.390381903119,8.300000000000011,2874.226545358558
27010800.0,600,modelica,native,True,26.999629649965414,0.0,966.737089252472,10.0,1982.178531681266
27014400.0,600,modelica,native,True,26.999305665885515,0.0,469.7588295968374,7.800000000000011,671.4809667085659
27018000.0,600,modelica,native,True,24.670733861034535,0.0,4.942777365578546,6.7000000000000455,-74.87838761411376
27021600.0,600,modelica,native,True,21.61224944330803,0.0,-0.0,5.600000000000023,-101.56212
27025200.0,600,modelica,native,True,19.99957580081292,119.089931201405,-0.0,4.400000000000034,-101.56212
27028800.0,600,modelica,native,True,19.999712173092007,674.7632220040427,-0.0,3.900000000000034,-101.56212
27032400.0,600,modelica,native,True,19.999833301942942,1016.336581436263,-0.0,3.3000000000000114,-101.56212
27036000.0,600,modelica,native,True,19.99992603393531,1205.713648552894,-0.0,3.3000000000000114,-101.56212
27039600.0,600,modelica,native,True,19.999984570894924,1284.948163473871,-0.0,3.900000000000034,-101.56212
27043200.0,600,modelica,native,True,19.9999506162697,1315.857803124322,-0.0,3.3000000000000114,-101.56212
27046800.0,600,modelica,native,True,19.999904996896532,1381.711807964113,-0.0,1.7000000000000455,-101.56212
27050400.0,600,modelica,native,True,19.999853222677814,1513.257757197486,-0.0,-1.099999999999966,-101.56212
27054000.0,600,modelica,native,True,20.000078732608642,1583.052166931894,-0.0,2.8000000000000114,-101.56212
27057600.0,600,modelica,native,True,19.99996109209934,1530.79180416584,-0.0,1.1000000000000227,-101.56212
27061200.0,600,modelica,native,True,19.99997357552195,1575.062194856538,-0.0,0.6000000000000227,-101.56212
27064800.0,600,modelica,native,True,19.999988632376528,1602.442245321804,-0.0,0.6000000000000227,-101.56212
27068400.0,600,modelica,native,True,20.000186243533904,1608.203683311674,-0.0,0.6000000000000227,429.038493153721
27072000.0,600,modelica,native,True,20.00057839804191,1293.413078718185,-0.0,2.8000000000000114,1668.840804137091
27075600.0,600,modelica,native,True,20.000688366299414,576.7403263531791,-0.0,6.100000000000023,2636.022710553782
27079200.0,600,modelica,native,True,21.827396278668914,16.49332775327894,-0.0,6.7000000000000455,3366.3367819869
27082800.0,600,modelica,native,True,24.803828866708898,0.0,-0.0,7.2000000000000455,3694.997542140098
27086400.0,600,modelica,native,True,26.999340815106848,0.0,47.28019340197245,7.2000000000000455,3727.680162912704
27090000.0,600,modelica,native,True,27.000249899536016,0.0,544.1688900894588,8.300000000000011,3441.812227480424
27093600.0,600,modelica,native,True,26.99995376559974,0.0,814.1567698383332,8.900000000000034,2865.484133964374
27097200.0,600,modelica,native,True,26.999665058009896,0.0,731.1409170712365,8.900000000000034,1908.655398044436
27100800.0,600,modelica,native,True,26.999265749241204,0.0,312.273565937678,8.300000000000011,715.9030558380871
27104400.0,600,modelica,native,True,24.385677896088396,0.0,0.0057506900363498,6.100000000000023,-80.66883303261069
27108000.0,600,modelica,native,True,21.2670518084156,0.0,-0.0,5.0,-101.56212
27111600.0,600,modelica,native,True,19.999505159509738,183.8498438464271,-0.0,3.900000000000034,-101.56212
27115200.0,600,modelica,native,True,19.999720190736525,754.6022570705413,-0.0,3.3000000000000114,-101.56212
27118800.0,600,modelica,native,True,19.999783152466932,1100.851918375757,-0.0,1.7000000000000455,-101.56212
27122400.0,600,modelica,native,True,19.99992666671801,1311.090755798022,-0.0,2.2000000000000455,-101.56212
27126000.0,600,modelica,native,True,19.99988059154265,1439.323469205962,-0.0,0.0,-101.56212
27129600.0,600,modelica,native,True,19.999957819860413,1568.687265327242,-0.0,0.0,-101.56212
27133200.0,600,modelica,native,True,19.999987271246596,1610.638791243765,-0.0,0.6000000000000227,-101.56212
27136800.0,600,modelica,native,True,19.999966844486607,1629.78011519538,-0.0,0.0,-101.56212
27140400.0,600,modelica,native,True,19.99996116786832,1668.77106089592,-0.0,-0.5999999999999659,-101.56212
27144000.0,600,modelica,native,True,19.999934380775528,1723.535491689046,-0.0,-1.6999999999999886,-101.56212
27147600.0,600,modelica,native,True,19.999963745162006,1793.763116563691,-0.0,-2.1999999999999886,-101.56212
27151200.0,600,modelica,native,True,20.000052410619105,1810.495627848307,-0.0,-0.5999999999999659,-101.56212
27154800.0,600,modelica,native,True,20.00023601866934,1770.79040845818,-0.0,-1.099999999999966,515.5403284893284
27158400.0,600,modelica,native,True,20.000880549365945,1348.290134839482,-0.0,2.8000000000000114,2491.520510534282
27162000.0,600,modelica,native,True,20.98929284740393,295.2784197219213,-0.0,3.900000000000034,4757.687465157459
27165600.0,600,modelica,native,True,26.58419542636085,2.2782219780815973e-08,-0.0,4.400000000000034,6901.796352954203
27169200.0,600,modelica,native,True,27.00131426917585,0.0,1214.248807882733,3.900000000000034,8167.621549239722
27172800.0,600,modelica,native,True,27.00030610874194,0.0,2695.534593880971,5.600000000000023,6901.660999858083
27176400.0,600,modelica,native,True,26.999437804923843,0.0,3005.873204837375,4.400000000000034,4853.804412464062
27180000.0,600,modelica,native,True,26.99915442543653,0.0,2313.74756793446,5.0,2887.252854650246
27183600.0,600,modelica,native,True,26.99901720706083,0.0,1316.40117474556,4.400000000000034,1298.693114519475
27187200.0,600,modelica,native,True,26.232073847382708,0.0,255.0936573325263,3.900000000000034,411.3512590869937
27190800.0,600,modelica,native,True,22.896328287476024,0.0,-0.0,1.1000000000000227,38.5503845831225
27194400.0,600,modelica,native,True,20.00170477954805,46.55250447538164,-0.0,1.1000000000000227,-101.56212
27198000.0,600,modelica,native,True,19.99956884190493,697.2176262479359,-0.0,0.0,-101.56212
27201600.0,600,modelica,native,True,19.999762870199106,1202.422176185184,-0.0,-0.5999999999999659,-101.56212
27205200.0,600,modelica,native,True,19.999842581641417,1490.581120342679,-0.0,-1.6999999999999886,-101.56212
27208800.0,600,modelica,native,True,19.999952649161912,1655.921922018263,-0.0,-1.099999999999966,-101.56212
27212400.0,600,modelica,native,True,19.999935129903747,1723.853859111998,-0.0,-1.6999999999999886,-101.56212
27216000.0,600,modelica,native,True,19.999881767453303,1833.677269529767,-0.0,-4.399999999999977,-101.56212
27219600.0,600,modelica,native,True,20.000011903527422,1932.325440788269,-0.0,-2.7999999999999545,-101.56212
27223200.0,600,modelica,native,True,19.99999192720321,1925.572180537648,-0.0,-2.7999999999999545,-101.56212
27226800.0,600,modelica,native,True,19.999974806100624,1938.704552052286,-0.0,-3.2999999999999545,-101.56212
27230400.0,600,modelica,native,True,19.99996459970913,1970.213869071007,-0.0,-3.8999999999999773,-101.56212
27234000.0,600,modelica,native,True,19.99998618281495,2002.321554664506,-0.0,-3.8999999999999773,-101.56212
27237600.0,600,modelica,native,True,19.999952530696817,2036.539958646562,-0.0,-5.0,-101.56212
27241200.0,600,modelica,native,True,20.000345717476137,2060.507243231667,-0.0,-3.8999999999999773,695.2487224290599
27244800.0,600,modelica,native,True,20.001173021956618,1513.422270935906,-0.0,-1.099999999999966,3551.28540084523
27248400.0,600,modelica,native,True,21.913456739453522,254.4111169253455,-0.0,2.2000000000000455,5640.848287085593
27252000.0,600,modelica,native,True,26.994006196501743,-1.847743988037109e-05,71.22893281936645,5.600000000000023,6821.799734347076
27255600.0,600,modelica,native,True,27.001253168760115,0.0,1545.335577561061,7.2000000000000455,7901.429879236275
27259200.0,600,modelica,native,True,27.000809669313412,0.0,3014.774525088204,8.900000000000034,8302.629112650196
27262800.0,600,modelica,native,True,27.000301843657496,0.0,3931.151754301919,9.400000000000034,7987.510698540391
27266400.0,600,modelica,native,True,26.99989673061833,0.0,4290.571565083398,11.100000000000023,7043.941209008708
27270000.0,600,modelica,native,True,26.999302059782224,0.0,4089.231811988619,10.600000000000023,5110.863551634342
27273600.0,600,modelica,native,True,26.9986932810059,0.0,3206.270120104684,10.600000000000023,2145.505762966622
27277200.0,600,modelica,native,True,26.998602280519833,0.0,1642.580126672321,8.300000000000011,44.481966584346
27280800.0,600,modelica,native,True,25.549165309008004,0.0,187.7814924854702,4.400000000000034,-101.56212
27284400.0,600,modelica,native,True,22.034051529883413,0.0,3.9206610785590285e-08,4.400000000000034,-101.56212
27288000.0,600,modelica,native,True,20.000337406606718,47.52630340046353,-4.238552517361111e-09,6.100000000000023,-101.56212
27291600.0,600,modelica,native,True,19.999608285617512,583.206905251609,-0.0,2.2000000000000455,-101.56212
27295200.0,600,modelica,native,True,19.999863080832938,1022.34473168638,-0.0,3.3000000000000114,-101.56212
27298800.0,600,modelica,native,True,19.999971968641717,1181.600506572723,-0.0,4.400000000000034,-101.56212
27302400.0,600,modelica,native,True,20.000029570448817,1210.674751121203,-0.0,5.600000000000023,-101.56212
27306000.0,600,modelica,native,True,20.000027419200535,1183.33918077151,-0.0,6.100000000000023,-101.56212
27309600.0,600,modelica,native,True,20.00005467867345,1139.088620561494,-0.0,7.2000000000000455,-101.56212
27313200.0,600,modelica,native,True,20.000009187863213,1096.836803904639,-0.0,6.7000000000000455,-101.56212
27316800.0,600,modelica,native,True,20.00004935665561,1072.226018213166,-0.0,7.800000000000011,-101.56212
27320400.0,600,modelica,native,True,20.000037878276203,1017.157315890524,-0.0,8.300000000000011,-101.56212
27324000.0,600,modelica,native,True,19.9999997589735,974.972289349238,-0.0,8.300000000000011,-101.56212
27327600.0,600,modelica,native,True,19.99992339688481,994.8930601618024,-0.0,6.100000000000023,-29.12307103829784
27331200.0,600,modelica,native,True,19.999919138954795,1090.873292330106,-0.0,3.3000000000000114,155.5017744623453
27334800.0,600,modelica,native,True,20.000547806973316,1119.285681657791,-0.0,4.400000000000034,1484.984120164465
27338400.0,600,modelica,native,True,20.024700951138243,425.736427002483,-0.0,7.800000000000011,2161.620304850401
27342000.0,600,modelica,native,True,20.9491196335116,2.418147193060981e-05,-0.0,11.100000000000023,1413.528136132238
27345600.0,600,modelica,native,True,21.785105146671015,0.0,-0.0,11.700000000000045,1147.768135809722
27349200.0,600,modelica,native,True,21.953861722527904,0.0,-0.0,11.700000000000045,2217.404367474805
27352800.0,600,modelica,native,True,24.745142383244627,0.0,-0.0,13.300000000000011,1679.872594682125
27356400.0,600,modelica,native,True,23.734310164659746,0.0,-0.0,11.700000000000045,121.1168944543316
27360000.0,600,modelica,native,True,21.848285349281298,0.0,-0.0,10.0,-11.40303757283708
27363600.0,600,modelica,native,True,20.00881385894803,3.21293884118398,-0.0,9.400000000000034,-96.56383760799253
27367200.0,600,modelica,native,True,19.999784444319914,290.6274305846956,-0.0,10.0,-101.56212
27370800.0,600,modelica,native,True,19.999806826517613,579.9327512227164,-0.0,7.800000000000011,-101.56212
27374400.0,600,modelica,native,True,19.9998886995067,800.3215733554628,-0.0,7.2000000000000455,-101.56212
27378000.0,600,modelica,native,True,19.99992473548764,931.240877436532,-0.0,6.7000000000000455,-101.56212
27381600.0,600,modelica,native,True,19.99986063379623,1059.170989261203,-0.0,4.0,-101.56212
27385200.0,600,modelica,native,True,19.999916772984818,1213.43368768851,-0.0,3.3000000000000114,-101.56212
27388800.0,600,modelica,native,True,19.99994786202683,1313.609891084035,-0.0,2.8000000000000114,-101.56212
27392400.0,600,modelica,native,True,19.99997517366694,1374.322155399323,-0.0,2.8000000000000114,-101.56212
27396000.0,600,modelica,native,True,19.9999875814421,1403.808655144903,-0.0,2.8000000000000114,-101.56212
27399600.0,600,modelica,native,True,19.99999326129813,1418.410733295017,-0.0,2.8000000000000114,-101.56212
27403200.0,600,modelica,native,True,19.999917916440836,1466.923430542416,-0.0,0.6000000000000227,-101.56212
27406800.0,600,modelica,native,True,19.99998707022081,1544.278246715864,-0.0,1.1000000000000227,-101.56212
27410400.0,600,modelica,native,True,19.99999287460173,1563.487394780053,-0.0,1.1000000000000227,-101.56212
27414000.0,600,modelica,native,True,20.000088896930038,1560.211190493902,-0.0,1.7000000000000455,83.63155604846864
27417600.0,600,modelica,native,True,20.000938706705597,1421.65975622654,-0.0,1.1000000000000227,2659.806135990755
27421200.0,600,modelica,native,True,22.056996205919233,353.3146547953287,-0.0,3.3000000000000114,6504.56383078065
27424800.0,600,modelica,native,True,26.998633038374237,0.0,98.97057608816358,4.400000000000034,3799.624933552689
27428400.0,600,modelica,native,True,27.000882086516526,0.0,231.4387700865004,4.400000000000034,4917.420283483893
27432000.0,600,modelica,native,True,27.001387903937427,0.0,1296.980857743157,6.7000000000000455,8126.889588622447
27435600.0,600,modelica,native,True,26.999964241061605,0.0,2756.123177358839,6.100000000000023,5959.133491421928
27439200.0,600,modelica,native,True,26.999984807655835,0.0,2692.011037911309,7.2000000000000455,5449.775839716154
27442800.0,600,modelica,native,True,26.999568123266727,0.0,2558.684390669929,6.7000000000000455,4424.517595352795
27446400.0,600,modelica,native,True,26.998885789821145,0.0,1984.925951121648,5.600000000000023,1718.499586124938
27450000.0,600,modelica,native,True,26.92745794660823,0.0,647.7664188406203,2.8000000000000114,33.14752518127239
27453600.0,600,modelica,native,True,23.1150369231608,0.0,-8.62227545844184e-06,1.7000000000000455,-101.56212
27457200.0,600,modelica,native,True,20.003058189813544,37.66303654352824,3.178914388020834e-09,0.6000000000000227,-101.56212
27460800.0,600,modelica,native,True,19.999576147004802,690.152195274565,-0.0,0.0,-101.56212
27464400.0,600,modelica,native,True,19.999809728088337,1174.811323522462,-0.0,0.6000000000000227,-101.56212
27468000.0,600,modelica,native,True,19.999881959564505,1411.567283626662,-0.0,0.0,-101.56212
27471600.0,600,modelica,native,True,19.999942853732307,1548.324894572364,-0.0,0.0,-101.56212
27475200.0,600,modelica,native,True,19.999974517737314,1615.208810915417,-0.0,0.0,-101.56212
27478800.0,600,modelica,native,True,19.999987974556007,1648.721898621983,-0.0,0.0,-101.56212
27482400.0,600,modelica,native,True,19.999968531483546,1676.708538677427,-0.0,-0.5999999999999659,-101.56212
27486000.0,600,modelica,native,True,20.000010489873944,1696.46914246983,-0.0,0.0,-101.56212
27489600.0,600,modelica,native,True,20.000002448446935,1688.106791550848,-0.0,0.0,-101.56212
27493200.0,600,modelica,native,True,20.000002023005436,1685.471176786423,-0.0,0.0,-101.56212
27496800.0,600,modelica,native,True,20.0000620815876,1652.152571665976,-0.0,1.7000000000000455,-101.56212
27500400.0,600,modelica,native,True,20.00003841065501,1587.038288158841,-0.0,1.7000000000000455,-61.32033244198789
27504000.0,600,modelica,native,True,20.0006275044953,1506.893978942765,-0.0,1.7000000000000455,1652.641509893258
27507600.0,600,modelica,native,True,20.00037273970173,733.7704840654796,-0.0,1.7000000000000455,2256.283591228284
27511200.0,600,modelica,native,True,20.000256589078333,346.0136042467753,-0.0,2.8000000000000114,1903.843049991857
27514800.0,600,modelica,native,True,20.628684387128033,89.22551965660519,-0.0,3.3000000000000114,1984.635231354478
27518400.0,600,modelica,native,True,20.00504335199514,1.559824268552992,-0.0,5.0,897.7827650677207
27522000.0,600,modelica,native,True,20.11829912388174,105.1556253729926,-0.0,4.400000000000034,3922.985486077628
27525600.0,600,modelica,native,True,26.079166265447213,-3.565735287136502e-05,-0.0,5.600000000000023,6171.862607357471
27529200.0,600,modelica,native,True,27.000330427597248,0.0,627.8025902991825,2.8000000000000114,4703.783587627874
27532800.0,600,modelica,native,True,26.999189197406338,0.0,978.4373776965672,2.8000000000000114,1708.309135636414
27536400.0,600,modelica,native,True,25.50717841338161,0.0,190.3199576822917,1.7000000000000455,-51.98164661950516
27540000.0,600,modelica,native,True,21.681760184340703,0.0,-2.161661783854167e-07,2.2000000000000455,-101.56212
27543600.0,600,modelica,native,True,19.999380217127396,209.3030831342273,-0.0,0.0,-101.56212
27547200.0,600,modelica,native,True,19.999656486637207,932.7397202793755,-0.0,-0.5999999999999659,-101.56212
27550800.0,600,modelica,native,True,19.999829030598505,1334.869363703198,-0.0,-0.5999999999999659,-101.56212
27554400.0,600,modelica,native,True,19.999880468635013,1540.441159581608,-0.0,-1.099999999999966,-101.56212
27558000.0,600,modelica,native,True,19.999800735957535,1718.221890728209,-0.0,-4.399999999999977,-101.56212
27561600.0,600,modelica,native,True,19.999902913219444,1937.047906867133,-0.0,-5.599999999999966,-101.56212
27565200.0,600,modelica,native,True,20.00004746062973,2007.697292384571,-0.0,-2.7999999999999545,-101.56212
27568800.0,600,modelica,native,True,20.000012872780417,1962.479988565445,-0.0,-2.7999999999999545,-101.56212
27572400.0,600,modelica,native,True,20.000006971402115,1947.324867508676,-0.0,-2.7999999999999545,-101.56212
27576000.0,600,modelica,native,True,20.000032972642146,1929.706822812292,-0.0,-2.1999999999999886,-101.56212
27579600.0,600,modelica,native,True,20.000030732075118,1890.32005335119,-0.0,-1.6999999999999886,-101.56212
27583200.0,600,modelica,native,True,19.999987159559907,1869.133321743011,-0.0,-2.1999999999999886,-101.56212
27586800.0,600,modelica,native,True,20.0001094816796,1875.753664494091,-0.0,-2.1999999999999886,163.142093549171
27590400.0,600,modelica,native,True,20.001114297655647,1671.338476070828,-0.0,0.6000000000000227,2770.347080910065
27594000.0,600,modelica,native,True,21.641102526044847,419.3382231097751,-0.0,4.400000000000034,5801.656499648762
27597600.0,600,modelica,native,True,26.99772588192951,-0.0001355605655246,120.3341370201111,8.900000000000034,6665.160168093051
27601200.0,600,modelica,native,True,27.001381455279045,0.0,1698.016599411435,10.600000000000023,8038.008752485217
27604800.0,600,modelica,native,True,27.000896522619826,0.0,3307.66406580925,12.200000000000045,8613.414013121135
27608400.0,600,modelica,native,True,27.000181275666648,0.0,4304.510001691183,13.900000000000034,7574.256523781436
27612000.0,600,modelica,native,True,26.999676349719834,0.0,4480.331224042045,13.900000000000034,6337.294440912119
27615600.0,600,modelica,native,True,26.999310564782945,0.0,4070.677669679854,13.300000000000011,4799.580816394845
27619200.0,600,modelica,native,True,26.99869861551923,0.0,3167.772451954947,10.600000000000023,2189.545021347935
27622800.0,600,modelica,native,True,26.998682155860024,0.0,1619.600472804176,9.400000000000034,66.07514098051853
27626400.0,600,modelica,native,True,25.770635125694525,0.0,207.4418269358741,5.600000000000023,-101.56212
27630000.0,600,modelica,native,True,22.201032405799197,0.0,-0.0,3.900000000000034,-101.56212
27633600.0,600,modelica,native,True,20.000238223539213,59.28017292393579,-0.0,4.400000000000034,-101.56212
27637200.0,600,modelica,native,True,19.999688060345136,595.9702991353141,-0.0,3.900000000000034,-101.56212
27640800.0,600,modelica,native,True,19.999881854110697,944.1802869282828,-0.0,5.0,-101.56212
27644400.0,600,modelica,native,True,19.999936394871042,1087.191790197161,-0.0,5.0,-101.56212
27648000.0,600,modelica,native,True,19.99996801576623,1162.165398226844,-0.0,5.0,-101.56212
27651600.0,600,modelica,native,True,19.999984151003048,1199.526252844599,-0.0,5.0,-101.56212
27655200.0,600,modelica,native,True,20.000073357060728,1178.107012252278,-0.0,7.2000000000000455,-101.56212
27658800.0,600,modelica,native,True,19.999977486804937,1134.165113457044,-0.0,5.600000000000023,-101.56212
27662400.0,600,modelica,native,True,20.000014863674096,1154.466933907403,-0.0,6.100000000000023,-101.56212
27666000.0,600,modelica,native,True,20.000032495709206,1134.602842052248,-0.0,6.7000000000000455,-101.56212
27669600.0,600,modelica,native,True,20.000086463232435,1065.835721088515,-0.0,8.900000000000034,-101.56212
27673200.0,600,modelica,native,True,19.999849337721912,1057.105510773129,-0.0,3.900000000000034,-41.75068084756893
27676800.0,600,modelica,native,True,20.000472027801095,1173.363595952988,-0.0,2.8000000000000114,1501.642681813152
27680400.0,600,modelica,native,True,20.110023474982142,532.0343943558798,-0.0,3.900000000000034,4292.360101655506
27684000.0,600,modelica,native,True,25.320087326110297,0.0,-0.0,9.400000000000034,4960.162804867509
27687600.0,600,modelica,native,True,27.001568420706747,0.0,560.4520477697585,12.200000000000045,6778.906718413831
27691200.0,600,modelica,native,True,27.001363029365336,0.0,2433.140998282962,14.400000000000034,8592.17731236832
27694800.0,600,modelica,native,True,27.00030343827791,0.0,3912.103378506767,14.400000000000034,7476.503910065239
27698400.0,600,modelica,native,True,26.999772290478745,0.0,4241.468561884562,15.0,6136.078894243942
27702000.0,600,modelica,native,True,26.9990291086591,0.0,3896.72532421218,14.400000000000034,3688.23132393435
27705600.0,600,modelica,native,True,26.998534894026704,0.0,2712.476138946745,13.300000000000011,679.3851243560431
27709200.0,600,modelica,native,True,26.9989263682142,0.0,1007.472234454685,10.0,-100.5926749790214
27712800.0,600,modelica,native,True,24.99204626139192,0.0,29.02888516320123,8.300000000000011,-101.56212
27716400.0,600,modelica,native,True,22.295727173423245,0.0,5.4041544596354164e-08,8.300000000000011,-101.56212
27720000.0,600,modelica,native,True,20.00574755899345,13.49266855716705,-0.0,6.100000000000023,-101.56212
27723600.0,600,modelica,native,True,19.999699197267603,458.915483739641,-0.0,5.600000000000023,-101.56212
27727200.0,600,modelica,native,True,19.99992481102612,778.6016347985798,-0.0,7.800000000000011,-101.56212
27730800.0,600,modelica,native,True,19.99991175729332,896.9857572640313,-0.0,6.7000000000000455,-101.56212
27734400.0,600,modelica,native,True,19.999968136612836,982.821952293714,-0.0,7.2000000000000455,-101.56212
27738000.0,600,modelica,native,True,19.99991694417571,1039.419450692071,-0.0,5.600000000000023,-101.56212
27741600.0,600,modelica,native,True,19.999930955033847,1125.180734977192,-0.0,5.0,-101.56212
27745200.0,600,modelica,native,True,19.99985375524443,1233.711991851065,-0.0,2.2000000000000455,-101.56212
27748800.0,600,modelica,native,True,19.999871274554607,1397.257511613634,-0.0,0.6000000000000227,-101.56212
27752400.0,600,modelica,native,True,19.99985994131515,1575.602076219983,-0.0,-2.1999999999999886,-101.56212
27756000.0,600,modelica,native,True,19.99993869953761,1733.367271867328,-0.0,-2.1999999999999886,-101.56212
27759600.0,600,modelica,native,True,20.000097326739706,1801.177144264115,-0.0,-2.1999999999999886,249.237188650278
27763200.0,600,modelica,native,True,20.001078770793413,1609.171336911519,-0.0,0.6000000000000227,2746.288598469883
27766800.0,600,modelica,native,True,21.592578830178297,396.1833763286803,-0.0,3.3000000000000114,5948.969915744825
27770400.0,600,modelica,native,True,26.99790794926082,0.0,125.4109482595656,5.600000000000023,7190.51836292002
27774000.0,600,modelica,native,True,27.0005785413677,0.0,1688.029961736467,6.7000000000000455,6337.043021247038
27777600.0,600,modelica,native,True,27.000567416857336,0.0,2309.269284368091,7.800000000000011,6507.148403728036
27781200.0,600,modelica,native,True,27.000854471142816,0.0,3009.988225843641,10.0,8317.147261960034
27784800.0,600,modelica,native,True,26.99996231394431,0.0,3895.110963451597,10.600000000000023,6845.514335072013
27788400.0,600,modelica,native,True,26.999399708251303,0.0,3813.239058627023,11.100000000000023,4923.802428332206
27792000.0,600,modelica,native,True,26.998570638518345,0.0,3031.784786036809,10.0,1768.627510002125
27795600.0,600,modelica,native,True,26.99869266428493,0.0,1375.895831617779,7.800000000000011,-93.48594615441226
27799200.0,600,modelica,native,True,25.10633932898361,0.0,80.80250619040595,5.600000000000023,-101.56212
27802800.0,600,modelica,native,True,22.0411211117476,0.0,1.059638129340278e-09,6.7000000000000455,-101.56212
27806400.0,600,modelica,native,True,20.000967414425645,37.25196666558583,-0.0,6.100000000000023,-101.56212
27810000.0,600,modelica,native,True,19.999704350152797,503.43868593057,-0.0,5.600000000000023,-101.56212
27813600.0,600,modelica,native,True,19.999853875553697,844.5025956736671,-0.0,5.600000000000023,-101.56212
27817200.0,600,modelica,native,True,19.999893562344596,1038.403823522462,-0.0,4.400000000000034,-101.56212
27820800.0,600,modelica,native,True,19.99997545416744,1155.646125863923,-0.0,5.0,-101.56212
27824400.0,600,modelica,native,True,20.000010331880105,1183.781321392059,-0.0,5.600000000000023,-101.56212
27828000.0,600,modelica,native,True,20.000049582792144,1162.681988632944,-0.0,6.7000000000000455,-101.56212
27831600.0,600,modelica,native,True,20.00000231028133,1116.578230751355,-0.0,6.7000000000000455,-101.56212
27835200.0,600,modelica,native,True,19.99990459631391,1154.263564423985,-0.0,3.900000000000034,-101.56212
27838800.0,600,modelica,native,True,20.000020941864648,1220.124919149611,-0.0,5.600000000000023,-101.56212
27842400.0,600,modelica,native,True,19.99997328023602,1207.040795025296,-0.0,5.0,-101.56212
27846000.0,600,modelica,native,True,19.999990160104403,1245.424503851997,-0.0,3.900000000000034,-8.705627550553672
27849600.0,600,modelica,native,True,20.000965210092318,1182.808344825639,-0.0,5.0,2535.340609746486
27853200.0,600,modelica,native,True,22.492348639739646,225.9123552539614,-0.0,6.7000000000000455,5653.091046048092
27856800.0,600,modelica,native,True,27.000389821008014,-1.058578491210938e-06,186.8576213985019,7.800000000000011,6714.542792444588
27860400.0,600,modelica,native,True,27.0012801834971,0.0,1780.638681643804,9.400000000000034,8016.816678399876
27864000.0,600,modelica,native,True,27.000821261957697,0.0,3279.215497455597,10.600000000000023,8527.019600957521
27867600.0,600,modelica,native,True,27.00026686519493,0.0,4208.517491072549,11.700000000000045,7955.778235586049
27871200.0,600,modelica,native,True,26.99991861441623,0.0,4508.236391915216,12.800000000000011,7149.490660521966
27874800.0,600,modelica,native,True,26.999424565563743,0.0,4349.864926293691,13.300000000000011,5493.767986651687
27878400.0,600,modelica,native,True,26.998628000356007,0.0,3568.650463657379,12.200000000000045,2332.136661699627
27882000.0,600,modelica,native,True,26.998532473485,0.0,1924.934580717087,8.900000000000034,86.8888482648617
27885600.0,600,modelica,native,True,26.40244113338224,0.0,322.1141429064009,7.800000000000011,-101.56212
27889200.0,600,modelica,native,True,23.186734139796215,0.0,-9.27183363172743e-07,6.100000000000023,-101.56212
27892800.0,600,modelica,native,True,20.1866714136072,0.0,9.324815538194445e-08,4.400000000000034,-101.56212
27896400.0,600,modelica,native,True,19.999636815486213,409.4176641601986,-1.059638129340278e-09,4.400000000000034,-101.56212
27900000.0,600,modelica,native,True,19.999834914050325,839.4127303573821,-0.0,5.0,-101.56212
27903600.0,600,modelica,native,True,19.999856845190607,1067.924922089047,-0.0,3.3000000000000114,-101.56212
27907200.0,600,modelica,native,True,19.999969180954338,1223.27579038673,-0.0,3.900000000000034,-101.56212
27910800.0,600,modelica,native,True,20.000021019489736,1255.927891124089,-0.0,5.0,-101.56212
27914400.0,600,modelica,native,True,20.000030021148746,1232.29250954575,-0.0,5.600000000000023,-101.56212
27918000.0,600,modelica,native,True,20.000029352138313,1194.038695590231,-0.0,6.100000000000023,-101.56212
27921600.0,600,modelica,native,True,19.99996211703933,1184.427998056412,-0.0,5.0,-101.56212
27925200.0,600,modelica,native,True,19.99996273440223,1226.258907912042,-0.0,4.400000000000034,-101.56212
27928800.0,600,modelica,native,True,19.99996306026503,1271.782404295603,-0.0,3.900000000000034,-101.56212
27932400.0,600,modelica,native,True,20.000330402249006,1317.78715350363,-0.0,1.7000000000000455,1128.692941170435
27936000.0,600,modelica,native,True,20.034213862982313,676.3760461738375,-0.0,2.2000000000000455,4819.880170810668
27939600.0,600,modelica,native,True,25.92613149866861,0.0,-0.0,8.300000000000011,6418.136776482818
27943200.0,600,modelica,native,True,27.001452520778116,0.0,1070.553158752653,11.100000000000023,7448.208224235687
27946800.0,600,modelica,native,True,27.001033239610706,0.0,2803.054780736499,12.800000000000011,8204.601070643275
27950400.0,600,modelica,native,True,27.000583035312616,0.0,4002.168344621658,14.400000000000034,8311.348607521404
27954000.0,600,modelica,native,True,27.000133706109125,0.0,4644.388769236671,14.400000000000034,7822.599717194014
27957600.0,600,modelica,native,True,26.999863263716634,0.0,4789.219411011802,15.0,7137.007244808631
27961200.0,600,modelica,native,True,26.99932064007345,0.0,4547.09832769182,14.400000000000034,5348.440733284315
27964800.0,600,modelica,native,True,26.99859799781484,0.0,3642.43264398151,13.300000000000011,2159.448272730827
27968400.0,600,modelica,native,True,26.9985950667961,0.0,1983.850632165273,11.100000000000023,82.59061440056634
27972000.0,600,modelica,native,True,26.78983328087054,0.0,415.7040441216363,10.0,-101.56212
27975600.0,600,modelica,native,True,23.90144464055544,0.0,1.491016811794705e-05,7.800000000000011,-101.56212
27979200.0,600,modelica,native,True,20.518609962853304,0.0,-6.357828776041667e-09,2.2000000000000455,-101.56212
27982800.0,600,modelica,native,True,19.999664210191497,336.2953021351497,-0.0,5.600000000000023,-101.56212
27986400.0,600,modelica,native,True,19.99979386471665,765.315693669849,-0.0,5.0,-101.56212
27990000.0,600,modelica,native,True,19.999891374408946,1001.246966908773,-0.0,5.0,-101.56212
27993600.0,600,modelica,native,True,19.999795478390638,1189.192124838299,-0.0,1.1000000000000227,-101.56212
27997200.0,600,modelica,native,True,19.999908909473334,1410.465716968112,-0.0,0.6000000000000227,-101.56212
28000800.0,600,modelica,native,True,19.999987043817043,1514.350032076836,-0.0,1.1000000000000227,-101.56212
28004400.0,600,modelica,native,True,20.000079843136405,1492.316197004318,-0.0,3.900000000000034,-101.56212
28008000.0,600,modelica,native,True,19.99999447844442,1414.61131026427,-0.0,3.3000000000000114,-101.56212
28011600.0,600,modelica,native,True,19.999962063938597,1424.913591649797,-0.0,2.2000000000000455,-101.56212
28015200.0,600,modelica,native,True,19.99999413478531,1461.260467880567,-0.0,2.2000000000000455,-101.56212
28018800.0,600,modelica,native,True,20.000469706187516,1443.376495100127,-0.0,2.8000000000000114,1125.669709040917
28022400.0,600,modelica,native,True,20.011685245814135,692.6717908196979,-0.0,5.0,4251.115917163605
28026000.0,600,modelica,native,True,25.30972504413404,-6.304846869574652e-08,-0.0,8.900000000000034,6044.416722206805
28029600.0,600,modelica,native,True,27.001604239872336,-1.059638129340278e-09,899.567910838657,12.200000000000045,7483.360856082003
28033200.0,600,modelica,native,True,27.00103405989745,0.0,2772.217737911013,13.900000000000034,8115.545926866615
28036800.0,600,modelica,native,True,27.000546536038712,0.0,3961.653448119693,13.900000000000034,8228.907357189992
28040400.0,600,modelica,native,True,27.000165503595326,0.0,4599.328723422156,15.0,7817.796447966962
28044000.0,600,modelica,native,True,26.99971871803581,0.0,4751.189174529181,14.400000000000034,6770.826699169498
28047600.0,600,modelica,native,True,26.999250426888636,0.0,4369.663892239465,13.900000000000034,4933.435542655783
28051200.0,600,modelica,native,True,26.998642256050346,0.0,3408.491029561361,13.300000000000011,1952.12423226231
28054800.0,600,modelica,native,True,26.998688656936395,0.0,1825.500060753292,12.200000000000045,40.87116025954688
28058400.0,600,modelica,native,True,26.50080955729021,0.0,347.2079563596513,8.300000000000011,-101.56212
28062000.0,600,modelica,native,True,22.98127751300092,0.0,-0.0,3.900000000000034,-101.56212
28065600.0,600,modelica,native,True,20.01595562724401,2.244868638780382,-0.0,5.0,-101.56212
28069200.0,600,modelica,native,True,19.999573503287934,461.6541800551944,-0.0,3.3000000000000114,-101.56212
28072800.0,600,modelica,native,True,19.999694868171503,980.150339621438,-0.0,0.6000000000000227,-101.56212
28076400.0,600,modelica,native,True,19.999944574110998,1273.998615258005,-0.0,2.8000000000000114,-101.56212
28080000.0,600,modelica,native,True,19.999921729221114,1367.593228236304,-0.0,1.7000000000000455,-101.56212
28083600.0,600,modelica,native,True,20.000005461952696,1448.021997234556,-0.0,2.2000000000000455,-101.56212
28087200.0,600,modelica,native,True,20.000107792782615,1398.351600732273,-0.0,5.600000000000023,-101.56212
28090800.0,600,modelica,native,True,20.000021285335094,1293.36917722702,-0.0,5.0,-101.56212
28094400.0,600,modelica,native,True,20.000012580303746,1267.249267132017,-0.0,5.0,-101.56212
28098000.0,600,modelica,native,True,20.000007117383007,1252.371314792103,-0.0,5.0,-101.56212
28101600.0,600,modelica,native,True,20.000054095323833,1226.090860262447,-0.0,6.100000000000023,-101.56212
28105200.0,600,modelica,native,True,20.000393068947517,1159.127205031713,-0.0,6.100000000000023,931.8288114176044
28108800.0,600,modelica,native,True,20.347603788413437,487.1220811287562,-0.0,8.300000000000011,4159.475750594864
28112400.0,600,modelica,native,True,26.07813868508191,1.943058437771268e-05,-0.0,13.300000000000011,5267.197642546368
28116000.0,600,modelica,native,True,27.00168174840212,-1.059638129340278e-09,931.88422308392,17.80000000000001,6930.397051056584
28119600.0,600,modelica,native,True,27.001167983058906,0.0,2918.088568053775,20.0,8048.02665063808
28123200.0,600,modelica,native,True,27.000732997903413,0.0,4268.387135864894,21.100000000000023,8255.323621219673
28126800.0,600,modelica,native,True,27.000414917310195,0.0,5119.390321249432,21.100000000000023,8574.862625060452
28130400.0,600,modelica,native,True,26.998766635625714,0.0,5404.25254740715,19.400000000000034,4445.052948686453
28134000.0,600,modelica,native,True,26.998635698604915,0.0,3987.827217092514,18.900000000000034,1799.101292608262
28137600.0,600,modelica,native,True,26.9988891205183,0.0,2409.235304516686,18.30000000000001,709.4690545426238
28141200.0,600,modelica,native,True,26.99920699386115,0.0,1126.067072637346,17.80000000000001,-101.4808138054054
28144800.0,600,modelica,native,True,26.697190473146804,0.0,197.4034998830159,15.600000000000023,-101.56212
28148400.0,600,modelica,native,True,24.1454144498922,0.0,-0.0,9.400000000000034,-101.56212
28152000.0,600,modelica,native,True,21.848942231743933,0.0,-0.0,10.0,-101.56212
28155600.0,600,modelica,native,True,20.001233249118002,32.93553846942054,-0.0,6.7000000000000455,-101.56212
28159200.0,600,modelica,native,True,19.999663407840046,523.5922807984882,-0.0,4.400000000000034,-101.56212
28162800.0,600,modelica,native,True,19.999875370990537,904.5612479978138,-0.0,5.0,-101.56212
28166400.0,600,modelica,native,True,19.99996766558513,1046.282458589342,-0.0,6.100000000000023,-101.56212
28170000.0,600,modelica,native,True,19.99990684234274,1117.838484623167,-0.0,4.400000000000034,-101.56212
28173600.0,600,modelica,native,True,19.999927386369507,1215.760208238496,-0.0,3.900000000000034,-101.56212
28177200.0,600,modelica,native,True,19.99989662456784,1308.237138787375,-0.0,2.2000000000000455,-101.56212
28180800.0,600,modelica,native,True,19.999890127053618,1431.351366900868,-0.0,0.6000000000000227,-101.56212
28184400.0,600,modelica,native,True,19.999913555405215,1558.855508403248,-0.0,-0.5999999999999659,-101.56212
28188000.0,600,modelica,native,True,19.99998784574791,1641.711494274669,-0.0,0.0,-101.56212
28191600.0,600,modelica,native,True,19.999967496670024,1670.704297329055,-0.0,-0.5999999999999659,-98.08782676630436
28195200.0,600,modelica,native,True,20.000651529767197,1654.569124789768,-0.0,0.6000000000000227,1517.163006834955
28198800.0,600,modelica,native,True,20.00095965565083,734.6684003978305,-0.0,6.100000000000023,3212.667981682384
28202400.0,600,modelica,native,True,22.62242123267424,0.3189163488811917,-0.0,8.900000000000034,4409.081296259311
28206000.0,600,modelica,native,True,26.99874833200431,0.0,126.2889553854201,8.300000000000011,6636.98275615234
28209600.0,600,modelica,native,True,27.001148447248113,0.0,1683.984461690055,8.900000000000034,7647.948259629513
28213200.0,600,modelica,native,True,27.00024378633725,0.0,2938.918043687609,8.900000000000034,6622.661935265325
28216800.0,600,modelica,native,True,26.999781524919342,0.0,3186.177233850691,10.0,5316.703027036508
28220400.0,600,modelica,native,True,26.999570030697896,0.0,2901.647626433902,10.600000000000023,4267.485600728837
28224000.0,600,modelica,native,True,26.998814420817098,0.0,2306.615230779648,8.900000000000034,1672.570949693973
28227600.0,600,modelica,native,True,26.99882644489594,0.0,892.0209694894155,6.100000000000023,-101.56212
28231200.0,600,modelica,native,True,23.918534107844437,0.0,2.605467708375719,3.900000000000034,-101.56212
28234800.0,600,modelica,native,True,20.568336681269443,0.0,-0.0,3.3000000000000114,-101.56212
28238400.0,600,modelica,native,True,19.999440359464245,397.36838815954,-0.0,0.6000000000000227,-101.56212
28242000.0,600,modelica,native,True,19.999648801770945,1068.417658582264,-0.0,-1.6999999999999886,-101.56212
28245600.0,600,modelica,native,True,19.999825784697407,1469.771327781147,-0.0,-2.1999999999999886,-101.56212
28249200.0,600,modelica,native,True,19.999917593214207,1675.552435721821,-0.0,-2.1999999999999886,-101.56212
28252800.0,600,modelica,native,True,19.999977480083317,1767.442907235887,-0.0,-1.6999999999999886,-101.56212
28256400.0,600,modelica,native,True,19.99998094144712,1797.65120136102,-0.0,-1.6999999999999886,-101.56212
28260000.0,600,modelica,native,True,19.999963878214203,1823.577626736429,-0.0,-2.1999999999999886,-101.56212
28263600.0,600,modelica,native,True,19.99993267133334,1871.043082556195,-0.0,-3.2999999999999545,-101.56212
28267200.0,600,modelica,native,True,19.9999047154584,1959.868063056204,-0.0,-5.0,-101.56212
28270800.0,600,modelica,native,True,19.999946301745695,2063.602457249959,-0.0,-5.599999999999966,-101.56212
28274400.0,600,modelica,native,True,19.99997262444583,2121.747830692397,-0.0,-5.599999999999966,-101.56212
28278000.0,600,modelica,native,True,19.999971950058296,2161.647972491052,-0.0,-6.099999999999966,-92.7384594060464
28281600.0,600,modelica,native,True,20.000103058540503,2176.429790833261,-0.0,-6.0,224.107426248061
28285200.0,600,modelica,native,True,20.000495425979125,2015.952936307059,-0.0,-5.599999999999966,1506.656148110947
28288800.0,600,modelica,native,True,20.00027061729071,1397.037121831576,-0.0,-5.0,1794.127282779948
28292400.0,600,modelica,native,True,19.99983191247594,1114.864869004885,-0.0,-4.399999999999977,653.7077511813055
28296000.0,600,modelica,native,True,19.99990375601584,1309.360216844877,-0.0,-4.399999999999977,587.7324601787891
28299600.0,600,modelica,native,True,20.000003427776733,1405.518020629353,-0.0,-3.8999999999999773,731.0523717110844
28303200.0,600,modelica,native,True,19.99988156816164,1418.760257871416,-0.0,-3.8999999999999773,376.9665684156586
28306800.0,600,modelica,native,True,19.99988803131123,1553.716789579391,-0.0,-3.8999999999999773,177.8565117896296
28310400.0,600,modelica,native,True,19.999999045623213,1681.556879536841,-0.0,-3.8999999999999773,318.8633675777724
28314000.0,600,modelica,native,True,19.999893355444215,1715.395577234692,-0.0,-3.8999999999999773,20.40635469082518
28317600.0,600,modelica,native,True,19.999887023249414,1835.505517930985,-0.0,-4.399999999999977,-101.56212
28321200.0,600,modelica,native,True,19.999921906936947,1965.023766475254,-0.0,-5.0,-101.56212
28324800.0,600,modelica,native,True,19.999963502821345,2048.948729603555,-0.0,-5.0,-101.56212
28328400.0,600,modelica,native,True,19.999942973232635,2107.560058017307,-0.0,-6.0,-101.56212
28332000.0,600,modelica,native,True,19.999989228422805,2157.061460849444,-0.0,-5.599999999999966,-101.56212
28335600.0,600,modelica,native,True,19.9999771271535,2178.001761416859,-0.0,-6.099999999999966,-101.56212
28339200.0,600,modelica,native,True,19.9999908258024,2203.148906257947,-0.0,-6.099999999999966,-101.56212
28342800.0,600,modelica,native,True,19.999997175477006,2214.496456430753,-0.0,-6.099999999999966,-101.56212
28346400.0,600,modelica,native,True,19.999997594934143,2220.161157880889,-0.0,-6.099999999999966,-101.56212
28350000.0,600,modelica,native,True,19.999998410435012,2223.022359961933,-0.0,-6.099999999999966,-101.56212
28353600.0,600,modelica,native,True,19.999976382910802,2236.137269369761,-0.0,-6.699999999999989,-101.56212
28357200.0,600,modelica,native,True,19.999991422834114,2259.133562738631,-0.0,-6.699999999999989,-101.56212
28360800.0,600,modelica,native,True,19.999995244190416,2269.077822066943,-0.0,-6.699999999999989,-101.56212
28364400.0,600,modelica,native,True,19.999978214333225,2284.375312946107,-0.0,-7.199999999999989,-101.56212
28368000.0,600,modelica,native,True,20.000063693591812,2301.348482167986,-0.0,-7.199999999999989,97.6372147351148
28371600.0,600,modelica,native,True,20.000080451425106,2206.970318964852,-0.0,-7.199999999999989,315.7557074420384
28375200.0,600,modelica,native,True,20.00119736624214,2049.705673787859,-0.0,-6.699999999999989,3422.045950146038
28378800.0,600,modelica,native,True,22.304827697660926,573.3123879655202,-0.0,-5.599999999999966,9088.519475737112
28382400.0,600,modelica,native,True,27.00166192870165,5.298190646701389e-10,509.9800219557021,-3.8999999999999773,9519.92066058232
28386000.0,600,modelica,native,True,26.999027166972496,0.0,2221.742335925632,-3.2999999999999545,3863.606717248436
28389600.0,600,modelica,native,True,26.999213456282916,0.0,1227.392324503793,-1.6999999999999886,2092.087840538333
28393200.0,600,modelica,native,True,27.000109855290418,0.0,313.9423445638021,-1.6999999999999886,3826.782321526388
28396800.0,600,modelica,native,True,26.99951126300914,0.0,306.1573492071363,-1.6999999999999886,2224.402475412512
28400400.0,600,modelica,native,True,23.63755248374963,0.0,15.30480745527479,-6.699999999999989,73.60089349359139
28404000.0,600,modelica,native,True,19.999824203577646,139.8714213101069,-0.0,-7.7999999999999545,-101.56212
28407600.0,600,modelica,native,True,19.999493010529136,1114.193295529154,-0.0,-7.199999999999989,-101.56212
28411200.0,600,modelica,native,True,19.999694922423544,1734.633694144355,-0.0,-8.299999999999955,-101.56212
28414800.0,600,modelica,native,True,19.999962795284034,2000.891298354467,-0.0,-4.399999999999977,-101.56212
28418400.0,600,modelica,native,True,19.99985420171521,2078.843132238918,-0.0,-7.199999999999989,-101.56212
28422000.0,600,modelica,native,True,19.999855379074802,2250.894101686478,-0.0,-9.399999999999977,-101.56212
28425600.0,600,modelica,native,True,19.999894371271637,2414.984587087101,-0.0,-10.599999999999966,-101.56212
28429200.0,600,modelica,native,True,19.999928210361816,2532.950701991717,-0.0,-11.099999999999966,-101.56212
28432800.0,600,modelica,native,True,19.999849242664595,2666.575479016834,-0.0,-14.399999999999977,-101.56212
28436400.0,600,modelica,native,True,19.99994887796072,2826.453140467008,-0.0,-14.399999999999977,-101.56212
28440000.0,600,modelica,native,True,19.99998465227833,2884.729747017225,-0.0,-13.899999999999977,-101.56212
28443600.0,600,modelica,native,True,19.99992086780543,2931.027238441043,-0.0,-15.599999999999966,-101.56212
28447200.0,600,modelica,native,True,19.999954660619437,3016.84820725282,-0.0,-16.099999999999966,-101.56212
28450800.0,600,modelica,native,True,19.9999808236808,3068.588856293361,-0.0,-16.099999999999966,-101.56212
28454400.0,600,modelica,native,True,20.000998055920206,3040.403994611634,-0.0,-15.599999999999966,2585.016439882874
28458000.0,600,modelica,native,True,20.00189965563834,1658.253533962038,-0.0,-11.099999999999966,6794.7212826316
28461600.0,600,modelica,native,True,24.550260155179103,51.07867980798085,-0.0,-8.299999999999955,8184.72908622403
28465200.0,600,modelica,native,True,27.001415183801214,-9.096993340386284e-07,675.7742396683163,-7.199999999999989,8978.825578807977
28468800.0,600,modelica,native,True,27.000895598128636,0.0,2344.91521747907,-3.8999999999999773,9143.65923753098
28472400.0,600,modelica,native,True,26.999719242249398,0.0,3284.42037141694,-2.1999999999999886,6921.324789802908
28476000.0,600,modelica,native,True,26.999407822298508,0.0,2979.40800046391,-1.6999999999999886,5230.989845548704
28479600.0,600,modelica,native,True,26.999488159314808,0.0,2292.633230424457,-1.6999999999999886,4682.975168221802
28483200.0,600,modelica,native,True,26.9986536231213,0.0,1580.528568056954,-3.2999999999999545,1661.286624351891
28486800.0,600,modelica,native,True,24.760814514555932,0.0,237.2334836133321,-5.599999999999966,-101.56212
28490400.0,600,modelica,native,True,20.01117389204603,26.36486114554935,-4.121992323133681e-07,-6.699999999999989,-101.56212
28494000.0,600,modelica,native,True,19.999356447129742,899.7689935382207,-0.0,-7.7999999999999545,-101.56212
28497600.0,600,modelica,native,True,19.99962137216454,1669.063329993354,-0.0,-9.399999999999977,-101.56212
28501200.0,600,modelica,native,True,19.999945679053837,2040.255550957786,-0.0,-6.099999999999966,-101.56212
28504800.0,600,modelica,native,True,19.999958979025337,2123.860715999073,-0.0,-6.099999999999966,-101.56212
28508400.0,600,modelica,native,True,19.99999591097793,2164.780709096591,-0.0,-5.599999999999966,-101.56212
28512000.0,600,modelica,native,True,19.999931949747634,2215.469181132316,-0.0,-7.7999999999999545,-101.56212
28515600.0,600,modelica,native,True,20.000041121264246,2270.710789586703,-0.0,-6.099999999999966,-101.56212
28519200.0,600,modelica,native,True,20.00005875310154,2223.168460454411,-0.0,-5.0,-101.56212
28522800.0,600,modelica,native,True,20.00006877366411,2152.361926329401,-0.0,-3.8999999999999773,-101.56212
28526400.0,600,modelica,native,True,20.000003430232027,2094.355190952089,-0.0,-4.399999999999977,-101.56212
28530000.0,600,modelica,native,True,20.000005064135735,2086.0734437365,-0.0,-4.399999999999977,-101.56212
28533600.0,600,modelica,native,True,20.000002922099043,2080.402093471951,-0.0,-4.399999999999977,-101.56212
28537200.0,600,modelica,native,True,20.00009351425234,2039.189685264163,-0.0,-2.1999999999999886,-101.56212
28540800.0,600,modelica,native,True,20.000962724686303,1901.992374293539,-0.0,-1.6999999999999886,2397.320600248097
28544400.0,600,modelica,native,True,21.00986293449455,639.4876320340899,-0.0,-0.5999999999999659,6888.369741824289
28548000.0,600,modelica,native,True,26.995186910360246,0.0,87.76582280688815,1.1000000000000227,6866.379607818398
28551600.0,600,modelica,native,True,27.001140313479027,0.0,1286.940815514459,1.7000000000000455,7748.801403672978
28555200.0,600,modelica,native,True,27.00103083067205,0.0,2676.772027466032,4.400000000000034,9053.151850893284
28558800.0,600,modelica,native,True,27.000401048327547,0.0,3859.057733037737,5.600000000000023,8654.219515151335
28562400.0,600,modelica,native,True,26.999833643915906,0.0,4282.922992078993,5.600000000000023,7504.410172451928
28566000.0,600,modelica,native,True,26.999353273368,0.0,4054.339573566649,6.7000000000000455,5617.832729529426
28569600.0,600,modelica,native,True,26.99831527073451,0.0,3184.052764444351,6.7000000000000455,1622.382154124316
28573200.0,600,modelica,native,True,26.998530847442396,0.0,1254.403413597743,2.8000000000000114,-101.56212
28576800.0,600,modelica,native,True,23.61751027634881,0.0,17.43801834954156,-0.5999999999999659,-101.56212
28580400.0,600,modelica,native,True,20.00469946240662,35.31161898559994,1.186794704861111e-06,-1.6999999999999886,-101.56212
28584000.0,600,modelica,native,True,19.9994878690664,765.0745070738262,-0.0,-2.7999999999999545,-101.56212
28587600.0,600,modelica,native,True,19.999703627513213,1369.937485000822,-0.0,-3.8999999999999773,-101.56212
28591200.0,600,modelica,native,True,19.999892540195106,1682.467677612834,-0.0,-2.7999999999999545,-101.56212
28594800.0,600,modelica,native,True,19.9998799345708,1833.28412642426,-0.0,-4.399999999999977,-101.56212
28598400.0,600,modelica,native,True,19.999927619284904,1970.531964439286,-0.0,-5.0,-101.56212
28602000.0,600,modelica,native,True,19.999977006241636,2053.414164777332,-0.0,-5.0,-101.56212
28605600.0,600,modelica,native,True,20.000034302856648,2070.569719047546,-0.0,-3.8999999999999773,-101.56212
28609200.0,600,modelica,native,True,20.00003077339244,2035.233856355349,-0.0,-3.2999999999999545,-101.56212
28612800.0,600,modelica,native,True,19.99999811410254,2016.664433670574,-0.0,-3.8999999999999773,-101.56212
28616400.0,600,modelica,native,True,20.000084622096836,1983.998530562189,-0.0,-1.6999999999999886,-101.56212
28620000.0,600,modelica,native,True,20.00005629419104,1892.378293835322,-0.0,-1.099999999999966,-101.56212
28623600.0,600,modelica,native,True,20.00004754598342,1824.18060546928,-0.0,-0.5999999999999659,-101.56212
28627200.0,600,modelica,native,True,20.0010838658211,1704.379145356814,-0.0,1.1000000000000227,2597.720389766431
28630800.0,600,modelica,native,True,22.04041459585204,446.1212974733776,-0.0,3.900000000000034,6820.507869529629
28634400.0,600,modelica,native,True,27.001559272234715,1.4305114746093751e-08,380.3169167603387,7.800000000000011,8214.939876762079
28638000.0,600,modelica,native,True,27.00136040212294,0.0,2485.88445461697,11.100000000000023,8982.293438907127
28641600.0,600,modelica,native,True,27.000756887085515,0.0,4059.65854268286,12.800000000000011,9097.20466850404
28645200.0,600,modelica,native,True,27.000244028787733,0.0,4925.603708563911,13.900000000000034,8595.269245362757
28648800.0,600,modelica,native,True,26.999767320579735,0.0,5174.598669839435,14.400000000000034,7435.674672459762
28652400.0,600,modelica,native,True,26.999280811054348,0.0,4853.122741495768,15.0,5496.558500431901
28656000.0,600,modelica,native,True,26.998196956074935,0.0,3864.210427260929,12.200000000000045,1592.275942234536
28659600.0,600,modelica,native,True,26.99849022396853,0.0,1791.107783766852,7.2000000000000455,-101.56212
28663200.0,600,modelica,native,True,25.623800211195203,0.0,172.15231836213,5.600000000000023,-101.56212
28666800.0,600,modelica,native,True,22.12450158243695,0.0,-0.0,3.900000000000034,-101.56212
28670400.0,600,modelica,native,True,19.999951522724132,73.26243834389581,-0.0,4.400000000000034,-101.56212
28674000.0,600,modelica,native,True,19.99976895331224,569.1103837760289,-0.0,6.100000000000023,-101.56212
28677600.0,600,modelica,native,True,19.999832700197544,867.3034464142057,-0.0,5.0,-101.56212
28681200.0,600,modelica,native,True,19.99991241396981,1053.493061699867,-0.0,5.0,-101.56212
28684800.0,600,modelica,native,True,19.99991014876764,1164.785486543973,-0.0,3.900000000000034,-101.56212
28688400.0,600,modelica,native,True,19.99994568595781,1266.082984414631,-0.0,3.3000000000000114,-101.56212
28692000.0,600,modelica,native,True,20.000035750036716,1296.993995578024,-0.0,5.0,-101.56212
28695600.0,600,modelica,native,True,20.000010748934244,1262.828753314018,-0.0,5.0,-101.56212
28699200.0,600,modelica,native,True,20.000005936362413,1250.009852786594,-0.0,5.0,-101.56212
28702800.0,600,modelica,native,True,20.00003216587561,1233.68156572183,-0.0,5.600000000000023,-101.56212
28706400.0,600,modelica,native,True,20.000027079980498,1193.396309651799,-0.0,6.100000000000023,-101.56212
28710000.0,600,modelica,native,True,20.00001154439974,1166.505004147424,-0.0,6.100000000000023,-101.56212
28713600.0,600,modelica,native,True,20.000958670000045,1106.63881166776,-0.0,6.100000000000023,2535.845219226102
28717200.0,600,modelica,native,True,23.732608892913447,186.3330403057734,-0.0,8.900000000000034,6849.514969812476
28720800.0,600,modelica,native,True,27.001866261509235,0.0,771.6986581103007,11.700000000000045,8216.959670539401
28724400.0,600,modelica,native,True,27.001198358608747,0.0,2935.483719745212,13.300000000000011,8920.120346511523
28728000.0,600,modelica,native,True,27.000607227825526,0.0,4306.189079731836,12.200000000000045,9094.444819889262
28731600.0,600,modelica,native,True,27.00019815712801,0.0,5017.958755272759,13.300000000000011,8668.825677119079
28735200.0,600,modelica,native,True,26.999599805140406,0.0,5178.5410683918,12.200000000000045,7273.911079873221
28738800.0,600,modelica,native,True,26.999159218150396,0.0,4670.467990630467,12.200000000000045,5237.720635222301
28742400.0,600,modelica,native,True,26.998308778192495,0.0,3597.523292092217,10.0,1794.330305990564
28746000.0,600,modelica,native,True,26.99843736524781,0.0,1592.658571600384,4.400000000000034,-101.56212
28749600.0,600,modelica,native,True,24.646033500954104,0.0,79.08613580597772,2.2000000000000455,-101.56212
28753200.0,600,modelica,native,True,21.04096412536694,0.0,8.646647135416666e-07,2.8000000000000114,-101.56212
28756800.0,600,modelica,native,True,19.999420820354942,304.6181630420685,1.589457194010417e-08,0.6000000000000227,-101.56212
28760400.0,600,modelica,native,True,19.999705879184546,965.4591675700082,-0.0,0.6000000000000227,-101.56212
28764000.0,600,modelica,native,True,19.999790367596745,1328.467545553843,-0.0,-1.099999999999966,-101.56212
28767600.0,600,modelica,native,True,19.999874585545626,1568.633156262504,-0.0,-1.6999999999999886,-101.56212
28771200.0,600,modelica,native,True,19.99989700217185,1723.619407171673,-0.0,-2.7999999999999545,-101.56212
28774800.0,600,modelica,native,True,19.99993763279474,1840.963311814732,-0.0,-3.2999999999999545,-101.56212
28778400.0,600,modelica,native,True,19.999976326743024,1911.213003369967,-0.0,-3.2999999999999545,-101.56212
28782000.0,600,modelica,native,True,20.000014120833214,1920.428681409094,-0.0,-2.1999999999999886,-101.56212
28785600.0,600,modelica,native,True,19.999933120105936,1926.804138116837,-0.0,-3.8999999999999773,-101.56212
28789200.0,600,modelica,native,True,19.99992881964141,2003.254788505766,-0.0,-5.0,-101.56212
28792800.0,600,modelica,native,True,19.999924024399434,2088.816108809047,-0.0,-6.099999999999966,-101.56212
28796400.0,600,modelica,native,True,19.999982699576606,2164.467114277946,-0.0,-6.099999999999966,-101.56212
28800000.0,600,modelica,native,True,20.00107260020974,2123.109346611235,-0.0,-4.399999999999977,2624.720229083128
28803600.0,600,modelica,native,True,20.928474346386224,731.0283526553048,-0.0,0.6000000000000227,6809.193390886515
28807200.0,600,modelica,native,True,26.997919160657716,0.0,149.4348157808516,2.8000000000000114,8216.09048994126
28810800.0,600,modelica,native,True,27.001309906556912,0.0,1963.139317731857,4.400000000000034,8987.82468266152
28814400.0,600,modelica,native,True,27.000729717032414,0.0,3485.322657735613,5.600000000000023,9102.377143452992
28818000.0,600,modelica,native,True,27.000274162494804,0.0,4325.807190260357,7.2000000000000455,8626.629800700106
28821600.0,600,modelica,native,True,26.998762582362133,0.0,4452.360722986857,6.7000000000000455,4613.935001858335
28825200.0,600,modelica,native,True,26.998962940358695,0.0,2964.700271294912,7.800000000000011,2542.643881353566
28828800.0,600,modelica,native,True,26.9989781137441,0.0,1705.785360254712,7.800000000000011,1392.65727259544
28832400.0,600,modelica,native,True,26.746699121106644,0.0,512.6589781623417,6.100000000000023,-101.56212
28836000.0,600,modelica,native,True,22.7696164211564,0.0,-0.0,1.1000000000000227,-101.56212
28839600.0,600,modelica,native,True,20.00062372123375,64.29670951154498,-0.0,1.1000000000000227,-101.56212
28843200.0,600,modelica,native,True,19.99962810484294,706.5143295584785,-0.0,1.1000000000000227,-101.56212
28846800.0,600,modelica,native,True,19.999805535737437,1155.523651185036,-0.0,0.6000000000000227,-101.56212
28850400.0,600,modelica,native,True,19.99993243382545,1379.54129691018,-0.0,1.3000000000000114,-101.56212
28854000.0,600,modelica,native,True,19.99999194394161,1458.123355456458,-0.0,2.0,-101.56212
28857600.0,600,modelica,native,True,20.000022091940195,1466.16457411978,-0.0,2.7000000000000455,-101.56212
28861200.0,600,modelica,native,True,20.000040895640723,1437.541030777295,-0.0,3.5,-101.56212
28864800.0,600,modelica,native,True,20.000045996864742,1389.292802399529,-0.0,4.2000000000000455,-101.56212
28868400.0,600,modelica,native,True,20.000048904069445,1334.107600465881,-0.0,4.900000000000034,-101.56212
28872000.0,600,modelica,native,True,20.000049411390137,1275.534446467294,-0.0,5.600000000000023,-101.56212
28875600.0,600,modelica,native,True,19.999923938605605,1279.808956727452,-0.0,2.8000000000000114,-101.56212
28879200.0,600,modelica,native,True,20.00003189753903,1346.056143452856,-0.0,3.900000000000034,-101.56212
28882800.0,600,modelica,native,True,20.000254080328943,1296.982472657628,-0.0,5.600000000000023,382.4078550545135
28886400.0,600,modelica,native,True,20.001063473211502,866.7206940009859,-0.0,7.2000000000000455,3047.31182834169
28890000.0,600,modelica,native,True,23.939640300866927,43.61395555814107,-0.0,11.100000000000023,5966.15550948517
28893600.0,600,modelica,native,True,27.001878079586504,-1.059638129340278e-09,708.4491791375478,15.0,7680.017669321358
28897200.0,600,modelica,native,True,27.00127001309312,0.0,2870.704628108343,18.30000000000001,8373.222351929491
28900800.0,600,modelica,native,True,27.00074308774623,0.0,4346.969161871804,20.0,8566.647141543872
28904400.0,600,modelica,native,True,27.0003166336067,0.0,5207.135738928053,21.100000000000023,8343.060393413358
28908000.0,600,modelica,native,True,26.99973996475211,0.0,5509.238415425619,19.400000000000034,7299.883249690707
28911600.0,600,modelica,native,True,26.9992045218749,0.0,5154.582734415266,18.900000000000034,5277.460871331265
28915200.0,600,modelica,native,True,26.998511799091943,0.0,4127.893305837843,16.700000000000045,2210.947760331428
28918800.0,600,modelica,native,True,26.998486693252516,0.0,2339.109826687707,13.300000000000011,37.14022979238018
28922400.0,600,modelica,native,True,26.965171704997147,0.0,598.508877916336,8.900000000000034,-101.56212
28926000.0,600,modelica,native,True,23.85575538653444,0.0,4.284752739800348e-05,6.100000000000023,-101.56212
28929600.0,600,modelica,native,True,20.968977433438113,0.0,1.854366726345486e-07,6.100000000000023,-101.56212
28933200.0,600,modelica,native,True,19.999523372620445,215.3763715749317,-0.0,4.400000000000034,-101.56212
28936800.0,600,modelica,native,True,19.99972593239295,770.6521915716595,-0.0,3.3000000000000114,-101.56212
28940400.0,600,modelica,native,True,19.99988278348053,1070.180924383799,-0.0,3.900000000000034,-101.56212
28944000.0,600,modelica,native,True,19.999873920060224,1232.090386908319,-0.0,2.2000000000000455,-101.56212
28947600.0,600,modelica,native,True,19.99991995673531,1372.535290721787,-0.0,1.7000000000000455,-101.56212
28951200.0,600,modelica,native,True,19.999913553839804,1472.569710392422,-0.0,0.6000000000000227,-101.56212
28954800.0,600,modelica,native,True,19.999895419254813,1585.454274058342,-0.0,-1.099999999999966,-101.56212
28958400.0,600,modelica,native,True,20.000072649663196,1626.899441093339,-0.0,2.2000000000000455,-101.56212
28962000.0,600,modelica,native,True,19.999940314716014,1573.812485766411,-0.0,0.6000000000000227,-101.56212
28965600.0,600,modelica,native,True,19.999884892743637,1662.251074341138,-0.0,-2.1999999999999886,-101.56212
28969200.0,600,modelica,native,True,20.00042639472531,1689.849095892376,-0.0,2.2000000000000455,677.4496537898743
28972800.0,600,modelica,native,True,20.001291579154838,1058.182940678596,-0.0,3.3000000000000114,3953.404360869304
28976400.0,600,modelica,native,True,24.123329723151812,49.96293813970354,-0.0,7.2000000000000455,6230.506198143508
28980000.0,600,modelica,native,True,27.001702123764005,5.8809916178385425e-08,655.2488903543684,10.600000000000023,7629.043148180073
28983600.0,600,modelica,native,True,27.00119069322892,0.0,2643.512335724301,13.900000000000034,8342.742131329276
28987200.0,600,modelica,native,True,27.000719310519514,0.0,4011.258008888033,15.600000000000023,8539.943521136733
28990800.0,600,modelica,native,True,27.00032194962074,0.0,4829.654563806322,17.200000000000045,8265.62661124426
28994400.0,600,modelica,native,True,26.999680057370824,0.0,5103.04961470392,16.100000000000023,6949.309386393358
28998000.0,600,modelica,native,True,26.999338658715033,0.0,4709.068464395735,16.700000000000045,5257.883165011841
29001600.0,600,modelica,native,True,26.998627125704445,0.0,3841.320364626778,15.0,2391.731833928206
29005200.0,600,modelica,native,True,26.998498477242038,0.0,2185.399411351946,11.100000000000023,104.4475006579235
29008800.0,600,modelica,native,True,26.985966659619237,0.0,525.9703882016076,11.100000000000023,-101.56212
29012400.0,600,modelica,native,True,24.081212077157716,0.0,-1.712375217013889e-06,6.7000000000000455,-101.56212
29016000.0,600,modelica,native,True,20.91401303587071,0.0,5.828009711371528e-08,4.400000000000034,-101.56212
29019600.0,600,modelica,native,True,19.9995046968466,264.2093081506093,-0.0,3.3000000000000114,-101.56212
29023200.0,600,modelica,native,True,19.999687335919248,854.1050260676278,-0.0,1.7000000000000455,-101.56212
29026800.0,600,modelica,native,True,19.99982391238501,1220.172336871889,-0.0,0.6000000000000227,-101.56212
29030400.0,600,modelica,native,True,20.000017052501903,1391.217565961414,-0.0,2.8000000000000114,-101.56212
29034000.0,600,modelica,native,True,20.000025113105835,1381.032977156639,-0.0,3.900000000000034,-101.56212
29037600.0,600,modelica,native,True,19.999926281786202,1394.809739638964,-0.0,1.7000000000000455,-101.56212
29041200.0,600,modelica,native,True,20.000009967221843,1448.376447339058,-0.0,2.8000000000000114,-101.56212
29044800.0,600,modelica,native,True,19.999965800123846,1460.320608001815,-0.0,1.7000000000000455,-101.56212
29048400.0,600,modelica,native,True,20.000029360438646,1478.144497577879,-0.0,2.8000000000000114,-101.56212
29052000.0,600,modelica,native,True,20.00000060790984,1450.320279630555,-0.0,2.8000000000000114,-101.56212
29055600.0,600,modelica,native,True,20.000072779150514,1456.454823270904,-0.0,1.7000000000000455,225.4165319686789
29059200.0,600,modelica,native,True,20.0008590552913,1240.323678077062,-0.0,2.2000000000000455,2561.035605623831
29062800.0,600,modelica,native,True,21.672647169767004,269.7407921897041,-0.0,7.2000000000000455,5335.305429609552
29066400.0,600,modelica,native,True,26.998471850321323,1.112620035807292e-08,138.7092704041799,10.600000000000023,6258.750428533835
29070000.0,600,modelica,native,True,27.001129371229297,0.0,1553.915037853453,13.300000000000011,6717.282663917486
29073600.0,600,modelica,native,True,27.000652875146613,0.0,2888.461227201886,14.400000000000034,7139.970045648139
29077200.0,600,modelica,native,True,27.000177373739405,0.0,3632.083588894738,13.900000000000034,6669.542183257081
29080800.0,600,modelica,native,True,26.999767787543703,0.0,3827.145273683336,14.400000000000034,5667.393530174944
29084400.0,600,modelica,native,True,26.998937162520804,0.0,3460.484619073868,15.0,2701.097696634391
29088000.0,600,modelica,native,True,26.9986382492271,0.0,2188.588846147326,11.700000000000045,536.1482578769067
29091600.0,600,modelica,native,True,26.993906242781236,0.0,623.6746505133311,8.900000000000034,-85.36948478962013
29095200.0,600,modelica,native,True,24.002543551687438,0.0,-0.0002781211005316,6.100000000000023,-101.56212
29098800.0,600,modelica,native,True,21.073113712723,0.0,-0.0,6.100000000000023,-101.56212
29102400.0,600,modelica,native,True,19.99949401213661,205.9037065622542,-0.0,3.900000000000034,-101.56212
29106000.0,600,modelica,native,True,19.99968782394194,797.0797257603539,-0.0,2.2000000000000455,-101.56212
29109600.0,600,modelica,native,True,19.999854743145306,1147.597099071079,-0.0,2.2000000000000455,-101.56212
29113200.0,600,modelica,native,True,19.999886572909134,1337.390321087837,-0.0,1.1000000000000227,-101.56212
29116800.0,600,modelica,native,True,20.00001214870781,1432.247943941222,-0.0,2.8000000000000114,-101.56212
29120400.0,600,modelica,native,True,19.999978792553634,1440.116820955806,-0.0,2.2000000000000455,-101.56212
29124000.0,600,modelica,native,True,20.000008111297632,1453.467056400511,-0.0,2.8000000000000114,-101.56212
29127600.0,600,modelica,native,True,19.999985220544943,1452.920890418688,-0.0,2.2000000000000455,-101.56212
29131200.0,600,modelica,native,True,20.00003507552651,1451.079734313223,-0.0,3.3000000000000114,-101.56212
29134800.0,600,modelica,native,True,19.99998072787315,1422.9978764232,-0.0,2.8000000000000114,-101.56212
29138400.0,600,modelica,native,True,19.999931828007334,1462.235654466947,-0.0,1.1000000000000227,-101.56212
29142000.0,600,modelica,native,True,20.00010412581372,1498.694622299406,-0.0,2.8000000000000114,44.83052213862297
29145600.0,600,modelica,native,True,20.000996124306425,1326.503600830502,-0.0,2.2000000000000455,2781.005828444206
29149200.0,600,modelica,native,True,22.585454822177496,267.1759448777305,-0.0,8.300000000000011,5485.282010343221
29152800.0,600,modelica,native,True,27.000729627519547,-1.0066562228732641e-08,199.8673425949944,12.200000000000045,6802.310825547836
29156400.0,600,modelica,native,True,27.00114478883711,0.0,2054.809024390115,13.900000000000034,7578.732805069869
29160000.0,600,modelica,native,True,27.00085085415975,0.0,3350.654426802529,15.600000000000023,7917.09047144012
29163600.0,600,modelica,native,True,27.00009871911203,0.0,4224.966390983794,15.600000000000023,7185.853180337816
29167200.0,600,modelica,native,True,26.999254966638148,0.0,4283.146031142341,15.0,4777.365166189357
29170800.0,600,modelica,native,True,26.99867420181721,0.0,3324.344551591873,9.400000000000034,2521.949135375224
29174400.0,600,modelica,native,True,26.998796123216948,0.0,1751.321232848697,6.100000000000023,987.4494901905036
29178000.0,600,modelica,native,True,26.387634253319902,0.0,338.4060365284814,3.3000000000000114,71.4695800366326
29181600.0,600,modelica,native,True,22.15775811874454,0.0,-1.286400689019097e-06,-0.5999999999999659,-101.56212
29185200.0,600,modelica,native,True,19.999375063681327,185.5418807029724,6.357828776041667e-09,-1.099999999999966,-101.56212
29188800.0,600,modelica,native,True,19.999585710652127,970.556819006602,-0.0,-2.7999999999999545,-101.56212
29192400.0,600,modelica,native,True,19.999797129737942,1453.776352353096,-0.0,-2.7999999999999545,-101.56212
29196000.0,600,modelica,native,True,19.999897806576598,1691.957356250551,-0.0,-2.7999999999999545,-101.56212
29199600.0,600,modelica,native,True,19.999930251267813,1820.836763352288,-0.0,-3.2999999999999545,-101.56212
29203200.0,600,modelica,native,True,19.999987985460848,1891.107025622262,-0.0,-2.7999999999999545,-101.56212
29206800.0,600,modelica,native,True,19.999983860493103,1908.170562568241,-0.0,-2.7999999999999545,-101.56212
29210400.0,600,modelica,native,True,19.9999705463095,1929.016359057956,-0.0,-3.2999999999999545,-101.56212
29214000.0,600,modelica,native,True,19.999969768933113,1967.736221951379,-0.0,-3.8999999999999773,-101.56212
29217600.0,600,modelica,native,True,19.999987250063725,1999.828996514214,-0.0,-3.8999999999999773,-101.56212
29221200.0,600,modelica,native,True,19.999993636159843,2014.667624920209,-0.0,-3.8999999999999773,-101.56212
29224800.0,600,modelica,native,True,19.999997997551304,2022.438888665835,-0.0,-3.8999999999999773,-101.56212
29228400.0,600,modelica,native,True,20.000028142126837,2015.300938911968,-0.0,-3.2999999999999545,-89.59674790412268
29232000.0,600,modelica,native,True,20.000061462059648,1982.384077409638,-0.0,-3.2999999999999545,54.28597467567403
29235600.0,600,modelica,native,True,20.00011065911724,1902.238416656388,-0.0,-2.7999999999999545,240.908617072929
29239200.0,600,modelica,native,True,20.000121388871037,1769.427507910199,-0.0,-2.1999999999999886,381.0573809504754
29242800.0,600,modelica,native,True,20.000112910562848,1635.220020298428,-0.0,-2.1999999999999886,529.4605815938088
29246400.0,600,modelica,native,True,20.000259163078397,1465.832292256885,-0.0,0.0,862.9888366219932
29250000.0,600,modelica,native,True,20.001292546419336,1109.192908431159,-0.0,1.1000000000000227,4039.422664128383
29253600.0,600,modelica,native,True,23.446463328924438,101.6731646039751,-0.0,3.3000000000000114,4315.693694032111
29257200.0,600,modelica,native,True,23.758404808121213,0.0,-0.0,1.7000000000000455,1539.831788309245
29260800.0,600,modelica,native,True,21.68066721456671,0.0,-0.0,0.0,448.5848965810426
29264400.0,600,modelica,native,True,19.99934730952174,201.4274158578449,-0.0,-1.099999999999966,-101.0804373171897
29268000.0,600,modelica,native,True,19.999597544658002,970.5263573779,-0.0,-2.1999999999999886,-101.56212
29271600.0,600,modelica,native,True,19.99978662922365,1439.823475516637,-0.0,-2.7999999999999545,-101.56212
29275200.0,600,modelica,native,True,19.999915298371945,1675.430363846355,-0.0,-2.1999999999999886,-101.56212
29278800.0,600,modelica,native,True,19.999934501356336,1786.740894286368,-0.0,-2.7999999999999545,-101.56212
29282400.0,600,modelica,native,True,19.9999699574459,1860.859260992474,-0.0,-2.7999999999999545,-101.56212
29286000.0,600,modelica,native,True,19.99998341140963,1896.37950600995,-0.0,-2.7999999999999545,-101.56212
29289600.0,600,modelica,native,True,19.999947561331112,1933.194844894409,-0.0,-3.8999999999999773,-101.56212
29293200.0,600,modelica,native,True,19.99998938789554,1987.075034733878,-0.0,-3.8999999999999773,-101.56212
29296800.0,600,modelica,native,True,20.0000181491842,1996.75650115437,-0.0,-3.2999999999999545,-101.56212
29300400.0,600,modelica,native,True,20.0000258310788,1975.719904064073,-0.0,-2.7999999999999545,-101.56212
29304000.0,600,modelica,native,True,20.000010536669436,1952.287141973707,-0.0,-2.7999999999999545,-101.56212
29307600.0,600,modelica,native,True,20.00002484603374,1930.16026157697,-0.0,-2.1999999999999886,-101.56212
29311200.0,600,modelica,native,True,20.000010260005524,1903.007046707471,-0.0,-2.1999999999999886,-101.56212
29314800.0,600,modelica,native,True,20.000011064568014,1890.457251567311,-0.0,-2.1999999999999886,-86.10336505455328
29318400.0,600,modelica,native,True,20.00007096418824,1859.899172466066,-0.0,-1.6999999999999886,59.11190628678997
29322000.0,600,modelica,native,True,20.00008819636821,1777.041831640667,-0.0,-1.6999999999999886,234.7566745496803
29325600.0,600,modelica,native,True,20.000109800705104,1670.473568161329,-0.0,-1.6999999999999886,438.3250783506211
29329200.0,600,modelica,native,True,20.00010478697095,1537.881618304782,-0.0,-1.6999999999999886,608.5432021460814
29332800.0,600,modelica,native,True,20.00011927936731,1406.067293890317,-0.0,-1.099999999999966,718.0399068985557
29336400.0,600,modelica,native,True,20.000091643070448,1266.068494284948,-0.0,-0.5999999999999659,788.023341593253
29340000.0,600,modelica,native,True,19.9999295186646,1189.782762635549,-0.0,-1.099999999999966,503.8495048524822
29343600.0,600,modelica,native,True,19.999891695005147,1269.382422282431,-0.0,-1.099999999999966,250.4651766310977
29347200.0,600,modelica,native,True,19.99987292267872,1398.966336916817,-0.0,-1.099999999999966,28.21578448831675
29350800.0,600,modelica,native,True,19.999900059321305,1546.038638361295,-0.0,-1.099999999999966,-99.4471122048188
29354400.0,600,modelica,native,True,19.99996356002913,1650.672492425707,-0.0,-0.5999999999999659,-101.56212
29358000.0,600,modelica,native,True,19.999933225255404,1710.624320206642,-0.0,-1.6999999999999886,-101.56212
29361600.0,600,modelica,native,True,19.99994941983863,1784.303937928941,-0.0,-2.1999999999999886,-101.56212
29365200.0,600,modelica,native,True,19.999934112372443,1853.121458473735,-0.0,-3.2999999999999545,-101.56212
29368800.0,600,modelica,native,True,19.999966836614817,1917.057309976684,-0.0,-3.2999999999999545,-101.56212
29372400.0,600,modelica,native,True,19.99993846876481,1966.779679178132,-0.0,-4.399999999999977,-101.56212
29376000.0,600,modelica,native,True,19.999955939867505,2036.208639038934,-0.0,-5.0,-101.56212
29379600.0,600,modelica,native,True,20.00000643309164,2074.263506934378,-0.0,-4.399999999999977,-101.56212
29383200.0,600,modelica,native,True,19.99996225341482,2095.459979780515,-0.0,-5.599999999999966,-101.56212
29386800.0,600,modelica,native,True,20.00010320124801,2077.012887555758,-0.0,-2.1999999999999886,-101.56212
29390400.0,600,modelica,native,True,20.000038248106137,1969.134046524896,-0.0,-2.1999999999999886,-101.56212
29394000.0,600,modelica,native,True,20.000019234797605,1923.953943901062,-0.0,-2.1999999999999886,-101.56212
29397600.0,600,modelica,native,True,20.00014794531262,1844.233160853916,-0.0,1.1000000000000227,-101.56212
29401200.0,600,modelica,native,True,20.000117541522343,1682.244047640695,-0.0,2.2000000000000455,-38.05206786899532
29404800.0,600,modelica,native,True,20.000322089136034,1503.306565452682,-0.0,2.8000000000000114,707.8295762027211
29408400.0,600,modelica,native,True,20.00035520055775,1111.565678494241,-0.0,3.3000000000000114,1316.834716435553
29412000.0,600,modelica,native,True,20.00018149041881,671.9242844756444,-0.0,4.400000000000034,1257.992694631616
29415600.0,600,modelica,native,True,20.0009042433511,383.8933669371075,-0.0,5.600000000000023,3391.028851887993
29419200.0,600,modelica,native,True,25.615032597330412,2.038696404563056,-0.0,10.0,5065.711995161158
29422800.0,600,modelica,native,True,27.001068210810047,0.0,293.9815723461575,3.900000000000034,6060.285339340286
29426400.0,600,modelica,native,True,27.0003495408061,0.0,1446.105974795024,2.8000000000000114,5841.198250050826
29430000.0,600,modelica,native,True,26.99934093854165,0.0,1773.461254343457,1.7000000000000455,3276.457315452763
29433600.0,600,modelica,native,True,26.998962576154838,0.0,995.3352870814006,1.7000000000000455,1028.23440109381
29437200.0,600,modelica,native,True,24.51777411701221,0.0,68.70227285808987,0.0,-94.86212713584264
29440800.0,600,modelica,native,True,20.547008767838747,0.0,-0.0,0.6000000000000227,-101.56212
29444400.0,600,modelica,native,True,19.999493200127404,428.0024172168308,-0.0,0.6000000000000227,-101.56212
29448000.0,600,modelica,native,True,19.999697656578803,1053.22183005121,-0.0,-0.5999999999999659,-101.56212
29451600.0,600,modelica,native,True,19.999843319616843,1396.153331504398,-0.0,-0.5999999999999659,-101.56212
29455200.0,600,modelica,native,True,19.999880707394198,1585.910968665547,-0.0,-1.6999999999999886,-101.56212
29458800.0,600,modelica,native,True,19.999928362213495,1723.003923483955,-0.0,-2.1999999999999886,-101.56212
29462400.0,600,modelica,native,True,19.999960591027445,1801.076258219083,-0.0,-2.1999999999999886,-101.56212
29466000.0,600,modelica,native,True,19.9999351466152,1859.271113278601,-0.0,-3.2999999999999545,-101.56212
29469600.0,600,modelica,native,True,19.999957345241,1934.412906193203,-0.0,-3.8999999999999773,-101.56212
29473200.0,600,modelica,native,True,19.999980207686804,1983.319963826073,-0.0,-3.8999999999999773,-101.56212
29476800.0,600,modelica,native,True,19.999989443430138,2006.609575104184,-0.0,-3.8999999999999773,-101.56212
29480400.0,600,modelica,native,True,19.99997698431895,2027.516899465985,-0.0,-4.399999999999977,-101.56212
29484000.0,600,modelica,native,True,19.999990879158815,2052.297909875976,-0.0,-4.399999999999977,-101.56212
29487600.0,600,modelica,native,True,20.000003257550134,2063.179808618228,-0.0,-4.399999999999977,-89.96824158067905
29491200.0,600,modelica,native,True,20.000093093516398,2053.787927360005,-0.0,-4.399999999999977,186.9235350368889
29494800.0,600,modelica,native,True,20.00012653926035,1927.194532573488,-0.0,-4.399999999999977,476.715509833982
29498400.0,600,modelica,native,True,20.00023325800163,1750.379304699368,-0.0,-3.2999999999999545,829.4965764292479
29502000.0,600,modelica,native,True,20.000954159071,1381.524755663342,-0.0,-2.7999999999999545,3318.236176471632
29505600.0,600,modelica,native,True,20.594311497923513,313.2487620284822,-0.0,-2.7999999999999545,3086.434715214847
29509200.0,600,modelica,native,True,19.99977060091635,105.9104825576146,-0.0,-2.7999999999999545,1322.360756327312
29512800.0,600,modelica,native,True,20.000215292885343,302.7189390526877,-0.0,-2.1999999999999886,2583.127378911453
29516400.0,600,modelica,native,True,19.999857923454442,115.7437498474121,-0.0,-2.7999999999999545,1969.093563756891
29520000.0,600,modelica,native,True,19.99965675509543,271.0599875561396,-0.0,-2.7999999999999545,1092.02739177568
29523600.0,600,modelica,native,True,19.999502989573898,744.8475835667716,-0.0,-3.2999999999999545,78.77926862696992
29527200.0,600,modelica,native,True,19.999679691492815,1295.925145624479,-0.0,-3.8999999999999773,-101.56212
29530800.0,600,modelica,native,True,19.999820921296532,1672.222158894009,-0.0,-4.399999999999977,-101.56212
29534400.0,600,modelica,native,True,19.999885041280947,1884.39345603519,-0.0,-5.0,-101.56212
29538000.0,600,modelica,native,True,19.99990462200674,2027.762364811897,-0.0,-6.099999999999966,-101.56212
29541600.0,600,modelica,native,True,19.99993248075515,2141.204095191956,-0.0,-6.699999999999989,-101.56212
29545200.0,600,modelica,native,True,19.9999464613839,2220.83239476098,-0.0,-7.199999999999989,-101.56212
29548800.0,600,modelica,native,True,19.999928988897807,2292.798315956328,-0.0,-8.299999999999955,-101.56212
29552400.0,600,modelica,native,True,19.999952610250602,2373.420659278764,-0.0,-8.899999999999977,-101.56212
29556000.0,600,modelica,native,True,19.9999981791384,2414.777043162981,-0.0,-8.299999999999955,-101.56212
29559600.0,600,modelica,native,True,19.999974229989505,2427.997555048201,-0.0,-8.899999999999977,-101.56212
29563200.0,600,modelica,native,True,19.99998783360394,2452.646563768917,-0.0,-8.899999999999977,-101.56212
29566800.0,600,modelica,native,True,19.99997684231255,2475.132133230633,-0.0,-9.399999999999977,-101.56212
29570400.0,600,modelica,native,True,19.999990888648938,2498.346892603768,-0.0,-9.399999999999977,-101.56212
29574000.0,600,modelica,native,True,20.000137932531914,2502.329948851268,-0.0,-9.399999999999977,293.182254796372
29577600.0,600,modelica,native,True,20.0008709376242,2216.163378303316,-0.0,-8.299999999999955,2565.423846522884
29581200.0,600,modelica,native,True,20.00133773710843,1138.138880445162,-0.0,-5.599999999999966,5118.151238280811
29584800.0,600,modelica,native,True,23.918625599879647,45.60161035908593,-0.0,-3.2999999999999545,7100.349237705599
29588400.0,600,modelica,native,True,27.001459297724296,0.0,421.6081062327491,-0.5999999999999659,7972.168249032576
29592000.0,600,modelica,native,True,27.00069872277902,0.0,2102.63830643124,2.2000000000000455,7641.692019322673
29595600.0,600,modelica,native,True,27.000296209695932,0.0,2903.043999231127,4.400000000000034,7104.673877732062
29599200.0,600,modelica,native,True,26.999803620927196,0.0,3195.245063385434,3.900000000000034,6269.313294261075
29602800.0,600,modelica,native,True,26.999295078153295,0.0,2914.765306043625,3.3000000000000114,4340.767784275188
29606400.0,600,modelica,native,True,26.998762410809434,0.0,2018.275509755876,1.7000000000000455,1883.652749341476
29610000.0,600,modelica,native,True,26.628735256779237,0.0,560.461322494083,0.6000000000000227,-29.83962327528305
29613600.0,600,modelica,native,True,22.162634713925115,0.0,-3.147125244140625e-06,-1.6999999999999886,-101.56212
29617200.0,600,modelica,native,True,19.99934235809951,211.2075243171056,-0.0,-2.1999999999999886,-101.56212
29620800.0,600,modelica,native,True,19.999628092183798,999.3170939869352,-0.0,-2.1999999999999886,-101.56212
29624400.0,600,modelica,native,True,19.999811621145,1437.443114581108,-0.0,-2.1999999999999886,-101.56212
29628000.0,600,modelica,native,True,19.99979238285431,1705.897481108242,-0.0,-5.0,-101.56212
29631600.0,600,modelica,native,True,19.99988009479955,1934.493821803199,-0.0,-5.599999999999966,-101.56212
29635200.0,600,modelica,native,True,19.999897164153936,2079.415286076334,-0.0,-6.699999999999989,-101.56212
29638800.0,600,modelica,native,True,19.999907657158815,2202.527459248437,-0.0,-7.7999999999999545,-101.56212
29642400.0,600,modelica,native,True,19.99992722717451,2318.019456627634,-0.0,-8.899999999999977,-101.56212
29646000.0,600,modelica,native,True,19.99996732745285,2398.145728430218,-0.0,-8.899999999999977,-101.56212
29649600.0,600,modelica,native,True,19.999983420203307,2436.591023524073,-0.0,-8.899999999999977,-101.56212
29653200.0,600,modelica,native,True,19.99996427367944,2463.252003295157,-0.0,-9.399999999999977,-101.56212
29656800.0,600,modelica,native,True,19.999945097988018,2516.354292615785,-0.0,-10.599999999999966,-101.56212
29660400.0,600,modelica,native,True,20.0002538252528,2551.27543788698,-0.0,-9.399999999999977,454.5312631245334
29664000.0,600,modelica,native,True,20.001178040404113,2098.62246849166,-0.0,-7.199999999999989,3491.80793478468
29667600.0,600,modelica,native,True,20.328573804549137,678.3469780471589,-0.0,-5.0,6406.385614345205
29671200.0,600,modelica,native,True,26.94278766450583,-3.947681850857204e-06,1.461600592931112,-1.6999999999999886,7962.490747357103
29674800.0,600,modelica,native,True,27.001474430981546,0.0,1418.759458978441,1.7000000000000455,8977.569780180798
29678400.0,600,modelica,native,True,27.000853640754713,0.0,3128.237437904146,3.900000000000034,9245.564318516328
29682000.0,600,modelica,native,True,27.000263522091302,0.0,4091.807358732223,3.3000000000000114,8844.630778682716
29685600.0,600,modelica,native,True,26.999757562893933,0.0,4370.740951299667,3.3000000000000114,7719.601528054382
29689200.0,600,modelica,native,True,26.99921538578161,0.0,4027.459609681236,2.2000000000000455,5784.163404015404
29692800.0,600,modelica,native,True,26.998514572823126,0.0,3019.375779146618,1.1000000000000227,2526.455295104352
29696400.0,600,modelica,native,True,26.998433639050347,0.0,1217.816931224399,-1.6999999999999886,108.2725313958077
29700000.0,600,modelica,native,True,23.20749900248734,0.0,13.7926527372996,-3.2999999999999545,-101.56212
29703600.0,600,modelica,native,True,19.999752389586945,128.7390469535192,-1.065995958116319e-06,-5.0,-101.56212
29707200.0,600,modelica,native,True,19.999547462132398,1007.994543453323,-0.0,-4.399999999999977,-101.56212
29710800.0,600,modelica,native,True,19.99974417509145,1548.476983217663,-0.0,-5.0,-101.56212
29714400.0,600,modelica,native,True,19.999848925212405,1849.844638228416,-0.0,-5.599999999999966,-101.56212
29718000.0,600,modelica,native,True,19.999929596072832,2018.087191465696,-0.0,-5.599999999999966,-101.56212
29721600.0,600,modelica,native,True,19.999944621163934,2108.377035252783,-0.0,-6.099999999999966,-101.56212
29725200.0,600,modelica,native,True,19.999992559648547,2159.744776591195,-0.0,-5.599999999999966,-101.56212
29728800.0,600,modelica,native,True,19.99996297566355,2191.464413220618,-0.0,-6.699999999999989,-101.56212
29732400.0,600,modelica,native,True,20.00000977546381,2226.979889246623,-0.0,-6.099999999999966,-101.56212
29736000.0,600,modelica,native,True,20.000021370054924,2215.35636882888,-0.0,-5.599999999999966,-101.56212
29739600.0,600,modelica,native,True,20.000007327202013,2196.212262221972,-0.0,-5.599999999999966,-101.56212
29743200.0,600,modelica,native,True,20.000028001089447,2176.935911657015,-0.0,-5.0,-101.56212
29746800.0,600,modelica,native,True,20.000009973999,2162.094153784646,-0.0,-5.599999999999966,-49.34164184813842
29750400.0,600,modelica,native,True,20.000146083224934,2121.950863195525,-0.0,-5.0,284.0537488521601
29754000.0,600,modelica,native,True,20.000199083707514,1936.349654062589,-0.0,-3.8999999999999773,568.8812563536906
29757600.0,600,modelica,native,True,20.00026728154762,1703.242770281368,-0.0,-3.2999999999999545,1003.678744431897
29761200.0,600,modelica,native,True,20.00113534947843,1254.109647377862,-0.0,-1.099999999999966,3729.4028281188
29764800.0,600,modelica,native,True,21.790565218807444,178.0737745708889,-0.0,-1.099999999999966,4128.004622191427
29768400.0,600,modelica,native,True,23.26867109600562,0.0,-0.0,2.2000000000000455,4892.244907820212
29772000.0,600,modelica,native,True,27.000123675949112,0.0,251.1064315552182,7.2000000000000455,4012.672042355423
29775600.0,600,modelica,native,True,26.9997399410135,0.0,537.4493918344709,8.300000000000011,1804.70002492026
29779200.0,600,modelica,native,True,26.967895229023327,0.0,146.8495700952742,7.2000000000000455,1043.074899107199
29782800.0,600,modelica,native,True,24.191786168121837,0.0,-1.270188225640191e-05,4.400000000000034,-9.87558112809542
29786400.0,600,modelica,native,True,20.9130383275986,0.0,-0.0,3.900000000000034,-101.56212
29790000.0,600,modelica,native,True,19.999449441018328,298.2637318441603,-0.0,1.7000000000000455,-101.56212
29793600.0,600,modelica,native,True,19.999717754611538,914.447822988828,-0.0,1.7000000000000455,-101.56212
29797200.0,600,modelica,native,True,19.999750270635047,1274.462955248621,-0.0,-1.099999999999966,-101.56212
29800800.0,600,modelica,native,True,19.999818074037137,1566.247684544987,-0.0,-2.7999999999999545,-101.56212
29804400.0,600,modelica,native,True,19.99985070912612,1782.903673432668,-0.0,-4.399999999999977,-101.56212
29808000.0,600,modelica,native,True,19.9998933175209,1957.676890056928,-0.0,-5.599999999999966,-101.56212
29811600.0,600,modelica,native,True,19.999930561428812,2082.019937368499,-0.0,-6.099999999999966,-101.56212
29815200.0,600,modelica,native,True,19.9999431675418,2166.218380408287,-0.0,-6.699999999999989,-101.56212
29818800.0,600,modelica,native,True,19.999994461798337,2213.611159115897,-0.0,-6.099999999999966,-101.56212
29822400.0,600,modelica,native,True,19.999928710318216,2249.262398601638,-0.0,-7.7999999999999545,-101.56212
29826000.0,600,modelica,native,True,19.999986686009947,2321.27315243827,-0.0,-7.7999999999999545,-101.56212
29829600.0,600,modelica,native,True,20.0000341985604,2328.6273720079,-0.0,-6.699999999999989,-101.56212
29833200.0,600,modelica,native,True,20.000070135368844,2298.155433700349,-0.0,-6.699999999999989,54.62926658512308
29836800.0,600,modelica,native,True,20.00081466914503,2116.294357904858,-0.0,-5.0,2051.462660041104
29840400.0,600,modelica,native,True,20.00158288206825,1052.128226267497,-0.0,-0.5999999999999659,5282.763871181119
29844000.0,600,modelica,native,True,25.718550314502295,8.559054622650146,-0.0,3.3000000000000114,7436.497018090105
29847600.0,600,modelica,native,True,27.001302969690244,-3.409385681152344e-06,1091.534285599391,7.2000000000000455,7471.636348817468
29851200.0,600,modelica,native,True,27.000661327027103,0.0,2574.857531869676,8.300000000000011,7362.728299871748
29854800.0,600,modelica,native,True,27.000037772004248,0.0,3343.00320209927,8.300000000000011,6656.260807394957
29858400.0,600,modelica,native,True,26.999703255124246,0.0,3322.510179065069,8.900000000000034,5355.764906408336
29862000.0,600,modelica,native,True,26.99948034098884,0.0,2965.930046585931,8.300000000000011,4454.253273501205
29865600.0,600,modelica,native,True,26.998729020082806,0.0,2258.866239981121,6.7000000000000455,1556.484777801646
29869200.0,600,modelica,native,True,26.883685128915317,0.0,718.6625971868303,2.2000000000000455,-72.38470662330553
29872800.0,600,modelica,native,True,22.920322383935797,0.0,1.519521077473958e-05,1.1000000000000227,-101.56212
29876400.0,600,modelica,native,True,20.000888735502315,63.68800795608097,-1.4834933810763892e-08,0.0,-101.56212
29880000.0,600,modelica,native,True,19.999537234846514,778.6704129001829,-0.0,-1.6999999999999886,-101.56212
29883600.0,600,modelica,native,True,19.99975381067611,1318.593273445765,-0.0,-2.1999999999999886,-101.56212
29887200.0,600,modelica,native,True,19.999854293240332,1610.2042063925,-0.0,-2.7999999999999545,-101.56212
29890800.0,600,modelica,native,True,19.999907818478903,1781.192216648526,-0.0,-3.2999999999999545,-101.56212
29894400.0,600,modelica,native,True,19.9999313190757,1890.646232917574,-0.0,-3.8999999999999773,-101.56212
29898000.0,600,modelica,native,True,19.999951470023234,1971.882405094571,-0.0,-4.399999999999977,-101.56212
29901600.0,600,modelica,native,True,19.999997842242635,2016.144618621932,-0.0,-3.8999999999999773,-101.56212
29905200.0,600,modelica,native,True,19.999996350815422,2021.928052802616,-0.0,-3.8999999999999773,-101.56212
29908800.0,600,modelica,native,True,19.999998137593423,2025.78199110455,-0.0,-3.8999999999999773,-101.56212
29912400.0,600,modelica,native,True,19.999999081921317,2027.690822677082,-0.0,-3.8999999999999773,-101.56212
29916000.0,600,modelica,native,True,19.999923492484697,2057.110482847956,-0.0,-5.599999999999966,-101.56212
29919600.0,600,modelica,native,True,20.000099625368023,2130.308853347036,-0.0,-6.099999999999966,281.4143376639578
29923200.0,600,modelica,native,True,20.000928597546533,1888.807576275402,-0.0,-5.0,2730.204970434143
29926800.0,600,modelica,native,True,20.056232299370947,737.1311418263117,-0.0,-1.099999999999966,5450.731097884522
29930400.0,600,modelica,native,True,26.112357927215726,0.0035657299889458,-0.0,2.2000000000000455,7191.3057949537
29934000.0,600,modelica,native,True,27.001399498157014,0.0,1102.36253022088,3.900000000000034,8186.938842650954
29937600.0,600,modelica,native,True,27.00074250083952,0.0,2742.664741484324,6.100000000000023,8096.399918835147
29941200.0,600,modelica,native,True,27.000196344343635,0.0,3558.204865629408,6.7000000000000455,7499.864161227919
29944800.0,600,modelica,native,True,26.999465277821514,0.0,3733.500502035353,6.7000000000000455,5636.561658888337
29948400.0,600,modelica,native,True,26.99893576263281,0.0,3034.36357383728,6.7000000000000455,3000.233722788148
29952000.0,600,modelica,native,True,26.99873100854944,0.0,1718.880190829171,3.900000000000034,1064.061429067119
29955600.0,600,modelica,native,True,25.8868293486712,0.0,301.0770555941264,1.7000000000000455,-86.57966927623617
29959200.0,600,modelica,native,True,21.610151899802304,0.0,2.381006876627604e-06,-0.5999999999999659,-101.56212
29962800.0,600,modelica,native,True,19.99935836594591,271.3686543930901,7.417466905381944e-09,-1.099999999999966,-101.56212
29966400.0,600,modelica,native,True,19.99962145317744,1027.527444065412,-0.0,-2.1999999999999886,-101.56212
29970000.0,600,modelica,native,True,19.999771158380213,1475.170552136103,-0.0,-3.2999999999999545,-101.56212
29973600.0,600,modelica,native,True,19.99996371816553,1703.412311006652,-0.0,-1.6999999999999886,-101.56212
29977200.0,600,modelica,native,True,19.999950757467502,1757.950472310384,-0.0,-1.6999999999999886,-101.56212
29980800.0,600,modelica,native,True,19.999911989391705,1825.776992082596,-0.0,-3.2999999999999545,-101.56212
29984400.0,600,modelica,native,True,19.99992704311211,1928.084369824198,-0.0,-4.399999999999977,-101.56212
29988000.0,600,modelica,native,True,19.999964074518118,2003.820680025419,-0.0,-4.399999999999977,-101.56212
29991600.0,600,modelica,native,True,19.9999571592993,2053.888858860334,-0.0,-5.0,-101.56212
29995200.0,600,modelica,native,True,19.999956323173933,2109.698332986832,-0.0,-5.599999999999966,-101.56212
29998800.0,600,modelica,native,True,19.999934533646297,2164.648555271361,-0.0,-6.699999999999989,-101.56212
30002400.0,600,modelica,native,True,19.999989922791997,2230.258003633817,-0.0,-6.699999999999989,-101.56212
30006000.0,600,modelica,native,True,20.000057991064295,2232.148674232165,-0.0,-5.599999999999966,-50.00640875661798
30009600.0,600,modelica,native,True,20.000676786421025,2088.448587182363,-0.0,-5.0,1772.847929762912
30013200.0,600,modelica,native,True,20.001432772590704,1198.706368581984,-0.0,-1.6999999999999886,4757.883468651247
30016800.0,600,modelica,native,True,24.19686189480882,52.72377179834578,-0.0,2.2000000000000455,6824.323234239371
30020400.0,600,modelica,native,True,27.00142491625013,0.0,605.9594555515713,6.100000000000023,7280.913134782249
30024000.0,600,modelica,native,True,27.000957983015837,0.0,2208.839178333283,6.100000000000023,8023.235496476243
30027600.0,600,modelica,native,True,27.000456311160747,0.0,3311.996596511205,6.7000000000000455,8001.136017078557
30031200.0,600,modelica,native,True,26.99966831928242,0.0,3774.791167509291,6.7000000000000455,6304.509417906105
30034800.0,600,modelica,native,True,26.999220265469432,0.0,3341.76240401374,5.600000000000023,4459.892192996823
30038400.0,600,modelica,native,True,26.99877381175554,0.0,2384.98507730484,4.400000000000034,2061.180224767038
30042000.0,600,modelica,native,True,26.997296815954826,0.0,860.4441243468391,1.1000000000000227,-9.791736590652064
30045600.0,600,modelica,native,True,23.07156178437714,0.0,-0.0043439006805419,0.0,-101.56212
30049200.0,600,modelica,native,True,20.001084681657915,62.34506818877326,4.789564344618056e-07,-0.5999999999999659,-101.56212
30052800.0,600,modelica,native,True,19.999504331617004,804.6287315506405,-0.0,-2.7999999999999545,-101.56212
30056400.0,600,modelica,native,True,19.999739014877832,1381.593918465508,-0.0,-3.2999999999999545,-101.56212
30060000.0,600,modelica,native,True,19.9998547736069,1692.287304504712,-0.0,-3.8999999999999773,-101.56212
30063600.0,600,modelica,native,True,19.999928863797436,1862.120097565651,-0.0,-3.8999999999999773,-101.56212
30067200.0,600,modelica,native,True,19.999964600769147,1945.830447361734,-0.0,-3.8999999999999773,-101.56212
30070800.0,600,modelica,native,True,20.000026032277844,1968.286474106047,-0.0,-2.7999999999999545,-101.56212
30074400.0,600,modelica,native,True,19.999969340449013,1951.689090720812,-0.0,-3.2999999999999545,-101.56212
30078000.0,600,modelica,native,True,19.999926092383703,1998.124759174983,-0.0,-5.0,-101.56212
30081600.0,600,modelica,native,True,19.999940927330897,2077.935289622942,-0.0,-5.599999999999966,-101.56212
30085200.0,600,modelica,native,True,19.999927672449246,2151.693869194984,-0.0,-6.699999999999989,-101.56212
30088800.0,600,modelica,native,True,19.99992316416143,2238.699291647275,-0.0,-7.7999999999999545,-101.56212
30092400.0,600,modelica,native,True,20.000074874108122,2283.923938182725,-0.0,-6.099999999999966,-20.00484265321595
30096000.0,600,modelica,native,True,20.000431726618842,2173.40369480133,-0.0,-6.699999999999989,1201.502851973075
30099600.0,600,modelica,native,True,20.00126575177643,1571.465347600513,-0.0,-3.8999999999999773,3994.391521282597
30103200.0,600,modelica,native,True,22.16298994664521,255.4414251089096,-0.0,0.0,6034.306479274695
30106800.0,600,modelica,native,True,26.9962106030178,1.574622260199653e-06,77.37511485629612,1.7000000000000455,6774.573385072601
30110400.0,600,modelica,native,True,27.0010830798754,0.0,1391.068591949675,3.3000000000000114,7633.930615240724
30114000.0,600,modelica,native,True,27.000683124864338,0.0,2652.215823317634,5.0,7899.102932323811
30117600.0,600,modelica,native,True,27.00009246076803,0.0,3423.795079028871,5.600000000000023,7178.060868940921
30121200.0,600,modelica,native,True,26.999283712398096,0.0,3426.540679567125,6.100000000000023,4692.035725419247
30124800.0,600,modelica,native,True,26.99861358143545,0.0,2522.966213730706,5.600000000000023,1653.057041895143
30128400.0,600,modelica,native,True,26.998760366574004,0.0,903.4465038755204,3.900000000000034,-73.25412151168591
30132000.0,600,modelica,native,True,23.700602845715537,0.0,1.5118061987559,2.8000000000000114,-101.56212
30135600.0,600,modelica,native,True,20.124402118027717,0.0,-4.880587259928386e-05,1.7000000000000455,-101.56212
30139200.0,600,modelica,native,True,19.99953960338354,512.4477926980124,1.992119683159722e-07,1.1000000000000227,-101.56212
30142800.0,600,modelica,native,True,19.999749990497435,1059.923262359301,-0.0,0.6000000000000227,-101.56212
30146400.0,600,modelica,native,True,19.99981511013243,1363.812527108722,-0.0,-0.5999999999999659,-101.56212
30150000.0,600,modelica,native,True,19.999801632126434,1616.750722117954,-0.0,-3.8999999999999773,-101.56212
30153600.0,600,modelica,native,True,19.999891427447608,1840.579869639609,-0.0,-4.399999999999977,-101.56212
30157200.0,600,modelica,native,True,19.99992459222051,1969.889795798726,-0.0,-5.0,-101.56212
30160800.0,600,modelica,native,True,19.999976352483714,2053.416026647356,-0.0,-5.0,-101.56212
30164400.0,600,modelica,native,True,20.000011901794835,2079.697479261292,-0.0,-4.399999999999977,-101.56212
30168000.0,600,modelica,native,True,20.00001966469182,2065.303162970543,-0.0,-3.8999999999999773,-101.56212
30171600.0,600,modelica,native,True,19.999946577503408,2061.053141996596,-0.0,-5.0,-101.56212
30175200.0,600,modelica,native,True,19.99991330743842,2129.705068581369,-0.0,-6.699999999999989,-101.56212
30178800.0,600,modelica,native,True,20.000079669077707,2210.102819260491,-0.0,-6.699999999999989,166.4196741547769
30182400.0,600,modelica,native,True,20.00095175739432,1994.522775038613,-0.0,-5.0,2620.216771844789
30186000.0,600,modelica,native,True,20.088701332268897,783.699235836135,-0.0,0.0,5553.432088651363
30189600.0,600,modelica,native,True,26.18169763734994,-2.492745717366536e-05,-0.0,3.900000000000034,6596.513963238276
30193200.0,600,modelica,native,True,27.001319656952603,7.417466905381944e-09,991.4014200676812,8.300000000000011,7154.108616738195
30196800.0,600,modelica,native,True,27.000394749090106,0.0,2520.305334779951,10.600000000000023,6370.053293851288
30200400.0,600,modelica,native,True,27.000021596785814,0.0,3035.239854492611,11.700000000000045,5649.109288749873
30204000.0,600,modelica,native,True,26.999785810600315,0.0,3009.902706217236,10.0,5185.965620287733
30207600.0,600,modelica,native,True,26.999191049514707,0.0,2717.491788341734,9.400000000000034,3167.940954866719
30211200.0,600,modelica,native,True,26.998841033127405,0.0,1665.629459572898,9.400000000000034,555.1934173452455
30214800.0,600,modelica,native,True,26.51849277859634,0.0,333.5720319419437,7.800000000000011,-53.91644322340144
30218400.0,600,modelica,native,True,23.517635587324037,0.0,-0.0,7.800000000000011,-101.56212
30222000.0,600,modelica,native,True,21.14561899330232,0.0,-0.0,8.900000000000034,-101.56212
30225600.0,600,modelica,native,True,19.99971582014024,79.28241171571943,-0.0,8.900000000000034,-101.56212
30229200.0,600,modelica,native,True,19.99978273452865,463.1677621671889,-0.0,8.300000000000011,-101.56212
30232800.0,600,modelica,native,True,19.999843577691934,722.9927518086963,-0.0,7.2000000000000455,-101.56212
30236400.0,600,modelica,native,True,19.999853730134134,912.3061488273408,-0.0,5.600000000000023,-101.56212
30240000.0,600,modelica,native,True,19.999838342292207,1094.041339066293,-0.0,3.3000000000000114,-101.56212
30243600.0,600,modelica,native,True,19.999863167550018,1277.146515597238,-0.0,1.7000000000000455,-101.56212
30247200.0,600,modelica,native,True,19.99984832300595,1464.49869129022,-0.0,-1.099999999999966,-101.56212
30250800.0,600,modelica,native,True,19.99995511055431,1621.491993824641,-0.0,-0.5999999999999659,-101.56212
30254400.0,600,modelica,native,True,19.99997494960911,1676.994588003158,-0.0,-0.5999999999999659,-101.56212
30258000.0,600,modelica,native,True,19.999986388707327,1706.537193935182,-0.0,-0.5999999999999659,-101.56212
30261600.0,600,modelica,native,True,19.999954843849196,1741.558682365418,-0.0,-1.6999999999999886,-101.56212
30265200.0,600,modelica,native,True,20.0001612057261,1748.592061145041,-0.0,0.6000000000000227,118.6654558428152
30268800.0,600,modelica,native,True,20.000329703383613,1554.953851099544,-0.0,0.6000000000000227,806.8339027419638
30272400.0,600,modelica,native,True,20.00077440868563,1148.925691281954,-0.0,5.0,2041.291934473272
30276000.0,600,modelica,native,True,20.863916094074796,273.5790660540263,-0.0,9.400000000000034,3287.761369159617
30279600.0,600,modelica,native,True,24.609628740765004,0.0,-0.0,10.600000000000023,4901.627826611145
30283200.0,600,modelica,native,True,27.001587990931398,0.0,552.6620840761396,12.200000000000045,6998.388729994546
30286800.0,600,modelica,native,True,27.00079210605594,0.0,2311.439908690983,12.800000000000011,7002.673372637279
30290400.0,600,modelica,native,True,26.999838179297512,0.0,3174.166960506439,12.200000000000045,5421.705468632534
30294000.0,600,modelica,native,True,26.999046153512097,0.0,2954.050916713079,10.600000000000023,2931.680174006023
30297600.0,600,modelica,native,True,26.998862187287045,0.0,1868.117848681344,8.900000000000034,1040.889477472528
30301200.0,600,modelica,native,True,26.845856923840927,0.0,511.0510171996223,6.100000000000023,-2.82538776100742
30304800.0,600,modelica,native,True,23.097757502529134,0.0,-1.875559488932292e-07,2.2000000000000455,-101.56212
30308400.0,600,modelica,native,True,20.003499757932502,33.23999201350742,-0.0,1.1000000000000227,-101.56212
30312000.0,600,modelica,native,True,19.999531635006008,683.0129844077428,-0.0,-0.5999999999999659,-101.56212
30315600.0,600,modelica,native,True,19.999763906079806,1225.518718165292,-0.0,-1.099999999999966,-101.56212
30319200.0,600,modelica,native,True,19.99989646270302,1493.156849928432,-0.0,-0.5999999999999659,-101.56212
30322800.0,600,modelica,native,True,19.999909940370344,1633.954545710882,-0.0,-1.6999999999999886,-101.56212
30326400.0,600,modelica,native,True,19.99995878357231,1736.741215306918,-0.0,-1.6999999999999886,-101.56212
30330000.0,600,modelica,native,True,19.999979440592313,1785.107145952119,-0.0,-1.6999999999999886,-101.56212
30333600.0,600,modelica,native,True,19.999915385721238,1851.131131453514,-0.0,-3.8999999999999773,-101.56212
30337200.0,600,modelica,native,True,20.000075457123216,1896.122903767162,-0.0,-1.099999999999966,-101.56212
30340800.0,600,modelica,native,True,20.00003243511884,1817.968166842461,-0.0,-0.5999999999999659,-101.56212
30344400.0,600,modelica,native,True,19.9999846340109,1782.941212497817,-0.0,-1.099999999999966,-101.56212
30348000.0,600,modelica,native,True,19.999949984500233,1803.690204909113,-0.0,-2.1999999999999886,-101.56212
30351600.0,600,modelica,native,True,20.000089528822798,1857.037337736024,-0.0,-3.2999999999999545,326.1504222393692
30355200.0,600,modelica,native,True,20.001014494658648,1558.674595949385,-0.0,1.1000000000000227,2638.359927478376
30358800.0,600,modelica,native,True,20.930763677823904,402.8130023097992,-0.0,5.0,5347.186057344915
30362400.0,600,modelica,native,True,26.995434922884442,7.841322157118057e-08,118.7997787443797,9.400000000000034,7537.209150200767
30366000.0,600,modelica,native,True,27.001456411859124,0.0,1972.274127017127,12.800000000000011,8359.361695782238
30369600.0,600,modelica,native,True,27.000926281199725,0.0,3674.067438105477,16.100000000000023,8620.58416125748
30373200.0,600,modelica,native,True,27.00044227158031,0.0,4752.059356371562,17.200000000000045,8583.968815900436
30376800.0,600,modelica,native,True,26.999897020010337,0.0,5228.987216586007,17.200000000000045,7579.859686565258
30380400.0,600,modelica,native,True,26.99930265689852,0.0,5047.148875864877,17.80000000000001,5523.278755080096
30384000.0,600,modelica,native,True,26.998514419554,0.0,4126.433849021064,16.100000000000023,2322.506960805236
30387600.0,600,modelica,native,True,26.99839167411062,0.0,2315.924258464177,10.600000000000023,60.10772418437676
30391200.0,600,modelica,native,True,26.753329015330337,0.0,498.8259334214528,7.2000000000000455,-101.56212
30394800.0,600,modelica,native,True,23.607325634174742,0.0,-0.0,6.7000000000000455,-101.56212
30398400.0,600,modelica,native,True,20.331063247954717,0.0,-0.0,2.8000000000000114,-101.56212
30402000.0,600,modelica,native,True,19.99959202388584,425.942303908666,-0.0,2.8000000000000114,-101.56212
30405600.0,600,modelica,native,True,19.99982990109322,895.556053768264,-0.0,4.400000000000034,-101.56212
30409200.0,600,modelica,native,True,19.9998436615968,1117.793226069874,-0.0,2.8000000000000114,-101.56212
30412800.0,600,modelica,native,True,19.999886562494396,1300.483241462708,-0.0,1.7000000000000455,-101.56212
30416400.0,600,modelica,native,True,19.99993046183215,1431.455280217065,-0.0,1.1000000000000227,-101.56212
30420000.0,600,modelica,native,True,20.000002439644845,1501.793346677886,-0.0,1.7000000000000455,-101.56212
30423600.0,600,modelica,native,True,20.0000859641886,1475.77396414068,-0.0,3.900000000000034,-101.56212
30427200.0,600,modelica,native,True,19.999810351946905,1510.700921270583,-0.0,-2.1999999999999886,-101.56212
30430800.0,600,modelica,native,True,20.00021374358664,1552.515509368049,-0.0,6.100000000000023,-101.56212
30434400.0,600,modelica,native,True,20.000039752241946,1346.110656748878,-0.0,5.0,-101.56212
30438000.0,600,modelica,native,True,20.00009658786405,1290.386982868512,-0.0,5.0,108.2218331495969
30441600.0,600,modelica,native,True,20.00017410292213,1159.467386342684,-0.0,4.400000000000034,563.3559894942399
30445200.0,600,modelica,native,True,20.000285521489502,978.3786606004504,-0.0,5.600000000000023,924.9765446947164
30448800.0,600,modelica,native,True,20.07209414131495,489.0485241598553,-0.0,6.7000000000000455,4473.342115127027
30452400.0,600,modelica,native,True,26.960027106229745,0.0,15.80580888324314,8.300000000000011,7094.648385394613
30456000.0,600,modelica,native,True,27.00135525062433,0.0,1387.78154408031,8.300000000000011,7884.447688349288
30459600.0,600,modelica,native,True,27.000745000070026,0.0,2963.101071265538,8.900000000000034,8169.224375744474
30463200.0,600,modelica,native,True,26.99960274150544,0.0,3711.697329551909,8.300000000000011,5885.894040060405
30466800.0,600,modelica,native,True,26.999265345422543,0.0,3230.737186741299,7.800000000000011,4141.051107985152
30470400.0,600,modelica,native,True,26.99884701673392,0.0,2320.353889687856,6.100000000000023,2040.518195658255
30474000.0,600,modelica,native,True,26.99877583204534,0.0,928.4599936739604,4.400000000000034,4.780930281950106
30477600.0,600,modelica,native,True,23.809469510788347,0.0,6.339838683870104,2.2000000000000455,-101.56212
30481200.0,600,modelica,native,True,20.316811272727705,0.0,-0.0,2.8000000000000114,-101.56212
30484800.0,600,modelica,native,True,19.999539430187042,438.8008548747169,-0.0,1.7000000000000455,-101.56212
30488400.0,600,modelica,native,True,19.999812707046942,969.8129343424904,-0.0,2.8000000000000114,-101.56212
30492000.0,600,modelica,native,True,19.99989361365084,1195.465828141636,-0.0,2.8000000000000114,-101.56212
30495600.0,600,modelica,native,True,19.999918357257343,1323.624099235005,-0.0,2.2000000000000455,-101.56212
30499200.0,600,modelica,native,True,19.999905131398407,1425.069536436399,-0.0,1.1000000000000227,-101.56212
30502800.0,600,modelica,native,True,19.999877861094035,1536.702215116819,-0.0,-0.5999999999999659,-101.56212
30506400.0,600,modelica,native,True,19.999857407254012,1681.683851439158,-0.0,-2.7999999999999545,-101.56212
30510000.0,600,modelica,native,True,19.999847784310134,1852.967372170554,-0.0,-5.0,-101.56212
30513600.0,600,modelica,native,True,19.999976258010008,1991.757061220275,-0.0,-4.399999999999977,-101.56212
30517200.0,600,modelica,native,True,19.999987244167812,2032.417283079359,-0.0,-4.399999999999977,-101.56212
30520800.0,600,modelica,native,True,20.00001584241744,2044.652125751177,-0.0,-3.8999999999999773,-101.56212
30524400.0,600,modelica,native,True,20.000110445992846,2021.33646973451,-0.0,-3.2999999999999545,120.6196822193122
30528000.0,600,modelica,native,True,20.00087597419514,1795.058970087899,-0.0,-2.7999999999999545,2495.883889313718
30531600.0,600,modelica,native,True,20.305445387979546,665.9630583084954,-0.0,2.2000000000000455,5534.744763695459
30535200.0,600,modelica,native,True,26.96826044366304,1.536475287543403e-08,23.41099536895752,6.7000000000000455,7440.579472375749
30538800.0,600,modelica,native,True,27.001522418605816,0.0,1643.539379300011,10.0,8478.580190636723
30542400.0,600,modelica,native,True,27.00092521765214,0.0,3418.18040948338,12.200000000000045,8814.730401334891
30546000.0,600,modelica,native,True,27.000208797109735,0.0,4458.979021203782,12.800000000000011,8083.637288676233
30549600.0,600,modelica,native,True,26.999660384964102,0.0,4654.658161969714,12.200000000000045,6714.652764730613
30553200.0,600,modelica,native,True,26.999290606737816,0.0,4228.992606306076,12.200000000000045,5046.829156451174
30556800.0,600,modelica,native,True,26.998602931282107,0.0,3300.196859564252,10.600000000000023,2111.006304604746
30560400.0,600,modelica,native,True,26.998509984848397,0.0,1582.283088106579,5.600000000000023,25.40533524970674
30564000.0,600,modelica,native,True,25.0743946363516,0.0,120.7446391148037,3.3000000000000114,-101.56212
30567600.0,600,modelica,native,True,21.43301914064284,0.0,-1.854366726345486e-07,2.8000000000000114,-101.56212
30571200.0,600,modelica,native,True,19.99941454078464,226.1020428964827,-0.0,1.1000000000000227,-101.56212
30574800.0,600,modelica,native,True,19.99968532440272,886.3022064744101,-0.0,1.1000000000000227,-101.56212
30578400.0,600,modelica,native,True,19.999772636543526,1265.52273832692,-0.0,-0.5999999999999659,-101.56212
30582000.0,600,modelica,native,True,19.99983170621715,1534.782435693211,-0.0,-2.1999999999999886,-101.56212
30585600.0,600,modelica,native,True,20.000022632886044,1660.706624410947,-0.0,0.6000000000000227,-101.56212
30589200.0,600,modelica,native,True,19.999935317873224,1669.149521038267,-0.0,-1.099999999999966,-101.56212
30592800.0,600,modelica,native,True,19.999956349034505,1743.90020670414,-0.0,-1.6999999999999886,-101.56212
30596400.0,600,modelica,native,True,19.999978269857934,1788.768523593479,-0.0,-1.6999999999999886,-101.56212
30600000.0,600,modelica,native,True,19.999972091029008,1822.497969596121,-0.0,-2.1999999999999886,-101.56212
30603600.0,600,modelica,native,True,19.9999884501392,1851.373433850606,-0.0,-2.1999999999999886,-101.56212
30607200.0,600,modelica,native,True,19.999994029471395,1864.690670837296,-0.0,-2.1999999999999886,-101.56212
30610800.0,600,modelica,native,True,20.000121011954604,1888.1109100914,-0.0,-2.7999999999999545,186.7800295245714
30614400.0,600,modelica,native,True,20.00105956707563,1612.376723086569,-0.0,0.6000000000000227,2776.996390512758
30618000.0,600,modelica,native,True,21.1930441124577,408.6185721519258,-0.0,3.900000000000034,5768.899313370744
30621600.0,600,modelica,native,True,26.99744412618321,2.956390380859375e-07,139.4502446217007,8.300000000000011,7585.095444145892
30625200.0,600,modelica,native,True,27.001497977167503,0.0,2020.195163095262,12.200000000000045,8596.149153827317
30628800.0,600,modelica,native,True,27.00091010456663,0.0,3758.877057277891,15.0,8864.092514097552
30632400.0,600,modelica,native,True,27.000352195674395,0.0,4802.251066354116,16.100000000000023,8532.45117735711
30636000.0,600,modelica,native,True,26.999807091570233,0.0,5171.429013010661,15.600000000000023,7454.347571224796
30639600.0,600,modelica,native,True,26.999277322389446,0.0,4893.893812251621,15.600000000000023,5497.212031663598
30643200.0,600,modelica,native,True,26.99849655114923,0.0,3959.725307750702,14.400000000000034,2236.062508714379
30646800.0,600,modelica,native,True,26.99841014828195,0.0,2145.47655828264,9.400000000000034,21.49575082596198
30650400.0,600,modelica,native,True,26.392995014203848,0.0,376.9919165441725,6.100000000000023,-101.56212
30654000.0,600,modelica,native,True,22.85863234603471,0.0,-0.0,4.400000000000034,-101.56212
30657600.0,600,modelica,native,True,20.007988652629933,12.50033214145236,-0.0,3.900000000000034,-101.56212
30661200.0,600,modelica,native,True,19.999620512586148,516.8971113570532,-0.0,3.3000000000000114,-101.56212
30664800.0,600,modelica,native,True,19.99977003306634,973.4368533187444,-0.0,2.2000000000000455,-101.56212
30668400.0,600,modelica,native,True,19.99990010099765,1235.147976579136,-0.0,2.2000000000000455,-101.56212
30672000.0,600,modelica,native,True,19.999960595970947,1346.895617135896,-0.0,2.8000000000000114,-101.56212
30675600.0,600,modelica,native,True,19.999952889950634,1399.814735750092,-0.0,2.2000000000000455,-101.56212
30679200.0,600,modelica,native,True,19.999961731385497,1456.296073191431,-0.0,1.7000000000000455,-101.56212
30682800.0,600,modelica,native,True,20.000007304608232,1486.044720197254,-0.0,2.2000000000000455,-101.56212
30686400.0,600,modelica,native,True,19.999993435834142,1483.175077760485,-0.0,2.2000000000000455,-101.56212
30690000.0,600,modelica,native,True,19.999939603451026,1501.713926206165,-0.0,1.1000000000000227,-101.56212
30693600.0,600,modelica,native,True,19.999894684824937,1588.170513977475,-0.0,-1.099999999999966,-101.56212
30697200.0,600,modelica,native,True,20.000013904397406,1692.950413341522,-0.0,-1.099999999999966,13.44886798855188
30700800.0,600,modelica,native,True,20.000836985067508,1559.333195232815,-0.0,0.0,2303.910618767993
30704400.0,600,modelica,native,True,20.672931298768844,519.1220510228475,-0.0,4.400000000000034,5605.276428909452
30708000.0,600,modelica,native,True,26.9943128361449,0.0,114.6226320595212,7.2000000000000455,8074.674923290051
30711600.0,600,modelica,native,True,27.001487611690436,0.0,2025.838207310571,10.0,8914.415370860854
30715200.0,600,modelica,native,True,27.0008482588957,0.0,3749.584109056261,11.100000000000023,9179.0969757609
30718800.0,600,modelica,native,True,27.000355848050503,0.0,4734.82909292433,12.200000000000045,8875.082731728198
30722400.0,600,modelica,native,True,26.999839085875806,0.0,5108.10154270702,12.200000000000045,7853.457342747482
30726000.0,600,modelica,native,True,26.999190441041435,0.0,4844.788473037084,12.200000000000045,5591.41271438246
30729600.0,600,modelica,native,True,26.998598369283002,0.0,3817.779328286913,11.700000000000045,2540.208996804036
30733200.0,600,modelica,native,True,26.99842101160891,0.0,2087.231306479772,8.300000000000011,156.8531351324573
30736800.0,600,modelica,native,True,26.004943536222243,0.0,349.3117287572225,2.8000000000000114,-101.56212
30740400.0,600,modelica,native,True,22.04270844589621,0.0,8.424123128255208e-07,1.7000000000000455,-101.56212
30744000.0,600,modelica,native,True,19.99940383137954,175.2384589237637,4.76837158203125e-08,-0.5999999999999659,-101.56212
30747600.0,600,modelica,native,True,19.999626855657596,919.3987451230156,-0.0,-1.099999999999966,-101.56212
30751200.0,600,modelica,native,True,19.999791319947803,1361.003549132877,-0.0,-1.6999999999999886,-101.56212
30754800.0,600,modelica,native,True,19.999935328084803,1577.955507536994,-0.0,-0.5999999999999659,-101.56212
30758400.0,600,modelica,native,True,19.999940851027247,1662.526991442045,-0.0,-1.099999999999966,-101.56212
30762000.0,600,modelica,native,True,19.99994573549435,1733.632306139204,-0.0,-1.6999999999999886,-101.56212
30765600.0,600,modelica,native,True,19.999894461783242,1825.841347036891,-0.0,-3.8999999999999773,-101.56212
30769200.0,600,modelica,native,True,20.000052125352624,1881.538595586883,-0.0,-1.099999999999966,-101.56212
30772800.0,600,modelica,native,True,19.99995839894831,1842.035871663623,-0.0,-2.1999999999999886,-101.56212
30776400.0,600,modelica,native,True,19.999915616803605,1895.829423499637,-0.0,-3.8999999999999773,-101.56212
30780000.0,600,modelica,native,True,19.99994033621715,1992.140693774223,-0.0,-5.0,-101.56212
30783600.0,600,modelica,native,True,20.00002293870193,2043.755669554075,-0.0,-3.8999999999999773,-101.56212
30787200.0,600,modelica,native,True,20.000142463047496,2015.156007197698,-0.0,-3.2999999999999545,160.8704158360332
30790800.0,600,modelica,native,True,20.000299770837103,1828.667462033696,-0.0,-0.5999999999999659,537.647868208255
30794400.0,600,modelica,native,True,20.00033759346252,1463.489624585046,-0.0,2.2000000000000455,858.8680476684075
30798000.0,600,modelica,native,True,20.00028615545284,1068.004173843596,-0.0,3.900000000000034,1044.070390408179
30801600.0,600,modelica,native,True,20.000224789062543,732.2610546032588,-0.0,5.600000000000023,1105.467409011034
30805200.0,600,modelica,native,True,20.00014381949211,471.3126949702369,-0.0,7.2000000000000455,1034.486043559474
30808800.0,600,modelica,native,True,20.000016250939723,318.855450319714,-0.0,7.800000000000011,827.5542332746656
30812400.0,600,modelica,native,True,19.999876040920924,308.8205612537596,-0.0,7.800000000000011,506.575561723395
30816000.0,600,modelica,native,True,19.999747640992496,466.2922586223814,-0.0,6.100000000000023,121.3824365033837
30819600.0,600,modelica,native,True,19.999748096778944,767.6385425906711,-0.0,4.400000000000034,-87.54149207209491
30823200.0,600,modelica,native,True,19.999765465276937,1070.236071413888,-0.0,1.7000000000000455,-101.56212
30826800.0,600,modelica,native,True,19.99987448803995,1334.277846288681,-0.0,0.6000000000000227,-101.56212
30830400.0,600,modelica,native,True,19.999954878780727,1474.444411088626,-0.0,1.1000000000000227,-101.56212
30834000.0,600,modelica,native,True,19.99996443012344,1539.051916146808,-0.0,0.6000000000000227,-101.56212
30837600.0,600,modelica,native,True,20.00000504516305,1576.415602275001,-0.0,1.1000000000000227,-101.56212
30841200.0,600,modelica,native,True,20.000027086468208,1568.525651552942,-0.0,1.7000000000000455,-101.56212
30844800.0,600,modelica,native,True,20.000181381584014,1452.981664646996,-0.0,6.7000000000000455,-101.56212
30848400.0,600,modelica,native,True,20.000072274903232,1256.818072659705,-0.0,6.7000000000000455,-101.56212
30852000.0,600,modelica,native,True,20.000036127838996,1171.439917492866,-0.0,6.7000000000000455,-101.56212
30855600.0,600,modelica,native,True,19.999865714128248,1168.828591825167,-0.0,3.900000000000034,-101.56212
30859200.0,600,modelica,native,True,19.999776624218043,1359.253808119032,-0.0,-1.099999999999966,-101.56212
30862800.0,600,modelica,native,True,19.999909863937432,1584.990528595712,-0.0,-1.099999999999966,-101.56212
30866400.0,600,modelica,native,True,19.999913010539046,1706.1494660102,-0.0,-2.1999999999999886,-101.56212
30870000.0,600,modelica,native,True,19.99999622030873,1795.801109875043,-0.0,-2.1999999999999886,-27.5176211501955
30873600.0,600,modelica,native,True,20.000563884038,1728.225430059963,-0.0,-1.099999999999966,1404.74722368321
30877200.0,600,modelica,native,True,20.001189763984314,1010.705910698573,-0.0,3.3000000000000114,3685.773694466764
30880800.0,600,modelica,native,True,23.249678108046908,49.80447630617353,-0.0,7.2000000000000455,4193.95210269884
30884400.0,600,modelica,native,True,26.261403849165333,0.0,-0.0,11.100000000000023,3421.339877456406
30888000.0,600,modelica,native,True,27.000465095352126,0.0,446.9914789983961,12.800000000000011,3522.15776494312
30891600.0,600,modelica,native,True,27.000891369090425,0.0,997.5715141126844,15.0,4830.133671358112
30895200.0,600,modelica,native,True,27.000863091963026,0.0,2077.650605768627,15.0,6682.378170012103
30898800.0,600,modelica,native,True,26.99992006674495,0.0,2995.122721867031,14.400000000000034,5114.290324466767
30902400.0,600,modelica,native,True,26.999052687475398,0.0,2822.418169397778,13.300000000000011,2484.3658946867
30906000.0,600,modelica,native,True,26.99871271688221,0.0,1642.684270181656,10.600000000000023,131.5012526860948
30909600.0,600,modelica,native,True,26.057294433012544,0.0,252.0707974942525,6.7000000000000455,-101.56212
30913200.0,600,modelica,native,True,22.753854816456396,0.0,-0.0,5.600000000000023,-101.56212
30916800.0,600,modelica,native,True,20.002613163908734,38.93382724020216,-1.059638129340278e-09,1.7000000000000455,-101.56212
30920400.0,600,modelica,native,True,19.99959876552515,676.5991538731257,-0.0,0.6000000000000227,-101.56212
30924000.0,600,modelica,native,True,19.9998058230143,1143.743586767514,-0.0,1.1000000000000227,-101.56212
30927600.0,600,modelica,native,True,19.999907467710216,1361.912110424042,-0.0,1.1000000000000227,-101.56212
30931200.0,600,modelica,native,True,19.99996955053183,1460.770042467647,-0.0,1.7000000000000455,-101.56212
30934800.0,600,modelica,native,True,19.999914194416647,1524.375362851885,-0.0,0.0,-101.56212
30938400.0,600,modelica,native,True,19.99994146991685,1619.051606763734,-0.0,-0.5999999999999659,-101.56212
30942000.0,600,modelica,native,True,19.999952501677228,1688.496486235725,-0.0,-1.099999999999966,-101.56212
30945600.0,600,modelica,native,True,19.999936073103527,1758.051467803319,-0.0,-2.1999999999999886,-101.56212
30949200.0,600,modelica,native,True,20.00004623784531,1806.932743341658,-0.0,-1.099999999999966,-101.56212
30952800.0,600,modelica,native,True,20.000112403408934,1735.516260180473,-0.0,1.7000000000000455,-101.56212
30956400.0,600,modelica,native,True,20.000124458431344,1613.88732705911,-0.0,2.2000000000000455,58.24081453982265
30960000.0,600,modelica,native,True,20.000336097539844,1428.546400169796,-0.0,3.3000000000000114,737.4881184308888
30963600.0,600,modelica,native,True,20.00074406578591,961.9585628848606,-0.0,5.600000000000023,2250.036353900306
30967200.0,600,modelica,native,True,21.588801379646213,157.5464881224102,-0.0,7.800000000000011,4525.467448743476
30970800.0,600,modelica,native,True,26.989749530856727,0.0,49.38247166633606,11.100000000000023,5481.48531989016
30974400.0,600,modelica,native,True,27.00117525318865,0.0,1199.612053519355,14.400000000000034,6187.782499911442
30978000.0,600,modelica,native,True,27.00110244112011,0.0,2608.857450255288,15.0,7953.958386225857
30981600.0,600,modelica,native,True,26.99997210661661,0.0,3808.974934018453,15.0,6397.44553404307
30985200.0,600,modelica,native,True,26.99859020333605,0.0,3586.431251864963,13.300000000000011,2099.610460662043
30988800.0,600,modelica,native,True,26.998939782559546,0.0,2069.481567266252,13.900000000000034,831.7978372821293
30992400.0,600,modelica,native,True,26.99911852213745,0.0,739.8472655910916,11.100000000000023,32.20157867449217
30996000.0,600,modelica,native,True,24.972346107216936,0.0,14.4724310154385,9.400000000000034,-101.56212
30999600.0,600,modelica,native,True,22.3168209084522,0.0,-0.0,8.300000000000011,-101.56212
31003200.0,600,modelica,native,True,20.01121514299905,3.96921513027615,-0.0,7.2000000000000455,-101.56212
31006800.0,600,modelica,native,True,19.999667397032,396.1384626054764,-0.0,6.100000000000023,-101.56212
31010400.0,600,modelica,native,True,19.99981551113501,779.279360115793,-0.0,5.600000000000023,-101.56212
31014000.0,600,modelica,native,True,19.999818425605838,1023.950282242033,-0.0,3.3000000000000114,-101.56212
31017600.0,600,modelica,native,True,19.99989530337922,1221.202353241709,-0.0,2.8000000000000114,-101.56212
31021200.0,600,modelica,native,True,19.99989708215753,1364.661583942837,-0.0,1.1000000000000227,-101.56212
31024800.0,600,modelica,native,True,19.999954636649534,1477.91070848359,-0.0,1.1000000000000227,-101.56212
31028400.0,600,modelica,native,True,19.9999780660375,1531.019660685327,-0.0,1.1000000000000227,-101.56212
31032000.0,600,modelica,native,True,20.000013620928144,1547.242133553823,-0.0,1.7000000000000455,-101.56212
31035600.0,600,modelica,native,True,20.00000449895674,1537.305079846912,-0.0,1.7000000000000455,-101.56212
31039200.0,600,modelica,native,True,20.000021342694197,1524.922310557365,-0.0,2.2000000000000455,-101.56212
31042800.0,600,modelica,native,True,19.999994496026147,1513.465443871286,-0.0,1.7000000000000455,-90.9393967433418
31046400.0,600,modelica,native,True,20.00044971517974,1485.457275709576,-0.0,2.2000000000000455,1096.140489737955
31050000.0,600,modelica,native,True,20.00137133225013,810.3965298785104,-0.0,3.3000000000000114,4568.156222477441
31053600.0,600,modelica,native,True,25.846858750962213,2.994211124844021,-0.0,7.2000000000000455,7255.239672214383
31057200.0,600,modelica,native,True,27.001625804052708,0.0,1238.944743556976,10.0,8320.046915962233
31060800.0,600,modelica,native,True,27.00094992499595,0.0,3157.425894653532,12.200000000000045,8540.686227129341
31064400.0,600,modelica,native,True,27.000405190250035,0.0,4252.853640011682,13.300000000000011,8266.488358121447
31068000.0,600,modelica,native,True,26.99985440552365,0.0,4681.724614263111,13.300000000000011,7203.705636776954
31071600.0,600,modelica,native,True,26.99934709738733,0.0,4473.256326789856,13.900000000000034,5328.926194459433
31075200.0,600,modelica,native,True,26.998752060763422,0.0,3645.279873125288,13.300000000000011,2625.536399138521
31078800.0,600,modelica,native,True,26.99845353871325,0.0,2076.259963868459,8.300000000000011,190.6902749629425
31082400.0,600,modelica,native,True,26.60862182944794,0.0,396.4477765687307,7.800000000000011,-101.56212
31086000.0,600,modelica,native,True,23.230841861055296,0.0,-4.810757107204861e-07,5.0,-101.56212
31089600.0,600,modelica,native,True,20.178837427914914,0.0,-9.5367431640625e-09,4.400000000000034,-101.56212
31093200.0,600,modelica,native,True,19.999540568869406,446.0521264176899,-0.0,2.2000000000000455,-101.56212
31096800.0,600,modelica,native,True,19.99975542330401,982.9662456141576,-0.0,1.7000000000000455,-101.56212
31100400.0,600,modelica,native,True,19.99984139745135,1278.474442111651,-0.0,0.6000000000000227,-101.56212
31104000.0,600,modelica,native,True,19.999963776476932,1436.452109533946,-0.0,1.7000000000000455,-101.56212
31107600.0,600,modelica,native,True,19.999945499763896,1490.024308465322,-0.0,1.1000000000000227,-101.56212
31111200.0,600,modelica,native,True,19.999940032884695,1561.347522949113,-0.0,0.0,-101.56212
31114800.0,600,modelica,native,True,20.000002346359906,1615.134047942691,-0.0,0.6000000000000227,-101.56212
31118400.0,600,modelica,native,True,19.99999031054614,1618.662345263693,-0.0,0.6000000000000227,-101.56212
31122000.0,600,modelica,native,True,19.99992910921611,1641.344830381076,-0.0,-0.5999999999999659,-101.56212
31125600.0,600,modelica,native,True,19.99985871784793,1740.791332232687,-0.0,-3.2999999999999545,-101.56212
31129200.0,600,modelica,native,True,19.999996034824733,1892.82413459142,-0.0,-4.399999999999977,70.59105826191931
31132800.0,600,modelica,native,True,20.000870240067798,1787.690880066024,-0.0,-2.1999999999999886,2299.664629442684
31136400.0,600,modelica,native,True,20.097387404689698,714.8954167344835,-0.0,1.1000000000000227,5329.465464758094
31140000.0,600,modelica,native,True,26.580850804055103,-1.004272037082248e-05,-0.0,5.0,7281.263824738047
31143600.0,600,modelica,native,True,27.00153812286453,1.059638129340278e-09,1360.081370541255,8.300000000000011,8362.1274562162
31147200.0,600,modelica,native,True,27.000935335408315,0.0,3153.706772293515,10.600000000000023,8674.238644101843
31150800.0,600,modelica,native,True,27.000402272501844,0.0,4240.10105527242,12.200000000000045,8363.459701681131
31154400.0,600,modelica,native,True,26.999837929782302,0.0,4666.672210977343,12.200000000000045,7282.892571979628
31158000.0,600,modelica,native,True,26.999267790157205,0.0,4418.498762381872,11.700000000000045,5334.373468021744
31161600.0,600,modelica,native,True,26.9985693542925,0.0,3469.367408775754,10.0,2285.625793679183
31165200.0,600,modelica,native,True,26.998536514159923,0.0,1754.01945693016,7.2000000000000455,68.03543522917293
31168800.0,600,modelica,native,True,25.72598084848363,0.0,208.6593039904701,5.0,-101.56212
31172400.0,600,modelica,native,True,22.042129874978514,0.0,2.36405266655816e-06,2.8000000000000114,-101.56212
31176000.0,600,modelica,native,True,19.99953540930653,129.1772304397159,7.417466905381944e-09,1.7000000000000455,-101.56212
31179600.0,600,modelica,native,True,19.999626902114642,794.6585697958204,-0.0,0.6000000000000227,-101.56212
31183200.0,600,modelica,native,True,19.99971654289783,1266.348232647578,-0.0,-2.1999999999999886,-101.56212
31186800.0,600,modelica,native,True,19.999847026939847,1590.283524844382,-0.0,-2.7999999999999545,-101.56212
31190400.0,600,modelica,native,True,19.9999040892053,1771.693108916283,-0.0,-3.2999999999999545,-101.56212
31194000.0,600,modelica,native,True,19.99992900486501,1885.960798792309,-0.0,-3.8999999999999773,-101.56212
31197600.0,600,modelica,native,True,19.999949282669547,1968.969952949418,-0.0,-4.399999999999977,-101.56212
31201200.0,600,modelica,native,True,19.9999978816507,2015.140645960702,-0.0,-3.8999999999999773,-101.56212
31204800.0,600,modelica,native,True,19.9999652322345,2027.927976066271,-0.0,-4.399999999999977,-101.56212
31208400.0,600,modelica,native,True,19.999924743648933,2085.374167419539,-0.0,-6.099999999999966,-101.56212
31212000.0,600,modelica,native,True,20.000016714180333,2141.59194024033,-0.0,-5.0,-101.56212
31215600.0,600,modelica,native,True,20.000115746509607,2138.964512119823,-0.0,-5.599999999999966,248.4025702670788
31219200.0,600,modelica,native,True,20.00109124189521,1854.722941176626,-0.0,-3.2999999999999545,2982.982854894993
31222800.0,600,modelica,native,True,20.672741498560242,560.0910556941562,-0.0,1.1000000000000227,5683.717297239423
31226400.0,600,modelica,native,True,26.970913622553837,0.0002669763565063,22.21716767311096,5.0,7348.35477590584
31230000.0,600,modelica,native,True,27.001350570797513,0.0,1555.215413218604,7.2000000000000455,8224.884408506667
31233600.0,600,modelica,native,True,27.000786431017502,0.0,3142.793350608614,10.0,8267.143521355894
31237200.0,600,modelica,native,True,27.000314499504213,0.0,4049.995489650302,10.600000000000023,8056.595198220209
31240800.0,600,modelica,native,True,26.999801710090708,0.0,4356.231928929223,10.600000000000023,6926.129963147621
31244400.0,600,modelica,native,True,26.99930261027862,0.0,4064.465625161065,10.600000000000023,5059.594915565373
31248000.0,600,modelica,native,True,26.998666520719212,0.0,3159.2135778194,8.900000000000034,2302.056316883791
31251600.0,600,modelica,native,True,26.998551812139397,0.0,1555.093431502448,5.600000000000023,122.7941082182379
31255200.0,600,modelica,native,True,24.96892157274135,0.0,129.8908636622959,1.7000000000000455,-101.56212
31258800.0,600,modelica,native,True,20.84423557685085,0.0,7.961061265733506e-06,0.0,-101.56212
31262400.0,600,modelica,native,True,19.999484305406042,364.041571375529,1.8013848198784722e-08,1.1000000000000227,-101.56212
31266000.0,600,modelica,native,True,19.999675388003425,1004.770943186548,-0.0,-0.5999999999999659,-101.56212
31269600.0,600,modelica,native,True,19.999822073025996,1382.711766141786,-0.0,-1.099999999999966,-101.56212
31273200.0,600,modelica,native,True,19.999888296809218,1593.486270657645,-0.0,-1.6999999999999886,-101.56212
31276800.0,600,modelica,native,True,19.99992573272732,1724.260399170452,-0.0,-2.1999999999999886,-101.56212
31280400.0,600,modelica,native,True,19.999920814593736,1822.243237029182,-0.0,-3.2999999999999545,-101.56212
31284000.0,600,modelica,native,True,19.999973494817425,1890.823649724854,-0.0,-2.7999999999999545,-101.56212
31287600.0,600,modelica,native,True,19.999939590246697,1930.946802875731,-0.0,-3.8999999999999773,-101.56212
31291200.0,600,modelica,native,True,19.999938103836712,2005.264668578572,-0.0,-5.0,-101.56212
31294800.0,600,modelica,native,True,19.999977431917046,2070.923378092448,-0.0,-5.0,-101.56212
31298400.0,600,modelica,native,True,19.999987973841314,2099.251600146823,-0.0,-5.0,-101.56212
31302000.0,600,modelica,native,True,20.000058383023713,2095.203298330837,-0.0,-3.8999999999999773,-67.31704529915392
31305600.0,600,modelica,native,True,20.00008219631121,2037.14812385771,-0.0,-3.8999999999999773,88.87798700733296
31309200.0,600,modelica,native,True,20.00044772298304,1838.02488890277,-0.0,1.1000000000000227,708.5901515741414
31312800.0,600,modelica,native,True,20.00077932812644,1284.502201744186,-0.0,3.3000000000000114,2231.805668496265
31316400.0,600,modelica,native,True,20.000249304260137,379.0934231689241,-0.0,4.400000000000034,1999.468628532267
31320000.0,600,modelica,native,True,19.999863315513608,32.57279195043776,-0.0,6.7000000000000455,897.8945543238657
31323600.0,600,modelica,native,True,19.99981673927374,198.3348473665449,-0.0,5.600000000000023,701.6962754150379
31327200.0,600,modelica,native,True,20.000338070748228,385.5324366256926,-0.0,4.400000000000034,2003.619698382865
31330800.0,600,modelica,native,True,21.050028715879023,72.01549652523465,-0.0,5.0,2456.708893299626
31334400.0,600,modelica,native,True,20.981699657948525,0.0,-0.0,4.400000000000034,656.5996784935128
31338000.0,600,modelica,native,True,19.999481024980128,165.9054041968452,-0.0,3.3000000000000114,-82.95127267598974
31341600.0,600,modelica,native,True,19.999733474884806,746.1654599852033,-0.0,3.3000000000000114,-101.56212
31345200.0,600,modelica,native,True,19.99987841667763,1051.932489023739,-0.0,3.900000000000034,-101.56212
31348800.0,600,modelica,native,True,19.999911628641826,1202.777083454132,-0.0,3.3000000000000114,-101.56212
31352400.0,600,modelica,native,True,19.99993631117775,1306.411635732121,-0.0,2.8000000000000114,-101.56212
31356000.0,600,modelica,native,True,19.999889050942045,1412.041992494795,-0.0,0.6000000000000227,-101.56212
31359600.0,600,modelica,native,True,19.999952125770335,1526.33105949084,-0.0,0.6000000000000227,-101.56212
31363200.0,600,modelica,native,True,19.999953164484907,1590.907773797247,-0.0,0.0,-101.56212
31366800.0,600,modelica,native,True,19.99997462078784,1636.852614647018,-0.0,0.0,-101.56212
31370400.0,600,modelica,native,True,19.99996269135073,1670.55968688382,-0.0,-0.5999999999999659,-101.56212
31374000.0,600,modelica,native,True,19.999962928858224,1714.114837918282,-0.0,-1.099999999999966,-101.56212
31377600.0,600,modelica,native,True,19.9999302823897,1769.096192427741,-0.0,-2.1999999999999886,-101.56212
31381200.0,600,modelica,native,True,19.999906270251813,1858.298471271197,-0.0,-3.8999999999999773,-101.56212
31384800.0,600,modelica,native,True,19.999948931364145,1961.057712366846,-0.0,-4.399999999999977,-101.56212
31388400.0,600,modelica,native,True,19.999977388167395,2018.803495997853,-0.0,-4.399999999999977,-98.29518696698544
31392000.0,600,modelica,native,True,20.000011803366647,2041.9716448715,-0.0,-4.399999999999977,-29.2381326410958
31395600.0,600,modelica,native,True,20.000053802668504,2022.913283502261,-0.0,-4.399999999999977,122.0634809094306
31399200.0,600,modelica,native,True,20.00009782856813,1949.964796526167,-0.0,-3.8999999999999773,267.6048343370941
31402800.0,600,modelica,native,True,20.00010045895931,1833.421925177044,-0.0,-3.2999999999999545,371.3537080328854
31406400.0,600,modelica,native,True,20.000027870590827,1732.610149099562,-0.0,-3.8999999999999773,410.2361812124159
31410000.0,600,modelica,native,True,20.00001304151914,1693.455856780476,-0.0,-3.8999999999999773,376.168526675601
31413600.0,600,modelica,native,True,19.999991653625045,1674.651988782353,-0.0,-3.2999999999999545,269.8166097735959
31417200.0,600,modelica,native,True,19.99993166686761,1700.318853990767,-0.0,-3.8999999999999773,141.4419757159689
31420800.0,600,modelica,native,True,19.999923698951704,1783.03859143575,-0.0,-3.8999999999999773,1.132504070570683
31424400.0,600,modelica,native,True,19.999931859799347,1871.337999683486,-0.0,-3.8999999999999773,-98.3845253063836
31428000.0,600,modelica,native,True,19.99996484384235,1946.188810130755,-0.0,-3.8999999999999773,-101.56212
31431600.0,600,modelica,native,True,19.99995962258822,2000.054722034666,-0.0,-4.399999999999977,-101.56212
31435200.0,600,modelica,native,True,19.999976725510635,2036.092054931323,-0.0,-4.399999999999977,-101.56212
31438800.0,600,modelica,native,True,19.99996382479634,2066.296687382062,-0.0,-5.0,-101.56212
31442400.0,600,modelica,native,True,19.99995976641833,2109.826063411501,-0.0,-5.599999999999966,-101.56212
31446000.0,600,modelica,native,True,19.999962088952998,2159.99257619328,-0.0,-6.099999999999966,-101.56212
31449600.0,600,modelica,native,True,19.999958020993745,2206.492923255496,-0.0,-6.699999999999989,-101.56212
31453200.0,600,modelica,native,True,19.99996133933962,2258.126964044041,-0.0,-7.199999999999989,-101.56212
31456800.0,600,modelica,native,True,19.999956073290434,2303.716767004861,-0.0,-7.7999999999999545,-101.56212
31460400.0,600,modelica,native,True,19.99993942457934,2361.215707951652,-0.0,-8.899999999999977,-101.56212
31464000.0,600,modelica,native,True,19.999974040738437,2421.662050631311,-0.0,-8.899999999999977,-101.56212
31467600.0,600,modelica,native,True,19.999970871219205,2459.170849928326,-0.0,-9.399999999999977,-101.56212
31471200.0,600,modelica,native,True,19.999987538050902,2490.345641288757,-0.0,-9.399999999999977,-101.56212
31474800.0,600,modelica,native,True,19.99999922848042,2504.707515369521,-0.0,-9.399999999999977,-83.39775139536408
31478400.0,600,modelica,native,True,20.000193442195837,2496.535909443432,-0.0,-10.0,521.645921125676
31482000.0,600,modelica,native,True,20.000692159137145,2198.263839738104,-0.0,-8.899999999999977,2220.967341711416
31485600.0,600,modelica,native,True,20.001435358004528,1323.190369737413,-0.0,-8.299999999999955,5478.554351811556
31489200.0,600,modelica,native,True,23.767407858325214,105.2940045144823,-0.0,-9.399999999999977,7974.600741263012
31492800.0,600,modelica,native,True,27.00030576260133,0.0,275.8709249432882,-8.299999999999955,5687.402907516982
31496400.0,600,modelica,native,True,27.00037187601015,0.0,610.7325239340464,-8.299999999999955,5615.553106237488
31500000.0,600,modelica,native,True,26.9997833298807,0.0,993.6136852126652,-8.299999999999955,4889.238377520999
31503600.0,600,modelica,native,True,26.9991577838598,0.0,623.766941541036,-9.399999999999977,2332.795044034751
31507200.0,600,modelica,native,True,24.19183897957913,0.0,1.288874910142687,-10.0,1046.228938934384
31510800.0,600,modelica,native,True,20.004223638907433,59.62125654167599,-0.0,-10.599999999999966,-31.9232255099595
31514400.0,600,modelica,native,True,19.999242595036833,1112.007723693318,-0.0,-12.799999999999955,-101.56212
31518000.0,600,modelica,native,True,19.99959856841855,1994.324969174067,-0.0,-13.899999999999977,-101.56212
31521600.0,600,modelica,native,True,19.99981147871165,2445.461413098971,-0.0,-13.299999999999955,-101.56212
31525200.0,600,modelica,native,True,19.99983442375975,2684.808898380068,-0.0,-15.0,-101.56212
31528800.0,600,modelica,native,True,19.999875196436108,2875.684721032778,-0.0,-16.099999999999966,-101.56212
31532400.0,600,modelica,native,True,19.999837009531518,3035.399956782659,-0.0,-18.299999999999983,-101.56212
31536000.0,600,modelica,native,True,19.999816082502946,3232.528636505339,-0.0,-21.049999999999983,-101.56212
