timestamp_s,case,implementation,run_mode,formal_ashrae_result,zone_temperature_C,heating_load_W,cooling_load_W,outdoor_temperature_C,solar_gain_W
3600.0,900,iso13790,native,True,19.999999999999993,1023.3669910762015,0.0,-17.99999999999997,-101.56212000000002
7200.0,900,iso13790,native,True,20.000000000000004,1163.3598259901426,0.0,-16.599999999999966,-101.56212000000002
10800.0,900,iso13790,native,True,19.999999999999996,1285.0676798986983,0.0,-15.299999999999955,-101.56212000000002
14400.0,900,iso13790,native,True,20.000000000000007,1399.540397959226,0.0,-14.399999999999977,-101.56212000000002
18000.0,900,iso13790,native,True,19.999999999999996,1483.6140828098312,0.0,-13.0,-101.56212000000002
21600.0,900,iso13790,native,True,20.000000000000004,1536.1573619491123,0.0,-11.099999999999966,-101.56212000000002
25200.0,900,iso13790,native,True,19.999999999999993,1585.6878455463036,0.0,-9.699999999999989,-101.56212000000002
28800.0,900,iso13790,native,True,19.99999999999999,1599.0217133013819,0.0,-7.699999999999989,-57.02742596714751
32400.0,900,iso13790,native,True,20.0,1566.4585895858788,0.0,-5.899999999999977,322.66295544308934
36000.0,900,iso13790,native,True,20.000000000000004,1455.3430246244404,0.0,-2.1999999999999886,593.7498029594683
39600.0,900,iso13790,native,True,20.0,1325.912138094777,0.0,1.400000000000034,738.4965738932887
43200.0,900,iso13790,native,True,20.0,1225.8296843874743,0.0,2.8000000000000114,998.0008444415523
46800.0,900,iso13790,native,True,20.00000000000001,1077.8881961106142,0.0,4.400000000000034,1497.931691191557
50400.0,900,iso13790,native,True,20.000000000000004,965.434799845558,0.0,3.3000000000000114,2140.6478392666777
54000.0,900,iso13790,native,True,20.0,850.3540834076533,0.0,3.900000000000034,2090.014616016134
57600.0,900,iso13790,native,True,19.999999999999996,780.9011122196156,0.0,2.2000000000000455,2341.201855417254
61200.0,900,iso13790,native,True,20.00000000000001,932.5973517719837,0.0,-0.5999999999999659,743.0979123994086
64800.0,900,iso13790,native,True,19.999999999999993,1077.9405144219947,0.0,-2.1999999999999886,-101.56212000000002
68400.0,900,iso13790,native,True,19.999999999999996,1224.822306596759,0.0,-5.0,-101.56212000000002
72000.0,900,iso13790,native,True,19.999999999999993,1314.8867313275928,0.0,-5.599999999999966,-101.56212000000002
75600.0,900,iso13790,native,True,20.000000000000004,1399.0508725579573,0.0,-6.099999999999966,-101.56212000000002
79200.0,900,iso13790,native,True,19.999999999999993,1465.2507825839496,0.0,-6.099999999999966,-101.56212000000002
82800.0,900,iso13790,native,True,20.000000000000004,1526.1358368233764,0.0,-6.099999999999966,-101.56212000000002
86400.0,900,iso13790,native,True,19.999999999999993,1549.6187726054195,0.0,-5.0,-101.56212000000002
90000.0,900,iso13790,native,True,20.000000000000004,1595.8720423397026,0.0,-5.0,-101.56212000000002
93600.0,900,iso13790,native,True,19.999999999999996,1656.1467613995806,0.0,-5.599999999999966,-101.56212000000002
97200.0,900,iso13790,native,True,20.00000000000001,1680.3988961360499,0.0,-5.0,-101.56212000000002
100800.0,900,iso13790,native,True,20.000000000000004,1766.40134738063,0.0,-6.699999999999989,-101.56212000000002
104400.0,900,iso13790,native,True,20.000000000000004,1774.8809295890057,0.0,-5.599999999999966,-101.56212000000002
108000.0,900,iso13790,native,True,19.999999999999993,1822.1144643357984,0.0,-6.099999999999966,-101.56212000000002
111600.0,900,iso13790,native,True,20.000000000000004,1804.0998835481112,0.0,-4.399999999999977,-101.56212000000002
115200.0,900,iso13790,native,True,19.999999999999986,1771.3055285893581,0.0,-2.7999999999999545,-31.664151044776546
118800.0,900,iso13790,native,True,20.000000000000004,1718.1149443433262,0.0,-1.6999999999999886,258.0306357902953
122400.0,900,iso13790,native,True,19.999999999999996,1554.3681390045726,0.0,2.2000000000000455,613.2309755434064
126000.0,900,iso13790,native,True,20.000000000000007,1413.3100269365577,0.0,5.600000000000023,529.2416363078587
129600.0,900,iso13790,native,True,19.999999999999996,1211.8382210167551,0.0,8.900000000000034,996.6176989003244
133200.0,900,iso13790,native,True,20.000000000000004,1083.218991060402,0.0,9.400000000000034,1206.7276440641504
136800.0,900,iso13790,native,True,19.99999999999999,951.4474021730559,0.0,9.400000000000034,1535.1657782471123
140400.0,900,iso13790,native,True,20.000000000000007,751.2921041937481,0.0,10.0,2273.446501052415
144000.0,900,iso13790,native,True,19.999999999999996,737.7621037730241,0.0,7.800000000000011,1651.3666508208914
147600.0,900,iso13790,native,True,20.000000000000007,781.447634657883,0.0,6.7000000000000455,680.5483164369992
151200.0,900,iso13790,native,True,19.999999999999996,887.236051732128,0.0,5.0,-101.56212000000002
154800.0,900,iso13790,native,True,20.000000000000007,1030.5063242201052,0.0,1.1000000000000227,-101.56212000000002
158400.0,900,iso13790,native,True,20.0,1107.3725951171364,0.0,0.0,-101.56212000000002
162000.0,900,iso13790,native,True,20.000000000000004,1203.660857897593,0.0,-1.6999999999999886,-101.56212000000002
165600.0,900,iso13790,native,True,20.00000000000001,1236.3795311313886,0.0,-1.099999999999966,-101.56212000000002
169200.0,900,iso13790,native,True,20.000000000000004,1229.6710736486334,0.0,0.6000000000000227,-101.56212000000002
172800.0,900,iso13790,native,True,20.000000000000004,1279.340296443192,0.0,0.0,-101.56212000000002
176400.0,900,iso13790,native,True,20.00000000000001,1329.3081771398702,0.0,-0.5999999999999659,-101.56212000000002
180000.0,900,iso13790,native,True,20.00000000000001,1361.8158477084637,0.0,-0.5999999999999659,-101.56212000000002
183600.0,900,iso13790,native,True,20.00000000000001,1406.4927171534723,0.0,-1.099999999999966,-101.56212000000002
187200.0,900,iso13790,native,True,20.00000000000001,1454.1104789280314,0.0,-1.6999999999999886,-101.56212000000002
190800.0,900,iso13790,native,True,20.000000000000004,1484.4567097305255,0.0,-1.6999999999999886,-101.56212000000002
194400.0,900,iso13790,native,True,20.00000000000001,1494.6317049234785,0.0,-1.099999999999966,-101.56212000000002
198000.0,900,iso13790,native,True,20.000000000000004,1517.4383430785256,0.0,-1.099999999999966,-101.56212000000002
201600.0,900,iso13790,native,True,20.000000000000007,1516.91797501992,0.0,-0.5999999999999659,-34.84589128986534
205200.0,900,iso13790,native,True,20.000000000000007,1391.1726097153169,0.0,3.3000000000000114,202.1292434232888
208800.0,900,iso13790,native,True,19.999999999999996,1269.6894819248464,0.0,5.600000000000023,546.9656425053709
212400.0,900,iso13790,native,True,19.999999999999993,1215.049977722801,0.0,6.100000000000023,481.79245360193636
216000.0,900,iso13790,native,True,19.99999999999999,1148.2338876347812,0.0,6.7000000000000455,555.649776406199
219600.0,900,iso13790,native,True,19.99999999999999,1044.8573776080375,0.0,5.600000000000023,1457.8601088072046
223200.0,900,iso13790,native,True,19.999999999999996,903.8822888836922,0.0,4.600000000000023,2319.897788041201
226800.0,900,iso13790,native,True,20.000000000000004,839.6189177272535,0.0,2.3000000000000114,2464.533088965816
230400.0,900,iso13790,native,True,19.999999999999986,925.3962334828756,0.0,-0.2999999999999545,1334.0700636724694
234000.0,900,iso13790,native,True,20.000000000000007,1103.497816128234,0.0,-3.0,114.60811657509522
237600.0,900,iso13790,native,True,20.000000000000004,1262.6656627829557,0.0,-5.7999999999999545,-101.56212000000002
241200.0,900,iso13790,native,True,20.000000000000004,1331.7604468259806,0.0,-5.599999999999966,-101.56212000000002
244800.0,900,iso13790,native,True,20.00000000000001,1447.083848371845,0.0,-7.199999999999989,-101.56212000000002
248400.0,900,iso13790,native,True,20.000000000000018,1564.5787801367867,0.0,-8.799999999999955,-101.56212000000002
252000.0,900,iso13790,native,True,20.0,1669.291825699258,0.0,-9.899999999999977,-101.56212000000002
255600.0,900,iso13790,native,True,20.000000000000004,1785.2795564199596,0.0,-11.399999999999977,-101.56212000000002
259200.0,900,iso13790,native,True,19.99999999999999,1887.892015073088,0.0,-12.399999999999977,-101.56212000000002
262800.0,900,iso13790,native,True,20.00000000000001,1992.3659678184952,0.0,-13.5,-101.56212000000002
266400.0,900,iso13790,native,True,19.999999999999986,2143.6035818715854,0.0,-16.19999999999999,-101.56212000000002
270000.0,900,iso13790,native,True,19.99999999999999,2222.1806549248995,0.0,-16.19999999999999,-101.56212000000002
273600.0,900,iso13790,native,True,19.999999999999993,2250.111946657637,0.0,-14.699999999999989,-101.56212000000002
277200.0,900,iso13790,native,True,20.0,2294.643055663044,0.0,-14.199999999999989,-101.56212000000002
280800.0,900,iso13790,native,True,20.000000000000018,2320.2037700163114,0.0,-13.299999999999955,-101.56212000000002
284400.0,900,iso13790,native,True,20.000000000000014,2319.547930968808,0.0,-11.799999999999955,-101.56212000000002
288000.0,900,iso13790,native,True,19.99999999999999,2267.78749822417,0.0,-9.099999999999966,-52.18129501297083
291600.0,900,iso13790,native,True,19.999999999999993,2173.7597293435565,0.0,-5.899999999999977,90.10327823983063
295200.0,900,iso13790,native,True,20.0,1978.1016492033416,0.0,-0.5,357.9498920028534
298800.0,900,iso13790,native,True,19.999999999999993,1781.2691544602142,0.0,3.3000000000000114,718.332264
302400.0,900,iso13790,native,True,19.999999999999982,1673.0621887781351,0.0,3.8000000000000114,837.001188
306000.0,900,iso13790,native,True,19.999999999999993,1483.803279681395,0.0,8.0,653.60376
309600.0,900,iso13790,native,True,20.000000000000004,1357.4162188035425,0.0,9.600000000000023,572.69313
313200.0,900,iso13790,native,True,20.0,1226.6026974820695,0.0,11.100000000000023,601.2151160107359
316800.0,900,iso13790,native,True,19.99999999999999,1192.768865484419,0.0,10.0,410.4666420307632
320400.0,900,iso13790,native,True,19.999999999999996,1217.9467023941008,0.0,7.2000000000000455,352.8883678260893
324000.0,900,iso13790,native,True,20.000000000000004,1221.8000153399407,0.0,7.2000000000000455,-101.56212000000002
327600.0,900,iso13790,native,True,19.99999999999999,1239.7304077584195,0.0,6.100000000000023,-101.56212000000002
331200.0,900,iso13790,native,True,19.999999999999996,1199.0516341187604,0.0,7.2000000000000455,-101.56212000000002
334800.0,900,iso13790,native,True,20.000000000000004,1218.8083789525394,0.0,6.100000000000023,-101.56212000000002
338400.0,900,iso13790,native,True,19.999999999999993,1227.1023699306731,0.0,5.600000000000023,-101.56212000000002
342000.0,900,iso13790,native,True,19.999999999999993,1241.2582504432771,0.0,5.0,-101.56212000000002
345600.0,900,iso13790,native,True,19.999999999999996,1093.038332616418,0.0,10.0,-101.56212000000002
349200.0,900,iso13790,native,True,19.999999999999986,1216.5801764294717,0.0,5.0,-101.56212000000002
352800.0,900,iso13790,native,True,19.999999999999993,1052.606645988934,0.0,10.600000000000023,-101.56212000000002
356400.0,900,iso13790,native,True,20.000000000000004,1012.5383691288998,0.0,11.100000000000023,-101.56212000000002
360000.0,900,iso13790,native,True,20.0,1037.1429455057605,0.0,9.400000000000034,-101.56212000000002
363600.0,900,iso13790,native,True,19.999999999999993,1021.6679430770282,0.0,9.400000000000034,-101.56212000000002
367200.0,900,iso13790,native,True,19.999999999999993,1007.4353502856086,0.0,9.400000000000034,-101.56212000000002
370800.0,900,iso13790,native,True,20.0,1124.4012825378886,0.0,5.0,-101.56212000000002
374400.0,900,iso13790,native,True,19.999999999999996,980.2826253126419,0.0,10.0,-49.11214375582082
378000.0,900,iso13790,native,True,19.999999999999993,975.0953695310219,0.0,8.900000000000034,142.75048425171974
381600.0,900,iso13790,native,True,19.999999999999996,826.8118560574001,0.0,12.800000000000011,254.32779348523965
385200.0,900,iso13790,native,True,19.999999999999993,770.086416063875,0.0,12.800000000000011,375.6352702447871
388800.0,900,iso13790,native,True,19.999999999999996,658.2975589154062,0.0,15.0,369.9588400227617
392400.0,900,iso13790,native,True,19.999999999999996,513.0447457522259,0.0,14.400000000000034,1455.1807442837076
396000.0,900,iso13790,native,True,19.999999999999996,349.1767848366332,0.0,12.800000000000011,2522.0357976551327
399600.0,900,iso13790,native,True,20.0,288.30554682628457,0.0,10.0,2518.21282073608
403200.0,900,iso13790,native,True,20.000000000000004,212.8503420147597,0.0,8.300000000000011,2585.8290288390713
406800.0,900,iso13790,native,True,19.999999999999996,362.56006229967466,0.0,5.600000000000023,850.5353148963928
410400.0,900,iso13790,native,True,20.000000000000004,466.36888430907317,0.0,5.600000000000023,-101.56212000000002
414000.0,900,iso13790,native,True,20.000000000000007,574.1141724127117,0.0,3.900000000000034,-101.56212000000002
417600.0,900,iso13790,native,True,20.000000000000004,652.839824979194,0.0,3.3000000000000114,-101.56212000000002
421200.0,900,iso13790,native,True,20.000000000000004,759.0894922323397,0.0,1.7000000000000455,-101.56212000000002
424800.0,900,iso13790,native,True,20.000000000000004,871.1949889651344,0.0,0.0,-101.56212000000002
428400.0,900,iso13790,native,True,19.999999999999993,918.4610104767054,0.0,0.6000000000000227,-101.56212000000002
432000.0,900,iso13790,native,True,20.000000000000007,993.115714436396,0.0,0.0,-101.56212000000002
435600.0,900,iso13790,native,True,20.000000000000007,1048.3282281502004,0.0,0.0,-101.56212000000002
439200.0,900,iso13790,native,True,20.000000000000004,1066.5940429808422,0.0,1.1000000000000227,-101.56212000000002
442800.0,900,iso13790,native,True,20.000000000000004,1122.828123253644,0.0,0.6000000000000227,-101.56212000000002
446400.0,900,iso13790,native,True,19.999999999999996,1181.0752258812388,0.0,0.0,-101.56212000000002
450000.0,900,iso13790,native,True,20.000000000000007,1238.93231184555,0.0,-0.5999999999999659,-101.56212000000002
453600.0,900,iso13790,native,True,20.000000000000004,1260.9609130138122,0.0,0.0,-101.56212000000002
457200.0,900,iso13790,native,True,20.000000000000018,1312.4043814013958,0.0,-0.5999999999999659,-101.56212000000002
460800.0,900,iso13790,native,True,20.000000000000004,1341.5898019405404,0.0,-0.5999999999999659,-55.083853079993
464400.0,900,iso13790,native,True,20.000000000000014,1342.6512626840697,0.0,-0.5999999999999659,219.40105403428655
468000.0,900,iso13790,native,True,19.999999999999993,1303.1707742144097,0.0,0.0,553.8386790582905
471600.0,900,iso13790,native,True,19.999999999999993,1313.5880935742605,0.0,0.0,355.7904444270462
475200.0,900,iso13790,native,True,20.000000000000007,1279.0990683184334,0.0,1.1000000000000227,392.1050074766041
478800.0,900,iso13790,native,True,20.000000000000004,1144.3806897194083,0.0,1.7000000000000455,1498.2739322641328
482400.0,900,iso13790,native,True,19.999999999999996,977.1505479191427,0.0,1.1000000000000227,2676.625741585889
486000.0,900,iso13790,native,True,19.999999999999996,750.1544330865771,0.0,1.7000000000000455,3560.742895602849
489600.0,900,iso13790,native,True,20.000000000000004,615.0829236462209,0.0,0.6000000000000227,3635.522571334147
493200.0,900,iso13790,native,True,20.000000000000004,729.1233069319826,0.0,-0.5999999999999659,1405.9472410228275
496800.0,900,iso13790,native,True,19.999999999999996,902.4636161535875,0.0,-1.6999999999999886,-101.56212000000002
500400.0,900,iso13790,native,True,20.000000000000007,1024.391822882261,0.0,-3.2999999999999545,-101.56212000000002
504000.0,900,iso13790,native,True,20.000000000000007,1133.1822181952016,0.0,-4.399999999999977,-101.56212000000002
507600.0,900,iso13790,native,True,19.999999999999986,1258.8315789868964,0.0,-6.099999999999966,-101.56212000000002
511200.0,900,iso13790,native,True,20.000000000000018,1386.5378423920756,0.0,-7.7999999999999545,-101.56212000000002
514800.0,900,iso13790,native,True,20.00000000000001,1465.8870142625208,0.0,-7.7999999999999545,-101.56212000000002
518400.0,900,iso13790,native,True,20.000000000000007,1571.3796081990308,0.0,-8.899999999999977,-101.56212000000002
522000.0,900,iso13790,native,True,20.000000000000018,1643.747075553212,0.0,-8.899999999999977,-101.56212000000002
525600.0,900,iso13790,native,True,19.999999999999996,1692.56963485391,0.0,-8.299999999999955,-101.56212000000002
529200.0,900,iso13790,native,True,19.999999999999996,1818.904765905981,0.0,-10.599999999999966,-101.56212000000002
532800.0,900,iso13790,native,True,20.000000000000004,1930.8373856598316,0.0,-12.199999999999989,-101.56212000000002
536400.0,900,iso13790,native,True,19.999999999999982,2048.1695793943145,0.0,-13.899999999999977,-101.56212000000002
540000.0,900,iso13790,native,True,19.99999999999999,2085.4635976050386,0.0,-12.799999999999955,-101.56212000000002
543600.0,900,iso13790,native,True,20.000000000000007,2144.419127847607,0.0,-12.799999999999955,-101.56212000000002
547200.0,900,iso13790,native,True,20.00000000000001,1900.344586960515,0.0,-2.7999999999999545,-74.59191000000001
550800.0,900,iso13790,native,True,19.999999999999993,1818.1346555956711,0.0,-0.5999999999999659,103.411476
554400.0,900,iso13790,native,True,20.00000000000001,1731.852749605919,0.0,1.1000000000000227,270.62677799999994
558000.0,900,iso13790,native,True,19.99999999999999,1633.9897993388925,0.0,2.8000000000000114,400.0837859999999
561600.0,900,iso13790,native,True,20.000000000000004,1515.7071566630298,0.0,5.0,464.81228999999996
565200.0,900,iso13790,native,True,19.999999999999996,1440.5361414350195,0.0,5.600000000000023,470.2063319999999
568800.0,900,iso13790,native,True,19.999999999999986,1408.7725360055392,0.0,5.0,410.87187
572400.0,900,iso13790,native,True,19.999999999999993,1375.1481072163504,0.0,5.0,297.596988
576000.0,900,iso13790,native,True,20.00000000000001,1373.7316450364522,0.0,4.400000000000034,135.775728
579600.0,900,iso13790,native,True,20.0,1353.7978764635952,0.0,5.0,-53.01574200000001
583200.0,900,iso13790,native,True,19.999999999999982,1328.535044604733,0.0,5.600000000000023,-101.56212000000002
586800.0,900,iso13790,native,True,19.999999999999996,1334.5474089444801,0.0,5.0,-101.56212000000002
590400.0,900,iso13790,native,True,20.000000000000004,1344.36341943619,0.0,4.400000000000034,-101.56212000000002
594000.0,900,iso13790,native,True,20.00000000000001,1404.9707413738859,0.0,2.2000000000000455,-101.56212000000002
597600.0,900,iso13790,native,True,20.00000000000001,1494.163709443408,0.0,-0.5999999999999659,-101.56212000000002
601200.0,900,iso13790,native,True,20.000000000000004,1495.7010732383208,0.0,0.0,-101.56212000000002
604800.0,900,iso13790,native,True,19.999999999999986,1460.314695865687,0.0,1.7000000000000455,-101.56212000000002
608400.0,900,iso13790,native,True,20.000000000000004,1465.873513541783,0.0,1.7000000000000455,-101.56212000000002
612000.0,900,iso13790,native,True,20.000000000000004,1488.7209321743107,0.0,1.1000000000000227,-101.56212000000002
615600.0,900,iso13790,native,True,19.999999999999996,1546.5343611868636,0.0,-0.5999999999999659,-101.56212000000002
619200.0,900,iso13790,native,True,20.000000000000014,1594.1160062087802,0.0,-1.6999999999999886,-101.56212000000002
622800.0,900,iso13790,native,True,19.999999999999996,1660.5149424877534,0.0,-3.2999999999999545,-101.56212000000002
626400.0,900,iso13790,native,True,20.0,1685.7202659349957,0.0,-3.2999999999999545,-101.56212000000002
630000.0,900,iso13790,native,True,19.999999999999996,1741.4159470557113,0.0,-4.399999999999977,-101.56212000000002
633600.0,900,iso13790,native,True,19.999999999999996,1715.0326131422391,0.0,-2.7999999999999545,-45.355680109958264
637200.0,900,iso13790,native,True,20.000000000000007,1564.2751698210648,0.0,2.2000000000000455,121.57472500984616
640800.0,900,iso13790,native,True,19.99999999999999,1448.3212653722715,0.0,5.0,253.35081225288837
644400.0,900,iso13790,native,True,20.000000000000007,1309.7333072428335,0.0,7.2000000000000455,600.3134480974829
648000.0,900,iso13790,native,True,20.00000000000001,1237.6472648514184,0.0,7.800000000000011,501.39470771466404
651600.0,900,iso13790,native,True,19.999999999999993,1003.5353332829487,0.0,10.600000000000023,1440.5536363559513
655200.0,900,iso13790,native,True,19.999999999999996,755.1938675372324,0.0,10.600000000000023,2764.0420789952004
658800.0,900,iso13790,native,True,20.0,554.3213075293622,0.0,7.800000000000011,3837.0048972335617
662400.0,900,iso13790,native,True,19.999999999999996,340.0449426170765,0.0,6.7000000000000455,4255.010405189366
666000.0,900,iso13790,native,True,19.999999999999996,449.4522818112176,0.0,4.400000000000034,1806.8386985242678
669600.0,900,iso13790,native,True,19.999999999999996,705.3245113628913,0.0,0.6000000000000227,-101.56212000000002
673200.0,900,iso13790,native,True,20.000000000000007,814.8257566067283,0.0,-0.5999999999999659,-101.56212000000002
676800.0,900,iso13790,native,True,20.000000000000004,921.1525828472801,0.0,-1.6999999999999886,-101.56212000000002
680400.0,900,iso13790,native,True,20.000000000000004,976.5524159167146,0.0,-1.099999999999966,-101.56212000000002
684000.0,900,iso13790,native,True,20.000000000000007,1073.466984112345,0.0,-2.1999999999999886,-101.56212000000002
687600.0,900,iso13790,native,True,19.999999999999996,1123.1660367564696,0.0,-1.6999999999999886,-101.56212000000002
691200.0,900,iso13790,native,True,19.999999999999993,1212.5960876999945,0.0,-2.7999999999999545,-101.56212000000002
694800.0,900,iso13790,native,True,19.999999999999993,1284.9696676060662,0.0,-3.2999999999999545,-101.56212000000002
698400.0,900,iso13790,native,True,19.999999999999993,1340.3256208130704,0.0,-3.2999999999999545,-101.56212000000002
702000.0,900,iso13790,native,True,20.000000000000004,1391.2373246531586,0.0,-3.2999999999999545,-101.56212000000002
705600.0,900,iso13790,native,True,19.999999999999993,1438.0615854188884,0.0,-3.2999999999999545,-101.56212000000002
709200.0,900,iso13790,native,True,19.999999999999996,1498.8614535296754,0.0,-3.8999999999999773,-101.56212000000002
712800.0,900,iso13790,native,True,19.999999999999986,1523.5965757571412,0.0,-3.2999999999999545,-101.56212000000002
716400.0,900,iso13790,native,True,20.000000000000004,1610.0432378711287,0.0,-5.0,-101.56212000000002
720000.0,900,iso13790,native,True,20.000000000000004,1530.8764047098507,0.0,-1.099999999999966,-48.99744836957972
723600.0,900,iso13790,native,True,19.999999999999996,1475.12705788448,0.0,0.6000000000000227,171.52423298129744
727200.0,900,iso13790,native,True,19.999999999999996,1392.765797957144,0.0,2.8000000000000114,300.2543831649033
730800.0,900,iso13790,native,True,20.00000000000001,1330.3582290822849,0.0,3.900000000000034,385.58461336704585
734400.0,900,iso13790,native,True,20.000000000000018,1315.0573567966796,0.0,3.3000000000000114,422.31502743706596
738000.0,900,iso13790,native,True,19.99999999999999,1186.6809537851607,0.0,3.3000000000000114,1438.6231528489586
741600.0,900,iso13790,native,True,20.000000000000004,975.9275323248567,0.0,3.900000000000034,2585.7202855814107
745200.0,900,iso13790,native,True,20.000000000000007,741.4486653976724,0.0,4.400000000000034,3430.702248259362
748800.0,900,iso13790,native,True,20.000000000000004,581.0550341534911,0.0,3.900000000000034,3474.718198584041
752400.0,900,iso13790,native,True,20.0,672.383440055896,0.0,2.8000000000000114,1331.441549125496
756000.0,900,iso13790,native,True,20.0,840.7527394769179,0.0,1.1000000000000227,-101.56212000000002
759600.0,900,iso13790,native,True,20.000000000000004,932.8533654886081,0.0,0.0,-101.56212000000002
763200.0,900,iso13790,native,True,19.999999999999993,975.169147957142,0.0,0.6000000000000227,-101.56212000000002
766800.0,900,iso13790,native,True,20.000000000000004,1095.5198983628554,0.0,-1.6999999999999886,-101.56212000000002
770400.0,900,iso13790,native,True,20.000000000000004,1154.655552313772,0.0,-1.6999999999999886,-101.56212000000002
774000.0,900,iso13790,native,True,19.999999999999996,1241.5574693986528,0.0,-2.7999999999999545,-101.56212000000002
777600.0,900,iso13790,native,True,20.000000000000004,1344.1198520678622,0.0,-4.399999999999977,-101.56212000000002
781200.0,900,iso13790,native,True,20.00000000000001,1402.5852417914664,0.0,-4.399999999999977,-101.56212000000002
784800.0,900,iso13790,native,True,19.999999999999993,1474.0916315233446,0.0,-5.0,-101.56212000000002
788400.0,900,iso13790,native,True,19.999999999999986,1526.4085932273774,0.0,-5.0,-101.56212000000002
792000.0,900,iso13790,native,True,20.00000000000002,1592.2601811126872,0.0,-5.599999999999966,-101.56212000000002
795600.0,900,iso13790,native,True,20.000000000000004,1654.1554116443453,0.0,-6.099999999999966,-101.56212000000002
799200.0,900,iso13790,native,True,19.999999999999993,1717.6091594234708,0.0,-6.699999999999989,-101.56212000000002
802800.0,900,iso13790,native,True,20.000000000000004,1730.0060195012823,0.0,-5.599999999999966,-101.56212000000002
806400.0,900,iso13790,native,True,19.999999999999996,1742.4323198404315,0.0,-5.0,-42.999088546124234
810000.0,900,iso13790,native,True,20.0,1655.7455866231737,0.0,-1.6999999999999886,119.47869790947023
813600.0,900,iso13790,native,True,19.999999999999993,1545.8465178938718,0.0,1.7000000000000455,220.01936283350017
817200.0,900,iso13790,native,True,20.000000000000004,1438.3342973834265,0.0,4.400000000000034,288.04016657563415
820800.0,900,iso13790,native,True,19.999999999999993,1349.9469434701446,0.0,6.100000000000023,312.76836254969123
824400.0,900,iso13790,native,True,20.000000000000004,1166.497411004965,0.0,7.2000000000000455,1392.7882400053177
828000.0,900,iso13790,native,True,20.000000000000007,934.9730309292855,0.0,7.2000000000000455,2689.383897164497
831600.0,900,iso13790,native,True,19.999999999999993,681.9391604075256,0.0,6.7000000000000455,3748.160673412533
835200.0,900,iso13790,native,True,19.999999999999996,456.81569866029577,0.0,6.100000000000023,4157.041677569736
838800.0,900,iso13790,native,True,20.000000000000004,513.2557742498243,0.0,3.3000000000000114,2390.377287135955
842400.0,900,iso13790,native,True,19.999999999999996,762.6265876561725,0.0,0.6000000000000227,-101.56212000000002
846000.0,900,iso13790,native,True,20.000000000000004,882.3064144071764,0.0,-1.099999999999966,-101.56212000000002
849600.0,900,iso13790,native,True,20.00000000000001,986.7875171537934,0.0,-2.1999999999999886,-101.56212000000002
853200.0,900,iso13790,native,True,20.00000000000001,1025.7107352799824,0.0,-1.099999999999966,-101.56212000000002
856800.0,900,iso13790,native,True,20.000000000000004,1151.1925963156093,0.0,-3.2999999999999545,-101.56212000000002
860400.0,900,iso13790,native,True,20.000000000000007,1249.8027991757374,0.0,-4.399999999999977,-101.56212000000002
864000.0,900,iso13790,native,True,20.0,1333.5753181048258,0.0,-5.0,-101.56212000000002
867600.0,900,iso13790,native,True,20.00000000000001,1414.908513861283,0.0,-5.599999999999966,-101.56212000000002
871200.0,900,iso13790,native,True,20.0,1491.0424123092398,0.0,-6.099999999999966,-101.56212000000002
874800.0,900,iso13790,native,True,20.000000000000018,1549.8567871106366,0.0,-6.099999999999966,-101.56212000000002
878400.0,900,iso13790,native,True,20.0,1589.1701781270585,0.0,-5.599999999999966,-101.56212000000002
882000.0,900,iso13790,native,True,20.00000000000001,1618.7995238148837,0.0,-5.0,-101.56212000000002
885600.0,900,iso13790,native,True,20.00000000000001,1626.9846555605252,0.0,-3.8999999999999773,-101.56212000000002
889200.0,900,iso13790,native,True,19.999999999999993,1659.1683045334632,0.0,-3.8999999999999773,-101.56212000000002
892800.0,900,iso13790,native,True,20.000000000000007,1663.7653891449231,0.0,-3.2999999999999545,-29.37392457072626
896400.0,900,iso13790,native,True,20.000000000000004,1610.6438544233624,0.0,-1.6999999999999886,232.69300026842595
900000.0,900,iso13790,native,True,19.999999999999993,1504.8043849276949,0.0,1.1000000000000227,436.67173262277913
903600.0,900,iso13790,native,True,20.00000000000001,1285.9588530348763,0.0,7.2000000000000455,556.8064684566591
907200.0,900,iso13790,native,True,20.000000000000004,1197.1783508784604,0.0,7.800000000000011,668.9351106757373
910800.0,900,iso13790,native,True,19.999999999999993,955.5434078197834,0.0,10.600000000000023,1613.9275500012627
914400.0,900,iso13790,native,True,20.000000000000007,713.6250907052413,0.0,11.700000000000045,2484.25697288527
918000.0,900,iso13790,native,True,20.000000000000004,641.0267215968493,0.0,12.200000000000045,1438.3105742510954
921600.0,900,iso13790,native,True,20.000000000000004,662.5557152978752,0.0,10.0,904.0823084545312
925200.0,900,iso13790,native,True,20.000000000000004,706.0560798883387,0.0,8.300000000000011,466.3326114780099
928800.0,900,iso13790,native,True,20.000000000000007,762.4524346945512,0.0,7.800000000000011,-101.56212000000002
932400.0,900,iso13790,native,True,19.999999999999996,798.1960962308741,0.0,7.2000000000000455,-101.56212000000002
936000.0,900,iso13790,native,True,20.0,864.9145790131951,0.0,5.600000000000023,-101.56212000000002
939600.0,900,iso13790,native,True,20.00000000000001,925.8835747890863,0.0,4.400000000000034,-101.56212000000002
943200.0,900,iso13790,native,True,20.000000000000007,904.8117388920346,0.0,6.100000000000023,-101.56212000000002
946800.0,900,iso13790,native,True,19.999999999999996,973.7847117899125,0.0,4.400000000000034,-101.56212000000002
950400.0,900,iso13790,native,True,20.000000000000004,1013.8950670903712,0.0,3.900000000000034,-101.56212000000002
954000.0,900,iso13790,native,True,19.999999999999996,1072.0920122820276,0.0,2.8000000000000114,-101.56212000000002
957600.0,900,iso13790,native,True,20.00000000000001,1183.723780593476,0.0,0.0,-101.56212000000002
961200.0,900,iso13790,native,True,20.000000000000007,1256.1473027511158,0.0,-1.099999999999966,-101.56212000000002
964800.0,900,iso13790,native,True,19.999999999999993,1363.1285778557335,0.0,-3.2999999999999545,-101.56212000000002
968400.0,900,iso13790,native,True,19.999999999999993,1462.458403509823,0.0,-5.0,-101.56212000000002
972000.0,900,iso13790,native,True,19.999999999999993,1533.4442285223215,0.0,-5.599999999999966,-101.56212000000002
975600.0,900,iso13790,native,True,20.0,1600.0614942628683,0.0,-6.099999999999966,-101.56212000000002
979200.0,900,iso13790,native,True,20.000000000000007,1597.702162824879,0.0,-4.399999999999977,-79.98595200000001
982800.0,900,iso13790,native,True,20.00000000000001,1503.7119196880633,0.0,-0.5999999999999659,103.411476
986400.0,900,iso13790,native,True,20.00000000000001,1406.358003606502,0.0,2.2000000000000455,308.385072
990000.0,900,iso13790,native,True,19.999999999999993,1257.2735641157014,0.0,6.100000000000023,459.41824799999995
993600.0,900,iso13790,native,True,20.00000000000001,1165.5218308663345,0.0,7.800000000000011,437.84207999999995
997200.0,900,iso13790,native,True,20.000000000000007,1106.4325027569744,0.0,7.800000000000011,556.5110040000001
1000800.0,900,iso13790,native,True,19.999999999999993,1041.141778027786,0.0,8.900000000000034,389.295702
1004400.0,900,iso13790,native,True,19.999999999999996,1021.1579535829248,0.0,8.300000000000011,346.143366
1008000.0,900,iso13790,native,True,20.00000000000001,1007.1590286145138,0.0,8.300000000000011,151.957854
1011600.0,900,iso13790,native,True,20.000000000000007,1120.8222246826595,0.0,4.400000000000034,-36.83361600000002
1015200.0,900,iso13790,native,True,20.000000000000007,1201.9584857963732,0.0,2.2000000000000455,-101.56212000000002
1018800.0,900,iso13790,native,True,20.0,1224.687459176236,0.0,2.2000000000000455,-101.56212000000002
1022400.0,900,iso13790,native,True,20.000000000000007,1245.5916382981754,0.0,2.2000000000000455,-101.56212000000002
1026000.0,900,iso13790,native,True,19.999999999999993,1362.3594233011256,0.0,-1.099999999999966,-101.56212000000002
1029600.0,900,iso13790,native,True,20.000000000000004,1428.2994991614862,0.0,-2.1999999999999886,-101.56212000000002
1033200.0,900,iso13790,native,True,20.000000000000004,1449.5108447206487,0.0,-1.6999999999999886,-101.56212000000002
1036800.0,900,iso13790,native,True,20.00000000000001,1480.2263568782646,0.0,-1.6999999999999886,-101.56212000000002
1040400.0,900,iso13790,native,True,19.999999999999986,1440.4921298491495,0.0,0.6000000000000227,-101.56212000000002
1044000.0,900,iso13790,native,True,19.999999999999996,1375.6937002109096,0.0,3.3000000000000114,-101.56212000000002
1047600.0,900,iso13790,native,True,20.000000000000004,1391.395122110172,0.0,2.8000000000000114,-101.56212000000002
1051200.0,900,iso13790,native,True,20.0,1394.6288381003117,0.0,2.8000000000000114,-101.56212000000002
1054800.0,900,iso13790,native,True,20.000000000000007,1382.823860148304,0.0,3.3000000000000114,-101.56212000000002
1058400.0,900,iso13790,native,True,20.000000000000004,1397.9528375867246,0.0,2.8000000000000114,-101.56212000000002
1062000.0,900,iso13790,native,True,20.000000000000004,1418.394958083596,0.0,2.2000000000000455,-101.56212000000002
1065600.0,900,iso13790,native,True,20.0,1385.2647224610657,0.0,3.3000000000000114,-42.27792280542337
1069200.0,900,iso13790,native,True,19.999999999999986,1298.3191325914463,0.0,5.600000000000023,111.7954981115083
1072800.0,900,iso13790,native,True,20.00000000000001,1201.388039611168,0.0,7.800000000000011,207.51144036661015
1076400.0,900,iso13790,native,True,19.999999999999993,1111.752217966263,0.0,9.400000000000034,270.31637082511645
1080000.0,900,iso13790,native,True,19.999999999999993,1065.1945262585416,0.0,9.400000000000034,295.011506138129
1083600.0,900,iso13790,native,True,20.000000000000007,892.0872050362356,0.0,10.0,1422.7347701920044
1087200.0,900,iso13790,native,True,19.999999999999996,684.4198335841343,0.0,9.400000000000034,2660.5839817764904
1090800.0,900,iso13790,native,True,20.000000000000004,443.93813986308646,0.0,9.400000000000034,3508.9738582428017
1094400.0,900,iso13790,native,True,20.000000000000004,235.40064958883,0.0,9.400000000000034,3719.586295232209
1098000.0,900,iso13790,native,True,19.999999999999996,248.12527593882206,0.0,8.300000000000011,2094.568497012857
1101600.0,900,iso13790,native,True,20.000000000000004,423.9699814209084,0.0,7.2000000000000455,-101.56212000000002
1105200.0,900,iso13790,native,True,20.000000000000004,488.21921972883115,0.0,6.7000000000000455,-101.56212000000002
1108800.0,900,iso13790,native,True,19.999999999999996,536.1030936132412,0.0,6.7000000000000455,-101.56212000000002
1112400.0,900,iso13790,native,True,20.0,597.8775038673359,0.0,6.100000000000023,-101.56212000000002
1116000.0,900,iso13790,native,True,20.000000000000004,724.0066388725587,0.0,3.3000000000000114,-101.56212000000002
1119600.0,900,iso13790,native,True,19.999999999999996,824.5426827614992,0.0,1.7000000000000455,-101.56212000000002
1123200.0,900,iso13790,native,True,19.999999999999993,848.6304526443756,0.0,2.8000000000000114,-101.56212000000002
1126800.0,900,iso13790,native,True,19.999999999999996,812.6771760170005,0.0,5.600000000000023,-101.56212000000002
1130400.0,900,iso13790,native,True,19.999999999999996,809.8563023997178,0.0,6.7000000000000455,-101.56212000000002
1134000.0,900,iso13790,native,True,20.00000000000001,817.1384872381888,0.0,7.2000000000000455,-101.56212000000002
1137600.0,900,iso13790,native,True,19.999999999999996,849.8222157528342,0.0,6.7000000000000455,-101.56212000000002
1141200.0,900,iso13790,native,True,19.999999999999993,868.6748148952685,0.0,6.7000000000000455,-101.56212000000002
1144800.0,900,iso13790,native,True,20.000000000000007,886.0138342518035,0.0,6.7000000000000455,-101.56212000000002
1148400.0,900,iso13790,native,True,20.0,901.9607914843167,0.0,6.7000000000000455,-101.56212000000002
1152000.0,900,iso13790,native,True,20.000000000000004,909.745858629991,0.0,6.7000000000000455,-33.210110980393694
1155600.0,900,iso13790,native,True,20.000000000000007,838.3763890635032,0.0,8.300000000000011,304.1300282241667
1159200.0,900,iso13790,native,True,19.999999999999993,734.7852756139989,0.0,10.0,671.8502266286079
1162800.0,900,iso13790,native,True,20.000000000000004,634.3190389957099,0.0,12.200000000000045,601.6878878680594
1166400.0,900,iso13790,native,True,20.0,567.9657477206674,0.0,12.800000000000011,628.8109384263133
1170000.0,900,iso13790,native,True,20.000000000000004,480.87305911790514,0.0,13.300000000000011,885.2499765257626
1173600.0,900,iso13790,native,True,20.000000000000004,377.64694590611623,0.0,13.300000000000011,1327.8644826515836
1177200.0,900,iso13790,native,True,20.0,273.45824843542476,0.0,12.800000000000011,1741.9001406637592
1180800.0,900,iso13790,native,True,20.000000000000004,325.23881334986027,0.0,12.200000000000045,504.6839329773477
1184400.0,900,iso13790,native,True,19.999999999999993,417.3723806343515,0.0,10.0,84.71428280365367
1188000.0,900,iso13790,native,True,19.999999999999996,487.31359567939245,0.0,8.900000000000034,-101.56212000000002
1191600.0,900,iso13790,native,True,20.000000000000007,569.8024223596153,0.0,7.2000000000000455,-101.56212000000002
1195200.0,900,iso13790,native,True,19.999999999999996,654.8574774834028,0.0,5.600000000000023,-101.56212000000002
1198800.0,900,iso13790,native,True,19.999999999999996,779.9839357915555,0.0,2.8000000000000114,-101.56212000000002
1202400.0,900,iso13790,native,True,19.999999999999986,882.5536178713751,0.0,1.1000000000000227,-101.56212000000002
1206000.0,900,iso13790,native,True,19.999999999999993,953.5633725819738,0.0,0.6000000000000227,-101.56212000000002
1209600.0,900,iso13790,native,True,20.000000000000004,1057.9138510629687,0.0,-1.099999999999966,-101.56212000000002
1213200.0,900,iso13790,native,True,20.0,1115.7823557942245,0.0,-1.099999999999966,-101.56212000000002
1216800.0,900,iso13790,native,True,20.000000000000004,1186.739781409399,0.0,-1.6999999999999886,-101.56212000000002
1220400.0,900,iso13790,native,True,20.000000000000007,1238.5518525477469,0.0,-1.6999999999999886,-101.56212000000002
1224000.0,900,iso13790,native,True,20.000000000000004,1300.9832699262415,0.0,-2.1999999999999886,-101.56212000000002
1227600.0,900,iso13790,native,True,20.000000000000007,1332.4161912762063,0.0,-1.6999999999999886,-101.56212000000002
1231200.0,900,iso13790,native,True,19.999999999999996,1354.7977503297768,0.0,-1.099999999999966,-101.56212000000002
1234800.0,900,iso13790,native,True,19.999999999999986,1439.0798049474274,0.0,-2.7999999999999545,-101.56212000000002
1238400.0,900,iso13790,native,True,20.000000000000007,1454.5991244504519,0.0,-2.1999999999999886,-40.40653397626303
1242000.0,900,iso13790,native,True,19.999999999999993,1305.2348321963539,0.0,3.3000000000000114,128.0083426233108
1245600.0,900,iso13790,native,True,20.00000000000001,1172.3446269372328,0.0,7.2000000000000455,229.68837764683855
1249200.0,900,iso13790,native,True,19.999999999999993,1051.9074620889337,0.0,10.0,298.46804289437046
1252800.0,900,iso13790,native,True,20.000000000000004,938.5223988632783,0.0,12.200000000000045,329.1862053803494
1256400.0,900,iso13790,native,True,19.999999999999993,776.743513129213,0.0,12.800000000000011,1226.0859708930545
1260000.0,900,iso13790,native,True,20.000000000000004,527.3753783236277,0.0,13.300000000000011,2567.2186117215774
1263600.0,900,iso13790,native,True,19.999999999999996,267.9030015852285,0.0,12.800000000000011,3655.9022685636282
1267200.0,900,iso13790,native,True,19.999999999999996,81.70131535048675,0.0,10.600000000000023,4100.963986471631
1270800.0,900,iso13790,native,True,20.000000000000004,64.35644589702038,0.0,8.900000000000034,2757.908204340747
1274400.0,900,iso13790,native,True,20.000000000000004,277.1285534159873,0.0,7.800000000000011,-101.56212000000002
1278000.0,900,iso13790,native,True,20.000000000000004,434.59923490344323,0.0,4.400000000000034,-101.56212000000002
1281600.0,900,iso13790,native,True,19.999999999999996,517.9980637190222,0.0,3.900000000000034,-101.56212000000002
1285200.0,900,iso13790,native,True,20.000000000000004,633.7429602371692,0.0,2.2000000000000455,-101.56212000000002
1288800.0,900,iso13790,native,True,20.000000000000007,702.0910828402066,0.0,2.2000000000000455,-101.56212000000002
1292400.0,900,iso13790,native,True,20.000000000000007,847.7147019325502,0.0,-0.5999999999999659,-101.56212000000002
1296000.0,900,iso13790,native,True,20.0,901.152185333992,0.0,0.0,-101.56212000000002
1299600.0,900,iso13790,native,True,19.999999999999993,880.9851640459924,0.0,2.8000000000000114,-101.56212000000002
1303200.0,900,iso13790,native,True,20.000000000000018,910.4180375081376,0.0,3.3000000000000114,-101.56212000000002
1306800.0,900,iso13790,native,True,20.000000000000004,848.1973010048646,0.0,6.7000000000000455,-101.56212000000002
1310400.0,900,iso13790,native,True,20.000000000000004,1047.4850743649854,0.0,0.6000000000000227,-101.56212000000002
1314000.0,900,iso13790,native,True,20.000000000000004,1144.2950546789916,0.0,-1.099999999999966,-101.56212000000002
1317600.0,900,iso13790,native,True,19.999999999999996,1195.2284496841285,0.0,-1.099999999999966,-101.56212000000002
1321200.0,900,iso13790,native,True,19.999999999999986,1242.0726601410327,0.0,-1.099999999999966,-101.56212000000002
1324800.0,900,iso13790,native,True,19.999999999999996,1246.448229218157,0.0,0.0,-40.04173027627804
1328400.0,900,iso13790,native,True,20.000000000000004,1242.6218927878044,0.0,0.0,307.2041344188199
1332000.0,900,iso13790,native,True,20.0,1221.819125867183,0.0,-1.099999999999966,939.4020107393144
1335600.0,900,iso13790,native,True,19.999999999999996,1181.7822772944342,0.0,0.0,829.6694672934672
1339200.0,900,iso13790,native,True,20.000000000000004,1111.0299056169888,0.0,1.1000000000000227,1045.1516949445102
1342800.0,900,iso13790,native,True,20.000000000000004,983.6294543688309,0.0,2.2000000000000455,1671.5551585206224
1346400.0,900,iso13790,native,True,19.999999999999996,871.0112018514418,0.0,2.2000000000000455,2119.3991045955418
1350000.0,900,iso13790,native,True,19.999999999999993,753.0541797256768,0.0,1.7000000000000455,2586.4631651335512
1353600.0,900,iso13790,native,True,20.000000000000004,640.1739719875488,0.0,1.7000000000000455,2703.83563201966
1357200.0,900,iso13790,native,True,19.999999999999996,730.6284539882884,0.0,1.7000000000000455,820.7133576558444
1360800.0,900,iso13790,native,True,20.000000000000007,881.8074835826128,0.0,0.0,-101.56212000000002
1364400.0,900,iso13790,native,True,19.999999999999996,928.2214816034339,0.0,0.6000000000000227,-101.56212000000002
1368000.0,900,iso13790,native,True,19.999999999999993,969.5786011796672,0.0,1.1000000000000227,-101.56212000000002
1371600.0,900,iso13790,native,True,20.000000000000004,1069.0713409474197,0.0,-0.5999999999999659,-101.56212000000002
1375200.0,900,iso13790,native,True,20.000000000000007,1137.2511854740274,0.0,-1.099999999999966,-101.56212000000002
1378800.0,900,iso13790,native,True,19.999999999999996,1206.4849873922847,0.0,-1.6999999999999886,-101.56212000000002
1382400.0,900,iso13790,native,True,20.000000000000004,1271.4908911071163,0.0,-2.1999999999999886,-101.56212000000002
1386000.0,900,iso13790,native,True,20.000000000000018,1320.0706815618485,0.0,-2.1999999999999886,-101.56212000000002
1389600.0,900,iso13790,native,True,19.999999999999993,1349.9711712190415,0.0,-1.6999999999999886,-101.56212000000002
1393200.0,900,iso13790,native,True,20.000000000000004,1388.6782200644789,0.0,-1.6999999999999886,-101.56212000000002
1396800.0,900,iso13790,native,True,19.999999999999986,1323.7799641345448,0.0,1.7000000000000455,-101.56212000000002
1400400.0,900,iso13790,native,True,20.000000000000007,1408.284210663101,0.0,-0.5999999999999659,-101.56212000000002
1404000.0,900,iso13790,native,True,20.00000000000001,1434.4512951401691,0.0,-0.5999999999999659,-101.56212000000002
1407600.0,900,iso13790,native,True,20.000000000000007,1440.78266651855,0.0,0.0,-101.56212000000002
1411200.0,900,iso13790,native,True,20.000000000000004,1604.043563506514,0.0,-5.0,-63.80382600000001
1414800.0,900,iso13790,native,True,19.999999999999996,1536.4312774201915,0.0,-2.1999999999999886,178.92806399999995
1418400.0,900,iso13790,native,True,19.999999999999986,1449.7665982215008,0.0,0.0,495.72680147148975
1422000.0,900,iso13790,native,True,20.000000000000004,1386.8882055184931,0.0,0.0,943.8817972175631
1425600.0,900,iso13790,native,True,19.999999999999996,1413.6077243807,0.0,-1.099999999999966,604.5909225499839
1429200.0,900,iso13790,native,True,20.000000000000004,1354.793760529619,0.0,-2.1999999999999886,1376.4791104795474
1432800.0,900,iso13790,native,True,19.999999999999996,1239.209660043709,0.0,-2.7999999999999545,2224.3349522526673
1436400.0,900,iso13790,native,True,19.999999999999993,1102.1013177997231,0.0,-4.399999999999977,3202.381482530672
1440000.0,900,iso13790,native,True,19.999999999999996,1167.7447658741844,0.0,-5.599999999999966,1681.4648602257416
1443600.0,900,iso13790,native,True,20.000000000000007,1296.2775952131915,0.0,-6.699999999999989,457.66697651927484
1447200.0,900,iso13790,native,True,19.999999999999996,1444.6150657838296,0.0,-8.299999999999955,-101.56212000000002
1450800.0,900,iso13790,native,True,20.000000000000004,1555.3874338724077,0.0,-9.399999999999977,-101.56212000000002
1454400.0,900,iso13790,native,True,20.000000000000014,1632.6107890290675,0.0,-9.399999999999977,-101.56212000000002
1458000.0,900,iso13790,native,True,20.000000000000004,1721.3691620697539,0.0,-10.0,-101.56212000000002
1461600.0,900,iso13790,native,True,19.999999999999996,1807.2879229409514,0.0,-10.599999999999966,-101.56212000000002
1465200.0,900,iso13790,native,True,20.0,1887.6392346847936,0.0,-11.099999999999966,-101.56212000000002
1468800.0,900,iso13790,native,True,20.000000000000007,1968.0673183083234,0.0,-11.699999999999989,-101.56212000000002
1472400.0,900,iso13790,native,True,20.0,2028.5896962476188,0.0,-11.699999999999989,-101.56212000000002
1476000.0,900,iso13790,native,True,19.999999999999993,2084.2530387217407,0.0,-11.699999999999989,-101.56212000000002
1479600.0,900,iso13790,native,True,19.99999999999998,2135.4474531001565,0.0,-11.699999999999989,-101.56212000000002
1483200.0,900,iso13790,native,True,20.000000000000007,2197.310802254476,0.0,-12.199999999999989,-101.56212000000002
1486800.0,900,iso13790,native,True,19.99999999999999,2228.221262703393,0.0,-11.699999999999989,-101.56212000000002
1490400.0,900,iso13790,native,True,19.999999999999993,2267.8571968964097,0.0,-11.699999999999989,-101.56212000000002
1494000.0,900,iso13790,native,True,19.999999999999982,2304.3109625015954,0.0,-11.699999999999989,-101.56212000000002
1497600.0,900,iso13790,native,True,20.000000000000004,2262.919694153418,0.0,-9.399999999999977,-32.68358588668143
1501200.0,900,iso13790,native,True,19.999999999999996,2231.641909325497,0.0,-8.299999999999955,116.26432468572261
1504800.0,900,iso13790,native,True,19.999999999999982,2093.7038762048082,0.0,-3.8999999999999773,212.73507573684884
1508400.0,900,iso13790,native,True,19.999999999999993,1915.116127033015,0.0,1.1000000000000227,276.3439894339639
1512000.0,900,iso13790,native,True,20.000000000000004,1780.1843605263932,0.0,3.900000000000034,301.4493383572802
1515600.0,900,iso13790,native,True,20.0,1531.6173854274546,0.0,7.2000000000000455,1202.2119724129209
1519200.0,900,iso13790,native,True,20.000000000000004,1092.2492973066787,0.0,13.300000000000011,2596.2507680485446
1522800.0,900,iso13790,native,True,20.000000000000004,774.0075478974372,0.0,12.800000000000011,3800.6853093443415
1526400.0,900,iso13790,native,True,19.999999999999996,482.72951649096467,0.0,11.700000000000045,4475.472702115334
1530000.0,900,iso13790,native,True,20.0,317.0842223366175,0.0,11.700000000000045,3482.3463691778306
1533600.0,900,iso13790,native,True,20.000000000000004,536.1950567474269,0.0,10.0,-101.56212000000002
1537200.0,900,iso13790,native,True,20.000000000000004,524.1383113676062,0.0,11.100000000000023,-101.56212000000002
1540800.0,900,iso13790,native,True,20.000000000000004,552.4842763488977,0.0,10.600000000000023,-101.56212000000002
1544400.0,900,iso13790,native,True,20.000000000000004,552.5682937930391,0.0,11.100000000000023,-101.56212000000002
1548000.0,900,iso13790,native,True,20.000000000000004,578.6317593487805,0.0,10.600000000000023,-101.56212000000002
1551600.0,900,iso13790,native,True,20.000000000000004,591.3956029449604,0.0,10.600000000000023,-101.56212000000002
1555200.0,900,iso13790,native,True,20.000000000000004,638.6044827243627,0.0,9.400000000000034,-101.56212000000002
1558800.0,900,iso13790,native,True,20.000000000000004,604.8772609142817,0.0,11.100000000000023,-101.56212000000002
1562400.0,900,iso13790,native,True,19.999999999999996,626.7411041973551,0.0,10.600000000000023,-101.56212000000002
1566000.0,900,iso13790,native,True,19.999999999999993,685.8913477877581,0.0,8.900000000000034,-101.56212000000002
1569600.0,900,iso13790,native,True,20.000000000000004,734.7024813097099,0.0,7.800000000000011,-101.56212000000002
1573200.0,900,iso13790,native,True,20.000000000000007,855.4368675741986,0.0,4.400000000000034,-101.56212000000002
1576800.0,900,iso13790,native,True,20.0,807.5068757727604,0.0,7.2000000000000455,-101.56212000000002
1580400.0,900,iso13790,native,True,20.000000000000004,725.6870906929563,0.0,10.600000000000023,-101.56212000000002
1584000.0,900,iso13790,native,True,19.999999999999993,754.8693531404771,0.0,9.400000000000034,-29.600173212463453
1587600.0,900,iso13790,native,True,20.000000000000004,655.235382542791,0.0,12.200000000000045,165.9120732153282
1591200.0,900,iso13790,native,True,19.999999999999993,607.3744688201997,0.0,12.800000000000011,255.79990351542654
1594800.0,900,iso13790,native,True,20.000000000000004,507.324222390575,0.0,15.0,335.6378577848958
1598400.0,900,iso13790,native,True,20.0,466.4592943776535,0.0,15.0,348.97908053459776
1602000.0,900,iso13790,native,True,19.999999999999996,330.98073790725664,0.0,15.600000000000023,1150.457092502435
1605600.0,900,iso13790,native,True,20.000000000000004,134.80603223373907,0.0,15.600000000000023,2312.4871320197867
1609200.0,900,iso13790,native,True,20.317487036771922,0.0,0.0,15.0,3382.677222570526
1612800.0,900,iso13790,native,True,20.765551390686653,0.0,0.0,12.200000000000045,3650.918599951689
1616400.0,900,iso13790,native,True,20.883737798569275,0.0,0.0,11.700000000000045,2391.054316602988
1620000.0,900,iso13790,native,True,20.209426271940274,0.0,0.0,10.600000000000023,-101.56212000000002
1623600.0,900,iso13790,native,True,20.000000000000004,37.29463406306039,0.0,9.400000000000034,-101.56212000000002
1627200.0,900,iso13790,native,True,20.0,362.20411743612357,0.0,0.6000000000000227,-101.56212000000002
1630800.0,900,iso13790,native,True,19.999999999999996,546.5458036225905,0.0,-2.1999999999999886,-101.56212000000002
1634400.0,900,iso13790,native,True,20.000000000000004,685.8417322808855,0.0,-3.2999999999999545,-101.56212000000002
1638000.0,900,iso13790,native,True,20.0,839.547491511876,0.0,-5.0,-101.56212000000002
1641600.0,900,iso13790,native,True,20.00000000000001,960.5436815512919,0.0,-5.599999999999966,-101.56212000000002
1645200.0,900,iso13790,native,True,20.00000000000001,1058.3771579279137,0.0,-5.599999999999966,-101.56212000000002
1648800.0,900,iso13790,native,True,20.000000000000007,1148.3560795500616,0.0,-5.599999999999966,-101.56212000000002
1652400.0,900,iso13790,native,True,20.000000000000018,1213.3761585742764,0.0,-5.0,-101.56212000000002
1656000.0,900,iso13790,native,True,19.999999999999993,1286.6246463106995,0.0,-5.0,-101.56212000000002
1659600.0,900,iso13790,native,True,20.0,1353.9923836238975,0.0,-5.0,-101.56212000000002
1663200.0,900,iso13790,native,True,20.00000000000002,1415.9515062071628,0.0,-5.0,-101.56212000000002
1666800.0,900,iso13790,native,True,20.00000000000001,1455.2013540695662,0.0,-4.399999999999977,-101.56212000000002
1670400.0,900,iso13790,native,True,19.999999999999996,1497.13328523902,0.0,-4.399999999999977,-25.92259665280988
1674000.0,900,iso13790,native,True,20.000000000000004,1520.2436006989476,0.0,-4.399999999999977,157.55508292355938
1677600.0,900,iso13790,native,True,20.0,1457.5803978581778,0.0,-1.6999999999999886,271.08281714057694
1681200.0,900,iso13790,native,True,20.0,1374.6301538020734,0.0,1.1000000000000227,346.59100569556085
1684800.0,900,iso13790,native,True,19.999999999999993,1342.6274063857688,0.0,1.7000000000000455,383.8289590245304
1688400.0,900,iso13790,native,True,20.000000000000018,1202.5938075498475,0.0,3.3000000000000114,1160.9654563215472
1692000.0,900,iso13790,native,True,19.999999999999986,941.8485375525962,0.0,5.600000000000023,2460.470069013105
1695600.0,900,iso13790,native,True,20.000000000000004,664.0634337133013,0.0,6.7000000000000455,3541.6158198965795
1699200.0,900,iso13790,native,True,19.999999999999996,412.8365663402087,0.0,7.2000000000000455,4025.789927045512
1702800.0,900,iso13790,native,True,20.000000000000004,392.5331241452334,0.0,5.600000000000023,2705.347743997207
1706400.0,900,iso13790,native,True,20.0,612.8984023686298,0.0,3.900000000000034,-49.193400971615205
1710000.0,900,iso13790,native,True,19.999999999999986,770.4062015053458,0.0,0.6000000000000227,-101.56212000000002
1713600.0,900,iso13790,native,True,20.000000000000004,856.9474768800402,0.0,0.0,-101.56212000000002
1717200.0,900,iso13790,native,True,20.000000000000007,973.3411051850421,0.0,-1.6999999999999886,-101.56212000000002
1720800.0,900,iso13790,native,True,20.000000000000004,1042.2858761825223,0.0,-1.6999999999999886,-101.56212000000002
1724400.0,900,iso13790,native,True,19.999999999999986,1138.2093859430777,0.0,-2.7999999999999545,-101.56212000000002
1728000.0,900,iso13790,native,True,19.999999999999996,1216.5550977164216,0.0,-3.2999999999999545,-101.56212000000002
1731600.0,900,iso13790,native,True,19.999999999999993,1327.6525663895134,0.0,-5.0,-101.56212000000002
1735200.0,900,iso13790,native,True,20.000000000000004,1409.4612699104684,0.0,-5.599999999999966,-101.56212000000002
1738800.0,900,iso13790,native,True,20.000000000000007,1486.0325000107139,0.0,-6.099999999999966,-101.56212000000002
1742400.0,900,iso13790,native,True,20.000000000000004,1545.249095319046,0.0,-6.099999999999966,-101.56212000000002
1746000.0,900,iso13790,native,True,20.00000000000001,1617.4463801405675,0.0,-6.699999999999989,-101.56212000000002
1749600.0,900,iso13790,native,True,20.00000000000001,1670.3987684636043,0.0,-6.699999999999989,-101.56212000000002
1753200.0,900,iso13790,native,True,20.000000000000014,1686.5859119342567,0.0,-5.599999999999966,-101.56212000000002
1756800.0,900,iso13790,native,True,20.00000000000001,1603.221511403251,0.0,-1.6999999999999886,-25.768180646878392
1760400.0,900,iso13790,native,True,20.000000000000004,1464.8991135513302,0.0,2.8000000000000114,163.72660483783093
1764000.0,900,iso13790,native,True,19.999999999999993,1318.7598596384596,0.0,6.7000000000000455,283.59383706957954
1767600.0,900,iso13790,native,True,19.999999999999993,1153.0840801400336,0.0,10.600000000000023,364.9359099371177
1771200.0,900,iso13790,native,True,20.0,1023.1251822329607,0.0,12.800000000000011,396.8853157659879
1774800.0,900,iso13790,native,True,20.0,829.493519791866,0.0,14.400000000000034,1165.6599699221413
1778400.0,900,iso13790,native,True,20.0,588.9927984034473,0.0,15.600000000000023,2094.0922122052552
1782000.0,900,iso13790,native,True,20.0,309.0763641259373,0.0,15.600000000000023,3312.379114908471
1785600.0,900,iso13790,native,True,19.999999999999996,106.9081788978439,0.0,15.0,3422.192053870813
1789200.0,900,iso13790,native,True,20.0,314.1780298895406,0.0,11.100000000000023,571.5544218225269
1792800.0,900,iso13790,native,True,20.000000000000004,449.70731845726186,0.0,8.300000000000011,-56.79654025822055
1796400.0,900,iso13790,native,True,19.999999999999996,638.8292569858003,0.0,3.3000000000000114,-101.56212000000002
1800000.0,900,iso13790,native,True,19.999999999999996,681.1758307512612,0.0,3.900000000000034,-101.56212000000002
1803600.0,900,iso13790,native,True,20.000000000000004,783.8200100779484,0.0,2.2000000000000455,-101.56212000000002
1807200.0,900,iso13790,native,True,20.0,854.8982810284376,0.0,1.7000000000000455,-101.56212000000002
1810800.0,900,iso13790,native,True,20.000000000000004,926.7978093798248,0.0,1.1000000000000227,-101.56212000000002
1814400.0,900,iso13790,native,True,19.999999999999993,979.4763465929864,0.0,1.1000000000000227,-101.56212000000002
1818000.0,900,iso13790,native,True,19.999999999999996,1027.9255906209253,0.0,1.1000000000000227,-101.56212000000002
1821600.0,900,iso13790,native,True,19.999999999999993,1087.2641652608932,0.0,0.6000000000000227,-101.56212000000002
1825200.0,900,iso13790,native,True,20.000000000000004,1130.63162781397,0.0,0.6000000000000227,-101.56212000000002
1828800.0,900,iso13790,native,True,20.00000000000001,1205.9871168467923,0.0,-0.5999999999999659,-101.56212000000002
1832400.0,900,iso13790,native,True,20.000000000000018,1230.6607210099244,0.0,0.0,-101.56212000000002
1836000.0,900,iso13790,native,True,20.000000000000014,1284.5368384863443,0.0,-0.5999999999999659,-101.56212000000002
1839600.0,900,iso13790,native,True,20.000000000000004,1320.6389732803639,0.0,-0.5999999999999659,-101.56212000000002
1843200.0,900,iso13790,native,True,20.000000000000004,1295.915211007897,0.0,1.1000000000000227,-25.29389703171556
1846800.0,900,iso13790,native,True,20.0,1201.2072291597185,0.0,4.400000000000034,129.3935298635484
1850400.0,900,iso13790,native,True,20.0,1068.6041771395996,0.0,8.300000000000011,232.28718686147377
1854000.0,900,iso13790,native,True,20.000000000000007,915.8780919005292,0.0,12.200000000000045,301.9355964619312
1857600.0,900,iso13790,native,True,19.999999999999996,797.9711029211617,0.0,14.400000000000034,327.8427367705543
1861200.0,900,iso13790,native,True,20.0,612.7744657928125,0.0,16.100000000000023,1091.1789258489375
1864800.0,900,iso13790,native,True,20.000000000000004,368.9419316533831,0.0,16.100000000000023,2502.1751600440816
1868400.0,900,iso13790,native,True,19.999999999999993,77.1725213032377,0.0,16.100000000000023,3731.790315217254
1872000.0,900,iso13790,native,True,20.650157849530835,0.0,0.0,15.0,4458.992001136465
1875600.0,900,iso13790,native,True,20.669625019685153,0.0,0.0,11.100000000000023,3226.8197285969622
1879200.0,900,iso13790,native,True,20.0,118.47479445694162,0.0,6.7000000000000455,62.12140455665576
1882800.0,900,iso13790,native,True,20.000000000000004,270.5564766103756,0.0,4.400000000000034,-101.56212000000002
1886400.0,900,iso13790,native,True,20.0,384.86035868718955,0.0,3.3000000000000114,-101.56212000000002
1890000.0,900,iso13790,native,True,19.999999999999993,465.33170044438253,0.0,3.3000000000000114,-101.56212000000002
1893600.0,900,iso13790,native,True,20.0,604.3703364732257,0.0,1.1000000000000227,-101.56212000000002
1897200.0,900,iso13790,native,True,19.999999999999996,747.96287501061,0.0,-1.099999999999966,-101.56212000000002
1900800.0,900,iso13790,native,True,19.999999999999996,798.2018096261767,0.0,0.0,-101.56212000000002
1904400.0,900,iso13790,native,True,20.000000000000004,869.0629744402121,0.0,0.0,-101.56212000000002
1908000.0,900,iso13790,native,True,20.000000000000014,1016.9978763011056,0.0,-2.7999999999999545,-101.56212000000002
1911600.0,900,iso13790,native,True,20.000000000000004,1040.0471157260145,0.0,-1.099999999999966,-101.56212000000002
1915200.0,900,iso13790,native,True,20.000000000000007,1084.5709749781925,0.0,-0.5999999999999659,-101.56212000000002
1918800.0,900,iso13790,native,True,20.000000000000004,1136.727357072025,0.0,-0.5999999999999659,-101.56212000000002
1922400.0,900,iso13790,native,True,20.000000000000018,1217.2103327202317,0.0,-1.6999999999999886,-101.56212000000002
1926000.0,900,iso13790,native,True,20.000000000000004,1216.3272216372038,0.0,0.0,-101.56212000000002
1929600.0,900,iso13790,native,True,20.000000000000007,1212.6162861719731,0.0,1.1000000000000227,-17.244747218791005
1933200.0,900,iso13790,native,True,19.999999999999996,1101.258945287283,0.0,5.0,188.22614367498386
1936800.0,900,iso13790,native,True,19.999999999999993,915.8675624830242,0.0,9.400000000000034,670.2549799797986
1940400.0,900,iso13790,native,True,20.000000000000007,746.1259965059861,0.0,12.800000000000011,835.0052663330072
1944000.0,900,iso13790,native,True,20.000000000000004,583.3348551925584,0.0,15.0,1077.652926894988
1947600.0,900,iso13790,native,True,20.000000000000007,444.6850829648395,0.0,16.100000000000023,1230.6605742729066
1951200.0,900,iso13790,native,True,20.0,209.45133570572736,0.0,16.700000000000045,2429.9169191647657
1954800.0,900,iso13790,native,True,20.000000000000004,28.41364646469064,0.0,16.700000000000045,2687.9180246994656
1958400.0,900,iso13790,native,True,19.999999999999993,16.37504446072315,0.0,16.100000000000023,1432.0589984230407
1962000.0,900,iso13790,native,True,19.999999999999993,149.1028014650887,0.0,12.800000000000011,341.4476707465524
1965600.0,900,iso13790,native,True,20.0,312.83576514189775,0.0,8.900000000000034,-94.14318270016088
1969200.0,900,iso13790,native,True,20.000000000000004,424.40754231381874,0.0,6.7000000000000455,-101.56212000000002
1972800.0,900,iso13790,native,True,20.000000000000004,545.3982790179379,0.0,4.400000000000034,-101.56212000000002
1976400.0,900,iso13790,native,True,20.000000000000007,619.9016132546441,0.0,3.900000000000034,-101.56212000000002
1980000.0,900,iso13790,native,True,20.000000000000004,727.4651894400505,0.0,2.2000000000000455,-101.56212000000002
1983600.0,900,iso13790,native,True,19.999999999999996,770.5539382216389,0.0,2.8000000000000114,-101.56212000000002
1987200.0,900,iso13790,native,True,19.999999999999993,823.6318512421708,0.0,2.8000000000000114,-101.56212000000002
1990800.0,900,iso13790,native,True,19.999999999999996,890.1832975133899,0.0,2.2000000000000455,-101.56212000000002
1994400.0,900,iso13790,native,True,19.99999999999999,920.2082327953291,0.0,2.8000000000000114,-101.56212000000002
1998000.0,900,iso13790,native,True,19.999999999999996,946.4920845469037,0.0,3.3000000000000114,-101.56212000000002
2001600.0,900,iso13790,native,True,20.00000000000001,964.1379667444626,0.0,3.900000000000034,-101.56212000000002
2005200.0,900,iso13790,native,True,20.000000000000007,979.0366169424437,0.0,4.400000000000034,-101.56212000000002
2008800.0,900,iso13790,native,True,19.999999999999993,968.4764675084166,0.0,5.600000000000023,-101.56212000000002
2012400.0,900,iso13790,native,True,19.999999999999986,985.6612227110768,0.0,5.600000000000023,-101.56212000000002
2016000.0,900,iso13790,native,True,20.00000000000001,1040.9663083823775,0.0,3.900000000000034,5.20178527901129
2019600.0,900,iso13790,native,True,19.999999999999996,935.8665961618458,0.0,7.2000000000000455,249.31730842214515
2023200.0,900,iso13790,native,True,19.999999999999996,829.0977232999659,0.0,8.900000000000034,682.0078025328382
2026800.0,900,iso13790,native,True,19.999999999999993,660.6393635888974,0.0,13.300000000000011,637.9994778399932
2030400.0,900,iso13790,native,True,20.0,525.4895140135569,0.0,14.400000000000034,1080.6889697061658
2034000.0,900,iso13790,native,True,19.999999999999996,385.9680112808028,0.0,15.600000000000023,1299.8656777776546
2037600.0,900,iso13790,native,True,19.999999999999996,217.39611196735837,0.0,15.0,2229.8199305558733
2041200.0,900,iso13790,native,True,20.000000000000004,74.90238069147075,0.0,14.400000000000034,2516.244077262571
2044800.0,900,iso13790,native,True,20.0,23.604270610709897,0.0,13.300000000000011,2026.9154489256764
2048400.0,900,iso13790,native,True,20.044495066092235,0.0,0.0,12.200000000000045,1801.2086777074162
2052000.0,900,iso13790,native,True,20.000000000000004,205.31245145144612,0.0,8.900000000000034,-64.57580920803636
2055600.0,900,iso13790,native,True,19.999999999999996,344.43103123102435,0.0,6.100000000000023,-101.56212000000002
2059200.0,900,iso13790,native,True,19.999999999999996,408.1452796234834,0.0,6.100000000000023,-101.56212000000002
2062800.0,900,iso13790,native,True,20.0,516.9930892696531,0.0,4.400000000000034,-101.56212000000002
2066400.0,900,iso13790,native,True,20.0,644.0257882991602,0.0,2.2000000000000455,-101.56212000000002
2070000.0,900,iso13790,native,True,20.000000000000004,744.0623202182967,0.0,1.1000000000000227,-101.56212000000002
2073600.0,900,iso13790,native,True,20.0,811.4117651653241,0.0,1.1000000000000227,-101.56212000000002
2077200.0,900,iso13790,native,True,20.000000000000004,888.13313923271,0.0,0.6000000000000227,-101.56212000000002
2080800.0,900,iso13790,native,True,20.0,997.7366800546688,0.0,-1.099999999999966,-101.56212000000002
2084400.0,900,iso13790,native,True,20.000000000000004,1060.4365053334488,0.0,-1.099999999999966,-101.56212000000002
2088000.0,900,iso13790,native,True,20.0,1118.1024789186374,0.0,-1.099999999999966,-101.56212000000002
2091600.0,900,iso13790,native,True,19.999999999999993,1106.1108121954487,0.0,1.1000000000000227,-101.56212000000002
2095200.0,900,iso13790,native,True,20.000000000000004,1274.4490779739922,0.0,-3.2999999999999545,-101.56212000000002
2098800.0,900,iso13790,native,True,19.999999999999996,1330.6496760855316,0.0,-3.2999999999999545,-101.56212000000002
2102400.0,900,iso13790,native,True,19.999999999999993,1341.278750666726,0.0,-2.1999999999999886,-16.68320702432252
2106000.0,900,iso13790,native,True,20.000000000000004,1198.037431779237,0.0,3.3000000000000114,166.95644290507107
2109600.0,900,iso13790,native,True,19.999999999999986,1109.6253637542504,0.0,5.600000000000023,358.5621127178851
2113200.0,900,iso13790,native,True,20.000000000000004,989.2048956132886,0.0,6.100000000000023,1188.1634556655863
2116800.0,900,iso13790,native,True,19.999999999999993,836.8917277126031,0.0,8.900000000000034,1218.9228880664805
2120400.0,900,iso13790,native,True,19.999999999999993,709.4066281136528,0.0,10.0,1406.3830560929016
2124000.0,900,iso13790,native,True,20.0,592.0353461173717,0.0,11.100000000000023,1403.8064174351184
2127600.0,900,iso13790,native,True,20.000000000000004,363.27162072073344,0.0,11.700000000000045,2671.5384603162206
2131200.0,900,iso13790,native,True,20.000000000000004,337.2712504197817,0.0,9.400000000000034,2151.106810921099
2134800.0,900,iso13790,native,True,20.000000000000004,469.7936913531764,0.0,7.800000000000011,348.79349043049376
2138400.0,900,iso13790,native,True,20.0,591.3205907461553,0.0,5.600000000000023,-72.06157735974426
2142000.0,900,iso13790,native,True,20.0,690.2108823711059,0.0,3.900000000000034,-101.56212000000002
2145600.0,900,iso13790,native,True,20.0,709.3668617298856,0.0,5.0,-101.56212000000002
2149200.0,900,iso13790,native,True,19.999999999999993,719.1265989292464,0.0,6.100000000000023,-101.56212000000002
2152800.0,900,iso13790,native,True,20.0,785.2724017992645,0.0,5.0,-101.56212000000002
2156400.0,900,iso13790,native,True,20.0,839.1869231348246,0.0,4.400000000000034,-101.56212000000002
2160000.0,900,iso13790,native,True,19.999999999999993,907.8383440837789,0.0,3.3000000000000114,-101.56212000000002
2163600.0,900,iso13790,native,True,19.999999999999996,978.8363953505993,0.0,2.2000000000000455,-101.56212000000002
2167200.0,900,iso13790,native,True,20.000000000000004,1066.771753110421,0.0,0.6000000000000227,-101.56212000000002
2170800.0,900,iso13790,native,True,19.999999999999996,1162.033303583757,0.0,-1.099999999999966,-101.56212000000002
2174400.0,900,iso13790,native,True,20.0,1294.305405737811,0.0,-3.8999999999999773,-101.56212000000002
2178000.0,900,iso13790,native,True,20.000000000000004,1385.7121537794999,0.0,-5.0,-101.56212000000002
2181600.0,900,iso13790,native,True,20.000000000000004,1462.8595468260987,0.0,-5.599999999999966,-101.56212000000002
2185200.0,900,iso13790,native,True,20.000000000000007,1552.87858978102,0.0,-6.699999999999989,-101.56212000000002
2188800.0,900,iso13790,native,True,20.000000000000004,1633.9740661757373,0.0,-7.7999999999999545,-6.659214364860091
2192400.0,900,iso13790,native,True,19.999999999999993,1669.6400347980382,0.0,-7.7999999999999545,172.61086102108848
2196000.0,900,iso13790,native,True,19.999999999999986,1627.471853157306,0.0,-7.199999999999989,812.1375954997603
2199600.0,900,iso13790,native,True,19.999999999999986,1627.742913999428,0.0,-7.199999999999989,811.1917884733721
2203200.0,900,iso13790,native,True,20.00000000000001,1598.8247614134639,0.0,-5.599999999999966,630.7830081373475
2206800.0,900,iso13790,native,True,20.0,1525.463177430296,0.0,-4.399999999999977,1027.7073500230579
2210400.0,900,iso13790,native,True,19.99999999999999,1426.076091084231,0.0,-6.099999999999966,2268.229671173357
2214000.0,900,iso13790,native,True,20.000000000000007,1224.430392397853,0.0,-5.599999999999966,3329.404492815044
2217600.0,900,iso13790,native,True,20.000000000000007,1052.8991176761479,0.0,-5.599999999999966,3722.843199576367
2221200.0,900,iso13790,native,True,20.000000000000004,1005.3832109920869,0.0,-5.0,2607.5618256354082
2224800.0,900,iso13790,native,True,20.000000000000007,1190.810153053475,0.0,-5.0,23.43137689513847
2228400.0,900,iso13790,native,True,20.000000000000004,1253.1213120611853,0.0,-4.399999999999977,-101.56212000000002
2232000.0,900,iso13790,native,True,20.00000000000001,1304.1134388359687,0.0,-3.8999999999999773,-101.56212000000002
2235600.0,900,iso13790,native,True,20.0,1362.2187839841893,0.0,-3.8999999999999773,-101.56212000000002
2239200.0,900,iso13790,native,True,20.000000000000004,1397.9242547006663,0.0,-3.2999999999999545,-101.56212000000002
2242800.0,900,iso13790,native,True,19.999999999999996,1435.3442105412878,0.0,-3.0,-101.56212000000002
2246400.0,900,iso13790,native,True,19.99999999999999,1467.6167332522361,0.0,-2.6999999999999886,-101.56212000000002
2250000.0,900,iso13790,native,True,20.000000000000004,1527.669049739409,0.0,-3.5,-101.56212000000002
2253600.0,900,iso13790,native,True,19.999999999999986,1556.1012353502667,0.0,-3.1999999999999886,-101.56212000000002
2257200.0,900,iso13790,native,True,19.999999999999996,1547.5936048753529,0.0,-1.7999999999999545,-101.56212000000002
2260800.0,900,iso13790,native,True,20.000000000000007,1562.2814948062344,0.0,-1.5,-101.56212000000002
2264400.0,900,iso13790,native,True,20.000000000000004,1541.133028601633,0.0,-0.0999999999999659,-101.56212000000002
2268000.0,900,iso13790,native,True,20.0,1544.194951537521,0.0,0.20000000000004547,-101.56212000000002
2271600.0,900,iso13790,native,True,19.99999999999999,1512.353908397424,0.0,1.6000000000000227,-101.56212000000002
2275200.0,900,iso13790,native,True,20.000000000000014,1497.4130116395288,0.0,1.900000000000034,-20.425813927379693
2278800.0,900,iso13790,native,True,20.00000000000001,1396.4836864315519,0.0,3.3000000000000114,533.4874686329848
2282400.0,900,iso13790,native,True,19.999999999999986,1311.1260638565657,0.0,4.2000000000000455,726.219256283705
2286000.0,900,iso13790,native,True,20.000000000000004,1260.9461547936244,0.0,5.0,486.7382149279229
2289600.0,900,iso13790,native,True,19.999999999999996,1177.3210595024996,0.0,5.300000000000011,854.0969446784416
2293200.0,900,iso13790,native,True,20.00000000000001,1077.390888587046,0.0,4.800000000000011,1441.8657895184297
2296800.0,900,iso13790,native,True,20.00000000000001,949.9845391277553,0.0,4.7000000000000455,1945.3806364418556
2300400.0,900,iso13790,native,True,19.999999999999993,887.8700181065714,0.0,4.100000000000023,1751.8450602005441
2304000.0,900,iso13790,native,True,19.999999999999996,843.1175371363408,0.0,3.5,1594.8232325894978
2307600.0,900,iso13790,native,True,20.0,908.4261268365289,0.0,1.8000000000000114,840.6294248074964
2311200.0,900,iso13790,native,True,20.000000000000004,1029.9142407736015,0.0,0.10000000000002274,52.35804991151306
2314800.0,900,iso13790,native,True,20.000000000000004,1120.1116650546687,0.0,-1.0,-101.56212000000002
2318400.0,900,iso13790,native,True,19.999999999999993,1175.228045677913,0.0,-1.099999999999966,-101.56212000000002
2322000.0,900,iso13790,native,True,20.000000000000004,1238.4570626138127,0.0,-1.599999999999966,-101.56212000000002
2325600.0,900,iso13790,native,True,19.999999999999986,1317.9165890848644,0.0,-2.6999999999999886,-101.56212000000002
2329200.0,900,iso13790,native,True,20.000000000000007,1452.0596886689536,0.0,-5.599999999999966,-101.56212000000002
2332800.0,900,iso13790,native,True,20.000000000000004,1510.4318320378013,0.0,-5.599999999999966,-101.56212000000002
2336400.0,900,iso13790,native,True,20.000000000000004,1578.896646643149,0.0,-6.099999999999966,-101.56212000000002
2340000.0,900,iso13790,native,True,20.000000000000007,1598.143683988709,0.0,-5.0,-101.56212000000002
2343600.0,900,iso13790,native,True,20.000000000000004,1673.0150996844875,0.0,-6.099999999999966,-101.56212000000002
2347200.0,900,iso13790,native,True,20.000000000000004,1702.4407329986732,0.0,-5.599999999999966,-101.56212000000002
2350800.0,900,iso13790,native,True,20.0,1740.7110493139764,0.0,-5.599999999999966,-101.56212000000002
2354400.0,900,iso13790,native,True,20.000000000000004,1823.2018763865437,0.0,-7.199999999999989,-101.56212000000002
2358000.0,900,iso13790,native,True,20.000000000000004,1945.9699755380195,0.0,-10.0,-101.56212000000002
2361600.0,900,iso13790,native,True,20.000000000000007,1964.0762608425903,0.0,-9.399999999999977,40.57952455756464
2365200.0,900,iso13790,native,True,20.000000000000007,1985.5798611136097,0.0,-9.399999999999977,182.29212403344144
2368800.0,900,iso13790,native,True,20.000000000000004,1853.0060090381571,0.0,-5.599999999999966,636.0408796546172
2372400.0,900,iso13790,native,True,20.000000000000004,1778.7992020769766,0.0,-3.2999999999999545,512.544243707431
2376000.0,900,iso13790,native,True,19.999999999999996,1673.2546516743253,0.0,-2.1999999999999886,1023.1595098271139
2379600.0,900,iso13790,native,True,19.999999999999982,1610.37941192429,0.0,-2.7999999999999545,1306.861609266753
2383200.0,900,iso13790,native,True,20.000000000000014,1472.8077149895298,0.0,-1.6999999999999886,1754.8059798151137
2386800.0,900,iso13790,native,True,20.0,1438.6501225309755,0.0,-1.6999999999999886,1259.7109801897168
2390400.0,900,iso13790,native,True,20.000000000000018,1492.6127386578044,0.0,-2.1999999999999886,362.325492
2394000.0,900,iso13790,native,True,19.999999999999996,1541.7574798937203,0.0,-2.7999999999999545,76.44126599999998
2397600.0,900,iso13790,native,True,19.999999999999996,1627.318679340548,0.0,-4.399999999999977,-101.56212000000002
2401200.0,900,iso13790,native,True,20.0,1651.2242080859332,0.0,-4.0,-101.56212000000002
2404800.0,900,iso13790,native,True,20.0,1711.7343279529468,0.0,-5.0,-101.56212000000002
2408400.0,900,iso13790,native,True,20.00000000000001,1744.9721600968578,0.0,-5.0,-101.56212000000002
2412000.0,900,iso13790,native,True,20.000000000000007,1808.055460437644,0.0,-6.099999999999966,-101.56212000000002
2415600.0,900,iso13790,native,True,20.0,1938.9603584183478,0.0,-9.399999999999977,-101.56212000000002
2419200.0,900,iso13790,native,True,19.99999999999999,1938.0955436496845,0.0,-7.7999999999999545,-101.56212000000002
2422800.0,900,iso13790,native,True,20.000000000000004,2055.9257601102,0.0,-10.599999999999966,-101.56212000000002
2426400.0,900,iso13790,native,True,19.999999999999993,2134.0500883808377,0.0,-11.699999999999989,-101.56212000000002
2430000.0,900,iso13790,native,True,20.00000000000001,2296.5233365691083,0.0,-15.599999999999966,-101.56212000000002
2433600.0,900,iso13790,native,True,20.000000000000014,2308.288052026548,0.0,-13.899999999999977,-101.56212000000002
2437200.0,900,iso13790,native,True,19.999999999999986,2339.4775495881013,0.0,-13.299999999999955,-101.56212000000002
2440800.0,900,iso13790,native,True,20.00000000000001,2366.8324668068663,0.0,-12.799999999999955,-101.56212000000002
2444400.0,900,iso13790,native,True,20.000000000000007,2468.2262454382803,0.0,-15.0,-101.56212000000002
2448000.0,900,iso13790,native,True,20.00000000000001,2350.2523457416755,0.0,-10.0,38.73782532397475
2451600.0,900,iso13790,native,True,20.000000000000004,2310.397795221621,0.0,-8.899999999999977,202.68320197710614
2455200.0,900,iso13790,native,True,20.000000000000004,2241.4957347591017,0.0,-7.199999999999989,333.730146667848
2458800.0,900,iso13790,native,True,19.999999999999996,2165.3556529557304,0.0,-5.599999999999966,421.21934728625126
2462400.0,900,iso13790,native,True,20.0,2080.0099451881097,0.0,-3.8999999999999773,465.1442095764313
2466000.0,900,iso13790,native,True,20.00000000000001,1961.7766803689449,0.0,-2.7999999999999545,932.7892489501038
2469600.0,900,iso13790,native,True,20.00000000000001,1749.436040225631,0.0,-2.1999999999999886,2215.824974086786
2473200.0,900,iso13790,native,True,20.000000000000004,1527.2632740878942,0.0,-2.7999999999999545,3300.882752861303
2476800.0,900,iso13790,native,True,19.99999999999999,1281.1839357617403,0.0,-2.1999999999999886,3835.6733889287366
2480400.0,900,iso13790,native,True,20.000000000000007,1244.63318518411,0.0,-3.8999999999999773,2795.3088331800013
2484000.0,900,iso13790,native,True,19.999999999999986,1505.212482977334,0.0,-7.199999999999989,51.36265837438272
2487600.0,900,iso13790,native,True,20.000000000000007,1659.610340254459,0.0,-10.0,-101.56212000000002
2491200.0,900,iso13790,native,True,20.00000000000001,1715.017623815833,0.0,-9.399999999999977,-101.56212000000002
2494800.0,900,iso13790,native,True,20.000000000000004,1814.894859390855,0.0,-10.599999999999966,-101.56212000000002
2498400.0,900,iso13790,native,True,20.0,1894.6354487002848,0.0,-11.099999999999966,-101.56212000000002
2502000.0,900,iso13790,native,True,20.000000000000007,1956.7669514047107,0.0,-11.099999999999966,-101.56212000000002
2505600.0,900,iso13790,native,True,20.00000000000001,2013.9102301591768,0.0,-11.099999999999966,-101.56212000000002
2509200.0,900,iso13790,native,True,20.000000000000007,2066.465764222862,0.0,-11.099999999999966,-101.56212000000002
2512800.0,900,iso13790,native,True,20.000000000000025,2064.5530245559326,0.0,-9.399999999999977,-101.56212000000002
2516400.0,900,iso13790,native,True,20.000000000000007,2136.3678315490306,0.0,-10.599999999999966,-101.56212000000002
2520000.0,900,iso13790,native,True,20.000000000000007,2157.7850171166074,0.0,-10.0,-101.56212000000002
2523600.0,900,iso13790,native,True,20.000000000000007,2241.180122915461,0.0,-11.699999999999989,-101.56212000000002
2527200.0,900,iso13790,native,True,20.000000000000004,2247.2616902500727,0.0,-10.599999999999966,-101.56212000000002
2530800.0,900,iso13790,native,True,20.000000000000007,2292.2897346027194,0.0,-11.099999999999966,-101.56212000000002
2534400.0,900,iso13790,native,True,20.000000000000007,2344.233370668984,0.0,-12.199999999999989,5.473277403697992
2538000.0,900,iso13790,native,True,20.00000000000001,2219.7630879567587,0.0,-7.7999999999999545,222.01990800646956
2541600.0,900,iso13790,native,True,19.999999999999986,2148.0804376671185,0.0,-6.099999999999966,363.2319851826295
2545200.0,900,iso13790,native,True,20.0,2066.331530291247,0.0,-4.399999999999977,455.6987640977294
2548800.0,900,iso13790,native,True,20.000000000000014,1965.708659394986,0.0,-2.1999999999999886,477.5687093888804
2552400.0,900,iso13790,native,True,20.000000000000004,1817.9796724463915,0.0,0.0,878.2531100808129
2556000.0,900,iso13790,native,True,20.000000000000007,1578.424751345562,0.0,1.7000000000000455,2057.566077889383
2559600.0,900,iso13790,native,True,20.0,1306.0992541878604,0.0,2.2000000000000455,3273.0154870392935
2563200.0,900,iso13790,native,True,20.000000000000004,1078.5442252955881,0.0,1.7000000000000455,3785.162507454816
2566800.0,900,iso13790,native,True,20.0,1101.593178990628,0.0,-1.6999999999999886,2567.2762375313728
2570400.0,900,iso13790,native,True,19.999999999999996,1331.1604951106701,0.0,-4.399999999999977,50.85085911794542
2574000.0,900,iso13790,native,True,20.000000000000014,1396.7459097660396,0.0,-4.399999999999977,-101.56212000000002
2577600.0,900,iso13790,native,True,20.000000000000004,1551.483931310796,0.0,-7.7999999999999545,-101.56212000000002
2581200.0,900,iso13790,native,True,20.000000000000014,1517.092704682024,0.0,-4.399999999999977,-101.56212000000002
2584800.0,900,iso13790,native,True,20.00000000000001,1597.1407599556353,0.0,-5.599999999999966,-101.56212000000002
2588400.0,900,iso13790,native,True,20.00000000000001,1626.1301879617383,0.0,-5.0,-101.56212000000002
2592000.0,900,iso13790,native,True,19.999999999999993,1666.2407433254743,0.0,-5.0,-101.56212000000002
2595600.0,900,iso13790,native,True,20.000000000000004,1720.8659154678348,0.0,-5.599999999999966,-101.56212000000002
2599200.0,900,iso13790,native,True,20.00000000000001,1757.6569671190905,0.0,-5.599999999999966,-101.56212000000002
2602800.0,900,iso13790,native,True,20.0,1806.273326654692,0.0,-6.099999999999966,-101.56212000000002
2606400.0,900,iso13790,native,True,19.999999999999993,1839.7794064968239,0.0,-6.099999999999966,-101.56212000000002
2610000.0,900,iso13790,native,True,20.000000000000007,1935.6233838328649,0.0,-8.299999999999955,-101.56212000000002
2613600.0,900,iso13790,native,True,20.00000000000001,1992.19610345117,0.0,-8.899999999999977,-101.56212000000002
2617200.0,900,iso13790,native,True,19.999999999999996,2013.0434535481024,0.0,-8.299999999999955,-101.56212000000002
2620800.0,900,iso13790,native,True,20.000000000000004,2018.656863991701,0.0,-7.7999999999999545,19.910259339744357
2624400.0,900,iso13790,native,True,20.000000000000004,1888.1702683616359,0.0,-4.399999999999977,528.4999765014923
2628000.0,900,iso13790,native,True,19.999999999999996,1779.9745533497985,0.0,-2.1999999999999886,723.7029564733886
2631600.0,900,iso13790,native,True,20.000000000000007,1615.4547833608665,0.0,1.7000000000000455,791.5574830528942
2635200.0,900,iso13790,native,True,20.000000000000004,1504.2021425814755,0.0,2.8000000000000114,965.8697560663909
2638800.0,900,iso13790,native,True,19.99999999999999,1349.2550631954412,0.0,5.0,1156.6470142734834
2642400.0,900,iso13790,native,True,19.999999999999986,1246.1161292948764,0.0,5.0,1330.9936060642447
2646000.0,900,iso13790,native,True,19.99999999999999,1146.194960700188,0.0,5.0,1450.3558153111449
2649600.0,900,iso13790,native,True,20.000000000000004,927.4167779608237,0.0,4.400000000000034,2934.0393990890907
2653200.0,900,iso13790,native,True,19.999999999999993,1023.1219954552232,0.0,1.7000000000000455,1231.8133607998361
2656800.0,900,iso13790,native,True,20.000000000000004,1167.6596737946288,0.0,-0.5999999999999659,70.18960487868878
2660400.0,900,iso13790,native,True,19.999999999999996,1332.317241340418,0.0,-4.399999999999977,-101.56212000000002
2664000.0,900,iso13790,native,True,19.999999999999996,1492.2279146466121,0.0,-7.7999999999999545,-101.56212000000002
2667600.0,900,iso13790,native,True,20.000000000000004,1480.3289440428948,0.0,-5.0,-101.56212000000002
2671200.0,900,iso13790,native,True,19.999999999999996,1541.012588636483,0.0,-5.2999999999999545,-101.56212000000002
2674800.0,900,iso13790,native,True,19.999999999999993,1601.9232397613453,0.0,-5.699999999999989,-101.56212000000002
2678400.0,900,iso13790,native,True,19.99999999999999,1660.8012485721404,0.0,-6.099999999999966,-101.56212000000002
2682000.0,900,iso13790,native,True,20.000000000000004,1717.8098056345539,0.0,-6.5,-101.56212000000002
2685600.0,900,iso13790,native,True,19.999999999999993,1773.098999769524,0.0,-6.899999999999977,-101.56212000000002
2689200.0,900,iso13790,native,True,19.999999999999993,1826.80686992606,0.0,-7.2999999999999545,-101.56212000000002
2692800.0,900,iso13790,native,True,19.999999999999996,1882.0161876542193,0.0,-7.7999999999999545,-101.56212000000002
2696400.0,900,iso13790,native,True,20.000000000000004,1903.851020139244,0.0,-7.199999999999989,-101.56212000000002
2700000.0,900,iso13790,native,True,20.000000000000004,1955.1162765506392,0.0,-7.7999999999999545,-101.56212000000002
2703600.0,900,iso13790,native,True,19.999999999999993,1971.0822728043518,0.0,-7.199999999999989,-101.56212000000002
2707200.0,900,iso13790,native,True,19.999999999999996,1973.7658789411757,0.0,-6.699999999999989,4.418891744414751
2710800.0,900,iso13790,native,True,20.00000000000001,1925.5300196476987,0.0,-5.0,162.24515675645972
2714400.0,900,iso13790,native,True,19.99999999999998,1882.0182586179278,0.0,-3.8999999999999773,271.84398669605457
2718000.0,900,iso13790,native,True,20.0,1813.6455303042833,0.0,-2.1999999999999886,342.69201670805217
2721600.0,900,iso13790,native,True,20.00000000000001,1741.7337942453776,0.0,-0.5999999999999659,369.1675154650334
2725200.0,900,iso13790,native,True,19.999999999999986,1622.2861679816492,0.0,1.1000000000000227,766.2657169756936
2728800.0,900,iso13790,native,True,19.999999999999993,1550.3884236515316,0.0,-3.2999999999999545,2216.8195149242597
2732400.0,900,iso13790,native,True,19.999999999999996,1313.1838314930249,0.0,-3.2999999999999545,3511.209702559602
2736000.0,900,iso13790,native,True,20.000000000000004,1077.8024085801821,0.0,-3.8999999999999773,4371.247438872958
2739600.0,900,iso13790,native,True,20.000000000000004,942.464122035369,0.0,-4.399999999999977,3919.2244625200583
2743200.0,900,iso13790,native,True,20.00000000000001,1200.7720520803316,0.0,-6.699999999999989,502.0692350300425
2746800.0,900,iso13790,native,True,20.000000000000004,1326.0343704448273,0.0,-7.199999999999989,-101.56212000000002
2750400.0,900,iso13790,native,True,20.00000000000001,1423.6896017519346,0.0,-7.7999999999999545,-101.56212000000002
2754000.0,900,iso13790,native,True,20.000000000000007,1532.5700124086197,0.0,-8.899999999999977,-101.56212000000002
2757600.0,900,iso13790,native,True,19.999999999999996,1640.5672713690833,0.0,-10.0,-101.56212000000002
2761200.0,900,iso13790,native,True,20.0,1715.2383168667263,0.0,-10.0,-101.56212000000002
2764800.0,900,iso13790,native,True,20.000000000000004,1766.1795116784813,0.0,-9.399999999999977,-101.56212000000002
2768400.0,900,iso13790,native,True,19.999999999999996,1844.2143278714452,0.0,-10.0,-101.56212000000002
2772000.0,900,iso13790,native,True,20.000000000000018,1884.8006914130763,0.0,-9.399999999999977,-101.56212000000002
2775600.0,900,iso13790,native,True,19.999999999999993,2003.5608691861842,0.0,-11.699999999999989,-101.56212000000002
2779200.0,900,iso13790,native,True,19.999999999999986,2061.2336495324466,0.0,-11.699999999999989,-101.56212000000002
2782800.0,900,iso13790,native,True,20.000000000000007,2161.569214980642,0.0,-13.299999999999955,-101.56212000000002
2786400.0,900,iso13790,native,True,19.999999999999996,2185.472601822292,0.0,-12.199999999999989,-101.56212000000002
2790000.0,900,iso13790,native,True,19.99999999999999,2264.626532275507,0.0,-13.299999999999955,-101.56212000000002
2793600.0,900,iso13790,native,True,20.0,2221.3683593555197,0.0,-10.599999999999966,13.60197658532623
2797200.0,900,iso13790,native,True,19.999999999999993,2081.863009240011,0.0,-5.599999999999966,182.86930584769797
2800800.0,900,iso13790,native,True,19.999999999999993,1944.9387166732313,0.0,-1.6999999999999886,303.7032489928829
2804400.0,900,iso13790,native,True,19.999999999999996,1820.7631356077097,0.0,1.1000000000000227,380.3518438860213
2808000.0,900,iso13790,native,True,19.999999999999993,1653.8229212063666,0.0,5.0,412.87674909186575
2811600.0,900,iso13790,native,True,20.000000000000007,1471.431429226307,0.0,7.800000000000011,758.5720610063048
2815200.0,900,iso13790,native,True,20.0,1303.7035411621075,0.0,5.600000000000023,2164.598528983228
2818800.0,900,iso13790,native,True,20.000000000000004,1115.011510891844,0.0,2.8000000000000114,3395.906912284175
2822400.0,900,iso13790,native,True,19.999999999999996,914.8940551775509,0.0,0.6000000000000227,4170.233176021043
2826000.0,900,iso13790,native,True,20.000000000000004,873.4599371919528,0.0,-2.7999999999999545,3568.8792323544167
2829600.0,900,iso13790,native,True,20.000000000000004,1156.137131750539,0.0,-6.099999999999966,356.2959571509604
2833200.0,900,iso13790,native,True,20.000000000000007,1325.130735925948,0.0,-8.299999999999955,-101.56212000000002
2836800.0,900,iso13790,native,True,19.999999999999982,1380.46796514122,0.0,-7.199999999999989,-101.56212000000002
2840400.0,900,iso13790,native,True,19.999999999999996,1506.26696412615,0.0,-8.899999999999977,-101.56212000000002
2844000.0,900,iso13790,native,True,20.00000000000001,1583.8619961853835,0.0,-8.899999999999977,-101.56212000000002
2847600.0,900,iso13790,native,True,19.999999999999993,1670.0063910211647,0.0,-9.399999999999977,-101.56212000000002
2851200.0,900,iso13790,native,True,19.999999999999986,1755.7624604097487,0.0,-10.0,-101.56212000000002
2854800.0,900,iso13790,native,True,19.999999999999993,1838.9199573966064,0.0,-10.599999999999966,-101.56212000000002
2858400.0,900,iso13790,native,True,20.000000000000007,1884.2177276133316,0.0,-10.0,-101.56212000000002
2862000.0,900,iso13790,native,True,20.00000000000001,1939.3273109162176,0.0,-10.0,-101.56212000000002
2865600.0,900,iso13790,native,True,20.000000000000014,2007.7473149436162,0.0,-10.599999999999966,-101.56212000000002
2869200.0,900,iso13790,native,True,19.999999999999993,2072.004756482204,0.0,-11.099999999999966,-101.56212000000002
2872800.0,900,iso13790,native,True,20.00000000000002,2152.4101405487204,0.0,-12.199999999999989,-101.56212000000002
2876400.0,900,iso13790,native,True,19.999999999999993,2201.704523165295,0.0,-12.199999999999989,-101.56212000000002
2880000.0,900,iso13790,native,True,19.999999999999996,2219.594358479328,0.0,-11.699999999999989,24.26269571506767
2883600.0,900,iso13790,native,True,20.000000000000014,2100.7856373521226,0.0,-7.199999999999989,207.78442876122432
2887200.0,900,iso13790,native,True,19.999999999999993,1957.5278495803768,0.0,-3.2999999999999545,474.9251334766601
2890800.0,900,iso13790,native,True,19.999999999999996,1743.8953798904734,0.0,2.2000000000000455,647.5313385660122
2894400.0,900,iso13790,native,True,20.000000000000018,1581.0631341911749,0.0,3.900000000000034,1107.0701641656815
2898000.0,900,iso13790,native,True,19.99999999999999,1458.7725858873944,0.0,5.0,1071.8294053794086
2901600.0,900,iso13790,native,True,20.000000000000018,1339.2132236008697,0.0,3.900000000000034,1696.1007851579488
2905200.0,900,iso13790,native,True,20.0,1162.6657063790806,0.0,2.2000000000000455,2859.0248894159154
2908800.0,900,iso13790,native,True,19.999999999999996,1072.6915990766583,0.0,1.1000000000000227,2545.1372208319235
2912400.0,900,iso13790,native,True,20.00000000000001,1128.6378674856749,0.0,0.0,1121.2097027718319
2916000.0,900,iso13790,native,True,20.000000000000007,1215.1623718914568,0.0,-0.5999999999999659,139.97379896219877
2919600.0,900,iso13790,native,True,19.999999999999993,1364.0107266012526,0.0,-3.8999999999999773,-101.56212000000002
2923200.0,900,iso13790,native,True,20.00000000000001,1417.3072216112575,0.0,-3.8999999999999773,-101.56212000000002
2926800.0,900,iso13790,native,True,20.000000000000007,1448.5899204330217,0.0,-3.2999999999999545,-101.56212000000002
2930400.0,900,iso13790,native,True,20.000000000000018,1541.0584873490534,0.0,-5.0,-101.56212000000002
2934000.0,900,iso13790,native,True,20.0,1620.5129846165173,0.0,-6.099999999999966,-101.56212000000002
2937600.0,900,iso13790,native,True,20.000000000000007,1701.4467878707205,0.0,-7.199999999999989,-101.56212000000002
2941200.0,900,iso13790,native,True,19.999999999999993,1783.7411311196665,0.0,-8.299999999999955,-101.56212000000002
2944800.0,900,iso13790,native,True,20.000000000000004,1852.507708243108,0.0,-8.899999999999977,-101.56212000000002
2948400.0,900,iso13790,native,True,20.000000000000007,1952.5536788746804,0.0,-10.599999999999966,-101.56212000000002
2952000.0,900,iso13790,native,True,20.00000000000001,2006.4632629097728,0.0,-10.599999999999966,-101.56212000000002
2955600.0,900,iso13790,native,True,20.000000000000004,2121.072650334351,0.0,-12.799999999999955,-101.56212000000002
2959200.0,900,iso13790,native,True,20.000000000000004,2144.6553443773905,0.0,-11.699999999999989,-101.56212000000002
2962800.0,900,iso13790,native,True,20.000000000000007,2256.0282943813127,0.0,-13.899999999999977,-101.56212000000002
2966400.0,900,iso13790,native,True,20.000000000000007,2181.2529817394156,0.0,-10.0,23.77311375723383
2970000.0,900,iso13790,native,True,20.000000000000007,2048.1005702889715,0.0,-5.599999999999966,289.3663306004986
2973600.0,900,iso13790,native,True,20.0,1926.871458399519,0.0,-2.7999999999999545,539.8748928634977
2977200.0,900,iso13790,native,True,20.000000000000004,1808.2777795396885,0.0,0.0,510.94112429957374
2980800.0,900,iso13790,native,True,19.999999999999993,1696.508682019478,0.0,1.7000000000000455,650.5295283336511
2984400.0,900,iso13790,native,True,19.999999999999986,1579.7299103171338,0.0,2.8000000000000114,900.2478716794319
2988000.0,900,iso13790,native,True,20.000000000000007,1351.6140184319997,0.0,4.400000000000034,1973.3281845153806
2991600.0,900,iso13790,native,True,20.00000000000001,1120.1969010381831,0.0,4.400000000000034,2969.390685787828
2995200.0,900,iso13790,native,True,19.999999999999996,1041.2820443385847,0.0,5.0,1857.6754059683515
2998800.0,900,iso13790,native,True,19.999999999999986,1143.6788621650844,0.0,3.900000000000034,135.775728
3002400.0,900,iso13790,native,True,20.000000000000004,1216.8542655227727,0.0,2.2000000000000455,-83.64481990249772
3006000.0,900,iso13790,native,True,20.000000000000004,1354.378820181927,0.0,-1.6999999999999886,-101.56212000000002
3009600.0,900,iso13790,native,True,19.999999999999996,1440.025041992111,0.0,-3.2999999999999545,-101.56212000000002
3013200.0,900,iso13790,native,True,20.00000000000001,1515.4463493590338,0.0,-4.399999999999977,-101.56212000000002
3016800.0,900,iso13790,native,True,20.000000000000007,1545.3777263246843,0.0,-3.8999999999999773,-101.56212000000002
3020400.0,900,iso13790,native,True,20.00000000000001,1634.3620385387176,0.0,-5.599999999999966,-101.56212000000002
3024000.0,900,iso13790,native,True,20.000000000000007,1710.6120142829445,0.0,-6.699999999999989,-101.56212000000002
3027600.0,900,iso13790,native,True,20.000000000000007,1788.5985708312608,0.0,-7.7999999999999545,-101.56212000000002
3031200.0,900,iso13790,native,True,20.00000000000001,1817.9334310526356,0.0,-7.199999999999989,-101.56212000000002
3034800.0,900,iso13790,native,True,20.0,1843.5826103782863,0.0,-6.699999999999989,-101.56212000000002
3038400.0,900,iso13790,native,True,19.999999999999993,1893.158740334693,0.0,-7.199999999999989,-101.56212000000002
3042000.0,900,iso13790,native,True,20.000000000000004,1960.0615010345539,0.0,-8.299999999999955,-101.56212000000002
3045600.0,900,iso13790,native,True,20.0,2014.672207886203,0.0,-8.899999999999977,-101.56212000000002
3049200.0,900,iso13790,native,True,20.0,2018.9359900444326,0.0,-7.7999999999999545,-101.56212000000002
3052800.0,900,iso13790,native,True,20.000000000000007,1967.6376044268886,0.0,-5.599999999999966,45.91279931278843
3056400.0,900,iso13790,native,True,19.999999999999996,1809.4153504917015,0.0,-0.5999999999999659,229.12472626804816
3060000.0,900,iso13790,native,True,20.000000000000004,1703.8037924919993,0.0,1.7000000000000455,343.22757508383256
3063600.0,900,iso13790,native,True,20.0,1577.450438630407,0.0,4.400000000000034,398.0354702364965
3067200.0,900,iso13790,native,True,19.999999999999996,1437.8666235264448,0.0,7.2000000000000455,430.9776536841973
3070800.0,900,iso13790,native,True,20.000000000000004,1318.4916402946556,0.0,8.300000000000011,655.0327478336008
3074400.0,900,iso13790,native,True,19.999999999999996,1133.9352175112867,0.0,7.2000000000000455,2054.260425654065
3078000.0,900,iso13790,native,True,20.000000000000004,870.6989622371549,0.0,7.2000000000000455,3292.4065099753543
3081600.0,900,iso13790,native,True,19.99999999999999,612.970078284724,0.0,6.7000000000000455,4084.9663888067116
3085200.0,900,iso13790,native,True,20.000000000000004,478.5120241829891,0.0,5.600000000000023,3591.734769977167
3088800.0,900,iso13790,native,True,20.000000000000004,694.9098046934873,0.0,3.3000000000000114,448.9912230923492
3092400.0,900,iso13790,native,True,20.000000000000004,787.228879396498,0.0,2.8000000000000114,-101.56212000000002
3096000.0,900,iso13790,native,True,20.00000000000001,903.9959768644273,0.0,0.6000000000000227,-101.56212000000002
3099600.0,900,iso13790,native,True,20.000000000000004,1012.3259707231759,0.0,-1.099999999999966,-101.56212000000002
3103200.0,900,iso13790,native,True,20.000000000000004,1041.340530132622,0.0,0.0,-101.56212000000002
3106800.0,900,iso13790,native,True,20.000000000000007,1110.416207723299,0.0,-0.5999999999999659,-101.56212000000002
3110400.0,900,iso13790,native,True,19.999999999999993,1193.0115724111909,0.0,-1.6999999999999886,-101.56212000000002
3114000.0,900,iso13790,native,True,20.000000000000004,1276.8340787342704,0.0,-2.7999999999999545,-101.56212000000002
3117600.0,900,iso13790,native,True,19.999999999999993,1376.5642809490857,0.0,-4.399999999999977,-101.56212000000002
3121200.0,900,iso13790,native,True,19.999999999999993,1417.6457964066071,0.0,-3.8999999999999773,-101.56212000000002
3124800.0,900,iso13790,native,True,20.000000000000004,1481.4152783186491,0.0,-4.399999999999977,-101.56212000000002
3128400.0,900,iso13790,native,True,20.0,1514.0788377717236,0.0,-3.8999999999999773,-101.56212000000002
3132000.0,900,iso13790,native,True,19.999999999999993,1537.592233222471,0.0,-3.2999999999999545,-101.56212000000002
3135600.0,900,iso13790,native,True,20.0,1572.6663989745268,0.0,-3.2999999999999545,-101.56212000000002
3139200.0,900,iso13790,native,True,20.00000000000001,1518.661465466864,0.0,-1.099999999999966,109.35882464780371
3142800.0,900,iso13790,native,True,19.999999999999982,1440.5845106028792,0.0,0.0,641.9300055501403
3146400.0,900,iso13790,native,True,20.000000000000004,1377.0331973091513,0.0,2.8000000000000114,193.7642974050097
3150000.0,900,iso13790,native,True,20.0,1273.3218492924777,0.0,3.3000000000000114,942.3459188599072
3153600.0,900,iso13790,native,True,20.0,1059.2835592275212,0.0,8.900000000000034,884.6868626516061
3157200.0,900,iso13790,native,True,19.999999999999996,959.1712692248934,0.0,9.400000000000034,1000.8856950479967
3160800.0,900,iso13790,native,True,20.000000000000004,795.7925901360403,0.0,8.900000000000034,2013.2662734248422
3164400.0,900,iso13790,native,True,20.000000000000004,642.3947101576301,0.0,8.300000000000011,2510.3581682004387
3168000.0,900,iso13790,native,True,20.0,493.3937948295281,0.0,7.800000000000011,2799.173550752351
3171600.0,900,iso13790,native,True,20.000000000000004,597.8620498280516,0.0,5.600000000000023,1049.3957810513236
3175200.0,900,iso13790,native,True,20.000000000000004,769.1657382691458,0.0,2.8000000000000114,-58.761881145291994
3178800.0,900,iso13790,native,True,20.00000000000001,841.7972469273642,0.0,2.2000000000000455,-101.56212000000002
3182400.0,900,iso13790,native,True,20.0,925.955709210218,0.0,1.1000000000000227,-101.56212000000002
3186000.0,900,iso13790,native,True,19.999999999999986,993.4809296335192,0.0,0.6000000000000227,-101.56212000000002
3189600.0,900,iso13790,native,True,20.0,1094.6266294524648,0.0,-1.099999999999966,-101.56212000000002
3193200.0,900,iso13790,native,True,20.000000000000004,1182.0616165307065,0.0,-2.1999999999999886,-101.56212000000002
3196800.0,900,iso13790,native,True,19.999999999999993,1255.556121203428,0.0,-2.7999999999999545,-101.56212000000002
3200400.0,900,iso13790,native,True,19.999999999999993,1324.4806574088789,0.0,-3.2999999999999545,-101.56212000000002
3204000.0,900,iso13790,native,True,19.999999999999993,1426.9133290267343,0.0,-5.0,-101.56212000000002
3207600.0,900,iso13790,native,True,20.0,1515.5319634505847,0.0,-6.099999999999966,-101.56212000000002
3211200.0,900,iso13790,native,True,20.000000000000004,1572.380196114578,0.0,-6.099999999999966,-101.56212000000002
3214800.0,900,iso13790,native,True,19.999999999999986,1624.6643718453836,0.0,-6.099999999999966,-101.56212000000002
3218400.0,900,iso13790,native,True,20.0,1690.4858059773462,0.0,-6.699999999999989,-101.56212000000002
3222000.0,900,iso13790,native,True,20.00000000000001,1737.5742283991667,0.0,-6.699999999999989,-101.56212000000002
3225600.0,900,iso13790,native,True,19.999999999999993,1774.908444748806,0.0,-6.699999999999989,-42.22765800000001
3229200.0,900,iso13790,native,True,20.000000000000004,1769.9823213352538,0.0,-6.099999999999966,195.11018999999996
3232800.0,900,iso13790,native,True,20.00000000000001,1774.7907505079743,0.0,-6.099999999999966,329.96124
3236400.0,900,iso13790,native,True,19.999999999999993,1787.6643287140598,0.0,-6.699999999999989,475.600374
3240000.0,900,iso13790,native,True,20.000000000000007,1734.013427505982,0.0,-5.0,551.116962
3243600.0,900,iso13790,native,True,20.000000000000004,1531.4324374079488,0.0,-3.8999999999999773,2158.6069270833427
3247200.0,900,iso13790,native,True,19.999999999999982,1470.095101820309,0.0,-2.7999999999999545,1476.0713570004184
3250800.0,900,iso13790,native,True,20.0,1509.5221821836801,0.0,-2.7999999999999545,498.60640845532885
3254400.0,900,iso13790,native,True,19.999999999999986,1401.6111651887527,0.0,-3.2999999999999545,1690.1376566074473
3258000.0,900,iso13790,native,True,20.00000000000001,1482.2100347974854,0.0,-3.8999999999999773,440.7207902588865
3261600.0,900,iso13790,native,True,19.999999999999996,1544.9326409528544,0.0,-3.8999999999999773,-74.59191000000001
3265200.0,900,iso13790,native,True,20.0,1617.2936081156306,0.0,-5.0,-101.56212000000002
3268800.0,900,iso13790,native,True,19.999999999999993,1658.1136077597341,0.0,-5.0,-101.56212000000002
3272400.0,900,iso13790,native,True,20.000000000000007,1677.9214858941054,0.0,-4.399999999999977,-101.56212000000002
3276000.0,900,iso13790,native,True,20.000000000000004,1694.8085563154134,0.0,-3.8999999999999773,-101.56212000000002
3279600.0,900,iso13790,native,True,19.999999999999996,1425.9654625284545,0.0,6.100000000000023,-101.56212000000002
3283200.0,900,iso13790,native,True,20.000000000000007,1453.0976401341206,0.0,4.400000000000034,-101.56212000000002
3286800.0,900,iso13790,native,True,19.999999999999986,1552.2682825125755,0.0,0.6000000000000227,-101.56212000000002
3290400.0,900,iso13790,native,True,20.00000000000001,1576.03780783643,0.0,0.0,-101.56212000000002
3294000.0,900,iso13790,native,True,19.999999999999986,1699.727243354784,0.0,-3.8999999999999773,-101.56212000000002
3297600.0,900,iso13790,native,True,20.000000000000004,1643.3079366577113,0.0,-1.099999999999966,-101.56212000000002
3301200.0,900,iso13790,native,True,20.0,1603.929256662851,0.0,0.6000000000000227,-101.56212000000002
3304800.0,900,iso13790,native,True,20.000000000000004,1868.8838329203497,0.0,-8.299999999999955,-101.56212000000002
3308400.0,900,iso13790,native,True,19.999999999999996,2028.3566300032,0.0,-12.199999999999989,-101.56212000000002
3312000.0,900,iso13790,native,True,19.999999999999993,2096.6564916578554,0.0,-12.799999999999955,-15.25744800000001
3315600.0,900,iso13790,native,True,20.0,2125.029033645573,0.0,-12.799999999999955,227.474442
3319200.0,900,iso13790,native,True,20.000000000000007,2127.6790276305487,0.0,-12.799999999999955,556.5110040000001
3322800.0,900,iso13790,native,True,20.000000000000007,2123.690828742181,0.0,-12.799999999999955,750.696516
3326400.0,900,iso13790,native,True,19.999999999999993,2059.668537193069,0.0,-10.599999999999966,781.2113932476432
3330000.0,900,iso13790,native,True,19.999999999999982,2017.3800554847262,0.0,-10.599999999999966,1118.2712625360507
3333600.0,900,iso13790,native,True,20.000000000000004,2054.9357676841196,0.0,-11.699999999999989,815.4250199999999
3337200.0,900,iso13790,native,True,20.00000000000001,1965.9072075642532,0.0,-11.099999999999966,1501.7507609997615
3340800.0,900,iso13790,native,True,19.999999999999993,1997.4682539401788,0.0,-11.699999999999989,956.6327963902021
3344400.0,900,iso13790,native,True,19.999999999999986,2057.782509697207,0.0,-12.799999999999955,619.264326415294
3348000.0,900,iso13790,native,True,19.999999999999986,2183.9753958714496,0.0,-14.399999999999977,8.004503513982243
3351600.0,900,iso13790,native,True,19.999999999999986,2268.557555591867,0.0,-15.0,-101.56212000000002
3355200.0,900,iso13790,native,True,20.000000000000004,2310.7951191762604,0.0,-14.399999999999977,-101.56212000000002
3358800.0,900,iso13790,native,True,19.999999999999993,2363.09018435185,0.0,-14.399999999999977,-101.56212000000002
3362400.0,900,iso13790,native,True,20.0,2428.9216336701775,0.0,-15.0,-101.56212000000002
3366000.0,900,iso13790,native,True,20.0,2493.7541575082587,0.0,-15.599999999999966,-101.56212000000002
3369600.0,900,iso13790,native,True,19.999999999999993,2539.9330642395375,0.0,-15.599999999999966,-101.56212000000002
3373200.0,900,iso13790,native,True,20.000000000000018,2564.669609928574,0.0,-15.0,-101.56212000000002
3376800.0,900,iso13790,native,True,20.0,2618.6036156742757,0.0,-15.599999999999966,-101.56212000000002
3380400.0,900,iso13790,native,True,19.999999999999982,2654.7589911813698,0.0,-15.599999999999966,-101.56212000000002
3384000.0,900,iso13790,native,True,20.00000000000001,2670.276744246441,0.0,-15.0,-101.56212000000002
3387600.0,900,iso13790,native,True,19.999999999999986,2715.732087578373,0.0,-15.599999999999966,-101.56212000000002
3391200.0,900,iso13790,native,True,20.0,2744.0895095725873,0.0,-15.599999999999966,-101.56212000000002
3394800.0,900,iso13790,native,True,20.00000000000001,2702.186511506723,0.0,-13.299999999999955,-101.56212000000002
3398400.0,900,iso13790,native,True,19.999999999999996,2666.7589550195403,0.0,-12.199999999999989,56.63937129606776
3402000.0,900,iso13790,native,True,20.000000000000018,2479.3221734604494,0.0,-6.699999999999989,287.5704799128978
3405600.0,900,iso13790,native,True,19.999999999999993,2275.643716947356,0.0,-1.6999999999999886,446.3842304257358
3409200.0,900,iso13790,native,True,20.000000000000007,2210.9430576742075,0.0,-2.1999999999999886,551.2691640504424
3412800.0,900,iso13790,native,True,20.000000000000007,2157.077247321544,0.0,-2.7999999999999545,601.6388655905357
3416400.0,900,iso13790,native,True,19.999999999999996,2007.1053037851875,0.0,0.0,663.5047434228786
3420000.0,900,iso13790,native,True,20.0,1724.9702944781532,0.0,2.8000000000000114,1921.6496059584758
3423600.0,900,iso13790,native,True,19.999999999999986,1508.178295330592,0.0,2.2000000000000455,2795.607581702782
3427200.0,900,iso13790,native,True,20.0,1212.2640977874523,0.0,3.900000000000034,3467.9559543062433
3430800.0,900,iso13790,native,True,20.000000000000004,1264.935518368566,0.0,-0.5999999999999659,2207.5792066387103
3434400.0,900,iso13790,native,True,20.0,1433.28608298914,0.0,-2.1999999999999886,-14.876693489673315
3438000.0,900,iso13790,native,True,19.999999999999996,1457.5548659430501,0.0,-1.6999999999999886,-101.56212000000002
3441600.0,900,iso13790,native,True,20.000000000000007,1437.3757084957983,0.0,0.0,-101.56212000000002
3445200.0,900,iso13790,native,True,19.999999999999986,1439.1859450635566,0.0,0.6000000000000227,-101.56212000000002
3448800.0,900,iso13790,native,True,20.0,1324.2435265462625,0.0,5.0,-101.56212000000002
3452400.0,900,iso13790,native,True,20.00000000000001,1349.6658588640776,0.0,3.900000000000034,-101.56212000000002
3456000.0,900,iso13790,native,True,20.000000000000004,1265.6286793346258,0.0,6.7000000000000455,-101.56212000000002
3459600.0,900,iso13790,native,True,20.000000000000004,1301.3471374548913,0.0,5.0,-101.56212000000002
3463200.0,900,iso13790,native,True,20.000000000000004,1328.6077049909384,0.0,3.900000000000034,-101.56212000000002
3466800.0,900,iso13790,native,True,20.000000000000014,1329.0239994691728,0.0,3.900000000000034,-101.56212000000002
3470400.0,900,iso13790,native,True,20.0,1329.4068717703049,0.0,3.900000000000034,-101.56212000000002
3474000.0,900,iso13790,native,True,20.000000000000004,1380.0078610376618,0.0,2.2000000000000455,-101.56212000000002
3477600.0,900,iso13790,native,True,20.00000000000001,1388.4421510573159,0.0,2.2000000000000455,-101.56212000000002
3481200.0,900,iso13790,native,True,19.999999999999993,1443.492335407158,0.0,0.6000000000000227,-101.56212000000002
3484800.0,900,iso13790,native,True,20.00000000000001,1488.4919848591499,0.0,-1.099999999999966,97.25766096645017
3488400.0,900,iso13790,native,True,19.99999999999999,1391.6465618552531,0.0,1.1000000000000227,524.6654051314093
3492000.0,900,iso13790,native,True,20.000000000000007,1229.3905409662482,0.0,5.0,765.7212053514795
3495600.0,900,iso13790,native,True,20.000000000000004,1055.5615277649406,0.0,6.7000000000000455,1474.7275710830816
3499200.0,900,iso13790,native,True,20.00000000000001,1002.7990172543975,0.0,7.800000000000011,747.2751823876088
3502800.0,900,iso13790,native,True,20.000000000000007,952.6991539742033,0.0,6.7000000000000455,1042.5288636993785
3506400.0,900,iso13790,native,True,20.000000000000004,814.0498732053783,0.0,7.2000000000000455,1687.2958694514884
3510000.0,900,iso13790,native,True,20.000000000000004,773.3855502320531,0.0,7.800000000000011,1015.2345300004748
3513600.0,900,iso13790,native,True,19.99999999999999,796.1349606055188,0.0,6.7000000000000455,608.055242438466
3517200.0,900,iso13790,native,True,20.00000000000001,887.654854789587,0.0,3.900000000000034,322.6751895262659
3520800.0,900,iso13790,native,True,20.0,1005.884642662214,0.0,1.1000000000000227,70.00901344609461
3524400.0,900,iso13790,native,True,20.0,1073.8365546277955,0.0,0.6000000000000227,-101.56212000000002
3528000.0,900,iso13790,native,True,19.999999999999996,1118.2820520912624,0.0,0.6000000000000227,-101.56212000000002
3531600.0,900,iso13790,native,True,20.00000000000001,1194.6290260666742,0.0,-0.5999999999999659,-101.56212000000002
3535200.0,900,iso13790,native,True,20.000000000000004,1237.9494041620637,0.0,-0.5999999999999659,-101.56212000000002
3538800.0,900,iso13790,native,True,20.000000000000004,1310.305773860297,0.0,-1.6999999999999886,-101.56212000000002
3542400.0,900,iso13790,native,True,20.00000000000001,1334.4624664435155,0.0,-1.099999999999966,-101.56212000000002
3546000.0,900,iso13790,native,True,20.000000000000004,1420.3771381023678,0.0,-2.7999999999999545,-101.56212000000002
3549600.0,900,iso13790,native,True,20.000000000000007,1493.803919198383,0.0,-3.8999999999999773,-101.56212000000002
3553200.0,900,iso13790,native,True,20.000000000000007,1551.4590508121328,0.0,-4.399999999999977,-101.56212000000002
3556800.0,900,iso13790,native,True,20.000000000000007,1593.278225460885,0.0,-4.399999999999977,-101.56212000000002
3560400.0,900,iso13790,native,True,19.999999999999996,1616.960874944624,0.0,-3.8999999999999773,-101.56212000000002
3564000.0,900,iso13790,native,True,20.00000000000001,1682.4632480874914,0.0,-5.0,-101.56212000000002
3567600.0,900,iso13790,native,True,19.999999999999993,1735.6826051819012,0.0,-5.599999999999966,-100.53516734507626
3571200.0,900,iso13790,native,True,20.000000000000007,1704.6197958190505,0.0,-3.8999999999999773,61.892677144114934
3574800.0,900,iso13790,native,True,19.999999999999993,1622.4129843366522,0.0,-1.099999999999966,215.43387328619008
3578400.0,900,iso13790,native,True,20.000000000000018,1488.3306382578892,0.0,2.8000000000000114,335.45100434029104
3582000.0,900,iso13790,native,True,20.000000000000004,1366.7666483687296,0.0,5.600000000000023,411.797728806235
3585600.0,900,iso13790,native,True,19.999999999999993,1240.2347639980826,0.0,8.300000000000011,419.00772979086264
3589200.0,900,iso13790,native,True,20.0,1217.0773478435492,0.0,7.2000000000000455,420.04210188220884
3592800.0,900,iso13790,native,True,20.0,1088.713117704,0.0,5.0,1884.8958975853213
3596400.0,900,iso13790,native,True,19.999999999999986,1114.5748005844434,0.0,1.7000000000000455,1514.8250902072277
3600000.0,900,iso13790,native,True,19.999999999999996,1208.495818912685,0.0,0.6000000000000227,259.838694
3603600.0,900,iso13790,native,True,20.00000000000001,1323.016952454377,0.0,-2.1999999999999886,60.25913999999999
3607200.0,900,iso13790,native,True,19.999999999999993,1423.0775716105636,0.0,-3.8999999999999773,-90.77403600000002
3610800.0,900,iso13790,native,True,20.000000000000014,1486.8412884157387,0.0,-4.399999999999977,-101.56212000000002
3614400.0,900,iso13790,native,True,20.000000000000007,1551.5831865225036,0.0,-5.0,-101.56212000000002
3618000.0,900,iso13790,native,True,19.999999999999993,1615.4136337023742,0.0,-5.599999999999966,-101.56212000000002
3621600.0,900,iso13790,native,True,20.0,1660.6709154395594,0.0,-5.599999999999966,-101.56212000000002
3625200.0,900,iso13790,native,True,20.000000000000004,1702.2947190401303,0.0,-5.599999999999966,-101.56212000000002
3628800.0,900,iso13790,native,True,19.999999999999993,1755.3558333260692,0.0,-6.099999999999966,-101.56212000000002
3632400.0,900,iso13790,native,True,20.0,1792.949821051295,0.0,-6.099999999999966,-101.56212000000002
3636000.0,900,iso13790,native,True,19.999999999999993,1812.746502489011,0.0,-5.599999999999966,-101.56212000000002
3639600.0,900,iso13790,native,True,20.000000000000004,1874.674892296222,0.0,-6.699999999999989,-101.56212000000002
3643200.0,900,iso13790,native,True,20.000000000000004,1954.2687458200912,0.0,-8.299999999999955,-101.56212000000002
3646800.0,900,iso13790,native,True,20.000000000000004,2041.8584892223141,0.0,-10.0,-101.56212000000002
3650400.0,900,iso13790,native,True,19.999999999999993,2084.311893480427,0.0,-10.0,-101.56212000000002
3654000.0,900,iso13790,native,True,19.999999999999996,2155.8013753926884,0.0,-11.099999999999966,-100.87161734756322
3657600.0,900,iso13790,native,True,20.000000000000007,2142.9053937443746,0.0,-10.0,112.71733752133076
3661200.0,900,iso13790,native,True,19.999999999999996,2075.9037478675546,0.0,-7.199999999999989,167.87977635912353
3664800.0,900,iso13790,native,True,19.999999999999993,1966.50356999789,0.0,-3.8999999999999773,318.81629568597367
3668400.0,900,iso13790,native,True,20.00000000000001,1887.9791127908384,0.0,-2.1999999999999886,394.76365812381323
3672000.0,900,iso13790,native,True,20.000000000000004,1838.8176180979174,0.0,-1.6999999999999886,427.5009886304115
3675600.0,900,iso13790,native,True,20.000000000000004,1807.2211811508405,0.0,-1.6999999999999886,416.52392394341024
3679200.0,900,iso13790,native,True,19.999999999999993,1605.4977405626778,0.0,-0.5999999999999659,1804.2249003452716
3682800.0,900,iso13790,native,True,20.000000000000004,1332.5110898187934,0.0,0.6000000000000227,3115.309797080489
3686400.0,900,iso13790,native,True,20.000000000000014,1083.3778854019527,0.0,0.0,4058.835923335088
3690000.0,900,iso13790,native,True,20.000000000000007,891.6005759486279,0.0,0.0,3928.0576038077397
3693600.0,900,iso13790,native,True,20.000000000000004,1094.8592254301511,0.0,-2.7999999999999545,927.4925470671483
3697200.0,900,iso13790,native,True,19.999999999999993,1217.7331451158736,0.0,-3.2999999999999545,-101.56212000000002
3700800.0,900,iso13790,native,True,19.999999999999996,1346.4709246230339,0.0,-5.599999999999966,-101.56212000000002
3704400.0,900,iso13790,native,True,20.00000000000001,1445.83422109679,0.0,-6.699999999999989,-101.56212000000002
3708000.0,900,iso13790,native,True,20.000000000000004,1592.3714876089866,0.0,-9.399999999999977,-101.56212000000002
3711600.0,900,iso13790,native,True,20.000000000000004,1651.8465049916533,0.0,-8.899999999999977,-101.56212000000002
3715200.0,900,iso13790,native,True,20.000000000000004,1717.7536923865753,0.0,-8.899999999999977,-101.56212000000002
3718800.0,900,iso13790,native,True,19.999999999999996,1713.3415941191017,0.0,-6.699999999999989,-101.56212000000002
3722400.0,900,iso13790,native,True,19.99999999999999,1773.374116216252,0.0,-7.199999999999989,-101.56212000000002
3726000.0,900,iso13790,native,True,20.0,1817.3798126967322,0.0,-7.199999999999989,-101.56212000000002
3729600.0,900,iso13790,native,True,20.0,1843.0734392387214,0.0,-6.699999999999989,-101.56212000000002
3733200.0,900,iso13790,native,True,19.999999999999996,1892.6904479693799,0.0,-7.199999999999989,-101.56212000000002
3736800.0,900,iso13790,native,True,20.000000000000004,1927.1168399462554,0.0,-7.199999999999989,-101.56212000000002
3740400.0,900,iso13790,native,True,20.000000000000004,1943.5620348725313,0.0,-6.699999999999989,-97.20964909028467
3744000.0,900,iso13790,native,True,19.999999999999993,1871.6057850652392,0.0,-3.8999999999999773,58.72263277357898
3747600.0,900,iso13790,native,True,20.00000000000001,1778.6323420058732,0.0,-1.099999999999966,187.95756724775066
3751200.0,900,iso13790,native,True,20.00000000000001,1652.5011625703712,0.0,2.2000000000000455,297.1674519806388
3754800.0,900,iso13790,native,True,20.00000000000001,1507.2008010064685,0.0,5.600000000000023,367.89886849517586
3758400.0,900,iso13790,native,True,20.000000000000004,1370.135678627361,0.0,8.300000000000011,394.2498941524299
3762000.0,900,iso13790,native,True,19.99999999999999,1251.3746386122928,0.0,10.0,434.1876291247372
3765600.0,900,iso13790,native,True,20.000000000000004,1024.8175334554824,0.0,11.100000000000023,1670.9351150655716
3769200.0,900,iso13790,native,True,19.999999999999993,727.0092100038446,0.0,12.800000000000011,2795.101932811155
3772800.0,900,iso13790,native,True,19.999999999999996,559.0781106196949,0.0,12.800000000000011,2566.4364404822404
3776400.0,900,iso13790,native,True,19.999999999999996,597.1695803539681,0.0,10.600000000000023,1209.3117707516162
3780000.0,900,iso13790,native,True,20.000000000000004,691.2795493694363,0.0,7.800000000000011,417.09474941713086
3783600.0,900,iso13790,native,True,20.0,785.9399312863834,0.0,6.100000000000023,-101.56212000000002
3787200.0,900,iso13790,native,True,19.999999999999996,846.7216297949483,0.0,5.0,-101.56212000000002
3790800.0,900,iso13790,native,True,19.999999999999996,928.2166691117277,0.0,3.3000000000000114,-101.56212000000002
3794400.0,900,iso13790,native,True,20.0,965.0646822345719,0.0,3.3000000000000114,-101.56212000000002
3798000.0,900,iso13790,native,True,20.0,1013.7334300934521,0.0,2.8000000000000114,-101.56212000000002
3801600.0,900,iso13790,native,True,19.999999999999996,1014.7737267181755,0.0,3.900000000000034,-101.56212000000002
3805200.0,900,iso13790,native,True,20.000000000000007,1040.3861632272651,0.0,3.900000000000034,-101.56212000000002
3808800.0,900,iso13790,native,True,20.000000000000007,1096.456272362189,0.0,2.8000000000000114,-101.56212000000002
3812400.0,900,iso13790,native,True,20.000000000000004,1090.855170581072,0.0,3.900000000000034,-101.56212000000002
3816000.0,900,iso13790,native,True,20.000000000000004,1128.0943032535872,0.0,3.3000000000000114,-101.56212000000002
3819600.0,900,iso13790,native,True,20.00000000000001,1213.9230836605939,0.0,1.1000000000000227,-101.56212000000002
3823200.0,900,iso13790,native,True,20.0,1243.549785533164,0.0,1.1000000000000227,-101.56212000000002
3826800.0,900,iso13790,native,True,19.99999999999999,1285.5769846802714,0.0,0.6000000000000227,-101.56212000000002
3830400.0,900,iso13790,native,True,19.999999999999996,1272.7822951364633,0.0,1.1000000000000227,151.33696234600004
3834000.0,900,iso13790,native,True,20.000000000000004,1213.8599523976673,0.0,2.2000000000000455,508.27342027741895
3837600.0,900,iso13790,native,True,20.000000000000004,1061.799891763334,0.0,4.400000000000034,1220.7760625891192
3841200.0,900,iso13790,native,True,20.000000000000004,856.9181167857657,0.0,7.800000000000011,1640.570939003102
3844800.0,900,iso13790,native,True,20.000000000000004,690.0059312672075,0.0,11.700000000000045,1205.087426360961
3848400.0,900,iso13790,native,True,20.000000000000004,662.179630547011,0.0,8.300000000000011,1650.6329478189143
3852000.0,900,iso13790,native,True,19.999999999999996,564.9913579671943,0.0,8.900000000000034,1605.1915920757585
3855600.0,900,iso13790,native,True,19.999999999999996,368.32196299145926,0.0,10.0,2463.4254707216323
3859200.0,900,iso13790,native,True,20.000000000000004,224.93683590851435,0.0,9.400000000000034,2852.086384129817
3862800.0,900,iso13790,native,True,20.000000000000004,258.7971001850282,0.0,7.800000000000011,1696.0721861984696
3866400.0,900,iso13790,native,True,20.000000000000004,489.5516025364965,0.0,3.900000000000034,44.17501537098142
3870000.0,900,iso13790,native,True,20.000000000000004,613.3936132547283,0.0,2.2000000000000455,-101.56212000000002
3873600.0,900,iso13790,native,True,19.999999999999996,698.1545572025701,0.0,1.7000000000000455,-101.56212000000002
3877200.0,900,iso13790,native,True,20.0,797.4173212231492,0.0,0.6000000000000227,-101.56212000000002
3880800.0,900,iso13790,native,True,20.000000000000004,864.0551201807253,0.0,0.6000000000000227,-101.56212000000002
3884400.0,900,iso13790,native,True,19.999999999999996,960.8126880623128,0.0,-0.5999999999999659,-101.56212000000002
3888000.0,900,iso13790,native,True,19.999999999999996,1022.9049967622753,0.0,-0.5999999999999659,-101.56212000000002
3891600.0,900,iso13790,native,True,20.00000000000001,1112.5261937478765,0.0,-1.6999999999999886,-101.56212000000002
3895200.0,900,iso13790,native,True,20.000000000000004,1185.0755735475516,0.0,-2.1999999999999886,-101.56212000000002
3898800.0,900,iso13790,native,True,20.000000000000004,1305.6211436589167,0.0,-4.399999999999977,-101.56212000000002
3902400.0,900,iso13790,native,True,20.000000000000004,1384.912290165347,0.0,-5.0,-101.56212000000002
3906000.0,900,iso13790,native,True,20.000000000000018,1462.1239002140042,0.0,-5.599999999999966,-101.56212000000002
3909600.0,900,iso13790,native,True,20.000000000000018,1484.2182583684662,0.0,-4.399999999999977,-101.56212000000002
3913200.0,900,iso13790,native,True,19.999999999999996,1549.0637884869382,0.0,-5.0,-100.49975203246109
3916800.0,900,iso13790,native,True,19.999999999999996,1476.9290086474055,0.0,-1.6999999999999886,106.35764872850086
3920400.0,900,iso13790,native,True,19.999999999999993,1372.8703216720053,0.0,1.7000000000000455,299.4057130052389
3924000.0,900,iso13790,native,True,19.999999999999996,1230.8809448111726,0.0,5.600000000000023,447.5713927592974
3927600.0,900,iso13790,native,True,19.999999999999996,1086.0908509354304,0.0,8.900000000000034,546.739511084867
3931200.0,900,iso13790,native,True,20.000000000000004,976.1219310100395,0.0,10.600000000000023,591.2089081842735
3934800.0,900,iso13790,native,True,19.999999999999996,883.3462472277047,0.0,11.700000000000045,581.2731688199262
3938400.0,900,iso13790,native,True,19.999999999999996,671.719299547091,0.0,12.800000000000011,1753.7669961550346
3942000.0,900,iso13790,native,True,20.000000000000004,398.2183326453867,0.0,13.900000000000034,2923.5841736580137
3945600.0,900,iso13790,native,True,19.999999999999996,143.75208463411047,0.0,13.900000000000034,3660.9960779999424
3949200.0,900,iso13790,native,True,20.000000000000007,66.93726395236946,0.0,11.100000000000023,3213.5899025504877
3952800.0,900,iso13790,native,True,19.999999999999996,287.67320680682604,0.0,7.800000000000011,487.6085220770963
3956400.0,900,iso13790,native,True,20.0,417.5498153532275,0.0,6.100000000000023,-101.56212000000002
3960000.0,900,iso13790,native,True,20.000000000000004,525.6425824151471,0.0,4.400000000000034,-101.56212000000002
3963600.0,900,iso13790,native,True,20.000000000000004,651.9808574087739,0.0,2.2000000000000455,-101.56212000000002
3967200.0,900,iso13790,native,True,20.000000000000007,718.8647515365868,0.0,2.2000000000000455,-101.56212000000002
3970800.0,900,iso13790,native,True,20.000000000000004,795.1579515042139,0.0,1.7000000000000455,-101.56212000000002
3974400.0,900,iso13790,native,True,20.000000000000004,839.3397630635942,0.0,2.2000000000000455,-101.56212000000002
3978000.0,900,iso13790,native,True,19.999999999999986,938.4745995391125,0.0,0.6000000000000227,-101.56212000000002
3981600.0,900,iso13790,native,True,19.999999999999986,928.7596923139935,0.0,2.8000000000000114,-101.56212000000002
3985200.0,900,iso13790,native,True,20.000000000000004,871.5941692603612,0.0,6.100000000000023,-101.56212000000002
3988800.0,900,iso13790,native,True,19.99999999999999,907.7642321370306,0.0,5.600000000000023,-101.56212000000002
3992400.0,900,iso13790,native,True,19.999999999999996,947.5581557958903,0.0,5.0,-101.56212000000002
3996000.0,900,iso13790,native,True,19.999999999999996,938.1947193069507,0.0,6.100000000000023,-101.56212000000002
3999600.0,900,iso13790,native,True,20.000000000000004,986.7526513356814,0.0,5.0,-101.56212000000002
4003200.0,900,iso13790,native,True,20.00000000000001,932.73312262584,0.0,6.7000000000000455,134.5799886239398
4006800.0,900,iso13790,native,True,20.000000000000004,875.5828118639611,0.0,7.2000000000000455,533.9923694784918
4010400.0,900,iso13790,native,True,19.999999999999993,735.1824989805245,0.0,10.0,853.9680058159586
4014000.0,900,iso13790,native,True,20.0,640.1257624319676,0.0,11.100000000000023,942.7437279486086
4017600.0,900,iso13790,native,True,20.000000000000004,488.16783118956613,0.0,14.400000000000034,894.9455910546084
4021200.0,900,iso13790,native,True,20.000000000000004,320.59707544983036,0.0,16.700000000000045,1211.6897077050583
4024800.0,900,iso13790,native,True,20.0,149.19944627954428,0.0,17.200000000000045,1874.0794397864593
4028400.0,900,iso13790,native,True,20.17898897484131,0.0,0.0,18.30000000000001,2341.002430039599
4032000.0,900,iso13790,native,True,20.036555250092277,0.0,0.0,15.0,1491.7306833664186
4035600.0,900,iso13790,native,True,20.000000000000004,60.39448700341002,0.0,11.100000000000023,1251.3047893540781
4039200.0,900,iso13790,native,True,20.0,223.7942792729094,0.0,8.900000000000034,-38.08268192503541
4042800.0,900,iso13790,native,True,20.000000000000004,377.264903166086,0.0,5.600000000000023,-101.56212000000002
4046400.0,900,iso13790,native,True,20.000000000000004,477.38482377671613,0.0,4.400000000000034,-101.56212000000002
4050000.0,900,iso13790,native,True,20.000000000000004,542.5695389195151,0.0,4.400000000000034,-101.56212000000002
4053600.0,900,iso13790,native,True,20.000000000000004,602.5209031357591,0.0,4.400000000000034,-101.56212000000002
4057200.0,900,iso13790,native,True,20.00000000000001,672.4381509379466,0.0,3.900000000000034,-101.56212000000002
4060800.0,900,iso13790,native,True,20.000000000000004,775.7838343618239,0.0,2.2000000000000455,-101.56212000000002
4064400.0,900,iso13790,native,True,19.999999999999996,767.7002828519472,0.0,4.400000000000034,-101.56212000000002
4068000.0,900,iso13790,native,True,19.999999999999993,889.3840452035981,0.0,1.7000000000000455,-101.56212000000002
4071600.0,900,iso13790,native,True,20.000000000000004,1008.7637419024834,0.0,-0.5999999999999659,-101.56212000000002
4075200.0,900,iso13790,native,True,19.999999999999996,1031.5365225378305,0.0,0.6000000000000227,-101.56212000000002
4078800.0,900,iso13790,native,True,19.999999999999993,1079.3780755282164,0.0,0.6000000000000227,-101.56212000000002
4082400.0,900,iso13790,native,True,19.999999999999996,1076.0856315240985,0.0,2.2000000000000455,-101.56212000000002
4086000.0,900,iso13790,native,True,20.000000000000007,1141.4342649701664,0.0,1.1000000000000227,-101.56212000000002
4089600.0,900,iso13790,native,True,20.000000000000004,1089.9843555833763,0.0,3.3000000000000114,115.6481379842977
4093200.0,900,iso13790,native,True,19.999999999999996,843.4685028171583,0.0,9.400000000000034,879.1412461051805
4096800.0,900,iso13790,native,True,20.000000000000004,785.6394255852973,0.0,10.0,685.9680119999999
4100400.0,900,iso13790,native,True,20.00000000000001,679.0720791501569,0.0,11.100000000000023,950.2760699999999
4104000.0,900,iso13790,native,True,20.000000000000004,598.4740887752625,0.0,13.300000000000011,481.0315026464447
4107600.0,900,iso13790,native,True,19.999999999999996,328.68819106203796,0.0,15.0,2229.202472323801
4111200.0,900,iso13790,native,True,19.999999999999996,204.1946402700728,0.0,16.100000000000023,1749.3612671320875
4114800.0,900,iso13790,native,True,20.0,81.58363587061493,0.0,16.700000000000045,1708.5666303921685
4118400.0,900,iso13790,native,True,20.279394811275402,0.0,0.0,15.600000000000023,2619.5573772754287
4122000.0,900,iso13790,native,True,20.261849770091167,0.0,0.0,15.0,1356.9326604499038
4125600.0,900,iso13790,native,True,20.0,56.147840055938914,0.0,12.800000000000011,127.70697578586928
4129200.0,900,iso13790,native,True,19.999999999999996,352.57641528970544,0.0,4.400000000000034,-101.56212000000002
4132800.0,900,iso13790,native,True,19.999999999999996,507.58837232907734,0.0,1.7000000000000455,-101.56212000000002
4136400.0,900,iso13790,native,True,20.000000000000004,344.3041163397968,0.0,10.0,-101.56212000000002
4140000.0,900,iso13790,native,True,20.0,412.6812546399522,0.0,8.900000000000034,-101.56212000000002
4143600.0,900,iso13790,native,True,20.0,418.39911292928207,0.0,10.0,-101.56212000000002
4147200.0,900,iso13790,native,True,20.000000000000004,430.5786830481156,0.0,10.600000000000023,-101.56212000000002
4150800.0,900,iso13790,native,True,19.999999999999996,490.6987395490007,0.0,9.400000000000034,-101.56212000000002
4154400.0,900,iso13790,native,True,19.999999999999996,533.8740525100922,0.0,8.900000000000034,-101.56212000000002
4158000.0,900,iso13790,native,True,19.999999999999996,612.6247757198603,0.0,7.2000000000000455,-101.56212000000002
4161600.0,900,iso13790,native,True,20.000000000000004,581.9208688943215,0.0,9.400000000000034,-101.56212000000002
4165200.0,900,iso13790,native,True,19.999999999999996,635.5073089974153,0.0,8.300000000000011,-101.56212000000002
4168800.0,900,iso13790,native,True,20.000000000000004,739.9429112937032,0.0,5.600000000000023,-101.56212000000002
4172400.0,900,iso13790,native,True,20.0,842.8743599042111,0.0,3.3000000000000114,-95.75298978157431
4176000.0,900,iso13790,native,True,20.000000000000007,713.1859791944402,0.0,8.300000000000011,154.98737921796607
4179600.0,900,iso13790,native,True,19.999999999999993,576.214089422587,0.0,12.800000000000011,222.09981785294423
4183200.0,900,iso13790,native,True,19.999999999999993,512.7563583165357,0.0,13.900000000000034,306.6237743942736
4186800.0,900,iso13790,native,True,20.000000000000004,411.2152988774933,0.0,13.900000000000034,1013.8763880019353
4190400.0,900,iso13790,native,True,19.999999999999996,381.42480881668547,0.0,14.400000000000034,515.598974998607
4194000.0,900,iso13790,native,True,20.0,313.59814292215935,0.0,13.900000000000034,977.8454985992379
4197600.0,900,iso13790,native,True,20.0,168.5674641635709,0.0,14.400000000000034,1723.800674365378
4201200.0,900,iso13790,native,True,20.000000000000004,0.18515042867119458,0.0,14.400000000000034,2478.258891963956
4204800.0,900,iso13790,native,True,20.255151518901105,0.0,0.0,11.700000000000045,2746.154181541975
4208400.0,900,iso13790,native,True,20.0,33.894664052065906,0.0,8.900000000000034,1327.694698222752
4212000.0,900,iso13790,native,True,19.999999999999996,112.49461778851622,0.0,8.900000000000034,365.8078548837256
4215600.0,900,iso13790,native,True,20.0,243.71863052408165,0.0,7.2000000000000455,-101.56212000000002
4219200.0,900,iso13790,native,True,20.000000000000004,390.4230838193833,0.0,4.400000000000034,-101.56212000000002
4222800.0,900,iso13790,native,True,20.000000000000004,477.3685922622514,0.0,3.900000000000034,-101.56212000000002
4226400.0,900,iso13790,native,True,20.000000000000004,563.8614579002575,0.0,3.3000000000000114,-101.56212000000002
4230000.0,900,iso13790,native,True,20.000000000000004,629.961707195526,0.0,3.3000000000000114,-101.56212000000002
4233600.0,900,iso13790,native,True,19.999999999999993,705.5341772087596,0.0,2.8000000000000114,-101.56212000000002
4237200.0,900,iso13790,native,True,20.000000000000004,749.0531225746979,0.0,3.3000000000000114,-101.56212000000002
4240800.0,900,iso13790,native,True,20.000000000000004,815.064345481855,0.0,2.8000000000000114,-101.56212000000002
4244400.0,900,iso13790,native,True,19.999999999999993,864.5687431381432,0.0,2.8000000000000114,-101.56212000000002
4248000.0,900,iso13790,native,True,20.000000000000007,942.6126487595415,0.0,1.7000000000000455,-101.56212000000002
4251600.0,900,iso13790,native,True,20.000000000000007,1007.4700343841807,0.0,1.1000000000000227,-101.56212000000002
4255200.0,900,iso13790,native,True,20.000000000000014,1103.9206627208275,0.0,-0.5999999999999659,-101.56212000000002
4258800.0,900,iso13790,native,True,19.999999999999996,1201.779742249281,0.0,-2.1999999999999886,-101.19605590681697
4262400.0,900,iso13790,native,True,19.999999999999996,1147.5605611314145,0.0,0.6000000000000227,153.18406017642423
4266000.0,900,iso13790,native,True,20.000000000000004,1073.0421657538336,0.0,2.2000000000000455,652.4552216679501
4269600.0,900,iso13790,native,True,20.000000000000007,974.1210010890686,0.0,4.400000000000034,862.3873788007577
4273200.0,900,iso13790,native,True,20.000000000000004,858.6710579958384,0.0,6.7000000000000455,1003.1539505877518
4276800.0,900,iso13790,native,True,19.999999999999996,794.4011469295214,0.0,7.2000000000000455,1007.8972560451277
4280400.0,900,iso13790,native,True,19.999999999999993,745.7930023197529,0.0,6.7000000000000455,1163.5760862766608
4284000.0,900,iso13790,native,True,20.000000000000007,800.211359965161,0.0,4.400000000000034,804.636936
4287600.0,900,iso13790,native,True,20.000000000000004,801.768396737506,0.0,4.400000000000034,632.027592
4291200.0,900,iso13790,native,True,19.999999999999993,585.4331925805152,0.0,5.600000000000023,2374.3256750387764
4294800.0,900,iso13790,native,True,20.000000000000004,556.5363415780785,0.0,4.400000000000034,1994.8540195421333
4298400.0,900,iso13790,native,True,20.000000000000004,740.4356349270615,0.0,2.2000000000000455,132.67199129207995
4302000.0,900,iso13790,native,True,20.0,856.8543208098382,0.0,0.6000000000000227,-101.56212000000002
4305600.0,900,iso13790,native,True,19.999999999999996,936.4551141363946,0.0,0.0,-101.56212000000002
4309200.0,900,iso13790,native,True,19.999999999999996,1028.7305862776604,0.0,-1.099999999999966,-101.56212000000002
4312800.0,900,iso13790,native,True,19.999999999999993,1088.942067663329,0.0,-1.099999999999966,-101.56212000000002
4316400.0,900,iso13790,native,True,19.999999999999996,1162.054364193427,0.0,-1.6999999999999886,-101.56212000000002
4320000.0,900,iso13790,native,True,20.000000000000004,1198.113412266638,0.0,-1.099999999999966,-101.56212000000002
4323600.0,900,iso13790,native,True,20.000000000000004,1244.7260036764842,0.0,-1.099999999999966,-101.56212000000002
4327200.0,900,iso13790,native,True,20.000000000000004,1305.3311962928638,0.0,-1.6999999999999886,-101.56212000000002
4330800.0,900,iso13790,native,True,20.000000000000004,1329.887272536263,0.0,-1.099999999999966,-101.56212000000002
4334400.0,900,iso13790,native,True,20.000000000000004,1383.655297814906,0.0,-1.6999999999999886,-101.56212000000002
4338000.0,900,iso13790,native,True,20.00000000000001,1434.4370938355123,0.0,-2.1999999999999886,-101.56212000000002
4341600.0,900,iso13790,native,True,20.000000000000004,1520.1836140708006,0.0,-3.8999999999999773,-101.56212000000002
4345200.0,900,iso13790,native,True,20.0,1542.2036611768672,0.0,-3.2999999999999545,-91.59747987906306
4348800.0,900,iso13790,native,True,20.000000000000004,1519.79737936838,0.0,-2.1999999999999886,146.6903783182427
4352400.0,900,iso13790,native,True,20.000000000000007,1459.398484113156,0.0,0.0,235.33145752930966
4356000.0,900,iso13790,native,True,20.000000000000004,1348.8035071513827,0.0,3.3000000000000114,338.13794318506694
4359600.0,900,iso13790,native,True,20.000000000000004,1285.5192968117196,0.0,4.400000000000034,408.87978760449846
4363200.0,900,iso13790,native,True,20.000000000000004,1216.656898976588,0.0,5.600000000000023,435.36652138840725
4366800.0,900,iso13790,native,True,20.000000000000004,1168.8341119082463,0.0,6.100000000000023,412.1593958382597
4370400.0,900,iso13790,native,True,20.000000000000018,992.0789655156948,0.0,6.7000000000000455,1656.8950118413002
4374000.0,900,iso13790,native,True,19.999999999999993,788.1605144612945,0.0,6.7000000000000455,2694.391183685066
4377600.0,900,iso13790,native,True,20.000000000000004,758.7824841666143,0.0,6.100000000000023,1710.5742386652348
4381200.0,900,iso13790,native,True,19.999999999999996,709.0304708426148,0.0,5.600000000000023,1559.7952277670734
4384800.0,900,iso13790,native,True,19.999999999999996,852.4162024704016,0.0,3.3000000000000114,185.3116194023147
4388400.0,900,iso13790,native,True,19.999999999999993,921.5720002310267,0.0,2.8000000000000114,-101.56212000000002
4392000.0,900,iso13790,native,True,20.000000000000007,980.2603275435305,0.0,2.2000000000000455,-101.56212000000002
4395600.0,900,iso13790,native,True,19.999999999999986,1035.5673994457477,0.0,1.7000000000000455,-101.56212000000002
4399200.0,900,iso13790,native,True,20.000000000000007,1092.9619185139316,0.0,1.1000000000000227,-101.56212000000002
4402800.0,900,iso13790,native,True,20.0,1132.299980239972,0.0,1.1000000000000227,-101.56212000000002
4406400.0,900,iso13790,native,True,20.0,1183.2588633000198,0.0,0.6000000000000227,-101.56212000000002
4410000.0,900,iso13790,native,True,20.00000000000001,1236.6542876051562,0.0,0.0,-101.56212000000002
4413600.0,900,iso13790,native,True,20.000000000000004,1304.8282871974845,0.0,-1.099999999999966,-101.56212000000002
4417200.0,900,iso13790,native,True,19.999999999999996,1360.608171603745,0.0,-1.6999999999999886,-101.56212000000002
4420800.0,900,iso13790,native,True,20.000000000000007,1430.975195061697,0.0,-2.7999999999999545,-101.56212000000002
4424400.0,900,iso13790,native,True,20.000000000000018,1518.3301870422574,0.0,-4.399999999999977,-101.56212000000002
4428000.0,900,iso13790,native,True,20.00000000000001,1580.5440008206276,0.0,-5.0,-101.56212000000002
4431600.0,900,iso13790,native,True,19.999999999999996,1605.343504116358,0.0,-4.399999999999977,-89.28498109943457
4435200.0,900,iso13790,native,True,20.000000000000007,1554.3684794685691,0.0,-2.1999999999999886,136.1235656082339
4438800.0,900,iso13790,native,True,19.999999999999993,1588.5624127016154,0.0,-3.2999999999999545,232.86848399999997
4442400.0,900,iso13790,native,True,20.00000000000001,1547.693234637394,0.0,-2.1999999999999886,421.65995399999997
4446000.0,900,iso13790,native,True,20.000000000000004,1482.6243621064732,0.0,-1.099999999999966,691.3620540000001
4449600.0,900,iso13790,native,True,20.000000000000004,1398.5261009056783,0.0,0.0,961.064154
4453200.0,900,iso13790,native,True,19.999999999999986,1336.6862892552003,0.0,0.6000000000000227,982.640322
4456800.0,900,iso13790,native,True,19.999999999999993,1301.723384163098,0.0,0.6000000000000227,907.123734
4460400.0,900,iso13790,native,True,20.000000000000004,1301.1251063949971,0.0,0.0,739.908432
4464000.0,900,iso13790,native,True,20.000000000000004,1305.437277243341,0.0,0.0,491.7824999999999
4467600.0,900,iso13790,native,True,20.000000000000007,1347.109243919605,0.0,-0.5999999999999659,195.11018999999996
4471200.0,900,iso13790,native,True,20.00000000000001,1434.599400294171,0.0,-2.1999999999999886,-74.59191000000001
4474800.0,900,iso13790,native,True,20.000000000000004,1488.8947358129185,0.0,-2.7999999999999545,-101.56212000000002
4478400.0,900,iso13790,native,True,19.999999999999986,1539.0856954077608,0.0,-3.2999999999999545,-101.56212000000002
4482000.0,900,iso13790,native,True,20.000000000000004,1541.5259930909758,0.0,-2.1999999999999886,-101.56212000000002
4485600.0,900,iso13790,native,True,19.99999999999998,1600.9399972052481,0.0,-3.2999999999999545,-101.56212000000002
4489200.0,900,iso13790,native,True,20.000000000000007,1663.4422570912318,0.0,-4.399999999999977,-101.56212000000002
4492800.0,900,iso13790,native,True,20.0,1714.0057570716235,0.0,-5.0,-101.56212000000002
4496400.0,900,iso13790,native,True,19.999999999999993,1764.7961179641684,0.0,-5.599999999999966,-101.56212000000002
4500000.0,900,iso13790,native,True,19.999999999999993,1863.0881670502938,0.0,-7.7999999999999545,-101.56212000000002
4503600.0,900,iso13790,native,True,20.000000000000004,1886.4426345287125,0.0,-7.199999999999989,-101.56212000000002
4507200.0,900,iso13790,native,True,20.000000000000004,1906.5915565823384,0.0,-6.699999999999989,-101.56212000000002
4510800.0,900,iso13790,native,True,20.0,1936.3299418415256,0.0,-6.699999999999989,-101.56212000000002
4514400.0,900,iso13790,native,True,20.0,1978.4598578812893,0.0,-7.199999999999989,-101.56212000000002
4518000.0,900,iso13790,native,True,20.00000000000001,1991.2211827039318,0.0,-6.699999999999989,-101.56212000000002
4521600.0,900,iso13790,native,True,20.00000000000001,2001.6745887060956,0.0,-6.699999999999989,22.50084599999999
4525200.0,900,iso13790,native,True,20.0,1969.7201420804365,0.0,-6.099999999999966,308.385072
4528800.0,900,iso13790,native,True,20.000000000000007,1916.3773857030353,0.0,-5.0,470.2063319999999
4532400.0,900,iso13790,native,True,19.99999999999999,1847.9926686172691,0.0,-3.8999999999999773,648.2097180000001
4536000.0,900,iso13790,native,True,20.00000000000001,1807.0790611219031,0.0,-3.8999999999999773,745.302474
4539600.0,900,iso13790,native,True,20.000000000000004,1754.3158471476133,0.0,-3.8999999999999773,934.093944
4543200.0,900,iso13790,native,True,20.0,1703.7304903793831,0.0,-3.2999999999999545,853.183314
4546800.0,900,iso13790,native,True,19.999999999999996,1684.805562739151,0.0,-3.2999999999999545,680.5739699999999
4550400.0,900,iso13790,native,True,19.999999999999993,1703.7737725056156,0.0,-3.8999999999999773,427.0539959999999
4554000.0,900,iso13790,native,True,19.999999999999993,1708.7055041600565,0.0,-3.2999999999999545,141.16977
4557600.0,900,iso13790,native,True,20.000000000000004,1767.3505362390972,0.0,-4.399999999999977,-53.01574200000001
4561200.0,900,iso13790,native,True,19.99999999999999,1793.7733368631664,0.0,-4.399999999999977,-101.56212000000002
4564800.0,900,iso13790,native,True,20.0,1833.8732139591264,0.0,-5.0,-101.56212000000002
4568400.0,900,iso13790,native,True,19.999999999999993,1875.040023299869,0.0,-5.599999999999966,-101.56212000000002
4572000.0,900,iso13790,native,True,20.000000000000007,1899.4532159959035,0.0,-5.599999999999966,-101.56212000000002
4575600.0,900,iso13790,native,True,20.0,1921.906396987714,0.0,-5.599999999999966,-101.56212000000002
4579200.0,900,iso13790,native,True,20.0,1975.0708912441614,0.0,-6.699999999999989,-101.56212000000002
4582800.0,900,iso13790,native,True,20.000000000000007,2031.8253827945857,0.0,-7.7999999999999545,-101.56212000000002
4586400.0,900,iso13790,native,True,20.00000000000001,2091.881648922607,0.0,-8.899999999999977,-101.56212000000002
4590000.0,900,iso13790,native,True,20.00000000000001,2122.460641307948,0.0,-8.899999999999977,-101.56212000000002
4593600.0,900,iso13790,native,True,20.000000000000007,2183.098566679939,0.0,-10.0,-101.56212000000002
4597200.0,900,iso13790,native,True,19.999999999999993,2246.7264853792117,0.0,-11.099999999999966,-101.56212000000002
4600800.0,900,iso13790,native,True,19.999999999999996,2313.104345971705,0.0,-12.199999999999989,-101.56212000000002
4604400.0,900,iso13790,native,True,20.000000000000004,2333.9659212672555,0.0,-11.699999999999989,-94.08876491763755
4608000.0,900,iso13790,native,True,19.999999999999982,2122.407884337352,0.0,-4.399999999999977,168.88118098088674
4611600.0,900,iso13790,native,True,19.999999999999996,2014.3732833622448,0.0,-2.1999999999999886,392.83189446397114
4615200.0,900,iso13790,native,True,20.000000000000014,1924.49831127634,0.0,-1.099999999999966,554.1810730031411
4618800.0,900,iso13790,native,True,20.000000000000004,1796.2601613784914,0.0,1.1000000000000227,669.8217728102875
4622400.0,900,iso13790,native,True,19.99999999999999,1709.46501860364,0.0,1.7000000000000455,719.8998395257355
4626000.0,900,iso13790,native,True,19.999999999999993,1613.522058776512,0.0,2.8000000000000114,710.4469375978732
4629600.0,900,iso13790,native,True,19.999999999999986,1433.7238452405184,0.0,3.900000000000034,1538.0567429971386
4633200.0,900,iso13790,native,True,19.999999999999996,1167.9000500800198,0.0,5.600000000000023,2609.5836418144954
4636800.0,900,iso13790,native,True,19.999999999999996,983.0325287171307,0.0,6.100000000000023,2673.673809363117
4640400.0,900,iso13790,native,True,19.999999999999993,1066.006668802837,0.0,3.3000000000000114,1119.4900523224962
4644000.0,900,iso13790,native,True,20.000000000000004,1101.1717516709077,0.0,3.3000000000000114,289.05563809051625
4647600.0,900,iso13790,native,True,19.999999999999986,1204.743314194378,0.0,1.1000000000000227,-101.56212000000002
4651200.0,900,iso13790,native,True,20.0,1267.620978852592,0.0,0.0,-101.56212000000002
4654800.0,900,iso13790,native,True,20.000000000000004,1268.280888409866,0.0,1.1000000000000227,-101.56212000000002
4658400.0,900,iso13790,native,True,19.999999999999996,1326.0574427515949,0.0,0.0,-101.56212000000002
4662000.0,900,iso13790,native,True,20.00000000000001,1336.8048595754833,0.0,0.6000000000000227,-101.56212000000002
4665600.0,900,iso13790,native,True,20.000000000000014,1262.5960658833983,0.0,3.900000000000034,-101.56212000000002
4669200.0,900,iso13790,native,True,19.999999999999996,1333.3400319234706,0.0,1.7000000000000455,-101.56212000000002
4672800.0,900,iso13790,native,True,19.999999999999986,1366.8278931399302,0.0,1.1000000000000227,-101.56212000000002
4676400.0,900,iso13790,native,True,20.000000000000007,1301.4158202058788,0.0,3.900000000000034,-101.56212000000002
4680000.0,900,iso13790,native,True,19.999999999999996,1354.2640693610626,0.0,2.2000000000000455,-101.56212000000002
4683600.0,900,iso13790,native,True,20.000000000000004,1299.7372670492764,0.0,4.400000000000034,-101.56212000000002
4687200.0,900,iso13790,native,True,19.99999999999999,1363.927396941733,0.0,2.2000000000000455,-101.56212000000002
4690800.0,900,iso13790,native,True,20.000000000000007,1322.1642643887815,0.0,3.900000000000034,-89.24982210495529
4694400.0,900,iso13790,native,True,19.999999999999996,1296.832906970575,0.0,3.900000000000034,164.19512615647562
4698000.0,900,iso13790,native,True,20.000000000000004,1160.0170635452337,0.0,7.2000000000000455,423.29619801147055
4701600.0,900,iso13790,native,True,19.999999999999996,999.3998015493163,0.0,10.0,784.0983480085282
4705200.0,900,iso13790,native,True,19.999999999999993,930.8583169909705,0.0,10.600000000000023,587.7939804395813
4708800.0,900,iso13790,native,True,20.000000000000007,817.118479168064,0.0,11.700000000000045,824.2434235883892
4712400.0,900,iso13790,native,True,20.000000000000004,731.4106203411658,0.0,11.700000000000045,975.0894878256089
4716000.0,900,iso13790,native,True,20.000000000000004,593.4111241236732,0.0,12.200000000000045,1475.798247829934
4719600.0,900,iso13790,native,True,20.000000000000004,457.51251531128094,0.0,11.700000000000045,2021.4679455748253
4723200.0,900,iso13790,native,True,20.000000000000004,213.37702933707862,0.0,12.200000000000045,3162.9952141110352
4726800.0,900,iso13790,native,True,20.0,190.30326903721814,0.0,12.200000000000045,1725.551211118278
4730400.0,900,iso13790,native,True,20.000000000000004,230.87662392012362,0.0,11.100000000000023,865.2030428386437
4734000.0,900,iso13790,native,True,20.000000000000004,321.33026984400186,0.0,10.600000000000023,-101.56212000000002
4737600.0,900,iso13790,native,True,20.000000000000007,783.3447302320461,0.0,-3.8999999999999773,-101.56212000000002
4741200.0,900,iso13790,native,True,20.000000000000004,998.5367467042665,0.0,-7.7999999999999545,-101.56212000000002
4744800.0,900,iso13790,native,True,20.000000000000014,1156.3296039532731,0.0,-9.399999999999977,-101.56212000000002
4748400.0,900,iso13790,native,True,20.000000000000007,1283.3261832323046,0.0,-10.0,-101.56212000000002
4752000.0,900,iso13790,native,True,20.000000000000004,1368.9434176615541,0.0,-9.399999999999977,-101.56212000000002
4755600.0,900,iso13790,native,True,20.000000000000007,1478.8703097212515,0.0,-10.0,-101.56212000000002
4759200.0,900,iso13790,native,True,20.000000000000004,1566.5231860393114,0.0,-10.0,-101.56212000000002
4762800.0,900,iso13790,native,True,20.000000000000004,1647.138856465016,0.0,-10.0,-101.56212000000002
4766400.0,900,iso13790,native,True,19.99999999999999,1739.0171929478295,0.0,-10.599999999999966,-101.56212000000002
4770000.0,900,iso13790,native,True,19.999999999999996,1824.8496161344926,0.0,-11.099999999999966,-101.56212000000002
4773600.0,900,iso13790,native,True,19.999999999999993,1892.5838702004673,0.0,-11.099999999999966,-101.56212000000002
4777200.0,900,iso13790,native,True,20.00000000000001,1937.4682654370201,0.0,-10.599999999999966,-75.41216203367641
4780800.0,900,iso13790,native,True,20.000000000000004,1956.6621573413008,0.0,-10.0,89.49150996697298
4784400.0,900,iso13790,native,True,20.00000000000001,1909.9848741310648,0.0,-8.899999999999977,604.4227539922244
4788000.0,900,iso13790,native,True,19.999999999999996,1826.650905189696,0.0,-7.199999999999989,955.5498061246799
4791600.0,900,iso13790,native,True,20.000000000000004,1734.425675132654,0.0,-5.599999999999966,1158.164229490979
4795200.0,900,iso13790,native,True,20.000000000000014,1636.4393243404754,0.0,-4.399999999999977,1373.110235966236
4798800.0,900,iso13790,native,True,19.999999999999993,1542.1046028607232,0.0,-2.1999999999999886,1121.4015952396371
4802400.0,900,iso13790,native,True,19.999999999999993,1398.063168950099,0.0,-1.099999999999966,1757.4583225105305
4806000.0,900,iso13790,native,True,19.99999999999999,1224.865327659236,0.0,0.6000000000000227,2159.71990866937
4809600.0,900,iso13790,native,True,19.99999999999998,976.8395690121854,0.0,1.7000000000000455,3255.9709248709523
4813200.0,900,iso13790,native,True,20.000000000000004,859.9395784732541,0.0,0.6000000000000227,3153.5144780959595
4816800.0,900,iso13790,native,True,20.00000000000001,1058.271943232505,0.0,-2.1999999999999886,652.2224930348534
4820400.0,900,iso13790,native,True,20.0,1204.2864873745568,0.0,-3.8999999999999773,-101.56212000000002
4824000.0,900,iso13790,native,True,20.000000000000018,1285.1855085530729,0.0,-4.399999999999977,-101.56212000000002
4827600.0,900,iso13790,native,True,20.000000000000007,1366.1173287923164,0.0,-5.0,-101.56212000000002
4831200.0,900,iso13790,native,True,19.999999999999996,1459.6169664308065,0.0,-6.099999999999966,-101.56212000000002
4834800.0,900,iso13790,native,True,19.999999999999996,1538.6892215590685,0.0,-6.699999999999989,-101.56212000000002
4838400.0,900,iso13790,native,True,20.000000000000004,1597.9646236121287,0.0,-6.699999999999989,-101.56212000000002
4842000.0,900,iso13790,native,True,19.999999999999993,1652.481103583882,0.0,-6.699999999999989,-101.56212000000002
4845600.0,900,iso13790,native,True,19.999999999999993,1684.8858409482823,0.0,-6.099999999999966,-101.56212000000002
4849200.0,900,iso13790,native,True,20.000000000000007,1745.8723980628688,0.0,-6.699999999999989,-101.56212000000002
4852800.0,900,iso13790,native,True,20.000000000000004,1788.5141112772462,0.0,-6.699999999999989,-101.56212000000002
4856400.0,900,iso13790,native,True,20.000000000000004,1842.5114123650046,0.0,-7.199999999999989,-101.56212000000002
4860000.0,900,iso13790,native,True,19.999999999999996,1880.9664251910838,0.0,-7.199999999999989,-101.56212000000002
4863600.0,900,iso13790,native,True,20.00000000000001,1898.3306555706229,0.0,-6.699999999999989,-69.53598472702475
4867200.0,900,iso13790,native,True,19.999999999999993,1790.520425087218,0.0,-3.2999999999999545,285.7256294464766
4870800.0,900,iso13790,native,True,19.999999999999996,1646.6436835823506,0.0,0.6000000000000227,482.63580488594084
4874400.0,900,iso13790,native,True,20.000000000000007,1423.8340275477094,0.0,6.100000000000023,712.9156721725315
4878000.0,900,iso13790,native,True,19.999999999999993,1215.911228666793,0.0,9.400000000000034,1089.5933934830086
4881600.0,900,iso13790,native,True,20.000000000000007,994.6664725288429,0.0,13.900000000000034,950.4932656298315
4885200.0,900,iso13790,native,True,20.000000000000004,843.9127683150367,0.0,15.600000000000023,874.3920341320818
4888800.0,900,iso13790,native,True,19.999999999999996,696.0919942296481,0.0,15.600000000000023,1313.7992005413623
4892400.0,900,iso13790,native,True,20.0,590.4621611109615,0.0,14.400000000000034,1539.011577568156
4896000.0,900,iso13790,native,True,20.0,342.6068659442853,0.0,15.600000000000023,2505.6766107788567
4899600.0,900,iso13790,native,True,20.000000000000004,289.47481720777375,0.0,14.400000000000034,1771.6766254014601
4903200.0,900,iso13790,native,True,19.999999999999993,513.3288285775227,0.0,7.800000000000011,442.57599770155105
4906800.0,900,iso13790,native,True,20.000000000000004,706.0552133542516,0.0,3.3000000000000114,-101.56212000000002
4910400.0,900,iso13790,native,True,20.000000000000007,793.2534111102214,0.0,2.2000000000000455,-101.56212000000002
4914000.0,900,iso13790,native,True,19.999999999999986,881.3092123259144,0.0,1.1000000000000227,-101.56212000000002
4917600.0,900,iso13790,native,True,19.999999999999993,937.6397988119553,0.0,1.1000000000000227,-101.56212000000002
4921200.0,900,iso13790,native,True,19.999999999999993,989.4478875570069,0.0,1.1000000000000227,-101.56212000000002
4924800.0,900,iso13790,native,True,19.999999999999993,1069.6105325669432,0.0,0.0,-101.56212000000002
4928400.0,900,iso13790,native,True,19.999999999999986,1086.1676988701706,0.0,1.1000000000000227,-101.56212000000002
4932000.0,900,iso13790,native,True,20.000000000000004,1140.8303093596053,0.0,0.6000000000000227,-101.56212000000002
4935600.0,900,iso13790,native,True,20.000000000000004,1197.6321075606759,0.0,0.0,-101.56212000000002
4939200.0,900,iso13790,native,True,20.000000000000004,1236.4250349787021,0.0,0.0,-101.56212000000002
4942800.0,900,iso13790,native,True,19.999999999999993,1272.1034745570207,0.0,0.0,-101.56212000000002
4946400.0,900,iso13790,native,True,19.999999999999986,1287.1825824655996,0.0,0.6000000000000227,-101.56212000000002
4950000.0,900,iso13790,native,True,20.000000000000004,1280.8406114877587,0.0,1.7000000000000455,-90.18900720756251
4953600.0,900,iso13790,native,True,20.000000000000004,1209.7527484701636,0.0,3.3000000000000114,337.6209291287823
4957200.0,900,iso13790,native,True,19.999999999999996,1130.3598739763743,0.0,5.0,503.4065846735076
4960800.0,900,iso13790,native,True,19.999999999999996,1005.9924103014923,0.0,7.800000000000011,635.5400967104133
4964400.0,900,iso13790,native,True,20.0,759.0166103989726,0.0,11.100000000000023,1659.4093119432455
4968000.0,900,iso13790,native,True,20.000000000000004,625.2973718696298,0.0,13.300000000000011,1225.8708800837223
4971600.0,900,iso13790,native,True,20.000000000000004,477.11464002728076,0.0,15.0,1295.0834931108793
4975200.0,900,iso13790,native,True,19.999999999999993,326.19448163852485,0.0,15.600000000000023,1670.181738935676
4978800.0,900,iso13790,native,True,20.0,210.72883089311912,0.0,15.0,1896.7221790638473
4982400.0,900,iso13790,native,True,20.0,213.7972054305609,0.0,13.300000000000011,1266.7266606907901
4986000.0,900,iso13790,native,True,20.0,180.430337394419,0.0,12.200000000000045,1321.0464411836108
4989600.0,900,iso13790,native,True,20.0,283.96159287124834,0.0,11.100000000000023,87.47629702541315
4993200.0,900,iso13790,native,True,20.0,374.60044342521195,0.0,9.400000000000034,-101.56212000000002
4996800.0,900,iso13790,native,True,20.0,444.83159139189115,0.0,8.300000000000011,-101.56212000000002
5000400.0,900,iso13790,native,True,20.000000000000004,517.2825413880273,0.0,7.2000000000000455,-101.56212000000002
5004000.0,900,iso13790,native,True,20.0,574.0401864429389,0.0,6.7000000000000455,-101.56212000000002
5007600.0,900,iso13790,native,True,20.000000000000004,647.547894734445,0.0,5.600000000000023,-101.56212000000002
5011200.0,900,iso13790,native,True,20.0,725.968161656963,0.0,4.400000000000034,-101.56212000000002
5014800.0,900,iso13790,native,True,20.000000000000004,803.7093440474746,0.0,3.3000000000000114,-101.56212000000002
5018400.0,900,iso13790,native,True,20.0,832.8185299605109,0.0,3.900000000000034,-101.56212000000002
5022000.0,900,iso13790,native,True,20.000000000000007,873.0392284748486,0.0,3.900000000000034,-101.56212000000002
5025600.0,900,iso13790,native,True,20.0,960.279666478902,0.0,2.2000000000000455,-101.56212000000002
5029200.0,900,iso13790,native,True,19.999999999999986,1034.9257748489933,0.0,1.1000000000000227,-101.56212000000002
5032800.0,900,iso13790,native,True,19.99999999999999,1078.923264871338,0.0,1.1000000000000227,-101.56212000000002
5036400.0,900,iso13790,native,True,20.0,1100.0045506367787,0.0,1.7000000000000455,-85.18349611321264
5040000.0,900,iso13790,native,True,20.000000000000004,1067.757726131504,0.0,3.3000000000000114,98.01743399999998
5043600.0,900,iso13790,native,True,19.999999999999986,972.5894425776746,0.0,5.600000000000023,502.2451112714102
5047200.0,900,iso13790,native,True,20.000000000000004,814.0648995749053,0.0,8.900000000000034,910.791194121186
5050800.0,900,iso13790,native,True,20.000000000000004,669.1760432138642,0.0,10.0,1475.3686462409814
5054400.0,900,iso13790,native,True,19.999999999999993,594.5638356219303,0.0,8.300000000000011,1860.560701183837
5058000.0,900,iso13790,native,True,20.000000000000007,513.3915710980903,0.0,8.300000000000011,1759.3572727059916
5061600.0,900,iso13790,native,True,20.0,467.00650074513374,0.0,8.300000000000011,1438.4633373354498
5065200.0,900,iso13790,native,True,20.000000000000004,577.2445695844524,0.0,5.0,761.4846
5068800.0,900,iso13790,native,True,20.0,751.7054014259019,0.0,0.6000000000000227,324.56719799999996
5072400.0,900,iso13790,native,True,19.999999999999982,817.2884026159768,0.0,0.6000000000000227,114.19955999999999
5076000.0,900,iso13790,native,True,20.000000000000004,886.5928258228083,0.0,0.6000000000000227,-58.40978400000001
5079600.0,900,iso13790,native,True,19.999999999999996,947.7924733202436,0.0,0.6000000000000227,-101.56212000000002
5083200.0,900,iso13790,native,True,20.0,1002.357412254814,0.0,0.6000000000000227,-101.56212000000002
5086800.0,900,iso13790,native,True,19.999999999999996,1052.5416083556483,0.0,0.6000000000000227,-101.56212000000002
5090400.0,900,iso13790,native,True,20.000000000000004,1066.1828037498212,0.0,1.7000000000000455,-101.56212000000002
5094000.0,900,iso13790,native,True,19.999999999999996,1070.8705110827952,0.0,2.8000000000000114,-101.56212000000002
5097600.0,900,iso13790,native,True,20.0,1067.3235606039434,0.0,3.900000000000034,-101.56212000000002
5101200.0,900,iso13790,native,True,20.0,1056.2030713193808,0.0,5.0,-101.56212000000002
5104800.0,900,iso13790,native,True,20.00000000000001,1038.1170843356692,0.0,6.100000000000023,-101.56212000000002
5108400.0,900,iso13790,native,True,20.000000000000004,1013.6248242157686,0.0,7.2000000000000455,-101.56212000000002
5112000.0,900,iso13790,native,True,20.000000000000014,983.2406182123214,0.0,8.300000000000011,-101.56212000000002
5115600.0,900,iso13790,native,True,19.999999999999986,1059.7584727361684,0.0,5.600000000000023,-101.56212000000002
5119200.0,900,iso13790,native,True,20.000000000000004,1105.0844382477528,0.0,4.400000000000034,-101.56212000000002
5122800.0,900,iso13790,native,True,19.999999999999996,1116.9796094467354,0.0,4.400000000000034,-72.81007021496237
5126400.0,900,iso13790,native,True,20.000000000000004,1045.8547487189926,0.0,6.100000000000023,254.59849695391833
5130000.0,900,iso13790,native,True,19.999999999999996,940.329812211696,0.0,7.2000000000000455,838.2427573453336
5133600.0,900,iso13790,native,True,20.000000000000007,793.2543233006919,0.0,11.100000000000023,666.2342058073203
5137200.0,900,iso13790,native,True,19.999999999999993,640.8381487133521,0.0,12.800000000000011,1137.576027368726
5140800.0,900,iso13790,native,True,20.000000000000004,511.08993704406106,0.0,15.0,953.2900351388812
5144400.0,900,iso13790,native,True,20.0,442.8496229434708,0.0,14.400000000000034,1038.7518036600727
5148000.0,900,iso13790,native,True,19.999999999999996,241.033646609754,0.0,14.400000000000034,2320.2025844023688
5151600.0,900,iso13790,native,True,20.000000000000004,225.8769213979504,0.0,14.400000000000034,1134.839077430296
5155200.0,900,iso13790,native,True,20.000000000000004,239.64460872975275,0.0,13.300000000000011,712.938222
5158800.0,900,iso13790,native,True,20.000000000000004,290.03969842293765,0.0,12.200000000000045,249.05060999999992
5162400.0,900,iso13790,native,True,20.000000000000004,336.7907217511335,0.0,11.700000000000045,-36.83361600000002
5166000.0,900,iso13790,native,True,19.999999999999996,626.7619402202406,0.0,2.8000000000000114,-101.56212000000002
5169600.0,900,iso13790,native,True,20.000000000000004,791.8818968256586,0.0,-0.5999999999999659,-101.56212000000002
5173200.0,900,iso13790,native,True,20.0,900.0507694659065,0.0,-1.6999999999999886,-101.56212000000002
5176800.0,900,iso13790,native,True,20.000000000000007,1007.3936161967,0.0,-2.7999999999999545,-101.56212000000002
5180400.0,900,iso13790,native,True,20.00000000000001,1113.9767544583965,0.0,-3.8999999999999773,-101.56212000000002
5184000.0,900,iso13790,native,True,20.0,1187.347211852335,0.0,-3.8999999999999773,-101.56212000000002
5187600.0,900,iso13790,native,True,20.000000000000004,1269.606201745217,0.0,-4.399999999999977,-101.56212000000002
5191200.0,900,iso13790,native,True,20.0,1351.7888056925667,0.0,-5.0,-101.56212000000002
5194800.0,900,iso13790,native,True,19.99999999999999,1413.9248423972313,0.0,-5.0,-101.56212000000002
5198400.0,900,iso13790,native,True,19.999999999999986,1471.072291140001,0.0,-5.0,-101.56212000000002
5202000.0,900,iso13790,native,True,20.00000000000001,1523.6316604047433,0.0,-5.0,-101.56212000000002
5205600.0,900,iso13790,native,True,19.999999999999993,1571.9713038758066,0.0,-5.0,-101.56212000000002
5209200.0,900,iso13790,native,True,20.000000000000007,1615.3438719994967,0.0,-5.0,-90.77403600000002
5212800.0,900,iso13790,native,True,19.999999999999996,1625.015863113641,0.0,-5.599999999999966,389.80071071581864
5216400.0,900,iso13790,native,True,20.000000000000004,1585.0898556147708,0.0,-3.8999999999999773,432.448038
5220000.0,900,iso13790,native,True,20.000000000000018,1511.7082310136207,0.0,-1.6999999999999886,546.0619636547999
5223600.0,900,iso13790,native,True,20.000000000000004,1327.7734621312127,0.0,1.1000000000000227,1415.412066896679
5227200.0,900,iso13790,native,True,19.999999999999996,1272.7961849395394,0.0,1.7000000000000455,1072.8576694104686
5230800.0,900,iso13790,native,True,20.000000000000004,1106.1040176587107,0.0,5.0,1255.331963385388
5234400.0,900,iso13790,native,True,20.0,969.1303896663915,0.0,6.7000000000000455,1400.9551738877335
5238000.0,900,iso13790,native,True,20.000000000000004,850.7214360979674,0.0,6.7000000000000455,1761.9570937958188
5241600.0,900,iso13790,native,True,19.999999999999993,825.0888766701993,0.0,6.100000000000023,1254.0532595034376
5245200.0,900,iso13790,native,True,19.99999999999999,858.8832095008207,0.0,5.0,672.3682255366717
5248800.0,900,iso13790,native,True,20.00000000000001,891.7473524750208,0.0,2.8000000000000114,825.1962001727182
5252400.0,900,iso13790,native,True,19.99999999999999,1022.3114710917858,0.0,1.1000000000000227,-101.56212000000002
5256000.0,900,iso13790,native,True,20.000000000000007,1067.3216997310178,0.0,1.1000000000000227,-101.56212000000002
5259600.0,900,iso13790,native,True,19.999999999999993,1123.4973601254853,0.0,0.6000000000000227,-101.56212000000002
5263200.0,900,iso13790,native,True,19.999999999999996,1131.4418772653185,0.0,1.7000000000000455,-101.56212000000002
5266800.0,900,iso13790,native,True,19.999999999999993,1148.6251541127988,0.0,2.2000000000000455,-101.56212000000002
5270400.0,900,iso13790,native,True,20.000000000000004,1143.122025265173,0.0,3.3000000000000114,-101.56212000000002
5274000.0,900,iso13790,native,True,20.000000000000004,1079.9535534284303,0.0,6.100000000000023,-101.56212000000002
5277600.0,900,iso13790,native,True,19.999999999999986,1247.1862481927533,0.0,0.6000000000000227,-101.56212000000002
5281200.0,900,iso13790,native,True,20.0,1262.9353007073707,0.0,1.1000000000000227,-101.56212000000002
5284800.0,900,iso13790,native,True,19.999999999999993,1321.1410252356145,0.0,0.0,-101.56212000000002
5288400.0,900,iso13790,native,True,19.999999999999996,1169.7133286069143,0.0,6.100000000000023,-101.56212000000002
5292000.0,900,iso13790,native,True,20.000000000000004,1181.9489127430916,0.0,5.600000000000023,-101.56212000000002
5295600.0,900,iso13790,native,True,20.000000000000004,1279.0491511220819,0.0,2.2000000000000455,-67.3581917770422
5299200.0,900,iso13790,native,True,19.99999999999999,1066.5459104623917,0.0,8.900000000000034,219.9334039992724
5302800.0,900,iso13790,native,True,20.000000000000004,961.1889587082201,0.0,10.600000000000023,431.50542407633833
5306400.0,900,iso13790,native,True,20.0,830.7845183121781,0.0,12.800000000000011,580.7098915893358
5310000.0,900,iso13790,native,True,20.0,738.9237311620002,0.0,13.300000000000011,703.9703954978443
5313600.0,900,iso13790,native,True,20.000000000000004,633.0501846805978,0.0,14.400000000000034,753.6102407284814
5317200.0,900,iso13790,native,True,20.0,528.4069946007969,0.0,15.600000000000023,738.0722170988397
5320800.0,900,iso13790,native,True,20.0,382.1356093369316,0.0,16.100000000000023,1349.2014598836845
5324400.0,900,iso13790,native,True,20.0,226.67553202538983,0.0,16.700000000000045,1734.4029318268429
5328000.0,900,iso13790,native,True,20.027949064605558,0.0,0.0,17.200000000000045,2783.1904887439773
5331600.0,900,iso13790,native,True,19.999999999999993,58.73153351994769,0.0,16.100000000000023,824.7694118295468
5335200.0,900,iso13790,native,True,20.0,110.22018225012681,0.0,15.0,228.08190151312533
5338800.0,900,iso13790,native,True,20.0,174.8202969270309,0.0,13.900000000000034,-101.56212000000002
5342400.0,900,iso13790,native,True,20.0,196.42920291263695,0.0,13.900000000000034,-101.56212000000002
5346000.0,900,iso13790,native,True,20.000000000000004,281.33117027817434,0.0,11.700000000000045,-101.56212000000002
5349600.0,900,iso13790,native,True,20.000000000000004,342.6194337857622,0.0,10.600000000000023,-101.56212000000002
5353200.0,900,iso13790,native,True,20.0,359.5524374665325,0.0,11.100000000000023,-101.56212000000002
5356800.0,900,iso13790,native,True,19.999999999999996,386.3330941656063,0.0,11.100000000000023,-101.56212000000002
5360400.0,900,iso13790,native,True,20.000000000000004,410.9636674556653,0.0,11.100000000000023,-101.56212000000002
5364000.0,900,iso13790,native,True,20.0,466.1307422009228,0.0,10.0,-101.56212000000002
5367600.0,900,iso13790,native,True,20.0,459.6991060916907,0.0,11.100000000000023,-101.56212000000002
5371200.0,900,iso13790,native,True,20.000000000000004,510.95345908334184,0.0,10.0,-101.56212000000002
5374800.0,900,iso13790,native,True,20.0,565.9511649452861,0.0,8.900000000000034,-101.56212000000002
5378400.0,900,iso13790,native,True,20.000000000000004,642.1265791164805,0.0,7.2000000000000455,-101.56212000000002
5382000.0,900,iso13790,native,True,20.0,567.7032980929806,0.0,10.600000000000023,-43.14812923518073
5385600.0,900,iso13790,native,True,19.999999999999993,492.93721855412184,0.0,12.800000000000011,153.79932831032457
5389200.0,900,iso13790,native,True,20.000000000000004,401.98814505015486,0.0,13.900000000000034,619.0314529364827
5392800.0,900,iso13790,native,True,20.000000000000004,287.1909646242515,0.0,16.100000000000023,711.7548369886739
5396400.0,900,iso13790,native,True,20.000000000000004,246.11735145779662,0.0,16.700000000000045,421.4051587232209
5400000.0,900,iso13790,native,True,20.000000000000007,96.4179544606461,0.0,17.80000000000001,1228.6886199046826
5403600.0,900,iso13790,native,True,20.074335570769374,0.0,0.0,18.900000000000034,1268.256178107769
5407200.0,900,iso13790,native,True,20.35758268332121,0.0,0.0,19.400000000000034,1090.012671802159
5410800.0,900,iso13790,native,True,20.824015157980785,0.0,0.0,18.30000000000001,1985.3983776185753
5414400.0,900,iso13790,native,True,21.087097891636464,0.0,0.0,18.900000000000034,1384.2355835506419
5418000.0,900,iso13790,native,True,21.256484968289314,0.0,0.0,18.30000000000001,1212.7593707094763
5421600.0,900,iso13790,native,True,21.07245275948733,0.0,0.0,17.200000000000045,359.0954192827017
5425200.0,900,iso13790,native,True,20.88438287419913,0.0,0.0,16.700000000000045,-101.56212000000002
5428800.0,900,iso13790,native,True,20.627596372659234,0.0,0.0,15.0,-101.56212000000002
5432400.0,900,iso13790,native,True,20.512839588003715,0.0,0.0,15.0,-101.56212000000002
5436000.0,900,iso13790,native,True,20.337929469724017,0.0,0.0,14.400000000000034,-101.56212000000002
5439600.0,900,iso13790,native,True,20.16273133316305,0.0,0.0,13.900000000000034,-101.56212000000002
5443200.0,900,iso13790,native,True,20.03183884346723,0.0,0.0,13.900000000000034,-101.56212000000002
5446800.0,900,iso13790,native,True,19.999999999999996,44.65362549450572,0.0,13.300000000000011,-101.56212000000002
5450400.0,900,iso13790,native,True,20.0,95.77837856032063,0.0,12.800000000000011,-101.56212000000002
5454000.0,900,iso13790,native,True,19.999999999999996,149.32635600780233,0.0,12.200000000000045,-101.56212000000002
5457600.0,900,iso13790,native,True,20.000000000000004,199.9057707241109,0.0,11.700000000000045,-101.56212000000002
5461200.0,900,iso13790,native,True,20.000000000000004,252.9521922786124,0.0,11.100000000000023,-101.56212000000002
5464800.0,900,iso13790,native,True,20.0,270.5563529392679,0.0,11.700000000000045,-101.56212000000002
5468400.0,900,iso13790,native,True,20.000000000000004,283.24437124195157,0.0,12.200000000000045,-79.98595200000001
5472000.0,900,iso13790,native,True,19.999999999999993,329.293551381317,0.0,10.600000000000023,168.13997999999998
5475600.0,900,iso13790,native,True,19.999999999999996,364.4314505968189,0.0,8.900000000000034,480.994416
5479200.0,900,iso13790,native,True,20.0,448.9344877649879,0.0,6.100000000000023,530.1791319367652
5482800.0,900,iso13790,native,True,20.000000000000004,346.70142237612095,0.0,7.800000000000011,1214.584128
5486400.0,900,iso13790,native,True,20.0,333.82937105851045,0.0,7.800000000000011,1058.15691
5490000.0,900,iso13790,native,True,20.000000000000004,286.46715960967566,0.0,7.2000000000000455,1525.175132374198
5493600.0,900,iso13790,native,True,19.999999999999996,398.62210120585434,0.0,3.900000000000034,998.8224479999999
5497200.0,900,iso13790,native,True,20.0,536.9358846515752,0.0,0.6000000000000227,675.179928
5500800.0,900,iso13790,native,True,20.000000000000004,553.986574403653,0.0,1.7000000000000455,583.481214
5504400.0,900,iso13790,native,True,19.999999999999996,606.8418804859663,0.0,2.2000000000000455,276.02082
5508000.0,900,iso13790,native,True,20.0,684.265142100314,0.0,2.2000000000000455,-20.65149000000001
5511600.0,900,iso13790,native,True,20.000000000000007,751.7845291625147,0.0,2.2000000000000455,-101.56212000000002
5515200.0,900,iso13790,native,True,19.999999999999996,825.4347667675186,0.0,1.7000000000000455,-101.56212000000002
5518800.0,900,iso13790,native,True,19.999999999999996,881.9648812870429,0.0,1.7000000000000455,-101.56212000000002
5522400.0,900,iso13790,native,True,19.999999999999993,933.9564789694371,0.0,1.7000000000000455,-101.56212000000002
5526000.0,900,iso13790,native,True,19.999999999999996,981.7739343654362,0.0,1.7000000000000455,-101.56212000000002
5529600.0,900,iso13790,native,True,20.000000000000004,1025.7523682369256,0.0,1.7000000000000455,-101.56212000000002
5533200.0,900,iso13790,native,True,20.000000000000004,1066.1999961956221,0.0,1.7000000000000455,-101.56212000000002
5536800.0,900,iso13790,native,True,19.99999999999999,1103.4002887814297,0.0,1.7000000000000455,-101.56212000000002
5540400.0,900,iso13790,native,True,19.999999999999986,1155.3488484175816,0.0,1.1000000000000227,-101.56212000000002
5544000.0,900,iso13790,native,True,19.999999999999996,1204.4572544851478,0.0,0.6000000000000227,-101.56212000000002
5547600.0,900,iso13790,native,True,20.000000000000007,1256.1507672316125,0.0,0.0,-101.56212000000002
5551200.0,900,iso13790,native,True,20.000000000000007,1322.7594931321867,0.0,-1.099999999999966,-101.56212000000002
5554800.0,900,iso13790,native,True,20.000000000000018,1354.0638604686576,0.0,-1.099999999999966,-48.90925113581623
5558400.0,900,iso13790,native,True,20.000000000000018,1356.789413550049,0.0,-1.099999999999966,230.85018841528037
5562000.0,900,iso13790,native,True,19.999999999999986,1322.2781676729232,0.0,-1.099999999999966,709.3752674044579
5565600.0,900,iso13790,native,True,20.0,1319.498917829034,0.0,-2.7999999999999545,1110.40781426434
5569200.0,900,iso13790,native,True,19.999999999999986,1176.5530996985901,0.0,-0.5999999999999659,1639.3610320922942
5572800.0,900,iso13790,native,True,20.000000000000004,1162.4911469438778,0.0,1.7000000000000455,497.3064400971559
5576400.0,900,iso13790,native,True,20.0,1124.7070913690193,0.0,2.8000000000000114,480.7643087061631
5580000.0,900,iso13790,native,True,20.00000000000001,1037.3264363358653,0.0,3.900000000000034,918.9101041215081
5583600.0,900,iso13790,native,True,19.999999999999996,842.2181819383738,0.0,5.0,2154.1448113654346
5587200.0,900,iso13790,native,True,19.999999999999996,639.2274061938004,0.0,5.0,3122.319771775423
5590800.0,900,iso13790,native,True,19.999999999999996,583.2864165251111,0.0,2.8000000000000114,2853.093603026859
5594400.0,900,iso13790,native,True,20.0,707.8640614979412,0.0,1.1000000000000227,1007.3301920911185
5598000.0,900,iso13790,native,True,20.000000000000004,837.13123421292,0.0,0.6000000000000227,-101.56212000000002
5601600.0,900,iso13790,native,True,20.0,918.3154943581994,0.0,0.0,-101.56212000000002
5605200.0,900,iso13790,native,True,19.999999999999996,997.2682295313059,0.0,-0.5999999999999659,-101.56212000000002
5608800.0,900,iso13790,native,True,19.999999999999993,1056.433707281605,0.0,-0.5999999999999659,-101.56212000000002
5612400.0,900,iso13790,native,True,20.00000000000001,1110.84908821663,0.0,-0.5999999999999659,-101.56212000000002
5616000.0,900,iso13790,native,True,20.000000000000004,1193.4096991202046,0.0,-1.6999999999999886,-101.56212000000002
5619600.0,900,iso13790,native,True,20.000000000000004,1244.6862763171362,0.0,-1.6999999999999886,-101.56212000000002
5623200.0,900,iso13790,native,True,19.999999999999996,1324.3600821515563,0.0,-2.7999999999999545,-101.56212000000002
5626800.0,900,iso13790,native,True,20.000000000000004,1387.7606964991048,0.0,-3.2999999999999545,-101.56212000000002
5630400.0,900,iso13790,native,True,20.000000000000004,1420.0850028978698,0.0,-2.7999999999999545,-101.56212000000002
5634000.0,900,iso13790,native,True,20.000000000000004,1493.5352380511702,0.0,-3.8999999999999773,-101.56212000000002
5637600.0,900,iso13790,native,True,20.000000000000014,1551.2119407146336,0.0,-4.399999999999977,-101.56212000000002
5641200.0,900,iso13790,native,True,20.000000000000007,1585.035302040837,0.0,-4.399999999999977,-21.945928428794204
5644800.0,900,iso13790,native,True,19.999999999999996,1566.0375061242867,0.0,-3.8999999999999773,360.4823980517054
5648400.0,900,iso13790,native,True,19.999999999999996,1532.908464239518,0.0,-2.1999999999999886,279.72432766002714
5652000.0,900,iso13790,native,True,19.999999999999993,1443.9164970001425,0.0,0.6000000000000227,385.4340997858341
5655600.0,900,iso13790,native,True,20.000000000000007,1377.588568483442,0.0,2.2000000000000455,426.79481586204565
5659200.0,900,iso13790,native,True,19.999999999999996,1351.9243520626565,0.0,2.2000000000000455,448.3885918019865
5662800.0,900,iso13790,native,True,19.999999999999993,1277.5988526892534,0.0,3.900000000000034,461.6409397769786
5666400.0,900,iso13790,native,True,19.999999999999993,1170.085081242105,0.0,5.0,911.3324834428197
5670000.0,900,iso13790,native,True,19.999999999999996,961.0841173509428,0.0,5.0,2428.1610054550115
5673600.0,900,iso13790,native,True,20.0,704.5344644899749,0.0,5.0,3668.075205354118
5677200.0,900,iso13790,native,True,19.999999999999996,497.7859851490264,0.0,3.900000000000034,4192.2046775937215
5680800.0,900,iso13790,native,True,20.000000000000004,485.74462799258697,0.0,2.8000000000000114,2708.8409968379938
5684400.0,900,iso13790,native,True,20.000000000000004,724.0411408448848,0.0,1.1000000000000227,-101.56212000000002
5688000.0,900,iso13790,native,True,20.0,792.99798497123,0.0,1.1000000000000227,-101.56212000000002
5691600.0,900,iso13790,native,True,19.999999999999993,856.4186330229215,0.0,1.1000000000000227,-101.56212000000002
5695200.0,900,iso13790,native,True,19.999999999999993,929.5266334169215,0.0,0.6000000000000227,-101.56212000000002
5698800.0,900,iso13790,native,True,19.999999999999996,1035.8069000530884,0.0,-1.099999999999966,-101.56212000000002
5702400.0,900,iso13790,native,True,20.00000000000001,1095.4502600137891,0.0,-1.099999999999966,-101.56212000000002
5706000.0,900,iso13790,native,True,20.000000000000007,1135.52608116597,0.0,-0.5999999999999659,-101.56212000000002
5709600.0,900,iso13790,native,True,20.000000000000004,1133.3426797847394,0.0,1.1000000000000227,-101.56212000000002
5713200.0,900,iso13790,native,True,19.999999999999996,1184.2178497746768,0.0,0.6000000000000227,-101.56212000000002
5716800.0,900,iso13790,native,True,20.000000000000004,1237.5362819084928,0.0,0.0,-101.56212000000002
5720400.0,900,iso13790,native,True,20.00000000000001,1273.1255050940317,0.0,0.0,-101.56212000000002
5724000.0,900,iso13790,native,True,20.000000000000004,1288.1225593425443,0.0,0.6000000000000227,-101.56212000000002
5727600.0,900,iso13790,native,True,19.999999999999996,1292.76266948716,0.0,1.1000000000000227,-23.865693945141196
5731200.0,900,iso13790,native,True,20.000000000000004,1237.8890991298124,0.0,2.8000000000000114,206.5568464185479
5734800.0,900,iso13790,native,True,20.00000000000001,1185.9204898289465,0.0,3.900000000000034,368.2802199072695
5738400.0,900,iso13790,native,True,20.000000000000004,1123.5547773196674,0.0,5.0,499.01356109844653
5742000.0,900,iso13790,native,True,20.000000000000004,1054.8137508300497,0.0,6.100000000000023,585.8129081197186
5745600.0,900,iso13790,native,True,20.00000000000001,984.9765040486895,0.0,6.7000000000000455,754.6489463512535
5749200.0,900,iso13790,native,True,20.000000000000004,902.8508719488524,0.0,7.800000000000011,809.9190628941059
5752800.0,900,iso13790,native,True,20.000000000000007,831.7705951858062,0.0,7.800000000000011,1032.492709197537
5756400.0,900,iso13790,native,True,20.0,676.5255213741849,0.0,7.2000000000000455,2189.486278391677
5760000.0,900,iso13790,native,True,19.999999999999993,464.21487628111055,0.0,7.2000000000000455,3204.9153704280466
5763600.0,900,iso13790,native,True,20.0,425.55061428120695,0.0,5.600000000000023,2521.516803602458
5767200.0,900,iso13790,native,True,20.0,517.3618427896353,0.0,3.3000000000000114,1304.6714956041671
5770800.0,900,iso13790,native,True,20.000000000000004,658.06747658011,0.0,2.8000000000000114,-101.56212000000002
5774400.0,900,iso13790,native,True,19.999999999999996,737.9112486925056,0.0,2.2000000000000455,-101.56212000000002
5778000.0,900,iso13790,native,True,19.999999999999996,812.675301783906,0.0,1.7000000000000455,-101.56212000000002
5781600.0,900,iso13790,native,True,19.999999999999993,920.4786650264678,0.0,0.0,-101.56212000000002
5785200.0,900,iso13790,native,True,20.000000000000004,1031.7716957201599,0.0,-1.6999999999999886,-101.56212000000002
5788800.0,900,iso13790,native,True,20.000000000000004,1175.8323766215365,0.0,-4.399999999999977,-101.56212000000002
5792400.0,900,iso13790,native,True,20.000000000000004,1200.5156753725737,0.0,-2.7999999999999545,-101.56212000000002
5796000.0,900,iso13790,native,True,20.000000000000004,1273.8591304542679,0.0,-3.2999999999999545,-101.56212000000002
5799600.0,900,iso13790,native,True,20.000000000000007,1347.841982765408,0.0,-3.8999999999999773,-101.56212000000002
5803200.0,900,iso13790,native,True,20.000000000000007,1417.2156596485536,0.0,-4.399999999999977,-101.56212000000002
5806800.0,900,iso13790,native,True,20.000000000000004,1455.0334816172458,0.0,-3.8999999999999773,-101.56212000000002
5810400.0,900,iso13790,native,True,19.999999999999982,1483.2873299281887,0.0,-3.2999999999999545,-101.56212000000002
5814000.0,900,iso13790,native,True,19.999999999999986,1513.8445449394303,0.0,-3.2999999999999545,-13.392338491150088
5817600.0,900,iso13790,native,True,20.0,1444.721681272399,0.0,-0.5999999999999659,194.56414049267872
5821200.0,900,iso13790,native,True,20.0,1301.8991757308158,0.0,3.900000000000034,344.0603480941443
5824800.0,900,iso13790,native,True,20.000000000000004,1167.8314281386865,0.0,7.2000000000000455,463.2230468504864
5828400.0,900,iso13790,native,True,20.000000000000004,1015.1763786510413,0.0,10.600000000000023,538.4471061325805
5832000.0,900,iso13790,native,True,20.0,871.0787096307403,0.0,13.300000000000011,569.2433224982619
5835600.0,900,iso13790,native,True,20.000000000000007,751.3723687054818,0.0,15.0,556.0881404463777
5839200.0,900,iso13790,native,True,19.999999999999993,662.0442941970575,0.0,14.400000000000034,899.2263190244153
5842800.0,900,iso13790,native,True,19.999999999999996,421.8280951459783,0.0,15.0,2295.388843531301
5846400.0,900,iso13790,native,True,20.0,172.463630902078,0.0,14.400000000000034,3440.70395798205
5850000.0,900,iso13790,native,True,20.042199437432224,0.0,0.0,12.800000000000011,3783.533991969094
5853600.0,900,iso13790,native,True,19.999999999999996,106.62434514020194,0.0,10.600000000000023,1341.776329541177
5857200.0,900,iso13790,native,True,20.000000000000004,250.326217025077,0.0,9.400000000000034,-101.56212000000002
5860800.0,900,iso13790,native,True,20.000000000000004,330.5347137682858,0.0,8.300000000000011,-101.56212000000002
5864400.0,900,iso13790,native,True,20.0,426.94105694453447,0.0,6.7000000000000455,-101.56212000000002
5868000.0,900,iso13790,native,True,20.000000000000004,497.47953473338225,0.0,6.100000000000023,-101.56212000000002
5871600.0,900,iso13790,native,True,20.0,531.1714029478547,0.0,6.7000000000000455,-101.56212000000002
5875200.0,900,iso13790,native,True,20.0,560.8277881424768,0.0,7.2000000000000455,-101.56212000000002
5878800.0,900,iso13790,native,True,20.000000000000004,581.5754401388712,0.0,7.800000000000011,-101.56212000000002
5882400.0,900,iso13790,native,True,19.999999999999996,599.3268347343339,0.0,8.300000000000011,-101.56212000000002
5886000.0,900,iso13790,native,True,20.000000000000004,609.1252875843071,0.0,8.900000000000034,-101.56212000000002
5889600.0,900,iso13790,native,True,20.000000000000007,649.3205043742249,0.0,8.300000000000011,-101.56212000000002
5893200.0,900,iso13790,native,True,20.00000000000001,687.6191840175879,0.0,7.800000000000011,-101.56212000000002
5896800.0,900,iso13790,native,True,19.999999999999993,696.856863027002,0.0,8.300000000000011,-101.56212000000002
5900400.0,900,iso13790,native,True,20.000000000000004,691.543327354386,0.0,8.900000000000034,-29.23502390864317
5904000.0,900,iso13790,native,True,20.000000000000004,601.1688913761217,0.0,10.600000000000023,483.01080414856585
5907600.0,900,iso13790,native,True,19.999999999999996,482.7332448688298,0.0,13.300000000000011,622.5341657326022
5911200.0,900,iso13790,native,True,20.000000000000004,339.54372654475554,0.0,16.100000000000023,797.1840506559847
5914800.0,900,iso13790,native,True,20.0,207.50850343539855,0.0,17.200000000000045,1170.1940523746166
5918400.0,900,iso13790,native,True,20.0,140.78641893813423,0.0,18.30000000000001,696.4884531629185
5922000.0,900,iso13790,native,True,20.0,59.25752119873307,0.0,18.900000000000034,777.824184446027
5925600.0,900,iso13790,native,True,20.219608625541976,0.0,0.0,19.400000000000034,1254.0106812719623
5929200.0,900,iso13790,native,True,20.84721289504645,0.0,0.0,19.400000000000034,2167.7950955428173
5932800.0,900,iso13790,native,True,21.464635774188555,0.0,0.0,18.30000000000001,2868.8805890417257
5936400.0,900,iso13790,native,True,21.825559713277407,0.0,0.0,17.80000000000001,2375.9501469339334
5940000.0,900,iso13790,native,True,21.32529991475597,0.0,0.0,15.0,511.6761673389249
5943600.0,900,iso13790,native,True,20.874576279279946,0.0,0.0,12.800000000000011,-101.56212000000002
5947200.0,900,iso13790,native,True,20.51895879340196,0.0,0.0,11.100000000000023,-101.56212000000002
5950800.0,900,iso13790,native,True,20.25532455129428,0.0,0.0,10.600000000000023,-101.56212000000002
5954400.0,900,iso13790,native,True,20.038242689427726,0.0,0.0,10.600000000000023,-101.56212000000002
5958000.0,900,iso13790,native,True,20.0,48.73864300019385,0.0,10.600000000000023,-101.56212000000002
5961600.0,900,iso13790,native,True,19.999999999999996,139.51470410282795,0.0,9.400000000000034,-101.56212000000002
5965200.0,900,iso13790,native,True,19.999999999999993,228.6196964823873,0.0,8.300000000000011,-101.56212000000002
5968800.0,900,iso13790,native,True,20.000000000000004,268.1803495843997,0.0,8.900000000000034,-101.56212000000002
5972400.0,900,iso13790,native,True,19.999999999999996,335.7483101728878,0.0,8.300000000000011,-101.56212000000002
5976000.0,900,iso13790,native,True,19.999999999999996,431.73608007601734,0.0,6.7000000000000455,-101.56212000000002
5979600.0,900,iso13790,native,True,20.000000000000004,436.86165862713153,0.0,8.300000000000011,-101.56212000000002
5983200.0,900,iso13790,native,True,20.0,542.4664397422458,0.0,6.100000000000023,-101.56212000000002
5986800.0,900,iso13790,native,True,19.999999999999996,596.4686077322713,0.0,5.600000000000023,-16.222350101109235
5990400.0,900,iso13790,native,True,20.000000000000004,439.1114047456319,0.0,11.700000000000045,171.6633416098711
5994000.0,900,iso13790,native,True,20.000000000000004,378.49864557286264,0.0,13.300000000000011,298.9725444838873
5997600.0,900,iso13790,native,True,20.0,283.7573026861033,0.0,15.600000000000023,417.68814961401756
6001200.0,900,iso13790,native,True,20.0,214.33635867910735,0.0,16.700000000000045,477.8807918617499
6004800.0,900,iso13790,native,True,19.999999999999996,115.12322921851636,0.0,16.700000000000045,1097.8961049522773
6008400.0,900,iso13790,native,True,20.000000000000004,1.2853878267213323,0.0,16.700000000000045,1567.9236667194423
6012000.0,900,iso13790,native,True,20.35769563874753,0.0,0.0,18.30000000000001,1256.3047653451588
6015600.0,900,iso13790,native,True,20.596282775353778,0.0,0.0,18.30000000000001,1170.0161041549145
6019200.0,900,iso13790,native,True,20.796417780470602,0.0,0.0,15.600000000000023,1838.0501346837352
6022800.0,900,iso13790,native,True,20.7022168832569,0.0,0.0,14.400000000000034,1046.0369234276568
6026400.0,900,iso13790,native,True,20.29342278698261,0.0,0.0,12.800000000000011,49.471055999999976
6030000.0,900,iso13790,native,True,20.0,116.90383919805144,0.0,7.800000000000011,-101.56212000000002
6033600.0,900,iso13790,native,True,20.000000000000004,302.01722745852794,0.0,3.900000000000034,-101.56212000000002
6037200.0,900,iso13790,native,True,20.000000000000004,417.36724210015166,0.0,2.8000000000000114,-101.56212000000002
6040800.0,900,iso13790,native,True,20.000000000000004,466.2867621849303,0.0,3.900000000000034,-101.56212000000002
6044400.0,900,iso13790,native,True,20.0,521.1553663354827,0.0,4.400000000000034,-101.56212000000002
6048000.0,900,iso13790,native,True,20.000000000000004,615.3399316543124,0.0,3.3000000000000114,-101.56212000000002
6051600.0,900,iso13790,native,True,19.999999999999986,724.6002755829243,0.0,1.7000000000000455,-101.56212000000002
6055200.0,900,iso13790,native,True,20.000000000000004,756.7119156026058,0.0,2.8000000000000114,-101.56212000000002
6058800.0,900,iso13790,native,True,19.999999999999986,875.9290656694641,0.0,0.6000000000000227,-101.56212000000002
6062400.0,900,iso13790,native,True,20.0,953.9984442546039,0.0,0.0,-101.56212000000002
6066000.0,900,iso13790,native,True,20.000000000000004,1030.086375945892,0.0,-0.5999999999999659,-101.56212000000002
6069600.0,900,iso13790,native,True,20.00000000000001,1101.396126038025,0.0,-1.099999999999966,-101.56212000000002
6073200.0,900,iso13790,native,True,19.999999999999996,1146.3618538542123,0.0,-1.099999999999966,-8.07851737181469
6076800.0,900,iso13790,native,True,20.0,1063.169546252866,0.0,2.2000000000000455,297.19988624066673
6080400.0,900,iso13790,native,True,19.999999999999993,953.9949765506123,0.0,5.600000000000023,479.04410743534004
6084000.0,900,iso13790,native,True,19.999999999999993,873.3801745891764,0.0,7.2000000000000455,641.6826442748334
6087600.0,900,iso13790,native,True,20.000000000000004,798.6712094700821,0.0,8.300000000000011,745.0074086040871
6091200.0,900,iso13790,native,True,20.0,721.9166416135697,0.0,9.400000000000034,787.7852030430565
6094800.0,900,iso13790,native,True,19.99999999999999,678.8342712662483,0.0,9.400000000000034,776.383154586103
6098400.0,900,iso13790,native,True,19.999999999999996,615.7451921407267,0.0,9.400000000000034,1004.9395959034414
6102000.0,900,iso13790,native,True,20.000000000000004,447.6545446683741,0.0,9.400000000000034,2188.7407809529673
6105600.0,900,iso13790,native,True,20.000000000000004,349.3437546820805,0.0,8.300000000000011,2421.657680638391
6109200.0,900,iso13790,native,True,20.000000000000004,371.2935319082205,0.0,7.2000000000000455,1475.890445357185
6112800.0,900,iso13790,native,True,20.000000000000004,524.9577773952739,0.0,3.900000000000034,499.3572324127756
6116400.0,900,iso13790,native,True,20.0,664.11391643821,0.0,2.2000000000000455,-101.56212000000002
6120000.0,900,iso13790,native,True,19.999999999999993,744.8027839018793,0.0,1.7000000000000455,-101.56212000000002
6123600.0,900,iso13790,native,True,19.999999999999993,825.5413226046169,0.0,1.1000000000000227,-101.56212000000002
6127200.0,900,iso13790,native,True,20.000000000000007,918.8631963031119,0.0,0.0,-101.56212000000002
6130800.0,900,iso13790,native,True,20.0,980.0370689600489,0.0,0.0,-101.56212000000002
6134400.0,900,iso13790,native,True,20.0,1054.0344912362043,0.0,-0.5999999999999659,-101.56212000000002
6138000.0,900,iso13790,native,True,20.000000000000004,1141.1564586341394,0.0,-1.6999999999999886,-101.56212000000002
6141600.0,900,iso13790,native,True,20.000000000000004,1211.407259342967,0.0,-2.1999999999999886,-101.56212000000002
6145200.0,900,iso13790,native,True,20.0,1282.545750851173,0.0,-2.7999999999999545,-101.56212000000002
6148800.0,900,iso13790,native,True,20.000000000000004,1349.3034262670194,0.0,-3.2999999999999545,-101.56212000000002
6152400.0,900,iso13790,native,True,20.000000000000004,1399.4943475373275,0.0,-3.2999999999999545,-101.56212000000002
6156000.0,900,iso13790,native,True,19.999999999999993,1445.6556937184507,0.0,-3.2999999999999545,-101.56212000000002
6159600.0,900,iso13790,native,True,20.0,1444.2671943848436,0.0,-2.1999999999999886,10.972329435016617
6163200.0,900,iso13790,native,True,20.00000000000001,1269.6255303154162,0.0,3.900000000000034,231.52009055390107
6166800.0,900,iso13790,native,True,19.999999999999986,1188.6052167077705,0.0,5.600000000000023,387.21478603287824
6170400.0,900,iso13790,native,True,20.00000000000001,1097.5511675550097,0.0,7.2000000000000455,521.9016558164834
6174000.0,900,iso13790,native,True,20.000000000000007,996.678683749563,0.0,8.900000000000034,602.5059648706244
6177600.0,900,iso13790,native,True,19.999999999999993,926.1128191236401,0.0,9.400000000000034,645.5365747313097
6181200.0,900,iso13790,native,True,20.000000000000004,878.8665829142717,0.0,9.400000000000034,598.5485598728264
6184800.0,900,iso13790,native,True,20.000000000000004,810.8094364512776,0.0,9.400000000000034,824.3140693707671
6188400.0,900,iso13790,native,True,19.999999999999993,648.5577971910976,0.0,9.400000000000034,1903.628957831476
6192000.0,900,iso13790,native,True,19.999999999999996,450.59759676126055,0.0,9.400000000000034,2815.31748417678
6195600.0,900,iso13790,native,True,20.000000000000004,277.94365228758977,0.0,8.900000000000034,3229.8271228200715
6199200.0,900,iso13790,native,True,19.999999999999996,387.6010275282072,0.0,6.7000000000000455,1262.2339711048683
6202800.0,900,iso13790,native,True,20.000000000000004,565.2946483826064,0.0,4.400000000000034,-95.08180415241983
6206400.0,900,iso13790,native,True,19.999999999999993,670.9730619225148,0.0,2.8000000000000114,-101.56212000000002
6210000.0,900,iso13790,native,True,19.99999999999999,764.5597851422916,0.0,1.7000000000000455,-101.56212000000002
6213600.0,900,iso13790,native,True,20.0,825.9772438926659,0.0,1.7000000000000455,-101.56212000000002
6217200.0,900,iso13790,native,True,20.000000000000004,900.1986959674281,0.0,1.1000000000000227,-101.56212000000002
6220800.0,900,iso13790,native,True,19.999999999999986,955.0127413977747,0.0,1.1000000000000227,-101.56212000000002
6224400.0,900,iso13790,native,True,20.0,1005.4260444943918,0.0,1.1000000000000227,-101.56212000000002
6228000.0,900,iso13790,native,True,20.000000000000004,1034.0570282917731,0.0,1.7000000000000455,-101.56212000000002
6231600.0,900,iso13790,native,True,20.000000000000004,1124.0867729643307,0.0,0.0,-101.56212000000002
6235200.0,900,iso13790,native,True,20.000000000000004,1233.8122142324646,0.0,-2.1999999999999886,-101.56212000000002
6238800.0,900,iso13790,native,True,19.999999999999993,1303.1519252877106,0.0,-2.7999999999999545,-101.56212000000002
6242400.0,900,iso13790,native,True,19.999999999999993,1385.990125529386,0.0,-3.8999999999999773,-101.56212000000002
6246000.0,900,iso13790,native,True,20.0,1412.1842056294424,0.0,-3.2999999999999545,-26.045532000000016
6249600.0,900,iso13790,native,True,20.000000000000004,1396.6541315940178,0.0,-2.1999999999999886,208.04587955605624
6253200.0,900,iso13790,native,True,20.00000000000001,1336.819792154967,0.0,-1.099999999999966,675.179928
6256800.0,900,iso13790,native,True,19.999999999999993,1146.893987865712,0.0,1.7000000000000455,1622.9631361966774
6260400.0,900,iso13790,native,True,19.999999999999996,1048.7653323777558,0.0,3.900000000000034,1215.617470600931
6264000.0,900,iso13790,native,True,19.999999999999996,825.9568973085437,0.0,6.7000000000000455,2038.6117003179857
6267600.0,900,iso13790,native,True,20.000000000000004,705.9417382394533,0.0,6.100000000000023,2320.8756488840972
6271200.0,900,iso13790,native,True,19.999999999999996,628.1490483054599,0.0,7.2000000000000455,1652.5079557735685
6274800.0,900,iso13790,native,True,20.000000000000004,515.2365200921851,0.0,7.800000000000011,1867.3076440233176
6278400.0,900,iso13790,native,True,20.000000000000004,482.16784367281525,0.0,7.2000000000000455,1559.1279359378946
6282000.0,900,iso13790,native,True,20.000000000000004,576.2317476074018,0.0,3.900000000000034,1035.9063643606883
6285600.0,900,iso13790,native,True,20.000000000000004,683.8184811226,0.0,2.2000000000000455,383.69680059329005
6289200.0,900,iso13790,native,True,20.000000000000004,782.2818058953819,0.0,1.7000000000000455,-101.56212000000002
6292800.0,900,iso13790,native,True,20.000000000000004,860.0113435762294,0.0,1.1000000000000227,-101.56212000000002
6296400.0,900,iso13790,native,True,20.0,932.8309034199901,0.0,0.6000000000000227,-101.56212000000002
6300000.0,900,iso13790,native,True,19.999999999999993,1006.3319213907997,0.0,0.0,-101.56212000000002
6303600.0,900,iso13790,native,True,20.000000000000004,1060.4833727258147,0.0,0.0,-101.56212000000002
6307200.0,900,iso13790,native,True,20.000000000000007,1128.022168352638,0.0,-0.5999999999999659,-101.56212000000002
6310800.0,900,iso13790,native,True,20.00000000000001,1158.955183706674,0.0,0.0,-101.56212000000002
6314400.0,900,iso13790,native,True,20.000000000000004,1218.5881759237923,0.0,-0.5999999999999659,-101.56212000000002
6318000.0,900,iso13790,native,True,20.000000000000007,1274.7640703657019,0.0,-1.099999999999966,-101.56212000000002
6321600.0,900,iso13790,native,True,19.999999999999993,1332.9576586083288,0.0,-1.6999999999999886,-101.56212000000002
6325200.0,900,iso13790,native,True,19.999999999999993,1387.809711537087,0.0,-2.1999999999999886,-101.56212000000002
6328800.0,900,iso13790,native,True,20.00000000000001,1427.0508525041362,0.0,-2.1999999999999886,-101.56212000000002
6332400.0,900,iso13790,native,True,20.000000000000007,1441.3026006841333,0.0,-1.6999999999999886,-31.43957400000002
6336000.0,900,iso13790,native,True,20.000000000000007,1405.4887713458215,0.0,-0.5999999999999659,270.62677799999994
6339600.0,900,iso13790,native,True,20.000000000000018,1377.2141684881396,0.0,-0.5999999999999659,588.875256
6343200.0,900,iso13790,native,True,19.999999999999996,1301.8242020149276,0.0,0.6000000000000227,853.183314
6346800.0,900,iso13790,native,True,20.0,1185.34868094345,0.0,2.8000000000000114,1047.368826
6350400.0,900,iso13790,native,True,19.999999999999996,1021.6485153099966,0.0,4.400000000000034,1706.2968325669983
6354000.0,900,iso13790,native,True,19.999999999999996,969.6053369459271,0.0,4.400000000000034,1345.0718911280494
6357600.0,900,iso13790,native,True,19.999999999999993,900.3045210525579,0.0,5.600000000000023,1062.5620138542627
6361200.0,900,iso13790,native,True,20.0,755.151562948486,0.0,5.600000000000023,2026.4606292970902
6364800.0,900,iso13790,native,True,20.000000000000004,665.0891225848657,0.0,6.7000000000000455,1653.9681748645685
6368400.0,900,iso13790,native,True,20.000000000000004,685.8162843213845,0.0,5.0,1221.7739898653929
6372000.0,900,iso13790,native,True,20.000000000000004,698.7899155797962,0.0,3.900000000000034,1055.4971786048914
6375600.0,900,iso13790,native,True,19.999999999999996,859.665634625101,0.0,1.7000000000000455,-88.7769429986514
6379200.0,900,iso13790,native,True,20.000000000000007,946.4714779794136,0.0,0.6000000000000227,-101.56212000000002
6382800.0,900,iso13790,native,True,19.999999999999993,1001.1424729453014,0.0,0.6000000000000227,-101.56212000000002
6386400.0,900,iso13790,native,True,20.00000000000001,1101.673066221221,0.0,-1.099999999999966,-101.56212000000002
6390000.0,900,iso13790,native,True,20.000000000000004,1173.7632552993944,0.0,-1.6999999999999886,-101.56212000000002
6393600.0,900,iso13790,native,True,20.000000000000004,1241.3962213031655,0.0,-2.1999999999999886,-101.56212000000002
6397200.0,900,iso13790,native,True,19.999999999999993,1310.1270508078276,0.0,-2.7999999999999545,-101.56212000000002
6400800.0,900,iso13790,native,True,19.999999999999986,1359.8912879702002,0.0,-2.7999999999999545,-101.56212000000002
6404400.0,900,iso13790,native,True,20.00000000000001,1405.6602063512914,0.0,-2.7999999999999545,-101.56212000000002
6408000.0,900,iso13790,native,True,20.000000000000007,1430.019679580108,0.0,-2.1999999999999886,-101.56212000000002
6411600.0,900,iso13790,native,True,20.000000000000018,1465.871995806815,0.0,-2.1999999999999886,-101.56212000000002
6415200.0,900,iso13790,native,True,19.999999999999993,1498.8459109860717,0.0,-2.1999999999999886,-101.56212000000002
6418800.0,900,iso13790,native,True,19.999999999999996,1523.7418674488176,0.0,-2.1999999999999886,-47.62170000000001
6422400.0,900,iso13790,native,True,20.000000000000004,1531.412596981685,0.0,-2.1999999999999886,124.98764399999999
6426000.0,900,iso13790,native,True,20.000000000000007,1505.0495467743676,0.0,-1.6999999999999886,378.5076179999999
6429600.0,900,iso13790,native,True,20.000000000000018,1460.493049692786,0.0,-1.099999999999966,615.845466
6433200.0,900,iso13790,native,True,20.000000000000004,1357.4244368106652,0.0,0.6000000000000227,961.064154
6436800.0,900,iso13790,native,True,19.999999999999993,1288.3218315037325,0.0,1.1000000000000227,1074.339036
6440400.0,900,iso13790,native,True,19.999999999999996,1221.6716313131515,0.0,1.7000000000000455,1085.1271199999999
6444000.0,900,iso13790,native,True,20.000000000000004,1150.4263792343795,0.0,2.8000000000000114,998.8224479999999
6447600.0,900,iso13790,native,True,20.000000000000004,1124.5783205974387,0.0,2.8000000000000114,815.4250199999999
6451200.0,900,iso13790,native,True,19.999999999999996,1120.1001375701971,0.0,2.8000000000000114,551.116962
6454800.0,900,iso13790,native,True,20.000000000000004,1063.3759483882022,0.0,3.3000000000000114,822.1128644157484
6458400.0,900,iso13790,native,True,19.999999999999996,1119.5199134590553,0.0,2.2000000000000455,287.90590339004086
6462000.0,900,iso13790,native,True,20.000000000000007,1211.6959484969932,0.0,0.6000000000000227,-101.56212000000002
6465600.0,900,iso13790,native,True,20.000000000000007,1280.5431934295225,0.0,-0.5999999999999659,-101.56212000000002
6469200.0,900,iso13790,native,True,19.999999999999996,1331.7450330250101,0.0,-1.099999999999966,-101.56212000000002
6472800.0,900,iso13790,native,True,20.000000000000007,1385.3639081147835,0.0,-1.6999999999999886,-101.56212000000002
6476400.0,900,iso13790,native,True,19.999999999999993,1453.7434187589693,0.0,-2.7999999999999545,-101.56212000000002
6480000.0,900,iso13790,native,True,19.999999999999996,1491.977424476145,0.0,-2.7999999999999545,-101.56212000000002
6483600.0,900,iso13790,native,True,19.999999999999993,1527.14181534868,0.0,-2.7999999999999545,-101.56212000000002
6487200.0,900,iso13790,native,True,20.000000000000004,1574.2621104681496,0.0,-3.2999999999999545,-101.56212000000002
6490800.0,900,iso13790,native,True,20.000000000000004,1638.9062028829376,0.0,-4.399999999999977,-101.56212000000002
6494400.0,900,iso13790,native,True,19.999999999999993,1709.1744687951868,0.0,-5.599999999999966,-101.56212000000002
6498000.0,900,iso13790,native,True,19.999999999999996,1711.4343869408444,0.0,-4.399999999999977,-101.56212000000002
6501600.0,900,iso13790,native,True,19.999999999999996,1790.6588072160564,0.0,-6.099999999999966,-101.56212000000002
6505200.0,900,iso13790,native,True,20.00000000000001,1745.230703604197,0.0,-3.8999999999999773,49.01458718305039
6508800.0,900,iso13790,native,True,20.000000000000004,1577.28350774869,0.0,1.7000000000000455,207.52183072170504
6512400.0,900,iso13790,native,True,20.000000000000004,1376.9492272047933,0.0,7.2000000000000455,357.9339082813377
6516000.0,900,iso13790,native,True,19.999999999999996,1246.9275812264282,0.0,9.400000000000034,457.4716737101479
6519600.0,900,iso13790,native,True,20.00000000000001,1140.3550265371798,0.0,10.600000000000023,505.1647797088931
6523200.0,900,iso13790,native,True,19.999999999999993,1031.9680611816693,0.0,11.700000000000045,571.2773386878974
6526800.0,900,iso13790,native,True,19.999999999999993,916.3176304595868,0.0,13.300000000000011,531.2001501242219
6530400.0,900,iso13790,native,True,20.0,844.3575363072911,0.0,13.300000000000011,529.7976204606119
6534000.0,900,iso13790,native,True,20.0,639.2848610157125,0.0,13.300000000000011,1908.7783225810938
6537600.0,900,iso13790,native,True,19.999999999999993,455.1467994043066,0.0,13.300000000000011,2410.728081748024
6541200.0,900,iso13790,native,True,19.999999999999996,421.9071273462098,0.0,12.200000000000045,1580.575160144234
6544800.0,900,iso13790,native,True,20.0,300.0680514452867,0.0,10.0,2559.197966868875
6548400.0,900,iso13790,native,True,19.999999999999996,485.07792867632014,0.0,8.300000000000011,5.594569082714898
6552000.0,900,iso13790,native,True,19.999999999999996,558.5720647169272,0.0,7.2000000000000455,-101.56212000000002
6555600.0,900,iso13790,native,True,20.0,644.5287484272078,0.0,5.600000000000023,-101.56212000000002
6559200.0,900,iso13790,native,True,20.000000000000004,755.7053728763499,0.0,3.3000000000000114,-101.56212000000002
6562800.0,900,iso13790,native,True,20.00000000000001,853.6964858162809,0.0,1.7000000000000455,-101.56212000000002
6566400.0,900,iso13790,native,True,19.999999999999996,925.6925002238405,0.0,1.1000000000000227,-101.56212000000002
6570000.0,900,iso13790,native,True,20.00000000000001,1043.487708210596,0.0,-1.099999999999966,-101.56212000000002
6573600.0,900,iso13790,native,True,20.000000000000004,1102.5144149512887,0.0,-1.099999999999966,-101.56212000000002
6577200.0,900,iso13790,native,True,19.999999999999996,1189.3161316461535,0.0,-2.1999999999999886,-101.56212000000002
6580800.0,900,iso13790,native,True,19.999999999999993,1211.9793521642216,0.0,-1.099999999999966,-101.56212000000002
6584400.0,900,iso13790,native,True,20.000000000000007,1275.2136077236269,0.0,-1.6999999999999886,-101.56212000000002
6588000.0,900,iso13790,native,True,20.000000000000014,1319.9225630486555,0.0,-1.6999999999999886,-101.56212000000002
6591600.0,900,iso13790,native,True,20.000000000000004,1276.6482365116156,0.0,0.6000000000000227,61.4324784944026
6595200.0,900,iso13790,native,True,20.00000000000001,1097.310642225549,0.0,6.7000000000000455,233.13957681534038
6598800.0,900,iso13790,native,True,20.000000000000004,898.2951556780396,0.0,12.200000000000045,382.94507811913587
6602400.0,900,iso13790,native,True,20.000000000000004,800.0705111835573,0.0,13.300000000000011,501.4112128863025
6606000.0,900,iso13790,native,True,19.999999999999996,689.5163367914405,0.0,14.400000000000034,671.0863334353069
6609600.0,900,iso13790,native,True,20.000000000000004,576.2666729668449,0.0,16.100000000000023,599.0381071042144
6613200.0,900,iso13790,native,True,19.999999999999996,474.61709160361573,0.0,17.200000000000045,601.1087831027821
6616800.0,900,iso13790,native,True,20.000000000000004,395.0539673221255,0.0,17.200000000000045,708.507202923794
6620400.0,900,iso13790,native,True,20.000000000000004,225.2362886133853,0.0,16.100000000000023,2033.9144554721856
6624000.0,900,iso13790,native,True,19.999999999999996,13.338723510204076,0.0,15.0,3190.475295521253
6627600.0,900,iso13790,native,True,20.704897124678375,0.0,0.0,14.400000000000034,3745.5392220630656
6631200.0,900,iso13790,native,True,20.843064236406452,0.0,0.0,12.800000000000011,2646.88722156844
6634800.0,900,iso13790,native,True,20.000000000000004,28.544797278911403,0.0,8.900000000000034,-13.947846068391655
6638400.0,900,iso13790,native,True,19.999999999999996,166.13976020192987,0.0,6.7000000000000455,-101.56212000000002
6642000.0,900,iso13790,native,True,20.0,272.3957296300387,0.0,5.600000000000023,-101.56212000000002
6645600.0,900,iso13790,native,True,20.000000000000004,345.46528492047935,0.0,5.600000000000023,-101.56212000000002
6649200.0,900,iso13790,native,True,20.0,448.1382359653935,0.0,4.400000000000034,-101.56212000000002
6652800.0,900,iso13790,native,True,20.000000000000004,515.6710116479342,0.0,4.400000000000034,-101.56212000000002
6656400.0,900,iso13790,native,True,19.999999999999996,560.0470322064688,0.0,5.0,-101.56212000000002
6660000.0,900,iso13790,native,True,20.000000000000004,596.5739781683894,0.0,5.600000000000023,-101.56212000000002
6663600.0,900,iso13790,native,True,20.000000000000004,661.3517926116826,0.0,5.0,-101.56212000000002
6667200.0,900,iso13790,native,True,20.000000000000004,725.2152725871734,0.0,4.400000000000034,-101.56212000000002
6670800.0,900,iso13790,native,True,20.000000000000004,817.7959758800507,0.0,2.8000000000000114,-101.56212000000002
6674400.0,900,iso13790,native,True,20.0,899.5950303017653,0.0,1.7000000000000455,-101.56212000000002
6678000.0,900,iso13790,native,True,20.000000000000004,966.1455564880183,0.0,0.6000000000000227,62.71896404374258
6681600.0,900,iso13790,native,True,20.000000000000004,903.9805215016135,0.0,3.3000000000000114,315.6313056379199
6685200.0,900,iso13790,native,True,20.000000000000004,798.0616156978446,0.0,6.7000000000000455,502.8994139362146
6688800.0,900,iso13790,native,True,20.000000000000004,669.8113043972131,0.0,10.0,671.4705817808303
6692400.0,900,iso13790,native,True,20.0,574.9332064711458,0.0,11.700000000000045,744.6399534466384
6696000.0,900,iso13790,native,True,19.999999999999993,474.7867669805434,0.0,13.300000000000011,810.348304807422
6699600.0,900,iso13790,native,True,20.000000000000004,390.43852044903326,0.0,14.400000000000034,792.5878744401133
6703200.0,900,iso13790,native,True,19.999999999999993,328.7132874803938,0.0,15.0,696.8496870315239
6706800.0,900,iso13790,native,True,19.999999999999996,148.61905726105508,0.0,15.600000000000023,1841.2764270002117
6710400.0,900,iso13790,native,True,20.000000000000007,3.8887988662835156,0.0,14.400000000000034,2572.941920760761
6714000.0,900,iso13790,native,True,19.999999999999996,0.9152572614033286,0.0,11.700000000000045,2095.7622758316274
6717600.0,900,iso13790,native,True,19.999999999999993,3.81195199043475,0.0,11.700000000000045,1249.6634448375921
6721200.0,900,iso13790,native,True,20.000000000000004,176.1240099137119,0.0,9.400000000000034,-95.349477995375
6724800.0,900,iso13790,native,True,19.999999999999996,244.80275144429888,0.0,8.900000000000034,-101.56212000000002
6728400.0,900,iso13790,native,True,20.0,296.51269079196277,0.0,8.900000000000034,-101.56212000000002
6732000.0,900,iso13790,native,True,19.999999999999993,344.0711007756583,0.0,8.900000000000034,-101.56212000000002
6735600.0,900,iso13790,native,True,20.000000000000004,387.81128668015845,0.0,8.900000000000034,-101.56212000000002
6739200.0,900,iso13790,native,True,20.0,460.5537599428472,0.0,7.800000000000011,-101.56212000000002
6742800.0,900,iso13790,native,True,19.999999999999993,470.2864825403372,0.0,8.900000000000034,-101.56212000000002
6746400.0,900,iso13790,native,True,20.0,489.11439887808507,0.0,9.400000000000034,-101.56212000000002
6750000.0,900,iso13790,native,True,20.0,532.4169105344529,0.0,8.900000000000034,-101.56212000000002
6753600.0,900,iso13790,native,True,20.000000000000004,561.0357644540699,0.0,8.900000000000034,-101.56212000000002
6757200.0,900,iso13790,native,True,20.000000000000004,587.3569554116066,0.0,8.900000000000034,-101.56212000000002
6760800.0,900,iso13790,native,True,20.00000000000001,629.2998414380326,0.0,8.300000000000011,-101.56212000000002
6764400.0,900,iso13790,native,True,19.999999999999996,638.5874127322754,0.0,8.300000000000011,55.76405739084657
6768000.0,900,iso13790,native,True,20.000000000000004,603.0160794838669,0.0,8.900000000000034,380.102140181488
6771600.0,900,iso13790,native,True,20.000000000000004,488.5727872333607,0.0,11.100000000000023,808.0566913950508
6775200.0,900,iso13790,native,True,20.000000000000004,419.83728357783525,0.0,11.100000000000023,1104.6660231753294
6778800.0,900,iso13790,native,True,19.999999999999996,305.68356147953125,0.0,13.300000000000011,1082.2196460550192
6782400.0,900,iso13790,native,True,19.999999999999993,269.68882969833385,0.0,13.300000000000011,877.8247547075738
6786000.0,900,iso13790,native,True,20.000000000000004,198.81756780189457,0.0,14.400000000000034,849.0134414079773
6789600.0,900,iso13790,native,True,20.000000000000004,171.9917113167244,0.0,14.400000000000034,701.5234015787531
6793200.0,900,iso13790,native,True,20.0,31.309958967311957,0.0,13.900000000000034,1942.1582459649792
6796800.0,900,iso13790,native,True,20.665863025986162,0.0,0.0,13.900000000000034,3208.002277626801
6800400.0,900,iso13790,native,True,21.28794592061526,0.0,0.0,12.200000000000045,3847.5781053350283
6804000.0,900,iso13790,native,True,21.52797394784645,0.0,0.0,11.100000000000023,3022.5002928367194
6807600.0,900,iso13790,native,True,20.68309145129833,0.0,0.0,8.900000000000034,83.44144344265885
6811200.0,900,iso13790,native,True,20.27008403926878,0.0,0.0,7.800000000000011,-101.56212000000002
6814800.0,900,iso13790,native,True,19.999999999999996,55.45307856312398,0.0,6.100000000000023,-101.56212000000002
6818400.0,900,iso13790,native,True,20.0,157.14697971760216,0.0,5.600000000000023,-101.56212000000002
6822000.0,900,iso13790,native,True,20.0,307.4530200930939,0.0,3.3000000000000114,-101.56212000000002
6825600.0,900,iso13790,native,True,19.999999999999996,408.9180806127499,0.0,2.8000000000000114,-101.56212000000002
6829200.0,900,iso13790,native,True,19.999999999999993,556.0578377602379,0.0,0.6000000000000227,-101.56212000000002
6832800.0,900,iso13790,native,True,20.000000000000007,677.5429488979635,0.0,-0.5999999999999659,-101.56212000000002
6836400.0,900,iso13790,native,True,20.000000000000004,777.1566267828443,0.0,-1.099999999999966,-101.56212000000002
6840000.0,900,iso13790,native,True,20.000000000000004,857.5657083441926,0.0,-1.099999999999966,-101.56212000000002
6843600.0,900,iso13790,native,True,20.000000000000004,899.0051860913331,0.0,0.0,-101.56212000000002
6847200.0,900,iso13790,native,True,20.000000000000004,961.7733579012822,0.0,0.0,-101.56212000000002
6850800.0,900,iso13790,native,True,19.999999999999996,998.5705987910699,0.0,0.0,106.3428050462108
6854400.0,900,iso13790,native,True,19.999999999999996,879.5488086352569,0.0,5.0,239.11282891384184
6858000.0,900,iso13790,native,True,20.000000000000004,787.0772754540191,0.0,7.800000000000011,414.0238448024523
6861600.0,900,iso13790,native,True,20.000000000000004,653.5123828924663,0.0,10.0,942.6995339414693
6865200.0,900,iso13790,native,True,20.000000000000004,562.116786330076,0.0,11.700000000000045,830.5079596709445
6868800.0,900,iso13790,native,True,20.0,458.1828959858474,0.0,12.200000000000045,1215.156588137534
6872400.0,900,iso13790,native,True,19.999999999999996,299.73417091563107,0.0,13.900000000000034,1604.1230561423822
6876000.0,900,iso13790,native,True,20.0,307.9545508110123,0.0,12.200000000000045,1106.703288
6879600.0,900,iso13790,native,True,20.0,289.7263913903727,0.0,11.700000000000045,934.093944
6883200.0,900,iso13790,native,True,20.0,312.90738643242753,0.0,10.600000000000023,680.5739699999999
6886800.0,900,iso13790,native,True,20.000000000000004,347.60553752642005,0.0,10.0,378.5076179999999
6890400.0,900,iso13790,native,True,19.999999999999996,314.4039317727708,0.0,9.400000000000034,948.1543424345607
6894000.0,900,iso13790,native,True,20.0,411.1402239486429,0.0,8.900000000000034,-77.07969903670272
6897600.0,900,iso13790,native,True,20.0,500.72120165246383,0.0,7.2000000000000455,-101.56212000000002
6901200.0,900,iso13790,native,True,20.000000000000004,576.5433631684269,0.0,6.100000000000023,-101.56212000000002
6904800.0,900,iso13790,native,True,19.999999999999996,636.4015622294773,0.0,5.600000000000023,-101.56212000000002
6908400.0,900,iso13790,native,True,20.0,730.4957870341459,0.0,3.900000000000034,-101.56212000000002
6912000.0,900,iso13790,native,True,20.00000000000001,829.1803166431779,0.0,2.2000000000000455,-101.56212000000002
6915600.0,900,iso13790,native,True,20.000000000000004,864.102872567633,0.0,2.8000000000000114,-101.56212000000002
6919200.0,900,iso13790,native,True,19.999999999999993,909.6702150323903,0.0,2.8000000000000114,-101.56212000000002
6922800.0,900,iso13790,native,True,20.000000000000004,951.5791861537134,0.0,2.8000000000000114,-101.56212000000002
6926400.0,900,iso13790,native,True,19.999999999999993,1055.1514291490287,0.0,0.6000000000000227,-101.56212000000002
6930000.0,900,iso13790,native,True,19.999999999999996,1101.097060785408,0.0,0.6000000000000227,-101.56212000000002
6933600.0,900,iso13790,native,True,19.99999999999999,1110.8399846076918,0.0,1.7000000000000455,-101.56212000000002
6937200.0,900,iso13790,native,True,20.0,1114.396533782676,0.0,2.2000000000000455,50.21530097313408
6940800.0,900,iso13790,native,True,19.999999999999996,1047.7429305458247,0.0,3.900000000000034,417.0964709931769
6944400.0,900,iso13790,native,True,19.999999999999986,958.5820387594952,0.0,5.600000000000023,718.5346481090819
6948000.0,900,iso13790,native,True,20.0,862.1945581307847,0.0,6.7000000000000455,1036.3689382074126
6951600.0,900,iso13790,native,True,19.999999999999996,670.9726080818276,0.0,9.400000000000034,1633.3140461896298
6955200.0,900,iso13790,native,True,20.0,543.9329229554021,0.0,8.900000000000034,2132.7144079151067
6958800.0,900,iso13790,native,True,19.999999999999996,472.91655803484304,0.0,10.0,1441.162713957916
6962400.0,900,iso13790,native,True,20.0,384.3417082253953,0.0,11.700000000000045,1143.9955871866873
6966000.0,900,iso13790,native,True,20.000000000000004,270.73419942125446,0.0,10.600000000000023,2046.9513440160067
6969600.0,900,iso13790,native,True,20.000000000000004,189.2468086922533,0.0,10.0,2107.5201019267497
6973200.0,900,iso13790,native,True,20.000000000000004,199.400480003165,0.0,9.400000000000034,1328.839964934193
6976800.0,900,iso13790,native,True,20.000000000000004,215.72317470145995,0.0,8.300000000000011,1140.3246807423664
6980400.0,900,iso13790,native,True,20.0,349.9902217433001,0.0,7.2000000000000455,-40.82097699833307
6984000.0,900,iso13790,native,True,20.000000000000004,422.60181704341545,0.0,6.7000000000000455,-101.56212000000002
6987600.0,900,iso13790,native,True,19.999999999999996,475.75378014766386,0.0,6.7000000000000455,-101.56212000000002
6991200.0,900,iso13790,native,True,19.999999999999996,542.3733313960904,0.0,6.100000000000023,-101.56212000000002
6994800.0,900,iso13790,native,True,19.999999999999996,604.9748693985562,0.0,5.600000000000023,-101.56212000000002
6998400.0,900,iso13790,native,True,19.999999999999996,651.3433284972259,0.0,5.600000000000023,-101.56212000000002
7002000.0,900,iso13790,native,True,20.0,693.9890986517861,0.0,5.600000000000023,-101.56212000000002
7005600.0,900,iso13790,native,True,20.000000000000004,750.9459460182812,0.0,5.0,-101.56212000000002
7009200.0,900,iso13790,native,True,20.0,807.6163647873598,0.0,4.400000000000034,-101.56212000000002
7012800.0,900,iso13790,native,True,19.999999999999996,893.5815013592595,0.0,2.8000000000000114,-101.56212000000002
7016400.0,900,iso13790,native,True,19.999999999999993,969.296119435468,0.0,1.7000000000000455,-101.56212000000002
7020000.0,900,iso13790,native,True,19.999999999999993,1032.0112242251055,0.0,1.1000000000000227,-101.56212000000002
7023600.0,900,iso13790,native,True,20.000000000000004,1037.7879143276557,0.0,1.7000000000000455,104.24019602263532
7027200.0,900,iso13790,native,True,19.999999999999996,909.9265915138153,0.0,5.600000000000023,497.1258999559727
7030800.0,900,iso13790,native,True,20.000000000000004,756.2569802355806,0.0,8.900000000000034,910.5106169922618
7034400.0,900,iso13790,native,True,20.000000000000004,646.1311598274874,0.0,10.0,1176.0686897632793
7038000.0,900,iso13790,native,True,20.0,545.4911025020203,0.0,11.700000000000045,1020.6763092653632
7041600.0,900,iso13790,native,True,20.0,432.52176870766226,0.0,12.800000000000011,1217.3511793541525
7045200.0,900,iso13790,native,True,19.999999999999996,325.20413797239235,0.0,14.400000000000034,1104.3758481581774
7048800.0,900,iso13790,native,True,19.999999999999996,212.45491796610895,0.0,15.0,1379.2007525755187
7052400.0,900,iso13790,native,True,20.0,59.418697330133625,0.0,14.400000000000034,2287.883326458529
7056000.0,900,iso13790,native,True,20.3205958569553,0.0,0.0,15.600000000000023,2249.626322502723
7059600.0,900,iso13790,native,True,20.672673872655913,0.0,0.0,14.400000000000034,2421.814087783366
7063200.0,900,iso13790,native,True,20.133309685085976,0.0,0.0,12.800000000000011,227.77039013120836
7066800.0,900,iso13790,native,True,19.999999999999996,52.61907808476714,0.0,11.700000000000045,-101.56212000000002
7070400.0,900,iso13790,native,True,19.999999999999996,132.2694781296253,0.0,10.600000000000023,-101.56212000000002
7074000.0,900,iso13790,native,True,20.000000000000004,248.8532367156078,0.0,8.300000000000011,-101.56212000000002
7077600.0,900,iso13790,native,True,20.0,337.03829710531187,0.0,7.2000000000000455,-101.56212000000002
7081200.0,900,iso13790,native,True,19.999999999999996,458.5156962949826,0.0,5.0,-101.56212000000002
7084800.0,900,iso13790,native,True,20.0,618.4708663817207,0.0,1.7000000000000455,-101.56212000000002
7088400.0,900,iso13790,native,True,20.000000000000004,676.8379899212316,0.0,2.2000000000000455,-101.56212000000002
7092000.0,900,iso13790,native,True,20.0,741.72623066342,0.0,2.2000000000000455,-101.56212000000002
7095600.0,900,iso13790,native,True,20.0,848.6979637045212,0.0,0.6000000000000227,-101.56212000000002
7099200.0,900,iso13790,native,True,20.00000000000001,846.1907682765476,0.0,2.8000000000000114,-101.56212000000002
7102800.0,900,iso13790,native,True,20.000000000000004,925.7101485020622,0.0,1.7000000000000455,-101.56212000000002
7106400.0,900,iso13790,native,True,20.0,991.7409771628708,0.0,1.1000000000000227,-99.73876285549741
7110000.0,900,iso13790,native,True,20.000000000000004,985.2102431908105,0.0,2.2000000000000455,112.52571309824748
7113600.0,900,iso13790,native,True,19.999999999999996,800.5465595186956,0.0,8.900000000000034,249.0026225065414
7117200.0,900,iso13790,native,True,19.999999999999993,657.0414784162915,0.0,12.800000000000011,388.15442390200997
7120800.0,900,iso13790,native,True,19.999999999999996,542.3746941878219,0.0,15.0,493.6504596235078
7124400.0,900,iso13790,native,True,20.000000000000004,400.86757086166773,0.0,17.80000000000001,561.2216006710398
7128000.0,900,iso13790,native,True,20.000000000000004,301.3122470696235,0.0,18.900000000000034,584.5664170888467
7131600.0,900,iso13790,native,True,20.000000000000004,204.33446098817396,0.0,20.0,569.5498171199779
7135200.0,900,iso13790,native,True,19.999999999999996,126.7613764039803,0.0,20.600000000000023,516.9361771295394
7138800.0,900,iso13790,native,True,20.19426135133197,0.0,0.0,20.600000000000023,1722.6756287775418
7142400.0,900,iso13790,native,True,21.039081576220422,0.0,0.0,20.600000000000023,2873.224827596599
7146000.0,900,iso13790,native,True,21.107799909912053,0.0,0.0,18.900000000000034,1720.4381232300416
7149600.0,900,iso13790,native,True,21.04146491568158,0.0,0.0,18.30000000000001,689.0511100096144
7153200.0,900,iso13790,native,True,20.675688343446613,0.0,0.0,16.100000000000023,-48.3260458536844
7156800.0,900,iso13790,native,True,20.233225655184455,0.0,0.0,12.800000000000011,-101.56212000000002
7160400.0,900,iso13790,native,True,19.999999999999996,12.099857890796851,0.0,11.700000000000045,-101.56212000000002
7164000.0,900,iso13790,native,True,20.0,95.00334108683452,0.0,10.600000000000023,-101.56212000000002
7167600.0,900,iso13790,native,True,20.000000000000004,182.0650436919576,0.0,9.400000000000034,-101.56212000000002
7171200.0,900,iso13790,native,True,20.000000000000004,250.01899432358067,0.0,8.900000000000034,-101.56212000000002
7174800.0,900,iso13790,native,True,20.000000000000004,351.5590037719079,0.0,7.2000000000000455,-101.56212000000002
7178400.0,900,iso13790,native,True,20.000000000000004,421.6217530561715,0.0,6.7000000000000455,-101.56212000000002
7182000.0,900,iso13790,native,True,20.0,492.58729083710045,0.0,6.100000000000023,-101.56212000000002
7185600.0,900,iso13790,native,True,20.000000000000004,559.1858981052397,0.0,5.600000000000023,-101.56212000000002
7189200.0,900,iso13790,native,True,20.000000000000004,594.4514467557156,0.0,6.100000000000023,-101.56212000000002
7192800.0,900,iso13790,native,True,19.999999999999993,702.8044420725472,0.0,3.900000000000034,-98.42034063245345
7196400.0,900,iso13790,native,True,20.000000000000004,717.0187394531952,0.0,4.400000000000034,114.87717595150144
7200000.0,900,iso13790,native,True,19.999999999999996,545.1849075464302,0.0,10.600000000000023,327.0543900408751
7203600.0,900,iso13790,native,True,20.000000000000004,446.39117237731926,0.0,11.700000000000045,880.0353023958339
7207200.0,900,iso13790,native,True,19.999999999999996,293.0216159906035,0.0,15.0,996.0382761558694
7210800.0,900,iso13790,native,True,20.0,134.40695593799703,0.0,18.30000000000001,982.2387494611664
7214400.0,900,iso13790,native,True,20.080692184403226,0.0,0.0,20.0,1323.7701649098526
7218000.0,900,iso13790,native,True,20.519520980419887,0.0,0.0,21.100000000000023,1292.7971570337922
7221600.0,900,iso13790,native,True,21.137045577062683,0.0,0.0,20.0,2378.610463712214
7225200.0,900,iso13790,native,True,21.439686040179254,0.0,0.0,21.100000000000023,1405.3019332398865
7228800.0,900,iso13790,native,True,21.489168516814413,0.0,0.0,20.0,901.9144177761113
7232400.0,900,iso13790,native,True,21.784585097406946,0.0,0.0,18.900000000000034,1470.9400442032577
7236000.0,900,iso13790,native,True,21.54134989910578,0.0,0.0,17.200000000000045,467.0819569524057
7239600.0,900,iso13790,native,True,21.2420931411032,0.0,0.0,15.600000000000023,-13.107301210987622
7243200.0,900,iso13790,native,True,20.820099684899073,0.0,0.0,12.800000000000011,-101.56212000000002
7246800.0,900,iso13790,native,True,20.58149222369444,0.0,0.0,12.200000000000045,-101.56212000000002
7250400.0,900,iso13790,native,True,20.228588947273213,0.0,0.0,10.600000000000023,-101.56212000000002
7254000.0,900,iso13790,native,True,20.01218630769386,0.0,0.0,10.600000000000023,-101.56212000000002
7257600.0,900,iso13790,native,True,19.999999999999993,171.15632272220975,0.0,6.7000000000000455,-101.56212000000002
7261200.0,900,iso13790,native,True,20.000000000000004,197.20253138733375,0.0,8.300000000000011,-101.56212000000002
7264800.0,900,iso13790,native,True,20.0,189.03665384964773,0.0,10.600000000000023,-101.56212000000002
7268400.0,900,iso13790,native,True,20.000000000000004,250.81400730846318,0.0,10.0,-101.56212000000002
7272000.0,900,iso13790,native,True,20.000000000000004,311.91791812877443,0.0,9.400000000000034,-101.56212000000002
7275600.0,900,iso13790,native,True,20.000000000000004,369.44663856246996,0.0,8.900000000000034,-101.56212000000002
7279200.0,900,iso13790,native,True,20.000000000000004,443.5310559766142,0.0,7.800000000000011,-100.24644398369236
7282800.0,900,iso13790,native,True,19.999999999999993,448.6260590733122,0.0,8.300000000000011,134.75165556527566
7286400.0,900,iso13790,native,True,20.000000000000004,388.64003535306125,0.0,10.600000000000023,306.27913368727985
7290000.0,900,iso13790,native,True,20.000000000000004,280.1894101932194,0.0,12.800000000000011,769.608919477559
7293600.0,900,iso13790,native,True,20.0,210.79429226195117,0.0,14.400000000000034,671.7871330532762
7297200.0,900,iso13790,native,True,20.000000000000004,162.6870403441249,0.0,15.0,656.9816422740963
7300800.0,900,iso13790,native,True,20.000000000000004,47.873319458454674,0.0,16.100000000000023,1162.6772070748375
7304400.0,900,iso13790,native,True,20.200204974131864,0.0,0.0,16.700000000000045,1417.6201723117174
7308000.0,900,iso13790,native,True,20.677266961834274,0.0,0.0,17.200000000000045,1855.5609920930056
7311600.0,900,iso13790,native,True,20.96500948195017,0.0,0.0,17.200000000000045,1645.4635637208328
7315200.0,900,iso13790,native,True,20.587429059026054,0.0,0.0,13.300000000000011,869.36544
7318800.0,900,iso13790,native,True,20.4043738548828,0.0,0.0,12.800000000000011,356.9314499999999
7322400.0,900,iso13790,native,True,19.999999999999996,0.7927080852033881,0.0,10.600000000000023,49.471055999999976
7326000.0,900,iso13790,native,True,20.0,101.4426506149251,0.0,9.400000000000034,-101.56212000000002
7329600.0,900,iso13790,native,True,20.0,193.60425551416014,0.0,8.300000000000011,-101.56212000000002
7333200.0,900,iso13790,native,True,19.999999999999996,253.7110114824586,0.0,8.300000000000011,-101.56212000000002
7336800.0,900,iso13790,native,True,20.000000000000004,439.0479623597132,0.0,3.900000000000034,-101.56212000000002
7340400.0,900,iso13790,native,True,19.999999999999993,608.4244038032542,0.0,0.6000000000000227,-101.56212000000002
7344000.0,900,iso13790,native,True,19.999999999999996,690.2354877452838,0.0,0.6000000000000227,-101.56212000000002
7347600.0,900,iso13790,native,True,19.999999999999993,765.478373743777,0.0,0.6000000000000227,-101.56212000000002
7351200.0,900,iso13790,native,True,20.000000000000004,852.4152794733075,0.0,0.0,-101.56212000000002
7354800.0,900,iso13790,native,True,20.000000000000004,918.9239191281099,0.0,0.0,-101.56212000000002
7358400.0,900,iso13790,native,True,19.999999999999996,962.3580263581686,0.0,0.6000000000000227,-101.56212000000002
7362000.0,900,iso13790,native,True,20.000000000000004,1033.488461043488,0.0,0.0,-101.56212000000002
7365600.0,900,iso13790,native,True,20.000000000000004,1103.194541527741,0.0,-0.5999999999999659,-101.56212000000002
7369200.0,900,iso13790,native,True,20.0,1134.8484569706816,0.0,-0.5999999999999659,87.22934999999998
7372800.0,900,iso13790,native,True,20.00000000000001,1083.995424370202,0.0,0.0,780.140807005517
7376400.0,900,iso13790,native,True,19.999999999999996,1017.4793643900142,0.0,1.1000000000000227,1061.429788668607
7380000.0,900,iso13790,native,True,20.000000000000007,928.2895028397984,0.0,3.900000000000034,873.9738204606044
7383600.0,900,iso13790,native,True,20.000000000000004,769.8118555808823,0.0,8.900000000000034,714.4572995422302
7387200.0,900,iso13790,native,True,19.999999999999993,747.1978040572475,0.0,8.900000000000034,541.3125716802085
7390800.0,900,iso13790,native,True,19.999999999999993,684.2335614919022,0.0,10.0,568.5799471269031
7394400.0,900,iso13790,native,True,20.000000000000004,644.3260326398771,0.0,8.900000000000034,968.4228945673951
7398000.0,900,iso13790,native,True,20.000000000000007,469.84103071500846,0.0,11.100000000000023,1604.5769337533538
7401600.0,900,iso13790,native,True,20.000000000000004,342.14402733743384,0.0,9.400000000000034,2519.926404228384
7405200.0,900,iso13790,native,True,20.000000000000004,247.76558105924198,0.0,8.900000000000034,2421.799683251818
7408800.0,900,iso13790,native,True,20.000000000000004,112.99620340202412,0.0,8.900000000000034,2748.0536407041805
7412400.0,900,iso13790,native,True,20.0,317.0030779550197,0.0,6.7000000000000455,265.7557015771661
7416000.0,900,iso13790,native,True,19.999999999999996,425.79889321575916,0.0,5.600000000000023,-101.56212000000002
7419600.0,900,iso13790,native,True,20.0,536.8013406091701,0.0,3.900000000000034,-101.56212000000002
7423200.0,900,iso13790,native,True,19.999999999999996,651.0366171754645,0.0,2.2000000000000455,-101.56212000000002
7426800.0,900,iso13790,native,True,20.000000000000004,685.4823540261905,0.0,3.3000000000000114,-101.56212000000002
7430400.0,900,iso13790,native,True,19.999999999999996,774.3322425533859,0.0,2.2000000000000455,-101.56212000000002
7434000.0,900,iso13790,native,True,20.0,878.6862038950654,0.0,0.6000000000000227,-101.56212000000002
7437600.0,900,iso13790,native,True,20.000000000000004,974.2691161024661,0.0,-0.5999999999999659,-101.56212000000002
7441200.0,900,iso13790,native,True,20.0,1050.060151537019,0.0,-1.099999999999966,-101.56212000000002
7444800.0,900,iso13790,native,True,19.999999999999993,1108.5591900613715,0.0,-1.099999999999966,-101.56212000000002
7448400.0,900,iso13790,native,True,20.000000000000007,1162.3616368035382,0.0,-1.099999999999966,-101.56212000000002
7452000.0,900,iso13790,native,True,20.000000000000004,1243.983977136744,0.0,-2.1999999999999886,-97.84191044706738
7455600.0,900,iso13790,native,True,20.0,1222.5396573661783,0.0,-0.5999999999999659,147.62526540058826
7459200.0,900,iso13790,native,True,20.000000000000004,1133.1343650443566,0.0,2.8000000000000114,295.01603230755615
7462800.0,900,iso13790,native,True,20.00000000000001,1019.6388453078998,0.0,6.100000000000023,452.08888400267836
7466400.0,900,iso13790,native,True,19.999999999999996,933.5758569350778,0.0,7.800000000000011,567.9330279086846
7470000.0,900,iso13790,native,True,20.000000000000004,875.0321380150359,0.0,8.300000000000011,640.8016152299249
7473600.0,900,iso13790,native,True,19.999999999999996,814.6721939856152,0.0,8.900000000000034,669.5592312306651
7477200.0,900,iso13790,native,True,19.999999999999996,743.3054447960911,0.0,10.0,649.0433187142769
7480800.0,900,iso13790,native,True,20.0,724.9622310644965,0.0,9.400000000000034,592.2123470224296
7484400.0,900,iso13790,native,True,20.000000000000004,547.213243630299,0.0,10.600000000000023,1681.7500553676082
7488000.0,900,iso13790,native,True,20.000000000000004,333.94525739018036,0.0,10.600000000000023,2875.1218908506394
7491600.0,900,iso13790,native,True,20.000000000000004,145.86609291592188,0.0,10.0,3443.9667666275127
7495200.0,900,iso13790,native,True,20.0,92.228691885215,0.0,8.900000000000034,2673.3385374812146
7498800.0,900,iso13790,native,True,19.999999999999996,315.0401977845957,0.0,6.7000000000000455,65.93567608756095
7502400.0,900,iso13790,native,True,19.999999999999996,416.0230048188296,0.0,5.600000000000023,-101.56212000000002
7506000.0,900,iso13790,native,True,19.999999999999993,430.2684121810666,0.0,7.2000000000000455,-101.56212000000002
7509600.0,900,iso13790,native,True,20.000000000000004,561.9957274993928,0.0,4.400000000000034,-101.56212000000002
7513200.0,900,iso13790,native,True,19.999999999999996,652.9014268836249,0.0,3.3000000000000114,-101.56212000000002
7516800.0,900,iso13790,native,True,20.0,776.8810387301219,0.0,1.1000000000000227,-101.56212000000002
7520400.0,900,iso13790,native,True,20.000000000000004,841.5956348394121,0.0,1.1000000000000227,-101.56212000000002
7524000.0,900,iso13790,native,True,19.999999999999993,915.8936987491928,0.0,0.6000000000000227,-101.56212000000002
7527600.0,900,iso13790,native,True,20.0,958.240553628883,0.0,1.1000000000000227,-101.56212000000002
7531200.0,900,iso13790,native,True,20.0,1008.394712015064,0.0,1.1000000000000227,-101.56212000000002
7534800.0,900,iso13790,native,True,20.000000000000007,1036.7873565194704,0.0,1.7000000000000455,-101.56212000000002
7538400.0,900,iso13790,native,True,20.000000000000004,1043.8081941027908,0.0,2.8000000000000114,-101.29511748599731
7542000.0,900,iso13790,native,True,20.000000000000007,1050.6291918719767,0.0,2.8000000000000114,140.0914836700735
7545600.0,900,iso13790,native,True,20.00000000000001,997.5233280569358,0.0,3.900000000000034,502.570584
7549200.0,900,iso13790,native,True,20.0,897.3599470849841,0.0,5.600000000000023,901.729692
7552800.0,900,iso13790,native,True,19.999999999999993,770.2929249122521,0.0,6.100000000000023,1638.6522992771474
7556400.0,900,iso13790,native,True,20.000000000000007,794.032931640644,0.0,4.400000000000034,1144.461582
7560000.0,900,iso13790,native,True,20.0,748.2748851182907,0.0,4.400000000000034,1241.5543380000001
7563600.0,900,iso13790,native,True,19.999999999999996,847.7921484224496,0.0,1.1000000000000227,842.39523
7567200.0,900,iso13790,native,True,19.999999999999993,870.1834726900701,0.0,0.6000000000000227,783.060768
7570800.0,900,iso13790,native,True,20.000000000000004,809.2736966249794,0.0,2.2000000000000455,988.034364
7574400.0,900,iso13790,native,True,20.000000000000004,790.3030937108902,0.0,3.3000000000000114,734.51439
7578000.0,900,iso13790,native,True,19.999999999999993,809.4640703003463,0.0,2.2000000000000455,838.2947682490615
7581600.0,900,iso13790,native,True,20.000000000000007,877.7922854513566,0.0,0.0,776.7760611049674
7585200.0,900,iso13790,native,True,20.00000000000001,989.3241329902249,0.0,-0.5999999999999659,-44.844831228672334
7588800.0,900,iso13790,native,True,20.000000000000004,1066.1688666893983,0.0,-1.099999999999966,-101.56212000000002
7592400.0,900,iso13790,native,True,20.000000000000007,1141.109508287151,0.0,-1.6999999999999886,-101.56212000000002
7596000.0,900,iso13790,native,True,19.99999999999999,1229.0989687002848,0.0,-2.7999999999999545,-101.56212000000002
7599600.0,900,iso13790,native,True,19.999999999999993,1285.3685405511014,0.0,-2.7999999999999545,-101.56212000000002
7603200.0,900,iso13790,native,True,19.999999999999993,1337.1205132172413,0.0,-2.7999999999999545,-101.56212000000002
7606800.0,900,iso13790,native,True,19.999999999999986,1384.7175818769715,0.0,-2.7999999999999545,-101.56212000000002
7610400.0,900,iso13790,native,True,19.999999999999996,1410.7584324495,0.0,-2.1999999999999886,-101.56212000000002
7614000.0,900,iso13790,native,True,20.0,1465.8920270397432,0.0,-2.7999999999999545,-101.56212000000002
7617600.0,900,iso13790,native,True,20.0,1517.9297577220684,0.0,-3.2999999999999545,-101.56212000000002
7621200.0,900,iso13790,native,True,20.00000000000001,1572.317414433151,0.0,-3.8999999999999773,-101.56212000000002
7624800.0,900,iso13790,native,True,20.000000000000004,1622.399717815042,0.0,-4.399999999999977,-88.95391850969047
7628400.0,900,iso13790,native,True,19.99999999999999,1586.437691046089,0.0,-2.7999999999999545,149.68891170725885
7632000.0,900,iso13790,native,True,20.000000000000007,1523.0955556153524,0.0,-0.5999999999999659,255.18654020043195
7635600.0,900,iso13790,native,True,20.0,1436.8589183462673,0.0,1.7000000000000455,389.43223075144857
7639200.0,900,iso13790,native,True,20.000000000000004,1324.165642010989,0.0,4.400000000000034,493.5336275738966
7642800.0,900,iso13790,native,True,20.00000000000001,1178.5405895700117,0.0,7.800000000000011,554.6445261168645
7646400.0,900,iso13790,native,True,19.99999999999999,1074.22993376609,0.0,9.400000000000034,571.8290041977518
7650000.0,900,iso13790,native,True,20.0,966.1637367959601,0.0,11.100000000000023,556.2299501426819
7653600.0,900,iso13790,native,True,20.00000000000001,891.8526558227704,0.0,11.700000000000045,503.269923926003
7657200.0,900,iso13790,native,True,20.000000000000004,713.7197066664058,0.0,12.200000000000045,1559.5500232932052
7660800.0,900,iso13790,native,True,19.999999999999996,506.1475651201538,0.0,11.100000000000023,2846.7690536072105
7664400.0,900,iso13790,native,True,20.0,267.99768112088327,0.0,11.100000000000023,3581.112566926195
7668000.0,900,iso13790,native,True,20.000000000000007,155.74854112992762,0.0,10.0,3134.3964529989303
7671600.0,900,iso13790,native,True,20.000000000000004,339.11073424834103,0.0,8.300000000000011,364.93972291618854
7675200.0,900,iso13790,native,True,19.999999999999996,471.1716806255819,0.0,6.100000000000023,-101.56212000000002
7678800.0,900,iso13790,native,True,20.000000000000004,574.9594194658989,0.0,4.400000000000034,-101.56212000000002
7682400.0,900,iso13790,native,True,20.000000000000007,664.8243296219238,0.0,3.3000000000000114,-101.56212000000002
7686000.0,900,iso13790,native,True,20.000000000000007,737.5978560948256,0.0,2.8000000000000114,-101.56212000000002
7689600.0,900,iso13790,native,True,20.0,843.5705020284884,0.0,1.1000000000000227,-101.56212000000002
7693200.0,900,iso13790,native,True,19.999999999999993,917.7100138450184,0.0,0.6000000000000227,-101.56212000000002
7696800.0,900,iso13790,native,True,19.999999999999993,974.6901212254869,0.0,0.6000000000000227,-101.56212000000002
7700400.0,900,iso13790,native,True,19.99999999999999,1012.3165088703274,0.0,1.1000000000000227,-101.56212000000002
7704000.0,900,iso13790,native,True,19.999999999999986,1058.1291824491066,0.0,1.1000000000000227,-101.56212000000002
7707600.0,900,iso13790,native,True,20.0,1115.0428635395228,0.0,0.6000000000000227,-101.56212000000002
7711200.0,900,iso13790,native,True,19.999999999999996,1156.0444503070328,0.0,0.6000000000000227,-100.21461844861201
7714800.0,900,iso13790,native,True,20.00000000000001,1085.0712557075656,0.0,3.3000000000000114,187.1323884427867
7718400.0,900,iso13790,native,True,20.000000000000004,954.2186236181167,0.0,7.2000000000000455,408.44161255841374
7722000.0,900,iso13790,native,True,20.000000000000004,808.7541517300142,0.0,10.600000000000023,615.6644846379984
7725600.0,900,iso13790,native,True,20.0,664.1079023431699,0.0,13.300000000000011,769.8944718515329
7729200.0,900,iso13790,native,True,20.0,520.1790640059195,0.0,15.600000000000023,865.0711199050462
7732800.0,900,iso13790,native,True,20.000000000000004,407.1192730730597,0.0,16.700000000000045,900.0491255633791
7736400.0,900,iso13790,native,True,20.0,298.0341750535947,0.0,17.80000000000001,886.5331916854965
7740000.0,900,iso13790,native,True,20.000000000000004,213.1204156448982,0.0,18.30000000000001,826.1827854832999
7743600.0,900,iso13790,native,True,19.999999999999996,25.938152030838562,0.0,19.400000000000034,1674.1443220337346
7747200.0,900,iso13790,native,True,20.66615968504877,0.0,0.0,19.400000000000034,2663.304839258621
7750800.0,900,iso13790,native,True,21.254845645366373,0.0,0.0,18.30000000000001,2972.0911249174615
7754400.0,900,iso13790,native,True,21.33017720035933,0.0,0.0,16.700000000000045,1927.233529470699
7758000.0,900,iso13790,native,True,20.73729716125488,0.0,0.0,14.400000000000034,-28.689472467427883
7761600.0,900,iso13790,native,True,20.36292105702995,0.0,0.0,12.200000000000045,-101.56212000000002
7765200.0,900,iso13790,native,True,20.015570615982195,0.0,0.0,10.600000000000023,-101.56212000000002
7768800.0,900,iso13790,native,True,20.0,96.33345843054015,0.0,9.200000000000045,-101.56212000000002
7772400.0,900,iso13790,native,True,20.0,202.15729753559444,0.0,7.7000000000000455,-101.56212000000002
7776000.0,900,iso13790,native,True,20.0,307.2451321978858,0.0,6.300000000000011,-101.56212000000002
7779600.0,900,iso13790,native,True,20.000000000000004,413.8974761293995,0.0,4.900000000000034,-101.56212000000002
7783200.0,900,iso13790,native,True,19.999999999999993,521.98872279774,0.0,3.5,-101.56212000000002
7786800.0,900,iso13790,native,True,20.000000000000004,634.3591650331696,0.0,2.0,-101.56212000000002
7790400.0,900,iso13790,native,True,20.0,745.4680091880797,0.0,0.6000000000000227,-101.56212000000002
7794000.0,900,iso13790,native,True,20.000000000000007,834.0114458299378,0.0,0.0,-101.56212000000002
7797600.0,900,iso13790,native,True,20.0,884.2627458610648,0.0,0.6000000000000227,-101.56212000000002
7801200.0,900,iso13790,native,True,20.000000000000004,889.5131946223333,0.0,2.0,27.89488799999998
7804800.0,900,iso13790,native,True,20.00000000000001,938.4809987473986,0.0,1.1000000000000227,216.68635799999998
7808400.0,900,iso13790,native,True,19.999999999999993,937.9345839930075,0.0,1.7000000000000455,367.719534
7812000.0,900,iso13790,native,True,20.000000000000004,944.9576950521875,0.0,1.7000000000000455,486.38845799999996
7815600.0,900,iso13790,native,True,19.999999999999996,920.8513025774016,0.0,1.7000000000000455,837.001188
7819200.0,900,iso13790,native,True,20.000000000000004,893.542245917159,0.0,2.2000000000000455,880.153524
7822800.0,900,iso13790,native,True,19.999999999999996,902.5336466776464,0.0,2.2000000000000455,669.785886
7826400.0,900,iso13790,native,True,20.0,805.0775389344469,0.0,2.8000000000000114,1460.4142392986755
7830000.0,900,iso13790,native,True,20.0,852.5214224525911,0.0,2.8000000000000114,545.7229199999999
7833600.0,900,iso13790,native,True,20.000000000000004,877.0483398939668,0.0,2.8000000000000114,373.11357599999997
7837200.0,900,iso13790,native,True,19.999999999999996,945.3282913035911,0.0,1.7000000000000455,173.53402199999996
7840800.0,900,iso13790,native,True,19.999999999999993,1024.8587054009051,0.0,0.6000000000000227,6.318719999999985
7844400.0,900,iso13790,native,True,20.00000000000001,1113.009413514827,0.0,-0.5999999999999659,-101.56212000000002
7848000.0,900,iso13790,native,True,19.99999999999999,1177.6616925335013,0.0,-1.099999999999966,-101.56212000000002
7851600.0,900,iso13790,native,True,19.999999999999993,1243.6511393280302,0.0,-1.6999999999999886,-101.56212000000002
7855200.0,900,iso13790,native,True,20.000000000000004,1323.4080510732383,0.0,-2.7999999999999545,-101.56212000000002
7858800.0,900,iso13790,native,True,19.999999999999996,1386.8850991785262,0.0,-3.2999999999999545,-101.56212000000002
7862400.0,900,iso13790,native,True,19.99999999999999,1451.7936684027102,0.0,-3.8999999999999773,-101.56212000000002
7866000.0,900,iso13790,native,True,20.000000000000007,1500.9983302706173,0.0,-4.0,-101.56212000000002
7869600.0,900,iso13790,native,True,20.000000000000004,1544.011175186364,0.0,-4.0,-101.56212000000002
7873200.0,900,iso13790,native,True,19.999999999999996,1595.3939966394553,0.0,-4.399999999999977,-101.56212000000002
7876800.0,900,iso13790,native,True,19.999999999999996,1651.4207471089514,0.0,-5.0,-101.56212000000002
7880400.0,900,iso13790,native,True,19.99999999999999,1689.5008514558183,0.0,-5.0,-101.56212000000002
7884000.0,900,iso13790,native,True,19.999999999999996,1742.2585872188197,0.0,-5.599999999999966,-101.56212000000002
7887600.0,900,iso13790,native,True,19.999999999999986,1764.17440005794,0.0,-6.0,146.56381199999998
7891200.0,900,iso13790,native,True,20.0,1736.697050069298,0.0,-5.0,335.35528199999993
7894800.0,900,iso13790,native,True,19.999999999999993,1709.5160549300094,0.0,-4.399999999999977,475.600374
7898400.0,900,iso13790,native,True,20.00000000000001,1674.1182164365978,0.0,-3.8999999999999773,621.2395079999999
7902000.0,900,iso13790,native,True,20.00000000000001,1650.432817199063,0.0,-3.8999999999999773,702.150138
7905600.0,900,iso13790,native,True,20.000000000000004,1579.3853837867357,0.0,-3.2999999999999545,1047.368826
7909200.0,900,iso13790,native,True,20.0,1559.7251292786552,0.0,-3.2999999999999545,863.9713979999999
7912800.0,900,iso13790,native,True,19.999999999999996,1548.9905330666222,0.0,-3.2999999999999545,718.332264
7916400.0,900,iso13790,native,True,20.000000000000004,1568.4213507057004,0.0,-3.8999999999999773,545.7229199999999
7920000.0,900,iso13790,native,True,19.999999999999996,1598.1155852802178,0.0,-4.399999999999977,373.11357599999997
7923600.0,900,iso13790,native,True,20.00000000000001,1624.7115873709756,0.0,-4.399999999999977,200.50423199999997
7927200.0,900,iso13790,native,True,20.0,1679.5723668524615,0.0,-5.0,6.318719999999985
7930800.0,900,iso13790,native,True,19.999999999999996,1737.4304567835493,0.0,-5.599999999999966,-101.56212000000002
7934400.0,900,iso13790,native,True,20.000000000000018,1784.7148854326401,0.0,-6.0,-101.56212000000002
7938000.0,900,iso13790,native,True,19.999999999999986,1822.1932070686046,0.0,-6.099999999999966,-101.56212000000002
7941600.0,900,iso13790,native,True,20.000000000000004,1872.1560505697355,0.0,-6.699999999999989,-101.56212000000002
7945200.0,900,iso13790,native,True,20.000000000000004,1904.6590883537178,0.0,-6.699999999999989,-101.56212000000002
7948800.0,900,iso13790,native,True,19.999999999999993,1916.8177314096354,0.0,-6.099999999999966,-101.56212000000002
7952400.0,900,iso13790,native,True,20.0,1941.4487603785312,0.0,-6.099999999999966,-101.56212000000002
7956000.0,900,iso13790,native,True,20.000000000000007,1964.1022886711714,0.0,-6.099999999999966,-101.56212000000002
7959600.0,900,iso13790,native,True,20.000000000000007,2067.6999012033134,0.0,-8.899999999999977,-101.56212000000002
7963200.0,900,iso13790,native,True,20.0,2044.059837801511,0.0,-7.0,-101.56212000000002
7966800.0,900,iso13790,native,True,20.000000000000004,2056.0373194692756,0.0,-6.699999999999989,-101.56212000000002
7970400.0,900,iso13790,native,True,20.000000000000007,2073.7774606621824,0.0,-6.699999999999989,-101.56212000000002
7974000.0,900,iso13790,native,True,20.000000000000007,2045.6319403091932,0.0,-5.599999999999966,17.10680399999999
7977600.0,900,iso13790,native,True,19.999999999999996,2015.1084723461047,0.0,-5.0,178.92806399999995
7981200.0,900,iso13790,native,True,19.999999999999982,1955.41775029663,0.0,-3.8999999999999773,367.719534
7984800.0,900,iso13790,native,True,20.000000000000007,1896.5065354316325,0.0,-3.2999999999999545,551.116962
7988400.0,900,iso13790,native,True,20.00000000000001,1755.955671787332,0.0,-3.2999999999999545,1615.2290452252755
7992000.0,900,iso13790,native,True,20.00000000000001,1596.9002089279645,0.0,-2.1999999999999886,2009.7614133331572
7995600.0,900,iso13790,native,True,20.00000000000001,1424.499499023226,0.0,0.0,2024.4635374294608
7999200.0,900,iso13790,native,True,20.000000000000007,1238.7165645382634,0.0,3.3000000000000114,1821.6328943459296
8002800.0,900,iso13790,native,True,20.000000000000004,1128.8695658889467,0.0,3.3000000000000114,1869.864835534834
8006400.0,900,iso13790,native,True,20.000000000000004,1017.6472760734744,0.0,3.3000000000000114,1990.2306366575315
8010000.0,900,iso13790,native,True,19.999999999999996,1007.1487058473189,0.0,2.2000000000000455,1449.112842197962
8013600.0,900,iso13790,native,True,20.000000000000004,887.7103623134508,0.0,2.2000000000000455,2080.2535096758875
8017200.0,900,iso13790,native,True,20.00000000000001,1105.461740667545,0.0,-0.5999999999999659,-101.56212000000002
8020800.0,900,iso13790,native,True,20.000000000000018,1203.2339496931816,0.0,-2.1999999999999886,-101.56212000000002
8024400.0,900,iso13790,native,True,20.0,1289.8077101227882,0.0,-3.2999999999999545,-101.56212000000002
8028000.0,900,iso13790,native,True,20.000000000000007,1362.5101316764622,0.0,-3.8999999999999773,-101.56212000000002
8031600.0,900,iso13790,native,True,19.999999999999996,1415.9271018595543,0.0,-3.8999999999999773,-101.56212000000002
8035200.0,900,iso13790,native,True,19.999999999999996,1465.0554938109394,0.0,-3.8999999999999773,-101.56212000000002
8038800.0,900,iso13790,native,True,20.000000000000004,1459.9907599296366,0.0,-2.1999999999999886,-101.56212000000002
8042400.0,900,iso13790,native,True,20.000000000000007,1505.260109975858,0.0,-2.599999999999966,-101.56212000000002
8046000.0,900,iso13790,native,True,19.999999999999996,1543.8409485229001,0.0,-2.7999999999999545,-101.56212000000002
8049600.0,900,iso13790,native,True,20.000000000000018,1542.327513945852,0.0,-1.6999999999999886,-101.56212000000002
8053200.0,900,iso13790,native,True,19.999999999999996,1598.1052109560849,0.0,-2.7999999999999545,-101.56212000000002
8056800.0,900,iso13790,native,True,20.000000000000018,1689.7770699820237,0.0,-5.0,-101.56212000000002
8060400.0,900,iso13790,native,True,20.000000000000007,1564.7071412528064,0.0,-1.099999999999966,343.35644706405435
8064000.0,900,iso13790,native,True,19.999999999999993,1495.2080941614163,0.0,0.0,612.7204637696951
8067600.0,900,iso13790,native,True,20.000000000000004,1384.7324697157446,0.0,1.7000000000000455,927.6604355844901
8071200.0,900,iso13790,native,True,20.000000000000007,1267.2543965013417,0.0,3.900000000000034,942.6671152365914
8074800.0,900,iso13790,native,True,20.000000000000004,1105.7083442057267,0.0,7.2000000000000455,1000.9487955495734
8078400.0,900,iso13790,native,True,19.999999999999996,999.436631374977,0.0,8.300000000000011,1015.5813025326872
8082000.0,900,iso13790,native,True,19.999999999999993,858.6493214045336,0.0,9.400000000000034,1370.8996921471057
8085600.0,900,iso13790,native,True,20.0,755.6977076598961,0.0,10.600000000000023,1140.7271930563777
8089200.0,900,iso13790,native,True,20.00000000000001,602.2926705481276,0.0,10.600000000000023,1899.9212146906534
8092800.0,900,iso13790,native,True,19.999999999999993,573.0043951821337,0.0,8.900000000000034,1589.3451217228328
8096400.0,900,iso13790,native,True,20.000000000000004,656.8215108938099,0.0,6.100000000000023,809.7967278941669
8100000.0,900,iso13790,native,True,20.000000000000007,746.6915140200917,0.0,3.900000000000034,396.5077473693267
8103600.0,900,iso13790,native,True,19.999999999999993,863.9432221392673,0.0,2.2000000000000455,-101.56212000000002
8107200.0,900,iso13790,native,True,19.999999999999993,946.3236961369732,0.0,1.1000000000000227,-101.56212000000002
8110800.0,900,iso13790,native,True,19.99999999999999,997.4345987086618,0.0,1.1000000000000227,-101.56212000000002
8114400.0,900,iso13790,native,True,20.000000000000004,1059.2211407966195,0.0,0.6000000000000227,-101.56212000000002
8118000.0,900,iso13790,native,True,19.999999999999996,1072.326070331341,0.0,1.7000000000000455,-101.56212000000002
8121600.0,900,iso13790,native,True,19.999999999999996,1126.7694217229164,0.0,1.1000000000000227,-101.56212000000002
8125200.0,900,iso13790,native,True,19.99999999999999,1178.172325340177,0.0,0.6000000000000227,-101.56212000000002
8128800.0,900,iso13790,native,True,20.00000000000001,1231.976122038857,0.0,0.0,-101.56212000000002
8132400.0,900,iso13790,native,True,20.000000000000004,1268.0117423244149,0.0,0.0,-101.56212000000002
8136000.0,900,iso13790,native,True,20.00000000000001,1301.1542450072163,0.0,0.0,-101.56212000000002
8139600.0,900,iso13790,native,True,19.999999999999993,1331.6359038596213,0.0,0.0,-101.56212000000002
8143200.0,900,iso13790,native,True,20.000000000000004,1359.6703445681967,0.0,0.0,-101.56212000000002
8146800.0,900,iso13790,native,True,20.000000000000004,1341.2202412374693,0.0,0.0,337.7940931871073
8150400.0,900,iso13790,native,True,20.000000000000004,1285.810676452898,0.0,0.0,893.6829854630016
8154000.0,900,iso13790,native,True,19.999999999999996,1129.7274871617176,0.0,2.8000000000000114,1336.0124590727996
8157600.0,900,iso13790,native,True,20.0,996.5318375915602,0.0,5.600000000000023,1209.7161939293496
8161200.0,900,iso13790,native,True,20.0,937.1201179193189,0.0,7.2000000000000455,686.6528727671667
8164800.0,900,iso13790,native,True,20.000000000000004,853.2428267248893,0.0,8.300000000000011,803.0612210960895
8168400.0,900,iso13790,native,True,20.0,724.2723502281427,0.0,10.600000000000023,933.6010981677298
8172000.0,900,iso13790,native,True,20.000000000000007,690.9705639250948,0.0,10.600000000000023,649.9812558194349
8175600.0,900,iso13790,native,True,20.0,558.5745406698644,0.0,11.100000000000023,1401.6351259829933
8179200.0,900,iso13790,native,True,20.000000000000004,369.9490058134361,0.0,11.100000000000023,2474.838292991319
8182800.0,900,iso13790,native,True,20.000000000000004,181.7008364878329,0.0,11.100000000000023,3046.7101659454615
8186400.0,900,iso13790,native,True,19.999999999999993,138.8254631902377,0.0,8.900000000000034,2625.369285630203
8190000.0,900,iso13790,native,True,20.0,423.09482190033884,0.0,5.0,-101.56212000000002
8193600.0,900,iso13790,native,True,20.000000000000004,520.8658236584191,0.0,3.900000000000034,-101.56212000000002
8197200.0,900,iso13790,native,True,20.0,651.1595574914476,0.0,1.7000000000000455,-101.56212000000002
8200800.0,900,iso13790,native,True,19.999999999999993,739.4162369826671,0.0,1.1000000000000227,-101.56212000000002
8204400.0,900,iso13790,native,True,19.999999999999993,821.9177676910261,0.0,0.6000000000000227,-101.56212000000002
8208000.0,900,iso13790,native,True,19.999999999999996,886.5885497805688,0.0,0.6000000000000227,-101.56212000000002
8211600.0,900,iso13790,native,True,20.0,881.039310933142,0.0,2.8000000000000114,-101.56212000000002
8215200.0,900,iso13790,native,True,19.999999999999993,942.9818027630167,0.0,2.2000000000000455,-101.56212000000002
8218800.0,900,iso13790,native,True,20.00000000000001,986.5027035316922,0.0,2.2000000000000455,-101.56212000000002
8222400.0,900,iso13790,native,True,19.999999999999993,1059.043496952462,0.0,1.1000000000000227,-101.56212000000002
8226000.0,900,iso13790,native,True,19.999999999999986,1115.8837723580796,0.0,0.6000000000000227,-101.56212000000002
8229600.0,900,iso13790,native,True,20.000000000000004,1174.6884017787945,0.0,0.0,-101.56212000000002
8233200.0,900,iso13790,native,True,19.999999999999993,1116.6736979276852,0.0,1.7000000000000455,379.18328381994326
8236800.0,900,iso13790,native,True,20.000000000000007,1029.2618292445936,0.0,4.400000000000034,493.6908049516921
8240400.0,900,iso13790,native,True,19.999999999999993,920.4291476186843,0.0,7.2000000000000455,600.5839867347713
8244000.0,900,iso13790,native,True,20.0,800.0549333103454,0.0,10.0,645.6784256110968
8247600.0,900,iso13790,native,True,20.000000000000004,661.439511031441,0.0,12.800000000000011,742.0369847636784
8251200.0,900,iso13790,native,True,20.000000000000004,542.9854292739159,0.0,14.400000000000034,844.1226254102241
8254800.0,900,iso13790,native,True,20.0,400.4590668932174,0.0,16.700000000000045,899.084353523932
8258400.0,900,iso13790,native,True,20.000000000000004,261.6700524170598,0.0,18.900000000000034,863.5509806248151
8262000.0,900,iso13790,native,True,20.0,118.30659968641716,0.0,19.400000000000034,1348.5788670715065
8265600.0,900,iso13790,native,True,20.37589005042612,0.0,0.0,19.400000000000034,2567.3816442476877
8269200.0,900,iso13790,native,True,21.123224503644934,0.0,0.0,18.900000000000034,3180.4473719693324
8272800.0,900,iso13790,native,True,21.461181343510198,0.0,0.0,17.200000000000045,2720.7514492145156
8276400.0,900,iso13790,native,True,20.518281607618615,0.0,0.0,12.800000000000011,-101.56212000000002
8280000.0,900,iso13790,native,True,20.287341882838007,0.0,0.0,12.200000000000045,-101.56212000000002
8283600.0,900,iso13790,native,True,20.057537580871703,0.0,0.0,11.700000000000045,-101.56212000000002
8287200.0,900,iso13790,native,True,20.0,85.84132365136408,0.0,10.0,-101.56212000000002
8290800.0,900,iso13790,native,True,20.0,174.96913168495826,0.0,8.900000000000034,-101.56212000000002
8294400.0,900,iso13790,native,True,19.999999999999996,250.0205492846625,0.0,8.300000000000011,-101.56212000000002
8298000.0,900,iso13790,native,True,19.999999999999993,338.11189205511465,0.0,7.2000000000000455,-101.56212000000002
8301600.0,900,iso13790,native,True,20.0,426.9891321916383,0.0,6.100000000000023,-101.56212000000002
8305200.0,900,iso13790,native,True,20.0,433.82635257841065,0.0,7.800000000000011,-101.56212000000002
8308800.0,900,iso13790,native,True,19.999999999999996,510.73281455991287,0.0,6.7000000000000455,-101.56212000000002
8312400.0,900,iso13790,native,True,20.000000000000004,639.5720072333572,0.0,3.900000000000034,-101.56212000000002
8316000.0,900,iso13790,native,True,20.00000000000001,713.0423814764087,0.0,3.3000000000000114,-101.56212000000002
8319600.0,900,iso13790,native,True,20.0,615.94746899402,0.0,6.7000000000000455,402.2235076551322
8323200.0,900,iso13790,native,True,19.999999999999996,451.22329904240803,0.0,12.200000000000045,493.19152653820476
8326800.0,900,iso13790,native,True,20.000000000000004,363.4866995823236,0.0,13.900000000000034,621.2758197192421
8330400.0,900,iso13790,native,True,19.999999999999996,268.61046941004855,0.0,15.600000000000023,692.2744105616662
8334000.0,900,iso13790,native,True,20.000000000000004,125.37855967939538,0.0,18.30000000000001,862.1421843986062
8337600.0,900,iso13790,native,True,19.999999999999996,35.234121959431185,0.0,19.400000000000034,794.5231168164472
8341200.0,900,iso13790,native,True,20.236062874064174,0.0,0.0,21.100000000000023,699.3411342472402
8344800.0,900,iso13790,native,True,20.509108250032924,0.0,0.0,21.700000000000045,662.1249491436256
8348400.0,900,iso13790,native,True,20.963129799941065,0.0,0.0,21.700000000000045,1305.8066831824895
8352000.0,900,iso13790,native,True,21.579599807211245,0.0,0.0,20.0,2545.8755878637335
8355600.0,900,iso13790,native,True,22.306096273079028,0.0,0.0,19.400000000000034,3185.9220648079613
8359200.0,900,iso13790,native,True,22.542018068307435,0.0,0.0,16.700000000000045,2779.976703112797
8362800.0,900,iso13790,native,True,21.718738989282755,0.0,0.0,13.900000000000034,-101.56212000000002
8366400.0,900,iso13790,native,True,21.43268983864299,0.0,0.0,12.800000000000011,-101.56212000000002
8370000.0,900,iso13790,native,True,21.125962136767185,0.0,0.0,11.700000000000045,-101.56212000000002
8373600.0,900,iso13790,native,True,20.736012477496065,0.0,0.0,10.0,-101.56212000000002
8377200.0,900,iso13790,native,True,20.31278078023229,0.0,0.0,8.300000000000011,-101.56212000000002
8380800.0,900,iso13790,native,True,20.098876114668975,0.0,0.0,8.900000000000034,-101.56212000000002
8384400.0,900,iso13790,native,True,20.168435277258904,0.0,0.0,12.0,-101.56212000000002
8388000.0,900,iso13790,native,True,20.0,112.42233505221137,0.0,8.300000000000011,-101.56212000000002
8391600.0,900,iso13790,native,True,19.999999999999996,179.04677661196357,0.0,8.300000000000011,-101.56212000000002
8395200.0,900,iso13790,native,True,20.0,272.8362444438557,0.0,7.2000000000000455,-101.56212000000002
8398800.0,900,iso13790,native,True,20.000000000000004,334.44017046737713,0.0,7.2000000000000455,-101.56212000000002
8402400.0,900,iso13790,native,True,20.000000000000004,405.8773042517436,0.0,6.7000000000000455,-101.56212000000002
8406000.0,900,iso13790,native,True,20.0,382.41354683259846,0.0,7.2000000000000455,525.9726864833051
8409600.0,900,iso13790,native,True,20.000000000000007,380.49110934918417,0.0,8.300000000000011,367.719534
8413200.0,900,iso13790,native,True,20.000000000000004,249.49774835641495,0.0,10.0,1334.354527600024
8416800.0,900,iso13790,native,True,19.999999999999996,137.91209446185087,0.0,13.300000000000011,1038.6551996463531
8420400.0,900,iso13790,native,True,20.000000000000004,47.335555959153794,0.0,15.600000000000023,861.2357947369486
8424000.0,900,iso13790,native,True,20.00460761388667,0.0,0.0,16.100000000000023,811.8034157356688
8427600.0,900,iso13790,native,True,20.216665870407013,0.0,0.0,17.200000000000045,727.9130232491718
8431200.0,900,iso13790,native,True,20.3960952405917,0.0,0.0,17.80000000000001,687.3302500209293
8434800.0,900,iso13790,native,True,20.625290022691868,0.0,0.0,16.700000000000045,1279.506654747282
8438400.0,900,iso13790,native,True,21.182021776989856,0.0,0.0,16.100000000000023,2376.471990157994
8442000.0,900,iso13790,native,True,21.739444220886707,0.0,0.0,15.600000000000023,2865.7386916393125
8445600.0,900,iso13790,native,True,22.038157382030384,0.0,0.0,14.400000000000034,2617.5457510854826
8449200.0,900,iso13790,native,True,20.961036289449776,0.0,0.0,9.400000000000034,-101.56212000000002
8452800.0,900,iso13790,native,True,20.29610411237989,0.0,0.0,5.600000000000023,-101.56212000000002
8456400.0,900,iso13790,native,True,20.0,96.55271292618977,0.0,2.8000000000000114,-101.56212000000002
8460000.0,900,iso13790,native,True,19.999999999999996,236.25673924482564,0.0,1.7000000000000455,-101.56212000000002
8463600.0,900,iso13790,native,True,20.0,340.0889761942522,0.0,1.7000000000000455,-101.56212000000002
8467200.0,900,iso13790,native,True,20.000000000000004,435.58504825816317,0.0,1.7000000000000455,-101.56212000000002
8470800.0,900,iso13790,native,True,20.000000000000007,541.1491142305044,0.0,1.1000000000000227,-101.56212000000002
8474400.0,900,iso13790,native,True,20.0,707.5522550838353,0.0,-1.6999999999999886,-101.56212000000002
8478000.0,900,iso13790,native,True,20.0,729.8521217482238,0.0,0.6000000000000227,-101.56212000000002
8481600.0,900,iso13790,native,True,20.0,819.6492789720212,0.0,0.0,-101.56212000000002
8485200.0,900,iso13790,native,True,19.999999999999996,838.53967915642,0.0,1.7000000000000455,-101.56212000000002
8488800.0,900,iso13790,native,True,19.999999999999996,911.7525568731683,0.0,1.1000000000000227,-101.56212000000002
8492400.0,900,iso13790,native,True,19.999999999999993,777.2892904778586,0.0,5.600000000000023,448.0878876706646
8496000.0,900,iso13790,native,True,20.000000000000004,660.8992655643609,0.0,9.400000000000034,479.77435398775896
8499600.0,900,iso13790,native,True,20.0,542.3665639326115,0.0,12.200000000000045,630.3748443105367
8503200.0,900,iso13790,native,True,20.0,443.6762294578569,0.0,13.900000000000034,711.7457546261105
8506800.0,900,iso13790,native,True,19.999999999999996,343.16533060565166,0.0,15.600000000000023,720.1393178961923
8510400.0,900,iso13790,native,True,19.999999999999996,230.44425017895708,0.0,16.700000000000045,980.420252991184
8514000.0,900,iso13790,native,True,19.999999999999996,143.2798306784622,0.0,15.600000000000023,1487.4301719234204
8517600.0,900,iso13790,native,True,20.0,61.287867680676825,0.0,15.600000000000023,1461.5451843046656
8521200.0,900,iso13790,native,True,20.083463934688126,0.0,0.0,15.0,1720.2990390827508
8524800.0,900,iso13790,native,True,20.311810304412674,0.0,0.0,12.200000000000045,2361.998113903567
8528400.0,900,iso13790,native,True,20.713185293458054,0.0,0.0,11.100000000000023,2815.2975349208455
8532000.0,900,iso13790,native,True,20.000000000000004,11.704638212305943,0.0,8.900000000000034,195.11018999999996
8535600.0,900,iso13790,native,True,20.0,158.99070417186576,0.0,6.7000000000000455,-101.56212000000002
8539200.0,900,iso13790,native,True,20.0,265.82063513247465,0.0,5.600000000000023,-101.56212000000002
8542800.0,900,iso13790,native,True,20.0,454.6948584288314,0.0,1.7000000000000455,-101.56212000000002
8546400.0,900,iso13790,native,True,20.000000000000007,493.69676334875123,0.0,3.3000000000000114,-101.56212000000002
8550000.0,900,iso13790,native,True,19.999999999999993,532.9162153699482,0.0,4.400000000000034,-101.56212000000002
8553600.0,900,iso13790,native,True,20.000000000000004,626.1565616328736,0.0,3.3000000000000114,-101.56212000000002
8557200.0,900,iso13790,native,True,20.0,687.2554522794942,0.0,3.3000000000000114,-101.56212000000002
8560800.0,900,iso13790,native,True,20.000000000000004,743.4490221729815,0.0,3.3000000000000114,-101.56212000000002
8564400.0,900,iso13790,native,True,20.000000000000004,809.9101699431319,0.0,2.8000000000000114,-101.56212000000002
8568000.0,900,iso13790,native,True,19.999999999999993,859.8283702719049,0.0,2.8000000000000114,-101.56212000000002
8571600.0,900,iso13790,native,True,19.999999999999993,905.7388908958526,0.0,2.8000000000000114,-101.56212000000002
8575200.0,900,iso13790,native,True,19.999999999999996,965.6983784370672,0.0,2.2000000000000455,-101.56212000000002
8578800.0,900,iso13790,native,True,20.000000000000004,887.2641139724946,0.0,4.400000000000034,445.75771860199035
8582400.0,900,iso13790,native,True,20.000000000000007,840.1004034610306,0.0,5.0,728.1903627262211
8586000.0,900,iso13790,native,True,20.0,701.433456781873,0.0,6.7000000000000455,1421.041973444067
8589600.0,900,iso13790,native,True,20.000000000000004,628.2237098219741,0.0,8.300000000000011,1064.699442892931
8593200.0,900,iso13790,native,True,20.000000000000004,542.4767922231846,0.0,8.900000000000034,1286.4802021476046
8596800.0,900,iso13790,native,True,20.000000000000004,466.00438272262545,0.0,10.600000000000023,985.0852008305251
8600400.0,900,iso13790,native,True,20.000000000000004,447.282366741022,0.0,10.600000000000023,731.5169082546934
8604000.0,900,iso13790,native,True,19.999999999999996,411.5205930426839,0.0,11.100000000000023,668.4372334286927
8607600.0,900,iso13790,native,True,19.999999999999996,307.42976178255765,0.0,10.600000000000023,1608.7575799899364
8611200.0,900,iso13790,native,True,20.0,257.18957671941297,0.0,10.600000000000023,1418.126259237371
8614800.0,900,iso13790,native,True,19.999999999999996,101.931304124917,0.0,9.400000000000034,2778.069960218065
8618400.0,900,iso13790,native,True,20.000000000000004,40.99638895763125,0.0,7.800000000000011,2706.3977616735842
8622000.0,900,iso13790,native,True,20.000000000000007,329.431314790992,0.0,4.400000000000034,-101.56212000000002
8625600.0,900,iso13790,native,True,20.0,471.5223995801706,0.0,2.2000000000000455,-101.56212000000002
8629200.0,900,iso13790,native,True,20.000000000000007,600.1874309146086,0.0,0.6000000000000227,-101.56212000000002
8632800.0,900,iso13790,native,True,20.0,750.6435658729333,0.0,-1.6999999999999886,-101.56212000000002
8636400.0,900,iso13790,native,True,20.00000000000001,902.4955264867281,0.0,-3.8999999999999773,-101.56212000000002
8640000.0,900,iso13790,native,True,20.000000000000004,942.5958856765577,0.0,-2.1999999999999886,-101.56212000000002
8643600.0,900,iso13790,native,True,20.000000000000004,1082.6089229143952,0.0,-4.399999999999977,-101.56212000000002
8647200.0,900,iso13790,native,True,20.000000000000007,1162.069701823822,0.0,-4.399999999999977,-101.56212000000002
8650800.0,900,iso13790,native,True,19.999999999999993,1317.9137982807526,0.0,-7.199999999999989,-101.56212000000002
8654400.0,900,iso13790,native,True,20.000000000000007,1416.2209892346268,0.0,-7.7999999999999545,-101.56212000000002
8658000.0,900,iso13790,native,True,20.000000000000007,1507.9661266985986,0.0,-8.299999999999955,-101.56212000000002
8661600.0,900,iso13790,native,True,19.999999999999993,1531.5454732404626,0.0,-6.699999999999989,-78.7183635201036
8665200.0,900,iso13790,native,True,20.0,1341.3843385141736,0.0,0.0,423.6898929045864
8668800.0,900,iso13790,native,True,19.99999999999999,1210.1548201756277,0.0,3.900000000000034,535.6754840263309
8672400.0,900,iso13790,native,True,20.000000000000007,1080.9432691903273,0.0,6.100000000000023,887.014617015581
8676000.0,900,iso13790,native,True,19.999999999999996,960.5392961913208,0.0,8.300000000000011,885.6645665981471
8679600.0,900,iso13790,native,True,20.000000000000004,850.4213198565731,0.0,10.600000000000023,693.5121634224781
8683200.0,900,iso13790,native,True,20.000000000000004,733.3441799791466,0.0,12.200000000000045,816.6259878579983
8686800.0,900,iso13790,native,True,19.999999999999996,643.7498000320818,0.0,13.300000000000011,719.0527614522092
8690400.0,900,iso13790,native,True,20.0,467.09198625902826,0.0,15.600000000000023,1186.2454487641564
8694000.0,900,iso13790,native,True,20.0,319.9504195607398,0.0,15.0,1907.2535995374537
8697600.0,900,iso13790,native,True,19.999999999999996,126.0451158234902,0.0,15.600000000000023,2465.005959673433
8701200.0,900,iso13790,native,True,20.06930465191051,0.0,0.0,13.900000000000034,2992.8379774339537
8704800.0,900,iso13790,native,True,20.28782301339836,0.0,0.0,11.700000000000045,2739.6231930710837
8708400.0,900,iso13790,native,True,19.999999999999993,201.08999571545505,0.0,7.800000000000011,-101.56212000000002
8712000.0,900,iso13790,native,True,20.000000000000004,249.38864128459733,0.0,8.300000000000011,-101.56212000000002
8715600.0,900,iso13790,native,True,20.000000000000004,370.04468229805985,0.0,6.100000000000023,-101.56212000000002
8719200.0,900,iso13790,native,True,20.000000000000004,399.1885747110285,0.0,7.2000000000000455,-101.56212000000002
8722800.0,900,iso13790,native,True,19.999999999999993,613.2181392508475,0.0,1.7000000000000455,-101.56212000000002
8726400.0,900,iso13790,native,True,19.999999999999993,719.3000184675623,0.0,0.6000000000000227,-101.56212000000002
8730000.0,900,iso13790,native,True,20.000000000000007,827.6792409658069,0.0,-0.5999999999999659,-101.56212000000002
8733600.0,900,iso13790,native,True,20.000000000000004,799.962448750276,0.0,2.8000000000000114,-101.56212000000002
8737200.0,900,iso13790,native,True,20.000000000000007,850.6793012754688,0.0,2.8000000000000114,-101.56212000000002
8740800.0,900,iso13790,native,True,19.999999999999996,947.5732101982227,0.0,1.1000000000000227,-101.56212000000002
8744400.0,900,iso13790,native,True,19.999999999999996,998.5837956088135,0.0,1.1000000000000227,-101.56212000000002
8748000.0,900,iso13790,native,True,20.000000000000004,1057.3713180883492,0.0,0.6000000000000227,-72.69049993563439
8751600.0,900,iso13790,native,True,19.999999999999993,924.1300090895119,0.0,5.0,396.1054581266241
8755200.0,900,iso13790,native,True,20.00000000000001,826.5691354601004,0.0,7.800000000000011,491.2239317168481
8758800.0,900,iso13790,native,True,19.999999999999996,726.9765947655953,0.0,10.0,604.3604698116953
8762400.0,900,iso13790,native,True,20.000000000000004,610.2354776956779,0.0,12.200000000000045,742.827101684202
8766000.0,900,iso13790,native,True,20.0,445.2106732445167,0.0,15.600000000000023,861.9499349339222
8769600.0,900,iso13790,native,True,20.0,279.8296514941894,0.0,18.30000000000001,1008.5380617839083
8773200.0,900,iso13790,native,True,19.999999999999996,173.38194365173953,0.0,20.0,715.1403811515227
8776800.0,900,iso13790,native,True,20.0,86.32777346754217,0.0,20.600000000000023,693.4735828658885
8780400.0,900,iso13790,native,True,20.21702831556716,0.0,0.0,20.600000000000023,1486.8415910038734
8784000.0,900,iso13790,native,True,20.590096540906288,0.0,0.0,19.400000000000034,1816.0885137566454
8787600.0,900,iso13790,native,True,20.671469509597333,0.0,0.0,18.900000000000034,1037.929053628992
8791200.0,900,iso13790,native,True,21.02031403822938,0.0,0.0,16.700000000000045,2017.0346002653005
8794800.0,900,iso13790,native,True,20.280850739620433,0.0,0.0,13.300000000000011,-101.56212000000002
8798400.0,900,iso13790,native,True,20.079157021745605,0.0,0.0,12.800000000000011,-101.56212000000002
8802000.0,900,iso13790,native,True,20.000000000000004,86.83716832249192,0.0,10.600000000000023,-101.56212000000002
8805600.0,900,iso13790,native,True,20.000000000000004,189.33356686460036,0.0,8.900000000000034,-101.56212000000002
8809200.0,900,iso13790,native,True,20.0,310.5247774477367,0.0,6.7000000000000455,-101.56212000000002
8812800.0,900,iso13790,native,True,20.000000000000004,372.6748389210422,0.0,6.7000000000000455,-101.56212000000002
8816400.0,900,iso13790,native,True,20.000000000000004,480.0840423005888,0.0,5.0,-101.56212000000002
8820000.0,900,iso13790,native,True,20.0,508.2517368389567,0.0,6.100000000000023,-101.56212000000002
8823600.0,900,iso13790,native,True,20.000000000000004,623.8415808497749,0.0,3.900000000000034,-101.56212000000002
8827200.0,900,iso13790,native,True,20.000000000000004,698.5748714269575,0.0,3.3000000000000114,-101.56212000000002
8830800.0,900,iso13790,native,True,20.000000000000004,736.1247721378796,0.0,3.900000000000034,-101.56212000000002
8834400.0,900,iso13790,native,True,20.00000000000001,780.476671429289,0.0,3.900000000000034,-65.4884251212444
8838000.0,900,iso13790,native,True,20.000000000000004,674.3586088443814,0.0,7.2000000000000455,439.14888735742966
8841600.0,900,iso13790,native,True,20.0,557.9152874527124,0.0,10.600000000000023,562.7463545077458
8845200.0,900,iso13790,native,True,20.0,464.00052944276894,0.0,12.200000000000045,768.0093862591776
8848800.0,900,iso13790,native,True,20.000000000000004,287.7305375663612,0.0,15.0,1276.3876067922697
8852400.0,900,iso13790,native,True,19.999999999999993,142.54461210100197,0.0,16.700000000000045,1433.8927167653494
8856000.0,900,iso13790,native,True,20.166736901707555,0.0,0.0,17.80000000000001,2107.0658308264074
8859600.0,900,iso13790,native,True,20.54330110490346,0.0,0.0,18.30000000000001,1767.5970712891653
8863200.0,900,iso13790,native,True,20.695900501506564,0.0,0.0,15.600000000000023,1938.2834780404728
8866800.0,900,iso13790,native,True,20.444827226650787,0.0,0.0,12.200000000000045,1286.3622155127841
8870400.0,900,iso13790,native,True,20.436586566986403,0.0,0.0,13.900000000000034,432.448038
8874000.0,900,iso13790,native,True,20.744944121279435,0.0,0.0,15.600000000000023,857.185458681379
8877600.0,900,iso13790,native,True,21.095310289555258,0.0,0.0,13.900000000000034,2042.2530618579126
8881200.0,900,iso13790,native,True,20.43118862140529,0.0,0.0,10.0,469.65870209823305
8884800.0,900,iso13790,native,True,19.999999999999996,50.88420975861244,0.0,7.2000000000000455,-101.56212000000002
8888400.0,900,iso13790,native,True,20.000000000000004,65.27961041517088,0.0,9.400000000000034,-101.56212000000002
8892000.0,900,iso13790,native,True,20.000000000000004,160.34456281729584,0.0,8.300000000000011,-101.56212000000002
8895600.0,900,iso13790,native,True,20.000000000000004,237.90064645797824,0.0,7.800000000000011,-101.56212000000002
8899200.0,900,iso13790,native,True,20.000000000000004,315.75791669814276,0.0,7.2000000000000455,-101.56212000000002
8902800.0,900,iso13790,native,True,20.0,373.91587885161584,0.0,7.2000000000000455,-101.56212000000002
8906400.0,900,iso13790,native,True,19.999999999999993,427.4046325187773,0.0,7.2000000000000455,-101.56212000000002
8910000.0,900,iso13790,native,True,20.000000000000004,509.1130103688498,0.0,6.100000000000023,-101.56212000000002
8913600.0,900,iso13790,native,True,19.999999999999996,562.5615910413642,0.0,6.0,-101.56212000000002
8917200.0,900,iso13790,native,True,19.999999999999993,639.0357824938359,0.0,5.0,-101.56212000000002
8920800.0,900,iso13790,native,True,20.000000000000007,748.6878845571656,0.0,2.8000000000000114,-68.82372439916499
8924400.0,900,iso13790,native,True,20.000000000000004,796.3371983911736,0.0,0.6000000000000227,628.6614789563874
8928000.0,900,iso13790,native,True,19.999999999999993,828.7559017208287,0.0,0.0,704.6514080457621
8931600.0,900,iso13790,native,True,20.00000000000001,864.6982574046699,0.0,0.0,540.328878
8935200.0,900,iso13790,native,True,20.000000000000004,890.1142108015155,0.0,0.0,551.116962
8938800.0,900,iso13790,native,True,20.000000000000007,867.5782022948777,0.0,0.0,1011.4107534127603
8942400.0,900,iso13790,native,True,19.999999999999993,752.1558732089455,0.0,2.0,1547.1739476639345
8946000.0,900,iso13790,native,True,20.000000000000004,616.1531139991623,0.0,3.3000000000000114,2119.4995092639306
8949600.0,900,iso13790,native,True,20.0,647.9299115974917,0.0,3.3000000000000114,1077.6438270535127
8953200.0,900,iso13790,native,True,20.000000000000004,579.6039938234056,0.0,2.8000000000000114,1780.5944014504782
8956800.0,900,iso13790,native,True,20.0,589.3187029684938,0.0,3.900000000000034,904.1798519871377
8960400.0,900,iso13790,native,True,20.00000000000001,628.462867919748,0.0,2.8000000000000114,824.7293224419913
8964000.0,900,iso13790,native,True,20.0,724.280382059783,0.0,2.2000000000000455,130.381686
8967600.0,900,iso13790,native,True,19.999999999999986,808.8477031820975,0.0,1.7000000000000455,-96.16807800000001
8971200.0,900,iso13790,native,True,20.000000000000007,866.9246714208855,0.0,1.7000000000000455,-101.56212000000002
8974800.0,900,iso13790,native,True,19.999999999999993,937.8586617444438,0.0,1.1000000000000227,-101.56212000000002
8978400.0,900,iso13790,native,True,20.000000000000004,1039.898034937993,0.0,-0.5999999999999659,-101.56212000000002
8982000.0,900,iso13790,native,True,20.0,1110.4200565792908,0.0,-1.099999999999966,-101.56212000000002
8985600.0,900,iso13790,native,True,20.0,1161.1172887154628,0.0,-1.0,-101.56212000000002
8989200.0,900,iso13790,native,True,20.0,1263.1903911603515,0.0,-2.7999999999999545,-101.56212000000002
8992800.0,900,iso13790,native,True,20.000000000000004,1316.722935213652,0.0,-2.7999999999999545,-101.56212000000002
8996400.0,900,iso13790,native,True,20.000000000000004,1398.4715877413469,0.0,-3.8999999999999773,-101.56212000000002
9000000.0,900,iso13790,native,True,20.000000000000004,1451.9572096414238,0.0,-4.0,-101.56212000000002
9003600.0,900,iso13790,native,True,20.0,1546.200358767264,0.0,-5.599999999999966,-101.56212000000002
9007200.0,900,iso13790,native,True,20.000000000000004,1561.0015785216965,0.0,-4.399999999999977,-96.16807800000001
9010800.0,900,iso13790,native,True,19.999999999999996,1572.9442846395089,0.0,-4.399999999999977,189.71614799999998
9014400.0,900,iso13790,native,True,19.99999999999999,1542.1813389663741,0.0,-3.2999999999999545,394.68974399999996
9018000.0,900,iso13790,native,True,20.000000000000004,1415.347817505924,0.0,-2.1999999999999886,1376.6081223615847
9021600.0,900,iso13790,native,True,19.999999999999993,1304.375490048471,0.0,-1.099999999999966,1631.1898542658603
9025200.0,900,iso13790,native,True,20.000000000000007,1165.3892887835243,0.0,0.0,2020.7456058282144
9028800.0,900,iso13790,native,True,19.999999999999993,1020.7288755179615,0.0,1.1000000000000227,2264.2266619789357
9032400.0,900,iso13790,native,True,19.999999999999996,910.5112676767243,0.0,1.7000000000000455,2202.6863658574525
9036000.0,900,iso13790,native,True,19.999999999999996,878.0399059054238,0.0,1.0,1833.0652988794927
9039600.0,900,iso13790,native,True,20.0,870.7953090921416,0.0,1.7000000000000455,1100.5939210942925
9043200.0,900,iso13790,native,True,19.999999999999993,718.0739107386993,0.0,1.7000000000000455,2416.9693598188205
9046800.0,900,iso13790,native,True,19.999999999999993,847.6563527929161,0.0,1.1000000000000227,432.448038
9050400.0,900,iso13790,native,True,19.999999999999986,901.0296748316704,0.0,0.6000000000000227,313.0165161928679
9054000.0,900,iso13790,native,True,19.999999999999996,965.2882572608428,0.0,-1.099999999999966,502.8026197516617
9057600.0,900,iso13790,native,True,20.000000000000007,1054.700637583835,0.0,-1.099999999999966,-101.56212000000002
9061200.0,900,iso13790,native,True,19.999999999999996,1130.5620052641339,0.0,-1.6999999999999886,-101.56212000000002
9064800.0,900,iso13790,native,True,20.000000000000004,1234.1773465705553,0.0,-3.2999999999999545,-101.56212000000002
9068400.0,900,iso13790,native,True,19.99999999999999,1293.611158210642,0.0,-3.2999999999999545,-101.56212000000002
9072000.0,900,iso13790,native,True,19.999999999999993,1333.4942546165066,0.0,-2.7999999999999545,-101.56212000000002
9075600.0,900,iso13790,native,True,19.999999999999993,1396.16153247822,0.0,-3.2999999999999545,-101.56212000000002
9079200.0,900,iso13790,native,True,19.999999999999986,1427.8113782667212,0.0,-2.7999999999999545,-101.56212000000002
9082800.0,900,iso13790,native,True,20.000000000000025,1515.4203770879878,0.0,-4.399999999999977,-101.56212000000002
9086400.0,900,iso13790,native,True,20.0,1560.132914484626,0.0,-4.399999999999977,-101.56212000000002
9090000.0,900,iso13790,native,True,20.00000000000001,1618.9905988097398,0.0,-5.0,-101.56212000000002
9093600.0,900,iso13790,native,True,20.000000000000004,1654.2827171673355,0.0,-5.0,-48.00918457338098
9097200.0,900,iso13790,native,True,19.999999999999982,1575.4571216078248,0.0,-2.7999999999999545,432.6539240683304
9100800.0,900,iso13790,native,True,19.999999999999996,1460.3962464557649,0.0,-0.5999999999999659,889.7546240270291
9104400.0,900,iso13790,native,True,20.000000000000007,1332.4027654716997,0.0,0.6000000000000227,1428.5483529347387
9108000.0,900,iso13790,native,True,20.000000000000007,1214.0748381989686,0.0,1.0,1797.8033136660306
9111600.0,900,iso13790,native,True,20.000000000000004,1141.2575684565923,0.0,1.7000000000000455,1469.9627869939457
9115200.0,900,iso13790,native,True,19.999999999999986,1187.972211841063,0.0,-0.5999999999999659,1041.974784
9118800.0,900,iso13790,native,True,19.999999999999993,1109.4638047593635,0.0,0.6000000000000227,1214.584128
9122400.0,900,iso13790,native,True,20.00000000000001,1195.5032236432303,0.0,-1.6999999999999886,653.60376
9126000.0,900,iso13790,native,True,20.000000000000004,1223.0873332210106,0.0,-2.1999999999999886,578.087172
9129600.0,900,iso13790,native,True,20.000000000000018,1242.988588253953,0.0,-2.0,432.448038
9133200.0,900,iso13790,native,True,20.000000000000004,1233.3632014443883,0.0,-1.099999999999966,432.448038
9136800.0,900,iso13790,native,True,20.000000000000007,1279.4395605031846,0.0,-1.099999999999966,87.22934999999998
9140400.0,900,iso13790,native,True,20.000000000000007,1303.6637951497087,0.0,-2.1999999999999886,453.7068036469067
9144000.0,900,iso13790,native,True,19.999999999999993,1357.03056872532,0.0,-1.6999999999999886,-101.56212000000002
9147600.0,900,iso13790,native,True,20.000000000000018,1409.949929516218,0.0,-2.1999999999999886,-101.56212000000002
9151200.0,900,iso13790,native,True,19.999999999999986,1465.148434715722,0.0,-2.7999999999999545,-101.56212000000002
9154800.0,900,iso13790,native,True,20.000000000000007,1534.9807549615032,0.0,-3.8999999999999773,-101.56212000000002
9158400.0,900,iso13790,native,True,20.000000000000004,1624.799787394803,0.0,-5.599999999999966,-101.56212000000002
9162000.0,900,iso13790,native,True,20.0,1701.8174678958014,0.0,-6.699999999999989,-101.56212000000002
9165600.0,900,iso13790,native,True,19.999999999999993,1747.996128523452,0.0,-6.699999999999989,-101.56212000000002
9169200.0,900,iso13790,native,True,20.00000000000001,1772.732447867273,0.0,-6.099999999999966,-101.56212000000002
9172800.0,900,iso13790,native,True,20.00000000000001,1826.6662454398795,0.0,-6.699999999999989,-101.56212000000002
9176400.0,900,iso13790,native,True,20.000000000000018,1877.6005047358192,0.0,-7.199999999999989,-101.56212000000002
9180000.0,900,iso13790,native,True,19.999999999999996,1907.8191160495696,0.0,-7.199999999999989,-47.73467405060738
9183600.0,900,iso13790,native,True,20.000000000000004,1823.7221121242144,0.0,-5.599999999999966,615.2020695328642
9187200.0,900,iso13790,native,True,20.00000000000001,1700.0707792799813,0.0,-2.7999999999999545,871.9576969116658
9190800.0,900,iso13790,native,True,19.999999999999993,1578.83407485174,0.0,-0.5999999999999659,1025.7771433955438
9194400.0,900,iso13790,native,True,20.000000000000004,1423.5163560492063,0.0,2.2000000000000455,1189.6517771412198
9198000.0,900,iso13790,native,True,20.000000000000007,1332.42881089546,0.0,3.3000000000000114,1040.8831577214626
9201600.0,900,iso13790,native,True,20.000000000000004,1221.5427964790022,0.0,5.600000000000023,820.8676138216812
9205200.0,900,iso13790,native,True,20.000000000000004,1125.2635511814915,0.0,7.2000000000000455,719.3489552159805
9208800.0,900,iso13790,native,True,19.999999999999993,1004.9306887949708,0.0,9.400000000000034,705.1331498366903
9212400.0,900,iso13790,native,True,20.0,886.9554413127671,0.0,10.600000000000023,909.523889969664
9216000.0,900,iso13790,native,True,20.000000000000004,650.7968770583765,0.0,11.700000000000045,2202.6576282149645
9219600.0,900,iso13790,native,True,20.0,422.81075472004346,0.0,12.200000000000045,2920.2453663190677
9223200.0,900,iso13790,native,True,20.000000000000004,306.0359225091308,0.0,11.100000000000023,2716.005688547123
9226800.0,900,iso13790,native,True,20.0,480.0692606167933,0.0,7.800000000000011,563.6773040624847
9230400.0,900,iso13790,native,True,20.000000000000004,597.5336624470137,0.0,6.100000000000023,-101.56212000000002
9234000.0,900,iso13790,native,True,20.000000000000004,673.4415468941002,0.0,5.0,-101.56212000000002
9237600.0,900,iso13790,native,True,19.999999999999993,718.5995113771419,0.0,5.0,-101.56212000000002
9241200.0,900,iso13790,native,True,20.0,742.3970811048022,0.0,5.600000000000023,-101.56212000000002
9244800.0,900,iso13790,native,True,19.999999999999993,777.7326062190716,0.0,5.600000000000023,-101.56212000000002
9248400.0,900,iso13790,native,True,19.999999999999993,827.9661111277476,0.0,5.0,-101.56212000000002
9252000.0,900,iso13790,native,True,19.999999999999986,842.9831899859518,0.0,5.600000000000023,-101.56212000000002
9255600.0,900,iso13790,native,True,19.99999999999999,887.9780557095572,0.0,5.0,-101.56212000000002
9259200.0,900,iso13790,native,True,19.999999999999996,933.6468598109983,0.0,4.400000000000034,-101.56212000000002
9262800.0,900,iso13790,native,True,20.000000000000004,976.9796801384757,0.0,3.900000000000034,-101.56212000000002
9266400.0,900,iso13790,native,True,20.000000000000004,966.655198892371,0.0,5.0,-37.424952246081844
9270000.0,900,iso13790,native,True,20.000000000000004,742.1091875213748,0.0,11.700000000000045,401.8422809262483
9273600.0,900,iso13790,native,True,19.999999999999996,613.2381727437797,0.0,14.400000000000034,503.5810460098443
9277200.0,900,iso13790,native,True,19.999999999999996,489.9798628013586,0.0,16.100000000000023,692.9113627355043
9280800.0,900,iso13790,native,True,19.999999999999996,381.9639396813588,0.0,17.200000000000045,770.3439548885259
9284400.0,900,iso13790,native,True,19.999999999999996,265.85722315330463,0.0,18.30000000000001,889.4678876361231
9288000.0,900,iso13790,native,True,20.000000000000004,145.37060487102528,0.0,18.900000000000034,1141.4975599042032
9291600.0,900,iso13790,native,True,20.058005308811957,0.0,0.0,19.400000000000034,1733.3900546081354
9295200.0,900,iso13790,native,True,20.56462303227827,0.0,0.0,19.400000000000034,2008.3382015552488
9298800.0,900,iso13790,native,True,20.85634790296229,0.0,0.0,19.400000000000034,1553.0171454158212
9302400.0,900,iso13790,native,True,21.232876110745107,0.0,0.0,20.0,1454.0245857622072
9306000.0,900,iso13790,native,True,21.111218824198133,0.0,0.0,17.80000000000001,829.5449954943098
9309600.0,900,iso13790,native,True,21.605191353518805,0.0,0.0,17.0,2038.0531175384444
9313200.0,900,iso13790,native,True,21.395244600618266,0.0,0.0,16.100000000000023,671.9668549266981
9316800.0,900,iso13790,native,True,20.769257232353354,0.0,0.0,12.200000000000045,-101.56212000000002
9320400.0,900,iso13790,native,True,20.52720979401804,0.0,0.0,11.700000000000045,-101.56212000000002
9324000.0,900,iso13790,native,True,20.215540281630187,0.0,0.0,10.600000000000023,-101.56212000000002
9327600.0,900,iso13790,native,True,20.000000000000004,50.39813178511018,0.0,8.900000000000034,-101.56212000000002
9331200.0,900,iso13790,native,True,19.999999999999996,117.71583430534565,0.0,8.900000000000034,-101.56212000000002
9334800.0,900,iso13790,native,True,20.0,212.142904683293,0.0,7.800000000000011,-101.56212000000002
9338400.0,900,iso13790,native,True,20.000000000000004,292.0681336694188,0.0,7.2000000000000455,-101.56212000000002
9342000.0,900,iso13790,native,True,20.0,352.12802862556936,0.0,7.2000000000000455,-101.56212000000002
9345600.0,900,iso13790,native,True,20.000000000000004,422.1450937837529,0.0,6.7000000000000455,-101.56212000000002
9349200.0,900,iso13790,native,True,19.999999999999996,460.5546496385988,0.0,7.2000000000000455,-101.56212000000002
9352800.0,900,iso13790,native,True,19.999999999999996,466.96331000622126,0.0,8.300000000000011,-25.9717391309525
9356400.0,900,iso13790,native,True,20.000000000000004,390.9680211016818,0.0,10.600000000000023,386.9911939777462
9360000.0,900,iso13790,native,True,20.000000000000004,245.72734387542326,0.0,15.0,519.2553308494387
9363600.0,900,iso13790,native,True,20.000000000000004,100.76258902515146,0.0,18.30000000000001,695.4726811163964
9367200.0,900,iso13790,native,True,20.005051511371914,0.0,0.0,18.900000000000034,1014.4876695804674
9370800.0,900,iso13790,native,True,20.56708878535954,0.0,0.0,19.400000000000034,1763.224831910761
9374400.0,900,iso13790,native,True,21.29872933334227,0.0,0.0,21.100000000000023,2185.6780275452916
9378000.0,900,iso13790,native,True,21.63236623593174,0.0,0.0,21.100000000000023,1671.80359282757
9381600.0,900,iso13790,native,True,22.054089986410304,0.0,0.0,22.80000000000001,1238.8092393371044
9385200.0,900,iso13790,native,True,22.336348556213668,0.0,0.0,21.700000000000045,1409.071188561324
9388800.0,900,iso13790,native,True,22.950639639115117,0.0,0.0,22.200000000000045,2032.247639587339
9392400.0,900,iso13790,native,True,23.247915501256777,0.0,0.0,21.100000000000023,1871.5668306465
9396000.0,900,iso13790,native,True,23.405035711017668,0.0,0.0,18.30000000000001,2014.6936615205532
9399600.0,900,iso13790,native,True,22.844830973795148,0.0,0.0,16.700000000000045,-74.59191000000001
9403200.0,900,iso13790,native,True,22.650039216473235,0.0,0.0,16.100000000000023,-101.56212000000002
9406800.0,900,iso13790,native,True,22.280595547949982,0.0,0.0,13.900000000000034,-101.56212000000002
9410400.0,900,iso13790,native,True,21.864646303665403,0.0,0.0,11.700000000000045,-101.56212000000002
9414000.0,900,iso13790,native,True,21.571556293337427,0.0,0.0,11.100000000000023,-101.56212000000002
9417600.0,900,iso13790,native,True,21.15504314763989,0.0,0.0,9.400000000000034,-101.56212000000002
9421200.0,900,iso13790,native,True,21.01075509582172,0.0,0.0,10.600000000000023,-101.56212000000002
9424800.0,900,iso13790,native,True,20.532717866197313,0.0,0.0,8.300000000000011,-101.56212000000002
9428400.0,900,iso13790,native,True,20.134530877710404,0.0,0.0,7.2000000000000455,-101.56212000000002
9432000.0,900,iso13790,native,True,19.999999999999996,14.12568499150756,0.0,8.300000000000011,-101.56212000000002
9435600.0,900,iso13790,native,True,20.0,70.90697687851325,0.0,8.900000000000034,-101.56212000000002
9439200.0,900,iso13790,native,True,20.000000000000004,150.64490088991724,0.0,8.300000000000011,-65.12821305318525
9442800.0,900,iso13790,native,True,20.0,76.43127735375973,0.0,11.100000000000023,459.23048243952707
9446400.0,900,iso13790,native,True,20.157934981213394,0.0,0.0,13.900000000000034,990.6263062084269
9450000.0,900,iso13790,native,True,20.736456549308592,0.0,0.0,16.700000000000045,1490.193623685287
9453600.0,900,iso13790,native,True,21.02101246140401,0.0,0.0,18.30000000000001,1061.7410596712375
9457200.0,900,iso13790,native,True,21.4769243112704,0.0,0.0,19.400000000000034,1424.0455687914664
9460800.0,900,iso13790,native,True,22.02977547171398,0.0,0.0,19.400000000000034,2115.5907164396276
9464400.0,900,iso13790,native,True,22.653057340603805,0.0,0.0,21.100000000000023,2126.42417923604
9468000.0,900,iso13790,native,True,23.075055154108778,0.0,0.0,21.100000000000023,1991.2224107505385
9471600.0,900,iso13790,native,True,22.95666051870939,0.0,0.0,20.600000000000023,605.057382
9475200.0,900,iso13790,native,True,23.04945334864455,0.0,0.0,20.0,702.150138
9478800.0,900,iso13790,native,True,22.93924063586513,0.0,0.0,18.30000000000001,545.7229199999999
9482400.0,900,iso13790,native,True,22.736779055184922,0.0,0.0,17.200000000000045,162.74593799999997
9486000.0,900,iso13790,native,True,22.645688886025958,0.0,0.0,15.0,708.7100813633698
9489600.0,900,iso13790,native,True,22.249096804050172,0.0,0.0,13.900000000000034,-101.56212000000002
9493200.0,900,iso13790,native,True,21.88650508042642,0.0,0.0,12.200000000000045,-101.56212000000002
9496800.0,900,iso13790,native,True,21.899883148437855,0.0,0.0,14.400000000000034,-101.56212000000002
9500400.0,900,iso13790,native,True,21.5063085432262,0.0,0.0,12.200000000000045,-101.56212000000002
9504000.0,900,iso13790,native,True,21.12991016060489,0.0,0.0,10.600000000000023,-101.56212000000002
9507600.0,900,iso13790,native,True,20.76447181564083,0.0,0.0,9.400000000000034,-101.56212000000002
9511200.0,900,iso13790,native,True,20.451411504695717,0.0,0.0,8.900000000000034,-101.56212000000002
9514800.0,900,iso13790,native,True,20.0705332130605,0.0,0.0,7.800000000000011,-101.56212000000002
9518400.0,900,iso13790,native,True,19.999999999999996,124.92014038575647,0.0,5.600000000000023,-101.56212000000002
9522000.0,900,iso13790,native,True,20.000000000000004,195.0506892215455,0.0,6.100000000000023,-101.56212000000002
9525600.0,900,iso13790,native,True,20.0,303.2718949163919,0.0,5.0,-101.56212000000002
9529200.0,900,iso13790,native,True,20.0,226.05015750829105,0.0,8.300000000000011,440.328745775455
9532800.0,900,iso13790,native,True,20.000000000000004,192.77550990455163,0.0,10.0,515.6793534748386
9536400.0,900,iso13790,native,True,20.0,126.55546509758376,0.0,12.200000000000045,631.878468658274
9540000.0,900,iso13790,native,True,20.0,86.833964689992,0.0,13.300000000000011,634.364948891369
9543600.0,900,iso13790,native,True,20.0681720553211,0.0,0.0,14.400000000000034,1247.328100469266
9547200.0,900,iso13790,native,True,20.494267912730155,0.0,0.0,14.400000000000034,1946.3691301581696
9550800.0,900,iso13790,native,True,20.79910402690238,0.0,0.0,15.0,1738.7274307263938
9554400.0,900,iso13790,native,True,21.18781490521472,0.0,0.0,15.600000000000023,1869.7810750364774
9558000.0,900,iso13790,native,True,21.076828842173605,0.0,0.0,14.400000000000034,1039.4997068975224
9561600.0,900,iso13790,native,True,20.91607987254157,0.0,0.0,13.0,707.54418
9565200.0,900,iso13790,native,True,21.041033773274236,0.0,0.0,13.300000000000011,962.8352854259018
9568800.0,900,iso13790,native,True,20.61328241784703,0.0,0.0,11.700000000000045,65.65318199999999
9572400.0,900,iso13790,native,True,20.000000000000004,22.426224206714004,0.0,7.2000000000000455,-96.16807800000001
9576000.0,900,iso13790,native,True,20.0,119.12854118054307,0.0,6.7000000000000455,-101.56212000000002
9579600.0,900,iso13790,native,True,20.000000000000004,214.37972824564145,0.0,6.100000000000023,-101.56212000000002
9583200.0,900,iso13790,native,True,20.000000000000004,303.3142129088677,0.0,5.600000000000023,-101.56212000000002
9586800.0,900,iso13790,native,True,20.0,391.6363699312562,0.0,5.0,-101.56212000000002
9590400.0,900,iso13790,native,True,20.0,477.1539363608955,0.0,4.400000000000034,-101.56212000000002
9594000.0,900,iso13790,native,True,20.0,557.1362635347349,0.0,3.900000000000034,-101.56212000000002
9597600.0,900,iso13790,native,True,20.00000000000001,646.0924316414954,0.0,3.0,-101.56212000000002
9601200.0,900,iso13790,native,True,20.000000000000004,731.3804667943581,0.0,2.2000000000000455,-101.56212000000002
9604800.0,900,iso13790,native,True,20.000000000000004,856.917699162682,0.0,0.0,-101.56212000000002
9608400.0,900,iso13790,native,True,19.999999999999993,923.064862324081,0.0,0.0,-101.56212000000002
9612000.0,900,iso13790,native,True,19.999999999999996,983.9014044777617,0.0,0.0,-101.56212000000002
9615600.0,900,iso13790,native,True,20.000000000000004,1021.3894787707159,0.0,0.0,81.83530799999998
9619200.0,900,iso13790,native,True,19.999999999999986,1043.6330043993548,0.0,0.0,276.02082
9622800.0,900,iso13790,native,True,19.999999999999996,1052.8292786647933,0.0,0.0,464.81228999999996
9626400.0,900,iso13790,native,True,20.000000000000004,1039.678656631986,0.0,0.6000000000000227,578.087172
9630000.0,900,iso13790,native,True,19.999999999999993,979.2504665045183,0.0,2.2000000000000455,766.878642
9633600.0,900,iso13790,native,True,20.000000000000004,986.7338695591422,0.0,1.7000000000000455,718.332264
9637200.0,900,iso13790,native,True,20.0,943.5444695001681,0.0,1.7000000000000455,1085.1271199999999
9640800.0,900,iso13790,native,True,20.0,908.499990380234,0.0,2.0,1095.915204
9644400.0,900,iso13790,native,True,19.999999999999996,878.8853723691502,0.0,2.2000000000000455,1082.2742638470106
9648000.0,900,iso13790,native,True,19.999999999999986,905.9911645388477,0.0,2.8000000000000114,405.47782800000004
9651600.0,900,iso13790,native,True,20.000000000000004,934.2076714745435,0.0,2.8000000000000114,238.262526
9655200.0,900,iso13790,native,True,20.000000000000007,953.372465507538,0.0,3.3000000000000114,92.623392
9658800.0,900,iso13790,native,True,20.0,1002.6418756968475,0.0,3.0,-79.98595200000001
9662400.0,900,iso13790,native,True,19.999999999999993,1060.1650094989811,0.0,2.2000000000000455,-101.56212000000002
9666000.0,900,iso13790,native,True,20.000000000000004,1109.0569388262675,0.0,1.7000000000000455,-101.56212000000002
9669600.0,900,iso13790,native,True,19.999999999999986,1160.5513546544926,0.0,1.1000000000000227,-101.56212000000002
9673200.0,900,iso13790,native,True,20.000000000000007,1226.9769681209186,0.0,0.0,-101.56212000000002
9676800.0,900,iso13790,native,True,20.00000000000001,1263.4139451774815,0.0,0.0,-101.56212000000002
9680400.0,900,iso13790,native,True,20.000000000000004,1296.925581727112,0.0,0.0,-101.56212000000002
9684000.0,900,iso13790,native,True,20.000000000000004,1327.7467385561008,0.0,0.0,-101.56212000000002
9687600.0,900,iso13790,native,True,19.99999999999999,1356.093420666664,0.0,0.0,-101.56212000000002
9691200.0,900,iso13790,native,True,20.000000000000018,1399.8991814109786,0.0,-0.5999999999999659,-101.56212000000002
9694800.0,900,iso13790,native,True,19.99999999999999,1426.7394574561788,0.0,-0.5999999999999659,-101.56212000000002
9698400.0,900,iso13790,native,True,20.00000000000001,1463.2481237557868,0.0,-1.0,-101.56212000000002
9702000.0,900,iso13790,native,True,20.000000000000007,1450.085940045393,0.0,-1.099999999999966,302.99102999999997
9705600.0,900,iso13790,native,True,20.000000000000004,1450.7901017618813,0.0,-1.099999999999966,313.77911399999994
9709200.0,900,iso13790,native,True,20.00000000000002,1436.6622347490934,0.0,-1.099999999999966,464.81228999999996
9712800.0,900,iso13790,native,True,20.000000000000004,1414.4873478337447,0.0,-1.099999999999966,615.845466
9716400.0,900,iso13790,native,True,20.00000000000001,1377.1922651757507,0.0,-0.5999999999999659,696.756096
9720000.0,900,iso13790,native,True,19.999999999999996,1321.126868925442,0.0,0.0,880.153524
9723600.0,900,iso13790,native,True,20.00000000000001,1276.207050516532,0.0,0.0,1020.398616
9727200.0,900,iso13790,native,True,20.0,1199.3961850054477,0.0,0.0,1428.545157434045
9730800.0,900,iso13790,native,True,19.999999999999996,1135.153724234853,0.0,1.0,1233.078842870225
9734400.0,900,iso13790,native,True,20.000000000000007,1122.9056959728448,0.0,1.7000000000000455,707.54418
9738000.0,900,iso13790,native,True,19.999999999999993,1168.6341935378875,0.0,1.1000000000000227,265.23273599999993
9741600.0,900,iso13790,native,True,20.000000000000004,1213.9289444097114,0.0,0.6000000000000227,71.04722399999999
9745200.0,900,iso13790,native,True,20.000000000000004,1163.3068689640766,0.0,0.6000000000000227,799.3780201490164
9748800.0,900,iso13790,native,True,20.00000000000001,1236.5067449386192,0.0,0.6000000000000227,-101.56212000000002
9752400.0,900,iso13790,native,True,20.0,1253.1132007283352,0.0,1.1000000000000227,-101.56212000000002
9756000.0,900,iso13790,native,True,19.999999999999986,1279.593526414109,0.0,1.1000000000000227,-101.56212000000002
9759600.0,900,iso13790,native,True,19.999999999999986,1318.7269559969484,0.0,0.6000000000000227,-101.56212000000002
9763200.0,900,iso13790,native,True,20.0,1343.5114423460416,0.0,0.6000000000000227,-101.56212000000002
9766800.0,900,iso13790,native,True,20.000000000000007,1401.7758882994228,0.0,-0.5999999999999659,-101.56212000000002
9770400.0,900,iso13790,native,True,20.000000000000018,1443.2445682939795,0.0,-1.099999999999966,-101.56212000000002
9774000.0,900,iso13790,native,True,20.000000000000004,1470.1768196162204,0.0,-1.099999999999966,-101.56212000000002
9777600.0,900,iso13790,native,True,20.000000000000007,1494.946816764267,0.0,-1.099999999999966,-101.56212000000002
9781200.0,900,iso13790,native,True,20.000000000000004,1517.7281561841687,0.0,-1.099999999999966,-101.56212000000002
9784800.0,900,iso13790,native,True,19.999999999999993,1538.6804971417723,0.0,-1.099999999999966,-101.56212000000002
9788400.0,900,iso13790,native,True,19.999999999999996,1470.9110796915259,0.0,0.0,440.01866999146074
9792000.0,900,iso13790,native,True,19.99999999999999,1364.326577430628,0.0,1.7000000000000455,839.962420916968
9795600.0,900,iso13790,native,True,20.000000000000004,1204.5184162199903,0.0,3.3000000000000114,1520.794400998149
9799200.0,900,iso13790,native,True,20.000000000000018,1065.6020018447605,0.0,3.900000000000034,1890.524719930757
9802800.0,900,iso13790,native,True,20.000000000000004,903.3720964211674,0.0,5.600000000000023,2013.8299108098236
9806400.0,900,iso13790,native,True,20.0,753.8225731024784,0.0,6.7000000000000455,2121.6281025871185
9810000.0,900,iso13790,native,True,20.0,609.4966488721408,0.0,7.800000000000011,2153.656926520696
9813600.0,900,iso13790,native,True,20.000000000000004,497.5479998567101,0.0,8.300000000000011,2057.9474985031093
9817200.0,900,iso13790,native,True,20.000000000000004,447.9219255983367,0.0,7.800000000000011,1748.3850849713526
9820800.0,900,iso13790,native,True,20.000000000000004,457.4501061146278,0.0,7.800000000000011,966.4394812273824
9824400.0,900,iso13790,native,True,19.999999999999996,526.7285447980289,0.0,6.7000000000000455,378.5076179999999
9828000.0,900,iso13790,native,True,19.999999999999996,591.0269567743875,0.0,6.100000000000023,71.04722399999999
9831600.0,900,iso13790,native,True,19.999999999999993,633.1706918777489,0.0,5.0,307.3798402856979
9835200.0,900,iso13790,native,True,20.000000000000007,715.6089284996874,0.0,4.400000000000034,-101.56212000000002
9838800.0,900,iso13790,native,True,19.999999999999993,773.491095951588,0.0,4.0,-101.56212000000002
9842400.0,900,iso13790,native,True,20.000000000000004,820.71631756932,0.0,3.900000000000034,-101.56212000000002
9846000.0,900,iso13790,native,True,20.000000000000004,861.9086414760817,0.0,3.900000000000034,-101.56212000000002
9849600.0,900,iso13790,native,True,20.000000000000007,917.5287324391852,0.0,3.3000000000000114,-101.56212000000002
9853200.0,900,iso13790,native,True,20.000000000000004,955.2348259136203,0.0,3.3000000000000114,-101.56212000000002
9856800.0,900,iso13790,native,True,19.999999999999996,1022.4276534933138,0.0,2.2000000000000455,-101.56212000000002
9860400.0,900,iso13790,native,True,19.999999999999996,1074.3493241730835,0.0,1.7000000000000455,-101.56212000000002
9864000.0,900,iso13790,native,True,19.999999999999986,1128.6302387519138,0.0,1.1000000000000227,-101.56212000000002
9867600.0,900,iso13790,native,True,20.0,1132.590705990073,0.0,2.2000000000000455,-101.56212000000002
9871200.0,900,iso13790,native,True,20.000000000000004,1196.3586479879546,0.0,1.0,-101.56212000000002
9874800.0,900,iso13790,native,True,20.000000000000004,1175.7934087331023,0.0,0.6000000000000227,535.5117535784461
9878400.0,900,iso13790,native,True,20.000000000000007,1176.7663630387651,0.0,1.0,383.90166
9882000.0,900,iso13790,native,True,20.0,1177.1967812070825,0.0,0.6000000000000227,534.934836
9885600.0,900,iso13790,native,True,19.999999999999993,991.8535588703679,0.0,3.3000000000000114,1557.9015184829366
9889200.0,900,iso13790,native,True,19.999999999999993,810.5519046044077,0.0,5.0,2172.8607916175756
9892800.0,900,iso13790,native,True,20.000000000000004,649.6551220180015,0.0,6.7000000000000455,2237.783242567615
9896400.0,900,iso13790,native,True,20.000000000000007,508.4295412991569,0.0,7.800000000000011,2251.9501665101566
9900000.0,900,iso13790,native,True,19.999999999999996,425.81611028201837,0.0,7.800000000000011,2032.9057660600065
9903600.0,900,iso13790,native,True,20.0,353.16072017750224,0.0,8.300000000000011,1766.2957903341448
9907200.0,900,iso13790,native,True,20.000000000000004,388.14379889536406,0.0,9.400000000000034,437.84207999999995
9910800.0,900,iso13790,native,True,19.999999999999993,398.9143268729389,0.0,7.2000000000000455,1014.8956784343121
9914400.0,900,iso13790,native,True,20.0,390.12198564846875,0.0,7.2000000000000455,939.4562889503776
9918000.0,900,iso13790,native,True,20.000000000000004,448.63256456705415,0.0,5.0,893.9820150476977
9921600.0,900,iso13790,native,True,19.999999999999996,584.0644153371385,0.0,3.900000000000034,-101.56212000000002
9925200.0,900,iso13790,native,True,20.000000000000007,644.2563229516034,0.0,3.900000000000034,-101.56212000000002
9928800.0,900,iso13790,native,True,19.999999999999993,764.6436579856214,0.0,1.7000000000000455,-101.56212000000002
9932400.0,900,iso13790,native,True,20.0,843.7892733083576,0.0,1.1000000000000227,-101.56212000000002
9936000.0,900,iso13790,native,True,20.000000000000007,917.9112210858717,0.0,0.6000000000000227,-101.56212000000002
9939600.0,900,iso13790,native,True,19.99999999999999,974.8751745551305,0.0,0.6000000000000227,-101.56212000000002
9943200.0,900,iso13790,native,True,20.000000000000007,1045.0006707518664,0.0,0.0,-101.56212000000002
9946800.0,900,iso13790,native,True,20.0,1078.3127135764578,0.0,0.6000000000000227,-101.56212000000002
9950400.0,900,iso13790,native,True,19.999999999999986,1140.1337331870404,0.0,0.0,-101.56212000000002
9954000.0,900,iso13790,native,True,20.000000000000007,1216.056879673541,0.0,-1.099999999999966,-101.56212000000002
9957600.0,900,iso13790,native,True,20.0,1210.980025038233,0.0,0.6000000000000227,-101.56212000000002
9961200.0,900,iso13790,native,True,20.000000000000004,1106.0660743506078,0.0,3.3000000000000114,479.9104463687757
9964800.0,900,iso13790,native,True,20.000000000000004,961.9437321278057,0.0,7.0,698.2186000401089
9968400.0,900,iso13790,native,True,19.999999999999993,899.9166757191658,0.0,6.100000000000023,1172.1883599014668
9972000.0,900,iso13790,native,True,20.0,797.5885267999423,0.0,7.800000000000011,1110.2625087339609
9975600.0,900,iso13790,native,True,20.000000000000004,615.9037901924565,0.0,8.900000000000034,2011.0697717261971
9979200.0,900,iso13790,native,True,20.0,492.6377257088983,0.0,11.100000000000023,1531.6018121213676
9982800.0,900,iso13790,native,True,20.0,373.75798338383134,0.0,11.100000000000023,1886.1551964048329
9986400.0,900,iso13790,native,True,20.0,304.53640610653594,0.0,11.700000000000045,1452.0407815056628
9990000.0,900,iso13790,native,True,20.000000000000004,236.68288911709288,0.0,12.200000000000045,1308.440524637036
9993600.0,900,iso13790,native,True,20.000000000000004,133.94897061304098,0.0,12.200000000000045,1763.4234882361266
9997200.0,900,iso13790,native,True,20.0,161.4465379210544,0.0,11.700000000000045,878.870104352537
10000800.0,900,iso13790,native,True,19.999999999999996,239.31092478806022,0.0,11.100000000000023,71.04722399999999
10004400.0,900,iso13790,native,True,20.0,282.58600006082173,0.0,10.0,221.82636643890004
10008000.0,900,iso13790,native,True,20.0,419.06663547741056,0.0,7.2000000000000455,-101.56212000000002
10011600.0,900,iso13790,native,True,20.000000000000004,501.4444289174177,0.0,6.100000000000023,-101.56212000000002
10015200.0,900,iso13790,native,True,20.000000000000004,585.0668316871303,0.0,5.0,-101.56212000000002
10018800.0,900,iso13790,native,True,19.999999999999996,604.8059893069108,0.0,6.100000000000023,-101.56212000000002
10022400.0,900,iso13790,native,True,20.000000000000004,647.6160498830466,0.0,6.100000000000023,-101.56212000000002
10026000.0,900,iso13790,native,True,20.000000000000004,752.0170384206064,0.0,3.900000000000034,-101.56212000000002
10029600.0,900,iso13790,native,True,20.000000000000007,783.9458045645431,0.0,4.400000000000034,-101.56212000000002
10033200.0,900,iso13790,native,True,20.0,756.5345436968463,0.0,6.7000000000000455,-101.56212000000002
10036800.0,900,iso13790,native,True,19.999999999999996,800.6116282663793,0.0,6.100000000000023,-101.56212000000002
10040400.0,900,iso13790,native,True,20.0,795.18747937255,0.0,7.2000000000000455,-101.56212000000002
10044000.0,900,iso13790,native,True,20.000000000000007,764.6056121360866,0.0,8.900000000000034,-101.56212000000002
10047600.0,900,iso13790,native,True,19.999999999999993,645.736622425395,0.0,11.100000000000023,532.3224408498497
10051200.0,900,iso13790,native,True,20.000000000000004,568.4361689296045,0.0,11.700000000000045,779.0105479685714
10054800.0,900,iso13790,native,True,20.000000000000004,409.8314140039878,0.0,13.300000000000011,1409.789401857588
10058400.0,900,iso13790,native,True,20.0,239.77453757116055,0.0,15.600000000000023,1580.8861311576302
10062000.0,900,iso13790,native,True,20.000000000000007,118.70766824688748,0.0,17.200000000000045,1339.996580034812
10065600.0,900,iso13790,native,True,20.077432465485956,0.0,0.0,17.200000000000045,1890.1485067687568
10069200.0,900,iso13790,native,True,20.356170833726193,0.0,0.0,18.30000000000001,1268.5075054773058
10072800.0,900,iso13790,native,True,20.804243075960024,0.0,0.0,19.400000000000034,1436.8945554852862
10076400.0,900,iso13790,native,True,21.485389647580448,0.0,0.0,21.700000000000045,1756.0289018318967
10080000.0,900,iso13790,native,True,21.441054333972534,0.0,0.0,18.900000000000034,1238.6055544970036
10083600.0,900,iso13790,native,True,21.323003697390686,0.0,0.0,17.80000000000001,524.146752
10087200.0,900,iso13790,native,True,21.196471993803826,0.0,0.0,16.100000000000023,463.22041299701533
10090800.0,900,iso13790,native,True,20.62445817723802,0.0,0.0,12.200000000000045,-47.62170000000001
10094400.0,900,iso13790,native,True,20.378437787969716,0.0,0.0,11.700000000000045,-101.56212000000002
10098000.0,900,iso13790,native,True,20.070547852139804,0.0,0.0,10.600000000000023,-101.56212000000002
10101600.0,900,iso13790,native,True,20.000000000000004,75.35501848621976,0.0,9.400000000000034,-101.56212000000002
10105200.0,900,iso13790,native,True,19.999999999999996,169.61106735860562,0.0,8.300000000000011,-101.56212000000002
10108800.0,900,iso13790,native,True,20.000000000000004,246.42319024068084,0.0,7.800000000000011,-101.56212000000002
10112400.0,900,iso13790,native,True,20.0,323.59622856690487,0.0,7.2000000000000455,-101.56212000000002
10116000.0,900,iso13790,native,True,19.999999999999996,381.1248923244098,0.0,7.2000000000000455,-101.56212000000002
10119600.0,900,iso13790,native,True,20.0,466.5488363267069,0.0,6.100000000000023,-101.56212000000002
10123200.0,900,iso13790,native,True,20.000000000000004,502.7239737985651,0.0,6.7000000000000455,-101.56212000000002
10126800.0,900,iso13790,native,True,20.000000000000004,632.206155769841,0.0,3.900000000000034,-101.56212000000002
10130400.0,900,iso13790,native,True,20.000000000000004,656.0190411078584,0.0,5.0,-101.56212000000002
10134000.0,900,iso13790,native,True,20.000000000000004,560.6282993137916,0.0,7.800000000000011,486.29474940287236
10137600.0,900,iso13790,native,True,20.0,450.1593787207865,0.0,9.400000000000034,1098.662718493073
10141200.0,900,iso13790,native,True,20.000000000000004,358.6930645209806,0.0,10.600000000000023,1244.533305182119
10144800.0,900,iso13790,native,True,20.000000000000004,198.42415618705385,0.0,11.700000000000045,2002.8636672529342
10148400.0,900,iso13790,native,True,19.999999999999996,102.83741180958384,0.0,13.300000000000011,1563.8092846957143
10152000.0,900,iso13790,native,True,20.180050643641156,0.0,0.0,14.400000000000034,2074.2489528408287
10155600.0,900,iso13790,native,True,20.687731441230895,0.0,0.0,16.100000000000023,2010.702287677891
10159200.0,900,iso13790,native,True,20.715904314576782,0.0,0.0,15.600000000000023,1207.5330622246202
10162800.0,900,iso13790,native,True,21.098838864708913,0.0,0.0,16.100000000000023,1624.0691010644778
10166400.0,900,iso13790,native,True,21.34449302022347,0.0,0.0,15.600000000000023,1690.953640310203
10170000.0,900,iso13790,native,True,20.809497140888958,0.0,0.0,12.800000000000011,265.23273599999993
10173600.0,900,iso13790,native,True,20.349675983135338,0.0,0.0,10.0,71.04722399999999
10177200.0,900,iso13790,native,True,20.159515691061465,0.0,0.0,8.900000000000034,414.23603938614065
10180800.0,900,iso13790,native,True,20.0,48.222386184522506,0.0,8.900000000000034,-101.56212000000002
10184400.0,900,iso13790,native,True,20.0,165.9636241550126,0.0,7.2000000000000455,-101.56212000000002
10188000.0,900,iso13790,native,True,20.000000000000007,203.6338465099017,0.0,8.300000000000011,-101.56212000000002
10191600.0,900,iso13790,native,True,20.0,262.9353773695902,0.0,8.300000000000011,-101.56212000000002
10195200.0,900,iso13790,native,True,20.000000000000004,317.4758883983133,0.0,8.300000000000011,-101.56212000000002
10198800.0,900,iso13790,native,True,20.0,367.6376177862506,0.0,8.300000000000011,-101.56212000000002
10202400.0,900,iso13790,native,True,20.000000000000004,413.77211575352504,0.0,8.300000000000011,-101.56212000000002
10206000.0,900,iso13790,native,True,20.000000000000004,521.2306394266415,0.0,6.100000000000023,-101.56212000000002
10209600.0,900,iso13790,native,True,20.000000000000004,570.7505419308281,0.0,6.100000000000023,-101.56212000000002
10213200.0,900,iso13790,native,True,20.000000000000004,616.29474204703,0.0,6.100000000000023,-101.56212000000002
10216800.0,900,iso13790,native,True,20.0,672.9615040506276,0.0,5.600000000000023,-101.56212000000002
10220400.0,900,iso13790,native,True,20.000000000000004,611.1814040777668,0.0,6.7000000000000455,595.4702141343635
10224000.0,900,iso13790,native,True,19.999999999999993,504.09724809568183,0.0,8.300000000000011,1146.0389431753601
10227600.0,900,iso13790,native,True,20.000000000000004,449.52569735028163,0.0,8.300000000000011,1284.1912455455404
10231200.0,900,iso13790,native,True,20.000000000000004,362.0758415478081,0.0,8.900000000000034,1532.857907974259
10234800.0,900,iso13790,native,True,20.000000000000004,343.38837717140524,0.0,8.300000000000011,1327.8590100000001
10238400.0,900,iso13790,native,True,19.999999999999996,306.6308433463924,0.0,9.400000000000034,984.4963867481115
10242000.0,900,iso13790,native,True,19.999999999999996,183.16966771903165,0.0,10.0,1807.7008761857721
10245600.0,900,iso13790,native,True,20.0,133.61129654335494,0.0,10.600000000000023,1455.6861962315252
10249200.0,900,iso13790,native,True,20.000000000000004,243.77803670033995,0.0,8.300000000000011,578.087172
10252800.0,900,iso13790,native,True,19.999999999999996,174.49564579799082,0.0,8.900000000000034,1236.7204112545717
10256400.0,900,iso13790,native,True,19.999999999999996,219.5219202944294,0.0,8.900000000000034,551.116962
10260000.0,900,iso13790,native,True,20.000000000000004,254.42364654985045,0.0,7.800000000000011,667.0861616648107
10263600.0,900,iso13790,native,True,20.000000000000004,359.44263137917875,0.0,7.2000000000000455,-79.98595200000001
10267200.0,900,iso13790,native,True,20.000000000000004,429.7330933721587,0.0,6.7000000000000455,-101.56212000000002
10270800.0,900,iso13790,native,True,20.000000000000004,482.31252238615514,0.0,6.7000000000000455,-101.56212000000002
10274400.0,900,iso13790,native,True,19.999999999999996,530.6706151107267,0.0,6.7000000000000455,-101.56212000000002
10278000.0,900,iso13790,native,True,20.0,575.1462812754477,0.0,6.7000000000000455,-101.56212000000002
10281600.0,900,iso13790,native,True,20.000000000000004,601.2721460139057,0.0,7.2000000000000455,-101.56212000000002
10285200.0,900,iso13790,native,True,20.0,651.2866907234813,0.0,6.7000000000000455,-101.56212000000002
10288800.0,900,iso13790,native,True,19.999999999999996,686.0787025271622,0.0,6.7000000000000455,-101.56212000000002
10292400.0,900,iso13790,native,True,20.000000000000004,718.0774397601004,0.0,6.7000000000000455,-101.56212000000002
10296000.0,900,iso13790,native,True,20.000000000000004,747.5071603028547,0.0,6.7000000000000455,-101.56212000000002
10299600.0,900,iso13790,native,True,20.000000000000004,774.5741175055641,0.0,6.7000000000000455,-101.56212000000002
10303200.0,900,iso13790,native,True,19.999999999999993,817.2028959791091,0.0,6.100000000000023,-101.56212000000002
10306800.0,900,iso13790,native,True,20.000000000000007,794.8141538330503,0.0,6.7000000000000455,200.50423199999997
10310400.0,900,iso13790,native,True,19.999999999999996,806.594112654164,0.0,6.100000000000023,308.385072
10314000.0,900,iso13790,native,True,19.999999999999993,771.5408577020464,0.0,6.7000000000000455,497.17654200000004
10317600.0,900,iso13790,native,True,19.999999999999996,740.0092642251807,0.0,7.0,610.451424
10321200.0,900,iso13790,native,True,20.000000000000004,686.6579122181053,0.0,7.800000000000011,729.1203479999999
10324800.0,900,iso13790,native,True,20.000000000000004,651.5657905488594,0.0,7.800000000000011,815.4250199999999
10328400.0,900,iso13790,native,True,20.000000000000004,648.6145000409676,0.0,7.2000000000000455,734.51439
10332000.0,900,iso13790,native,True,20.0,640.0233921214679,0.0,7.0,685.9680119999999
10335600.0,900,iso13790,native,True,19.999999999999993,725.2384639731839,0.0,4.0,578.087172
10339200.0,900,iso13790,native,True,20.000000000000004,716.6276326515533,0.0,5.0,437.84207999999995
10342800.0,900,iso13790,native,True,20.0,742.3631522694328,0.0,5.0,270.62677799999994
10346400.0,900,iso13790,native,True,20.000000000000004,759.0056548139862,0.0,5.600000000000023,98.01743399999998
10350000.0,900,iso13790,native,True,20.000000000000004,747.8647228649415,0.0,6.0,308.46299225809804
10353600.0,900,iso13790,native,True,20.000000000000004,825.8173079437335,0.0,5.0,-101.56212000000002
10357200.0,900,iso13790,native,True,19.999999999999996,876.476683933124,0.0,4.400000000000034,-101.56212000000002
10360800.0,900,iso13790,native,True,20.000000000000004,927.3552234350641,0.0,3.8000000000000114,-101.56212000000002
10364400.0,900,iso13790,native,True,20.000000000000004,981.3911459699132,0.0,3.1000000000000227,-101.56212000000002
10368000.0,900,iso13790,native,True,19.999999999999986,1033.1337225417547,0.0,2.5,-101.56212000000002
10371600.0,900,iso13790,native,True,19.999999999999996,1085.0084979326743,0.0,1.900000000000034,-101.56212000000002
10375200.0,900,iso13790,native,True,20.000000000000004,1137.0048585684426,0.0,1.3000000000000114,-101.56212000000002
10378800.0,900,iso13790,native,True,20.0,1192.068858034758,0.0,0.6000000000000227,-101.56212000000002
10382400.0,900,iso13790,native,True,20.000000000000018,1244.756972443596,0.0,0.0,-101.56212000000002
10386000.0,900,iso13790,native,True,19.999999999999996,1247.2525173773975,0.0,1.1000000000000227,-101.56212000000002
10389600.0,900,iso13790,native,True,20.000000000000007,1252.9419307052772,0.0,1.1000000000000227,109.61901963274494
10393200.0,900,iso13790,native,True,20.00000000000001,1148.079669231576,0.0,4.400000000000034,317.9728186714865
10396800.0,900,iso13790,native,True,20.0,1072.6944412348976,0.0,6.100000000000023,426.9427863711396
10400400.0,900,iso13790,native,True,19.999999999999993,981.521098761032,0.0,7.800000000000011,566.4206817236216
10404000.0,900,iso13790,native,True,20.000000000000004,865.7858669329495,0.0,10.0,670.9276618839381
10407600.0,900,iso13790,native,True,20.00000000000001,742.0344640348202,0.0,12.200000000000045,728.139609998263
10411200.0,900,iso13790,native,True,19.999999999999993,613.3570505066905,0.0,14.400000000000034,742.3123665660269
10414800.0,900,iso13790,native,True,19.999999999999996,496.910520539377,0.0,16.100000000000023,719.7432819904785
10418400.0,900,iso13790,native,True,20.000000000000004,346.39770159854567,0.0,18.900000000000034,698.4509521901991
10422000.0,900,iso13790,native,True,20.000000000000004,250.0225515846079,0.0,18.30000000000001,1071.8335897872103
10425600.0,900,iso13790,native,True,20.000000000000004,57.45632376432516,0.0,19.400000000000034,1795.520723162996
10429200.0,900,iso13790,native,True,20.28488777061393,0.0,0.0,18.900000000000034,2081.2051068102255
10432800.0,900,iso13790,native,True,20.232737333970466,0.0,0.0,18.30000000000001,813.2131272721363
10436400.0,900,iso13790,native,True,20.039425675612055,0.0,0.0,17.200000000000045,102.23472175062182
10440000.0,900,iso13790,native,True,20.000000000000004,92.15665625222537,0.0,14.400000000000034,-101.56212000000002
10443600.0,900,iso13790,native,True,19.999999999999993,181.85818169137326,0.0,12.200000000000045,-101.56212000000002
10447200.0,900,iso13790,native,True,20.0,262.3397462906787,0.0,10.600000000000023,-101.56212000000002
10450800.0,900,iso13790,native,True,20.000000000000004,335.96685568937545,0.0,9.400000000000034,-101.56212000000002
10454400.0,900,iso13790,native,True,19.999999999999993,424.0787741677556,0.0,7.800000000000011,-101.56212000000002
10458000.0,900,iso13790,native,True,20.000000000000004,486.9887446456979,0.0,7.2000000000000455,-101.56212000000002
10461600.0,900,iso13790,native,True,20.000000000000004,546.1785253462607,0.0,6.7000000000000455,-101.56212000000002
10465200.0,900,iso13790,native,True,19.999999999999996,621.9231054196921,0.0,5.600000000000023,-101.56212000000002
10468800.0,900,iso13790,native,True,20.000000000000004,717.1797322567174,0.0,3.900000000000034,-101.56212000000002
10472400.0,900,iso13790,native,True,20.000000000000004,784.4193749736847,0.0,3.3000000000000114,-101.56212000000002
10476000.0,900,iso13790,native,True,20.00000000000001,812.2274515692204,0.0,3.3000000000000114,102.89720532293853
10479600.0,900,iso13790,native,True,20.0,785.8807328990393,0.0,4.400000000000034,376.6782703256133
10483200.0,900,iso13790,native,True,20.000000000000004,745.8858302964942,0.0,5.600000000000023,534.3097615241312
10486800.0,900,iso13790,native,True,20.000000000000004,691.9668603577525,0.0,6.7000000000000455,711.1686492020699
10490400.0,900,iso13790,native,True,19.999999999999996,612.927226305956,0.0,8.300000000000011,848.9025695443711
10494000.0,900,iso13790,native,True,19.999999999999993,544.0642641177247,0.0,9.400000000000034,898.68357452028
10497600.0,900,iso13790,native,True,20.000000000000004,412.61406599765627,0.0,11.100000000000023,1340.767346478664
10501200.0,900,iso13790,native,True,20.0,299.6259154689491,0.0,11.700000000000045,1639.688287739206
10504800.0,900,iso13790,native,True,19.999999999999993,186.65722274023918,0.0,12.800000000000011,1658.659418578532
10508400.0,900,iso13790,native,True,19.999999999999993,118.14667160293394,0.0,12.800000000000011,1559.5713069625017
10512000.0,900,iso13790,native,True,20.000000000000004,41.79035896395944,0.0,12.800000000000011,1652.8742122273188
10515600.0,900,iso13790,native,True,20.034777798733696,0.0,0.0,11.100000000000023,2003.6377436098765
10519200.0,900,iso13790,native,True,20.0,36.0750873378771,0.0,10.600000000000023,979.0472766558502
10522800.0,900,iso13790,native,True,20.0,180.65668237868914,0.0,8.300000000000011,125.193231547793
10526400.0,900,iso13790,native,True,19.999999999999996,298.14099232808474,0.0,6.7000000000000455,-101.56212000000002
10530000.0,900,iso13790,native,True,20.000000000000004,429.2690313877249,0.0,4.400000000000034,-101.56212000000002
10533600.0,900,iso13790,native,True,20.0,480.5818297240017,0.0,5.0,-101.56212000000002
10537200.0,900,iso13790,native,True,20.000000000000004,573.7374905237009,0.0,3.900000000000034,-101.56212000000002
10540800.0,900,iso13790,native,True,20.0,652.4933849729399,0.0,3.3000000000000114,-101.56212000000002
10544400.0,900,iso13790,native,True,20.0,726.2569005938,0.0,2.8000000000000114,-101.56212000000002
10548000.0,900,iso13790,native,True,20.0,800.626088909035,0.0,2.2000000000000455,-101.56212000000002
10551600.0,900,iso13790,native,True,19.999999999999993,870.3550848334708,0.0,1.7000000000000455,-101.56212000000002
10555200.0,900,iso13790,native,True,19.999999999999993,955.7927398717301,0.0,0.6000000000000227,-101.56212000000002
10558800.0,900,iso13790,native,True,20.0,1009.7153778883886,0.0,0.6000000000000227,-101.56212000000002
10562400.0,900,iso13790,native,True,19.999999999999996,1038.5027882049449,0.0,0.6000000000000227,105.09586695646244
10566000.0,900,iso13790,native,True,20.000000000000004,964.3717274398427,0.0,3.3000000000000114,393.5742991630678
10569600.0,900,iso13790,native,True,19.999999999999986,894.2363207254322,0.0,5.0,629.3006773272239
10573200.0,900,iso13790,native,True,20.0,798.1825930752551,0.0,7.2000000000000455,768.6377430246774
10576800.0,900,iso13790,native,True,19.999999999999996,653.7581287118717,0.0,10.600000000000023,872.4731693622317
10580400.0,900,iso13790,native,True,20.000000000000007,484.1356934695847,0.0,13.300000000000011,1243.3199019652577
10584000.0,900,iso13790,native,True,20.0,308.62893568188184,0.0,13.900000000000034,2008.9106422884224
10587600.0,900,iso13790,native,True,20.000000000000004,180.81387317880453,0.0,15.0,1789.1221996845406
10591200.0,900,iso13790,native,True,20.000000000000004,56.14212261662351,0.0,16.100000000000023,1694.6919854355328
10594800.0,900,iso13790,native,True,20.155926732950597,0.0,0.0,15.0,2079.371667277489
10598400.0,900,iso13790,native,True,20.214343025231436,0.0,0.0,15.600000000000023,1036.5807419999999
10602000.0,900,iso13790,native,True,20.203775672121555,0.0,0.0,15.0,744.6304376125777
10605600.0,900,iso13790,native,True,20.037243832545833,0.0,0.0,13.300000000000011,558.1176416932468
10609200.0,900,iso13790,native,True,20.0,77.69037267925717,0.0,12.200000000000045,6.318719999999985
10612800.0,900,iso13790,native,True,20.000000000000007,188.5731802255377,0.0,10.0,-101.56212000000002
10616400.0,900,iso13790,native,True,19.999999999999996,301.96713289303256,0.0,7.800000000000011,-101.56212000000002
10620000.0,900,iso13790,native,True,20.0,407.19479467835595,0.0,6.100000000000023,-101.56212000000002
10623600.0,900,iso13790,native,True,20.000000000000004,498.38402365252716,0.0,5.0,-101.56212000000002
10627200.0,900,iso13790,native,True,19.999999999999996,557.5964708383021,0.0,5.0,-101.56212000000002
10630800.0,900,iso13790,native,True,20.000000000000004,629.789940569035,0.0,4.400000000000034,-101.56212000000002
10634400.0,900,iso13790,native,True,19.999999999999993,665.0039297970864,0.0,5.0,-101.56212000000002
10638000.0,900,iso13790,native,True,20.0,728.5741981587616,0.0,4.400000000000034,-101.56212000000002
10641600.0,900,iso13790,native,True,19.999999999999993,773.5921895184796,0.0,4.400000000000034,-101.56212000000002
10645200.0,900,iso13790,native,True,19.999999999999996,814.9959141551193,0.0,4.400000000000034,-101.56212000000002
10648800.0,900,iso13790,native,True,20.000000000000007,844.9295683691812,0.0,4.400000000000034,-20.65149000000001
10652400.0,900,iso13790,native,True,19.999999999999996,833.5146207887124,0.0,5.0,222.08039999999997
10656000.0,900,iso13790,native,True,20.000000000000004,818.4506531690963,0.0,5.0,497.17654200000004
10659600.0,900,iso13790,native,True,20.0,772.310428611305,0.0,5.600000000000023,750.696516
10663200.0,900,iso13790,native,True,20.0,686.0492945186845,0.0,7.2000000000000455,950.2760699999999
10666800.0,900,iso13790,native,True,20.000000000000004,581.0950293869723,0.0,8.300000000000011,1317.0709259999999
10670400.0,900,iso13790,native,True,20.000000000000004,530.4868091975259,0.0,7.800000000000011,1397.981556
10674000.0,900,iso13790,native,True,20.000000000000007,526.7539043408525,0.0,6.100000000000023,1392.5875139999998
10677600.0,900,iso13790,native,True,20.000000000000004,527.29046674246,0.0,5.0,1295.494758
10681200.0,900,iso13790,native,True,20.0,566.8823050873658,0.0,3.3000000000000114,1122.8854139999999
10684800.0,900,iso13790,native,True,20.000000000000004,550.7731430963521,0.0,4.400000000000034,874.7594819999999
10688400.0,900,iso13790,native,True,20.000000000000004,607.3105772280086,0.0,3.900000000000034,459.41824799999995
10692000.0,900,iso13790,native,True,20.000000000000004,659.2306047170772,0.0,3.900000000000034,184.32210599999996
10695600.0,900,iso13790,native,True,20.000000000000007,736.5525776371766,0.0,3.3000000000000114,-42.22765800000001
10699200.0,900,iso13790,native,True,20.0,805.934191550288,0.0,2.8000000000000114,-101.56212000000002
10702800.0,900,iso13790,native,True,20.000000000000004,856.1716030647007,0.0,2.8000000000000114,-101.56212000000002
10706400.0,900,iso13790,native,True,20.000000000000004,920.1105973220174,0.0,2.2000000000000455,-101.56212000000002
10710000.0,900,iso13790,native,True,20.000000000000007,997.9816769883844,0.0,1.1000000000000227,-101.56212000000002
10713600.0,900,iso13790,native,True,19.999999999999993,1044.945221680843,0.0,1.1000000000000227,-101.56212000000002
10717200.0,900,iso13790,native,True,19.999999999999993,1088.1383010181632,0.0,1.1000000000000227,-101.56212000000002
10720800.0,900,iso13790,native,True,19.999999999999996,1110.1287362856,0.0,1.7000000000000455,-101.56212000000002
10724400.0,900,iso13790,native,True,20.000000000000004,1129.023137372095,0.0,2.2000000000000455,-101.56212000000002
10728000.0,900,iso13790,native,True,20.000000000000007,1157.6077208043905,0.0,2.2000000000000455,-101.56212000000002
10731600.0,900,iso13790,native,True,20.000000000000004,1166.1625023800823,0.0,2.8000000000000114,-101.56212000000002
10735200.0,900,iso13790,native,True,20.000000000000004,1176.6177058231099,0.0,2.8000000000000114,6.318719999999985
10738800.0,900,iso13790,native,True,20.0,1160.6681856876673,0.0,2.8000000000000114,302.99102999999997
10742400.0,900,iso13790,native,True,20.000000000000004,969.7892022189453,0.0,4.400000000000034,1701.011600891139
10746000.0,900,iso13790,native,True,20.000000000000018,845.2734250805465,0.0,6.7000000000000455,1428.9183720298065
10749600.0,900,iso13790,native,True,20.000000000000004,752.697328387187,0.0,7.800000000000011,1292.2692130987614
10753200.0,900,iso13790,native,True,19.999999999999996,656.555679967357,0.0,9.400000000000034,1122.51980478851
10756800.0,900,iso13790,native,True,20.0,575.005069680006,0.0,11.100000000000023,844.1142305466994
10760400.0,900,iso13790,native,True,20.0,480.03608097670934,0.0,12.200000000000045,987.6462445132796
10764000.0,900,iso13790,native,True,20.0,388.97854911510706,0.0,13.900000000000034,827.1878212956445
10767600.0,900,iso13790,native,True,19.999999999999996,330.1327046883052,0.0,13.900000000000034,894.7548157917927
10771200.0,900,iso13790,native,True,19.999999999999996,191.61909834036038,0.0,14.400000000000034,1612.9634632858651
10774800.0,900,iso13790,native,True,20.000000000000004,45.47507640223264,0.0,14.400000000000034,2195.0791216767802
10778400.0,900,iso13790,native,True,20.087939334642947,0.0,0.0,13.300000000000011,2110.9164230791766
10782000.0,900,iso13790,native,True,20.000000000000004,24.7869606017098,0.0,11.700000000000045,1155.8026926993575
10785600.0,900,iso13790,native,True,20.0,192.29652106466705,0.0,9.400000000000034,-101.56212000000002
10789200.0,900,iso13790,native,True,20.000000000000004,244.64996290329682,0.0,9.400000000000034,-101.56212000000002
10792800.0,900,iso13790,native,True,20.0,325.3141773665623,0.0,8.300000000000011,-101.56212000000002
10796400.0,900,iso13790,native,True,19.999999999999996,389.6256854458757,0.0,7.800000000000011,-101.56212000000002
10800000.0,900,iso13790,native,True,20.000000000000004,455.3017200753634,0.0,7.2000000000000455,-101.56212000000002
10803600.0,900,iso13790,native,True,20.0,517.0354916337782,0.0,6.7000000000000455,-101.56212000000002
10807200.0,900,iso13790,native,True,20.0,580.3407431635881,0.0,6.100000000000023,-101.56212000000002
10810800.0,900,iso13790,native,True,19.999999999999996,639.8940698005972,0.0,5.600000000000023,-101.56212000000002
10814400.0,900,iso13790,native,True,20.000000000000004,683.459042999571,0.0,5.600000000000023,-101.56212000000002
10818000.0,900,iso13790,native,True,20.000000000000007,758.9321047060133,0.0,4.400000000000034,-100.92563125949056
10821600.0,900,iso13790,native,True,20.000000000000004,780.0399518082396,0.0,4.400000000000034,111.97119026283993
10825200.0,900,iso13790,native,True,20.0,661.3036937361152,0.0,8.300000000000011,423.50581541670186
10828800.0,900,iso13790,native,True,20.000000000000004,539.6802554397404,0.0,11.700000000000045,540.3576980884638
10832400.0,900,iso13790,native,True,19.999999999999996,393.66067551826194,0.0,13.900000000000034,1037.00941499686
10836000.0,900,iso13790,native,True,20.000000000000004,226.34416930547917,0.0,16.100000000000023,1405.6512559662478
10839600.0,900,iso13790,native,True,20.000000000000004,112.82115998753726,0.0,17.200000000000045,1317.6640527359068
10843200.0,900,iso13790,native,True,20.005529121966582,0.0,0.0,18.30000000000001,1303.7495583620193
10846800.0,900,iso13790,native,True,20.71780250187334,0.0,0.0,20.0,1987.7471363517109
10850400.0,900,iso13790,native,True,21.507864891814908,0.0,0.0,20.0,2905.029192158904
10854000.0,900,iso13790,native,True,21.801507460761755,0.0,0.0,20.0,1937.9978770655862
10857600.0,900,iso13790,native,True,21.77146647066012,0.0,0.0,19.400000000000034,847.789272
10861200.0,900,iso13790,native,True,21.666399031210812,0.0,0.0,17.80000000000001,540.328878
10864800.0,900,iso13790,native,True,21.50364923043087,0.0,0.0,16.700000000000045,216.68635799999998
10868400.0,900,iso13790,native,True,21.279954441395287,0.0,0.0,15.600000000000023,-15.25744800000001
10872000.0,900,iso13790,native,True,21.08855619313191,0.0,0.0,15.0,-101.56212000000002
10875600.0,900,iso13790,native,True,20.962088650667244,0.0,0.0,15.0,-101.56212000000002
10879200.0,900,iso13790,native,True,20.607581960106288,0.0,0.0,12.800000000000011,-101.56212000000002
10882800.0,900,iso13790,native,True,20.32181625557344,0.0,0.0,11.700000000000045,-101.56212000000002
10886400.0,900,iso13790,native,True,20.015364798810953,0.0,0.0,10.600000000000023,-101.56212000000002
10890000.0,900,iso13790,native,True,20.000000000000004,90.47823364345754,0.0,9.400000000000034,-101.56212000000002
10893600.0,900,iso13790,native,True,19.999999999999996,183.52011609841904,0.0,8.300000000000011,-101.56212000000002
10897200.0,900,iso13790,native,True,20.000000000000004,244.4364765919411,0.0,8.300000000000011,-101.56212000000002
10900800.0,900,iso13790,native,True,20.0,332.97613630197634,0.0,7.2000000000000455,-101.56212000000002
10904400.0,900,iso13790,native,True,20.0,422.2657002796089,0.0,6.100000000000023,-101.56212000000002
10908000.0,900,iso13790,native,True,20.000000000000004,400.04031107002413,0.0,8.300000000000011,44.07701399999998
10911600.0,900,iso13790,native,True,19.999999999999996,364.1560039312507,0.0,10.0,245.85886245881005
10915200.0,900,iso13790,native,True,20.000000000000004,292.3361752525139,0.0,11.100000000000023,766.878642
10918800.0,900,iso13790,native,True,19.999999999999996,125.40972219273726,0.0,12.800000000000011,1721.0268632525788
10922400.0,900,iso13790,native,True,20.02223322165964,0.0,0.0,14.400000000000034,1790.6343159883263
10926000.0,900,iso13790,native,True,20.586955985030507,0.0,0.0,17.200000000000045,1723.5083157564227
10929600.0,900,iso13790,native,True,20.823797782101497,0.0,0.0,17.80000000000001,1268.4150132932955
10933200.0,900,iso13790,native,True,21.54866026193721,0.0,0.0,18.30000000000001,2454.7573591986334
10936800.0,900,iso13790,native,True,21.706172841601507,0.0,0.0,18.900000000000034,1326.7532116984594
10940400.0,900,iso13790,native,True,22.191740921430597,0.0,0.0,20.0,1617.9171131181022
10944000.0,900,iso13790,native,True,22.52547475686482,0.0,0.0,20.0,1588.5467490987153
10947600.0,900,iso13790,native,True,22.785532369108903,0.0,0.0,19.400000000000034,1570.9640758957687
10951200.0,900,iso13790,native,True,23.10749200221331,0.0,0.0,18.900000000000034,1768.561205043431
10954800.0,900,iso13790,native,True,22.83328141713774,0.0,0.0,16.700000000000045,739.148775894322
10958400.0,900,iso13790,native,True,22.344656981281187,0.0,0.0,14.400000000000034,-101.56212000000002
10962000.0,900,iso13790,native,True,22.002851573913176,0.0,0.0,12.800000000000011,-101.56212000000002
10965600.0,900,iso13790,native,True,21.68163882215397,0.0,0.0,11.700000000000045,-101.56212000000002
10969200.0,900,iso13790,native,True,21.340640856057327,0.0,0.0,10.600000000000023,-101.56212000000002
10972800.0,900,iso13790,native,True,20.969848864142296,0.0,0.0,9.400000000000034,-101.56212000000002
10976400.0,900,iso13790,native,True,20.5885021684477,0.0,0.0,8.300000000000011,-101.56212000000002
10980000.0,900,iso13790,native,True,20.251966718912588,0.0,0.0,7.800000000000011,-101.56212000000002
10983600.0,900,iso13790,native,True,19.999999999999996,42.68333820267844,0.0,6.7000000000000455,-101.56212000000002
10987200.0,900,iso13790,native,True,19.999999999999993,126.33703348297082,0.0,6.7000000000000455,-101.56212000000002
10990800.0,900,iso13790,native,True,20.0,220.84867155039683,0.0,6.100000000000023,-99.9648042792802
10994400.0,900,iso13790,native,True,20.000000000000004,187.96556873623646,0.0,8.900000000000034,135.03264699638595
10998000.0,900,iso13790,native,True,20.000000000000004,102.16737218819111,0.0,12.200000000000045,434.4690833168935
11001600.0,900,iso13790,native,True,20.04541217616398,0.0,0.0,16.100000000000023,500.6373296130489
11005200.0,900,iso13790,native,True,20.442172493526538,0.0,0.0,18.900000000000034,624.3029755381331
11008800.0,900,iso13790,native,True,20.93470606276518,0.0,0.0,21.700000000000045,770.2695592746564
11012400.0,900,iso13790,native,True,21.305332564175686,0.0,0.0,22.80000000000001,822.9795420116473
11016000.0,900,iso13790,native,True,21.787111412932582,0.0,0.0,24.400000000000034,955.7668719591899
11019600.0,900,iso13790,native,True,22.265046629789424,0.0,0.0,25.0,1211.8845335278588
11023200.0,900,iso13790,native,True,22.66182758850081,0.0,0.0,25.600000000000023,1078.0300058468783
11026800.0,900,iso13790,native,True,23.151686723488833,0.0,0.0,27.200000000000045,976.9587893366555
11030400.0,900,iso13790,native,True,23.598976956914836,0.0,0.0,26.100000000000023,1531.9352150773923
11034000.0,900,iso13790,native,True,24.25333174572558,0.0,0.0,26.100000000000023,2117.0000343010493
11037600.0,900,iso13790,native,True,24.519272713605886,0.0,0.0,25.0,1633.3275216564555
11041200.0,900,iso13790,native,True,24.383812318221143,0.0,0.0,23.30000000000001,593.6445718506691
11044800.0,900,iso13790,native,True,24.054622072461548,0.0,0.0,21.100000000000023,-101.56212000000002
11048400.0,900,iso13790,native,True,23.89214658841563,0.0,0.0,20.0,-101.56212000000002
11052000.0,900,iso13790,native,True,23.758410434456053,0.0,0.0,19.400000000000034,-101.56212000000002
11055600.0,900,iso13790,native,True,23.56027148302645,0.0,0.0,18.30000000000001,-101.56212000000002
11059200.0,900,iso13790,native,True,23.28666331767446,0.0,0.0,16.700000000000045,-101.56212000000002
11062800.0,900,iso13790,native,True,23.03191524611345,0.0,0.0,15.600000000000023,-101.56212000000002
11066400.0,900,iso13790,native,True,22.87131945250522,0.0,0.0,15.600000000000023,-101.56212000000002
11070000.0,900,iso13790,native,True,22.65173487261125,0.0,0.0,15.0,-101.56212000000002
11073600.0,900,iso13790,native,True,22.369928488209688,0.0,0.0,13.900000000000034,-101.56212000000002
11077200.0,900,iso13790,native,True,22.068023288018093,0.0,0.0,12.800000000000011,-99.64184060298967
11080800.0,900,iso13790,native,True,22.19628263801697,0.0,0.0,15.0,190.3720054539328
11084400.0,900,iso13790,native,True,22.49032560985318,0.0,0.0,17.200000000000045,621.3097119309894
11088000.0,900,iso13790,native,True,22.80047123860623,0.0,0.0,20.0,525.6270581351291
11091600.0,900,iso13790,native,True,22.878736762495436,0.0,0.0,17.200000000000045,1307.4920526050532
11095200.0,900,iso13790,native,True,23.41747148619833,0.0,0.0,19.400000000000034,1639.6645524850487
11098800.0,900,iso13790,native,True,24.430665186806948,0.0,0.0,23.900000000000034,2303.3190951220804
11102400.0,900,iso13790,native,True,24.90170274118204,0.0,0.0,24.400000000000034,1978.9370547996755
11106000.0,900,iso13790,native,True,25.582191568831192,0.0,0.0,24.400000000000034,2580.1616236352675
11109600.0,900,iso13790,native,True,25.813996145186195,0.0,0.0,25.0,1437.307129781716
11113200.0,900,iso13790,native,True,26.35132754640296,0.0,0.0,26.100000000000023,1664.9354628934932
11116800.0,900,iso13790,native,True,26.80488777386181,0.0,0.0,27.80000000000001,1305.0667473173262
11120400.0,900,iso13790,native,True,27.0,0.0,62.11893221873271,27.80000000000001,1468.2905950553081
11124000.0,900,iso13790,native,True,27.000000000000004,0.0,94.77736902036878,26.100000000000023,1257.8669665253378
11127600.0,900,iso13790,native,True,27.00000000000001,0.0,34.86509993874874,25.0,225.54778712066633
11131200.0,900,iso13790,native,True,26.866339505155768,0.0,0.0,23.30000000000001,-101.56212000000002
11134800.0,900,iso13790,native,True,26.572697204002495,0.0,0.0,21.100000000000023,-101.56212000000002
11138400.0,900,iso13790,native,True,26.346249619350356,0.0,0.0,20.0,-101.56212000000002
11142000.0,900,iso13790,native,True,26.150166586210528,0.0,0.0,19.400000000000034,-101.56212000000002
11145600.0,900,iso13790,native,True,25.891264688016932,0.0,0.0,18.30000000000001,-101.56212000000002
11149200.0,900,iso13790,native,True,25.495368520207613,0.0,0.0,16.100000000000023,-101.56212000000002
11152800.0,900,iso13790,native,True,25.284890882800273,0.0,0.0,16.100000000000023,-101.56212000000002
11156400.0,900,iso13790,native,True,24.964134425265346,0.0,0.0,15.0,-101.56212000000002
11160000.0,900,iso13790,native,True,24.623581161165394,0.0,0.0,13.900000000000034,-101.56212000000002
11163600.0,900,iso13790,native,True,24.37981922986691,0.0,0.0,13.900000000000034,-100.27966810329556
11167200.0,900,iso13790,native,True,24.330177903617713,0.0,0.0,15.0,102.1699767964933
11170800.0,900,iso13790,native,True,24.48440491908763,0.0,0.0,16.700000000000045,494.06334500971377
11174400.0,900,iso13790,native,True,25.061732243821144,0.0,0.0,21.100000000000023,928.6920470984439
11178000.0,900,iso13790,native,True,25.49855183247725,0.0,0.0,23.900000000000034,906.943321243785
11181600.0,900,iso13790,native,True,26.009481490065102,0.0,0.0,26.100000000000023,1113.7865559586203
11185200.0,900,iso13790,native,True,26.50030590816863,0.0,0.0,28.30000000000001,1019.7308114388418
11188800.0,900,iso13790,native,True,26.88458943321387,0.0,0.0,28.30000000000001,1209.5100310179016
11192400.0,900,iso13790,native,True,27.0,0.0,39.233663207233036,28.900000000000034,774.5345387408345
11196000.0,900,iso13790,native,True,27.0,0.0,117.68754509438858,28.900000000000034,842.4640552013149
11199600.0,900,iso13790,native,True,27.0,0.0,220.94320972704293,28.900000000000034,1178.28572880627
11203200.0,900,iso13790,native,True,27.000000000000004,0.0,340.8369141058124,30.0,1235.9891213180965
11206800.0,900,iso13790,native,True,26.999999999999996,0.0,444.84598107657075,28.30000000000001,1940.6791905651817
11210400.0,900,iso13790,native,True,27.000000000000004,0.0,464.3717310993511,26.700000000000045,1554.9488843865738
11214000.0,900,iso13790,native,True,27.00000000000001,0.0,380.01375160266116,25.0,528.7496256788496
11217600.0,900,iso13790,native,True,27.000000000000004,0.0,252.97971168859803,22.80000000000001,-101.56212000000002
11221200.0,900,iso13790,native,True,26.999999999999996,0.0,160.34948874090585,21.100000000000023,-101.56212000000002
11224800.0,900,iso13790,native,True,27.0,0.0,80.74631398652784,20.0,-101.56212000000002
11228400.0,900,iso13790,native,True,27.0,0.0,32.189735355801396,20.0,-101.56212000000002
11232000.0,900,iso13790,native,True,26.892590887184678,0.0,0.0,19.400000000000034,-101.56212000000002
11235600.0,900,iso13790,native,True,26.677896329186304,0.0,0.0,18.900000000000034,-101.56212000000002
11239200.0,900,iso13790,native,True,26.392884792844857,0.0,0.0,17.80000000000001,-101.56212000000002
11242800.0,900,iso13790,native,True,26.139725634555298,0.0,0.0,17.200000000000045,-101.56212000000002
11246400.0,900,iso13790,native,True,25.82519763928086,0.0,0.0,16.100000000000023,-101.56212000000002
11250000.0,900,iso13790,native,True,25.490829589205024,0.0,0.0,15.0,-101.2409574061578
11253600.0,900,iso13790,native,True,25.4148251849464,0.0,0.0,15.600000000000023,175.73180656181705
11257200.0,900,iso13790,native,True,25.580844388009833,0.0,0.0,17.80000000000001,443.7394598076785
11260800.0,900,iso13790,native,True,25.895793165198224,0.0,0.0,20.600000000000023,645.4102722837272
11264400.0,900,iso13790,native,True,26.25485739999063,0.0,0.0,22.80000000000001,848.3485755648398
11268000.0,900,iso13790,native,True,26.643617198285583,0.0,0.0,25.0,881.065220802584
11271600.0,900,iso13790,native,True,26.999999999999996,0.0,29.25803122262292,27.200000000000045,965.6842067023954
11275200.0,900,iso13790,native,True,27.0,0.0,157.00938302394013,28.30000000000001,1197.57414157934
11278800.0,900,iso13790,native,True,27.000000000000004,0.0,245.02629128648337,28.900000000000034,1065.3978531471623
11282400.0,900,iso13790,native,True,26.99999999999999,0.0,300.51619847540684,28.30000000000001,1069.8724702981963
11286000.0,900,iso13790,native,True,27.0,0.0,381.02625480266937,28.30000000000001,1230.8310736281796
11289600.0,900,iso13790,native,True,27.0,0.0,469.37275704209327,27.80000000000001,1583.4352962454823
11293200.0,900,iso13790,native,True,26.999999999999996,0.0,584.1528339761868,27.80000000000001,1944.826026381132
11296800.0,900,iso13790,native,True,26.99999999999998,0.0,614.7320506498015,27.200000000000045,1519.3597001654248
11300400.0,900,iso13790,native,True,26.999999999999996,0.0,519.1907335495205,25.600000000000023,458.63494158723734
11304000.0,900,iso13790,native,True,27.0,0.0,402.8450982817499,23.900000000000034,-101.56212000000002
11307600.0,900,iso13790,native,True,26.99999999999999,0.0,291.26217206616434,21.700000000000045,-101.56212000000002
11311200.0,900,iso13790,native,True,27.0,0.0,169.96524828467756,19.400000000000034,-101.56212000000002
11314800.0,900,iso13790,native,True,26.999999999999996,0.0,95.18030918165677,18.900000000000034,-101.56212000000002
11318400.0,900,iso13790,native,True,26.902484342482225,0.0,0.0,16.700000000000045,-101.56212000000002
11322000.0,900,iso13790,native,True,26.902753874989898,0.0,0.0,18.900000000000034,-101.56212000000002
11325600.0,900,iso13790,native,True,26.54896104875589,0.0,0.0,17.200000000000045,-101.56212000000002
11329200.0,900,iso13790,native,True,25.76153221007483,0.0,0.0,11.700000000000045,-101.56212000000002
11332800.0,900,iso13790,native,True,25.253815153245828,0.0,0.0,10.0,-101.56212000000002
11336400.0,900,iso13790,native,True,24.782447214532223,0.0,0.0,8.900000000000034,-91.58955475292368
11340000.0,900,iso13790,native,True,24.7343105673388,0.0,0.0,11.100000000000023,170.2250887167108
11343600.0,900,iso13790,native,True,24.640897184342272,0.0,0.0,12.200000000000045,310.92198000558267
11347200.0,900,iso13790,native,True,24.64292547298358,0.0,0.0,13.900000000000034,372.40316460779627
11350800.0,900,iso13790,native,True,24.839799092333376,0.0,0.0,16.700000000000045,497.5405365400029
11354400.0,900,iso13790,native,True,24.99486920393379,0.0,0.0,18.30000000000001,597.9564481557329
11358000.0,900,iso13790,native,True,25.022418003712275,0.0,0.0,18.30000000000001,648.7830599281682
11361600.0,900,iso13790,native,True,25.156669782602307,0.0,0.0,19.400000000000034,645.9529155455756
11365200.0,900,iso13790,native,True,25.264637121209006,0.0,0.0,20.0,649.6855269406565
11368800.0,900,iso13790,native,True,25.388143696840327,0.0,0.0,20.600000000000023,659.6526211889343
11372400.0,900,iso13790,native,True,25.50508393607247,0.0,0.0,21.100000000000023,640.8096411683767
11376000.0,900,iso13790,native,True,25.815350393780573,0.0,0.0,21.100000000000023,1292.9249954525822
11379600.0,900,iso13790,native,True,26.41234795898526,0.0,0.0,21.700000000000045,2198.0062386511618
11383200.0,900,iso13790,native,True,26.739829899578314,0.0,0.0,20.0,2478.873692764693
11386800.0,900,iso13790,native,True,26.65061189366447,0.0,0.0,18.30000000000001,1570.159856604256
11390400.0,900,iso13790,native,True,25.825066185179637,0.0,0.0,14.400000000000034,-86.27064879390689
11394000.0,900,iso13790,native,True,25.32960254202597,0.0,0.0,12.200000000000045,-101.56212000000002
11397600.0,900,iso13790,native,True,24.856072765160395,0.0,0.0,10.600000000000023,-101.56212000000002
11401200.0,900,iso13790,native,True,24.459039412578953,0.0,0.0,10.0,-101.56212000000002
11404800.0,900,iso13790,native,True,24.004292369881217,0.0,0.0,8.900000000000034,-101.56212000000002
11408400.0,900,iso13790,native,True,23.35445778666736,0.0,0.0,6.100000000000023,-101.56212000000002
11412000.0,900,iso13790,native,True,22.891761442075733,0.0,0.0,5.600000000000023,-101.56212000000002
11415600.0,900,iso13790,native,True,22.533231972254303,0.0,0.0,6.100000000000023,-101.56212000000002
11419200.0,900,iso13790,native,True,22.14395629059178,0.0,0.0,6.100000000000023,-101.56212000000002
11422800.0,900,iso13790,native,True,21.589567040006788,0.0,0.0,4.400000000000034,-91.25132378454518
11426400.0,900,iso13790,native,True,21.686937927239082,0.0,0.0,8.300000000000011,170.41589518660646
11430000.0,900,iso13790,native,True,21.90615556827893,0.0,0.0,12.200000000000045,344.58569586950534
11433600.0,900,iso13790,native,True,22.247017123089545,0.0,0.0,15.600000000000023,638.962931606578
11437200.0,900,iso13790,native,True,22.50216893543241,0.0,0.0,18.30000000000001,504.6478888718901
11440800.0,900,iso13790,native,True,22.878631953650242,0.0,0.0,21.100000000000023,587.4196712286259
11444400.0,900,iso13790,native,True,23.201967965219534,0.0,0.0,22.80000000000001,622.8077063177407
11448000.0,900,iso13790,native,True,23.74439941750937,0.0,0.0,25.0,1004.2910600748313
11451600.0,900,iso13790,native,True,24.035484036977778,0.0,0.0,25.600000000000023,805.5388937290329
11455200.0,900,iso13790,native,True,24.655934695559928,0.0,0.0,27.200000000000045,1331.2162119807847
11458800.0,900,iso13790,native,True,25.22987899847723,0.0,0.0,27.200000000000045,1809.8314763363865
11462400.0,900,iso13790,native,True,25.38757707970491,0.0,0.0,24.400000000000034,1699.6422673496827
11466000.0,900,iso13790,native,True,25.448618756148793,0.0,0.0,23.900000000000034,920.6367007828961
11469600.0,900,iso13790,native,True,25.42237276797492,0.0,0.0,21.700000000000045,907.1084392937444
11473200.0,900,iso13790,native,True,25.487916614280525,0.0,0.0,21.100000000000023,842.6229323403167
11476800.0,900,iso13790,native,True,25.160513237028624,0.0,0.0,20.0,-86.42279590589324
11480400.0,900,iso13790,native,True,24.99240647197835,0.0,0.0,19.400000000000034,-101.56212000000002
11484000.0,900,iso13790,native,True,24.710360364222673,0.0,0.0,17.80000000000001,-101.56212000000002
11487600.0,900,iso13790,native,True,24.499946007576256,0.0,0.0,17.200000000000045,-101.56212000000002
11491200.0,900,iso13790,native,True,24.29014562349081,0.0,0.0,16.700000000000045,-101.56212000000002
11494800.0,900,iso13790,native,True,23.883766427685416,0.0,0.0,14.400000000000034,-101.56212000000002
11498400.0,900,iso13790,native,True,23.43979095113307,0.0,0.0,12.200000000000045,-101.56212000000002
11502000.0,900,iso13790,native,True,23.014272139351533,0.0,0.0,10.600000000000023,-101.56212000000002
11505600.0,900,iso13790,native,True,22.48533523947125,0.0,0.0,8.300000000000011,-101.56212000000002
11509200.0,900,iso13790,native,True,21.986486450175253,0.0,0.0,6.7000000000000455,-97.36685086344505
11512800.0,900,iso13790,native,True,22.425884946755634,0.0,0.0,13.300000000000011,195.56070105566218
11516400.0,900,iso13790,native,True,22.899327474887563,0.0,0.0,17.200000000000045,762.2538151311933
11520000.0,900,iso13790,native,True,23.231729564694223,0.0,0.0,18.900000000000034,995.6019137833642
11523600.0,900,iso13790,native,True,23.623022228074642,0.0,0.0,21.100000000000023,1008.7020917225288
11527200.0,900,iso13790,native,True,24.52060540231263,0.0,0.0,24.400000000000034,1976.6915392693722
11530800.0,900,iso13790,native,True,25.072030724550544,0.0,0.0,27.200000000000045,1369.7017752539223
11534400.0,900,iso13790,native,True,25.62014180916824,0.0,0.0,28.30000000000001,1459.5035684703903
11538000.0,900,iso13790,native,True,26.2359973700546,0.0,0.0,28.30000000000001,1968.0831137654154
11541600.0,900,iso13790,native,True,26.663827837673605,0.0,0.0,27.200000000000045,2011.0686179580484
11545200.0,900,iso13790,native,True,26.934939961950533,0.0,0.0,26.700000000000045,1522.6369582802383
11548800.0,900,iso13790,native,True,27.0,0.0,101.57638874640524,27.200000000000045,1523.6529862473756
11552400.0,900,iso13790,native,True,27.0,0.0,246.93216608192427,27.80000000000001,1797.9627446426996
11556000.0,900,iso13790,native,True,27.00000000000001,0.0,285.24807092813427,26.100000000000023,1592.0533499747485
11559600.0,900,iso13790,native,True,26.99999999999999,0.0,196.54574378108168,23.30000000000001,722.9823186558918
11563200.0,900,iso13790,native,True,27.000000000000004,0.0,65.10363451302263,21.100000000000023,-94.06706545377219
11566800.0,900,iso13790,native,True,26.911498397257443,0.0,0.0,19.400000000000034,-101.56212000000002
11570400.0,900,iso13790,native,True,26.517628704795715,0.0,0.0,17.200000000000045,-101.56212000000002
11574000.0,900,iso13790,native,True,26.193500021707784,0.0,0.0,16.100000000000023,-101.56212000000002
11577600.0,900,iso13790,native,True,26.143981028234048,0.0,0.0,17.80000000000001,-101.56212000000002
11581200.0,900,iso13790,native,True,25.78151927171138,0.0,0.0,16.100000000000023,-101.56212000000002
11584800.0,900,iso13790,native,True,25.5637719287919,0.0,0.0,16.100000000000023,-101.56212000000002
11588400.0,900,iso13790,native,True,25.120304415675097,0.0,0.0,13.900000000000034,-101.56212000000002
11592000.0,900,iso13790,native,True,24.74783795248175,0.0,0.0,12.800000000000011,-101.56212000000002
11595600.0,900,iso13790,native,True,24.358392685198826,0.0,0.0,11.700000000000045,-97.36054897795097
11599200.0,900,iso13790,native,True,24.392785389903764,0.0,0.0,13.900000000000034,169.67514215077006
11602800.0,900,iso13790,native,True,24.620632079094698,0.0,0.0,16.700000000000045,485.9793275602714
11606400.0,900,iso13790,native,True,25.091283371100932,0.0,0.0,18.30000000000001,1459.2545026411285
11610000.0,900,iso13790,native,True,24.816409169253156,0.0,0.0,15.600000000000023,944.882028
11613600.0,900,iso13790,native,True,24.91974230991722,0.0,0.0,15.600000000000023,1176.825834
11617200.0,900,iso13790,native,True,25.045485769835203,0.0,0.0,15.600000000000023,1338.647094
11620800.0,900,iso13790,native,True,25.109048605572703,0.0,0.0,15.0,1414.163682
11624400.0,900,iso13790,native,True,24.680605891896235,0.0,0.0,10.0,1408.76964
11628000.0,900,iso13790,native,True,24.450834133919695,0.0,0.0,8.300000000000011,1317.0709259999999
11631600.0,900,iso13790,native,True,24.42923966713311,0.0,0.0,9.400000000000034,1144.461582
11635200.0,900,iso13790,native,True,24.776485836862765,0.0,0.0,12.800000000000011,1351.419300247956
11638800.0,900,iso13790,native,True,25.139176572108763,0.0,0.0,14.400000000000034,1788.3973858748668
11642400.0,900,iso13790,native,True,25.081025910940365,0.0,0.0,15.0,991.8946882532811
11646000.0,900,iso13790,native,True,24.576532407459105,0.0,0.0,12.200000000000045,381.16974770600837
11649600.0,900,iso13790,native,True,24.054986331547077,0.0,0.0,10.600000000000023,-97.85114694815846
11653200.0,900,iso13790,native,True,23.7408470441854,0.0,0.0,10.600000000000023,-101.56212000000002
11656800.0,900,iso13790,native,True,23.48777221713594,0.0,0.0,11.100000000000023,-101.56212000000002
11660400.0,900,iso13790,native,True,23.148714796170218,0.0,0.0,10.600000000000023,-101.56212000000002
11664000.0,900,iso13790,native,True,22.795057145288446,0.0,0.0,10.0,-101.56212000000002
11667600.0,900,iso13790,native,True,22.382583837665845,0.0,0.0,8.900000000000034,-101.56212000000002
11671200.0,900,iso13790,native,True,22.068269842791395,0.0,0.0,8.900000000000034,-101.56212000000002
11674800.0,900,iso13790,native,True,21.6463150070233,0.0,0.0,7.800000000000011,-101.56212000000002
11678400.0,900,iso13790,native,True,21.375317653783956,0.0,0.0,8.300000000000011,-101.56212000000002
11682000.0,900,iso13790,native,True,21.071350321311463,0.0,0.0,8.300000000000011,-101.56212000000002
11685600.0,900,iso13790,native,True,20.768897932229194,0.0,0.0,7.800000000000011,27.89488799999998
11689200.0,900,iso13790,native,True,20.57287010364823,0.0,0.0,7.800000000000011,243.65656799999994
11692800.0,900,iso13790,native,True,20.34801588329952,0.0,0.0,7.2000000000000455,410.87187
11696400.0,900,iso13790,native,True,20.33837941043872,0.0,0.0,7.2000000000000455,928.699902
11700000.0,900,iso13790,native,True,20.40357600620042,0.0,0.0,7.800000000000011,1166.03775
11703600.0,900,iso13790,native,True,20.83497523849131,0.0,0.0,10.600000000000023,1599.0446565880425
11707200.0,900,iso13790,native,True,21.018306412339104,0.0,0.0,11.700000000000045,1408.76964
11710800.0,900,iso13790,native,True,21.585054091272156,0.0,0.0,14.400000000000034,1869.4924936025172
11714400.0,900,iso13790,native,True,21.755993239654643,0.0,0.0,15.0,1411.6891634699314
11718000.0,900,iso13790,native,True,21.9304014898448,0.0,0.0,16.700000000000045,886.6038325428303
11721600.0,900,iso13790,native,True,22.142255309515726,0.0,0.0,16.700000000000045,1174.0009515334193
11725200.0,900,iso13790,native,True,22.302175035485078,0.0,0.0,14.400000000000034,1833.1011077165733
11728800.0,900,iso13790,native,True,21.974909117826773,0.0,0.0,12.800000000000011,702.5462690576858
11732400.0,900,iso13790,native,True,21.667506590146473,0.0,0.0,12.200000000000045,106.8208294566345
11736000.0,900,iso13790,native,True,21.3100105521327,0.0,0.0,11.100000000000023,-101.56212000000002
11739600.0,900,iso13790,native,True,21.078836803885935,0.0,0.0,11.100000000000023,-101.56212000000002
11743200.0,900,iso13790,native,True,20.674841275456853,0.0,0.0,9.400000000000034,-101.56212000000002
11746800.0,900,iso13790,native,True,20.4166153327351,0.0,0.0,9.400000000000034,-101.56212000000002
11750400.0,900,iso13790,native,True,20.164949661301527,0.0,0.0,9.400000000000034,-101.56212000000002
11754000.0,900,iso13790,native,True,20.000000000000004,22.586606838059065,0.0,9.400000000000034,-101.56212000000002
11757600.0,900,iso13790,native,True,20.000000000000004,88.56519891195542,0.0,9.400000000000034,-101.56212000000002
11761200.0,900,iso13790,native,True,20.000000000000004,164.02577894650491,0.0,8.900000000000034,-101.56212000000002
11764800.0,900,iso13790,native,True,19.999999999999996,254.73485821003587,0.0,7.800000000000011,-101.56212000000002
11768400.0,900,iso13790,native,True,20.0,298.6939971937068,0.0,8.300000000000011,-101.23799938741752
11772000.0,900,iso13790,native,True,20.0,293.73822873947756,0.0,8.900000000000034,284.84979898480196
11775600.0,900,iso13790,native,True,19.999999999999993,242.46627468149612,0.0,11.100000000000023,389.4924329853483
11779200.0,900,iso13790,native,True,20.0,180.81709712632525,0.0,12.800000000000011,565.5985618782115
11782800.0,900,iso13790,native,True,20.000000000000004,125.85031986465538,0.0,13.300000000000011,849.8385399303581
11786400.0,900,iso13790,native,True,20.041679460458983,0.0,0.0,14.400000000000034,1615.1242708632967
11790000.0,900,iso13790,native,True,20.425537206507812,0.0,0.0,15.0,1796.0840634838405
11793600.0,900,iso13790,native,True,20.72715623152941,0.0,0.0,17.200000000000045,1153.0051460955633
11797200.0,900,iso13790,native,True,21.11055294520179,0.0,0.0,17.200000000000045,1637.8167766808886
11800800.0,900,iso13790,native,True,21.562161613251437,0.0,0.0,18.900000000000034,1548.521291915767
11804400.0,900,iso13790,native,True,21.902777990012634,0.0,0.0,19.400000000000034,1466.8607389286467
11808000.0,900,iso13790,native,True,22.24901464827327,0.0,0.0,19.400000000000034,1585.6895137859399
11811600.0,900,iso13790,native,True,22.376703614776396,0.0,0.0,18.900000000000034,1193.7201145402014
11815200.0,900,iso13790,native,True,22.108069705014707,0.0,0.0,17.200000000000045,328.32316730535024
11818800.0,900,iso13790,native,True,21.97864125094767,0.0,0.0,16.700000000000045,123.51851202063027
11822400.0,900,iso13790,native,True,21.840821432224946,0.0,0.0,16.700000000000045,-101.56212000000002
11826000.0,900,iso13790,native,True,21.622805204522805,0.0,0.0,15.600000000000023,-101.56212000000002
11829600.0,900,iso13790,native,True,21.37187058031024,0.0,0.0,14.400000000000034,-101.56212000000002
11833200.0,900,iso13790,native,True,21.107336256762185,0.0,0.0,13.300000000000011,-101.56212000000002
11836800.0,900,iso13790,native,True,20.937202832460542,0.0,0.0,13.300000000000011,-101.56212000000002
11840400.0,900,iso13790,native,True,20.771391674956888,0.0,0.0,13.300000000000011,-101.56212000000002
11844000.0,900,iso13790,native,True,20.609792976373377,0.0,0.0,13.300000000000011,-101.56212000000002
11847600.0,900,iso13790,native,True,20.39974242847405,0.0,0.0,12.800000000000011,-101.56212000000002
11851200.0,900,iso13790,native,True,20.234882958512426,0.0,0.0,12.800000000000011,-101.56212000000002
11854800.0,900,iso13790,native,True,20.013074267261622,0.0,0.0,12.200000000000045,-96.16807800000001
11858400.0,900,iso13790,native,True,20.000000000000004,0.10355996328790094,0.0,12.800000000000011,162.4723002474932
11862000.0,900,iso13790,native,True,20.30078303222551,0.0,0.0,15.0,630.2909047761872
11865600.0,900,iso13790,native,True,20.639733705946337,0.0,0.0,16.100000000000023,1109.4823099258285
11869200.0,900,iso13790,native,True,21.07260525985046,0.0,0.0,17.200000000000045,1507.6602737068145
11872800.0,900,iso13790,native,True,21.583448318537027,0.0,0.0,19.400000000000034,1512.9100115892195
11876400.0,900,iso13790,native,True,22.113019708935294,0.0,0.0,20.600000000000023,1741.0294170808213
11880000.0,900,iso13790,native,True,22.97281007341628,0.0,0.0,22.80000000000001,2412.563406766072
11883600.0,900,iso13790,native,True,23.43571233501001,0.0,0.0,24.400000000000034,1651.1570407698423
11887200.0,900,iso13790,native,True,23.946029908156568,0.0,0.0,25.0,1694.8239405353568
11890800.0,900,iso13790,native,True,24.367843781909553,0.0,0.0,25.600000000000023,1458.566939321822
11894400.0,900,iso13790,native,True,24.777257088949913,0.0,0.0,25.600000000000023,1493.836419626684
11898000.0,900,iso13790,native,True,25.389812535531338,0.0,0.0,26.100000000000023,1957.4503352099048
11901600.0,900,iso13790,native,True,25.758928197054875,0.0,0.0,26.100000000000023,1615.9787805673348
11905200.0,900,iso13790,native,True,25.86036436228753,0.0,0.0,27.200000000000045,436.29247691372325
11908800.0,900,iso13790,native,True,24.74261200289065,0.0,0.0,16.700000000000045,-101.56212000000002
11912400.0,900,iso13790,native,True,24.45087532260964,0.0,0.0,15.600000000000023,-101.56212000000002
11916000.0,900,iso13790,native,True,24.1280931256819,0.0,0.0,14.400000000000034,-101.56212000000002
11919600.0,900,iso13790,native,True,23.909162566569023,0.0,0.0,14.400000000000034,-101.56212000000002
11923200.0,900,iso13790,native,True,23.695793973252133,0.0,0.0,14.400000000000034,-101.56212000000002
11926800.0,900,iso13790,native,True,23.319662714959154,0.0,0.0,12.800000000000011,-101.56212000000002
11930400.0,900,iso13790,native,True,23.42750031839034,0.0,0.0,16.100000000000023,-101.56212000000002
11934000.0,900,iso13790,native,True,23.448251988838013,0.0,0.0,17.80000000000001,-101.56212000000002
11937600.0,900,iso13790,native,True,23.269901696903055,0.0,0.0,17.200000000000045,-101.56212000000002
11941200.0,900,iso13790,native,True,23.094096512555222,0.0,0.0,16.700000000000045,-93.89319874264982
11944800.0,900,iso13790,native,True,23.06935871854482,0.0,0.0,16.700000000000045,207.29173717548264
11948400.0,900,iso13790,native,True,23.232179482204607,0.0,0.0,18.30000000000001,378.981606157795
11952000.0,900,iso13790,native,True,23.515521627122762,0.0,0.0,20.600000000000023,476.1348512626903
11955600.0,900,iso13790,native,True,23.999679401782313,0.0,0.0,23.900000000000034,638.8264672069025
11959200.0,900,iso13790,native,True,24.584703133317966,0.0,0.0,26.100000000000023,1108.1498756833935
11962800.0,900,iso13790,native,True,24.971681895074063,0.0,0.0,27.80000000000001,773.1484023172459
11966400.0,900,iso13790,native,True,25.378408126235605,0.0,0.0,28.900000000000034,778.5608653109089
11970000.0,900,iso13790,native,True,25.850889815576995,0.0,0.0,30.0,915.1697400349137
11973600.0,900,iso13790,native,True,26.384564415838604,0.0,0.0,30.600000000000023,1242.4756036663393
11977200.0,900,iso13790,native,True,26.719006984519805,0.0,0.0,27.80000000000001,1809.1878674429875
11980800.0,900,iso13790,native,True,26.381466638207453,0.0,0.0,21.700000000000045,1348.1016697536431
11984400.0,900,iso13790,native,True,26.388726932994793,0.0,0.0,22.200000000000045,599.66334
11988000.0,900,iso13790,native,True,26.43604489855004,0.0,0.0,21.100000000000023,849.7934839224873
11991600.0,900,iso13790,native,True,26.107106393013037,0.0,0.0,19.400000000000034,155.5607817542141
11995200.0,900,iso13790,native,True,25.875893616955445,0.0,0.0,18.900000000000034,-101.56212000000002
11998800.0,900,iso13790,native,True,25.726883125617867,0.0,0.0,18.900000000000034,-101.56212000000002
12002400.0,900,iso13790,native,True,25.466032231496527,0.0,0.0,17.80000000000001,-101.56212000000002
12006000.0,900,iso13790,native,True,25.299488658509144,0.0,0.0,17.80000000000001,-101.56212000000002
12009600.0,900,iso13790,native,True,25.074107403520415,0.0,0.0,17.200000000000045,-101.56212000000002
12013200.0,900,iso13790,native,True,24.902277647578583,0.0,0.0,17.200000000000045,-101.56212000000002
12016800.0,900,iso13790,native,True,24.734813254010795,0.0,0.0,17.200000000000045,-101.56212000000002
12020400.0,900,iso13790,native,True,24.57160332008922,0.0,0.0,17.200000000000045,-101.56212000000002
12024000.0,900,iso13790,native,True,24.359982470542743,0.0,0.0,16.700000000000045,-101.56212000000002
12027600.0,900,iso13790,native,True,24.248081128361058,0.0,0.0,17.200000000000045,-96.16807800000001
12031200.0,900,iso13790,native,True,24.208729913839075,0.0,0.0,17.200000000000045,211.9797541169946
12034800.0,900,iso13790,native,True,24.62129246145234,0.0,0.0,19.400000000000034,947.5920693770368
12038400.0,900,iso13790,native,True,24.824627375293847,0.0,0.0,21.100000000000023,674.6232158449636
12042000.0,900,iso13790,native,True,25.068173745900083,0.0,0.0,21.100000000000023,1071.6866623042358
12045600.0,900,iso13790,native,True,25.524146399438397,0.0,0.0,23.30000000000001,1193.7034839321325
12049200.0,900,iso13790,native,True,26.147297215067738,0.0,0.0,25.0,1732.0240199237587
12052800.0,900,iso13790,native,True,26.346397862149182,0.0,0.0,22.80000000000001,1829.5049159999999
12056400.0,900,iso13790,native,True,26.386856185711473,0.0,0.0,21.700000000000045,1272.3192962673454
12060000.0,900,iso13790,native,True,26.579390248790556,0.0,0.0,21.700000000000045,1234.2919314848154
12063600.0,900,iso13790,native,True,26.95319161712234,0.0,0.0,20.600000000000023,2062.12156970021
12067200.0,900,iso13790,native,True,26.980438042909213,0.0,0.0,20.600000000000023,1203.796044
12070800.0,900,iso13790,native,True,27.000000000000004,0.0,14.597590022833272,21.100000000000023,842.39523
12074400.0,900,iso13790,native,True,26.750258663811238,0.0,0.0,19.400000000000034,280.4959504148921
12078000.0,900,iso13790,native,True,26.79896671670275,0.0,0.0,17.80000000000001,1098.3510582195843
12081600.0,900,iso13790,native,True,26.31779251419328,0.0,0.0,16.700000000000045,-87.40213884105901
12085200.0,900,iso13790,native,True,26.09965552820677,0.0,0.0,16.700000000000045,-101.56212000000002
12088800.0,900,iso13790,native,True,25.826000230623254,0.0,0.0,16.100000000000023,-101.56212000000002
12092400.0,900,iso13790,native,True,25.60712284184337,0.0,0.0,16.100000000000023,-101.56212000000002
12096000.0,900,iso13790,native,True,25.215111281906395,0.0,0.0,14.400000000000034,-101.56212000000002
12099600.0,900,iso13790,native,True,24.968564853044548,0.0,0.0,14.400000000000034,-101.56212000000002
12103200.0,900,iso13790,native,True,24.67572468551241,0.0,0.0,13.900000000000034,-101.56212000000002
12106800.0,900,iso13790,native,True,24.430178879418122,0.0,0.0,13.900000000000034,-101.56212000000002
12110400.0,900,iso13790,native,True,24.243428493762,0.0,0.0,14.400000000000034,-101.56212000000002
12114000.0,900,iso13790,native,True,23.971408345495576,0.0,0.0,13.900000000000034,-94.86493396898203
12117600.0,900,iso13790,native,True,23.785388138363903,0.0,0.0,13.300000000000011,193.52537253657138
12121200.0,900,iso13790,native,True,24.003554626357463,0.0,0.0,16.100000000000023,467.8667286878648
12124800.0,900,iso13790,native,True,24.274589493084132,0.0,0.0,17.80000000000001,863.9713979999999
12128400.0,900,iso13790,native,True,24.836873759897248,0.0,0.0,20.600000000000023,1410.0348380246783
12132000.0,900,iso13790,native,True,25.439662537790543,0.0,0.0,21.700000000000045,2079.8341904240997
12135600.0,900,iso13790,native,True,26.363420216914307,0.0,0.0,23.30000000000001,3059.6115292795557
12139200.0,900,iso13790,native,True,26.66430976181296,0.0,0.0,26.100000000000023,1307.8137097552196
12142800.0,900,iso13790,native,True,27.000000000000004,0.0,154.16998624323483,26.100000000000023,2886.976831773133
12146400.0,900,iso13790,native,True,27.000000000000004,0.0,232.82457655515694,27.200000000000045,1648.7949528987294
12150000.0,900,iso13790,native,True,27.000000000000004,0.0,255.87854655139296,25.600000000000023,1383.3282589826035
12153600.0,900,iso13790,native,True,27.0,0.0,226.42721285276525,23.900000000000034,917.911818
12157200.0,900,iso13790,native,True,26.99999999999999,0.0,111.05041522541447,19.400000000000034,799.242894
12160800.0,900,iso13790,native,True,27.0,0.0,88.08235250753687,20.0,400.0837859999999
12164400.0,900,iso13790,native,True,26.99999999999999,0.0,1.0754940454858668,18.900000000000034,44.07701399999998
12168000.0,900,iso13790,native,True,26.626594921066683,0.0,0.0,17.200000000000045,-101.56212000000002
12171600.0,900,iso13790,native,True,26.36276668191693,0.0,0.0,16.700000000000045,-101.56212000000002
12175200.0,900,iso13790,native,True,26.082427003480383,0.0,0.0,16.100000000000023,-101.56212000000002
12178800.0,900,iso13790,native,True,25.741409013511355,0.0,0.0,15.0,-101.56212000000002
12182400.0,900,iso13790,native,True,25.67542978869338,0.0,0.0,16.700000000000045,-101.56212000000002
12186000.0,900,iso13790,native,True,25.35999472368461,0.0,0.0,15.600000000000023,-101.56212000000002
12189600.0,900,iso13790,native,True,24.96155891323064,0.0,0.0,13.900000000000034,-101.56212000000002
12193200.0,900,iso13790,native,True,24.64568269490775,0.0,0.0,13.300000000000011,-101.56212000000002
12196800.0,900,iso13790,native,True,24.21747368647511,0.0,0.0,11.700000000000045,-101.56212000000002
12200400.0,900,iso13790,native,True,24.045235752741878,0.0,0.0,12.800000000000011,-96.16807800000001
12204000.0,900,iso13790,native,True,24.036810849349315,0.0,0.0,14.400000000000034,126.4356150947983
12207600.0,900,iso13790,native,True,24.24129773197898,0.0,0.0,16.100000000000023,665.8130269701447
12211200.0,900,iso13790,native,True,24.607215083085972,0.0,0.0,17.80000000000001,1224.2777481563498
12214800.0,900,iso13790,native,True,25.04444698391707,0.0,0.0,18.30000000000001,1902.369201039562
12218400.0,900,iso13790,native,True,25.054546621585565,0.0,0.0,16.700000000000045,1590.1154595302464
12222000.0,900,iso13790,native,True,25.409532198004595,0.0,0.0,19.400000000000034,1281.4960877679046
12225600.0,900,iso13790,native,True,25.653466935281873,0.0,0.0,20.0,1299.192281435836
12229200.0,900,iso13790,native,True,25.989898134559255,0.0,0.0,21.100000000000023,1392.4896029308857
12232800.0,900,iso13790,native,True,26.497263404189834,0.0,0.0,23.30000000000001,1529.7504334203359
12236400.0,900,iso13790,native,True,26.433446551647997,0.0,0.0,22.200000000000045,837.5383465514213
12240000.0,900,iso13790,native,True,26.860733329810614,0.0,0.0,25.0,863.4829175667883
12243600.0,900,iso13790,native,True,26.530445164022712,0.0,0.0,21.100000000000023,556.5110040000001
12247200.0,900,iso13790,native,True,25.746679622992534,0.0,0.0,14.400000000000034,243.65656799999994
12250800.0,900,iso13790,native,True,25.374176007336622,0.0,0.0,13.300000000000011,44.07701399999998
12254400.0,900,iso13790,native,True,25.07498353427252,0.0,0.0,13.300000000000011,-101.56212000000002
12258000.0,900,iso13790,native,True,24.751494107597143,0.0,0.0,12.800000000000011,-101.56212000000002
12261600.0,900,iso13790,native,True,24.52863498172462,0.0,0.0,13.300000000000011,-101.56212000000002
12265200.0,900,iso13790,native,True,24.219025627224948,0.0,0.0,12.800000000000011,-101.56212000000002
12268800.0,900,iso13790,native,True,23.8940679099807,0.0,0.0,12.200000000000045,-101.56212000000002
12272400.0,900,iso13790,native,True,23.625191447699528,0.0,0.0,12.200000000000045,-101.56212000000002
12276000.0,900,iso13790,native,True,23.310588544811,0.0,0.0,11.700000000000045,-101.56212000000002
12279600.0,900,iso13790,native,True,22.980764141071678,0.0,0.0,11.100000000000023,-101.56212000000002
12283200.0,900,iso13790,native,True,22.770213379296326,0.0,0.0,11.700000000000045,-101.56212000000002
12286800.0,900,iso13790,native,True,22.521399260150154,0.0,0.0,11.700000000000045,-89.79443950234938
12290400.0,900,iso13790,native,True,22.45200798937166,0.0,0.0,12.200000000000045,251.55296839235308
12294000.0,900,iso13790,native,True,22.354061757830358,0.0,0.0,12.800000000000011,237.27818638453957
12297600.0,900,iso13790,native,True,22.4526399190662,0.0,0.0,13.300000000000011,760.3569051505042
12301200.0,900,iso13790,native,True,22.881808485454815,0.0,0.0,15.0,1510.1614470046463
12304800.0,900,iso13790,native,True,23.316821215955983,0.0,0.0,16.100000000000023,1909.5352202809652
12308400.0,900,iso13790,native,True,23.993401186792244,0.0,0.0,16.700000000000045,2842.0821344142782
12312000.0,900,iso13790,native,True,24.01399779813379,0.0,0.0,17.200000000000045,1414.163682
12315600.0,900,iso13790,native,True,24.07921323846581,0.0,0.0,16.100000000000023,1408.76964
12319200.0,900,iso13790,native,True,24.31826493700126,0.0,0.0,16.100000000000023,1651.8967228067131
12322800.0,900,iso13790,native,True,23.870641278400615,0.0,0.0,11.700000000000045,1139.06754
12326400.0,900,iso13790,native,True,23.884645962620013,0.0,0.0,12.800000000000011,890.9416080000001
12330000.0,900,iso13790,native,True,24.372543478892922,0.0,0.0,15.600000000000023,1540.073836955007
12333600.0,900,iso13790,native,True,24.03321838410443,0.0,0.0,14.400000000000034,497.09077623150165
12337200.0,900,iso13790,native,True,23.727501455636226,0.0,0.0,13.900000000000034,33.28892999999998
12340800.0,900,iso13790,native,True,23.42384767888539,0.0,0.0,13.300000000000011,-101.56212000000002
12344400.0,900,iso13790,native,True,23.19486291218523,0.0,0.0,13.300000000000011,-101.56212000000002
12348000.0,900,iso13790,native,True,22.971695540029472,0.0,0.0,13.300000000000011,-101.56212000000002
12351600.0,900,iso13790,native,True,22.586014442437936,0.0,0.0,11.700000000000045,-101.56212000000002
12355200.0,900,iso13790,native,True,22.274597959412755,0.0,0.0,11.100000000000023,-101.56212000000002
12358800.0,900,iso13790,native,True,22.018918714134124,0.0,0.0,11.100000000000023,-101.56212000000002
12362400.0,900,iso13790,native,True,21.76973504088867,0.0,0.0,11.100000000000023,-101.56212000000002
12366000.0,900,iso13790,native,True,21.474324628587397,0.0,0.0,10.600000000000023,-101.56212000000002
12369600.0,900,iso13790,native,True,21.22627387520256,0.0,0.0,10.600000000000023,-101.56212000000002
12373200.0,900,iso13790,native,True,20.92543566940866,0.0,0.0,10.0,-90.44715162380754
12376800.0,900,iso13790,native,True,20.72197599859472,0.0,0.0,10.0,31.012924001939304
12380400.0,900,iso13790,native,True,20.931499442824954,0.0,0.0,11.700000000000045,719.0745521273625
12384000.0,900,iso13790,native,True,21.350718187664576,0.0,0.0,14.400000000000034,1178.0218389079796
12387600.0,900,iso13790,native,True,21.631234229273517,0.0,0.0,14.400000000000034,1603.3064239508633
12391200.0,900,iso13790,native,True,21.606018392251464,0.0,0.0,15.600000000000023,585.4814038193558
12394800.0,900,iso13790,native,True,22.16879033016616,0.0,0.0,15.600000000000023,2089.859720384512
12398400.0,900,iso13790,native,True,22.400044072491113,0.0,0.0,16.700000000000045,1476.93650958441
12402000.0,900,iso13790,native,True,22.888907488132833,0.0,0.0,18.30000000000001,1745.1713003097989
12405600.0,900,iso13790,native,True,23.152714667605366,0.0,0.0,18.900000000000034,1437.6007777074778
12409200.0,900,iso13790,native,True,23.758913299962533,0.0,0.0,20.0,2101.403698873347
12412800.0,900,iso13790,native,True,23.763250042270492,0.0,0.0,19.400000000000034,1147.4417187836034
12416400.0,900,iso13790,native,True,23.899474998426232,0.0,0.0,19.400000000000034,1004.57967279696
12420000.0,900,iso13790,native,True,24.11797663780291,0.0,0.0,18.30000000000001,1510.3937103402116
12423600.0,900,iso13790,native,True,23.693957165872856,0.0,0.0,16.100000000000023,332.71702420050593
12427200.0,900,iso13790,native,True,23.290170061580863,0.0,0.0,14.400000000000034,-98.14387737197575
12430800.0,900,iso13790,native,True,23.03948489466597,0.0,0.0,13.900000000000034,-101.56212000000002
12434400.0,900,iso13790,native,True,22.772439273551267,0.0,0.0,13.300000000000011,-101.56212000000002
12438000.0,900,iso13790,native,True,22.444377603256065,0.0,0.0,12.200000000000045,-101.56212000000002
12441600.0,900,iso13790,native,True,22.212330754590464,0.0,0.0,12.200000000000045,-101.56212000000002
12445200.0,900,iso13790,native,True,21.817995765007,0.0,0.0,10.600000000000023,-101.56212000000002
12448800.0,900,iso13790,native,True,21.498145243497124,0.0,0.0,10.0,-101.56212000000002
12452400.0,900,iso13790,native,True,21.118620189729054,0.0,0.0,8.900000000000034,-101.56212000000002
12456000.0,900,iso13790,native,True,20.720791354962834,0.0,0.0,7.800000000000011,-101.56212000000002
12459600.0,900,iso13790,native,True,20.48349602824748,0.0,0.0,8.300000000000011,-73.10399638088128
12463200.0,900,iso13790,native,True,20.487395028541364,0.0,0.0,10.0,207.21250222459918
12466800.0,900,iso13790,native,True,20.599412173188355,0.0,0.0,12.200000000000045,353.1062419338364
12470400.0,900,iso13790,native,True,20.839498692205723,0.0,0.0,15.0,444.300347652582
12474000.0,900,iso13790,native,True,21.177973824765562,0.0,0.0,17.80000000000001,573.5893208324653
12477600.0,900,iso13790,native,True,21.593257924628773,0.0,0.0,20.600000000000023,664.6801278396933
12481200.0,900,iso13790,native,True,22.13504260015743,0.0,0.0,22.200000000000045,1237.184335265922
12484800.0,900,iso13790,native,True,22.484717832404936,0.0,0.0,23.30000000000001,999.1476425558728
12488400.0,900,iso13790,native,True,22.843953646159996,0.0,0.0,24.400000000000034,878.299361041383
12492000.0,900,iso13790,native,True,23.138436932862103,0.0,0.0,24.400000000000034,919.9480905484331
12495600.0,900,iso13790,native,True,23.47030193300021,0.0,0.0,23.900000000000034,1208.5481693098632
12499200.0,900,iso13790,native,True,23.900955551446557,0.0,0.0,25.0,1188.0965765717417
12502800.0,900,iso13790,native,True,24.42403359787702,0.0,0.0,25.0,1713.591278031057
12506400.0,900,iso13790,native,True,24.714402313469602,0.0,0.0,23.900000000000034,1631.8905347739865
12510000.0,900,iso13790,native,True,24.481411706757655,0.0,0.0,21.700000000000045,559.3634193372395
12513600.0,900,iso13790,native,True,23.989032789219884,0.0,0.0,18.30000000000001,-98.17211561201675
12517200.0,900,iso13790,native,True,23.64098224513494,0.0,0.0,16.100000000000023,-101.56212000000002
12520800.0,900,iso13790,native,True,23.425058296964483,0.0,0.0,15.600000000000023,-101.56212000000002
12524400.0,900,iso13790,native,True,23.128337145295532,0.0,0.0,14.400000000000034,-101.56212000000002
12528000.0,900,iso13790,native,True,22.882248256382475,0.0,0.0,13.900000000000034,-101.56212000000002
12531600.0,900,iso13790,native,True,22.451013929015296,0.0,0.0,11.700000000000045,-101.56212000000002
12535200.0,900,iso13790,native,True,22.206095903633702,0.0,0.0,11.700000000000045,-101.56212000000002
12538800.0,900,iso13790,native,True,21.85177402167776,0.0,0.0,10.600000000000023,-101.56212000000002
12542400.0,900,iso13790,native,True,21.53106535816609,0.0,0.0,10.0,-101.56212000000002
12546000.0,900,iso13790,native,True,21.271130677509404,0.0,0.0,10.0,-88.15365111301942
12549600.0,900,iso13790,native,True,21.35490025957306,0.0,0.0,12.200000000000045,212.7976568517055
12553200.0,900,iso13790,native,True,21.577233314654507,0.0,0.0,15.0,392.7315979732619
12556800.0,900,iso13790,native,True,21.93622257507721,0.0,0.0,18.30000000000001,516.0078789476428
12560400.0,900,iso13790,native,True,22.346991986793245,0.0,0.0,21.100000000000023,647.5813732420662
12564000.0,900,iso13790,native,True,22.953660888275465,0.0,0.0,23.900000000000034,1077.3314638789682
12567600.0,900,iso13790,native,True,23.574145646129764,0.0,0.0,23.30000000000001,2128.755769673345
12571200.0,900,iso13790,native,True,24.055993642460294,0.0,0.0,23.30000000000001,2068.5615420629256
12574800.0,900,iso13790,native,True,24.06330013295692,0.0,0.0,20.0,1722.3346785056413
12578400.0,900,iso13790,native,True,24.578760991691,0.0,0.0,22.200000000000045,1624.3929335625473
12582000.0,900,iso13790,native,True,24.776008770976265,0.0,0.0,21.700000000000045,1369.9667430183035
12585600.0,900,iso13790,native,True,25.197245950482777,0.0,0.0,23.30000000000001,1327.7120805766276
12589200.0,900,iso13790,native,True,25.401630157536527,0.0,0.0,22.200000000000045,1414.340377656202
12592800.0,900,iso13790,native,True,25.278370309887638,0.0,0.0,19.400000000000034,1125.1975025501104
12596400.0,900,iso13790,native,True,25.137917185060186,0.0,0.0,18.30000000000001,653.4513269676578
12600000.0,900,iso13790,native,True,24.664418115297458,0.0,0.0,16.100000000000023,-72.6293822529199
12603600.0,900,iso13790,native,True,24.355320680577066,0.0,0.0,15.0,-101.56212000000002
12607200.0,900,iso13790,native,True,24.03023442682871,0.0,0.0,13.900000000000034,-101.56212000000002
12610800.0,900,iso13790,native,True,23.56983532758065,0.0,0.0,11.700000000000045,-101.56212000000002
12614400.0,900,iso13790,native,True,23.29649346600254,0.0,0.0,11.700000000000045,-101.56212000000002
12618000.0,900,iso13790,native,True,23.0300958980437,0.0,0.0,11.700000000000045,-101.56212000000002
12621600.0,900,iso13790,native,True,22.886092240914923,0.0,0.0,12.800000000000011,-101.56212000000002
12625200.0,900,iso13790,native,True,22.542440619043703,0.0,0.0,11.700000000000045,-101.56212000000002
12628800.0,900,iso13790,native,True,22.295199884010074,0.0,0.0,11.700000000000045,-101.56212000000002
12632400.0,900,iso13790,native,True,22.110660120591483,0.0,0.0,12.200000000000045,-90.77403600000002
12636000.0,900,iso13790,native,True,21.949292204431945,0.0,0.0,12.200000000000045,76.44126599999998
12639600.0,900,iso13790,native,True,22.092453150869076,0.0,0.0,12.800000000000011,805.6489092394133
12643200.0,900,iso13790,native,True,22.442626987601056,0.0,0.0,14.400000000000034,1346.7505778353145
12646800.0,900,iso13790,native,True,22.44924927215307,0.0,0.0,14.400000000000034,982.640322
12650400.0,900,iso13790,native,True,23.204862861041768,0.0,0.0,16.700000000000045,2255.5560923823614
12654000.0,900,iso13790,native,True,23.428685423693942,0.0,0.0,17.80000000000001,1517.293699122171
12657600.0,900,iso13790,native,True,24.008470187742677,0.0,0.0,20.0,1833.890745547425
12661200.0,900,iso13790,native,True,24.484586230404407,0.0,0.0,22.200000000000045,1554.8092829788347
12664800.0,900,iso13790,native,True,24.90741390785633,0.0,0.0,23.30000000000001,1496.026081600624
12668400.0,900,iso13790,native,True,25.120631509242216,0.0,0.0,23.30000000000001,1162.1847074668042
12672000.0,900,iso13790,native,True,25.58745920057965,0.0,0.0,25.600000000000023,1078.1340550610464
12675600.0,900,iso13790,native,True,25.99183886661431,0.0,0.0,25.600000000000023,1415.5907305671165
12679200.0,900,iso13790,native,True,26.131025782165153,0.0,0.0,22.200000000000045,1835.4940527462074
12682800.0,900,iso13790,native,True,25.797872393528362,0.0,0.0,18.900000000000034,904.3686112287876
12686400.0,900,iso13790,native,True,25.309149189686973,0.0,0.0,16.700000000000045,-11.483274433347063
12690000.0,900,iso13790,native,True,24.927172866541586,0.0,0.0,15.0,-101.56212000000002
12693600.0,900,iso13790,native,True,24.587558616740147,0.0,0.0,13.900000000000034,-101.56212000000002
12697200.0,900,iso13790,native,True,24.39680997373927,0.0,0.0,14.400000000000034,-101.56212000000002
12700800.0,900,iso13790,native,True,24.055426582115263,0.0,0.0,13.300000000000011,-101.56212000000002
12704400.0,900,iso13790,native,True,23.694770414478857,0.0,0.0,12.200000000000045,-101.56212000000002
12708000.0,900,iso13790,native,True,23.66220921307622,0.0,0.0,14.400000000000034,-101.56212000000002
12711600.0,900,iso13790,native,True,23.455114509119028,0.0,0.0,14.400000000000034,-101.56212000000002
12715200.0,900,iso13790,native,True,23.253281079168552,0.0,0.0,14.400000000000034,-101.56212000000002
12718800.0,900,iso13790,native,True,22.94288046723875,0.0,0.0,13.300000000000011,-96.16807800000001
12722400.0,900,iso13790,native,True,22.779424467222974,0.0,0.0,13.300000000000011,49.471055999999976
12726000.0,900,iso13790,native,True,22.753299081186835,0.0,0.0,13.900000000000034,302.99102999999997
12729600.0,900,iso13790,native,True,23.083178236545944,0.0,0.0,16.100000000000023,883.5990397452031
12733200.0,900,iso13790,native,True,23.299908064428593,0.0,0.0,17.80000000000001,811.7008171319123
12736800.0,900,iso13790,native,True,23.49744583688933,0.0,0.0,19.400000000000034,653.7202603723802
12740400.0,900,iso13790,native,True,23.775784405756944,0.0,0.0,21.100000000000023,687.9338384401785
12744000.0,900,iso13790,native,True,24.332726209394448,0.0,0.0,22.80000000000001,1378.760978337971
12747600.0,900,iso13790,native,True,24.51150103304721,0.0,0.0,23.900000000000034,691.2767483783341
12751200.0,900,iso13790,native,True,24.987917317004854,0.0,0.0,25.600000000000023,1008.6980854795092
12754800.0,900,iso13790,native,True,25.20364007343195,0.0,0.0,25.0,994.7656860582846
12758400.0,900,iso13790,native,True,25.242004357690124,0.0,0.0,21.700000000000045,1344.4487458044841
12762000.0,900,iso13790,native,True,25.480620954648025,0.0,0.0,20.600000000000023,1633.2918635310089
12765600.0,900,iso13790,native,True,25.479387860812704,0.0,0.0,20.0,1026.0127239164665
12769200.0,900,iso13790,native,True,25.605736953225872,0.0,0.0,19.400000000000034,1184.2376765738452
12772800.0,900,iso13790,native,True,25.128085644191593,0.0,0.0,17.80000000000001,-94.9405925373292
12776400.0,900,iso13790,native,True,24.67486755241389,0.0,0.0,15.0,-101.56212000000002
12780000.0,900,iso13790,native,True,24.11041108318918,0.0,0.0,11.700000000000045,-101.56212000000002
12783600.0,900,iso13790,native,True,23.823335808262964,0.0,0.0,11.700000000000045,-101.56212000000002
12787200.0,900,iso13790,native,True,23.59611101655877,0.0,0.0,12.200000000000045,-101.56212000000002
12790800.0,900,iso13790,native,True,23.21917815861092,0.0,0.0,11.100000000000023,-101.56212000000002
12794400.0,900,iso13790,native,True,22.88694441257013,0.0,0.0,10.600000000000023,-101.56212000000002
12798000.0,900,iso13790,native,True,22.53993708006275,0.0,0.0,10.0,-101.56212000000002
12801600.0,900,iso13790,native,True,22.186502428459622,0.0,0.0,9.400000000000034,-101.56212000000002
12805200.0,900,iso13790,native,True,21.844402475751334,0.0,0.0,8.900000000000034,-81.7670988997062
12808800.0,900,iso13790,native,True,21.838082539432012,0.0,0.0,10.600000000000023,229.23037853878168
12812400.0,900,iso13790,native,True,22.023153483397294,0.0,0.0,13.300000000000011,472.34421059019695
12816000.0,900,iso13790,native,True,22.256412411189718,0.0,0.0,15.600000000000023,642.2390980870388
12819600.0,900,iso13790,native,True,22.687151760333908,0.0,0.0,18.900000000000034,820.8818020871704
12823200.0,900,iso13790,native,True,23.03760902343347,0.0,0.0,20.600000000000023,933.5757563822567
12826800.0,900,iso13790,native,True,23.45708960633457,0.0,0.0,22.200000000000045,1104.6084604969928
12830400.0,900,iso13790,native,True,23.75066026293876,0.0,0.0,22.80000000000001,1030.5226299818519
12834000.0,900,iso13790,native,True,24.26820553201793,0.0,0.0,23.900000000000034,1458.2014062563592
12837600.0,900,iso13790,native,True,24.54178477401731,0.0,0.0,24.400000000000034,1081.0652031404477
12841200.0,900,iso13790,native,True,24.998531985268574,0.0,0.0,24.400000000000034,1573.9671520184888
12844800.0,900,iso13790,native,True,25.533495558303954,0.0,0.0,24.400000000000034,2020.1258031963882
12848400.0,900,iso13790,native,True,25.856600987498748,0.0,0.0,24.400000000000034,1643.1257484653888
12852000.0,900,iso13790,native,True,25.901309568809832,0.0,0.0,22.200000000000045,1385.007995611342
12855600.0,900,iso13790,native,True,25.35741893504843,0.0,0.0,16.700000000000045,766.8846550922817
12859200.0,900,iso13790,native,True,24.75481422000861,0.0,0.0,13.900000000000034,-83.02322936429233
12862800.0,900,iso13790,native,True,24.50462934003701,0.0,0.0,13.900000000000034,-101.56212000000002
12866400.0,900,iso13790,native,True,24.200361490447914,0.0,0.0,13.300000000000011,-101.56212000000002
12870000.0,900,iso13790,native,True,23.83602322833344,0.0,0.0,12.200000000000045,-101.56212000000002
12873600.0,900,iso13790,native,True,23.56862140045355,0.0,0.0,12.200000000000045,-101.56212000000002
12877200.0,900,iso13790,native,True,23.139829630545453,0.0,0.0,10.600000000000023,-101.56212000000002
12880800.0,900,iso13790,native,True,22.786397708714457,0.0,0.0,10.0,-101.56212000000002
12884400.0,900,iso13790,native,True,22.426701685504874,0.0,0.0,9.400000000000034,-101.56212000000002
12888000.0,900,iso13790,native,True,22.07141215942092,0.0,0.0,8.900000000000034,-101.56212000000002
12891600.0,900,iso13790,native,True,21.771621112089438,0.0,0.0,8.900000000000034,-83.07896506792427
12895200.0,900,iso13790,native,True,21.82941123109399,0.0,0.0,11.100000000000023,255.81353850558978
12898800.0,900,iso13790,native,True,22.149450665521307,0.0,0.0,14.400000000000034,647.6010744913089
12902400.0,900,iso13790,native,True,22.55758766445197,0.0,0.0,17.200000000000045,984.2308353157816
12906000.0,900,iso13790,native,True,23.068655040649464,0.0,0.0,20.0,1235.3711726262886
12909600.0,900,iso13790,native,True,23.618830335009275,0.0,0.0,21.700000000000045,1604.633648714986
12913200.0,900,iso13790,native,True,23.999521537192592,0.0,0.0,22.80000000000001,1372.1245746811983
12916800.0,900,iso13790,native,True,24.54775776993893,0.0,0.0,25.0,1373.9757959212036
12920400.0,900,iso13790,native,True,24.93423939718035,0.0,0.0,26.100000000000023,1128.6652729138252
12924000.0,900,iso13790,native,True,25.376704723192436,0.0,0.0,27.80000000000001,961.0549167426784
12927600.0,900,iso13790,native,True,25.79774094174018,0.0,0.0,27.80000000000001,1244.6650815381354
12931200.0,900,iso13790,native,True,25.81738672956416,0.0,0.0,23.30000000000001,1586.9589537808004
12934800.0,900,iso13790,native,True,25.966039921087734,0.0,0.0,22.80000000000001,1229.2454278238472
12938400.0,900,iso13790,native,True,26.193065465169674,0.0,0.0,22.200000000000045,1381.8020461959716
12942000.0,900,iso13790,native,True,25.89365374268506,0.0,0.0,19.400000000000034,676.4653006788807
12945600.0,900,iso13790,native,True,25.53984328467621,0.0,0.0,18.30000000000001,-76.59242304828322
12949200.0,900,iso13790,native,True,25.2649590529563,0.0,0.0,17.200000000000045,-101.56212000000002
12952800.0,900,iso13790,native,True,24.8570286042032,0.0,0.0,15.0,-101.56212000000002
12956400.0,900,iso13790,native,True,24.750448456778685,0.0,0.0,16.100000000000023,-101.56212000000002
12960000.0,900,iso13790,native,True,24.443269594374836,0.0,0.0,15.0,-101.56212000000002
12963600.0,900,iso13790,native,True,24.29464377058692,0.0,0.0,15.600000000000023,-101.56212000000002
12967200.0,900,iso13790,native,True,23.92327337112837,0.0,0.0,13.900000000000034,-101.56212000000002
12970800.0,900,iso13790,native,True,23.749401000813403,0.0,0.0,14.400000000000034,-101.56212000000002
12974400.0,900,iso13790,native,True,23.487533885527988,0.0,0.0,13.900000000000034,-101.56212000000002
12978000.0,900,iso13790,native,True,23.217301632762094,0.0,0.0,13.300000000000011,-78.67003459414038
12981600.0,900,iso13790,native,True,23.256955905163426,0.0,0.0,14.400000000000034,320.2228118755666
12985200.0,900,iso13790,native,True,23.45191819484889,0.0,0.0,15.600000000000023,807.4468401270999
12988800.0,900,iso13790,native,True,23.558296631735246,0.0,0.0,16.100000000000023,887.2641853643938
12992400.0,900,iso13790,native,True,24.115337212879183,0.0,0.0,18.900000000000034,1474.4190958467125
12996000.0,900,iso13790,native,True,24.26232246228499,0.0,0.0,18.900000000000034,1224.6440324861055
12999600.0,900,iso13790,native,True,24.98916653691288,0.0,0.0,19.400000000000034,2608.8859990660076
13003200.0,900,iso13790,native,True,25.500262617507033,0.0,0.0,20.600000000000023,2365.3142942734185
13006800.0,900,iso13790,native,True,26.08355757336484,0.0,0.0,21.700000000000045,2450.9413367350353
13010400.0,900,iso13790,native,True,26.13223863675984,0.0,0.0,20.0,1777.0550102966956
13014000.0,900,iso13790,native,True,26.235625104751005,0.0,0.0,18.900000000000034,1610.7843123961757
13017600.0,900,iso13790,native,True,26.491572355570938,0.0,0.0,19.400000000000034,1586.6628925164114
13021200.0,900,iso13790,native,True,26.201874222875876,0.0,0.0,16.100000000000023,1151.4185994970637
13024800.0,900,iso13790,native,True,25.913101325720575,0.0,0.0,15.600000000000023,373.11357599999997
13028400.0,900,iso13790,native,True,25.673774372165873,0.0,0.0,15.600000000000023,71.04722399999999
13032000.0,900,iso13790,native,True,25.244813084357897,0.0,0.0,13.900000000000034,-96.16807800000001
13035600.0,900,iso13790,native,True,25.036601627304336,0.0,0.0,14.400000000000034,-101.56212000000002
13039200.0,900,iso13790,native,True,24.78407880669916,0.0,0.0,14.300000000000011,-101.56212000000002
13042800.0,900,iso13790,native,True,24.545942310703346,0.0,0.0,14.300000000000011,-101.56212000000002
13046400.0,900,iso13790,native,True,24.303344252386356,0.0,0.0,14.200000000000045,-101.56212000000002
13050000.0,900,iso13790,native,True,24.064368920499835,0.0,0.0,14.100000000000023,-101.56212000000002
13053600.0,900,iso13790,native,True,23.828924279100598,0.0,0.0,14.0,-101.56212000000002
13057200.0,900,iso13790,native,True,23.607432088442284,0.0,0.0,14.0,-101.56212000000002
13060800.0,900,iso13790,native,True,23.38105548422925,0.0,0.0,13.900000000000034,-101.56212000000002
13064400.0,900,iso13790,native,True,23.063211014064745,0.0,0.0,12.800000000000011,-72.41370851375207
13068000.0,900,iso13790,native,True,23.184384652398833,0.0,0.0,15.0,251.98523300390247
13071600.0,900,iso13790,native,True,23.375633027197335,0.0,0.0,17.200000000000045,428.72499345870074
13075200.0,900,iso13790,native,True,23.512662507675714,0.0,0.0,18.30000000000001,527.725613930948
13078800.0,900,iso13790,native,True,23.895621522137205,0.0,0.0,21.100000000000023,686.408796901778
13082400.0,900,iso13790,native,True,24.437940260430455,0.0,0.0,23.30000000000001,1199.0228360862338
13086000.0,900,iso13790,native,True,24.788061181326647,0.0,0.0,24.400000000000034,1070.627580024676
13089600.0,900,iso13790,native,True,25.272392418473473,0.0,0.0,26.700000000000045,989.0954807231058
13093200.0,900,iso13790,native,True,25.578542428496345,0.0,0.0,27.200000000000045,858.7503118947153
13096800.0,900,iso13790,native,True,26.034676247897288,0.0,0.0,28.900000000000034,859.9560932227486
13100400.0,900,iso13790,native,True,26.337586616833416,0.0,0.0,28.900000000000034,843.3145042216111
13104000.0,900,iso13790,native,True,26.69711543591721,0.0,0.0,29.400000000000034,869.5578652436731
13107600.0,900,iso13790,native,True,27.0,0.0,55.743883146497254,28.30000000000001,1735.2019815903218
13111200.0,900,iso13790,native,True,27.000000000000004,0.0,135.5263150115041,27.200000000000045,1614.964687448783
13114800.0,900,iso13790,native,True,26.999999999999996,0.0,47.96517706864598,25.0,369.7943009025687
13118400.0,900,iso13790,native,True,26.66479117792306,0.0,0.0,21.100000000000023,-81.11917173880671
13122000.0,900,iso13790,native,True,26.317478005727118,0.0,0.0,18.900000000000034,-101.56212000000002
13125600.0,900,iso13790,native,True,26.15724899251512,0.0,0.0,18.900000000000034,-101.56212000000002
13129200.0,900,iso13790,native,True,25.70676979870579,0.0,0.0,16.100000000000023,-101.56212000000002
13132800.0,900,iso13790,native,True,25.553990226131926,0.0,0.0,16.700000000000045,-101.56212000000002
13136400.0,900,iso13790,native,True,25.294197642636792,0.0,0.0,16.100000000000023,-101.56212000000002
13140000.0,900,iso13790,native,True,25.088830783481388,0.0,0.0,16.100000000000023,-101.56212000000002
13143600.0,900,iso13790,native,True,24.88868130215974,0.0,0.0,16.100000000000023,-101.56212000000002
13147200.0,900,iso13790,native,True,24.64105936031051,0.0,0.0,15.600000000000023,-101.56212000000002
13150800.0,900,iso13790,native,True,24.31923924440623,0.0,0.0,14.400000000000034,-85.37999400000001
13154400.0,900,iso13790,native,True,24.257199327903535,0.0,0.0,15.0,180.4605990010728
13158000.0,900,iso13790,native,True,24.565804391374648,0.0,0.0,17.80000000000001,628.1395308228513
13161600.0,900,iso13790,native,True,24.91291237737331,0.0,0.0,20.0,912.4200798582946
13165200.0,900,iso13790,native,True,25.361767151850664,0.0,0.0,22.200000000000045,1177.7579262604672
13168800.0,900,iso13790,native,True,25.59446859881253,0.0,0.0,22.80000000000001,1024.6457331689567
13172400.0,900,iso13790,native,True,25.965562955505618,0.0,0.0,22.200000000000045,1676.7634988427562
13176000.0,900,iso13790,native,True,26.484349820528745,0.0,0.0,23.900000000000034,1741.295086568138
13179600.0,900,iso13790,native,True,27.000000000000004,0.0,69.52125002141372,25.600000000000023,2364.8116858115854
13183200.0,900,iso13790,native,True,27.0,0.0,94.74564703683973,23.900000000000034,1701.2388422012286
13186800.0,900,iso13790,native,True,26.62983240783033,0.0,0.0,16.100000000000023,1144.461582
13190400.0,900,iso13790,native,True,27.0,0.0,10.847860739276685,18.30000000000001,1556.2268383571204
13194000.0,900,iso13790,native,True,27.0,0.0,11.28637216180882,19.400000000000034,783.8422554227866
13197600.0,900,iso13790,native,True,27.000000000000004,0.0,95.20621823617908,20.600000000000023,1199.946868832979
13201200.0,900,iso13790,native,True,26.999999999999996,0.0,8.535224384392919,18.900000000000034,503.5784186461633
13204800.0,900,iso13790,native,True,26.650811845348475,0.0,0.0,17.80000000000001,-96.16807800000001
13208400.0,900,iso13790,native,True,26.453403597774336,0.0,0.0,17.80000000000001,-101.56212000000002
13212000.0,900,iso13790,native,True,26.14614965954184,0.0,0.0,16.700000000000045,-101.56212000000002
13215600.0,900,iso13790,native,True,25.871313171131202,0.0,0.0,16.100000000000023,-101.56212000000002
13219200.0,900,iso13790,native,True,25.71435334791944,0.0,0.0,16.700000000000045,-101.56212000000002
13222800.0,900,iso13790,native,True,25.397929423676267,0.0,0.0,15.600000000000023,-101.56212000000002
13226400.0,900,iso13790,native,True,25.05108716615935,0.0,0.0,14.400000000000034,-101.56212000000002
13230000.0,900,iso13790,native,True,24.8087077961366,0.0,0.0,14.400000000000034,-101.56212000000002
13233600.0,900,iso13790,native,True,24.456860074594942,0.0,0.0,13.300000000000011,-101.56212000000002
13237200.0,900,iso13790,native,True,24.21061226814776,0.0,0.0,13.300000000000011,-76.4783921189426
13240800.0,900,iso13790,native,True,24.325138156435717,0.0,0.0,15.600000000000023,248.38650938602825
13244400.0,900,iso13790,native,True,24.065990175740435,0.0,0.0,14.400000000000034,205.898274
13248000.0,900,iso13790,native,True,24.505261146151064,0.0,0.0,17.200000000000045,1032.1795581492213
13251600.0,900,iso13790,native,True,24.932926115201827,0.0,0.0,18.900000000000034,1482.5724521512361
13255200.0,900,iso13790,native,True,25.428184464383623,0.0,0.0,21.700000000000045,1436.579258874489
13258800.0,900,iso13790,native,True,25.94553322964234,0.0,0.0,23.900000000000034,1492.6706530587944
13262400.0,900,iso13790,native,True,26.293624011489154,0.0,0.0,25.600000000000023,1069.5477688568837
13266000.0,900,iso13790,native,True,27.0,0.0,114.6984700558992,27.80000000000001,2799.140832781324
13269600.0,900,iso13790,native,True,27.000000000000004,0.0,243.157741949106,28.900000000000034,1956.5798914672973
13273200.0,900,iso13790,native,True,27.000000000000014,0.0,331.62402953234675,28.900000000000034,1572.8561664904757
13276800.0,900,iso13790,native,True,27.0,0.0,277.25302362940306,23.900000000000034,1540.5718532549452
13280400.0,900,iso13790,native,True,26.999999999999996,0.0,270.8244194628167,22.80000000000001,1170.4063390552408
13284000.0,900,iso13790,native,True,27.0,0.0,273.7643150649483,22.200000000000045,1042.932673255845
13287600.0,900,iso13790,native,True,27.00000000000001,0.0,194.08761288514768,21.100000000000023,363.54423053384136
13291200.0,900,iso13790,native,True,27.0,0.0,128.5198412960304,21.100000000000023,-73.92295526909066
13294800.0,900,iso13790,native,True,27.0,0.0,50.36961241528619,20.0,-101.56212000000002
13298400.0,900,iso13790,native,True,26.89949428702851,0.0,0.0,18.900000000000034,-101.56212000000002
13302000.0,900,iso13790,native,True,26.608853019200637,0.0,0.0,17.80000000000001,-101.56212000000002
13305600.0,900,iso13790,native,True,26.234581115553052,0.0,0.0,16.100000000000023,-101.56212000000002
13309200.0,900,iso13790,native,True,25.889697626082732,0.0,0.0,15.0,-101.56212000000002
13312800.0,900,iso13790,native,True,25.641256319242967,0.0,0.0,15.0,-101.56212000000002
13316400.0,900,iso13790,native,True,25.336057955401397,0.0,0.0,14.400000000000034,-101.56212000000002
13320000.0,900,iso13790,native,True,24.970812818897564,0.0,0.0,13.300000000000011,-101.56212000000002
13323600.0,900,iso13790,native,True,24.65793107974864,0.0,0.0,12.800000000000011,-79.32614876285136
13327200.0,900,iso13790,native,True,24.725204462234824,0.0,0.0,15.0,211.85853506731092
13330800.0,900,iso13790,native,True,24.97120789746618,0.0,0.0,18.30000000000001,352.1446878109822
13334400.0,900,iso13790,native,True,25.487978637261286,0.0,0.0,21.100000000000023,1094.0796879444226
13338000.0,900,iso13790,native,True,25.97209137515173,0.0,0.0,24.400000000000034,988.0123595704035
13341600.0,900,iso13790,native,True,26.7157179373725,0.0,0.0,27.80000000000001,1441.6529897793682
13345200.0,900,iso13790,native,True,27.0,0.0,80.48195548039031,28.30000000000001,1800.731391634852
13348800.0,900,iso13790,native,True,26.999999999999996,0.0,166.99414112362425,29.400000000000034,1081.6025976959113
13352400.0,900,iso13790,native,True,26.999999999999996,0.0,370.77699755266934,30.0,2099.2145433759656
13356000.0,900,iso13790,native,True,27.0,0.0,484.1651390891536,31.100000000000023,1577.673714209176
13359600.0,900,iso13790,native,True,27.000000000000004,0.0,589.2434596446942,31.700000000000045,1447.6623357794597
13363200.0,900,iso13790,native,True,26.99999999999999,0.0,688.3499349845355,32.200000000000045,1407.4136839586513
13366800.0,900,iso13790,native,True,27.000000000000004,0.0,751.0854090617555,30.600000000000023,1690.2982350208088
13370400.0,900,iso13790,native,True,26.99999999999998,0.0,697.9770427636682,30.0,521.7184210274943
13374000.0,900,iso13790,native,True,26.99999999999999,0.0,635.6972253268954,28.30000000000001,290.8027391955676
13377600.0,900,iso13790,native,True,27.0,0.0,457.3532584663726,23.900000000000034,-89.84976869621582
13381200.0,900,iso13790,native,True,27.0,0.0,373.44092081302506,22.80000000000001,-101.56212000000002
13384800.0,900,iso13790,native,True,27.0,0.0,336.1674080455899,23.30000000000001,-101.56212000000002
13388400.0,900,iso13790,native,True,26.999999999999996,0.0,175.4024918654929,19.400000000000034,-101.56212000000002
13392000.0,900,iso13790,native,True,26.999999999999996,0.0,17.41820259613613,16.100000000000023,-101.56212000000002
13395600.0,900,iso13790,native,True,26.80826645073214,0.0,0.0,16.100000000000023,-101.56212000000002
13399200.0,900,iso13790,native,True,26.511877141814114,0.0,0.0,15.600000000000023,-101.56212000000002
13402800.0,900,iso13790,native,True,26.199803612783555,0.0,0.0,15.0,-101.56212000000002
13406400.0,900,iso13790,native,True,25.76478922770588,0.0,0.0,13.300000000000011,-101.56212000000002
13410000.0,900,iso13790,native,True,25.372213416618887,0.0,0.0,12.200000000000045,-69.42266936680265
13413600.0,900,iso13790,native,True,25.59135807845106,0.0,0.0,16.100000000000023,234.12150689784207
13417200.0,900,iso13790,native,True,25.815732439718044,0.0,0.0,18.900000000000034,430.7557810108136
13420800.0,900,iso13790,native,True,26.17650076968516,0.0,0.0,22.200000000000045,560.06114224298
13424400.0,900,iso13790,native,True,26.658173221165764,0.0,0.0,25.600000000000023,711.0620606022228
13428000.0,900,iso13790,native,True,26.98938513119998,0.0,0.0,26.700000000000045,818.8238912916379
13431600.0,900,iso13790,native,True,27.000000000000004,0.0,114.97133910340243,28.30000000000001,906.6968286629113
13435200.0,900,iso13790,native,True,26.999999999999996,0.0,219.0778708601107,29.400000000000034,929.6467084186984
13438800.0,900,iso13790,native,True,27.0,0.0,304.04068917196116,30.0,900.3524013252681
13442400.0,900,iso13790,native,True,27.00000000000001,0.0,398.5481493259351,30.600000000000023,1008.7270007691714
13446000.0,900,iso13790,native,True,26.99999999999997,0.0,452.71764887156354,30.600000000000023,859.9472181095628
13449600.0,900,iso13790,native,True,27.0,0.0,506.8866317390199,30.600000000000023,844.1923297617252
13453200.0,900,iso13790,native,True,26.99999999999998,0.0,605.5507425057168,29.400000000000034,1675.4052802452377
13456800.0,900,iso13790,native,True,27.000000000000004,0.0,648.2144715691117,28.900000000000034,1406.8182044321288
13460400.0,900,iso13790,native,True,27.00000000000001,0.0,581.0378032317967,26.700000000000045,778.0060997226298
13464000.0,900,iso13790,native,True,26.999999999999996,0.0,458.1457853644452,25.0,-68.7839821659452
13467600.0,900,iso13790,native,True,26.999999999999996,0.0,381.18783451952356,23.900000000000034,-101.56212000000002
13471200.0,900,iso13790,native,True,26.999999999999996,0.0,318.6367012158877,23.30000000000001,-101.56212000000002
13474800.0,900,iso13790,native,True,27.000000000000004,0.0,209.5280926228779,21.100000000000023,-101.56212000000002
13478400.0,900,iso13790,native,True,27.0,0.0,158.4905821671424,21.100000000000023,-101.56212000000002
13482000.0,900,iso13790,native,True,27.000000000000004,0.0,61.30175931647002,19.400000000000034,-101.56212000000002
13485600.0,900,iso13790,native,True,27.000000000000004,0.0,27.75482742342097,20.0,-101.56212000000002
13489200.0,900,iso13790,native,True,27.000000000000004,0.0,1.1875573961498744,20.600000000000023,-101.56212000000002
13492800.0,900,iso13790,native,True,26.9220615966491,0.0,0.0,21.100000000000023,-101.56212000000002
13496400.0,900,iso13790,native,True,26.876705786414153,0.0,0.0,21.700000000000045,-70.07719252113748
13500000.0,900,iso13790,native,True,26.647726327660063,0.0,0.0,19.400000000000034,235.14454818665195
13503600.0,900,iso13790,native,True,26.872110058796135,0.0,0.0,21.700000000000045,418.77911865956116
13507200.0,900,iso13790,native,True,27.0,0.0,58.249016705376384,24.400000000000034,535.8716466260933
13510800.0,900,iso13790,native,True,27.00000000000001,0.0,196.82899214985537,27.80000000000001,681.3837170905267
13514400.0,900,iso13790,native,True,27.00000000000001,0.0,318.1441616621326,30.0,789.1112578988559
13518000.0,900,iso13790,native,True,27.0,0.0,432.59507871982595,31.700000000000045,851.0421920833066
13521600.0,900,iso13790,native,True,27.0,0.0,511.8503299050599,32.200000000000045,848.941465348435
13525200.0,900,iso13790,native,True,27.000000000000004,0.0,616.5239274403306,32.80000000000001,1098.9425911002775
13528800.0,900,iso13790,native,True,27.00000000000001,0.0,713.0473666679825,32.80000000000001,1334.0903367103829
13532400.0,900,iso13790,native,True,27.0,0.0,821.0305776031389,33.900000000000034,1295.1045821810733
13536000.0,900,iso13790,native,True,27.000000000000014,0.0,862.5443015921753,32.200000000000045,1449.549965112099
13539600.0,900,iso13790,native,True,27.000000000000014,0.0,897.2771808531976,31.700000000000045,1244.8155383923188
13543200.0,900,iso13790,native,True,26.99999999999999,0.0,893.9823222664486,30.0,1201.4687116541577
13546800.0,900,iso13790,native,True,26.999999999999996,0.0,770.1738603500083,25.600000000000023,897.9731837337224
13550400.0,900,iso13790,native,True,27.000000000000014,0.0,621.9583777259957,23.900000000000034,-43.903133109228705
13554000.0,900,iso13790,native,True,27.0,0.0,490.48400240045993,21.700000000000045,-101.56212000000002
13557600.0,900,iso13790,native,True,26.99999999999999,0.0,353.1925659776853,19.400000000000034,-101.56212000000002
13561200.0,900,iso13790,native,True,26.999999999999996,0.0,296.2111982640993,20.0,-101.56212000000002
13564800.0,900,iso13790,native,True,26.99999999999999,0.0,197.84206883790765,18.900000000000034,-101.56212000000002
13568400.0,900,iso13790,native,True,26.999999999999996,0.0,66.99822798054929,16.700000000000045,-101.56212000000002
13572000.0,900,iso13790,native,True,26.922601549274404,0.0,0.0,16.100000000000023,-101.56212000000002
13575600.0,900,iso13790,native,True,26.675864828974614,0.0,0.0,16.100000000000023,-101.56212000000002
13579200.0,900,iso13790,native,True,26.25670170828138,0.0,0.0,14.400000000000034,-101.56212000000002
13582800.0,900,iso13790,native,True,26.172243022281314,0.0,0.0,16.100000000000023,-74.03749300442865
13586400.0,900,iso13790,native,True,26.339082638208655,0.0,0.0,18.900000000000034,189.18466925943176
13590000.0,900,iso13790,native,True,26.657011028284295,0.0,0.0,21.700000000000045,528.6272665931358
13593600.0,900,iso13790,native,True,26.999999999999996,0.0,11.03205012154766,25.0,519.7701187596635
13597200.0,900,iso13790,native,True,27.000000000000004,0.0,138.98462242908215,27.80000000000001,665.3729319885438
13600800.0,900,iso13790,native,True,27.0,0.0,233.27032283361032,28.900000000000034,791.1157771923536
13604400.0,900,iso13790,native,True,27.00000000000001,0.0,344.7511811987675,30.0,1008.8611580836662
13608000.0,900,iso13790,native,True,26.999999999999996,0.0,424.43004333278566,30.600000000000023,936.8958462275106
13611600.0,900,iso13790,native,True,26.999999999999996,0.0,533.7067947011247,31.700000000000045,1076.536762068274
13615200.0,900,iso13790,native,True,27.000000000000004,0.0,638.1587911314065,31.700000000000045,1415.976106580767
13618800.0,900,iso13790,native,True,27.000000000000018,0.0,706.4706759288349,32.200000000000045,1127.9964696031388
13622400.0,900,iso13790,native,True,26.99999999999999,0.0,711.7917432825013,30.600000000000023,1023.7695358938302
13626000.0,900,iso13790,native,True,26.999999999999996,0.0,862.0428960458607,31.700000000000045,1747.0910166786452
13629600.0,900,iso13790,native,True,26.999999999999975,0.0,790.9971950479426,28.900000000000034,1022.3796345089696
13633200.0,900,iso13790,native,True,26.999999999999996,0.0,643.3650771066242,25.0,439.52212840799893
13636800.0,900,iso13790,native,True,26.99999999999999,0.0,589.1693090791151,25.600000000000023,-25.484335172564528
13640400.0,900,iso13790,native,True,27.000000000000004,0.0,436.26757022252866,22.200000000000045,-101.56212000000002
13644000.0,900,iso13790,native,True,27.000000000000004,0.0,342.3706344371135,21.100000000000023,-101.56212000000002
13647600.0,900,iso13790,native,True,26.999999999999996,0.0,215.63993742362288,18.900000000000034,-101.56212000000002
13651200.0,900,iso13790,native,True,27.0,0.0,50.85323021222887,15.600000000000023,-101.56212000000002
13654800.0,900,iso13790,native,True,26.77878188927484,0.0,0.0,14.400000000000034,-101.56212000000002
13658400.0,900,iso13790,native,True,26.555578907121838,0.0,0.0,15.0,-101.56212000000002
13662000.0,900,iso13790,native,True,26.111525993909115,0.0,0.0,13.300000000000011,-101.56212000000002
13665600.0,900,iso13790,native,True,25.81426033065737,0.0,0.0,13.300000000000011,-101.56212000000002
13669200.0,900,iso13790,native,True,25.30729373399176,0.0,0.0,11.100000000000023,-62.46221309876262
13672800.0,900,iso13790,native,True,25.5613964057806,0.0,0.0,15.600000000000023,231.81167039205792
13676400.0,900,iso13790,native,True,25.753123705083194,0.0,0.0,18.30000000000001,401.36782343781084
13680000.0,900,iso13790,native,True,25.9162865504952,0.0,0.0,20.0,504.3724191311011
13683600.0,900,iso13790,native,True,26.038401825175562,0.0,0.0,20.600000000000023,644.4330806120897
13687200.0,900,iso13790,native,True,26.292620414956527,0.0,0.0,22.200000000000045,741.3961242962557
13690800.0,900,iso13790,native,True,26.59995698082623,0.0,0.0,23.900000000000034,803.3211120625201
13694400.0,900,iso13790,native,True,26.929571310153204,0.0,0.0,25.600000000000023,791.2584095861991
13698000.0,900,iso13790,native,True,27.00000000000001,0.0,106.49031593899865,26.700000000000045,1199.202703845405
13701600.0,900,iso13790,native,True,26.999999999999996,0.0,216.42763882749213,26.100000000000023,1709.3226976634337
13705200.0,900,iso13790,native,True,26.999999999999996,0.0,300.38633066022334,27.200000000000045,1284.5384994648916
13708800.0,900,iso13790,native,True,27.0,0.0,287.82203472688866,26.100000000000023,792.3100074739481
13712400.0,900,iso13790,native,True,27.0,0.0,416.8522496372924,27.200000000000045,1425.827652188681
13716000.0,900,iso13790,native,True,27.000000000000004,0.0,528.2682093853936,28.30000000000001,1526.7123207879317
13719600.0,900,iso13790,native,True,27.000000000000004,0.0,447.2626491194756,25.0,958.0242269667369
13723200.0,900,iso13790,native,True,27.000000000000004,0.0,288.534361167775,22.200000000000045,-16.509340632600342
13726800.0,900,iso13790,native,True,26.999999999999996,0.0,138.07758556952953,18.900000000000034,-101.56212000000002
13730400.0,900,iso13790,native,True,27.0,0.0,12.031932649370145,16.700000000000045,-101.56212000000002
13734000.0,900,iso13790,native,True,26.805892742709965,0.0,0.0,16.700000000000045,-101.56212000000002
13737600.0,900,iso13790,native,True,26.335600589822945,0.0,0.0,14.400000000000034,-101.56212000000002
13741200.0,900,iso13790,native,True,25.892404623118,0.0,0.0,12.800000000000011,-101.56212000000002
13744800.0,900,iso13790,native,True,25.409308407310192,0.0,0.0,11.100000000000023,-101.56212000000002
13748400.0,900,iso13790,native,True,24.842739266600102,0.0,0.0,8.900000000000034,-101.56212000000002
13752000.0,900,iso13790,native,True,24.350298592309727,0.0,0.0,7.800000000000011,-101.56212000000002
13755600.0,900,iso13790,native,True,23.9027050489002,0.0,0.0,7.2000000000000455,-79.98595200000001
13759200.0,900,iso13790,native,True,24.246638199433423,0.0,0.0,12.800000000000011,329.88911919498463
13762800.0,900,iso13790,native,True,24.492634057815888,0.0,0.0,15.600000000000023,667.8304899667125
13766400.0,900,iso13790,native,True,24.57870589445278,0.0,0.0,16.100000000000023,849.0777630892248
13770000.0,900,iso13790,native,True,24.800114305270302,0.0,0.0,17.200000000000045,1093.3633549670071
13773600.0,900,iso13790,native,True,25.13239967471965,0.0,0.0,18.900000000000034,1261.336706517288
13777200.0,900,iso13790,native,True,25.566390581686978,0.0,0.0,21.100000000000023,1368.1109436022823
13780800.0,900,iso13790,native,True,25.930553652208346,0.0,0.0,22.200000000000045,1413.0192828752233
13784400.0,900,iso13790,native,True,26.307137138909777,0.0,0.0,23.30000000000001,1413.289455030117
13788000.0,900,iso13790,native,True,26.842381108336706,0.0,0.0,25.600000000000023,1452.9025494548077
13791600.0,900,iso13790,native,True,26.999999999999996,0.0,50.86624633267856,25.0,1645.2950029614121
13795200.0,900,iso13790,native,True,27.0,0.0,76.72315007627871,25.0,951.0458572811281
13798800.0,900,iso13790,native,True,26.999999999999996,0.0,90.21808391766899,24.400000000000034,749.9706637773292
13802400.0,900,iso13790,native,True,27.0,0.0,151.671582744517,23.30000000000001,1346.787859230548
13806000.0,900,iso13790,native,True,27.00000000000001,0.0,60.12419720761912,21.100000000000023,513.5582601409379
13809600.0,900,iso13790,native,True,26.697255377873883,0.0,0.0,18.30000000000001,-90.77403600000002
13813200.0,900,iso13790,native,True,26.34242131719723,0.0,0.0,16.700000000000045,-101.56212000000002
13816800.0,900,iso13790,native,True,26.010041225953746,0.0,0.0,15.600000000000023,-101.56212000000002
13820400.0,900,iso13790,native,True,25.710716918459553,0.0,0.0,15.0,-101.56212000000002
13824000.0,900,iso13790,native,True,25.351196606964063,0.0,0.0,13.900000000000034,-101.56212000000002
13827600.0,900,iso13790,native,True,24.972864290800203,0.0,0.0,12.800000000000011,-101.56212000000002
13831200.0,900,iso13790,native,True,24.628755181993785,0.0,0.0,12.200000000000045,-101.56212000000002
13834800.0,900,iso13790,native,True,24.173030544166355,0.0,0.0,10.600000000000023,-101.56212000000002
13838400.0,900,iso13790,native,True,23.79334998822406,0.0,0.0,10.0,-101.56212000000002
13842000.0,900,iso13790,native,True,23.489411180086467,0.0,0.0,10.0,-50.53262016711483
13845600.0,900,iso13790,native,True,23.69420609017582,0.0,0.0,13.900000000000034,224.03392716627474
13849200.0,900,iso13790,native,True,23.82316573470036,0.0,0.0,16.100000000000023,357.9049287574097
13852800.0,900,iso13790,native,True,23.962227302714396,0.0,0.0,17.80000000000001,438.9981705652731
13856400.0,900,iso13790,native,True,24.226268926849247,0.0,0.0,20.0,562.6464316101126
13860000.0,900,iso13790,native,True,24.436985839366983,0.0,0.0,21.100000000000023,648.2749212791756
13863600.0,900,iso13790,native,True,24.676267020241887,0.0,0.0,22.200000000000045,698.8806373202291
13867200.0,900,iso13790,native,True,25.14498933605067,0.0,0.0,23.900000000000034,1122.5404667938467
13870800.0,900,iso13790,native,True,25.434807710172695,0.0,0.0,25.0,879.4939198786155
13874400.0,900,iso13790,native,True,25.775153866961006,0.0,0.0,25.600000000000023,1013.6308756833306
13878000.0,900,iso13790,native,True,26.11118412481288,0.0,0.0,26.100000000000023,1065.6559545708844
13881600.0,900,iso13790,native,True,26.354059293626587,0.0,0.0,26.700000000000045,785.0888094565769
13885200.0,900,iso13790,native,True,26.826231319642226,0.0,0.0,26.700000000000045,1465.1755969513529
13888800.0,900,iso13790,native,True,27.000000000000004,0.0,61.365245145659635,26.100000000000023,1720.3475283878283
13892400.0,900,iso13790,native,True,27.0,0.0,90.26425886538064,24.400000000000034,1440.4179527090753
13896000.0,900,iso13790,native,True,26.934747764593297,0.0,0.0,22.80000000000001,77.97208787284552
13899600.0,900,iso13790,native,True,26.538128801298722,0.0,0.0,20.0,-101.56212000000002
13903200.0,900,iso13790,native,True,26.28461375687244,0.0,0.0,18.900000000000034,-101.56212000000002
13906800.0,900,iso13790,native,True,25.893967588950705,0.0,0.0,16.700000000000045,-101.56212000000002
13910400.0,900,iso13790,native,True,25.625537826292163,0.0,0.0,16.100000000000023,-101.56212000000002
13914000.0,900,iso13790,native,True,25.47482196494223,0.0,0.0,16.700000000000045,-101.56212000000002
13917600.0,900,iso13790,native,True,25.164483373713242,0.0,0.0,15.600000000000023,-101.56212000000002
13921200.0,900,iso13790,native,True,24.771014560309272,0.0,0.0,13.900000000000034,-101.56212000000002
13924800.0,900,iso13790,native,True,24.45997915168358,0.0,0.0,13.300000000000011,-101.56212000000002
13928400.0,900,iso13790,native,True,24.052154723465957,0.0,0.0,11.700000000000045,-57.80428939698875
13932000.0,900,iso13790,native,True,24.167945559103664,0.0,0.0,14.400000000000034,244.1709866442999
13935600.0,900,iso13790,native,True,24.253158775024538,0.0,0.0,16.100000000000023,388.6289160744328
13939200.0,900,iso13790,native,True,24.44282965379539,0.0,0.0,18.30000000000001,476.24149446636636
13942800.0,900,iso13790,native,True,24.729838984476093,0.0,0.0,20.600000000000023,610.8165972925156
13946400.0,900,iso13790,native,True,25.0710081215022,0.0,0.0,22.80000000000001,701.927602673671
13950000.0,900,iso13790,native,True,25.466696897204976,0.0,0.0,25.0,758.4030663357981
13953600.0,900,iso13790,native,True,25.905713272723577,0.0,0.0,27.200000000000045,773.764723949851
13957200.0,900,iso13790,native,True,26.264641815002612,0.0,0.0,28.30000000000001,754.1554406878807
13960800.0,900,iso13790,native,True,26.86858155964276,0.0,0.0,30.0,1201.97376434072
13964400.0,900,iso13790,native,True,26.99999999999999,0.0,77.78141417167272,30.600000000000023,1077.3745277727826
13968000.0,900,iso13790,native,True,26.999999999999996,0.0,145.69056332492556,30.0,943.9776777173365
13971600.0,900,iso13790,native,True,27.0,0.0,319.4569879017506,30.600000000000023,1686.9838299556754
13975200.0,900,iso13790,native,True,27.00000000000001,0.0,290.62446885210045,27.80000000000001,1063.226437053141
13978800.0,900,iso13790,native,True,26.99999999999999,0.0,289.2521543837536,27.200000000000045,618.6380322745347
13982400.0,900,iso13790,native,True,27.000000000000004,0.0,208.38553892151918,25.600000000000023,-12.022977781080186
13986000.0,900,iso13790,native,True,27.000000000000004,0.0,118.03200911761523,23.30000000000001,-101.56212000000002
13989600.0,900,iso13790,native,True,27.0,0.0,75.27779198511216,22.80000000000001,-101.56212000000002
13993200.0,900,iso13790,native,True,27.000000000000004,0.0,14.64924724924886,21.700000000000045,-101.56212000000002
13996800.0,900,iso13790,native,True,26.76278417173884,0.0,0.0,20.0,-101.56212000000002
14000400.0,900,iso13790,native,True,26.556119011815895,0.0,0.0,19.400000000000034,-101.56212000000002
14004000.0,900,iso13790,native,True,26.234346537414257,0.0,0.0,17.80000000000001,-101.56212000000002
14007600.0,900,iso13790,native,True,25.985215068806916,0.0,0.0,17.200000000000045,-101.56212000000002
14011200.0,900,iso13790,native,True,25.674612439115485,0.0,0.0,16.100000000000023,-101.56212000000002
14014800.0,900,iso13790,native,True,25.650066493693974,0.0,0.0,17.80000000000001,-68.63045541452885
14018400.0,900,iso13790,native,True,25.8934467524865,0.0,0.0,20.600000000000023,247.4275968809438
14022000.0,900,iso13790,native,True,26.16399351332802,0.0,0.0,22.80000000000001,443.26871641478226
14025600.0,900,iso13790,native,True,26.734339079101353,0.0,0.0,26.700000000000045,722.199743131689
14029200.0,900,iso13790,native,True,27.0,0.0,69.61626149662325,29.400000000000034,789.2288689909319
14032800.0,900,iso13790,native,True,27.000000000000004,0.0,216.11598764851527,31.700000000000045,837.652177991461
14036400.0,900,iso13790,native,True,26.999999999999996,0.0,378.1287797448155,33.30000000000001,1170.0566607751093
14040000.0,900,iso13790,native,True,27.00000000000001,0.0,518.4603411071865,33.900000000000034,1395.6564602737706
14043600.0,900,iso13790,native,True,27.00000000000001,0.0,624.0831345650298,33.900000000000034,1385.775611491755
14047200.0,900,iso13790,native,True,27.000000000000004,0.0,731.2447497398985,33.900000000000034,1481.3728712674852
14050800.0,900,iso13790,native,True,27.00000000000001,0.0,917.4380692001497,32.80000000000001,2712.640602870523
14054400.0,900,iso13790,native,True,27.000000000000014,0.0,881.4313937793892,31.700000000000045,1219.9781699999999
14058000.0,900,iso13790,native,True,26.99999999999999,0.0,828.1427110978602,29.400000000000034,858.577356
14061600.0,900,iso13790,native,True,27.000000000000014,0.0,772.9432161888102,28.30000000000001,464.81228999999996
14065200.0,900,iso13790,native,True,26.99999999999999,0.0,679.4025884327893,26.700000000000045,108.80551799999998
14068800.0,900,iso13790,native,True,26.999999999999996,0.0,606.1501256034221,26.100000000000023,-85.37999400000001
14072400.0,900,iso13790,native,True,27.0,0.0,475.5811012892193,23.30000000000001,-101.56212000000002
14076000.0,900,iso13790,native,True,27.000000000000004,0.0,321.3582554480486,20.0,-101.56212000000002
14079600.0,900,iso13790,native,True,27.00000000000001,0.0,220.97019605145672,18.900000000000034,-101.56212000000002
14083200.0,900,iso13790,native,True,26.999999999999996,0.0,153.29744598931424,18.900000000000034,-101.56212000000002
14086800.0,900,iso13790,native,True,27.000000000000004,0.0,40.808942741427245,17.200000000000045,-101.56212000000002
14090400.0,900,iso13790,native,True,26.86015862895895,0.0,0.0,16.700000000000045,-101.56212000000002
14094000.0,900,iso13790,native,True,26.567182628723128,0.0,0.0,16.100000000000023,-101.56212000000002
14097600.0,900,iso13790,native,True,26.21384934472692,0.0,0.0,15.0,-101.56212000000002
14101200.0,900,iso13790,native,True,25.97213356638037,0.0,0.0,15.0,-59.77644617729695
14104800.0,900,iso13790,native,True,26.186383891305983,0.0,0.0,18.30000000000001,244.3143469252974
14108400.0,900,iso13790,native,True,26.45235858582466,0.0,0.0,21.100000000000023,437.1004169366808
14112000.0,900,iso13790,native,True,26.99999999999999,0.0,51.08201747254069,26.700000000000045,805.7073183584117
14115600.0,900,iso13790,native,True,27.0,0.0,207.68670465913462,30.0,827.7659224809308
14119200.0,900,iso13790,native,True,26.999999999999996,0.0,385.81903324709975,32.80000000000001,1087.8477277082452
14122800.0,900,iso13790,native,True,27.0,0.0,482.75230583554435,33.30000000000001,1002.9980503133224
14126400.0,900,iso13790,native,True,27.000000000000014,0.0,647.408544936798,34.400000000000034,1507.7111185906672
14130000.0,900,iso13790,native,True,27.00000000000001,0.0,795.0531453399393,35.60000000000002,1562.599588423312
14133600.0,900,iso13790,native,True,27.000000000000014,0.0,909.4190895981225,35.60000000000002,1638.698179751877
14137200.0,900,iso13790,native,True,27.00000000000001,0.0,979.6690442584255,35.60000000000002,1321.8620745892745
14140800.0,900,iso13790,native,True,27.000000000000004,0.0,953.7634438662585,34.400000000000034,649.5846428891545
14144400.0,900,iso13790,native,True,27.0,0.0,1013.7600726997812,33.900000000000034,1095.4386936485066
14148000.0,900,iso13790,native,True,27.0,0.0,1007.1458879259552,32.80000000000001,869.9438694712778
14151600.0,900,iso13790,native,True,27.000000000000004,0.0,877.492158780125,30.0,130.381686
14155200.0,900,iso13790,native,True,27.000000000000004,0.0,699.952241935047,25.600000000000023,-73.23382844349752
14158800.0,900,iso13790,native,True,27.000000000000014,0.0,622.8237974121874,25.0,-101.56212000000002
14162400.0,900,iso13790,native,True,26.99999999999999,0.0,566.4661312007836,25.0,-101.56212000000002
14166000.0,900,iso13790,native,True,27.000000000000004,0.0,496.8982465259423,24.400000000000034,-101.56212000000002
14169600.0,900,iso13790,native,True,26.99999999999999,0.0,399.071116321202,22.80000000000001,-101.56212000000002
14173200.0,900,iso13790,native,True,27.00000000000001,0.0,377.47477515065384,23.900000000000034,-101.56212000000002
14176800.0,900,iso13790,native,True,27.000000000000004,0.0,300.4426693458881,22.80000000000001,-101.56212000000002
14180400.0,900,iso13790,native,True,26.999999999999996,0.0,204.0018857032704,21.100000000000023,-101.56212000000002
14184000.0,900,iso13790,native,True,26.999999999999996,0.0,218.43597753162732,23.30000000000001,-101.56212000000002
14187600.0,900,iso13790,native,True,27.0,0.0,170.4696200724756,22.80000000000001,-73.26629395951227
14191200.0,900,iso13790,native,True,26.99999999999999,0.0,173.8699017819245,22.80000000000001,298.58240606873755
14194800.0,900,iso13790,native,True,27.000000000000004,0.0,321.9886780347573,26.700000000000045,741.0527668876372
14198400.0,900,iso13790,native,True,26.999999999999986,0.0,464.00575001676873,28.900000000000034,1196.2359876154355
14202000.0,900,iso13790,native,True,26.99999999999998,0.0,640.8983381053406,31.100000000000023,1680.1268308282188
14205600.0,900,iso13790,native,True,27.000000000000004,0.0,721.2878141574694,32.200000000000045,1221.2204984338866
14209200.0,900,iso13790,native,True,26.999999999999986,0.0,897.873840163907,34.400000000000034,1657.9870939852256
14212800.0,900,iso13790,native,True,27.000000000000014,0.0,1046.6459375062118,36.10000000000002,1686.273783331263
14216400.0,900,iso13790,native,True,27.000000000000014,0.0,1152.3021777908375,36.10000000000002,1766.3386859302755
14220000.0,900,iso13790,native,True,27.000000000000018,0.0,1191.383545934364,35.60000000000002,1367.848210982815
14223600.0,900,iso13790,native,True,27.000000000000004,0.0,1276.7708148346883,36.700000000000045,1266.805180244855
14227200.0,900,iso13790,native,True,27.000000000000018,0.0,1294.711775955291,36.700000000000045,869.8409723810637
14230800.0,900,iso13790,native,True,27.00000000000003,0.0,1337.2878482936653,35.60000000000002,1294.508926886667
14234400.0,900,iso13790,native,True,26.999999999999996,0.0,1352.3399842811202,33.900000000000034,1477.536844270453
14238000.0,900,iso13790,native,True,26.999999999999975,0.0,1286.7973864541443,32.80000000000001,706.0156444695846
14241600.0,900,iso13790,native,True,27.00000000000001,0.0,1060.2060388850396,27.80000000000001,-28.507949223637723
14245200.0,900,iso13790,native,True,26.99999999999998,0.0,903.0592544782088,25.0,-101.56212000000002
14248800.0,900,iso13790,native,True,27.0,0.0,726.6610048441089,21.700000000000045,-101.56212000000002
14252400.0,900,iso13790,native,True,27.0,0.0,570.4081120145318,19.400000000000034,-101.56212000000002
14256000.0,900,iso13790,native,True,26.999999999999996,0.0,413.22478588580736,17.200000000000045,-101.56212000000002
14259600.0,900,iso13790,native,True,26.99999999999999,0.0,270.67919289816405,15.600000000000023,-101.56212000000002
14263200.0,900,iso13790,native,True,26.999999999999996,0.0,175.44064248675096,15.600000000000023,-101.56212000000002
14266800.0,900,iso13790,native,True,26.955016258725433,0.0,0.0,12.200000000000045,-101.56212000000002
14270400.0,900,iso13790,native,True,26.555818625066635,0.0,0.0,11.700000000000045,-101.56212000000002
14274000.0,900,iso13790,native,True,26.225229182784535,0.0,0.0,11.700000000000045,-49.57865490682691
14277600.0,900,iso13790,native,True,26.516974943129483,0.0,0.0,16.700000000000045,217.82013415202795
14281200.0,900,iso13790,native,True,26.597899470680698,0.0,0.0,18.30000000000001,399.0481465947352
14284800.0,900,iso13790,native,True,26.887704382039143,0.0,0.0,20.0,917.1126759912187
14288400.0,900,iso13790,native,True,27.0,0.0,1.6935609527211664,21.100000000000023,719.4904736239693
14292000.0,900,iso13790,native,True,27.0,0.0,49.029808068122,21.700000000000045,858.9566613640441
14295600.0,900,iso13790,native,True,27.0,0.0,112.5165480446726,22.80000000000001,923.008037470414
14299200.0,900,iso13790,native,True,27.000000000000004,0.0,183.71256283063508,25.0,674.5837348744213
14302800.0,900,iso13790,native,True,27.00000000000001,0.0,243.0547834968256,26.100000000000023,682.0347648907797
14306400.0,900,iso13790,native,True,26.999999999999996,0.0,421.8902450690573,31.100000000000023,696.1355500321192
14310000.0,900,iso13790,native,True,27.0,0.0,490.0947153180248,31.700000000000045,682.4837929286531
14313600.0,900,iso13790,native,True,27.00000000000001,0.0,565.807023219892,32.80000000000001,616.6669975830814
14317200.0,900,iso13790,native,True,27.000000000000014,0.0,611.6582870738843,30.0,1421.3124526163692
14320800.0,900,iso13790,native,True,27.000000000000014,0.0,703.7448308675038,28.900000000000034,1935.4924427515691
14324400.0,900,iso13790,native,True,26.99999999999999,0.0,730.2626129813581,27.80000000000001,1639.4294706723852
14328000.0,900,iso13790,native,True,26.999999999999996,0.0,546.4675966630298,24.400000000000034,207.63279292677393
14331600.0,900,iso13790,native,True,27.0,0.0,414.5924636629129,22.200000000000045,-101.56212000000002
14335200.0,900,iso13790,native,True,26.999999999999996,0.0,272.1868566554355,19.400000000000034,-101.56212000000002
14338800.0,900,iso13790,native,True,27.0,0.0,221.70902743257105,20.0,-101.56212000000002
14342400.0,900,iso13790,native,True,27.00000000000001,0.0,111.58641000280784,18.30000000000001,-101.56212000000002
14346000.0,900,iso13790,native,True,27.0,0.0,15.895216603095784,17.200000000000045,-101.56212000000002
14349600.0,900,iso13790,native,True,26.778673625565677,0.0,0.0,16.700000000000045,-101.56212000000002
14353200.0,900,iso13790,native,True,26.550836512899963,0.0,0.0,16.700000000000045,-101.56212000000002
14356800.0,900,iso13790,native,True,26.328787638444737,0.0,0.0,16.700000000000045,-101.56212000000002
14360400.0,900,iso13790,native,True,26.002547649840906,0.0,0.0,15.600000000000023,-85.37999400000001
14364000.0,900,iso13790,native,True,25.868887909425627,0.0,0.0,16.100000000000023,44.07701399999998
14367600.0,900,iso13790,native,True,25.76731133293655,0.0,0.0,16.100000000000023,286.8089039999999
14371200.0,900,iso13790,native,True,25.675956897665348,0.0,0.0,15.600000000000023,551.116962
14374800.0,900,iso13790,native,True,25.851685940949505,0.0,0.0,16.700000000000045,961.064154
14378400.0,900,iso13790,native,True,26.505610050933036,0.0,0.0,18.30000000000001,2246.7235825630623
14382000.0,900,iso13790,native,True,26.976375019874318,0.0,0.0,21.700000000000045,1648.9399340183827
14385600.0,900,iso13790,native,True,27.000000000000004,0.0,0.284864112498476,22.200000000000045,809.6053199277017
14389200.0,900,iso13790,native,True,27.0,0.0,97.41286247864014,24.400000000000034,840.3021496561008
14392800.0,900,iso13790,native,True,27.0,0.0,204.84962322316608,26.700000000000045,846.8448868516982
14396400.0,900,iso13790,native,True,27.000000000000004,0.0,314.1662432277385,28.900000000000034,819.9395683462133
14400000.0,900,iso13790,native,True,26.999999999999996,0.0,374.72987277329855,29.400000000000034,755.2040060078573
14403600.0,900,iso13790,native,True,27.0,0.0,514.2212869793512,30.0,1496.9711357425494
14407200.0,900,iso13790,native,True,27.0,0.0,613.5993485134551,29.400000000000034,1813.3976603972374
14410800.0,900,iso13790,native,True,26.999999999999996,0.0,528.3289224048832,25.0,1342.188585885705
14414400.0,900,iso13790,native,True,26.999999999999996,0.0,387.30904742534756,23.30000000000001,53.28434901960855
14418000.0,900,iso13790,native,True,27.0,0.0,316.75928656419217,22.80000000000001,-101.56212000000002
14421600.0,900,iso13790,native,True,27.000000000000004,0.0,236.74341459013482,21.700000000000045,-101.56212000000002
14425200.0,900,iso13790,native,True,27.000000000000004,0.0,155.29330656382905,20.600000000000023,-101.56212000000002
14428800.0,900,iso13790,native,True,27.00000000000001,0.0,54.78921974175751,18.900000000000034,-101.56212000000002
14432400.0,900,iso13790,native,True,26.886003764260366,0.0,0.0,17.80000000000001,-101.56212000000002
14436000.0,900,iso13790,native,True,26.620316839799305,0.0,0.0,17.200000000000045,-101.56212000000002
14439600.0,900,iso13790,native,True,26.293579348252404,0.0,0.0,16.100000000000023,-101.56212000000002
14443200.0,900,iso13790,native,True,25.88412825121038,0.0,0.0,14.400000000000034,-101.56212000000002
14446800.0,900,iso13790,native,True,25.750585326811173,0.0,0.0,15.600000000000023,-90.77403600000002
14450400.0,900,iso13790,native,True,25.56187837069355,0.0,0.0,15.600000000000023,17.10680399999999
14454000.0,900,iso13790,native,True,25.648651667698417,0.0,0.0,17.200000000000045,346.143366
14457600.0,900,iso13790,native,True,26.041543951386238,0.0,0.0,18.900000000000034,1194.7757415679112
14461200.0,900,iso13790,native,True,26.401355415280587,0.0,0.0,21.100000000000023,1199.064174581433
14464800.0,900,iso13790,native,True,26.974491793333808,0.0,0.0,22.80000000000001,1812.8069878456524
14468400.0,900,iso13790,native,True,27.0,0.0,73.12458261614617,23.30000000000001,1525.0894743677857
14472000.0,900,iso13790,native,True,27.0,0.0,262.3626527582016,23.900000000000034,2488.442703105581
14475600.0,900,iso13790,native,True,26.999999999999996,0.0,257.19371761380273,24.400000000000034,1076.8479614787364
14479200.0,900,iso13790,native,True,27.0,0.0,398.4867805693766,27.200000000000045,1257.4658309092683
14482800.0,900,iso13790,native,True,26.999999999999996,0.0,478.0380342663782,27.200000000000045,1451.8108933347494
14486400.0,900,iso13790,native,True,26.99999999999999,0.0,502.9261582212488,26.700000000000045,1196.0955738504995
14490000.0,900,iso13790,native,True,26.999999999999996,0.0,596.7732370726432,27.200000000000045,1541.4587273380935
14493600.0,900,iso13790,native,True,27.00000000000001,0.0,565.328258009935,26.100000000000023,942.9177043876399
14497200.0,900,iso13790,native,True,26.999999999999996,0.0,507.68239997427156,24.400000000000034,674.6645149976858
14500800.0,900,iso13790,native,True,26.999999999999986,0.0,395.8868708070007,23.30000000000001,-70.95836367521373
14504400.0,900,iso13790,native,True,27.000000000000004,0.0,297.09037759760656,21.700000000000045,-101.56212000000002
14508000.0,900,iso13790,native,True,26.999999999999996,0.0,225.5743925321382,21.100000000000023,-101.56212000000002
14511600.0,900,iso13790,native,True,26.999999999999996,0.0,173.24860585529575,21.100000000000023,-101.56212000000002
14515200.0,900,iso13790,native,True,27.00000000000001,0.0,74.87493596228424,19.400000000000034,-101.56212000000002
14518800.0,900,iso13790,native,True,27.0,0.0,22.503392101751427,19.400000000000034,-101.56212000000002
14522400.0,900,iso13790,native,True,26.793109503179554,0.0,0.0,18.30000000000001,-101.56212000000002
14526000.0,900,iso13790,native,True,26.437370571958684,0.0,0.0,16.700000000000045,-101.56212000000002
14529600.0,900,iso13790,native,True,26.270761607887245,0.0,0.0,17.200000000000045,-101.56212000000002
14533200.0,900,iso13790,native,True,26.024529668544957,0.0,0.0,16.700000000000045,-77.66405716913707
14536800.0,900,iso13790,native,True,25.982162614223164,0.0,0.0,17.80000000000001,49.471055999999976
14540400.0,900,iso13790,native,True,25.885369466569287,0.0,0.0,17.80000000000001,189.71614799999998
14544000.0,900,iso13790,native,True,26.11826803307666,0.0,0.0,20.0,513.3586680000001
14547600.0,900,iso13790,native,True,26.56216801862953,0.0,0.0,22.80000000000001,915.186617444032
14551200.0,900,iso13790,native,True,26.894087832288978,0.0,0.0,24.400000000000034,946.7496358293531
14554800.0,900,iso13790,native,True,27.0,0.0,160.03516938999468,28.30000000000001,1152.3361763144133
14558400.0,900,iso13790,native,True,27.0,0.0,376.76738291798216,31.100000000000023,1682.4680351800723
14562000.0,900,iso13790,native,True,26.999999999999996,0.0,516.4195329219949,27.80000000000001,2891.9436100310827
14565600.0,900,iso13790,native,True,27.0,0.0,315.61556109955006,21.100000000000023,1333.253052
14569200.0,900,iso13790,native,True,27.000000000000004,0.0,408.1945463856233,22.80000000000001,1478.892186
14572800.0,900,iso13790,native,True,26.999999999999996,0.0,434.3377495990096,23.30000000000001,1182.219876
14576400.0,900,iso13790,native,True,27.00000000000001,0.0,374.78739638790455,21.700000000000045,815.4250199999999
14580000.0,900,iso13790,native,True,27.0,0.0,363.38207672642784,22.80000000000001,421.65995399999997
14583600.0,900,iso13790,native,True,27.0,0.0,281.56108159016077,21.700000000000045,124.98764399999999
14587200.0,900,iso13790,native,True,26.999999999999996,0.0,204.4273076899676,21.100000000000023,-79.98595200000001
14590800.0,900,iso13790,native,True,27.000000000000004,0.0,152.93866416912363,21.100000000000023,-101.56212000000002
14594400.0,900,iso13790,native,True,27.0,0.0,56.195576720309994,19.400000000000034,-101.56212000000002
14598000.0,900,iso13790,native,True,27.0,0.0,5.323704090713449,19.400000000000034,-101.56212000000002
14601600.0,900,iso13790,native,True,26.852546156835874,0.0,0.0,19.400000000000034,-101.56212000000002
14605200.0,900,iso13790,native,True,26.57580019354947,0.0,0.0,18.30000000000001,-101.56212000000002
14608800.0,900,iso13790,native,True,26.50939140626458,0.0,0.0,19.400000000000034,-101.56212000000002
14612400.0,900,iso13790,native,True,26.241363344184567,0.0,0.0,18.30000000000001,-101.56212000000002
14616000.0,900,iso13790,native,True,26.015267650291197,0.0,0.0,17.80000000000001,-101.56212000000002
14619600.0,900,iso13790,native,True,25.78370284103371,0.0,0.0,17.200000000000045,-68.04308220314276
14623200.0,900,iso13790,native,True,25.83492001572531,0.0,0.0,18.30000000000001,262.099902072012
14626800.0,900,iso13790,native,True,26.084725947202386,0.0,0.0,21.100000000000023,374.0480637522385
14630400.0,900,iso13790,native,True,26.430892932807424,0.0,0.0,23.900000000000034,506.58640854652356
14634000.0,900,iso13790,native,True,26.68606964620216,0.0,0.0,25.0,629.9420851495313
14637600.0,900,iso13790,native,True,27.000000000000004,0.0,31.5974281415863,26.700000000000045,920.6610340406654
14641200.0,900,iso13790,native,True,27.0,0.0,216.43052380356292,29.400000000000034,1314.3074469447454
14644800.0,900,iso13790,native,True,27.000000000000004,0.0,316.51634631297406,30.600000000000023,1024.7010762433188
14648400.0,900,iso13790,native,True,26.999999999999996,0.0,481.1465788903157,31.700000000000045,1575.0742137887446
14652000.0,900,iso13790,native,True,26.999999999999996,0.0,613.1389030471504,31.700000000000045,1845.1299227605996
14655600.0,900,iso13790,native,True,26.999999999999975,0.0,654.6884197982932,30.600000000000023,1481.9981506890683
14659200.0,900,iso13790,native,True,26.99999999999999,0.0,693.2297901858157,29.400000000000034,1448.7920445239383
14662800.0,900,iso13790,native,True,27.0,0.0,728.2475953523016,29.400000000000034,1164.2142795182772
14666400.0,900,iso13790,native,True,26.999999999999996,0.0,523.2581652923021,23.30000000000001,486.38845799999996
14670000.0,900,iso13790,native,True,26.999999999999996,0.0,414.5579110870868,21.700000000000045,122.4592941572254
14673600.0,900,iso13790,native,True,27.0,0.0,328.7221002141461,21.100000000000023,-61.36480463300036
14677200.0,900,iso13790,native,True,27.0,0.0,233.99771442051525,20.0,-101.56212000000002
14680800.0,900,iso13790,native,True,27.000000000000004,0.0,140.6233907950981,18.900000000000034,-101.56212000000002
14684400.0,900,iso13790,native,True,26.999999999999996,0.0,61.66638885192456,18.30000000000001,-101.56212000000002
14688000.0,900,iso13790,native,True,27.000000000000004,0.0,20.231877187469276,18.900000000000034,-101.56212000000002
14691600.0,900,iso13790,native,True,26.709908760733498,0.0,0.0,17.200000000000045,-101.56212000000002
14695200.0,900,iso13790,native,True,26.443963920189965,0.0,0.0,16.700000000000045,-101.56212000000002
14698800.0,900,iso13790,native,True,26.161561412955866,0.0,0.0,16.100000000000023,-101.56212000000002
14702400.0,900,iso13790,native,True,25.818533000684113,0.0,0.0,15.0,-101.56212000000002
14706000.0,900,iso13790,native,True,25.57986220347063,0.0,0.0,15.0,-79.32238630770182
14709600.0,900,iso13790,native,True,25.81176632269455,0.0,0.0,18.30000000000001,258.0433381794805
14713200.0,900,iso13790,native,True,26.252510642342905,0.0,0.0,22.200000000000045,581.1481636048004
14716800.0,900,iso13790,native,True,26.662398693158917,0.0,0.0,24.400000000000034,876.6204629434923
14720400.0,900,iso13790,native,True,27.0,0.0,43.589051185220036,25.600000000000023,1391.3061433865696
14724000.0,900,iso13790,native,True,26.999999999999996,0.0,166.85045331427594,27.200000000000045,1299.7744060676405
14727600.0,900,iso13790,native,True,27.0,0.0,306.69702793473743,27.80000000000001,1706.5933917565985
14731200.0,900,iso13790,native,True,26.99999999999998,0.0,411.9286807820971,28.30000000000001,1622.2624653969224
14734800.0,900,iso13790,native,True,26.99999999999999,0.0,573.9955380641691,28.900000000000034,2172.4493205155572
14738400.0,900,iso13790,native,True,27.0,0.0,668.457751233432,28.30000000000001,2157.914523099508
14742000.0,900,iso13790,native,True,27.00000000000001,0.0,754.2197427968814,27.80000000000001,2154.2834466356967
14745600.0,900,iso13790,native,True,27.00000000000001,0.0,507.15335694643767,20.600000000000023,917.911818
14749200.0,900,iso13790,native,True,26.999999999999996,0.0,378.5343373165437,17.80000000000001,626.63355
14752800.0,900,iso13790,native,True,27.000000000000014,0.0,317.3583557613242,18.30000000000001,308.385072
14756400.0,900,iso13790,native,True,27.000000000000004,0.0,240.3156781341041,18.30000000000001,87.22934999999998
14760000.0,900,iso13790,native,True,27.000000000000004,0.0,146.66593230381508,17.80000000000001,-79.98595200000001
14763600.0,900,iso13790,native,True,27.0,0.0,76.2397407911839,17.80000000000001,-101.56212000000002
14767200.0,900,iso13790,native,True,27.000000000000004,0.0,12.328361095575382,17.80000000000001,-101.56212000000002
14770800.0,900,iso13790,native,True,26.834807942975388,0.0,0.0,17.80000000000001,-101.56212000000002
14774400.0,900,iso13790,native,True,26.570421656525014,0.0,0.0,17.200000000000045,-101.56212000000002
14778000.0,900,iso13790,native,True,26.3605777981711,0.0,0.0,17.200000000000045,-101.56212000000002
14781600.0,900,iso13790,native,True,26.103507766485336,0.0,0.0,16.700000000000045,-101.56212000000002
14785200.0,900,iso13790,native,True,25.892823350227268,0.0,0.0,16.700000000000045,-101.56212000000002
14788800.0,900,iso13790,native,True,25.571865367091327,0.0,0.0,15.600000000000023,-101.56212000000002
14792400.0,900,iso13790,native,True,25.405924351531162,0.0,0.0,16.100000000000023,-83.05733351013296
14796000.0,900,iso13790,native,True,25.442982079912042,0.0,0.0,17.200000000000045,267.85047192794633
14799600.0,900,iso13790,native,True,25.518575893826615,0.0,0.0,18.30000000000001,439.0890661160252
14803200.0,900,iso13790,native,True,25.832342954623172,0.0,0.0,20.600000000000023,747.16449888306
14806800.0,900,iso13790,native,True,26.083296012612376,0.0,0.0,22.200000000000045,758.3561157278425
14810400.0,900,iso13790,native,True,26.505424837060254,0.0,0.0,24.400000000000034,969.0121277522165
14814000.0,900,iso13790,native,True,26.993822983334102,0.0,0.0,26.100000000000023,1258.2078254893918
14817600.0,900,iso13790,native,True,27.0,0.0,102.45482993070723,27.200000000000045,1133.7482129022437
14821200.0,900,iso13790,native,True,26.999999999999996,0.0,298.6800519883422,26.700000000000045,2472.396237971255
14824800.0,900,iso13790,native,True,26.999999999999996,0.0,350.7486184647149,26.700000000000045,1616.0811497074624
14828400.0,900,iso13790,native,True,27.0,0.0,419.67372308755955,26.100000000000023,1661.9130648024197
14832000.0,900,iso13790,native,True,26.99999999999999,0.0,398.74204502151497,23.900000000000034,1354.8414619482528
14835600.0,900,iso13790,native,True,26.999999999999996,0.0,440.7877070489413,24.400000000000034,1205.4324860213972
14839200.0,900,iso13790,native,True,26.999999999999996,0.0,391.38342073260105,23.900000000000034,529.540794
14842800.0,900,iso13790,native,True,27.0,0.0,208.1994268503145,19.400000000000034,103.411476
14846400.0,900,iso13790,native,True,27.0,0.0,106.06299558191176,18.30000000000001,-85.37999400000001
14850000.0,900,iso13790,native,True,27.000000000000004,0.0,27.90465251759842,17.80000000000001,-101.56212000000002
14853600.0,900,iso13790,native,True,26.885753118832692,0.0,0.0,17.80000000000001,-101.56212000000002
14857200.0,900,iso13790,native,True,26.620072562058724,0.0,0.0,17.200000000000045,-101.56212000000002
14860800.0,900,iso13790,native,True,26.408967314525352,0.0,0.0,17.200000000000045,-101.56212000000002
14864400.0,900,iso13790,native,True,26.266293977552085,0.0,0.0,17.80000000000001,-101.56212000000002
14868000.0,900,iso13790,native,True,26.079419627182908,0.0,0.0,17.80000000000001,-101.56212000000002
14871600.0,900,iso13790,native,True,25.897292849510354,0.0,0.0,17.80000000000001,-101.56212000000002
14875200.0,900,iso13790,native,True,25.656724283638592,0.0,0.0,17.200000000000045,-101.56212000000002
14878800.0,900,iso13790,native,True,25.480343300403796,0.0,0.0,17.200000000000045,-72.93279124986121
14882400.0,900,iso13790,native,True,25.472815006419562,0.0,0.0,17.80000000000001,221.35312672296482
14886000.0,900,iso13790,native,True,25.86547468784079,0.0,0.0,21.700000000000045,443.73691547138975
14889600.0,900,iso13790,native,True,26.308966716442566,0.0,0.0,25.0,601.103074206032
14893200.0,900,iso13790,native,True,26.79093872210933,0.0,0.0,25.600000000000023,1360.9269865961812
14896800.0,900,iso13790,native,True,26.808967060539498,0.0,0.0,23.30000000000001,1209.190086
14900400.0,900,iso13790,native,True,26.624895312352773,0.0,0.0,18.900000000000034,1365.6173039999999
14904000.0,900,iso13790,native,True,27.0,0.0,10.174852178917018,21.100000000000023,1451.921976
14907600.0,900,iso13790,native,True,27.00000000000001,0.0,36.23269628222424,21.100000000000023,1120.7130201646376
14911200.0,900,iso13790,native,True,27.0,0.0,154.74282233637183,23.30000000000001,1282.6623877538786
14914800.0,900,iso13790,native,True,27.000000000000004,0.0,255.57089724895783,25.600000000000023,1080.2370023593296
14918400.0,900,iso13790,native,True,26.99999999999999,0.0,280.930421540393,23.900000000000034,1341.9955371404349
14922000.0,900,iso13790,native,True,27.0,0.0,350.4953304012045,23.900000000000034,1526.5274340802725
14925600.0,900,iso13790,native,True,27.0,0.0,212.1174679971031,20.0,734.6993771837847
14929200.0,900,iso13790,native,True,27.000000000000004,0.0,169.41733638129097,20.0,392.6945973001151
14932800.0,900,iso13790,native,True,27.0,0.0,27.02513642785295,17.200000000000045,54.99036934117649
14936400.0,900,iso13790,native,True,26.845426008329014,0.0,0.0,17.200000000000045,-101.56212000000002
14940000.0,900,iso13790,native,True,26.57603833048153,0.0,0.0,16.700000000000045,-101.56212000000002
14943600.0,900,iso13790,native,True,26.468975237926923,0.0,0.0,17.80000000000001,-101.56212000000002
14947200.0,900,iso13790,native,True,26.213882989735886,0.0,0.0,17.200000000000045,-101.56212000000002
14950800.0,900,iso13790,native,True,25.89747101501743,0.0,0.0,16.100000000000023,-101.56212000000002
14954400.0,900,iso13790,native,True,25.49808311340087,0.0,0.0,14.400000000000034,-101.56212000000002
14958000.0,900,iso13790,native,True,25.191790449952286,0.0,0.0,13.900000000000034,-101.56212000000002
14961600.0,900,iso13790,native,True,24.81750787264883,0.0,0.0,12.800000000000011,-101.56212000000002
14965200.0,900,iso13790,native,True,24.487178740972578,0.0,0.0,12.200000000000045,-74.09783714299823
14968800.0,900,iso13790,native,True,24.674478067034208,0.0,0.0,15.600000000000023,227.31856599530857
14972400.0,900,iso13790,native,True,24.838502202959532,0.0,0.0,17.80000000000001,406.0725999183363
14976000.0,900,iso13790,native,True,24.956245284232686,0.0,0.0,18.900000000000034,526.1101957526485
14979600.0,900,iso13790,native,True,25.196697384775927,0.0,0.0,20.600000000000023,670.548050918897
14983200.0,900,iso13790,native,True,25.54297265747669,0.0,0.0,22.80000000000001,772.9819691552885
14986800.0,900,iso13790,native,True,25.94431060694014,0.0,0.0,25.0,835.8226151265349
14990400.0,900,iso13790,native,True,26.337719043990663,0.0,0.0,26.700000000000045,857.738455034309
14994000.0,900,iso13790,native,True,26.74434233999989,0.0,0.0,28.30000000000001,839.9774460610229
14997600.0,900,iso13790,native,True,27.0,0.0,160.8274356334215,28.900000000000034,2217.6306959744834
15001200.0,900,iso13790,native,True,26.999999999999996,0.0,315.17675109384373,32.200000000000045,1296.1766463356548
15004800.0,900,iso13790,native,True,26.999999999999996,0.0,361.60363483025094,31.100000000000023,1039.8628312716191
15008400.0,900,iso13790,native,True,27.000000000000014,0.0,462.60968822235174,28.900000000000034,1918.44759174395
15012000.0,900,iso13790,native,True,27.0,0.0,435.9933573511364,27.200000000000045,1088.7801489227695
15015600.0,900,iso13790,native,True,27.000000000000004,0.0,460.8804908513702,26.100000000000023,1194.8783747788796
15019200.0,900,iso13790,native,True,26.999999999999996,0.0,313.7736443287829,23.900000000000034,-50.58407453247544
15022800.0,900,iso13790,native,True,26.999999999999996,0.0,254.60139784745564,23.30000000000001,-101.56212000000002
15026400.0,900,iso13790,native,True,27.000000000000004,0.0,118.11989417866032,20.0,-101.56212000000002
15030000.0,900,iso13790,native,True,27.0,0.0,1.5348488200960457,17.80000000000001,-101.56212000000002
15033600.0,900,iso13790,native,True,26.79950574130915,0.0,0.0,17.80000000000001,-101.56212000000002
15037200.0,900,iso13790,native,True,26.48345902288162,0.0,0.0,16.700000000000045,-101.56212000000002
15040800.0,900,iso13790,native,True,26.147495846215353,0.0,0.0,15.600000000000023,-101.56212000000002
15044400.0,900,iso13790,native,True,25.729053444056866,0.0,0.0,13.900000000000034,-101.56212000000002
15048000.0,900,iso13790,native,True,25.456747652738553,0.0,0.0,13.900000000000034,-101.56212000000002
15051600.0,900,iso13790,native,True,25.258502295964746,0.0,0.0,14.400000000000034,-60.825182235871864
15055200.0,900,iso13790,native,True,25.362367328388682,0.0,0.0,16.700000000000045,221.1145398662151
15058800.0,900,iso13790,native,True,25.57532783178541,0.0,0.0,19.400000000000034,364.2588145652594
15062400.0,900,iso13790,native,True,25.933694756882044,0.0,0.0,22.80000000000001,445.1116214182133
15066000.0,900,iso13790,native,True,26.456210979063325,0.0,0.0,26.700000000000045,572.9992973694572
15069600.0,900,iso13790,native,True,26.95309642543154,0.0,0.0,29.400000000000034,664.7294108785808
15073200.0,900,iso13790,native,True,26.999999999999996,0.0,114.23745583719725,31.100000000000023,716.1916699272076
15076800.0,900,iso13790,native,True,27.0,0.0,211.35637846525674,31.700000000000045,732.291590600546
15080400.0,900,iso13790,native,True,27.0,0.0,300.24002960125614,32.200000000000045,721.1034199804725
15084000.0,900,iso13790,native,True,26.99999999999999,0.0,389.2520323693237,32.80000000000001,723.9869945214512
15087600.0,900,iso13790,native,True,26.999999999999996,0.0,513.9585483045731,33.30000000000001,1137.4342940849826
15091200.0,900,iso13790,native,True,26.999999999999996,0.0,550.8513386288109,33.30000000000001,639.7856956700048
15094800.0,900,iso13790,native,True,27.0,0.0,644.7786059531381,32.200000000000045,1361.485019626027
15098400.0,900,iso13790,native,True,26.999999999999986,0.0,663.8119059875736,31.100000000000023,1056.4856120698448
15102000.0,900,iso13790,native,True,27.00000000000001,0.0,697.3984897332347,30.0,1173.4278601329156
15105600.0,900,iso13790,native,True,27.00000000000001,0.0,536.8820233123766,26.700000000000045,42.546640520295036
15109200.0,900,iso13790,native,True,27.00000000000001,0.0,443.5716476587987,25.0,-101.56212000000002
15112800.0,900,iso13790,native,True,26.999999999999996,0.0,383.8703391882832,24.400000000000034,-101.56212000000002
15116400.0,900,iso13790,native,True,26.999999999999996,0.0,295.11764771195124,22.80000000000001,-101.56212000000002
15120000.0,900,iso13790,native,True,27.0,0.0,166.59041756296426,20.0,-101.56212000000002
15123600.0,900,iso13790,native,True,27.000000000000004,0.0,111.14185025042555,20.0,-101.56212000000002
15127200.0,900,iso13790,native,True,26.999999999999996,0.0,60.144967822694824,20.0,-101.56212000000002
15130800.0,900,iso13790,native,True,26.93146641613197,0.0,0.0,18.900000000000034,-101.56212000000002
15134400.0,900,iso13790,native,True,26.692570181306202,0.0,0.0,18.30000000000001,-101.56212000000002
15138000.0,900,iso13790,native,True,26.402756463081946,0.0,0.0,17.200000000000045,-71.35903203968041
15141600.0,900,iso13790,native,True,26.72611693268761,0.0,0.0,21.100000000000023,242.7699866219956
15145200.0,900,iso13790,native,True,27.0,0.0,48.88479762281434,25.0,460.7986381752905
15148800.0,900,iso13790,native,True,27.000000000000014,0.0,214.12231937139734,28.900000000000034,719.581859068298
15152400.0,900,iso13790,native,True,26.999999999999986,0.0,357.2899243359561,30.600000000000023,1103.8281602817106
15156000.0,900,iso13790,native,True,26.999999999999996,0.0,445.5909354054548,31.700000000000045,880.791861571284
15159600.0,900,iso13790,native,True,26.999999999999996,0.0,535.4136095939781,32.80000000000001,799.900149764582
15163200.0,900,iso13790,native,True,26.99999999999999,0.0,624.1308817854756,33.30000000000001,926.5993820295681
15166800.0,900,iso13790,native,True,27.000000000000004,0.0,663.7540039109252,32.80000000000001,818.0222191598377
15170400.0,900,iso13790,native,True,27.0,0.0,754.1308146684121,33.900000000000034,876.4528951090729
15174000.0,900,iso13790,native,True,27.00000000000001,0.0,835.8149583583692,34.400000000000034,983.4323442950533
15177600.0,900,iso13790,native,True,26.999999999999996,0.0,889.4486780535352,35.0,747.504537006181
15181200.0,900,iso13790,native,True,27.00000000000001,0.0,958.0408586019105,33.30000000000001,1478.0558939420316
15184800.0,900,iso13790,native,True,26.99999999999999,0.0,1031.4831663183709,32.200000000000045,1814.8470692322444
15188400.0,900,iso13790,native,True,26.99999999999998,0.0,1001.698852241507,30.0,1382.5428510823078
15192000.0,900,iso13790,native,True,26.999999999999986,0.0,827.20198801297,27.200000000000045,82.40241953193315
15195600.0,900,iso13790,native,True,27.000000000000004,0.0,680.0514804235213,24.400000000000034,-101.56212000000002
15199200.0,900,iso13790,native,True,27.0,0.0,549.7850135754232,22.200000000000045,-101.56212000000002
15202800.0,900,iso13790,native,True,27.0,0.0,479.28830223942435,22.200000000000045,-101.56212000000002
15206400.0,900,iso13790,native,True,27.00000000000001,0.0,299.17462818373724,18.30000000000001,-101.56212000000002
15210000.0,900,iso13790,native,True,27.000000000000004,0.0,220.93689154061698,18.30000000000001,-101.56212000000002
15213600.0,900,iso13790,native,True,27.000000000000004,0.0,116.46650132119211,17.200000000000045,-101.56212000000002
15217200.0,900,iso13790,native,True,26.999999999999996,0.0,30.260094871506173,16.700000000000045,-101.56212000000002
15220800.0,900,iso13790,native,True,26.686816572106267,0.0,0.0,15.0,-101.56212000000002
15224400.0,900,iso13790,native,True,26.31126170500287,0.0,0.0,13.900000000000034,-77.08557942067326
15228000.0,900,iso13790,native,True,26.66809937394493,0.0,0.0,18.900000000000034,238.724055765441
15231600.0,900,iso13790,native,True,26.89896304238818,0.0,0.0,21.100000000000023,504.57933596787115
15235200.0,900,iso13790,native,True,26.999999999999996,0.0,78.35752519549489,24.400000000000034,562.9204315265183
15238800.0,900,iso13790,native,True,27.00000000000001,0.0,167.71982491821737,26.100000000000023,718.3780104575135
15242400.0,900,iso13790,native,True,27.00000000000001,0.0,314.61758890065397,29.400000000000034,832.3370585021244
15246000.0,900,iso13790,native,True,27.000000000000004,0.0,525.37678414383,34.400000000000034,895.6775467983987
15249600.0,900,iso13790,native,True,26.999999999999996,0.0,657.664159208069,36.10000000000002,923.4677091351525
15253200.0,900,iso13790,native,True,26.999999999999996,0.0,773.2053403200445,37.200000000000045,929.1615156673829
15256800.0,900,iso13790,native,True,26.99999999999999,0.0,887.7275057590695,38.30000000000001,935.379467782326
15260400.0,900,iso13790,native,True,26.999999999999975,0.0,982.0133928612903,38.900000000000034,896.909788484153
15264000.0,900,iso13790,native,True,27.000000000000018,0.0,1081.2588822937914,40.0,816.7478539946145
15267600.0,900,iso13790,native,True,27.000000000000014,0.0,1201.4269982582155,39.400000000000034,1492.9936030273507
15271200.0,900,iso13790,native,True,26.99999999999997,0.0,1292.8229128310834,38.30000000000001,1760.3352359768087
15274800.0,900,iso13790,native,True,27.00000000000001,0.0,1273.7046610358984,36.10000000000002,1242.447797187412
15278400.0,900,iso13790,native,True,26.999999999999996,0.0,1087.982873563579,32.200000000000045,22.418522346426364
15282000.0,900,iso13790,native,True,27.000000000000018,0.0,943.2287743055606,28.900000000000034,-101.56212000000002
15285600.0,900,iso13790,native,True,26.999999999999986,0.0,806.2458574359372,26.100000000000023,-101.56212000000002
15289200.0,900,iso13790,native,True,26.999999999999996,0.0,728.2413924527166,25.600000000000023,-101.56212000000002
15292800.0,900,iso13790,native,True,27.0,0.0,649.9717391390794,25.0,-101.56212000000002
15296400.0,900,iso13790,native,True,27.000000000000014,0.0,526.4065709677094,22.80000000000001,-101.56212000000002
15300000.0,900,iso13790,native,True,26.99999999999999,0.0,379.3103235549236,20.0,-101.56212000000002
15303600.0,900,iso13790,native,True,27.0,0.0,289.04866111191774,19.400000000000034,-101.56212000000002
15307200.0,900,iso13790,native,True,27.00000000000001,0.0,172.18915183990697,17.80000000000001,-101.56212000000002
15310800.0,900,iso13790,native,True,27.0,0.0,37.30933895711587,15.600000000000023,-84.05304352373655
15314400.0,900,iso13790,native,True,26.999999999999996,0.0,126.86072218583212,20.0,262.92822453267786
15318000.0,900,iso13790,native,True,27.000000000000004,0.0,206.17143844261588,22.80000000000001,527.6265372545242
15321600.0,900,iso13790,native,True,26.99999999999999,0.0,287.8274480770587,25.0,696.5123614791233
15325200.0,900,iso13790,native,True,27.0,0.0,343.91607400969076,25.600000000000023,888.2258635138685
15328800.0,900,iso13790,native,True,27.000000000000004,0.0,420.50881461226754,26.700000000000045,1023.1998379361335
15332400.0,900,iso13790,native,True,26.999999999999996,0.0,539.7171785577642,28.900000000000034,1160.0367338449876
15336000.0,900,iso13790,native,True,26.99999999999999,0.0,646.0604330737659,30.600000000000023,1172.2166943548016
15339600.0,900,iso13790,native,True,26.99999999999999,0.0,767.7988222476201,32.80000000000001,1147.335677738875
15343200.0,900,iso13790,native,True,26.999999999999986,0.0,880.7625419505545,33.900000000000034,1314.2426078484127
15346800.0,900,iso13790,native,True,27.0,0.0,946.1765253468535,33.900000000000034,1243.0551425392096
15350400.0,900,iso13790,native,True,26.99999999999998,0.0,997.8211838982273,33.900000000000034,1130.249169367688
15354000.0,900,iso13790,native,True,26.999999999999996,0.0,1115.6303429392717,34.400000000000034,1637.1292007637383
15357600.0,900,iso13790,native,True,26.99999999999999,0.0,1149.370774028407,33.900000000000034,1354.9904593137067
15361200.0,900,iso13790,native,True,26.999999999999975,0.0,1058.7348089663467,31.700000000000045,569.3132957242376
15364800.0,900,iso13790,native,True,26.999999999999986,0.0,908.5008731331928,28.900000000000034,-73.95062543633021
15368400.0,900,iso13790,native,True,27.0,0.0,790.9395822936644,26.700000000000045,-101.56212000000002
15372000.0,900,iso13790,native,True,26.99999999999999,0.0,665.2456582527581,24.400000000000034,-101.56212000000002
15375600.0,900,iso13790,native,True,27.00000000000001,0.0,553.9027662438206,22.80000000000001,-101.56212000000002
15379200.0,900,iso13790,native,True,27.0,0.0,386.8640981519517,19.400000000000034,-101.56212000000002
15382800.0,900,iso13790,native,True,27.0,0.0,327.1794135071379,20.0,-101.56212000000002
15386400.0,900,iso13790,native,True,26.999999999999996,0.0,241.1030780353911,19.400000000000034,-101.56212000000002
15390000.0,900,iso13790,native,True,27.0,0.0,128.0928770109984,17.80000000000001,-101.56212000000002
15393600.0,900,iso13790,native,True,27.000000000000004,0.0,9.769615553328245,16.100000000000023,-101.56212000000002
15397200.0,900,iso13790,native,True,26.563610978902638,0.0,0.0,13.900000000000034,-69.12729953567967
15400800.0,900,iso13790,native,True,26.727671428174528,0.0,0.0,17.200000000000045,220.45044826295205
15404400.0,900,iso13790,native,True,26.937488768224203,0.0,0.0,20.0,387.25770503050325
15408000.0,900,iso13790,native,True,27.0,0.0,34.0846400790748,21.700000000000045,519.6187882820484
15411600.0,900,iso13790,native,True,26.999999999999996,0.0,97.18242992942221,23.30000000000001,625.9867759661563
15415200.0,900,iso13790,native,True,27.00000000000001,0.0,200.80103514304835,25.0,978.0319433137289
15418800.0,900,iso13790,native,True,26.999999999999996,0.0,353.0272448653154,27.200000000000045,1415.5186162650937
15422400.0,900,iso13790,native,True,27.00000000000001,0.0,467.5067251875493,30.0,1003.0588384622549
15426000.0,900,iso13790,native,True,27.000000000000004,0.0,590.6285836005998,31.700000000000045,1141.0404127735467
15429600.0,900,iso13790,native,True,27.000000000000004,0.0,679.2537482596555,33.30000000000001,859.9801875663592
15433200.0,900,iso13790,native,True,27.00000000000001,0.0,822.4233038296917,34.400000000000034,1394.3266279140278
15436800.0,900,iso13790,native,True,26.99999999999999,0.0,818.3905466531983,33.30000000000001,825.9456329212377
15440400.0,900,iso13790,native,True,26.99999999999999,0.0,873.141506870074,31.700000000000045,1406.259642130328
15444000.0,900,iso13790,native,True,27.000000000000018,0.0,846.8404934540815,30.600000000000023,841.5220631945872
15447600.0,900,iso13790,native,True,26.999999999999986,0.0,827.4930391108628,30.0,597.1253378351071
15451200.0,900,iso13790,native,True,26.99999999999999,0.0,673.7507461446254,26.700000000000045,-14.75703781506553
15454800.0,900,iso13790,native,True,27.000000000000004,0.0,571.7376531412899,25.0,-101.56212000000002
15458400.0,900,iso13790,native,True,27.0,0.0,454.45350384909034,22.80000000000001,-101.56212000000002
15462000.0,900,iso13790,native,True,27.0,0.0,330.8688943918351,20.600000000000023,-101.56212000000002
15465600.0,900,iso13790,native,True,27.000000000000004,0.0,266.5175879287725,20.600000000000023,-101.56212000000002
15469200.0,900,iso13790,native,True,26.99999999999999,0.0,207.3327222266461,20.600000000000023,-101.56212000000002
15472800.0,900,iso13790,native,True,27.00000000000001,0.0,152.89950990033716,20.600000000000023,-101.56212000000002
15476400.0,900,iso13790,native,True,27.0,0.0,34.85271860058894,18.30000000000001,-101.56212000000002
15480000.0,900,iso13790,native,True,26.8055546108378,0.0,0.0,17.200000000000045,-101.56212000000002
15483600.0,900,iso13790,native,True,26.600517697239166,0.0,0.0,17.200000000000045,-71.4516783493236
15487200.0,900,iso13790,native,True,26.88683291183627,0.0,0.0,20.600000000000023,300.09163706174905
15490800.0,900,iso13790,native,True,27.0,0.0,61.80597145006662,23.30000000000001,562.153987811731
15494400.0,900,iso13790,native,True,26.99999999999999,0.0,201.01541721898965,26.700000000000045,778.9388266749721
15498000.0,900,iso13790,native,True,27.000000000000004,0.0,292.4416564919142,28.900000000000034,612.2798322683683
15501600.0,900,iso13790,native,True,27.0,0.0,379.9361280176773,30.600000000000023,570.7914547097315
15505200.0,900,iso13790,native,True,27.000000000000004,0.0,622.4032888245866,32.80000000000001,1895.9829668165444
15508800.0,900,iso13790,native,True,27.000000000000018,0.0,716.5323592692445,32.80000000000001,1630.7838269675299
15512400.0,900,iso13790,native,True,27.00000000000001,0.0,817.932152768881,33.900000000000034,1350.0432023017083
15516000.0,900,iso13790,native,True,27.0,0.0,851.7546612635794,33.900000000000034,893.3508608964269
15519600.0,900,iso13790,native,True,27.00000000000001,0.0,1020.6134157557834,33.900000000000034,2080.6404029723426
15523200.0,900,iso13790,native,True,26.999999999999975,0.0,983.817332074784,31.700000000000045,1288.909304767506
15526800.0,900,iso13790,native,True,27.000000000000004,0.0,844.0079923479781,27.200000000000045,754.0558060333744
15530400.0,900,iso13790,native,True,26.999999999999986,0.0,870.3529314069395,26.700000000000045,1225.9531281686868
15534000.0,900,iso13790,native,True,26.999999999999996,0.0,732.1269394023274,25.0,187.09722861117135
15537600.0,900,iso13790,native,True,27.00000000000001,0.0,631.7868474368001,23.900000000000034,-13.944403927798845
15541200.0,900,iso13790,native,True,26.999999999999996,0.0,530.842339268349,22.80000000000001,-101.56212000000002
15544800.0,900,iso13790,native,True,26.999999999999996,0.0,466.15278785803457,22.80000000000001,-101.56212000000002
15548400.0,900,iso13790,native,True,26.999999999999996,0.0,421.43590843263473,23.30000000000001,-101.56212000000002
15552000.0,900,iso13790,native,True,27.000000000000025,0.0,289.29499643515226,20.600000000000023,-101.56212000000002
15555600.0,900,iso13790,native,True,26.999999999999986,0.0,178.0325920180488,18.900000000000034,-101.56212000000002
15559200.0,900,iso13790,native,True,26.999999999999996,0.0,113.80708490787454,18.900000000000034,-101.56212000000002
15562800.0,900,iso13790,native,True,27.0,0.0,22.223953217860313,17.80000000000001,-101.56212000000002
15566400.0,900,iso13790,native,True,26.867173328754525,0.0,0.0,17.80000000000001,-101.56212000000002
15570000.0,900,iso13790,native,True,26.7914390287485,0.0,0.0,18.900000000000034,-71.45471411296407
15573600.0,900,iso13790,native,True,26.959610746796262,0.0,0.0,21.100000000000023,215.33742054753523
15577200.0,900,iso13790,native,True,27.0,0.0,89.0556815804303,24.400000000000034,389.49528728436405
15580800.0,900,iso13790,native,True,26.999999999999996,0.0,211.8904515013273,27.80000000000001,491.56512521625314
15584400.0,900,iso13790,native,True,27.000000000000004,0.0,341.2314381529482,30.600000000000023,629.4794691124132
15588000.0,900,iso13790,native,True,26.999999999999986,0.0,466.9755938977812,32.80000000000001,729.0088157826204
15591600.0,900,iso13790,native,True,27.0,0.0,544.8960618052142,33.30000000000001,736.6969740815275
15595200.0,900,iso13790,native,True,27.0,0.0,668.4247934933138,35.0,867.1023303478075
15598800.0,900,iso13790,native,True,27.000000000000004,0.0,731.6662568432059,34.400000000000034,973.0934451707503
15602400.0,900,iso13790,native,True,27.000000000000014,0.0,837.776016197932,35.60000000000002,1005.4257940851433
15606000.0,900,iso13790,native,True,26.999999999999996,0.0,934.5776223403606,36.10000000000002,1130.760900014468
15609600.0,900,iso13790,native,True,27.0,0.0,1020.6227421635249,36.700000000000045,1085.9344280715181
15613200.0,900,iso13790,native,True,27.000000000000004,0.0,1083.031076451974,35.0,1534.6954213650765
15616800.0,900,iso13790,native,True,27.000000000000018,0.0,1073.8514503680706,32.80000000000001,1318.629738411776
15620400.0,900,iso13790,native,True,27.0,0.0,982.9040205401255,31.100000000000023,422.8504256107661
15624000.0,900,iso13790,native,True,27.0,0.0,847.5981749159282,28.30000000000001,-1.6003686909613961
15627600.0,900,iso13790,native,True,27.000000000000018,0.0,792.782065122204,28.30000000000001,-101.56212000000002
15631200.0,900,iso13790,native,True,27.000000000000004,0.0,693.1495552688751,26.5,-101.56212000000002
15634800.0,900,iso13790,native,True,27.00000000000001,0.0,588.656990082417,24.700000000000045,-101.56212000000002
15638400.0,900,iso13790,native,True,27.0,0.0,479.69455881234154,22.900000000000034,-101.56212000000002
15642000.0,900,iso13790,native,True,26.999999999999996,0.0,363.66530933801334,21.0,-101.56212000000002
15645600.0,900,iso13790,native,True,27.000000000000004,0.0,246.33383942244876,19.200000000000045,-101.56212000000002
15649200.0,900,iso13790,native,True,27.0,0.0,125.56327411564078,17.400000000000034,-101.56212000000002
15652800.0,900,iso13790,native,True,26.999999999999996,0.0,1.6297209838003415,15.600000000000023,-101.56212000000002
15656400.0,900,iso13790,native,True,26.57051652222169,0.0,0.0,13.900000000000034,-86.79638768081418
15660000.0,900,iso13790,native,True,26.621331629630088,0.0,0.0,16.100000000000023,220.58933168594172
15663600.0,900,iso13790,native,True,26.762154075518637,0.0,0.0,18.30000000000001,441.2684947949689
15667200.0,900,iso13790,native,True,27.000000000000004,0.0,10.673622250397754,21.100000000000023,583.4408903203064
15670800.0,900,iso13790,native,True,27.0,0.0,51.608154267149814,21.700000000000045,748.6292485705989
15674400.0,900,iso13790,native,True,27.0,0.0,128.00155020352017,23.30000000000001,862.7544191024843
15678000.0,900,iso13790,native,True,26.999999999999996,0.0,197.8527005877257,24.400000000000034,937.1706965225503
15681600.0,900,iso13790,native,True,26.99999999999999,0.0,287.582019941953,26.100000000000023,965.5913219547973
15685200.0,900,iso13790,native,True,26.999999999999996,0.0,363.76385463062337,27.200000000000045,969.3690009203242
15688800.0,900,iso13790,native,True,27.000000000000014,0.0,474.05695521237016,29.400000000000034,969.4279631747524
15692400.0,900,iso13790,native,True,27.000000000000004,0.0,522.2932681411116,29.400000000000034,930.8076617623751
15696000.0,900,iso13790,native,True,27.0,0.0,584.6529415950301,29.400000000000034,1094.2532924235566
15699600.0,900,iso13790,native,True,27.00000000000001,0.0,694.7721426392112,30.0,1506.9607949385377
15703200.0,900,iso13790,native,True,27.00000000000001,0.0,649.6242046308466,28.30000000000001,848.7639413698595
15706800.0,900,iso13790,native,True,27.00000000000001,0.0,568.6226446844244,26.100000000000023,463.2867665674522
15710400.0,900,iso13790,native,True,27.0,0.0,474.0595322238314,25.0,-55.57552301978618
15714000.0,900,iso13790,native,True,27.000000000000004,0.0,345.04822062261445,22.200000000000045,-101.56212000000002
15717600.0,900,iso13790,native,True,27.0,0.0,208.22596897619852,19.400000000000034,-101.56212000000002
15721200.0,900,iso13790,native,True,27.0,0.0,162.88323576574007,20.0,-101.56212000000002
15724800.0,900,iso13790,native,True,27.000000000000004,0.0,125.4671896188946,20.600000000000023,-101.56212000000002
15728400.0,900,iso13790,native,True,26.91859452769378,0.0,0.0,17.200000000000045,-101.56212000000002
15732000.0,900,iso13790,native,True,26.58427924388025,0.0,0.0,16.100000000000023,-101.56212000000002
15735600.0,900,iso13790,native,True,26.16744286959357,0.0,0.0,14.400000000000034,-101.56212000000002
15739200.0,900,iso13790,native,True,25.84414501470787,0.0,0.0,13.900000000000034,-101.56212000000002
15742800.0,900,iso13790,native,True,25.63102997116817,0.0,0.0,14.400000000000034,-74.86800356385076
15746400.0,900,iso13790,native,True,25.77586015047114,0.0,0.0,17.200000000000045,209.60713981996844
15750000.0,900,iso13790,native,True,25.889878161059656,0.0,0.0,18.900000000000034,370.8001171518416
15753600.0,900,iso13790,native,True,26.088249676482356,0.0,0.0,20.600000000000023,557.7298630940112
15757200.0,900,iso13790,native,True,26.451408142693104,0.0,0.0,21.700000000000045,1161.649086368021
15760800.0,900,iso13790,native,True,26.630221897373925,0.0,0.0,22.200000000000045,1009.9090134030338
15764400.0,900,iso13790,native,True,26.892021047928473,0.0,0.0,23.900000000000034,806.4735625599319
15768000.0,900,iso13790,native,True,27.0,0.0,37.52349700254297,25.0,743.0544960740997
15771600.0,900,iso13790,native,True,27.000000000000004,0.0,181.00721016369928,26.700000000000045,1252.1758112574698
15775200.0,900,iso13790,native,True,26.99999999999999,0.0,232.90710285567656,27.200000000000045,890.32329593504
15778800.0,900,iso13790,native,True,26.999999999999996,0.0,334.96809357860735,28.900000000000034,898.7883151572356
15782400.0,900,iso13790,native,True,26.999999999999996,0.0,387.2325035952963,29.400000000000034,720.5993022706693
15786000.0,900,iso13790,native,True,26.99999999999999,0.0,457.9294178219459,27.80000000000001,1455.8190344959207
15789600.0,900,iso13790,native,True,27.0,0.0,555.8993040792111,27.80000000000001,1718.170389529415
15793200.0,900,iso13790,native,True,27.0,0.0,524.3137144715033,26.100000000000023,1112.5186793395642
15796800.0,900,iso13790,native,True,26.999999999999996,0.0,398.6258589092836,24.400000000000034,33.320605370619866
15800400.0,900,iso13790,native,True,26.999999999999996,0.0,188.03141301067967,18.900000000000034,-101.56212000000002
15804000.0,900,iso13790,native,True,27.000000000000004,0.0,72.7542953139018,17.200000000000045,-101.56212000000002
15807600.0,900,iso13790,native,True,27.000000000000004,0.0,4.836395937751873,17.200000000000045,-101.56212000000002
15811200.0,900,iso13790,native,True,26.67943493511,0.0,0.0,16.100000000000023,-101.56212000000002
15814800.0,900,iso13790,native,True,26.438875901452885,0.0,0.0,16.100000000000023,-101.56212000000002
15818400.0,900,iso13790,native,True,26.204428308439496,0.0,0.0,16.100000000000023,-101.56212000000002
15822000.0,900,iso13790,native,True,25.923379603900084,0.0,0.0,15.600000000000023,-101.56212000000002
15825600.0,900,iso13790,native,True,25.68932569679927,0.0,0.0,15.600000000000023,-101.56212000000002
15829200.0,900,iso13790,native,True,25.34558485884792,0.0,0.0,14.400000000000034,-72.22296622731434
15832800.0,900,iso13790,native,True,25.379174539188355,0.0,0.0,16.100000000000023,202.6495882137319
15836400.0,900,iso13790,native,True,25.465997440892025,0.0,0.0,17.80000000000001,341.99204930591816
15840000.0,900,iso13790,native,True,25.59259804989757,0.0,0.0,19.400000000000034,423.19193540266815
15843600.0,900,iso13790,native,True,25.914401307917316,0.0,0.0,22.200000000000045,543.7160661404253
15847200.0,900,iso13790,native,True,26.08174909632811,0.0,0.0,22.80000000000001,630.1167234071709
15850800.0,900,iso13790,native,True,26.359849807231953,0.0,0.0,24.400000000000034,649.3968123291768
15854400.0,900,iso13790,native,True,26.63603939454108,0.0,0.0,25.600000000000023,675.3345774136294
15858000.0,900,iso13790,native,True,26.858984925000424,0.0,0.0,26.100000000000023,676.8594089144485
15861600.0,900,iso13790,native,True,27.000000000000004,0.0,85.92198781465305,27.200000000000045,1106.2440702810463
15865200.0,900,iso13790,native,True,26.999999999999996,0.0,163.8791353481859,27.80000000000001,950.6589838883488
15868800.0,900,iso13790,native,True,26.999999999999996,0.0,306.56351745375775,28.900000000000034,1404.7221800726475
15872400.0,900,iso13790,native,True,26.99999999999999,0.0,331.11419082145284,26.700000000000045,1415.8204973161035
15876000.0,900,iso13790,native,True,26.999999999999996,0.0,308.0689026637909,25.600000000000023,800.2028577353858
15879600.0,900,iso13790,native,True,27.000000000000004,0.0,284.57191898719253,25.0,464.69033344580043
15883200.0,900,iso13790,native,True,26.99999999999999,0.0,164.5741731333174,22.200000000000045,42.99072702398321
15886800.0,900,iso13790,native,True,27.0,0.0,86.72407352097066,21.100000000000023,-101.56212000000002
15890400.0,900,iso13790,native,True,26.93071799247882,0.0,0.0,18.900000000000034,-101.56212000000002
15894000.0,900,iso13790,native,True,26.754909519529154,0.0,0.0,18.900000000000034,-101.56212000000002
15897600.0,900,iso13790,native,True,26.404872702741855,0.0,0.0,17.200000000000045,-101.56212000000002
15901200.0,900,iso13790,native,True,26.146677351935924,0.0,0.0,16.700000000000045,-101.56212000000002
15904800.0,900,iso13790,native,True,25.756201419317268,0.0,0.0,15.0,-101.56212000000002
15908400.0,900,iso13790,native,True,25.44808285686286,0.0,0.0,14.400000000000034,-101.56212000000002
15912000.0,900,iso13790,native,True,25.2586864960103,0.0,0.0,15.0,-101.56212000000002
15915600.0,900,iso13790,native,True,24.916409588199066,0.0,0.0,13.900000000000034,-85.47562258079411
15919200.0,900,iso13790,native,True,25.069832998978598,0.0,0.0,16.700000000000045,214.1766810069911
15922800.0,900,iso13790,native,True,25.314896914126496,0.0,0.0,19.400000000000034,430.4185521706793
15926400.0,900,iso13790,native,True,25.653162638708903,0.0,0.0,22.200000000000045,572.8545445375813
15930000.0,900,iso13790,native,True,26.090879959471827,0.0,0.0,25.0,732.3810589075326
15933600.0,900,iso13790,native,True,26.60895525026557,0.0,0.0,27.80000000000001,852.4064613626633
15937200.0,900,iso13790,native,True,27.000000000000004,0.0,36.50111826306506,30.0,921.943627541559
15940800.0,900,iso13790,native,True,27.0,0.0,168.07462490122114,31.100000000000023,1025.3027341007908
15944400.0,900,iso13790,native,True,27.000000000000004,0.0,283.8314292670611,32.200000000000045,936.0210922163837
15948000.0,900,iso13790,native,True,27.0,0.0,370.46574005138854,32.200000000000045,948.5892892586148
15951600.0,900,iso13790,native,True,26.999999999999986,0.0,460.32771725465636,32.80000000000001,878.5599387937942
15955200.0,900,iso13790,native,True,26.999999999999996,0.0,540.434345954379,32.80000000000001,959.1565915884871
15958800.0,900,iso13790,native,True,27.000000000000004,0.0,666.5023494520852,32.80000000000001,1511.4845018435647
15962400.0,900,iso13790,native,True,26.999999999999996,0.0,718.2811981094269,31.100000000000023,1592.0656923656654
15966000.0,900,iso13790,native,True,27.000000000000014,0.0,657.4414965691228,30.0,491.1629160501218
15969600.0,900,iso13790,native,True,27.00000000000001,0.0,504.7368190260213,26.100000000000023,-5.885198019853263
15973200.0,900,iso13790,native,True,27.0,0.0,411.65276272031264,24.400000000000034,-101.56212000000002
15976800.0,900,iso13790,native,True,26.999999999999996,0.0,335.4486362939363,23.30000000000001,-101.56212000000002
15980400.0,900,iso13790,native,True,27.0,0.0,257.5042480537477,22.200000000000045,-101.56212000000002
15984000.0,900,iso13790,native,True,26.999999999999996,0.0,163.18023956581044,20.600000000000023,-101.56212000000002
15987600.0,900,iso13790,native,True,27.000000000000004,0.0,44.30806050448469,18.30000000000001,-101.56212000000002
15991200.0,900,iso13790,native,True,27.000000000000004,0.0,19.04623643399733,19.400000000000034,-101.56212000000002
15994800.0,900,iso13790,native,True,26.897428266735783,0.0,0.0,19.400000000000034,-101.56212000000002
15998400.0,900,iso13790,native,True,26.682610814337856,0.0,0.0,18.900000000000034,-101.56212000000002
16002000.0,900,iso13790,native,True,26.457928844055093,0.0,0.0,18.30000000000001,-79.51933093928253
16005600.0,900,iso13790,native,True,26.681556384780723,0.0,0.0,21.100000000000023,209.7885014956783
16009200.0,900,iso13790,native,True,27.000000000000004,0.0,12.917206748638392,24.400000000000034,387.93081945586266
16012800.0,900,iso13790,native,True,27.0,0.0,124.72709538150202,27.200000000000045,496.87738503423066
16016400.0,900,iso13790,native,True,27.0,0.0,274.78912036781213,30.600000000000023,634.3115930070176
16020000.0,900,iso13790,native,True,27.0,0.0,421.35289747299515,33.30000000000001,737.9379825624344
16023600.0,900,iso13790,native,True,27.0,0.0,512.1386429090645,33.900000000000034,766.8013089843639
16027200.0,900,iso13790,native,True,26.999999999999996,0.0,690.978426926014,35.0,1535.8685435812802
16030800.0,900,iso13790,native,True,27.000000000000014,0.0,739.7032729237227,33.900000000000034,1258.6505782950348
16034400.0,900,iso13790,native,True,27.000000000000004,0.0,882.2073441336207,35.0,1551.299999956512
16038000.0,900,iso13790,native,True,27.000000000000014,0.0,946.5129316618173,36.10000000000002,926.1189428852762
16041600.0,900,iso13790,native,True,27.000000000000025,0.0,1001.9679153633825,33.900000000000034,1532.5828587931514
16045200.0,900,iso13790,native,True,26.999999999999996,0.0,1016.3081743321848,34.400000000000034,772.1263655067892
16048800.0,900,iso13790,native,True,26.99999999999998,0.0,1140.5004513654858,33.900000000000034,1831.4942882498892
16052400.0,900,iso13790,native,True,26.999999999999975,0.0,1112.9229371588667,32.200000000000045,1230.5698096414133
16056000.0,900,iso13790,native,True,26.999999999999996,0.0,870.108140304111,26.700000000000045,68.89455910381162
16059600.0,900,iso13790,native,True,27.00000000000001,0.0,731.2588465483437,24.400000000000034,-101.56212000000002
16063200.0,900,iso13790,native,True,27.0,0.0,679.6440207903366,25.0,-101.56212000000002
16066800.0,900,iso13790,native,True,26.999999999999996,0.0,568.4756905237266,23.30000000000001,-101.56212000000002
16070400.0,900,iso13790,native,True,27.000000000000004,0.0,406.794808184619,20.0,-101.56212000000002
16074000.0,900,iso13790,native,True,27.0,0.0,314.3265555496101,19.400000000000034,-101.56212000000002
16077600.0,900,iso13790,native,True,27.000000000000004,0.0,210.21668729494502,18.30000000000001,-101.56212000000002
16081200.0,900,iso13790,native,True,27.000000000000004,0.0,106.6069680272783,17.200000000000045,-101.56212000000002
16084800.0,900,iso13790,native,True,27.000000000000004,0.0,21.192133613860012,16.700000000000045,-101.56212000000002
16088400.0,900,iso13790,native,True,26.840781574913176,0.0,0.0,16.700000000000045,-87.79612820458125
16092000.0,900,iso13790,native,True,27.000000000000004,0.0,1.8157883517744429,19.400000000000034,214.70493493766577
16095600.0,900,iso13790,native,True,26.999999999999996,0.0,80.08110392807481,22.200000000000045,440.99597147553396
16099200.0,900,iso13790,native,True,27.00000000000001,0.0,213.91786538464535,25.600000000000023,770.1979583479259
16102800.0,900,iso13790,native,True,26.999999999999996,0.0,301.2797914738665,28.30000000000001,509.99526894331814
16106400.0,900,iso13790,native,True,27.000000000000004,0.0,579.5425454453928,30.0,2474.711883759766
16110000.0,900,iso13790,native,True,26.999999999999996,0.0,776.7577636629936,34.400000000000034,1756.6995094819258
16113600.0,900,iso13790,native,True,27.0,0.0,955.3112709239327,35.0,2247.555580713138
16117200.0,900,iso13790,native,True,26.99999999999998,0.0,987.1518762067283,32.200000000000045,2082.8068862917476
16120800.0,900,iso13790,native,True,26.999999999999975,0.0,1047.2664305460185,32.80000000000001,1524.2365169350994
16124400.0,900,iso13790,native,True,26.999999999999986,0.0,1210.9889973211896,33.900000000000034,2190.595447485598
16128000.0,900,iso13790,native,True,26.99999999999999,0.0,1164.324765149041,31.100000000000023,1562.423218659946
16131600.0,900,iso13790,native,True,27.000000000000004,0.0,1215.889539876698,31.700000000000045,1452.4766969912885
16135200.0,900,iso13790,native,True,26.99999999999998,0.0,1170.0647422364993,28.900000000000034,1438.3329029129522
16138800.0,900,iso13790,native,True,27.000000000000018,0.0,1053.23008421374,27.80000000000001,390.45479171038653
16142400.0,900,iso13790,native,True,27.0,0.0,949.0143997787922,27.200000000000045,-61.28485889768866
16146000.0,900,iso13790,native,True,26.99999999999999,0.0,797.8157153238437,24.400000000000034,-101.56212000000002
16149600.0,900,iso13790,native,True,27.000000000000004,0.0,708.3434098202615,23.900000000000034,-101.56212000000002
16153200.0,900,iso13790,native,True,26.999999999999996,0.0,619.5266108712765,23.30000000000001,-101.56212000000002
16156800.0,900,iso13790,native,True,27.000000000000004,0.0,486.26107401621505,21.100000000000023,-101.56212000000002
16160400.0,900,iso13790,native,True,26.999999999999986,0.0,380.4921072807045,20.0,-101.56212000000002
16164000.0,900,iso13790,native,True,27.0,0.0,290.1355654025001,19.400000000000034,-101.56212000000002
16167600.0,900,iso13790,native,True,27.0,0.0,187.96786933380488,18.30000000000001,-101.56212000000002
16171200.0,900,iso13790,native,True,27.0,0.0,168.90721646836246,20.0,-101.56212000000002
16174800.0,900,iso13790,native,True,27.0,0.0,113.84900698117396,20.0,-95.83735360356454
16178400.0,900,iso13790,native,True,27.0,0.0,97.71150762671492,20.600000000000023,72.9553885981562
16182000.0,900,iso13790,native,True,27.000000000000004,0.0,99.47375103660492,20.600000000000023,438.33208107046164
16185600.0,900,iso13790,native,True,27.00000000000001,0.0,199.6578306684505,21.700000000000045,1239.1354523947036
16189200.0,900,iso13790,native,True,26.999999999999996,0.0,263.24529415752164,23.900000000000034,871.803822950201
16192800.0,900,iso13790,native,True,26.99999999999999,0.0,351.9357492398735,24.400000000000034,1369.306436510859
16196400.0,900,iso13790,native,True,27.0,0.0,352.0927611644185,24.400000000000034,869.0913352710957
16200000.0,900,iso13790,native,True,27.0,0.0,421.2960944263446,24.400000000000034,1356.84015983975
16203600.0,900,iso13790,native,True,26.999999999999996,0.0,548.1602088725429,26.100000000000023,1678.8911593244268
16207200.0,900,iso13790,native,True,26.999999999999986,0.0,672.692360406401,27.200000000000045,1940.0170312985163
16210800.0,900,iso13790,native,True,27.000000000000014,0.0,642.6041089596154,25.0,1497.790943853738
16214400.0,900,iso13790,native,True,27.000000000000018,0.0,668.7130871209397,23.900000000000034,1689.9303077466966
16218000.0,900,iso13790,native,True,27.00000000000001,0.0,657.7496047406412,24.400000000000034,1026.961567973606
16221600.0,900,iso13790,native,True,27.00000000000001,0.0,693.7473545709119,23.900000000000034,1480.1075825333317
16225200.0,900,iso13790,native,True,27.0,0.0,583.9664265459814,22.80000000000001,452.0222807662993
16228800.0,900,iso13790,native,True,27.00000000000001,0.0,478.85667222422336,22.200000000000045,-65.19279068096135
16232400.0,900,iso13790,native,True,27.000000000000014,0.0,397.82463126885244,21.700000000000045,-101.56212000000002
16236000.0,900,iso13790,native,True,27.00000000000001,0.0,303.44212746986085,20.600000000000023,-101.56212000000002
16239600.0,900,iso13790,native,True,27.00000000000001,0.0,241.29277733611872,20.600000000000023,-101.56212000000002
16243200.0,900,iso13790,native,True,27.0,0.0,166.39819373359165,20.0,-101.56212000000002
16246800.0,900,iso13790,native,True,26.999999999999996,0.0,110.96505909961193,20.0,-101.56212000000002
16250400.0,900,iso13790,native,True,27.00000000000001,0.0,42.24748004023293,19.400000000000034,-101.56212000000002
16254000.0,900,iso13790,native,True,26.92075498550947,0.0,0.0,18.900000000000034,-101.56212000000002
16257600.0,900,iso13790,native,True,26.629573586243442,0.0,0.0,17.80000000000001,-101.56212000000002
16261200.0,900,iso13790,native,True,26.32422951141521,0.0,0.0,16.700000000000045,-83.72720488280027
16264800.0,900,iso13790,native,True,26.34142315868997,0.0,0.0,18.30000000000001,87.89560321981178
16268400.0,900,iso13790,native,True,26.28040892956081,0.0,0.0,18.900000000000034,118.73189627559545
16272000.0,900,iso13790,native,True,26.65269445425262,0.0,0.0,20.600000000000023,971.3199637190219
16275600.0,900,iso13790,native,True,26.999999999999996,0.0,6.208602932415627,22.200000000000045,1236.160296
16279200.0,900,iso13790,native,True,27.000000000000004,0.0,93.283477694415,23.30000000000001,1237.121355439446
16282800.0,900,iso13790,native,True,27.0,0.0,270.7271190467274,24.400000000000034,2126.4814829795714
16286400.0,900,iso13790,native,True,27.000000000000004,0.0,440.37820871348913,26.100000000000023,2288.739164139956
16290000.0,900,iso13790,native,True,27.0,0.0,636.3499469284889,28.30000000000001,2482.321619275259
16293600.0,900,iso13790,native,True,26.999999999999986,0.0,696.2360869736783,28.900000000000034,1677.2474330864752
16297200.0,900,iso13790,native,True,27.000000000000004,0.0,641.1791572161676,26.100000000000023,1219.9781699999999
16300800.0,900,iso13790,native,True,27.00000000000001,0.0,574.8100709666751,20.0,2050.069526143833
16304400.0,900,iso13790,native,True,26.999999999999996,0.0,645.5554611835694,23.30000000000001,1361.0330135922616
16308000.0,900,iso13790,native,True,26.999999999999996,0.0,702.2298615298968,23.30000000000001,1739.3741301477621
16311600.0,900,iso13790,native,True,27.000000000000004,0.0,604.0232483657452,22.200000000000045,719.0454089139864
16315200.0,900,iso13790,native,True,27.0,0.0,469.26882226131283,21.100000000000023,-48.483517968128766
16318800.0,900,iso13790,native,True,26.999999999999996,0.0,395.2607967485771,21.100000000000023,-101.56212000000002
16322400.0,900,iso13790,native,True,27.0,0.0,264.283816241597,18.900000000000034,-101.56212000000002
16326000.0,900,iso13790,native,True,27.00000000000001,0.0,175.39874449446316,18.30000000000001,-101.56212000000002
16329600.0,900,iso13790,native,True,27.000000000000004,0.0,74.58438166605781,17.200000000000045,-101.56212000000002
16333200.0,900,iso13790,native,True,26.970627522295146,0.0,0.0,16.700000000000045,-101.56212000000002
16336800.0,900,iso13790,native,True,26.73791379024683,0.0,0.0,16.700000000000045,-101.56212000000002
16340400.0,900,iso13790,native,True,26.395486149604203,0.0,0.0,15.600000000000023,-101.56212000000002
16344000.0,900,iso13790,native,True,26.149438300360696,0.0,0.0,15.600000000000023,-101.56212000000002
16347600.0,900,iso13790,native,True,25.918078340706774,0.0,0.0,15.600000000000023,-77.99724698363157
16351200.0,900,iso13790,native,True,26.072275016523722,0.0,0.0,18.30000000000001,199.1063819334339
16354800.0,900,iso13790,native,True,26.306054235213857,0.0,0.0,21.100000000000023,321.16895445092723
16358400.0,900,iso13790,native,True,26.637885495871313,0.0,0.0,23.900000000000034,461.30040457626865
16362000.0,900,iso13790,native,True,26.966384619831107,0.0,0.0,25.600000000000023,655.326329344099
16365600.0,900,iso13790,native,True,27.0,0.0,100.45017024418807,27.200000000000045,838.348850108795
16369200.0,900,iso13790,native,True,26.999999999999996,0.0,149.4338019683556,27.80000000000001,568.3221709347765
16372800.0,900,iso13790,native,True,27.0,0.0,223.30598225996593,27.80000000000001,881.185603052908
16376400.0,900,iso13790,native,True,27.0,0.0,363.69546773249795,28.30000000000001,1577.945150152546
16380000.0,900,iso13790,native,True,27.000000000000004,0.0,392.9495701486927,27.80000000000001,1120.2010666689546
16383600.0,900,iso13790,native,True,26.99999999999999,0.0,520.227740862196,28.900000000000034,1501.540492412863
16387200.0,900,iso13790,native,True,26.999999999999996,0.0,554.1339601253088,27.80000000000001,1394.5406592737459
16390800.0,900,iso13790,native,True,27.0,0.0,630.7170131049644,27.80000000000001,1558.182351289857
16394400.0,900,iso13790,native,True,27.000000000000004,0.0,381.5821284361356,20.0,738.8587479349117
16398000.0,900,iso13790,native,True,27.0,0.0,245.73712739966737,18.30000000000001,103.411476
16401600.0,900,iso13790,native,True,27.00000000000001,0.0,124.45865865517443,16.700000000000045,-20.728215270063203
16405200.0,900,iso13790,native,True,26.99999999999999,0.0,45.59334623425477,16.700000000000045,-101.56212000000002
16408800.0,900,iso13790,native,True,26.915661626122375,0.0,0.0,16.700000000000045,-101.56212000000002
16412400.0,900,iso13790,native,True,26.568718273340444,0.0,0.0,15.600000000000023,-101.56212000000002
16416000.0,900,iso13790,native,True,26.31826943434525,0.0,0.0,15.600000000000023,-101.56212000000002
16419600.0,900,iso13790,native,True,26.074183288076824,0.0,0.0,15.600000000000023,-101.56212000000002
16423200.0,900,iso13790,native,True,25.773229441257204,0.0,0.0,15.0,-101.56212000000002
16426800.0,900,iso13790,native,True,25.52774702724146,0.0,0.0,15.0,-101.56212000000002
16430400.0,900,iso13790,native,True,25.288501133133238,0.0,0.0,15.0,-101.56212000000002
16434000.0,900,iso13790,native,True,25.00152532460114,0.0,0.0,14.400000000000034,-75.69648546396765
16437600.0,900,iso13790,native,True,24.986985522636097,0.0,0.0,15.600000000000023,189.22678564837977
16441200.0,900,iso13790,native,True,25.169591890217518,0.0,0.0,18.30000000000001,318.2617865514358
16444800.0,900,iso13790,native,True,25.427192013183515,0.0,0.0,21.100000000000023,370.85880293141963
16448400.0,900,iso13790,native,True,25.718101541549167,0.0,0.0,23.30000000000001,480.4830433000443
16452000.0,900,iso13790,native,True,26.208320259997105,0.0,0.0,26.100000000000023,768.9764421181551
16455600.0,900,iso13790,native,True,26.943468931619375,0.0,0.0,28.900000000000034,1403.4796571130619
16459200.0,900,iso13790,native,True,27.0,0.0,62.761178567623816,29.400000000000034,911.5840999438735
16462800.0,900,iso13790,native,True,27.00000000000001,0.0,281.7622677564994,27.80000000000001,2745.786218914478
16466400.0,900,iso13790,native,True,27.000000000000014,0.0,374.0191729556012,28.900000000000034,1709.0804461446091
16470000.0,900,iso13790,native,True,27.00000000000001,0.0,459.6601935641297,30.0,1228.1405867437854
16473600.0,900,iso13790,native,True,27.000000000000004,0.0,341.71915754831053,23.30000000000001,1295.7292938225505
16477200.0,900,iso13790,native,True,26.999999999999996,0.0,423.1121959071508,23.900000000000034,1540.577071192147
16480800.0,900,iso13790,native,True,26.999999999999996,0.0,481.79588512050833,23.30000000000001,1786.6611930475174
16484400.0,900,iso13790,native,True,27.0,0.0,396.62640537993536,22.80000000000001,515.3373492653197
16488000.0,900,iso13790,native,True,27.0,0.0,326.69578777317423,22.80000000000001,-16.232753681794385
16491600.0,900,iso13790,native,True,27.000000000000004,0.0,224.74358085163334,21.100000000000023,-101.56212000000002
16495200.0,900,iso13790,native,True,27.000000000000004,0.0,172.48449584048808,21.100000000000023,-101.56212000000002
16498800.0,900,iso13790,native,True,27.000000000000004,0.0,109.64195307102737,20.600000000000023,-101.56212000000002
16502400.0,900,iso13790,native,True,27.0,0.0,45.31694796002969,20.0,-101.56212000000002
16506000.0,900,iso13790,native,True,26.819899854378423,0.0,0.0,18.30000000000001,-101.56212000000002
16509600.0,900,iso13790,native,True,26.631663638152876,0.0,0.0,18.30000000000001,-101.56212000000002
16513200.0,900,iso13790,native,True,26.28002626490007,0.0,0.0,16.700000000000045,-101.56212000000002
16516800.0,900,iso13790,native,True,26.064857368017105,0.0,0.0,16.700000000000045,-101.56212000000002
16520400.0,900,iso13790,native,True,25.794489947248177,0.0,0.0,16.100000000000023,-94.84814871656197
16524000.0,900,iso13790,native,True,25.81629821739176,0.0,0.0,17.80000000000001,72.00491235810144
16527600.0,900,iso13790,native,True,25.833098151609963,0.0,0.0,18.900000000000034,181.19660233164024
16531200.0,900,iso13790,native,True,26.337130879385057,0.0,0.0,20.600000000000023,1332.3033078148526
16534800.0,900,iso13790,native,True,26.682737677879143,0.0,0.0,21.700000000000045,1437.1725753281287
16538400.0,900,iso13790,native,True,26.999999999999996,0.0,18.212020625715997,24.400000000000034,1057.1748154886598
16542000.0,900,iso13790,native,True,27.0,0.0,101.21280169898364,25.600000000000023,949.8474341211547
16545600.0,900,iso13790,native,True,27.00000000000001,0.0,137.12826372375886,25.600000000000023,772.9907909729616
16549200.0,900,iso13790,native,True,27.0,0.0,250.51009724479115,26.700000000000045,1178.054356831513
16552800.0,900,iso13790,native,True,27.0,0.0,373.77674491267237,26.700000000000045,1772.0318073580033
16556400.0,900,iso13790,native,True,27.000000000000004,0.0,428.47377856404086,27.200000000000045,1277.7947037743918
16560000.0,900,iso13790,native,True,26.999999999999996,0.0,546.713887127362,27.200000000000045,1868.0584845790174
16563600.0,900,iso13790,native,True,26.99999999999999,0.0,564.6975999169393,27.80000000000001,1024.2509587790248
16567200.0,900,iso13790,native,True,27.000000000000004,0.0,536.4869239705934,25.600000000000023,1024.920062262245
16570800.0,900,iso13790,native,True,27.0,0.0,451.0688562291043,23.30000000000001,619.9368914792481
16574400.0,900,iso13790,native,True,27.000000000000004,0.0,324.3930763873264,21.700000000000045,-60.7388082950726
16578000.0,900,iso13790,native,True,26.999999999999996,0.0,234.27762417563807,20.600000000000023,-101.56212000000002
16581600.0,900,iso13790,native,True,27.000000000000004,0.0,142.21136142326142,19.400000000000034,-101.56212000000002
16585200.0,900,iso13790,native,True,27.0,0.0,69.65464145418426,18.900000000000034,-101.56212000000002
16588800.0,900,iso13790,native,True,26.999999999999996,0.0,14.1302515730907,18.900000000000034,-101.56212000000002
16592400.0,900,iso13790,native,True,26.753021000429897,0.0,0.0,17.80000000000001,-101.56212000000002
16596000.0,900,iso13790,native,True,26.490712524308243,0.0,0.0,17.200000000000045,-101.56212000000002
16599600.0,900,iso13790,native,True,26.167267651081477,0.0,0.0,16.100000000000023,-101.56212000000002
16603200.0,900,iso13790,native,True,25.887163018973162,0.0,0.0,15.600000000000023,-101.56212000000002
16606800.0,900,iso13790,native,True,25.593718164011765,0.0,0.0,15.0,-93.85972595763513
16610400.0,900,iso13790,native,True,25.634561585914806,0.0,0.0,16.700000000000045,189.36947361919897
16614000.0,900,iso13790,native,True,25.85488236346332,0.0,0.0,19.400000000000034,391.55318833317006
16617600.0,900,iso13790,native,True,26.11411370764392,0.0,0.0,21.700000000000045,521.8206313919399
16621200.0,900,iso13790,native,True,26.501442969320255,0.0,0.0,24.400000000000034,668.971325170241
16624800.0,900,iso13790,native,True,26.99999999999999,0.0,17.0836302449347,26.700000000000045,1160.9545818376444
16628400.0,900,iso13790,native,True,27.000000000000004,0.0,201.11274599538962,29.400000000000034,1389.9522886246327
16632000.0,900,iso13790,native,True,27.0,0.0,285.9921747841077,29.400000000000034,1243.7245063735854
16635600.0,900,iso13790,native,True,27.00000000000001,0.0,353.6681519446168,28.900000000000034,1229.394761626243
16639200.0,900,iso13790,native,True,27.000000000000014,0.0,457.46099734203585,28.900000000000034,1525.103011156629
16642800.0,900,iso13790,native,True,27.000000000000004,0.0,326.2996309689509,22.80000000000001,1182.219876
16646400.0,900,iso13790,native,True,27.000000000000004,0.0,184.93006766762673,17.80000000000001,950.2760699999999
16650000.0,900,iso13790,native,True,27.000000000000004,0.0,226.94958783138014,16.700000000000045,1776.9659508084444
16653600.0,900,iso13790,native,True,27.0,0.0,121.54036565650263,17.200000000000045,281.9700321494981
16657200.0,900,iso13790,native,True,27.0,0.0,70.0467855420218,17.200000000000045,252.43316591769386
16660800.0,900,iso13790,native,True,26.924476322509687,0.0,0.0,16.700000000000045,-48.759619362215666
16664400.0,900,iso13790,native,True,26.62237614389576,0.0,0.0,16.100000000000023,-101.56212000000002
16668000.0,900,iso13790,native,True,26.383266697936136,0.0,0.0,16.100000000000023,-101.56212000000002
16671600.0,900,iso13790,native,True,26.09767457556864,0.0,0.0,15.600000000000023,-101.56212000000002
16675200.0,900,iso13790,native,True,25.85919267689477,0.0,0.0,15.600000000000023,-101.56212000000002
16678800.0,900,iso13790,native,True,25.50063195281138,0.0,0.0,14.400000000000034,-101.56212000000002
16682400.0,900,iso13790,native,True,25.19427453569078,0.0,0.0,13.900000000000034,-101.56212000000002
16686000.0,900,iso13790,native,True,24.9355548878912,0.0,0.0,13.900000000000034,-101.56212000000002
16689600.0,900,iso13790,native,True,24.56778201593756,0.0,0.0,12.800000000000011,-101.56212000000002
16693200.0,900,iso13790,native,True,24.18605167262815,0.0,0.0,11.700000000000045,-88.58880663330339
16696800.0,900,iso13790,native,True,24.281111319274913,0.0,0.0,14.400000000000034,183.5721705854883
16700400.0,900,iso13790,native,True,24.426723662078906,0.0,0.0,16.700000000000045,365.19328323686756
16704000.0,900,iso13790,native,True,24.628374758370096,0.0,0.0,18.900000000000034,470.1586986123225
16707600.0,900,iso13790,native,True,24.91450821002263,0.0,0.0,21.100000000000023,605.9104175434935
16711200.0,900,iso13790,native,True,25.33024201459913,0.0,0.0,23.900000000000034,709.717206370318
16714800.0,900,iso13790,native,True,25.63604709998263,0.0,0.0,25.0,773.7299364599817
16718400.0,900,iso13790,native,True,26.024271518869224,0.0,0.0,26.700000000000045,796.7845509809124
16722000.0,900,iso13790,native,True,26.363536305973923,0.0,0.0,27.80000000000001,752.245674099433
16725600.0,900,iso13790,native,True,26.88775403271615,0.0,0.0,27.80000000000001,1520.147895474125
16729200.0,900,iso13790,native,True,27.0,0.0,59.96301350065529,28.30000000000001,1159.7287749111447
16732800.0,900,iso13790,native,True,27.000000000000004,0.0,120.82864608326122,27.80000000000001,1026.2805168158984
16736400.0,900,iso13790,native,True,27.0,0.0,232.04819621659163,27.80000000000001,1410.7739705978506
16740000.0,900,iso13790,native,True,26.99999999999999,0.0,274.386257372367,26.700000000000045,1290.5771788129055
16743600.0,900,iso13790,native,True,26.999999999999996,0.0,301.38125696961936,25.600000000000023,1202.3741560011317
16747200.0,900,iso13790,native,True,27.000000000000004,0.0,167.87888010783956,23.30000000000001,25.160405237828847
16750800.0,900,iso13790,native,True,27.000000000000004,0.0,98.3329994549178,22.200000000000045,-101.56212000000002
16754400.0,900,iso13790,native,True,27.0,0.0,16.788045067485527,20.600000000000023,-101.56212000000002
16758000.0,900,iso13790,native,True,26.857459872769045,0.0,0.0,20.0,-101.56212000000002
16761600.0,900,iso13790,native,True,26.595832171506228,0.0,0.0,18.900000000000034,-101.56212000000002
16765200.0,900,iso13790,native,True,26.365462778233017,0.0,0.0,18.30000000000001,-101.56212000000002
16768800.0,900,iso13790,native,True,26.136214318411152,0.0,0.0,17.80000000000001,-101.56212000000002
16772400.0,900,iso13790,native,True,25.837018624444873,0.0,0.0,16.700000000000045,-101.56212000000002
16776000.0,900,iso13790,native,True,25.517478369273967,0.0,0.0,15.600000000000023,-101.56212000000002
16779600.0,900,iso13790,native,True,25.175778704358823,0.0,0.0,14.400000000000034,-78.7157617234538
16783200.0,900,iso13790,native,True,25.322891659992244,0.0,0.0,17.200000000000045,182.1550147740463
16786800.0,900,iso13790,native,True,25.54770588558643,0.0,0.0,20.0,314.2921645576231
16790400.0,900,iso13790,native,True,25.781045899496856,0.0,0.0,22.200000000000045,383.88221443979023
16794000.0,900,iso13790,native,True,26.09714162376413,0.0,0.0,24.400000000000034,503.044199446029
16797600.0,900,iso13790,native,True,26.538606825197675,0.0,0.0,27.200000000000045,590.5871908318934
16801200.0,900,iso13790,native,True,26.930815973698014,0.0,0.0,28.900000000000034,643.2896957139551
16804800.0,900,iso13790,native,True,26.999999999999996,0.0,64.34219094998107,29.400000000000034,660.5427951370909
16808400.0,900,iso13790,native,True,27.000000000000004,0.0,165.6426874775521,30.600000000000023,656.4634925913316
16812000.0,900,iso13790,native,True,27.0,0.0,266.1851340420212,31.700000000000045,672.3084927548617
16815600.0,900,iso13790,native,True,26.999999999999996,0.0,346.967914591001,32.200000000000045,660.5979929726954
16819200.0,900,iso13790,native,True,27.000000000000004,0.0,394.6495496859351,31.700000000000045,649.7076020088583
16822800.0,900,iso13790,native,True,26.999999999999996,0.0,528.5628562053292,31.100000000000023,1604.7574850603949
16826400.0,900,iso13790,native,True,27.000000000000004,0.0,624.3607258897694,29.400000000000034,2076.873097508757
16830000.0,900,iso13790,native,True,27.0,0.0,653.055143756804,27.80000000000001,1765.0759663713388
16833600.0,900,iso13790,native,True,27.000000000000014,0.0,503.11832425516843,25.600000000000023,179.83860244889274
16837200.0,900,iso13790,native,True,26.999999999999996,0.0,399.18393640490945,23.900000000000034,-101.56212000000002
16840800.0,900,iso13790,native,True,26.99999999999999,0.0,335.18798714603315,23.30000000000001,-101.56212000000002
16844400.0,900,iso13790,native,True,27.0,0.0,257.2645251069731,22.200000000000045,-101.56212000000002
16848000.0,900,iso13790,native,True,27.000000000000004,0.0,162.9597627613681,20.600000000000023,-101.56212000000002
16851600.0,900,iso13790,native,True,27.000000000000004,0.0,76.61925021430923,19.400000000000034,-101.56212000000002
16855200.0,900,iso13790,native,True,26.85447950563503,0.0,0.0,17.200000000000045,-101.56212000000002
16858800.0,900,iso13790,native,True,26.52179307418977,0.0,0.0,16.100000000000023,-101.56212000000002
16862400.0,900,iso13790,native,True,26.106544171016992,0.0,0.0,14.400000000000034,-101.56212000000002
16866000.0,900,iso13790,native,True,25.787502946636412,0.0,0.0,13.900000000000034,-93.99441384999508
16869600.0,900,iso13790,native,True,26.02403660297708,0.0,0.0,17.80000000000001,181.7943677095329
16873200.0,900,iso13790,native,True,26.315199089930584,0.0,0.0,21.100000000000023,359.84497976225657
16876800.0,900,iso13790,native,True,26.69478258478494,0.0,0.0,24.400000000000034,463.8520376941558
16880400.0,900,iso13790,native,True,26.99999999999999,0.0,21.78751153435502,26.700000000000045,600.1221134037036
16884000.0,900,iso13790,native,True,27.0,0.0,143.45860086503387,28.900000000000034,698.9193252197081
16887600.0,900,iso13790,native,True,27.000000000000004,0.0,258.80519369089376,30.600000000000023,762.9570619781966
16891200.0,900,iso13790,native,True,26.99999999999999,0.0,403.09087219417034,33.30000000000001,753.5337093027986
16894800.0,900,iso13790,native,True,27.0,0.0,513.9636756083563,33.900000000000034,957.9340274652274
16898400.0,900,iso13790,native,True,27.000000000000025,0.0,701.5551463874752,35.0,1699.9775829043606
16902000.0,900,iso13790,native,True,27.0,0.0,742.9001067179867,35.60000000000002,759.7021710643031
16905600.0,900,iso13790,native,True,27.000000000000004,0.0,815.1128837267604,36.10000000000002,713.5168534535142
16909200.0,900,iso13790,native,True,27.000000000000004,0.0,940.0622654636467,35.60000000000002,1534.7246931740979
16912800.0,900,iso13790,native,True,26.999999999999996,0.0,842.747347119697,30.0,1284.8489617027262
16916400.0,900,iso13790,native,True,27.000000000000004,0.0,802.919616898346,27.200000000000045,1254.5555462067994
16920000.0,900,iso13790,native,True,27.000000000000004,0.0,640.2890968715682,25.0,13.571194878959389
16923600.0,900,iso13790,native,True,27.000000000000004,0.0,512.9087595372778,22.80000000000001,-101.56212000000002
16927200.0,900,iso13790,native,True,27.000000000000004,0.0,384.63107340019747,20.600000000000023,-101.56212000000002
16930800.0,900,iso13790,native,True,27.000000000000004,0.0,280.4936930386314,19.400000000000034,-101.56212000000002
16934400.0,900,iso13790,native,True,26.999999999999996,0.0,196.8349844100903,18.900000000000034,-101.56212000000002
16938000.0,900,iso13790,native,True,27.0,0.0,98.58596281263195,17.80000000000001,-101.56212000000002
16941600.0,900,iso13790,native,True,26.93823478445854,0.0,0.0,16.100000000000023,-101.56212000000002
16945200.0,900,iso13790,native,True,26.638543609279008,0.0,0.0,15.600000000000023,-101.56212000000002
16948800.0,900,iso13790,native,True,26.26018335037255,0.0,0.0,14.400000000000034,-101.56212000000002
16952400.0,900,iso13790,native,True,26.113459607747963,0.0,0.0,15.600000000000023,-100.90460308395859
16956000.0,900,iso13790,native,True,26.25807660556516,0.0,0.0,18.30000000000001,177.13786616337035
16959600.0,900,iso13790,native,True,26.536749169248917,0.0,0.0,21.100000000000023,451.0378684174416
16963200.0,900,iso13790,native,True,27.000000000000004,0.0,6.254654410980325,25.0,635.3608636379615
16966800.0,900,iso13790,native,True,26.999999999999996,0.0,162.73062184670007,28.30000000000001,843.8770008953868
16970400.0,900,iso13790,native,True,27.0,0.0,288.9736254225095,30.0,986.561639917328
16974000.0,900,iso13790,native,True,26.999999999999996,0.0,387.8023809640811,30.600000000000023,1073.7897120536877
16977600.0,900,iso13790,native,True,26.999999999999996,0.0,524.7372794198368,32.80000000000001,1053.3349813061195
16981200.0,900,iso13790,native,True,26.99999999999999,0.0,652.8576686577704,33.30000000000001,1409.8715555202712
16984800.0,900,iso13790,native,True,27.000000000000004,0.0,743.2614863838892,34.400000000000034,1067.0438868362894
16988400.0,900,iso13790,native,True,26.99999999999999,0.0,860.1474414285329,34.400000000000034,1511.237752495666
16992000.0,900,iso13790,native,True,27.000000000000004,0.0,940.9932740603089,34.400000000000034,1422.4648038294922
16995600.0,900,iso13790,native,True,27.000000000000018,0.0,965.0426751622575,31.700000000000045,1680.3170663956862
16999200.0,900,iso13790,native,True,26.999999999999986,0.0,1001.4889303950347,31.100000000000023,1499.83743378979
17002800.0,900,iso13790,native,True,27.0,0.0,845.8027892672457,27.80000000000001,384.28749957445206
17006400.0,900,iso13790,native,True,27.0,0.0,710.1058684433837,25.600000000000023,-72.0864500848977
17010000.0,900,iso13790,native,True,26.999999999999996,0.0,614.3815826867648,24.400000000000034,-101.56212000000002
17013600.0,900,iso13790,native,True,26.999999999999996,0.0,507.12230991907154,22.80000000000001,-101.56212000000002
17017200.0,900,iso13790,native,True,27.0,0.0,426.60222933692376,22.200000000000045,-101.56212000000002
17020800.0,900,iso13790,native,True,27.0,0.0,333.4812748619787,21.100000000000023,-101.56212000000002
17024400.0,900,iso13790,native,True,27.0,0.0,272.4921906408323,21.100000000000023,-101.56212000000002
17028000.0,900,iso13790,native,True,27.0,0.0,183.88564582326032,20.0,-101.56212000000002
17031600.0,900,iso13790,native,True,27.000000000000004,0.0,109.31364185369686,19.400000000000034,-101.56212000000002
17035200.0,900,iso13790,native,True,27.00000000000001,0.0,21.663223018979686,18.30000000000001,-101.56212000000002
17038800.0,900,iso13790,native,True,26.82713109948532,0.0,0.0,17.80000000000001,-96.96351170158633
17042400.0,900,iso13790,native,True,26.955848770006508,0.0,0.0,20.0,175.62014120238524
17046000.0,900,iso13790,native,True,26.999999999999996,0.0,64.90623424295123,22.80000000000001,368.9809684779159
17049600.0,900,iso13790,native,True,27.00000000000001,0.0,175.67064035368261,26.100000000000023,487.18071683784717
17053200.0,900,iso13790,native,True,27.000000000000004,0.0,278.1110167996088,28.30000000000001,628.447865824623
17056800.0,900,iso13790,native,True,26.999999999999996,0.0,396.37106890206485,30.600000000000023,737.7724891859691
17060400.0,900,iso13790,native,True,26.99999999999999,0.0,520.7271596131873,32.80000000000001,802.0978269791563
17064000.0,900,iso13790,native,True,27.000000000000018,0.0,630.8431744569631,34.400000000000034,805.3556235281635
17067600.0,900,iso13790,native,True,27.000000000000014,0.0,681.6429551702006,33.900000000000034,808.2979233085912
17071200.0,900,iso13790,native,True,26.99999999999999,0.0,833.7949006795352,35.60000000000002,1246.2458192159909
17074800.0,900,iso13790,native,True,26.999999999999996,0.0,927.686314152413,35.60000000000002,1340.887836148145
17078400.0,900,iso13790,native,True,27.00000000000003,0.0,1004.6548563646163,36.10000000000002,1138.3750807453137
17082000.0,900,iso13790,native,True,26.999999999999996,0.0,976.5446275870038,32.80000000000001,1155.972160932226
17085600.0,900,iso13790,native,True,26.999999999999996,0.0,913.0738080621096,28.900000000000034,1199.619100428473
17089200.0,900,iso13790,native,True,27.000000000000004,0.0,757.5220272147207,25.600000000000023,352.2766891323554
17092800.0,900,iso13790,native,True,26.999999999999996,0.0,629.3938583382567,23.900000000000034,-70.67804320985782
17096400.0,900,iso13790,native,True,27.0,0.0,545.6835879958522,23.30000000000001,-101.56212000000002
17100000.0,900,iso13790,native,True,26.99999999999999,0.0,515.8884304237579,24.400000000000034,-101.56212000000002
17103600.0,900,iso13790,native,True,26.999999999999996,0.0,449.0506399966257,23.900000000000034,-101.56212000000002
17107200.0,900,iso13790,native,True,26.99999999999999,0.0,381.05114544535473,23.30000000000001,-101.56212000000002
17110800.0,900,iso13790,native,True,27.0,0.0,266.93159695909776,21.100000000000023,-101.56212000000002
17114400.0,900,iso13790,native,True,27.00000000000001,0.0,196.50637436865583,20.600000000000023,-101.56212000000002
17118000.0,900,iso13790,native,True,27.0,0.0,125.20746442909523,20.0,-101.56212000000002
17121600.0,900,iso13790,native,True,27.0,0.0,55.346434716229815,19.400000000000034,-101.56212000000002
17125200.0,900,iso13790,native,True,26.900763812182188,0.0,0.0,18.30000000000001,-100.9057776911097
17128800.0,900,iso13790,native,True,27.000000000000004,0.0,12.002388640027739,20.600000000000023,151.31724106183174
17132400.0,900,iso13790,native,True,26.999999999999996,0.0,100.44140993356264,22.80000000000001,616.0605079515256
17136000.0,900,iso13790,native,True,27.000000000000004,0.0,185.8309343502267,25.0,684.3202885235128
17139600.0,900,iso13790,native,True,27.0,0.0,325.22744962660244,27.80000000000001,983.6268633890559
17143200.0,900,iso13790,native,True,27.000000000000014,0.0,431.8239244910404,29.400000000000034,1041.2083428765827
17146800.0,900,iso13790,native,True,26.99999999999999,0.0,592.3655066173699,31.700000000000045,1365.7963695909987
17150400.0,900,iso13790,native,True,27.00000000000001,0.0,719.7620663902983,31.700000000000045,1805.256341551754
17154000.0,900,iso13790,native,True,27.000000000000004,0.0,787.9564832964793,31.100000000000023,1669.0839142210107
17157600.0,900,iso13790,native,True,26.999999999999986,0.0,892.8959540505991,33.30000000000001,1255.012102351856
17161200.0,900,iso13790,native,True,27.000000000000025,0.0,882.6803672446357,31.700000000000045,990.3830656365265
17164800.0,900,iso13790,native,True,27.0,0.0,846.2121960974912,27.80000000000001,1405.4214059672745
17168400.0,900,iso13790,native,True,26.99999999999999,0.0,839.6134074847245,26.700000000000045,1292.1441652265762
17172000.0,900,iso13790,native,True,26.99999999999999,0.0,660.4483727058976,22.80000000000001,428.07432273105394
17175600.0,900,iso13790,native,True,27.00000000000001,0.0,552.3493059173641,21.700000000000045,103.411476
17179200.0,900,iso13790,native,True,27.000000000000004,0.0,470.98472533727994,21.700000000000045,-90.77403600000002
17182800.0,900,iso13790,native,True,27.000000000000004,0.0,402.81220870466376,21.700000000000045,-101.56212000000002
17186400.0,900,iso13790,native,True,26.999999999999996,0.0,290.2943872533109,20.0,-101.56212000000002
17190000.0,900,iso13790,native,True,27.0,0.0,192.40028864251207,18.900000000000034,-101.56212000000002
17193600.0,900,iso13790,native,True,26.999999999999996,0.0,76.77241602894553,17.200000000000045,-101.56212000000002
17197200.0,900,iso13790,native,True,26.99999999999999,0.0,26.266812371893543,17.80000000000001,-101.56212000000002
17200800.0,900,iso13790,native,True,26.764770218051737,0.0,0.0,16.700000000000045,-101.56212000000002
17204400.0,900,iso13790,native,True,26.537286323672923,0.0,0.0,16.700000000000045,-101.56212000000002
17208000.0,900,iso13790,native,True,26.315581693937656,0.0,0.0,16.700000000000045,-101.56212000000002
17211600.0,900,iso13790,native,True,26.101505019504444,0.0,0.0,16.700000000000045,-95.98857454197753
17215200.0,900,iso13790,native,True,26.147889010480924,0.0,0.0,18.30000000000001,148.7633934881096
17218800.0,900,iso13790,native,True,26.434664913466285,0.0,0.0,21.100000000000023,454.6101927907999
17222400.0,900,iso13790,native,True,26.642407408099007,0.0,0.0,22.80000000000001,499.6589979865082
17226000.0,900,iso13790,native,True,26.948472264993438,0.0,0.0,23.900000000000034,862.3918348843581
17229600.0,900,iso13790,native,True,27.000000000000004,0.0,103.58040791667129,26.700000000000045,768.559503117604
17233200.0,900,iso13790,native,True,27.000000000000004,0.0,252.57476065686305,28.30000000000001,1278.4230984420108
17236800.0,900,iso13790,native,True,27.00000000000001,0.0,386.1183283521868,30.0,1302.8873670034288
17240400.0,900,iso13790,native,True,27.0,0.0,550.2174420318803,31.700000000000045,1601.9405894081788
17244000.0,900,iso13790,native,True,27.000000000000004,0.0,637.7376380792095,30.600000000000023,1792.078541127544
17247600.0,900,iso13790,native,True,27.0,0.0,640.6752017309315,28.30000000000001,1527.438564
17251200.0,900,iso13790,native,True,26.999999999999996,0.0,678.1377125766653,25.0,2224.6443019976605
17254800.0,900,iso13790,native,True,26.99999999999999,0.0,732.5936359372241,27.200000000000045,1318.9602974653242
17258400.0,900,iso13790,native,True,26.999999999999996,0.0,610.3245792777954,25.0,383.90166
17262000.0,900,iso13790,native,True,27.0,0.0,381.6285864339561,18.30000000000001,336.09155565882133
17265600.0,900,iso13790,native,True,27.0,0.0,312.9136172798364,19.400000000000034,-90.77403600000002
17269200.0,900,iso13790,native,True,27.0,0.0,208.48686205099307,18.30000000000001,-101.56212000000002
17272800.0,900,iso13790,native,True,27.0,0.0,155.2648775446206,18.900000000000034,-101.56212000000002
17276400.0,900,iso13790,native,True,26.999999999999996,0.0,107.64635026751704,19.400000000000034,-101.56212000000002
17280000.0,900,iso13790,native,True,27.0,0.0,37.864680135840565,18.900000000000034,-101.56212000000002
17283600.0,900,iso13790,native,True,26.946274928521074,0.0,0.0,18.900000000000034,-101.56212000000002
17287200.0,900,iso13790,native,True,26.770071229128348,0.0,0.0,18.900000000000034,-101.56212000000002
17290800.0,900,iso13790,native,True,26.367091936644062,0.0,0.0,16.700000000000045,-101.56212000000002
17294400.0,900,iso13790,native,True,26.086642374420848,0.0,0.0,16.100000000000023,-101.56212000000002
17298000.0,900,iso13790,native,True,25.74668994077752,0.0,0.0,15.0,-98.2868684290471
17301600.0,900,iso13790,native,True,25.893887786960747,0.0,0.0,17.80000000000001,172.57397792280852
17305200.0,900,iso13790,native,True,26.194042792152736,0.0,0.0,21.100000000000023,372.0732613095819
17308800.0,900,iso13790,native,True,26.568236704973835,0.0,0.0,23.900000000000034,591.841116651385
17312400.0,900,iso13790,native,True,27.000000000000004,0.0,2.995683065489553,26.100000000000023,873.4855702165459
17316000.0,900,iso13790,native,True,27.0,0.0,111.52704473051612,27.80000000000001,851.0981145586879
17319600.0,900,iso13790,native,True,26.99999999999999,0.0,326.67340956444275,30.600000000000023,1544.1625396866498
17323200.0,900,iso13790,native,True,27.000000000000014,0.0,427.13801936432515,30.0,1650.7548958170378
17326800.0,900,iso13790,native,True,26.99999999999999,0.0,514.8681437818835,31.100000000000023,1190.0878458678872
17330400.0,900,iso13790,native,True,27.000000000000004,0.0,622.9170735121611,30.600000000000023,1671.038298908879
17334000.0,900,iso13790,native,True,27.000000000000004,0.0,697.0994894941497,29.400000000000034,1852.3619794132483
17337600.0,900,iso13790,native,True,27.0,0.0,405.2280090203977,19.400000000000034,1016.2271534762456
17341200.0,900,iso13790,native,True,26.999999999999996,0.0,432.4102005170155,19.400000000000034,1394.9164719518226
17344800.0,900,iso13790,native,True,26.999999999999996,0.0,336.7154919575583,19.400000000000034,346.143366
17348400.0,900,iso13790,native,True,27.0,0.0,278.94739743989135,20.0,54.86509799999998
17352000.0,900,iso13790,native,True,27.0,0.0,191.93538457187526,19.400000000000034,-87.34137885683785
17355600.0,900,iso13790,native,True,27.0,0.0,114.81932489842508,18.900000000000034,-101.56212000000002
17359200.0,900,iso13790,native,True,27.0,0.0,55.668891129087214,18.900000000000034,-101.56212000000002
17362800.0,900,iso13790,native,True,26.888880894143846,0.0,0.0,17.80000000000001,-101.56212000000002
17366400.0,900,iso13790,native,True,26.73874691383744,0.0,0.0,18.30000000000001,-101.56212000000002
17370000.0,900,iso13790,native,True,26.384389072875177,0.0,0.0,16.700000000000045,-101.56212000000002
17373600.0,900,iso13790,native,True,26.16656882219911,0.0,0.0,16.700000000000045,-101.56212000000002
17377200.0,900,iso13790,native,True,25.95428232975597,0.0,0.0,16.700000000000045,-101.56212000000002
17380800.0,900,iso13790,native,True,25.799946299579457,0.0,0.0,17.200000000000045,-101.56212000000002
17384400.0,900,iso13790,native,True,25.609793631741812,0.0,0.0,17.200000000000045,-101.23494046995481
17388000.0,900,iso13790,native,True,25.578599109115057,0.0,0.0,17.80000000000001,153.22462685953758
17391600.0,900,iso13790,native,True,25.825521637587794,0.0,0.0,20.600000000000023,340.1491089068405
17395200.0,900,iso13790,native,True,26.148254889854105,0.0,0.0,21.100000000000023,1120.0453070574308
17398800.0,900,iso13790,native,True,26.49166926942647,0.0,0.0,23.30000000000001,975.1235974590877
17402400.0,900,iso13790,native,True,27.0,0.0,19.489318376998586,26.100000000000023,1264.0104347062927
17406000.0,900,iso13790,native,True,27.0,0.0,203.09343177577787,27.80000000000001,1764.6435605290592
17409600.0,900,iso13790,native,True,26.999999999999996,0.0,386.8447017133833,29.400000000000034,2019.599838216403
17413200.0,900,iso13790,native,True,27.00000000000001,0.0,480.2364695729006,30.0,1549.696616346298
17416800.0,900,iso13790,native,True,26.99999999999998,0.0,598.1075139787392,28.900000000000034,2137.664445415292
17420400.0,900,iso13790,native,True,27.00000000000001,0.0,639.9196946238841,28.900000000000034,1464.2559570967328
17424000.0,900,iso13790,native,True,27.00000000000001,0.0,720.7601869914796,27.80000000000001,1941.3942684612102
17427600.0,900,iso13790,native,True,26.999999999999996,0.0,712.9308951652799,26.100000000000023,1568.3877712823498
17431200.0,900,iso13790,native,True,27.000000000000004,0.0,591.9271714375451,24.400000000000034,410.87187
17434800.0,900,iso13790,native,True,26.99999999999999,0.0,497.5220566127322,22.80000000000001,211.23329294514198
17438400.0,900,iso13790,native,True,27.000000000000004,0.0,405.8387366425827,22.200000000000045,-96.16807800000001
17442000.0,900,iso13790,native,True,27.0,0.0,346.6835811554924,22.200000000000045,-101.56212000000002
17445600.0,900,iso13790,native,True,27.000000000000004,0.0,259.97889053309547,21.100000000000023,-101.56212000000002
17449200.0,900,iso13790,native,True,27.000000000000004,0.0,190.11186555902725,20.600000000000023,-101.56212000000002
17452800.0,900,iso13790,native,True,26.999999999999996,0.0,137.0612286723819,20.600000000000023,-101.56212000000002
17456400.0,900,iso13790,native,True,26.999999999999996,0.0,70.53486867228736,20.0,-101.56212000000002
17460000.0,900,iso13790,native,True,26.999999999999996,0.0,5.063225014638835,19.400000000000034,-101.56212000000002
17463600.0,900,iso13790,native,True,26.73606817317608,0.0,0.0,18.30000000000001,-101.56212000000002
17467200.0,900,iso13790,native,True,26.49740442414638,0.0,0.0,17.80000000000001,-101.56212000000002
17470800.0,900,iso13790,native,True,26.304658675995828,0.0,0.0,17.80000000000001,-101.56212000000002
17474400.0,900,iso13790,native,True,26.227043396571815,0.0,0.0,18.30000000000001,59.530362808754646
17478000.0,900,iso13790,native,True,26.440971661095247,0.0,0.0,20.0,544.3543610077922
17481600.0,900,iso13790,native,True,26.721713757775852,0.0,0.0,20.600000000000023,1140.5550135122237
17485200.0,900,iso13790,native,True,27.0,0.0,32.92937548160659,22.200000000000045,1380.7416145144266
17488800.0,900,iso13790,native,True,26.999999999999996,0.0,121.65387831515822,22.80000000000001,1478.892186
17492400.0,900,iso13790,native,True,27.0,0.0,270.1962325285664,24.400000000000034,1846.5143386099921
17496000.0,900,iso13790,native,True,27.000000000000004,0.0,454.7592658304315,26.100000000000023,2325.507073373351
17499600.0,900,iso13790,native,True,27.0,0.0,636.3046283276909,28.30000000000001,2365.0657781350014
17503200.0,900,iso13790,native,True,26.999999999999996,0.0,372.28640357871603,18.900000000000034,1349.435178
17506800.0,900,iso13790,native,True,26.999999999999996,0.0,314.6733194254004,17.200000000000045,1193.00796
17510400.0,900,iso13790,native,True,27.00000000000001,0.0,268.4418024579677,16.700000000000045,966.458196
17514000.0,900,iso13790,native,True,27.000000000000004,0.0,200.19164573865575,16.100000000000023,685.9680119999999
17517600.0,900,iso13790,native,True,27.0,0.0,97.50313106722902,15.0,367.719534
17521200.0,900,iso13790,native,True,27.0,0.0,5.109969960660023,15.0,17.10680399999999
17524800.0,900,iso13790,native,True,26.727663111286766,0.0,0.0,15.0,-89.18275909537677
17528400.0,900,iso13790,native,True,26.393108363773006,0.0,0.0,14.400000000000034,-101.56212000000002
17532000.0,900,iso13790,native,True,26.064077440991046,0.0,0.0,13.900000000000034,-101.56212000000002
17535600.0,900,iso13790,native,True,25.83581760160496,0.0,0.0,14.400000000000034,-101.56212000000002
17539200.0,900,iso13790,native,True,25.573502029625296,0.0,0.0,14.400000000000034,-101.56212000000002
17542800.0,900,iso13790,native,True,25.317850626617822,0.0,0.0,14.400000000000034,-101.56212000000002
17546400.0,900,iso13790,native,True,25.068694088306184,0.0,0.0,14.400000000000034,-101.56212000000002
17550000.0,900,iso13790,native,True,24.8258674116162,0.0,0.0,14.400000000000034,-101.56212000000002
17553600.0,900,iso13790,native,True,24.53665249535832,0.0,0.0,13.900000000000034,-101.56212000000002
17557200.0,900,iso13790,native,True,24.347197130495857,0.0,0.0,14.400000000000034,-101.56212000000002
17560800.0,900,iso13790,native,True,24.05342405591255,0.0,0.0,13.300000000000011,27.89488799999998
17564400.0,900,iso13790,native,True,23.87698702800494,0.0,0.0,13.300000000000011,141.16977
17568000.0,900,iso13790,native,True,23.83121388187543,0.0,0.0,13.900000000000034,362.325492
17571600.0,900,iso13790,native,True,23.94150080014609,0.0,0.0,14.400000000000034,869.36544
17575200.0,900,iso13790,native,True,23.954587378016253,0.0,0.0,14.400000000000034,917.911818
17578800.0,900,iso13790,native,True,23.892447799661042,0.0,0.0,13.900000000000034,874.7594819999999
17582400.0,900,iso13790,native,True,24.176957244525518,0.0,0.0,15.0,1387.193472
17586000.0,900,iso13790,native,True,24.41142545935058,0.0,0.0,16.100000000000023,1392.5875139999998
17589600.0,900,iso13790,native,True,24.585591513594977,0.0,0.0,16.700000000000045,1311.676884
17593200.0,900,iso13790,native,True,25.094694478357447,0.0,0.0,16.700000000000045,2361.0488009184387
17596800.0,900,iso13790,native,True,24.86031655281691,0.0,0.0,16.100000000000023,912.517776
17600400.0,900,iso13790,native,True,24.77897821131201,0.0,0.0,16.100000000000023,615.845466
17604000.0,900,iso13790,native,True,24.575289269039995,0.0,0.0,15.600000000000023,297.596988
17607600.0,900,iso13790,native,True,24.427867109803927,0.0,0.0,15.600000000000023,202.8932261749894
17611200.0,900,iso13790,native,True,24.12748162198561,0.0,0.0,15.0,-96.16807800000001
17614800.0,900,iso13790,native,True,23.923044534579002,0.0,0.0,15.0,-101.56212000000002
17618400.0,900,iso13790,native,True,23.66149761535658,0.0,0.0,14.400000000000034,-101.56212000000002
17622000.0,900,iso13790,native,True,23.454420989653023,0.0,0.0,14.400000000000034,-101.56212000000002
17625600.0,900,iso13790,native,True,23.25260517867527,0.0,0.0,14.400000000000034,-101.56212000000002
17629200.0,900,iso13790,native,True,23.0033592405408,0.0,0.0,13.900000000000034,-101.56212000000002
17632800.0,900,iso13790,native,True,22.800300145488613,0.0,0.0,13.900000000000034,-101.56212000000002
17636400.0,900,iso13790,native,True,22.65495708919962,0.0,0.0,14.400000000000034,-101.56212000000002
17640000.0,900,iso13790,native,True,22.4734517862088,0.0,0.0,14.400000000000034,-101.56212000000002
17643600.0,900,iso13790,native,True,22.359626402462787,0.0,0.0,15.0,-101.56212000000002
17647200.0,900,iso13790,native,True,22.24914825892305,0.0,0.0,15.0,33.28892999999998
17650800.0,900,iso13790,native,True,22.31136121675136,0.0,0.0,16.100000000000023,238.262526
17654400.0,900,iso13790,native,True,22.827464275444086,0.0,0.0,17.80000000000001,1337.413014213137
17658000.0,900,iso13790,native,True,22.867593159282947,0.0,0.0,17.80000000000001,858.577356
17661600.0,900,iso13790,native,True,23.117952525925272,0.0,0.0,18.30000000000001,1112.09733
17665200.0,900,iso13790,native,True,23.526628916614598,0.0,0.0,20.0,1284.706674
17668800.0,900,iso13790,native,True,23.684068085652257,0.0,0.0,18.900000000000034,1381.79943
17672400.0,900,iso13790,native,True,23.96590351640345,0.0,0.0,19.400000000000034,1387.193472
17676000.0,900,iso13790,native,True,24.055364281033835,0.0,0.0,18.30000000000001,1306.282842
17679600.0,900,iso13790,native,True,24.015589337561728,0.0,0.0,16.700000000000045,1144.461582
17683200.0,900,iso13790,native,True,24.185665764672,0.0,0.0,17.200000000000045,1160.6437079999998
17686800.0,900,iso13790,native,True,24.291641274985757,0.0,0.0,18.30000000000001,788.45481
17690400.0,900,iso13790,native,True,24.345767376157042,0.0,0.0,18.30000000000001,748.5905616238247
17694000.0,900,iso13790,native,True,24.12904173712755,0.0,0.0,17.200000000000045,303.0857528997433
17697600.0,900,iso13790,native,True,23.81012634080772,0.0,0.0,16.100000000000023,-96.16807800000001
17701200.0,900,iso13790,native,True,23.589140100487153,0.0,0.0,15.600000000000023,-101.56212000000002
17704800.0,900,iso13790,native,True,23.466945210564237,0.0,0.0,16.100000000000023,-101.56212000000002
17708400.0,900,iso13790,native,True,23.19237395297994,0.0,0.0,15.0,-101.56212000000002
17712000.0,900,iso13790,native,True,22.94938983649941,0.0,0.0,14.400000000000034,-101.56212000000002
17715600.0,900,iso13790,native,True,22.59222109442811,0.0,0.0,12.800000000000011,-101.56212000000002
17719200.0,900,iso13790,native,True,22.371661354034295,0.0,0.0,12.800000000000011,-101.56212000000002
17722800.0,900,iso13790,native,True,22.093636220993183,0.0,0.0,12.200000000000045,-101.56212000000002
17726400.0,900,iso13790,native,True,21.870500013122943,0.0,0.0,12.200000000000045,-101.56212000000002
17730000.0,900,iso13790,native,True,21.65314920620822,0.0,0.0,12.200000000000045,-101.236479775005
17733600.0,900,iso13790,native,True,21.55952013092058,0.0,0.0,12.800000000000011,52.87592896208142
17737200.0,900,iso13790,native,True,21.753644587937274,0.0,0.0,15.0,398.6811213852986
17740800.0,900,iso13790,native,True,22.384540181002166,0.0,0.0,17.200000000000045,1613.2753527983284
17744400.0,900,iso13790,native,True,22.60388813299862,0.0,0.0,20.0,657.5361686857477
17748000.0,900,iso13790,native,True,22.982208463690554,0.0,0.0,21.700000000000045,862.719313822192
17751600.0,900,iso13790,native,True,23.357167616462217,0.0,0.0,22.200000000000045,1193.1485821778922
17755200.0,900,iso13790,native,True,24.184063232289418,0.0,0.0,23.30000000000001,2401.314269240458
17758800.0,900,iso13790,native,True,24.578004215031736,0.0,0.0,25.0,1475.1985719974095
17762400.0,900,iso13790,native,True,24.825140452186844,0.0,0.0,21.100000000000023,2249.6639785216435
17766000.0,900,iso13790,native,True,23.92588114913145,0.0,0.0,13.300000000000011,793.848852
17769600.0,900,iso13790,native,True,24.572953914836614,0.0,0.0,18.30000000000001,1267.7395546099424
17773200.0,900,iso13790,native,True,25.119160358853605,0.0,0.0,20.600000000000023,1657.588718507075
17776800.0,900,iso13790,native,True,25.133284178807624,0.0,0.0,19.400000000000034,1229.0366081017805
17780400.0,900,iso13790,native,True,24.956445713175682,0.0,0.0,18.900000000000034,406.518386358106
17784000.0,900,iso13790,native,True,24.583242822409805,0.0,0.0,17.200000000000045,-92.57899557069555
17787600.0,900,iso13790,native,True,24.254425950925516,0.0,0.0,15.600000000000023,-101.56212000000002
17791200.0,900,iso13790,native,True,23.884077291594306,0.0,0.0,13.900000000000034,-101.56212000000002
17794800.0,900,iso13790,native,True,23.774269451989415,0.0,0.0,15.0,-101.56212000000002
17798400.0,900,iso13790,native,True,23.51650218748496,0.0,0.0,14.400000000000034,-101.56212000000002
17802000.0,900,iso13790,native,True,23.260551903723226,0.0,0.0,13.900000000000034,-101.56212000000002
17805600.0,900,iso13790,native,True,22.987890039960725,0.0,0.0,13.300000000000011,-101.56212000000002
17809200.0,900,iso13790,native,True,22.65435480855855,0.0,0.0,12.200000000000045,-101.56212000000002
17812800.0,900,iso13790,native,True,22.41697345547949,0.0,0.0,12.200000000000045,-101.56212000000002
17816400.0,900,iso13790,native,True,22.13318196121963,0.0,0.0,11.700000000000045,-101.23690509633154
17820000.0,900,iso13790,native,True,22.21168005866466,0.0,0.0,13.900000000000034,133.43181114738366
17823600.0,900,iso13790,native,True,22.464093370983957,0.0,0.0,16.700000000000045,385.4692925274626
17827200.0,900,iso13790,native,True,22.727021984606587,0.0,0.0,18.900000000000034,510.07899606658543
17830800.0,900,iso13790,native,True,23.2159811655914,0.0,0.0,21.700000000000045,877.1579934262
17834400.0,900,iso13790,native,True,23.7459099030713,0.0,0.0,23.900000000000034,1149.191745000392
17838000.0,900,iso13790,native,True,24.59691788058134,0.0,0.0,26.100000000000023,2035.2537538501379
17841600.0,900,iso13790,native,True,24.780363677597297,0.0,0.0,25.0,1394.9075575484815
17845200.0,900,iso13790,native,True,25.18269321381225,0.0,0.0,25.600000000000023,1344.5218919757262
17848800.0,900,iso13790,native,True,25.706307708103402,0.0,0.0,25.0,2001.5931436281783
17852400.0,900,iso13790,native,True,24.815141984238544,0.0,0.0,15.0,1149.855624
17856000.0,900,iso13790,native,True,25.395898574044374,0.0,0.0,20.0,1166.03775
17859600.0,900,iso13790,native,True,25.587847685107068,0.0,0.0,20.600000000000023,1064.707924489007
17863200.0,900,iso13790,native,True,25.77402704220674,0.0,0.0,20.600000000000023,1155.6450095231182
17866800.0,900,iso13790,native,True,25.554971023902908,0.0,0.0,20.0,249.20079058948662
17870400.0,900,iso13790,native,True,25.1012101652926,0.0,0.0,17.200000000000045,-92.54519831089718
17874000.0,900,iso13790,native,True,24.811786746606188,0.0,0.0,16.100000000000023,-101.56212000000002
17877600.0,900,iso13790,native,True,24.566118323213303,0.0,0.0,15.600000000000023,-101.56212000000002
17881200.0,900,iso13790,native,True,24.30347710751598,0.0,0.0,15.0,-101.56212000000002
17884800.0,900,iso13790,native,True,23.979707948015577,0.0,0.0,13.900000000000034,-101.56212000000002
17888400.0,900,iso13790,native,True,23.688775810169204,0.0,0.0,13.300000000000011,-101.56212000000002
17892000.0,900,iso13790,native,True,23.453060502010757,0.0,0.0,13.300000000000011,-101.56212000000002
17895600.0,900,iso13790,native,True,23.170776288831874,0.0,0.0,12.800000000000011,-101.56212000000002
17899200.0,900,iso13790,native,True,22.935518261385766,0.0,0.0,12.800000000000011,-101.56212000000002
17902800.0,900,iso13790,native,True,22.643633371367578,0.0,0.0,12.200000000000045,-100.26302855492165
17906400.0,900,iso13790,native,True,22.668195498454264,0.0,0.0,13.900000000000034,130.70856143371324
17910000.0,900,iso13790,native,True,22.94495944381875,0.0,0.0,17.200000000000045,338.0013088163921
17913600.0,900,iso13790,native,True,23.31994532237161,0.0,0.0,20.600000000000023,450.58786881819105
17917200.0,900,iso13790,native,True,23.75166291505603,0.0,0.0,22.80000000000001,791.3076188569923
17920800.0,900,iso13790,native,True,24.022960918924415,0.0,0.0,23.900000000000034,675.717660035695
17924400.0,900,iso13790,native,True,24.53703173660069,0.0,0.0,26.100000000000023,926.2439941323753
17928000.0,900,iso13790,native,True,25.07634273879793,0.0,0.0,26.700000000000045,1446.1122548794606
17931600.0,900,iso13790,native,True,25.448483811378708,0.0,0.0,27.200000000000045,1210.2246544435475
17935200.0,900,iso13790,native,True,25.976533102828682,0.0,0.0,27.80000000000001,1513.7920897913452
17938800.0,900,iso13790,native,True,26.2721518654931,0.0,0.0,27.80000000000001,1155.9261885458839
17942400.0,900,iso13790,native,True,26.64051073655547,0.0,0.0,27.80000000000001,1238.2820000357601
17946000.0,900,iso13790,native,True,26.999999999999996,0.0,52.50266878423845,27.80000000000001,1793.7635606715812
17949600.0,900,iso13790,native,True,27.0,0.0,163.23370614721438,26.700000000000045,1978.4607161013357
17953200.0,900,iso13790,native,True,27.000000000000004,0.0,192.7742407164861,25.600000000000023,1411.5601281380486
17956800.0,900,iso13790,native,True,26.999999999999996,0.0,66.83319290483576,23.900000000000034,-79.61723581791527
17960400.0,900,iso13790,native,True,26.93368265116639,0.0,0.0,21.700000000000045,-101.56212000000002
17964000.0,900,iso13790,native,True,26.587169773268727,0.0,0.0,19.400000000000034,-101.56212000000002
17967600.0,900,iso13790,native,True,26.38023448741516,0.0,0.0,18.900000000000034,-101.56212000000002
17971200.0,900,iso13790,native,True,26.15534238771607,0.0,0.0,18.30000000000001,-101.56212000000002
17974800.0,900,iso13790,native,True,25.868363321897142,0.0,0.0,17.200000000000045,-101.56212000000002
17978400.0,900,iso13790,native,True,25.560729329485707,0.0,0.0,16.100000000000023,-101.56212000000002
17982000.0,900,iso13790,native,True,25.296033900242158,0.0,0.0,15.600000000000023,-101.56212000000002
17985600.0,900,iso13790,native,True,25.01484906281455,0.0,0.0,15.0,-101.56212000000002
17989200.0,900,iso13790,native,True,24.725680790388548,0.0,0.0,14.400000000000034,-101.2378061645577
17992800.0,900,iso13790,native,True,24.81254288150582,0.0,0.0,16.700000000000045,119.80548313988189
17996400.0,900,iso13790,native,True,25.062968770101627,0.0,0.0,19.400000000000034,389.74820168885947
18000000.0,900,iso13790,native,True,25.407895876816422,0.0,0.0,22.200000000000045,557.4702369029578
18003600.0,900,iso13790,native,True,25.917206581446067,0.0,0.0,25.600000000000023,732.6918934501626
18007200.0,900,iso13790,native,True,26.396508457669615,0.0,0.0,27.80000000000001,865.4894150262095
18010800.0,900,iso13790,native,True,26.866841768951314,0.0,0.0,29.400000000000034,947.1110824190652
18014400.0,900,iso13790,native,True,27.00000000000001,0.0,73.05231245651609,30.0,976.7361109429003
18018000.0,900,iso13790,native,True,27.0,0.0,193.63055966680463,31.100000000000023,966.9473966420788
18021600.0,900,iso13790,native,True,26.99999999999999,0.0,279.9140784655734,31.100000000000023,963.4817971342462
18025200.0,900,iso13790,native,True,27.0,0.0,369.00378136872797,31.100000000000023,1058.7871085365223
18028800.0,900,iso13790,native,True,27.000000000000004,0.0,471.2075644976731,31.700000000000045,1121.693916081561
18032400.0,900,iso13790,native,True,27.000000000000004,0.0,594.9865529994744,31.100000000000023,1752.1486328153806
18036000.0,900,iso13790,native,True,27.0,0.0,670.1872586491064,30.0,1807.5016163521004
18039600.0,900,iso13790,native,True,27.0,0.0,611.8637909626718,28.30000000000001,817.3661551986411
18043200.0,900,iso13790,native,True,26.999999999999996,0.0,447.2512172430534,25.0,-86.7906391795872
18046800.0,900,iso13790,native,True,27.000000000000004,0.0,371.88620160725395,23.900000000000034,-101.56212000000002
18050400.0,900,iso13790,native,True,26.99999999999999,0.0,342.5958148886851,24.400000000000034,-101.56212000000002
18054000.0,900,iso13790,native,True,27.0,0.0,257.15684610813105,22.80000000000001,-101.56212000000002
18057600.0,900,iso13790,native,True,27.000000000000004,0.0,164.191262175318,21.100000000000023,-101.56212000000002
18061200.0,900,iso13790,native,True,27.0,0.0,66.54476057377072,19.400000000000034,-101.56212000000002
18064800.0,900,iso13790,native,True,26.93715504014422,0.0,0.0,18.30000000000001,-101.56212000000002
18068400.0,900,iso13790,native,True,26.57775660906683,0.0,0.0,16.700000000000045,-101.56212000000002
18072000.0,900,iso13790,native,True,26.355023825272003,0.0,0.0,16.700000000000045,-101.56212000000002
18075600.0,900,iso13790,native,True,26.137949603398038,0.0,0.0,16.700000000000045,-101.56212000000002
18079200.0,900,iso13790,native,True,26.003718299936928,0.0,0.0,16.700000000000045,114.4182225373715
18082800.0,900,iso13790,native,True,26.294336951288944,0.0,0.0,20.0,408.24319207276415
18086400.0,900,iso13790,native,True,26.67459171311428,0.0,0.0,23.30000000000001,561.4752819908617
18090000.0,900,iso13790,native,True,27.0,0.0,50.80811953948872,26.700000000000045,737.116848922494
18093600.0,900,iso13790,native,True,26.999999999999996,0.0,196.67350787648783,29.400000000000034,869.8563087422251
18097200.0,900,iso13790,native,True,26.99999999999999,0.0,323.4780186643892,31.100000000000023,951.4458600795102
18100800.0,900,iso13790,native,True,27.0,0.0,434.7817583594362,32.200000000000045,986.453015258756
18104400.0,900,iso13790,native,True,27.0,0.0,539.7463584969253,33.30000000000001,948.0632100076564
18108000.0,900,iso13790,native,True,27.0,0.0,614.4450957316276,33.30000000000001,960.8320236442537
18111600.0,900,iso13790,native,True,26.99999999999999,0.0,686.408467847484,33.30000000000001,998.2893331986184
18115200.0,900,iso13790,native,True,26.999999999999986,0.0,782.7904066227735,32.80000000000001,1459.8503139917436
18118800.0,900,iso13790,native,True,27.000000000000004,0.0,900.6046724445388,32.80000000000001,1821.142119958139
18122400.0,900,iso13790,native,True,26.999999999999996,0.0,892.4306311499736,30.600000000000023,1452.740983898661
18126000.0,900,iso13790,native,True,26.99999999999999,0.0,824.7849902461312,28.900000000000034,718.8673220044697
18129600.0,900,iso13790,native,True,27.0,0.0,582.5733567942139,23.30000000000001,-94.10405487765479
18133200.0,900,iso13790,native,True,27.000000000000014,0.0,469.7120061148915,21.700000000000045,-101.56212000000002
18136800.0,900,iso13790,native,True,27.0,0.0,449.36503510243705,23.30000000000001,-101.56212000000002
18140400.0,900,iso13790,native,True,27.0,0.0,362.27487564964963,22.200000000000045,-101.56212000000002
18144000.0,900,iso13790,native,True,26.999999999999996,0.0,259.5393636396995,20.600000000000023,-101.56212000000002
18147600.0,900,iso13790,native,True,26.999999999999996,0.0,200.91474425404274,20.600000000000023,-101.56212000000002
18151200.0,900,iso13790,native,True,26.99999999999999,0.0,111.52701830539279,19.400000000000034,-101.56212000000002
18154800.0,900,iso13790,native,True,26.999999999999996,0.0,73.94775452149241,20.0,-101.56212000000002
18158400.0,900,iso13790,native,True,26.91354226486568,0.0,0.0,18.30000000000001,-101.56212000000002
18162000.0,900,iso13790,native,True,26.6074167779384,0.0,0.0,17.200000000000045,-101.23877621320237
18165600.0,900,iso13790,native,True,26.702941139264627,0.0,0.0,19.400000000000034,108.2002625779636
18169200.0,900,iso13790,native,True,26.985522692255593,0.0,0.0,22.200000000000045,388.1559273705099
18172800.0,900,iso13790,native,True,26.999999999999996,0.0,114.32043627651929,25.600000000000023,530.9638020067576
18176400.0,900,iso13790,native,True,27.00000000000001,0.0,250.06983130521243,28.900000000000034,640.2474957061133
18180000.0,900,iso13790,native,True,27.0,0.0,396.8598681870624,31.700000000000045,814.0940179123847
18183600.0,900,iso13790,native,True,26.99999999999999,0.0,579.5358795284451,32.80000000000001,1656.8886352730178
18187200.0,900,iso13790,native,True,26.99999999999999,0.0,673.8508421015799,32.200000000000045,1679.870378139728
18190800.0,900,iso13790,native,True,26.99999999999999,0.0,590.3307267156616,22.80000000000001,2623.9807733730013
18194400.0,900,iso13790,native,True,27.0,0.0,856.2745204620638,27.80000000000001,2841.8366210355316
18198000.0,900,iso13790,native,True,26.99999999999998,0.0,942.7497821170886,30.0,1824.8985783834178
18201600.0,900,iso13790,native,True,27.000000000000025,0.0,883.3764583986726,28.30000000000001,1031.1825915866684
18205200.0,900,iso13790,native,True,27.00000000000001,0.0,894.1422080935575,27.80000000000001,1134.349601109006
18208800.0,900,iso13790,native,True,26.999999999999986,0.0,862.836778073886,26.700000000000045,977.5657725160796
18212400.0,900,iso13790,native,True,27.000000000000025,0.0,768.417382973825,26.100000000000023,194.85758978826252
18216000.0,900,iso13790,native,True,27.000000000000004,0.0,646.1563425812495,24.400000000000034,-101.56212000000002
18219600.0,900,iso13790,native,True,27.000000000000004,0.0,518.6111448319577,22.200000000000045,-101.56212000000002
18223200.0,900,iso13790,native,True,27.0,0.0,403.324184873094,20.600000000000023,-101.56212000000002
18226800.0,900,iso13790,native,True,27.0,0.0,315.4209194820913,20.0,-101.56212000000002
18230400.0,900,iso13790,native,True,27.000000000000004,0.0,215.50953874568083,18.900000000000034,-101.56212000000002
18234000.0,900,iso13790,native,True,27.00000000000001,0.0,130.54030692768256,18.30000000000001,-101.56212000000002
18237600.0,900,iso13790,native,True,27.0,0.0,51.062291354239925,17.80000000000001,-101.56212000000002
18241200.0,900,iso13790,native,True,26.898425762038787,0.0,0.0,17.200000000000045,-101.56212000000002
18244800.0,900,iso13790,native,True,26.564622868935697,0.0,0.0,16.100000000000023,-101.56212000000002
18248400.0,900,iso13790,native,True,26.274423364099164,0.0,0.0,15.600000000000023,-101.56212000000002
18252000.0,900,iso13790,native,True,26.225184110999137,0.0,0.0,16.700000000000045,116.59351158382667
18255600.0,900,iso13790,native,True,26.312893874236277,0.0,0.0,18.30000000000001,357.188815550979
18259200.0,900,iso13790,native,True,26.529318139580678,0.0,0.0,20.600000000000023,499.1963921039094
18262800.0,900,iso13790,native,True,26.82301918142633,0.0,0.0,22.80000000000001,652.8101696832555
18266400.0,900,iso13790,native,True,27.0,0.0,52.5631126381905,25.0,774.489456688122
18270000.0,900,iso13790,native,True,27.0,0.0,150.11473133405087,26.700000000000045,820.3988233247712
18273600.0,900,iso13790,native,True,27.000000000000004,0.0,327.1872858456173,28.900000000000034,1438.805917909568
18277200.0,900,iso13790,native,True,26.99999999999999,0.0,409.80221991139496,30.600000000000023,877.5020613556399
18280800.0,900,iso13790,native,True,27.00000000000001,0.0,552.0881439088225,32.80000000000001,1046.2588633649825
18284400.0,900,iso13790,native,True,27.0,0.0,704.8320167609644,33.30000000000001,1673.4535714048272
18288000.0,900,iso13790,native,True,27.0,0.0,781.2032358893016,33.900000000000034,1220.3358022814543
18291600.0,900,iso13790,native,True,27.00000000000001,0.0,818.5226928339099,30.600000000000023,1816.2492229756926
18295200.0,900,iso13790,native,True,27.000000000000014,0.0,870.0004057593347,30.600000000000023,1488.054472260904
18298800.0,900,iso13790,native,True,26.99999999999999,0.0,798.8847599745712,28.900000000000034,680.5056870689664
18302400.0,900,iso13790,native,True,26.999999999999996,0.0,660.4125139002258,26.700000000000045,-97.75850877879853
18306000.0,900,iso13790,native,True,26.999999999999986,0.0,545.0462258692559,24.400000000000034,-101.56212000000002
18309600.0,900,iso13790,native,True,27.0,0.0,464.04424339309713,23.5,-101.56212000000002
18313200.0,900,iso13790,native,True,27.00000000000001,0.0,386.0717925568789,22.700000000000045,-101.56212000000002
18316800.0,900,iso13790,native,True,27.000000000000004,0.0,305.68840890607464,21.80000000000001,-101.56212000000002
18320400.0,900,iso13790,native,True,27.0,0.0,225.3290776760436,20.900000000000034,-101.56212000000002
18324000.0,900,iso13790,native,True,26.999999999999996,0.0,144.99186781963485,20.0,-101.56212000000002
18327600.0,900,iso13790,native,True,27.0,0.0,67.63081837345429,19.200000000000045,-101.56212000000002
18331200.0,900,iso13790,native,True,26.956649079507546,0.0,0.0,18.30000000000001,-101.56212000000002
18334800.0,900,iso13790,native,True,26.880564765490714,0.0,0.0,19.400000000000034,-101.56212000000002
18338400.0,900,iso13790,native,True,26.550549694934823,0.0,0.0,17.80000000000001,-101.56212000000002
18342000.0,900,iso13790,native,True,26.893992026273583,0.0,0.0,20.600000000000023,577.7533241476182
18345600.0,900,iso13790,native,True,26.85586705396123,0.0,0.0,20.0,605.057382
18349200.0,900,iso13790,native,True,26.999999999999996,0.0,51.4393377477637,21.700000000000045,1000.468961295016
18352800.0,900,iso13790,native,True,27.000000000000004,0.0,152.1499208433967,21.700000000000045,1673.6737239327454
18356400.0,900,iso13790,native,True,27.0,0.0,320.54063838618464,26.100000000000023,1401.1552586203647
18360000.0,900,iso13790,native,True,27.000000000000004,0.0,372.81421154968353,27.0,989.4686786365821
18363600.0,900,iso13790,native,True,27.0,0.0,458.663423833081,28.0,1108.3157309972653
18367200.0,900,iso13790,native,True,27.000000000000014,0.0,556.2201119862264,28.0,1562.7792827429096
18370800.0,900,iso13790,native,True,27.0,0.0,646.3657097277013,29.0,1453.4327495018865
18374400.0,900,iso13790,native,True,27.0,0.0,609.5161921949332,29.0,443.23612199999997
18378000.0,900,iso13790,native,True,27.0,0.0,571.3528665927633,26.100000000000023,851.9696600997281
18381600.0,900,iso13790,native,True,26.999999999999996,0.0,490.9901819937026,19.0,2003.178797218285
18385200.0,900,iso13790,native,True,26.99999999999999,0.0,512.2059463711448,20.0,1529.8685796128998
18388800.0,900,iso13790,native,True,27.000000000000004,0.0,304.81740521147714,18.0,-101.56212000000002
18392400.0,900,iso13790,native,True,27.0,0.0,223.98346432446817,18.0,-101.56212000000002
18396000.0,900,iso13790,native,True,26.99999999999999,0.0,179.19742200726452,19.0,-101.56212000000002
18399600.0,900,iso13790,native,True,26.999999999999996,0.0,80.12300740464933,17.80000000000001,-101.56212000000002
18403200.0,900,iso13790,native,True,27.0,0.0,51.36964048008623,19.0,-101.56212000000002
18406800.0,900,iso13790,native,True,26.992985944444474,0.0,0.0,19.0,-101.56212000000002
18410400.0,900,iso13790,native,True,26.74455585413452,0.0,0.0,18.30000000000001,-101.56212000000002
18414000.0,900,iso13790,native,True,26.442607726161683,0.0,0.0,17.200000000000045,-101.56212000000002
18417600.0,900,iso13790,native,True,26.23601100110798,0.0,0.0,17.200000000000045,-101.56212000000002
18421200.0,900,iso13790,native,True,26.09773164688123,0.0,0.0,17.80000000000001,-101.56212000000002
18424800.0,900,iso13790,native,True,26.03076568752415,0.0,0.0,18.900000000000034,-101.56212000000002
18428400.0,900,iso13790,native,True,26.20388226457138,0.0,0.0,20.0,486.1924078609993
18432000.0,900,iso13790,native,True,26.492352868131793,0.0,0.0,22.80000000000001,476.37818654456464
18435600.0,900,iso13790,native,True,26.787299579383344,0.0,0.0,24.400000000000034,664.6725746821845
18439200.0,900,iso13790,native,True,27.000000000000004,0.0,43.68473854676107,26.700000000000045,645.3446990574564
18442800.0,900,iso13790,native,True,26.999999999999996,0.0,106.40249251295164,27.200000000000045,647.8401512822512
18446400.0,900,iso13790,native,True,27.0,0.0,203.52544983390592,28.900000000000034,652.7895372230772
18450000.0,900,iso13790,native,True,27.000000000000004,0.0,313.8572254115982,30.600000000000023,742.7698701608133
18453600.0,900,iso13790,native,True,27.0,0.0,426.05469262742236,30.0,1439.5607253853705
18457200.0,900,iso13790,native,True,27.0,0.0,183.37712616683362,21.700000000000045,583.481214
18460800.0,900,iso13790,native,True,27.0,0.0,202.0217981546565,22.80000000000001,475.600374
18464400.0,900,iso13790,native,True,26.999999999999996,0.0,178.72376540192698,22.80000000000001,276.02082
18468000.0,900,iso13790,native,True,26.99999999999999,0.0,263.22586078723293,25.600000000000023,427.0539959999999
18471600.0,900,iso13790,native,True,27.0,0.0,220.30881406203164,22.200000000000045,910.2469151811262
18475200.0,900,iso13790,native,True,27.00000000000001,0.0,103.39018013140812,21.100000000000023,-101.56212000000002
18478800.0,900,iso13790,native,True,26.98522761284486,0.0,0.0,18.900000000000034,-101.56212000000002
18482400.0,900,iso13790,native,True,26.986729100442243,0.0,0.0,20.600000000000023,-101.56212000000002
18486000.0,900,iso13790,native,True,26.78961767962468,0.0,0.0,20.0,-101.56212000000002
18489600.0,900,iso13790,native,True,26.466644772052682,0.0,0.0,18.30000000000001,-101.56212000000002
18493200.0,900,iso13790,native,True,26.17175701947526,0.0,0.0,17.200000000000045,-101.56212000000002
18496800.0,900,iso13790,native,True,25.972041299853196,0.0,0.0,17.200000000000045,-101.56212000000002
18500400.0,900,iso13790,native,True,25.84046813801687,0.0,0.0,17.80000000000001,-101.56212000000002
18504000.0,900,iso13790,native,True,25.433159884866615,0.0,0.0,15.600000000000023,-101.56212000000002
18507600.0,900,iso13790,native,True,25.379743416111125,0.0,0.0,17.200000000000045,-101.56212000000002
18511200.0,900,iso13790,native,True,25.147591638444567,0.0,0.0,16.700000000000045,-101.56212000000002
18514800.0,900,iso13790,native,True,25.420168018351806,0.0,0.0,19.400000000000034,387.68377525035
18518400.0,900,iso13790,native,True,25.675773699677617,0.0,0.0,21.700000000000045,479.3146828009257
18522000.0,900,iso13790,native,True,25.98385326995885,0.0,0.0,23.900000000000034,546.4740428005917
18525600.0,900,iso13790,native,True,26.41647704045093,0.0,0.0,26.700000000000045,610.5397605833565
18529200.0,900,iso13790,native,True,26.8190631235929,0.0,0.0,28.30000000000001,736.3497254186359
18532800.0,900,iso13790,native,True,27.00000000000001,0.0,67.88614400726776,30.0,727.0817787005924
18536400.0,900,iso13790,native,True,26.999999999999996,0.0,179.64940310404154,31.100000000000023,776.3590042911001
18540000.0,900,iso13790,native,True,26.999999999999996,0.0,270.09365077296246,31.700000000000045,741.9950075339809
18543600.0,900,iso13790,native,True,27.0,0.0,347.5336248630431,32.200000000000045,658.1218570393504
18547200.0,900,iso13790,native,True,27.000000000000004,0.0,487.01001626427865,32.80000000000001,1237.989474653872
18550800.0,900,iso13790,native,True,27.000000000000004,0.0,660.0416868973235,32.80000000000001,2045.826373630934
18554400.0,900,iso13790,native,True,27.00000000000001,0.0,777.2318092008671,31.700000000000045,2272.169913680511
18558000.0,900,iso13790,native,True,27.000000000000014,0.0,730.2280094730824,28.30000000000001,1577.736079657725
18561600.0,900,iso13790,native,True,27.00000000000001,0.0,574.5439461684006,26.700000000000045,-101.56212000000002
18565200.0,900,iso13790,native,True,27.00000000000001,0.0,516.4721885774853,26.100000000000023,-101.56212000000002
18568800.0,900,iso13790,native,True,27.000000000000004,0.0,461.7321851339115,25.600000000000023,-101.56212000000002
18572400.0,900,iso13790,native,True,26.999999999999996,0.0,404.85920746735735,25.0,-101.56212000000002
18576000.0,900,iso13790,native,True,27.0,0.0,348.26592492440926,24.400000000000034,-101.56212000000002
18579600.0,900,iso13790,native,True,27.000000000000004,0.0,244.6368414028427,22.200000000000045,-101.56212000000002
18583200.0,900,iso13790,native,True,27.0,0.0,151.34589188235262,20.600000000000023,-101.56212000000002
18586800.0,900,iso13790,native,True,27.0,0.0,51.1587230100739,18.900000000000034,-101.56212000000002
18590400.0,900,iso13790,native,True,26.989755583430032,0.0,0.0,18.900000000000034,-101.56212000000002
18594000.0,900,iso13790,native,True,26.99114203721203,0.0,0.0,20.600000000000023,-101.56212000000002
18597600.0,900,iso13790,native,True,26.79391850503151,0.0,0.0,20.0,-101.56212000000002
18601200.0,900,iso13790,native,True,26.99999999999999,0.0,18.95501150551281,22.200000000000045,419.6872781186412
18604800.0,900,iso13790,native,True,27.000000000000004,0.0,98.88735276093034,23.900000000000034,676.7020003437933
18608400.0,900,iso13790,native,True,27.000000000000014,0.0,205.05252668798386,26.700000000000045,659.2564680634445
18612000.0,900,iso13790,native,True,27.000000000000004,0.0,329.3903810300986,29.400000000000034,748.184117315048
18615600.0,900,iso13790,native,True,27.0,0.0,426.21562695205495,29.400000000000034,1210.4022832978267
18619200.0,900,iso13790,native,True,27.000000000000014,0.0,480.44661653525293,30.0,871.5204785854334
18622800.0,900,iso13790,native,True,26.999999999999996,0.0,551.2732766152018,31.100000000000023,755.9702998900336
18626400.0,900,iso13790,native,True,27.00000000000001,0.0,623.0799062562932,31.100000000000023,1021.2973558287786
18630000.0,900,iso13790,native,True,27.000000000000004,0.0,788.0923028679382,32.200000000000045,1786.5080021503793
18633600.0,900,iso13790,native,True,27.0,0.0,853.4181016883341,31.700000000000045,1622.814416793148
18637200.0,900,iso13790,native,True,26.99999999999999,0.0,856.2214997943429,31.700000000000045,877.7271688048652
18640800.0,900,iso13790,native,True,27.00000000000001,0.0,763.5729839528655,30.0,135.775728
18644400.0,900,iso13790,native,True,27.000000000000014,0.0,743.4744791464592,27.80000000000001,755.9651113980551
18648000.0,900,iso13790,native,True,26.99999999999999,0.0,645.4926446112322,27.200000000000045,-101.56212000000002
18651600.0,900,iso13790,native,True,26.999999999999986,0.0,588.2525471421806,26.700000000000045,-101.56212000000002
18655200.0,900,iso13790,native,True,27.0,0.0,514.3011200995222,25.600000000000023,-101.56212000000002
18658800.0,900,iso13790,native,True,27.00000000000001,0.0,453.2076486575813,25.0,-101.56212000000002
18662400.0,900,iso13790,native,True,27.000000000000004,0.0,392.7327144276375,24.400000000000034,-101.56212000000002
18666000.0,900,iso13790,native,True,26.999999999999996,0.0,350.5615484854373,24.400000000000034,-101.56212000000002
18669600.0,900,iso13790,native,True,27.000000000000004,0.0,264.4830512631624,22.80000000000001,-101.56212000000002
18673200.0,900,iso13790,native,True,27.0,0.0,203.44324893833755,22.200000000000045,-101.56212000000002
18676800.0,900,iso13790,native,True,26.999999999999996,0.0,128.23859975490393,21.100000000000023,-101.56212000000002
18680400.0,900,iso13790,native,True,27.0,0.0,83.72741133475463,21.100000000000023,-101.56212000000002
18684000.0,900,iso13790,native,True,26.999999999999996,0.0,42.789800994226624,21.100000000000023,-101.56212000000002
18687600.0,900,iso13790,native,True,27.000000000000004,0.0,151.3159308196303,23.900000000000034,528.3055878819584
18691200.0,900,iso13790,native,True,27.0,0.0,273.71880062858355,27.200000000000045,656.7582079592737
18694800.0,900,iso13790,native,True,27.000000000000004,0.0,388.68413876985,29.400000000000034,820.1737116797103
18698400.0,900,iso13790,native,True,27.0,0.0,498.6821405646178,31.100000000000023,917.9459108309838
18702000.0,900,iso13790,native,True,27.0,0.0,614.5395466762493,33.30000000000001,835.1764650968632
18705600.0,900,iso13790,native,True,27.000000000000004,0.0,663.3356145553831,32.80000000000001,865.2630860702664
18709200.0,900,iso13790,native,True,27.0,0.0,740.5951176093251,33.30000000000001,940.700640014614
18712800.0,900,iso13790,native,True,26.999999999999996,0.0,787.6702260128295,33.30000000000001,843.7051026423
18716400.0,900,iso13790,native,True,26.99999999999999,0.0,842.4336418150045,33.900000000000034,743.0263379689666
18720000.0,900,iso13790,native,True,26.999999999999996,0.0,933.0790036590062,33.900000000000034,1236.7873317463489
18723600.0,900,iso13790,native,True,27.000000000000004,0.0,1066.075175318791,33.30000000000001,2101.5060449873176
18727200.0,900,iso13790,native,True,27.0,0.0,1133.2901559278778,32.200000000000045,2086.1551004614294
18730800.0,900,iso13790,native,True,27.000000000000004,0.0,946.8997768519316,28.30000000000001,514.8172097370242
18734400.0,900,iso13790,native,True,27.000000000000018,0.0,830.9979571797081,27.200000000000045,-101.56212000000002
18738000.0,900,iso13790,native,True,26.999999999999986,0.0,773.6436521202849,27.200000000000045,-101.56212000000002
18741600.0,900,iso13790,native,True,26.99999999999999,0.0,688.3800684384955,26.100000000000023,-101.56212000000002
18745200.0,900,iso13790,native,True,27.0,0.0,602.1035609226343,25.0,-101.56212000000002
18748800.0,900,iso13790,native,True,27.000000000000004,0.0,497.1605618031351,23.30000000000001,-101.56212000000002
18752400.0,900,iso13790,native,True,26.999999999999996,0.0,438.7471069171305,23.30000000000001,-101.56212000000002
18756000.0,900,iso13790,native,True,26.99999999999999,0.0,385.0233727360705,23.30000000000001,-101.56212000000002
18759600.0,900,iso13790,native,True,27.0,0.0,320.8337700670261,22.80000000000001,-101.56212000000002
18763200.0,900,iso13790,native,True,26.999999999999996,0.0,240.4907784305137,21.700000000000045,-101.56212000000002
18766800.0,900,iso13790,native,True,27.000000000000004,0.0,173.5188887729148,21.100000000000023,-101.56212000000002
18770400.0,900,iso13790,native,True,27.000000000000004,0.0,143.10726537652937,21.700000000000045,-101.56212000000002
18774000.0,900,iso13790,native,True,27.000000000000014,0.0,183.71331814760364,22.200000000000045,566.3603425291234
18777600.0,900,iso13790,native,True,27.0,0.0,278.2810731097257,24.400000000000034,864.7713649581879
18781200.0,900,iso13790,native,True,27.000000000000004,0.0,358.7050339807044,25.600000000000023,1055.4114886740688
18784800.0,900,iso13790,native,True,27.0,0.0,500.69383943649945,29.0,1075.5296651814604
18788400.0,900,iso13790,native,True,27.000000000000004,0.0,648.5128695855486,31.100000000000023,1395.0468543450675
18792000.0,900,iso13790,native,True,26.99999999999999,0.0,745.6938970348119,32.200000000000045,1281.1275384095304
18795600.0,900,iso13790,native,True,26.999999999999996,0.0,834.8862346997142,33.30000000000001,1156.086788474678
18799200.0,900,iso13790,native,True,27.00000000000001,0.0,843.2949455646292,31.700000000000045,1089.9172578064463
18802800.0,900,iso13790,native,True,27.000000000000014,0.0,824.4069603189171,28.30000000000001,1441.2717229784935
18806400.0,900,iso13790,native,True,27.0,0.0,642.0494863353575,22.200000000000045,975.6869477692333
18810000.0,900,iso13790,native,True,26.999999999999986,0.0,576.9245033514188,22.80000000000001,276.02082
18813600.0,900,iso13790,native,True,27.0,0.0,431.8905991539469,20.0,108.80551799999998
18817200.0,900,iso13790,native,True,26.99999999999999,0.0,460.71232572730366,21.100000000000023,707.4202114798259
18820800.0,900,iso13790,native,True,27.00000000000001,0.0,374.97399166944155,21.700000000000045,-101.56212000000002
18824400.0,900,iso13790,native,True,26.999999999999996,0.0,282.4260500934843,20.600000000000023,-101.56212000000002
18828000.0,900,iso13790,native,True,27.000000000000004,0.0,186.49419386819864,19.400000000000034,-101.56212000000002
18831600.0,900,iso13790,native,True,26.99999999999999,0.0,142.89619491251457,20.0,-101.56212000000002
18835200.0,900,iso13790,native,True,27.0,0.0,56.835951290108554,18.900000000000034,-101.56212000000002
18838800.0,900,iso13790,native,True,27.000000000000004,0.0,17.119784425033536,19.400000000000034,-101.56212000000002
18842400.0,900,iso13790,native,True,26.891127444947198,0.0,0.0,19.400000000000034,-101.56212000000002
18846000.0,900,iso13790,native,True,26.792096104030968,0.0,0.0,20.0,-101.56212000000002
18849600.0,900,iso13790,native,True,26.35343419359284,0.0,0.0,17.200000000000045,-101.56212000000002
18853200.0,900,iso13790,native,True,26.096545646321516,0.0,0.0,16.700000000000045,-101.56212000000002
18856800.0,900,iso13790,native,True,26.232916218132978,0.0,0.0,20.0,-101.56212000000002
18860400.0,900,iso13790,native,True,26.369365590722857,0.0,0.0,20.600000000000023,466.86480005259807
18864000.0,900,iso13790,native,True,26.566110745439655,0.0,0.0,22.200000000000045,534.0024902871033
18867600.0,900,iso13790,native,True,27.000000000000004,0.0,3.651769521054842,25.0,807.3480536871274
18871200.0,900,iso13790,native,True,26.999999999999996,0.0,119.68828649393039,27.200000000000045,831.2220845253667
18874800.0,900,iso13790,native,True,26.999999999999996,0.0,286.9264741789525,31.100000000000023,786.5700964270014
18878400.0,900,iso13790,native,True,26.999999999999996,0.0,422.7162747632341,32.80000000000001,959.0382889976349
18882000.0,900,iso13790,native,True,26.999999999999996,0.0,478.014675341976,32.200000000000045,890.7927726861512
18885600.0,900,iso13790,native,True,26.999999999999996,0.0,643.6954650345583,33.900000000000034,1371.5538024783957
18889200.0,900,iso13790,native,True,26.99999999999999,0.0,725.861888706858,33.30000000000001,1419.264200907616
18892800.0,900,iso13790,native,True,27.000000000000025,0.0,828.1564512842984,32.80000000000001,1716.8298350201421
18896400.0,900,iso13790,native,True,26.999999999999986,0.0,898.5423237385744,30.600000000000023,2133.9429676146196
18900000.0,900,iso13790,native,True,27.0,0.0,1008.5336836051963,30.0,2435.080833161458
18903600.0,900,iso13790,native,True,27.00000000000003,0.0,937.2129144250773,27.80000000000001,1353.5207278182288
18907200.0,900,iso13790,native,True,27.0,0.0,717.0781528560664,24.400000000000034,-101.56212000000002
18910800.0,900,iso13790,native,True,26.999999999999996,0.0,583.8390018433204,22.200000000000045,-101.56212000000002
18914400.0,900,iso13790,native,True,27.000000000000004,0.0,510.60826811166476,22.200000000000045,-101.56212000000002
18918000.0,900,iso13790,native,True,27.0,0.0,428.4777841752662,21.700000000000045,-101.56212000000002
18921600.0,900,iso13790,native,True,27.0,0.0,364.1482593899574,21.700000000000045,-101.56212000000002
18925200.0,900,iso13790,native,True,26.999999999999996,0.0,287.24853632636734,21.100000000000023,-101.56212000000002
18928800.0,900,iso13790,native,True,27.000000000000004,0.0,179.72238888626248,19.400000000000034,-101.56212000000002
18932400.0,900,iso13790,native,True,27.0,0.0,104.15409833810597,18.900000000000034,-101.56212000000002
18936000.0,900,iso13790,native,True,27.000000000000004,0.0,78.37388718767944,20.0,-101.56212000000002
18939600.0,900,iso13790,native,True,26.875461469959387,0.0,0.0,17.80000000000001,-101.56212000000002
18943200.0,900,iso13790,native,True,26.7887371603199,0.0,0.0,18.900000000000034,-101.56212000000002
18946800.0,900,iso13790,native,True,26.99999999999999,0.0,13.71609859900954,21.100000000000023,459.8086672957406
18950400.0,900,iso13790,native,True,26.999999999999996,0.0,102.95313754110953,23.900000000000034,535.9455697528716
18954000.0,900,iso13790,native,True,27.0,0.0,189.3293136056739,26.100000000000023,586.3283785653492
18957600.0,900,iso13790,native,True,27.0,0.0,281.79971717377975,27.80000000000001,726.3889435585862
18961200.0,900,iso13790,native,True,27.00000000000001,0.0,450.6980137030814,30.600000000000023,1171.1714626595449
18964800.0,900,iso13790,native,True,26.99999999999999,0.0,575.3175369437477,31.700000000000045,1342.6972749390457
18968400.0,900,iso13790,native,True,26.999999999999996,0.0,632.9096865607312,32.200000000000045,942.3766979982064
18972000.0,900,iso13790,native,True,26.999999999999996,0.0,744.1870859789426,33.30000000000001,1151.2972440628387
18975600.0,900,iso13790,native,True,26.999999999999996,0.0,735.350540906276,31.700000000000045,844.4026875740706
18979200.0,900,iso13790,native,True,27.0,0.0,856.270841569728,32.200000000000045,1501.5812838874067
18982800.0,900,iso13790,native,True,27.000000000000004,0.0,962.5058408794044,31.100000000000023,2146.7823032330693
18986400.0,900,iso13790,native,True,26.999999999999986,0.0,923.1320381437384,26.700000000000045,2087.751128520279
18990000.0,900,iso13790,native,True,27.0,0.0,756.2614229263692,26.100000000000023,-36.83361600000002
18993600.0,900,iso13790,native,True,27.000000000000004,0.0,596.9251860339807,22.80000000000001,-101.56212000000002
18997200.0,900,iso13790,native,True,26.999999999999996,0.0,509.19528695536957,22.200000000000045,-101.56212000000002
19000800.0,900,iso13790,native,True,27.00000000000001,0.0,427.17824412593916,21.700000000000045,-101.56212000000002
19004400.0,900,iso13790,native,True,26.99999999999999,0.0,312.7041969893302,20.0,-101.56212000000002
19008000.0,900,iso13790,native,True,27.00000000000001,0.0,195.27603785597924,18.30000000000001,-101.56212000000002
19011600.0,900,iso13790,native,True,27.0,0.0,143.11468357389123,18.900000000000034,-101.56212000000002
19015200.0,900,iso13790,native,True,27.0,0.0,81.69255863865645,18.900000000000034,-101.56212000000002
19018800.0,900,iso13790,native,True,27.00000000000001,0.0,7.466815003399454,18.30000000000001,-101.56212000000002
19022400.0,900,iso13790,native,True,26.83160992655004,0.0,0.0,18.30000000000001,-101.56212000000002
19026000.0,900,iso13790,native,True,26.59051892402724,0.0,0.0,17.80000000000001,-101.56212000000002
19029600.0,900,iso13790,native,True,26.33233883909223,0.0,0.0,17.200000000000045,-101.56212000000002
19033200.0,900,iso13790,native,True,26.223174548011556,0.0,0.0,17.200000000000045,162.74593799999997
19036800.0,900,iso13790,native,True,26.00228965664845,0.0,0.0,16.100000000000023,270.62677799999994
19040400.0,900,iso13790,native,True,25.862842388550416,0.0,0.0,15.600000000000023,427.0539959999999
19044000.0,900,iso13790,native,True,25.787090291690134,0.0,0.0,15.600000000000023,545.7229199999999
19047600.0,900,iso13790,native,True,25.61277908955195,0.0,0.0,14.400000000000034,664.391844
19051200.0,900,iso13790,native,True,25.622138861178186,0.0,0.0,14.400000000000034,944.882028
19054800.0,900,iso13790,native,True,26.04285646655699,0.0,0.0,17.200000000000045,1383.5651603085746
19058400.0,900,iso13790,native,True,25.999506228104927,0.0,0.0,17.200000000000045,914.4334521007984
19062000.0,900,iso13790,native,True,26.4538687919184,0.0,0.0,18.30000000000001,1792.670241058158
19065600.0,900,iso13790,native,True,26.558875752416412,0.0,0.0,18.900000000000034,1265.845836661943
19069200.0,900,iso13790,native,True,26.651511806837494,0.0,0.0,18.900000000000034,1163.5955226612364
19072800.0,900,iso13790,native,True,26.46169272893024,0.0,0.0,18.900000000000034,340.749324
19076400.0,900,iso13790,native,True,26.1835755721997,0.0,0.0,18.30000000000001,-69.19786800000001
19080000.0,900,iso13790,native,True,25.891288281399863,0.0,0.0,17.200000000000045,-101.56212000000002
19083600.0,900,iso13790,native,True,25.64614062478714,0.0,0.0,16.700000000000045,-101.56212000000002
19087200.0,900,iso13790,native,True,25.331449655662023,0.0,0.0,15.600000000000023,-101.56212000000002
19090800.0,900,iso13790,native,True,24.81811299911848,0.0,0.0,12.800000000000011,-101.56212000000002
19094400.0,900,iso13790,native,True,24.59356140967436,0.0,0.0,13.300000000000011,-101.56212000000002
19098000.0,900,iso13790,native,True,24.397928627008792,0.0,0.0,13.900000000000034,-101.56212000000002
19101600.0,900,iso13790,native,True,24.15944027411755,0.0,0.0,13.900000000000034,-101.56212000000002
19105200.0,900,iso13790,native,True,23.979568045939477,0.0,0.0,14.400000000000034,-101.56212000000002
19108800.0,900,iso13790,native,True,23.711853500137543,0.0,0.0,13.900000000000034,-101.56212000000002
19112400.0,900,iso13790,native,True,23.42772624728957,0.0,0.0,13.300000000000011,-101.56212000000002
19116000.0,900,iso13790,native,True,23.26171169299382,0.0,0.0,13.900000000000034,-101.56212000000002
19119600.0,900,iso13790,native,True,23.294515004210538,0.0,0.0,15.600000000000023,76.44126599999998
19123200.0,900,iso13790,native,True,23.172184761120427,0.0,0.0,15.0,270.62677799999994
19126800.0,900,iso13790,native,True,23.306260613600895,0.0,0.0,15.600000000000023,745.302474
19130400.0,900,iso13790,native,True,23.92227958231612,0.0,0.0,18.30000000000001,1629.8565606786863
19134000.0,900,iso13790,native,True,24.41204001856319,0.0,0.0,21.700000000000045,1274.2854582999482
19137600.0,900,iso13790,native,True,24.87797403125294,0.0,0.0,22.80000000000001,1535.6112641930013
19141200.0,900,iso13790,native,True,25.415922509493413,0.0,0.0,22.80000000000001,2118.243769561242
19144800.0,900,iso13790,native,True,26.010991813184845,0.0,0.0,25.0,1900.8990879341497
19148400.0,900,iso13790,native,True,26.426511323462975,0.0,0.0,26.100000000000023,1522.36368929858
19152000.0,900,iso13790,native,True,26.867089950201237,0.0,0.0,26.100000000000023,1716.7578666901545
19155600.0,900,iso13790,native,True,26.288633308639945,0.0,0.0,21.700000000000045,270.62677799999994
19159200.0,900,iso13790,native,True,26.0421680949254,0.0,0.0,20.0,103.411476
19162800.0,900,iso13790,native,True,25.736189419064498,0.0,0.0,17.200000000000045,297.02462586381876
19166400.0,900,iso13790,native,True,25.490998759076664,0.0,0.0,17.200000000000045,-101.56212000000002
19170000.0,900,iso13790,native,True,25.192951773611757,0.0,0.0,16.100000000000023,-101.56212000000002
19173600.0,900,iso13790,native,True,24.93759979187317,0.0,0.0,15.600000000000023,-101.56212000000002
19177200.0,900,iso13790,native,True,24.728589778229153,0.0,0.0,15.600000000000023,-101.56212000000002
19180800.0,900,iso13790,native,True,24.524889697340154,0.0,0.0,15.600000000000023,-101.56212000000002
19184400.0,900,iso13790,native,True,24.263295901463305,0.0,0.0,15.0,-101.56212000000002
19188000.0,900,iso13790,native,True,23.993104841960434,0.0,0.0,14.400000000000034,-101.56212000000002
19191600.0,900,iso13790,native,True,23.777603681739883,0.0,0.0,14.400000000000034,-101.56212000000002
19195200.0,900,iso13790,native,True,23.3993940347458,0.0,0.0,12.800000000000011,-101.56212000000002
19198800.0,900,iso13790,native,True,23.21088522702172,0.0,0.0,13.300000000000011,-101.56212000000002
19202400.0,900,iso13790,native,True,23.0503795534541,0.0,0.0,13.900000000000034,-101.56212000000002
19206000.0,900,iso13790,native,True,23.16843763994618,0.0,0.0,15.0,475.7188570067474
19209600.0,900,iso13790,native,True,23.540743696207617,0.0,0.0,17.80000000000001,845.7842314572462
19213200.0,900,iso13790,native,True,23.893179647587495,0.0,0.0,20.600000000000023,764.642892656311
19216800.0,900,iso13790,native,True,24.22843235609077,0.0,0.0,22.80000000000001,686.9814494330071
19220400.0,900,iso13790,native,True,24.63300952907165,0.0,0.0,25.0,717.5199011711157
19224000.0,900,iso13790,native,True,25.031140277897983,0.0,0.0,26.700000000000045,731.0097825547244
19227600.0,900,iso13790,native,True,25.568103372066215,0.0,0.0,28.30000000000001,1061.099880026795
19231200.0,900,iso13790,native,True,26.025037052703215,0.0,0.0,29.400000000000034,1039.7203620351124
19234800.0,900,iso13790,native,True,26.56249436368355,0.0,0.0,29.400000000000034,1533.4728113579765
19238400.0,900,iso13790,native,True,26.937873768124444,0.0,0.0,28.30000000000001,1637.4923447542037
19242000.0,900,iso13790,native,True,27.0,0.0,92.83537389961654,26.700000000000045,1977.356485634939
19245600.0,900,iso13790,native,True,26.999999999999996,0.0,189.87526725526138,27.200000000000045,1555.685444147422
19249200.0,900,iso13790,native,True,27.000000000000004,0.0,136.57444975201906,23.900000000000034,1052.889371393368
19252800.0,900,iso13790,native,True,27.0,0.0,32.83322970650844,22.80000000000001,-101.56212000000002
19256400.0,900,iso13790,native,True,26.913272712714882,0.0,0.0,21.700000000000045,-101.56212000000002
19260000.0,900,iso13790,native,True,26.693415848668533,0.0,0.0,20.600000000000023,-101.56212000000002
19263600.0,900,iso13790,native,True,26.56682484587935,0.0,0.0,20.600000000000023,-101.56212000000002
19267200.0,900,iso13790,native,True,26.20168637351416,0.0,0.0,18.30000000000001,-101.56212000000002
19270800.0,900,iso13790,native,True,25.913529931339443,0.0,0.0,17.200000000000045,-101.56212000000002
19274400.0,900,iso13790,native,True,25.899069298257277,0.0,0.0,18.900000000000034,-101.56212000000002
19278000.0,900,iso13790,native,True,25.686401276983588,0.0,0.0,18.30000000000001,-101.56212000000002
19281600.0,900,iso13790,native,True,25.29570969682815,0.0,0.0,16.100000000000023,-101.56212000000002
19285200.0,900,iso13790,native,True,25.153373171748424,0.0,0.0,16.700000000000045,-101.56212000000002
19288800.0,900,iso13790,native,True,24.90375832845913,0.0,0.0,16.100000000000023,-101.56212000000002
19292400.0,900,iso13790,native,True,25.211117644453044,0.0,0.0,18.900000000000034,480.74765398195245
19296000.0,900,iso13790,native,True,25.630140204046402,0.0,0.0,22.80000000000001,523.5187903298838
19299600.0,900,iso13790,native,True,25.839036814991683,0.0,0.0,23.30000000000001,704.7758749853184
19303200.0,900,iso13790,native,True,26.221917746225625,0.0,0.0,25.0,889.5719204414567
19306800.0,900,iso13790,native,True,26.718371503679265,0.0,0.0,27.80000000000001,863.5938350166673
19310400.0,900,iso13790,native,True,27.000000000000004,0.0,3.3693340326409125,28.30000000000001,798.5531020399847
19314000.0,900,iso13790,native,True,27.0,0.0,113.95431096415018,29.400000000000034,862.1522978693981
19317600.0,900,iso13790,native,True,27.000000000000004,0.0,194.3315889420343,30.0,744.2353683719984
19321200.0,900,iso13790,native,True,27.000000000000004,0.0,276.7294989796879,30.0,915.2614998513676
19324800.0,900,iso13790,native,True,27.000000000000004,0.0,422.1009604954333,30.0,1674.219696552922
19328400.0,900,iso13790,native,True,27.000000000000004,0.0,549.3632604411105,30.0,1910.9726514267609
19332000.0,900,iso13790,native,True,27.0,0.0,665.9073571992224,28.900000000000034,2322.746251309268
19335600.0,900,iso13790,native,True,26.999999999999996,0.0,570.4882112092354,25.600000000000023,1197.4326470527892
19339200.0,900,iso13790,native,True,27.000000000000004,0.0,420.55434460410476,23.900000000000034,-101.56212000000002
19342800.0,900,iso13790,native,True,27.00000000000001,0.0,307.54963261486307,21.700000000000045,-101.56212000000002
19346400.0,900,iso13790,native,True,27.0,0.0,202.67996134340277,20.0,-101.56212000000002
19350000.0,900,iso13790,native,True,26.999999999999996,0.0,111.81998163626385,18.900000000000034,-101.56212000000002
19353600.0,900,iso13790,native,True,27.000000000000004,0.0,20.396384412645748,17.80000000000001,-101.56212000000002
19357200.0,900,iso13790,native,True,26.74556988488909,0.0,0.0,16.700000000000045,-101.56212000000002
19360800.0,900,iso13790,native,True,26.45550502998494,0.0,0.0,16.100000000000023,-101.56212000000002
19364400.0,900,iso13790,native,True,26.168077681262364,0.0,0.0,15.600000000000023,-101.56212000000002
19368000.0,900,iso13790,native,True,25.980364470496678,0.0,0.0,16.100000000000023,-101.56212000000002
19371600.0,900,iso13790,native,True,25.641939395467464,0.0,0.0,15.0,-101.56212000000002
19375200.0,900,iso13790,native,True,25.46286117407289,0.0,0.0,15.600000000000023,-101.56212000000002
19378800.0,900,iso13790,native,True,25.674879099270147,0.0,0.0,17.200000000000045,641.9137052693281
19382400.0,900,iso13790,native,True,26.007030974988098,0.0,0.0,19.400000000000034,997.3762155124797
19386000.0,900,iso13790,native,True,26.343846079053325,0.0,0.0,21.700000000000045,989.3381495999145
19389600.0,900,iso13790,native,True,26.62851329084296,0.0,0.0,23.30000000000001,906.7118992827632
19393200.0,900,iso13790,native,True,26.99999999999999,0.0,81.10998112625892,27.80000000000001,977.3568169113599
19396800.0,900,iso13790,native,True,26.999999999999996,0.0,250.97292125157023,28.30000000000001,1795.4035155126849
19400400.0,900,iso13790,native,True,27.000000000000004,0.0,244.796780695734,23.0,2173.7819763025236
19404000.0,900,iso13790,native,True,27.00000000000001,0.0,241.044847429931,20.600000000000023,1867.5161137626915
19407600.0,900,iso13790,native,True,27.000000000000004,0.0,301.1274509435586,25.0,551.116962
19411200.0,900,iso13790,native,True,26.999999999999996,0.0,427.9376655856596,25.0,1719.8280873445888
19414800.0,900,iso13790,native,True,27.0,0.0,290.21305539924845,23.0,243.65656799999994
19418400.0,900,iso13790,native,True,27.000000000000004,0.0,229.4907552574972,22.200000000000045,103.411476
19422000.0,900,iso13790,native,True,27.00000000000001,0.0,215.42385043019743,20.600000000000023,754.4703182888275
19425600.0,900,iso13790,native,True,26.999999999999996,0.0,108.4599728983182,20.0,-101.56212000000002
19429200.0,900,iso13790,native,True,27.0,0.0,57.678404832160815,20.0,-101.56212000000002
19432800.0,900,iso13790,native,True,26.975956350353016,0.0,0.0,19.400000000000034,-101.56212000000002
19436400.0,900,iso13790,native,True,26.643517841359024,0.0,0.0,17.80000000000001,-101.56212000000002
19440000.0,900,iso13790,native,True,26.447060058524215,0.0,0.0,17.80000000000001,-101.56212000000002
19443600.0,900,iso13790,native,True,26.255593317017343,0.0,0.0,17.80000000000001,-101.56212000000002
19447200.0,900,iso13790,native,True,26.068990818636898,0.0,0.0,17.80000000000001,-101.56212000000002
19450800.0,900,iso13790,native,True,25.88712898650991,0.0,0.0,17.80000000000001,-101.56212000000002
19454400.0,900,iso13790,native,True,25.762444673298376,0.0,0.0,18.30000000000001,-101.56212000000002
19458000.0,900,iso13790,native,True,25.485447236621432,0.0,0.0,17.200000000000045,-101.56212000000002
19461600.0,900,iso13790,native,True,25.250610036524286,0.0,0.0,16.700000000000045,-101.56212000000002
19465200.0,900,iso13790,native,True,25.41314914131977,0.0,0.0,17.80000000000001,557.3978341818535
19468800.0,900,iso13790,native,True,25.718476273969923,0.0,0.0,19.400000000000034,1003.9756433141043
19472400.0,900,iso13790,native,True,26.152066766814226,0.0,0.0,21.100000000000023,1417.9284170603607
19476000.0,900,iso13790,native,True,26.413242753281338,0.0,0.0,21.700000000000045,1333.4628018818003
19479600.0,900,iso13790,native,True,26.999999999999996,0.0,12.511405346806537,23.900000000000034,1839.844435602118
19483200.0,900,iso13790,native,True,26.999999999999996,0.0,110.19076262702508,23.30000000000001,1965.130466858189
19486800.0,900,iso13790,native,True,27.0,0.0,192.93259287761325,24.400000000000034,1487.7668756030685
19490400.0,900,iso13790,native,True,27.0,0.0,276.51395231824023,22.80000000000001,2087.59253551872
19494000.0,900,iso13790,native,True,26.999999999999996,0.0,328.3090347211421,23.30000000000001,1573.1694917291554
19497600.0,900,iso13790,native,True,27.0,0.0,321.20399355344,25.0,437.84207999999995
19501200.0,900,iso13790,native,True,27.00000000000001,0.0,308.8200874278096,21.700000000000045,1277.243900008361
19504800.0,900,iso13790,native,True,27.000000000000004,0.0,407.33946494681186,21.100000000000023,2142.966025264201
19508400.0,900,iso13790,native,True,27.0,0.0,250.91919648827377,20.0,221.686139075736
19512000.0,900,iso13790,native,True,27.000000000000004,0.0,93.04346433728955,17.200000000000045,-101.56212000000002
19515600.0,900,iso13790,native,True,27.000000000000004,0.0,56.01061579623487,18.30000000000001,-101.56212000000002
19519200.0,900,iso13790,native,True,26.937824220906688,0.0,0.0,17.80000000000001,-101.56212000000002
19522800.0,900,iso13790,native,True,26.670820789473883,0.0,0.0,17.200000000000045,-101.56212000000002
19526400.0,900,iso13790,native,True,26.57405231322204,0.0,0.0,18.30000000000001,-101.56212000000002
19530000.0,900,iso13790,native,True,26.39206189301729,0.0,0.0,18.30000000000001,-101.56212000000002
19533600.0,900,iso13790,native,True,26.099068930385325,0.0,0.0,17.200000000000045,-101.56212000000002
19537200.0,900,iso13790,native,True,25.901199863267745,0.0,0.0,17.200000000000045,-101.56212000000002
19540800.0,900,iso13790,native,True,25.592731653282012,0.0,0.0,16.100000000000023,-101.56212000000002
19544400.0,900,iso13790,native,True,25.379780489939584,0.0,0.0,16.100000000000023,-101.56212000000002
19548000.0,900,iso13790,native,True,25.17223938488926,0.0,0.0,16.100000000000023,-101.56212000000002
19551600.0,900,iso13790,native,True,25.415652889275634,0.0,0.0,18.30000000000001,497.34874592907835
19555200.0,900,iso13790,native,True,25.656800104212074,0.0,0.0,20.0,736.2672371684848
19558800.0,900,iso13790,native,True,26.13546991181374,0.0,0.0,23.30000000000001,921.0772661915362
19562400.0,900,iso13790,native,True,26.749154140438986,0.0,0.0,24.400000000000034,1817.1004210927942
19566000.0,900,iso13790,native,True,27.000000000000004,0.0,82.4942688446862,25.600000000000023,1914.1985440858957
19569600.0,900,iso13790,native,True,27.0,0.0,148.56472211387222,25.600000000000023,1439.6569568662812
19573200.0,900,iso13790,native,True,26.99999999999999,0.0,274.7989360244265,25.0,2078.0660315895184
19576800.0,900,iso13790,native,True,26.999999999999996,0.0,78.70116106248929,18.900000000000034,887.390026969004
19580400.0,900,iso13790,native,True,27.0,0.0,134.19128424056456,21.700000000000045,578.087172
19584000.0,900,iso13790,native,True,26.999999999999996,0.0,211.54644059981658,20.0,1839.4369897300016
19587600.0,900,iso13790,native,True,27.0,0.0,158.72853369619259,20.0,729.4405025069248
19591200.0,900,iso13790,native,True,27.0,0.0,149.20199579091667,19.400000000000034,853.6898057463305
19594800.0,900,iso13790,native,True,27.000000000000004,0.0,154.65178957418806,20.0,734.3420685146978
19598400.0,900,iso13790,native,True,27.0,0.0,16.569572710434176,18.30000000000001,-101.56212000000002
19602000.0,900,iso13790,native,True,26.80882490896772,0.0,0.0,17.80000000000001,-101.56212000000002
19605600.0,900,iso13790,native,True,26.49254143559847,0.0,0.0,16.700000000000045,-101.56212000000002
19609200.0,900,iso13790,native,True,26.20890480883234,0.0,0.0,16.100000000000023,-101.56212000000002
19612800.0,900,iso13790,native,True,25.980299668130787,0.0,0.0,16.100000000000023,-101.56212000000002
19616400.0,900,iso13790,native,True,25.820571025568302,0.0,0.0,16.700000000000045,-101.56212000000002
19620000.0,900,iso13790,native,True,25.501448624271923,0.0,0.0,15.600000000000023,-101.56212000000002
19623600.0,900,iso13790,native,True,25.21504519299577,0.0,0.0,15.0,-101.56212000000002
19627200.0,900,iso13790,native,True,24.805048752742056,0.0,0.0,13.300000000000011,-101.56212000000002
19630800.0,900,iso13790,native,True,24.488417062273548,0.0,0.0,12.800000000000011,-101.56212000000002
19634400.0,900,iso13790,native,True,24.219684160680266,0.0,0.0,12.800000000000011,-101.56212000000002
19638000.0,900,iso13790,native,True,24.481884704170216,0.0,0.0,16.100000000000023,393.4427410152235
19641600.0,900,iso13790,native,True,24.68579042369813,0.0,0.0,18.30000000000001,534.1370161850697
19645200.0,900,iso13790,native,True,25.085121656337883,0.0,0.0,20.600000000000023,964.7140229342073
19648800.0,900,iso13790,native,True,25.68774089293836,0.0,0.0,22.200000000000045,1773.745143954163
19652400.0,900,iso13790,native,True,26.11701954209676,0.0,0.0,22.200000000000045,2009.1070915871624
19656000.0,900,iso13790,native,True,26.565140466337652,0.0,0.0,23.900000000000034,1686.3439472432926
19659600.0,900,iso13790,native,True,26.84435726586171,0.0,0.0,25.600000000000023,997.8793058041617
19663200.0,900,iso13790,native,True,27.0,0.0,27.790141449619444,25.600000000000023,1054.2766712600742
19666800.0,900,iso13790,native,True,27.000000000000004,0.0,115.00795465410548,25.0,1441.5342987534164
19670400.0,900,iso13790,native,True,27.00000000000001,0.0,223.84057250132614,26.100000000000023,1422.680742385252
19674000.0,900,iso13790,native,True,27.0,0.0,241.87718627657134,22.200000000000045,1990.0503138470865
19677600.0,900,iso13790,native,True,27.00000000000001,0.0,326.64213691808266,22.200000000000045,2023.747845153539
19681200.0,900,iso13790,native,True,27.0,0.0,232.93736486172182,19.400000000000034,1154.0761209511734
19684800.0,900,iso13790,native,True,27.0,0.0,37.98277315493405,16.700000000000045,-101.56212000000002
19688400.0,900,iso13790,native,True,26.943327112759277,0.0,0.0,17.200000000000045,-101.56212000000002
19692000.0,900,iso13790,native,True,26.6083834936748,0.0,0.0,16.100000000000023,-101.56212000000002
19695600.0,900,iso13790,native,True,26.190934747075,0.0,0.0,14.400000000000034,-101.56212000000002
19699200.0,900,iso13790,native,True,25.982666115391083,0.0,0.0,15.0,-101.56212000000002
19702800.0,900,iso13790,native,True,25.731862929242492,0.0,0.0,15.0,-101.56212000000002
19706400.0,900,iso13790,native,True,25.48743143806665,0.0,0.0,15.0,-101.56212000000002
19710000.0,900,iso13790,native,True,25.249209767935856,0.0,0.0,15.0,-101.56212000000002
19713600.0,900,iso13790,native,True,24.838345371203065,0.0,0.0,13.300000000000011,-101.56212000000002
19717200.0,900,iso13790,native,True,24.40524173672981,0.0,0.0,11.700000000000045,-101.56212000000002
19720800.0,900,iso13790,native,True,24.16323353203967,0.0,0.0,12.200000000000045,-101.56212000000002
19724400.0,900,iso13790,native,True,24.360935927341515,0.0,0.0,15.0,398.66041599917605
19728000.0,900,iso13790,native,True,24.64640654267632,0.0,0.0,18.30000000000001,510.5412976086343
19731600.0,900,iso13790,native,True,25.02648715322281,0.0,0.0,21.700000000000045,575.8552067085924
19735200.0,900,iso13790,native,True,25.261780935859395,0.0,0.0,22.80000000000001,658.3060352946627
19738800.0,900,iso13790,native,True,25.70227756167188,0.0,0.0,25.0,879.8069981206581
19742400.0,900,iso13790,native,True,26.22300202592992,0.0,0.0,27.200000000000045,1066.794966365623
19746000.0,900,iso13790,native,True,26.455124265255034,0.0,0.0,27.200000000000045,861.5411429466508
19749600.0,900,iso13790,native,True,26.749677357056196,0.0,0.0,28.30000000000001,648.1142562090827
19753200.0,900,iso13790,native,True,26.981316523183708,0.0,0.0,28.30000000000001,653.6289019159344
19756800.0,900,iso13790,native,True,27.000000000000004,0.0,166.05203688237745,28.30000000000001,1726.783896012715
19760400.0,900,iso13790,native,True,27.0,0.0,333.98245248526507,27.80000000000001,2398.9776891094016
19764000.0,900,iso13790,native,True,27.000000000000014,0.0,376.82186260653083,26.700000000000045,1768.3693180694295
19767600.0,900,iso13790,native,True,27.000000000000004,0.0,276.4380386012091,23.30000000000001,883.4143953061534
19771200.0,900,iso13790,native,True,26.99999999999999,0.0,196.4556636093241,23.30000000000001,-101.56212000000002
19774800.0,900,iso13790,native,True,26.999999999999996,0.0,64.64238670939429,20.0,-101.56212000000002
19778400.0,900,iso13790,native,True,26.946176066194308,0.0,0.0,18.900000000000034,-101.56212000000002
19782000.0,900,iso13790,native,True,26.76997487841476,0.0,0.0,18.900000000000034,-101.56212000000002
19785600.0,900,iso13790,native,True,26.53518136187905,0.0,0.0,18.30000000000001,-101.56212000000002
19789200.0,900,iso13790,native,True,26.301621174352263,0.0,0.0,17.80000000000001,-101.56212000000002
19792800.0,900,iso13790,native,True,26.050780582856348,0.0,0.0,17.200000000000045,-101.56212000000002
19796400.0,900,iso13790,native,True,25.854138288914655,0.0,0.0,17.200000000000045,-101.56212000000002
19800000.0,900,iso13790,native,True,25.49430839569169,0.0,0.0,15.600000000000023,-101.56212000000002
19803600.0,900,iso13790,native,True,25.20808636306221,0.0,0.0,15.0,-101.56212000000002
19807200.0,900,iso13790,native,True,25.04003024719963,0.0,0.0,15.600000000000023,-101.56212000000002
19810800.0,900,iso13790,native,True,25.283487320597313,0.0,0.0,18.30000000000001,376.77348461203496
19814400.0,900,iso13790,native,True,25.587357790432925,0.0,0.0,21.100000000000023,531.3577049566137
19818000.0,900,iso13790,native,True,25.992455225906046,0.0,0.0,23.900000000000034,698.2154168211309
19821600.0,900,iso13790,native,True,26.553508318970135,0.0,0.0,26.700000000000045,1029.9780099185402
19825200.0,900,iso13790,native,True,27.000000000000004,0.0,59.60422975935418,30.0,1127.807631668329
19828800.0,900,iso13790,native,True,26.999999999999996,0.0,179.0476411527072,30.0,1327.753955625413
19832400.0,900,iso13790,native,True,27.0,0.0,325.553408467896,31.100000000000023,1448.07271736653
19836000.0,900,iso13790,native,True,27.00000000000001,0.0,445.61056492206666,32.200000000000045,1271.8156424237327
19839600.0,900,iso13790,native,True,27.0,0.0,522.1793893555771,32.200000000000045,1110.6634539118093
19843200.0,900,iso13790,native,True,27.0,0.0,652.2012932491723,31.700000000000045,1785.595839005261
19846800.0,900,iso13790,native,True,27.000000000000004,0.0,814.2201254242341,31.700000000000045,2363.1850038705406
19850400.0,900,iso13790,native,True,27.00000000000001,0.0,819.3714887927996,27.80000000000001,2308.122477232861
19854000.0,900,iso13790,native,True,27.000000000000004,0.0,714.3345405200164,25.600000000000023,973.5924924497239
19857600.0,900,iso13790,native,True,27.0,0.0,511.53185829153915,22.200000000000045,-101.56212000000002
19861200.0,900,iso13790,native,True,26.99999999999999,0.0,461.8411895205247,22.80000000000001,-101.56212000000002
19864800.0,900,iso13790,native,True,26.999999999999996,0.0,417.47046650778975,23.30000000000001,-101.56212000000002
19868400.0,900,iso13790,native,True,27.000000000000004,0.0,318.16188532355994,21.700000000000045,-101.56212000000002
19872000.0,900,iso13790,native,True,26.99999999999999,0.0,244.9541755302923,21.100000000000023,-101.56212000000002
19875600.0,900,iso13790,native,True,26.99999999999999,0.0,176.29340889468673,20.600000000000023,-101.56212000000002
19879200.0,900,iso13790,native,True,26.999999999999996,0.0,106.61729566996442,20.0,-101.56212000000002
19882800.0,900,iso13790,native,True,27.0,0.0,38.24877653549604,19.400000000000034,-101.56212000000002
19886400.0,900,iso13790,native,True,27.000000000000004,0.0,6.552651975613687,20.0,-101.56212000000002
19890000.0,900,iso13790,native,True,26.80874000857147,0.0,0.0,19.400000000000034,-101.56212000000002
19893600.0,900,iso13790,native,True,26.677095045740433,0.0,0.0,19.400000000000034,-22.345814055026974
19897200.0,900,iso13790,native,True,26.978602046295386,0.0,0.0,22.200000000000045,387.4590935397853
19900800.0,900,iso13790,native,True,26.999999999999996,0.0,154.25116411056857,26.700000000000045,623.1939300926713
19904400.0,900,iso13790,native,True,27.00000000000001,0.0,297.86300111327716,30.0,708.672408865905
19908000.0,900,iso13790,native,True,26.999999999999986,0.0,421.8875918407463,31.700000000000045,898.0907455946776
19911600.0,900,iso13790,native,True,27.00000000000001,0.0,509.5227656614145,32.80000000000001,766.1244892757411
19915200.0,900,iso13790,native,True,26.999999999999996,0.0,635.375896266108,34.400000000000034,938.4785075425651
19918800.0,900,iso13790,native,True,26.999999999999996,0.0,785.5039419115888,34.400000000000034,1704.4482138412905
19922400.0,900,iso13790,native,True,27.00000000000001,0.0,895.1644341492502,34.400000000000034,1725.6954637265344
19926000.0,900,iso13790,native,True,27.000000000000014,0.0,888.3152424984451,32.80000000000001,1134.0604528409215
19929600.0,900,iso13790,native,True,27.000000000000014,0.0,823.9188891736447,27.80000000000001,1434.3352176449334
19933200.0,900,iso13790,native,True,27.000000000000014,0.0,809.4021242176966,27.200000000000045,1060.3817876725143
19936800.0,900,iso13790,native,True,27.00000000000001,0.0,761.9886858586223,26.700000000000045,587.1117171972885
19940400.0,900,iso13790,native,True,27.000000000000018,0.0,683.5945505470933,24.400000000000034,618.0133035224206
19944000.0,900,iso13790,native,True,27.0,0.0,524.3405674791978,22.200000000000045,-101.56212000000002
19947600.0,900,iso13790,native,True,27.000000000000004,0.0,473.621552263029,22.80000000000001,-101.56212000000002
19951200.0,900,iso13790,native,True,27.0,0.0,381.01200274142974,21.700000000000045,-101.56212000000002
19954800.0,900,iso13790,native,True,27.000000000000004,0.0,302.7583750592441,21.100000000000023,-101.56212000000002
19958400.0,900,iso13790,native,True,26.999999999999996,0.0,244.23587699709188,21.100000000000023,-101.56212000000002
19962000.0,900,iso13790,native,True,27.0,0.0,125.38392307009129,18.900000000000034,-101.56212000000002
19965600.0,900,iso13790,native,True,27.0,0.0,115.6341670191096,20.600000000000023,-101.56212000000002
19969200.0,900,iso13790,native,True,27.00000000000001,0.0,68.56296767096866,20.600000000000023,-101.56212000000002
19972800.0,900,iso13790,native,True,27.0,0.0,25.27087672551352,20.600000000000023,-101.56212000000002
19976400.0,900,iso13790,native,True,26.885204561082656,0.0,0.0,20.0,-101.56212000000002
19980000.0,900,iso13790,native,True,26.76429141274168,0.0,0.0,20.0,-29.52025423396065
19983600.0,900,iso13790,native,True,27.0,0.0,34.18328541599804,22.80000000000001,503.98038992021895
19987200.0,900,iso13790,native,True,26.999999999999996,0.0,169.21158546368812,25.600000000000023,903.9656629977301
19990800.0,900,iso13790,native,True,26.999999999999996,0.0,344.5027765860447,29.400000000000034,1077.761024607014
19994400.0,900,iso13790,native,True,27.0,0.0,476.2739185430749,30.0,1523.9816908677658
19998000.0,900,iso13790,native,True,27.0,0.0,562.1129448672618,30.0,1483.2075050801875
20001600.0,900,iso13790,native,True,26.99999999999999,0.0,715.4231352414595,31.100000000000023,1882.7195510815584
20005200.0,900,iso13790,native,True,27.0,0.0,796.6570875658027,31.100000000000023,1692.2523142936261
20008800.0,900,iso13790,native,True,27.00000000000001,0.0,736.1053612452919,27.0,1476.984039911511
20012400.0,900,iso13790,native,True,26.999999999999996,0.0,689.7489268313492,25.600000000000023,982.640322
20016000.0,900,iso13790,native,True,27.0,0.0,670.5166518340334,25.600000000000023,707.54418
20019600.0,900,iso13790,native,True,26.999999999999996,0.0,793.4499196504813,25.600000000000023,1995.2866406008534
20023200.0,900,iso13790,native,True,27.0,0.0,648.2128995158379,24.400000000000034,292.20294599999994
20026800.0,900,iso13790,native,True,27.000000000000004,0.0,599.1614766947444,24.0,307.27385800766456
20030400.0,900,iso13790,native,True,26.999999999999996,0.0,468.0469423217465,22.200000000000045,-101.56212000000002
20034000.0,900,iso13790,native,True,27.0,0.0,389.33349186121796,21.700000000000045,-101.56212000000002
20037600.0,900,iso13790,native,True,27.000000000000004,0.0,328.1466642251169,21.700000000000045,-101.56212000000002
20041200.0,900,iso13790,native,True,27.000000000000004,0.0,189.10939596489945,18.900000000000034,-101.56212000000002
20044800.0,900,iso13790,native,True,27.000000000000014,0.0,91.48062277014193,17.80000000000001,-101.56212000000002
20048400.0,900,iso13790,native,True,27.0,0.0,109.10845117657372,20.600000000000023,-101.56212000000002
20052000.0,900,iso13790,native,True,26.980716250537306,0.0,0.0,18.30000000000001,-101.56212000000002
20055600.0,900,iso13790,native,True,26.904020506199288,0.0,0.0,19.400000000000034,-101.56212000000002
20059200.0,900,iso13790,native,True,26.689035576905663,0.0,0.0,18.900000000000034,-101.56212000000002
20062800.0,900,iso13790,native,True,26.51936708429659,0.0,0.0,18.900000000000034,-101.56212000000002
20066400.0,900,iso13790,native,True,26.26029693372999,0.0,0.0,17.80000000000001,-40.35569925770456
20070000.0,900,iso13790,native,True,26.59767890764523,0.0,0.0,21.100000000000023,417.68636894018965
20073600.0,900,iso13790,native,True,26.982806056708473,0.0,0.0,23.900000000000034,669.09100760729
20077200.0,900,iso13790,native,True,26.99999999999999,0.0,118.63555416284483,26.100000000000023,924.204385353358
20080800.0,900,iso13790,native,True,26.999999999999996,0.0,209.17555022157728,26.700000000000045,1107.655497936491
20084400.0,900,iso13790,native,True,27.0,0.0,359.8734324094065,27.200000000000045,1836.8467823620776
20088000.0,900,iso13790,native,True,27.00000000000001,0.0,426.9673854384059,28.30000000000001,1203.8887088622764
20091600.0,900,iso13790,native,True,27.000000000000004,0.0,501.7252818047555,29.400000000000034,1004.6834640478843
20095200.0,900,iso13790,native,True,26.99999999999999,0.0,588.1161464437881,30.0,1169.659775715293
20098800.0,900,iso13790,native,True,26.99999999999999,0.0,669.2099069717082,30.600000000000023,1208.7261809589158
20102400.0,900,iso13790,native,True,26.999999999999996,0.0,809.3174150607437,31.100000000000023,1861.815211563274
20106000.0,900,iso13790,native,True,26.999999999999996,0.0,887.6267915811612,28.900000000000034,2375.6920024989267
20109600.0,900,iso13790,native,True,27.000000000000004,0.0,728.8074931951464,27.80000000000001,119.59360199999999
20113200.0,900,iso13790,native,True,27.00000000000001,0.0,640.8114988736273,25.600000000000023,203.53917104342668
20116800.0,900,iso13790,native,True,27.000000000000004,0.0,539.6561088004329,24.400000000000034,-101.56212000000002
20120400.0,900,iso13790,native,True,27.0,0.0,485.68920699608645,24.400000000000034,-101.56212000000002
20124000.0,900,iso13790,native,True,27.000000000000004,0.0,356.248028307118,21.700000000000045,-101.56212000000002
20127600.0,900,iso13790,native,True,27.00000000000001,0.0,297.7174651183976,21.700000000000045,-101.56212000000002
20131200.0,900,iso13790,native,True,26.999999999999996,0.0,211.37205912033977,20.600000000000023,-101.56212000000002
20134800.0,900,iso13790,native,True,27.0,0.0,138.879658576443,20.0,-101.56212000000002
20138400.0,900,iso13790,native,True,27.0,0.0,85.65584787901238,20.0,-101.56212000000002
20142000.0,900,iso13790,native,True,26.89927848505975,0.0,0.0,17.80000000000001,-101.56212000000002
20145600.0,900,iso13790,native,True,26.69632306225185,0.0,0.0,17.80000000000001,-101.56212000000002
20149200.0,900,iso13790,native,True,26.55108104439724,0.0,0.0,18.30000000000001,-101.56212000000002
20152800.0,900,iso13790,native,True,26.38525367577674,0.0,0.0,18.30000000000001,-58.048091507734966
20156400.0,900,iso13790,native,True,26.59930667434639,0.0,0.0,20.0,509.3443881239545
20160000.0,900,iso13790,native,True,26.77570485284112,0.0,0.0,20.600000000000023,846.4826251954428
20163600.0,900,iso13790,native,True,27.0,0.0,34.43260573040706,21.700000000000045,1278.9875263599101
20167200.0,900,iso13790,native,True,26.999999999999996,0.0,180.62765067193803,24.400000000000034,1429.5491915460257
20170800.0,900,iso13790,native,True,27.00000000000001,0.0,326.31769486086426,26.700000000000045,1526.6173025515122
20174400.0,900,iso13790,native,True,27.00000000000001,0.0,448.7329179261282,27.80000000000001,1639.179494379628
20178000.0,900,iso13790,native,True,27.0,0.0,545.0402887398956,27.80000000000001,1766.971075752959
20181600.0,900,iso13790,native,True,27.000000000000004,0.0,626.5835379145512,27.200000000000045,1923.9086201799187
20185200.0,900,iso13790,native,True,27.000000000000004,0.0,661.2722706112091,27.200000000000045,1452.1473394314623
20188800.0,900,iso13790,native,True,27.000000000000004,0.0,631.0546786384849,27.200000000000045,648.2097180000001
20192400.0,900,iso13790,native,True,27.000000000000004,0.0,413.7536217886272,21.100000000000023,238.262526
20196000.0,900,iso13790,native,True,27.0,0.0,347.4274057291342,21.100000000000023,44.07701399999998
20199600.0,900,iso13790,native,True,26.99999999999999,0.0,316.7255192580008,20.600000000000023,414.8860827395917
20203200.0,900,iso13790,native,True,26.999999999999996,0.0,215.17427974230435,20.0,-101.56212000000002
20206800.0,900,iso13790,native,True,27.000000000000004,0.0,138.09026968431647,19.400000000000034,-101.56212000000002
20210400.0,900,iso13790,native,True,27.0,0.0,65.86441131712078,18.900000000000034,-101.56212000000002
20214000.0,900,iso13790,native,True,27.0,0.0,43.15828538145485,20.0,-101.56212000000002
20217600.0,900,iso13790,native,True,26.760282254424013,0.0,0.0,17.80000000000001,-101.56212000000002
20221200.0,900,iso13790,native,True,26.497789304985726,0.0,0.0,17.200000000000045,-101.56212000000002
20224800.0,900,iso13790,native,True,26.174164645016386,0.0,0.0,16.100000000000023,-101.56212000000002
20228400.0,900,iso13790,native,True,25.946442083721166,0.0,0.0,16.100000000000023,-101.56212000000002
20232000.0,900,iso13790,native,True,25.724504850440585,0.0,0.0,16.100000000000023,-101.56212000000002
20235600.0,900,iso13790,native,True,25.39257992989457,0.0,0.0,15.0,-101.56212000000002
20239200.0,900,iso13790,native,True,25.06284673028398,0.0,0.0,13.900000000000034,-40.93981867968941
20242800.0,900,iso13790,native,True,25.38093721882517,0.0,0.0,17.80000000000001,379.18606506480546
20246400.0,900,iso13790,native,True,25.697502338160994,0.0,0.0,20.0,786.3171954257809
20250000.0,900,iso13790,native,True,25.9199929782227,0.0,0.0,19.400000000000034,1373.2741714315332
20253600.0,900,iso13790,native,True,25.966666959024227,0.0,0.0,20.0,820.8190619999999
20257200.0,900,iso13790,native,True,26.568888712041257,0.0,0.0,21.100000000000023,1967.5451352462132
20260800.0,900,iso13790,native,True,26.99999999999999,0.0,2.4659663255856987,23.30000000000001,1610.1843476550066
20264400.0,900,iso13790,native,True,27.0,0.0,74.72409636540581,25.0,980.9497672258697
20268000.0,900,iso13790,native,True,26.999999999999996,0.0,167.59855024433003,26.700000000000045,873.414022641935
20271600.0,900,iso13790,native,True,26.999999999999996,0.0,296.1621250928466,27.80000000000001,1314.8808681605617
20275200.0,900,iso13790,native,True,26.999999999999996,0.0,445.1397085527335,28.30000000000001,1893.175460317757
20278800.0,900,iso13790,native,True,26.999999999999996,0.0,555.1965198470474,28.900000000000034,1789.674278317916
20282400.0,900,iso13790,native,True,27.0,0.0,645.4149046999862,27.80000000000001,2095.910322980616
20286000.0,900,iso13790,native,True,26.99999999999999,0.0,465.18595408682165,23.30000000000001,679.1979079105928
20289600.0,900,iso13790,native,True,27.0,0.0,345.6819664331094,22.200000000000045,-101.56212000000002
20293200.0,900,iso13790,native,True,27.000000000000004,0.0,276.7925806868635,21.700000000000045,-101.56212000000002
20296800.0,900,iso13790,native,True,27.0,0.0,141.8782719284067,18.900000000000034,-101.56212000000002
20300400.0,900,iso13790,native,True,27.0,0.0,113.06937777491812,20.0,-101.56212000000002
20304000.0,900,iso13790,native,True,27.0,0.0,61.91774391605357,20.0,-101.56212000000002
20307600.0,900,iso13790,native,True,26.989821902126288,0.0,0.0,19.400000000000034,-101.56212000000002
20311200.0,900,iso13790,native,True,26.77265717467508,0.0,0.0,18.900000000000034,-101.56212000000002
20314800.0,900,iso13790,native,True,26.422169475876238,0.0,0.0,17.200000000000045,-101.56212000000002
20318400.0,900,iso13790,native,True,26.27916073588676,0.0,0.0,17.80000000000001,-101.56212000000002
20322000.0,900,iso13790,native,True,25.976333465370008,0.0,0.0,16.700000000000045,-101.56212000000002
20325600.0,900,iso13790,native,True,25.788438404217025,0.0,0.0,16.700000000000045,-46.9345693975021
20329200.0,900,iso13790,native,True,26.037140996367636,0.0,0.0,19.400000000000034,388.1197460371211
20332800.0,900,iso13790,native,True,26.59409873093125,0.0,0.0,24.400000000000034,572.2637060141035
20336400.0,900,iso13790,native,True,26.999999999999996,0.0,13.63375722679004,27.200000000000045,689.3619402758212
20340000.0,900,iso13790,native,True,27.000000000000004,0.0,188.86700454392533,30.0,1048.1528119598938
20343600.0,900,iso13790,native,True,26.999999999999996,0.0,336.81558584822704,31.700000000000045,1183.3025709748426
20347200.0,900,iso13790,native,True,27.0,0.0,411.2979005329139,32.200000000000045,856.7972363889305
20350800.0,900,iso13790,native,True,27.00000000000001,0.0,489.14895200316283,31.700000000000045,1078.4013162028923
20354400.0,900,iso13790,native,True,27.0,0.0,651.6296823368272,32.200000000000045,1810.7638865036101
20358000.0,900,iso13790,native,True,26.999999999999996,0.0,734.6024646842355,32.200000000000045,1552.0899566910994
20361600.0,900,iso13790,native,True,27.000000000000004,0.0,844.1405404581596,32.200000000000045,1779.6311325932984
20365200.0,900,iso13790,native,True,27.000000000000018,0.0,785.0395022388541,31.100000000000023,605.057382
20368800.0,900,iso13790,native,True,26.99999999999999,0.0,730.0215079619741,28.900000000000034,534.1183749858377
20372400.0,900,iso13790,native,True,26.99999999999999,0.0,635.5912585355611,27.80000000000001,-96.16807800000001
20376000.0,900,iso13790,native,True,27.000000000000004,0.0,574.349834243182,27.0,-101.56212000000002
20379600.0,900,iso13790,native,True,26.999999999999996,0.0,542.0833555448368,27.200000000000045,-101.56212000000002
20383200.0,900,iso13790,native,True,26.99999999999999,0.0,460.63150106869443,25.600000000000023,-101.56212000000002
20386800.0,900,iso13790,native,True,26.999999999999996,0.0,386.11200145744203,24.400000000000034,-101.56212000000002
20390400.0,900,iso13790,native,True,27.0,0.0,427.23520045017295,27.200000000000045,-101.56212000000002
20394000.0,900,iso13790,native,True,27.0,0.0,287.0201770395343,23.30000000000001,-101.56212000000002
20397600.0,900,iso13790,native,True,27.0,0.0,212.96386473180328,22.200000000000045,-101.56212000000002
20401200.0,900,iso13790,native,True,27.0,0.0,86.74599763735296,19.400000000000034,-101.56212000000002
20404800.0,900,iso13790,native,True,27.0,0.0,33.42138630570652,19.400000000000034,-101.56212000000002
20408400.0,900,iso13790,native,True,26.828818846286932,0.0,0.0,18.30000000000001,-101.56212000000002
20412000.0,900,iso13790,native,True,26.820982073419067,0.0,0.0,20.0,-96.16807800000001
20415600.0,900,iso13790,native,True,27.0,0.0,20.854789407062434,23.30000000000001,44.07701399999998
20419200.0,900,iso13790,native,True,26.874111939584466,0.0,0.0,21.100000000000023,243.65656799999994
20422800.0,900,iso13790,native,True,26.873825840598272,0.0,0.0,21.0,394.68974399999996
20426400.0,900,iso13790,native,True,27.000000000000004,0.0,10.317785830410154,21.100000000000023,858.577356
20430000.0,900,iso13790,native,True,26.999999999999996,0.0,91.56933922845744,21.700000000000045,1257.8069932049175
20433600.0,900,iso13790,native,True,27.000000000000004,0.0,292.25008270864356,24.400000000000034,2007.904547084413
20437200.0,900,iso13790,native,True,27.00000000000001,0.0,376.6609528291746,25.600000000000023,1559.060536552616
20440800.0,900,iso13790,native,True,27.0,0.0,446.0506753484933,26.100000000000023,1419.7052585873148
20444400.0,900,iso13790,native,True,27.0,0.0,555.7342368139037,26.700000000000045,1755.2111688163952
20448000.0,900,iso13790,native,True,26.999999999999986,0.0,694.9010169671905,27.80000000000001,2079.0800535631674
20451600.0,900,iso13790,native,True,26.999999999999996,0.0,819.3598803999637,27.200000000000045,2593.333937168519
20455200.0,900,iso13790,native,True,26.999999999999996,0.0,903.7175244674784,26.100000000000023,2687.3895123302714
20458800.0,900,iso13790,native,True,26.999999999999996,0.0,632.0056667585202,21.100000000000023,478.2822441813441
20462400.0,900,iso13790,native,True,27.000000000000004,0.0,426.3783281403235,17.80000000000001,-101.56212000000002
20466000.0,900,iso13790,native,True,27.000000000000004,0.0,316.6212027637093,17.200000000000045,-101.56212000000002
20469600.0,900,iso13790,native,True,27.0,0.0,214.34538817203483,16.700000000000045,-101.56212000000002
20473200.0,900,iso13790,native,True,27.00000000000001,0.0,81.23904354310858,15.0,-101.56212000000002
20476800.0,900,iso13790,native,True,27.00000000000001,0.0,61.951266739112555,17.200000000000045,-101.56212000000002
20480400.0,900,iso13790,native,True,27.0,0.0,12.635578159524723,17.80000000000001,-101.56212000000002
20484000.0,900,iso13790,native,True,26.77274400581823,0.0,0.0,17.200000000000045,-101.56212000000002
20487600.0,900,iso13790,native,True,26.44213407779096,0.0,0.0,16.100000000000023,-101.56212000000002
20491200.0,900,iso13790,native,True,26.32322974838622,0.0,0.0,17.200000000000045,-101.56212000000002
20494800.0,900,iso13790,native,True,26.004039801812315,0.0,0.0,16.100000000000023,-101.56212000000002
20498400.0,900,iso13790,native,True,25.742154680026953,0.0,0.0,15.600000000000023,-62.25659078292547
20502000.0,900,iso13790,native,True,25.974615456794467,0.0,0.0,18.30000000000001,411.4543052032883
20505600.0,900,iso13790,native,True,26.28954878106786,0.0,0.0,21.700000000000045,448.884591489479
20509200.0,900,iso13790,native,True,26.775075098519487,0.0,0.0,25.600000000000023,574.4838111758247
20512800.0,900,iso13790,native,True,27.000000000000004,0.0,97.78225574008461,28.900000000000034,801.4783207944079
20516400.0,900,iso13790,native,True,27.000000000000004,0.0,244.93704948973928,30.600000000000023,1083.104727702063
20520000.0,900,iso13790,native,True,27.0,0.0,362.5427043736099,31.700000000000045,1074.057870914007
20523600.0,900,iso13790,native,True,26.999999999999996,0.0,448.09445638777544,32.200000000000045,943.9784433312093
20527200.0,900,iso13790,native,True,27.0,0.0,534.4444697575848,33.30000000000001,756.959768987308
20530800.0,900,iso13790,native,True,26.999999999999996,0.0,615.6313878771417,33.30000000000001,945.3333684463199
20534400.0,900,iso13790,native,True,26.999999999999996,0.0,794.76037250769,33.30000000000001,2057.5268690841026
20538000.0,900,iso13790,native,True,27.0,0.0,973.9954311593361,32.80000000000001,2788.870109996259
20541600.0,900,iso13790,native,True,27.000000000000004,0.0,984.1395634853229,28.900000000000034,2575.727496602762
20545200.0,900,iso13790,native,True,27.0,0.0,798.9245776060338,26.100000000000023,512.7342927733075
20548800.0,900,iso13790,native,True,26.999999999999996,0.0,646.7554465516888,23.900000000000034,-101.56212000000002
20552400.0,900,iso13790,native,True,27.000000000000004,0.0,515.5901927257239,21.700000000000045,-101.56212000000002
20556000.0,900,iso13790,native,True,27.00000000000001,0.0,491.55989426629134,23.30000000000001,-101.56212000000002
20559600.0,900,iso13790,native,True,27.000000000000004,0.0,353.78908229253506,20.600000000000023,-101.56212000000002
20563200.0,900,iso13790,native,True,27.0,0.0,269.86273962673226,20.0,-101.56212000000002
20566800.0,900,iso13790,native,True,27.000000000000004,0.0,238.63692570883975,21.100000000000023,-101.56212000000002
20570400.0,900,iso13790,native,True,27.00000000000001,0.0,170.48333909440498,20.600000000000023,-101.56212000000002
20574000.0,900,iso13790,native,True,27.00000000000001,0.0,36.24575587880854,17.80000000000001,-101.56212000000002
20577600.0,900,iso13790,native,True,26.913034258230237,0.0,0.0,17.80000000000001,-101.56212000000002
20581200.0,900,iso13790,native,True,26.594103329710958,0.0,0.0,16.700000000000045,-101.56212000000002
20584800.0,900,iso13790,native,True,26.38549997076649,0.0,0.0,16.700000000000045,-60.93817880698578
20588400.0,900,iso13790,native,True,26.78242946504353,0.0,0.0,20.600000000000023,486.6341010754636
20592000.0,900,iso13790,native,True,27.0,0.0,33.132637722747134,23.30000000000001,635.4561866082956
20595600.0,900,iso13790,native,True,26.999999999999996,0.0,170.47571806096502,26.700000000000045,766.5781219769559
20599200.0,900,iso13790,native,True,27.000000000000014,0.0,330.0012572457477,30.0,936.4835653902553
20602800.0,900,iso13790,native,True,27.00000000000001,0.0,474.65837604996193,31.700000000000045,1218.9122056788
20606400.0,900,iso13790,native,True,27.000000000000014,0.0,557.0016438949765,32.80000000000001,882.7529973219467
20610000.0,900,iso13790,native,True,27.000000000000004,0.0,698.2057441919084,33.900000000000034,1321.8175370408628
20613600.0,900,iso13790,native,True,26.999999999999996,0.0,797.2248233908723,33.900000000000034,1434.264354380555
20617200.0,900,iso13790,native,True,27.00000000000001,0.0,877.2975704642172,32.200000000000045,1868.6924334249802
20620800.0,900,iso13790,native,True,26.999999999999996,0.0,958.8393959335809,31.700000000000045,1887.5786473975681
20624400.0,900,iso13790,native,True,27.000000000000025,0.0,917.9975149651148,32.200000000000045,486.38845799999996
20628000.0,900,iso13790,native,True,27.00000000000003,0.0,955.3788118934095,28.30000000000001,1931.9397002526105
20631600.0,900,iso13790,native,True,26.99999999999998,0.0,768.575872615034,26.700000000000045,-90.77403600000002
20635200.0,900,iso13790,native,True,27.0,0.0,661.981983318334,25.0,-101.56212000000002
20638800.0,900,iso13790,native,True,26.999999999999996,0.0,584.745614212981,24.400000000000034,-101.56212000000002
20642400.0,900,iso13790,native,True,27.0,0.0,494.64473863681815,23.30000000000001,-101.56212000000002
20646000.0,900,iso13790,native,True,27.0,0.0,436.4332664620897,23.30000000000001,-101.56212000000002
20649600.0,900,iso13790,native,True,27.0,0.0,335.6022580264189,21.700000000000045,-101.56212000000002
20653200.0,900,iso13790,native,True,27.00000000000001,0.0,278.72923926036117,21.700000000000045,-101.56212000000002
20656800.0,900,iso13790,native,True,27.000000000000014,0.0,193.90830183089312,20.600000000000023,-101.56212000000002
20660400.0,900,iso13790,native,True,27.0,0.0,122.81797798844059,20.0,-101.56212000000002
20664000.0,900,iso13790,native,True,27.000000000000004,0.0,70.88367834898123,20.0,-101.56212000000002
20667600.0,900,iso13790,native,True,26.787894592270252,0.0,0.0,17.200000000000045,-101.56212000000002
20671200.0,900,iso13790,native,True,26.691617369676443,0.0,0.0,18.30000000000001,-91.88275730327791
20674800.0,900,iso13790,native,True,26.79334085167516,0.0,0.0,19.400000000000034,380.090730807588
20678400.0,900,iso13790,native,True,27.000000000000004,0.0,24.81258571006352,21.700000000000045,683.4870558933637
20682000.0,900,iso13790,native,True,27.00000000000001,0.0,74.22651254091191,22.80000000000001,694.39578550962
20685600.0,900,iso13790,native,True,27.0,0.0,226.2473970700009,26.100000000000023,1033.3260789197786
20689200.0,900,iso13790,native,True,27.00000000000001,0.0,358.77891982750856,28.30000000000001,1184.0454484224822
20692800.0,900,iso13790,native,True,26.999999999999986,0.0,540.7770547490304,30.600000000000023,1655.312077067229
20696400.0,900,iso13790,native,True,27.0,0.0,646.8400183926208,31.100000000000023,1598.1848508721037
20700000.0,900,iso13790,native,True,27.00000000000001,0.0,735.4350934450011,30.600000000000023,1744.7384523344026
20703600.0,900,iso13790,native,True,26.99999999999999,0.0,865.5581123670972,31.700000000000045,1851.6684478417378
20707200.0,900,iso13790,native,True,27.0,0.0,920.0113091034585,30.0,1990.1975943080295
20710800.0,900,iso13790,native,True,27.000000000000018,0.0,788.9570480589471,27.80000000000001,513.3586680000001
20714400.0,900,iso13790,native,True,27.000000000000004,0.0,922.1526829097947,27.200000000000045,2134.7777804471266
20718000.0,900,iso13790,native,True,27.000000000000014,0.0,746.5869867961883,24.400000000000034,505.0696944851336
20721600.0,900,iso13790,native,True,26.999999999999996,0.0,521.7529232760829,20.0,-101.56212000000002
20725200.0,900,iso13790,native,True,27.0,0.0,470.3041211453209,21.100000000000023,-101.56212000000002
20728800.0,900,iso13790,native,True,27.0,0.0,333.3022918620126,18.900000000000034,-101.56212000000002
20732400.0,900,iso13790,native,True,27.00000000000001,0.0,321.6388973525864,21.100000000000023,-101.56212000000002
20736000.0,900,iso13790,native,True,27.0,0.0,229.08661214873453,20.0,-101.56212000000002
20739600.0,900,iso13790,native,True,26.999999999999996,0.0,150.88565132199383,19.400000000000034,-101.56212000000002
20743200.0,900,iso13790,native,True,27.000000000000004,0.0,59.89762621266042,18.30000000000001,-101.56212000000002
20746800.0,900,iso13790,native,True,26.950537415842415,0.0,0.0,17.80000000000001,-101.56212000000002
20750400.0,900,iso13790,native,True,26.746279751716965,0.0,0.0,17.80000000000001,-101.56212000000002
20754000.0,900,iso13790,native,True,26.48414253809478,0.0,0.0,17.200000000000045,-101.56212000000002
20757600.0,900,iso13790,native,True,26.23472547959772,0.0,0.0,16.700000000000045,-71.41922285811145
20761200.0,900,iso13790,native,True,26.440145510186777,0.0,0.0,18.900000000000034,435.9910417061201
20764800.0,900,iso13790,native,True,26.946463440318276,0.0,0.0,23.900000000000034,513.8664298294556
20768400.0,900,iso13790,native,True,27.0,0.0,89.82095647598747,26.100000000000023,675.4283443152196
20772000.0,900,iso13790,native,True,26.999999999999996,0.0,237.8817241776805,28.900000000000034,911.547068626561
20775600.0,900,iso13790,native,True,26.999999999999996,0.0,389.5584211387317,31.100000000000023,1136.554229451599
20779200.0,900,iso13790,native,True,27.00000000000001,0.0,524.6486785894821,32.200000000000045,1348.7496573738608
20782800.0,900,iso13790,native,True,26.999999999999996,0.0,613.2664196947884,32.200000000000045,1323.8496054895213
20786400.0,900,iso13790,native,True,27.000000000000004,0.0,668.7576816922356,32.80000000000001,879.46617028796
20790000.0,900,iso13790,native,True,26.99999999999999,0.0,751.5732901329924,31.700000000000045,1475.5805697000637
20793600.0,900,iso13790,native,True,26.99999999999999,0.0,809.7616834969299,30.0,1787.3960151494873
20797200.0,900,iso13790,native,True,27.000000000000004,0.0,791.9254132318957,28.30000000000001,1322.8449227020624
20800800.0,900,iso13790,native,True,27.000000000000004,0.0,738.52187385628,27.200000000000045,715.7658637791687
20804400.0,900,iso13790,native,True,26.999999999999996,0.0,579.8686348961706,23.30000000000001,287.35557846206433
20808000.0,900,iso13790,native,True,27.000000000000004,0.0,466.7875085964944,22.200000000000045,-101.56212000000002
20811600.0,900,iso13790,native,True,27.000000000000004,0.0,388.1751716966922,21.700000000000045,-101.56212000000002
20815200.0,900,iso13790,native,True,26.999999999999996,0.0,276.83248387934873,20.0,-101.56212000000002
20818800.0,900,iso13790,native,True,26.99999999999999,0.0,212.53313891689112,20.0,-101.56212000000002
20822400.0,900,iso13790,native,True,27.0,0.0,120.88209744211385,18.900000000000034,-101.56212000000002
20826000.0,900,iso13790,native,True,27.000000000000004,0.0,10.9960584986669,17.200000000000045,-101.56212000000002
20829600.0,900,iso13790,native,True,26.647023974116532,0.0,0.0,15.600000000000023,-101.56212000000002
20833200.0,900,iso13790,native,True,26.33151701824165,0.0,0.0,15.0,-101.56212000000002
20836800.0,900,iso13790,native,True,25.95622518113036,0.0,0.0,13.900000000000034,-101.56212000000002
20840400.0,900,iso13790,native,True,25.61507930752092,0.0,0.0,13.300000000000011,-101.56212000000002
20844000.0,900,iso13790,native,True,25.288723550664223,0.0,0.0,12.800000000000011,-71.24400439527207
20847600.0,900,iso13790,native,True,25.413749372674364,0.0,0.0,15.0,421.1249279319268
20851200.0,900,iso13790,native,True,25.507339979970222,0.0,0.0,16.700000000000045,527.9610981359017
20854800.0,900,iso13790,native,True,25.700843591278797,0.0,0.0,18.30000000000001,764.7223700068174
20858400.0,900,iso13790,native,True,26.040572767345978,0.0,0.0,20.600000000000023,961.6268375232659
20862000.0,900,iso13790,native,True,26.352299274970594,0.0,0.0,22.200000000000045,1027.8441054251339
20865600.0,900,iso13790,native,True,26.758939847303985,0.0,0.0,23.900000000000034,1198.4062958633863
20869200.0,900,iso13790,native,True,27.000000000000004,0.0,53.79658221368898,26.700000000000045,923.1285217200593
20872800.0,900,iso13790,native,True,27.0,0.0,179.79428762826055,27.80000000000001,1218.342074586949
20876400.0,900,iso13790,native,True,27.0,0.0,254.12889515239422,25.600000000000023,1813.4229273923547
20880000.0,900,iso13790,native,True,27.0,0.0,37.535684334798276,20.0,373.11357599999997
20883600.0,900,iso13790,native,True,27.000000000000004,0.0,169.99433178024228,25.600000000000023,205.898274
20887200.0,900,iso13790,native,True,26.999999999999996,0.0,257.2744108509749,22.200000000000045,2041.4734130952697
20890800.0,900,iso13790,native,True,26.999999999999996,0.0,42.01577710324264,19.400000000000034,-101.56212000000002
20894400.0,900,iso13790,native,True,26.9725544477407,0.0,0.0,19.400000000000034,-101.56212000000002
20898000.0,900,iso13790,native,True,26.871454440822593,0.0,0.0,20.0,-101.56212000000002
20901600.0,900,iso13790,native,True,26.662028495369615,0.0,0.0,19.400000000000034,-101.56212000000002
20905200.0,900,iso13790,native,True,26.505748701778266,0.0,0.0,19.400000000000034,-101.56212000000002
20908800.0,900,iso13790,native,True,26.06962985504379,0.0,0.0,16.700000000000045,-101.56212000000002
20912400.0,900,iso13790,native,True,25.681111326380602,0.0,0.0,15.0,-101.56212000000002
20916000.0,900,iso13790,native,True,25.553595225874048,0.0,0.0,16.100000000000023,-101.56212000000002
20919600.0,900,iso13790,native,True,25.22601229161763,0.0,0.0,15.0,-101.56212000000002
20923200.0,900,iso13790,native,True,25.057500764679087,0.0,0.0,15.600000000000023,-101.56212000000002
20926800.0,900,iso13790,native,True,24.782375899630782,0.0,0.0,15.0,-101.56212000000002
20930400.0,900,iso13790,native,True,24.565814666411242,0.0,0.0,15.0,-91.09272945371043
20934000.0,900,iso13790,native,True,24.697360803568746,0.0,0.0,16.700000000000045,370.86433381019395
20937600.0,900,iso13790,native,True,24.948419406251862,0.0,0.0,18.30000000000001,805.7597521927429
20941200.0,900,iso13790,native,True,25.393803876273008,0.0,0.0,20.0,1395.7482794955245
20944800.0,900,iso13790,native,True,25.909154957760972,0.0,0.0,22.200000000000045,1589.1021226168955
20948400.0,900,iso13790,native,True,26.57097974874085,0.0,0.0,24.400000000000034,1955.276915464972
20952000.0,900,iso13790,native,True,27.00000000000001,0.0,9.857401266753506,25.600000000000023,1732.4768148094108
20955600.0,900,iso13790,native,True,26.999999999999996,0.0,123.92556925690867,26.100000000000023,1639.6825946721362
20959200.0,900,iso13790,native,True,27.0,0.0,116.07929722214008,26.100000000000023,594.2692979999999
20962800.0,900,iso13790,native,True,27.0,0.0,258.7861845573124,25.600000000000023,1815.9970255638468
20966400.0,900,iso13790,native,True,27.00000000000001,0.0,245.91596333486123,26.100000000000023,610.451424
20970000.0,900,iso13790,native,True,27.000000000000004,0.0,173.347947624525,23.900000000000034,286.8089039999999
20973600.0,900,iso13790,native,True,26.999999999999996,0.0,122.7365195379482,22.80000000000001,151.957854
20977200.0,900,iso13790,native,True,27.000000000000004,0.0,15.671159180301595,20.600000000000023,-101.56212000000002
20980800.0,900,iso13790,native,True,26.85380688847429,0.0,0.0,20.0,-101.56212000000002
20984400.0,900,iso13790,native,True,26.476645953761963,0.0,0.0,17.80000000000001,-101.56212000000002
20988000.0,900,iso13790,native,True,26.189824455784006,0.0,0.0,16.900000000000034,-101.56212000000002
20991600.0,900,iso13790,native,True,25.8979365181067,0.0,0.0,16.100000000000023,-101.56212000000002
20995200.0,900,iso13790,native,True,25.58262845438152,0.0,0.0,15.200000000000045,-101.56212000000002
20998800.0,900,iso13790,native,True,25.252466198697377,0.0,0.0,14.300000000000011,-101.56212000000002
21002400.0,900,iso13790,native,True,24.90782712417173,0.0,0.0,13.400000000000034,-101.56212000000002
21006000.0,900,iso13790,native,True,24.559590474706752,0.0,0.0,12.600000000000023,-101.56212000000002
21009600.0,900,iso13790,native,True,24.189365247210205,0.0,0.0,11.700000000000045,-101.56212000000002
21013200.0,900,iso13790,native,True,23.658520594939773,0.0,0.0,9.400000000000034,-101.56212000000002
21016800.0,900,iso13790,native,True,23.397812698396546,0.0,0.0,10.0,-72.93307082236296
21020400.0,900,iso13790,native,True,23.666101736558502,0.0,0.0,13.900000000000034,386.00076348961
21024000.0,900,iso13790,native,True,23.886509392335824,0.0,0.0,16.700000000000045,499.34631806589346
21027600.0,900,iso13790,native,True,24.11640777095395,0.0,0.0,18.900000000000034,563.8735581035214
21031200.0,900,iso13790,native,True,24.575011518909175,0.0,0.0,22.200000000000045,765.480467208144
21034800.0,900,iso13790,native,True,24.811726018879266,0.0,0.0,23.30000000000001,669.8892701040452
21038400.0,900,iso13790,native,True,25.262092922874853,0.0,0.0,26.100000000000023,668.3973490595502
21042000.0,900,iso13790,native,True,25.63782550574642,0.0,0.0,27.80000000000001,615.5734077213976
21045600.0,900,iso13790,native,True,25.939922057005163,0.0,0.0,27.80000000000001,794.1108379585643
21049200.0,900,iso13790,native,True,26.53024772721328,0.0,0.0,29.400000000000034,1221.575825734344
21052800.0,900,iso13790,native,True,27.000000000000004,0.0,75.95010041766585,28.900000000000034,2353.445445041279
21056400.0,900,iso13790,native,True,27.0,0.0,324.835567063393,29.400000000000034,3043.3401110427712
21060000.0,900,iso13790,native,True,26.999999999999996,0.0,403.7806138690466,26.100000000000023,2907.3577711531316
21063600.0,900,iso13790,native,True,27.000000000000004,0.0,90.2748358346591,20.600000000000023,-101.56212000000002
21067200.0,900,iso13790,native,True,26.982186135316955,0.0,0.0,18.900000000000034,-101.56212000000002
21070800.0,900,iso13790,native,True,26.689444067885546,0.0,0.0,17.80000000000001,-101.56212000000002
21074400.0,900,iso13790,native,True,26.491819521935923,0.0,0.0,17.80000000000001,-101.56212000000002
21078000.0,900,iso13790,native,True,26.299215659117387,0.0,0.0,17.80000000000001,-101.56212000000002
21081600.0,900,iso13790,native,True,25.995878890075147,0.0,0.0,16.700000000000045,-101.56212000000002
21085200.0,900,iso13790,native,True,25.787928802600057,0.0,0.0,16.700000000000045,-101.56212000000002
21088800.0,900,iso13790,native,True,25.406566934134197,0.0,0.0,15.0,-101.56212000000002
21092400.0,900,iso13790,native,True,25.107330891578176,0.0,0.0,14.400000000000034,-101.56212000000002
21096000.0,900,iso13790,native,True,24.86352264073456,0.0,0.0,14.400000000000034,-101.56212000000002
21099600.0,900,iso13790,native,True,24.51028233931734,0.0,0.0,13.300000000000011,-101.56212000000002
21103200.0,900,iso13790,native,True,24.326667544797857,0.0,0.0,13.900000000000034,-73.90470544959693
21106800.0,900,iso13790,native,True,24.58668019065623,0.0,0.0,17.200000000000045,327.8276793726528
21110400.0,900,iso13790,native,True,24.84325757902068,0.0,0.0,19.400000000000034,584.6369993588514
21114000.0,900,iso13790,native,True,25.186879558572222,0.0,0.0,22.200000000000045,615.4497255120783
21117600.0,900,iso13790,native,True,25.71682625989512,0.0,0.0,25.600000000000023,797.6177011214652
21121200.0,900,iso13790,native,True,26.319824604231716,0.0,0.0,28.30000000000001,1075.6889283714584
21124800.0,900,iso13790,native,True,26.795564036633024,0.0,0.0,30.600000000000023,799.0592364296914
21128400.0,900,iso13790,native,True,27.0,0.0,53.99970016768353,31.700000000000045,690.91631158081
21132000.0,900,iso13790,native,True,27.0,0.0,158.97603709555975,32.200000000000045,739.070488555054
21135600.0,900,iso13790,native,True,27.000000000000004,0.0,278.33252301526414,30.600000000000023,1565.7514581996868
21139200.0,900,iso13790,native,True,26.99999999999999,0.0,461.5449156897593,31.700000000000045,1943.5581159490237
21142800.0,900,iso13790,native,True,26.999999999999986,0.0,533.2572270008334,28.900000000000034,2198.8046473653635
21146400.0,900,iso13790,native,True,27.00000000000001,0.0,613.4370997130451,27.80000000000001,2140.8041122451054
21150000.0,900,iso13790,native,True,26.999999999999996,0.0,373.1137285762017,23.900000000000034,-101.56212000000002
21153600.0,900,iso13790,native,True,27.00000000000001,0.0,231.40381803820094,20.600000000000023,-101.56212000000002
21157200.0,900,iso13790,native,True,27.000000000000004,0.0,107.05431309105714,18.30000000000001,-101.56212000000002
21160800.0,900,iso13790,native,True,26.999999999999996,0.0,61.97583466459632,18.900000000000034,-101.56212000000002
21164400.0,900,iso13790,native,True,27.0,0.0,7.067937323804833,18.900000000000034,-101.56212000000002
21168000.0,900,iso13790,native,True,26.666853632066527,0.0,0.0,17.200000000000045,-101.56212000000002
21171600.0,900,iso13790,native,True,26.402002613938464,0.0,0.0,16.700000000000045,-101.56212000000002
21175200.0,900,iso13790,native,True,26.53061300273613,0.0,0.0,20.0,-101.56212000000002
21178800.0,900,iso13790,native,True,25.867342036022507,0.0,0.0,15.0,-101.56212000000002
21182400.0,900,iso13790,native,True,25.61946867651621,0.0,0.0,15.0,-101.56212000000002
21186000.0,900,iso13790,native,True,25.493518617367748,0.0,0.0,16.100000000000023,-101.56212000000002
21189600.0,900,iso13790,native,True,25.16746193893877,0.0,0.0,15.0,-101.56212000000002
21193200.0,900,iso13790,native,True,25.502220657622686,0.0,0.0,18.900000000000034,331.09242255835875
21196800.0,900,iso13790,native,True,25.899340343526717,0.0,0.0,22.80000000000001,423.70580487951577
21200400.0,900,iso13790,native,True,26.32615216628951,0.0,0.0,25.600000000000023,617.7224980924043
21204000.0,900,iso13790,native,True,26.84777209283428,0.0,0.0,28.30000000000001,820.3577489557051
21207600.0,900,iso13790,native,True,27.000000000000004,0.0,98.87048172420181,30.600000000000023,813.8189665267394
21211200.0,900,iso13790,native,True,26.999999999999986,0.0,244.90156308688688,32.80000000000001,810.2781403868462
21214800.0,900,iso13790,native,True,26.999999999999996,0.0,403.73737575079116,32.80000000000001,1542.2991921847872
21218400.0,900,iso13790,native,True,27.000000000000014,0.0,504.0203475704881,33.900000000000034,1054.4582438639254
21222000.0,900,iso13790,native,True,27.000000000000018,0.0,621.6551702829028,32.80000000000001,1681.3363645510321
21225600.0,900,iso13790,native,True,26.99999999999998,0.0,714.8207164760354,30.600000000000023,2181.469774766551
21229200.0,900,iso13790,native,True,27.00000000000001,0.0,844.3359905805289,30.0,2501.3275086406684
21232800.0,900,iso13790,native,True,26.99999999999998,0.0,894.5868237504448,27.200000000000045,2632.504573300899
21236400.0,900,iso13790,native,True,27.0,0.0,625.5265228405342,23.900000000000034,-101.56212000000002
21240000.0,900,iso13790,native,True,27.000000000000004,0.0,395.56792018357055,18.30000000000001,-101.56212000000002
21243600.0,900,iso13790,native,True,27.000000000000014,0.0,309.5912539018653,18.30000000000001,-101.56212000000002
21247200.0,900,iso13790,native,True,26.999999999999996,0.0,165.48928799615862,16.100000000000023,-101.56212000000002
21250800.0,900,iso13790,native,True,27.000000000000004,0.0,132.51671565636252,17.80000000000001,-101.56212000000002
21254400.0,900,iso13790,native,True,27.000000000000004,0.0,13.838286579675504,16.100000000000023,-101.56212000000002
21258000.0,900,iso13790,native,True,27.0,0.0,108.31779268905782,21.700000000000045,-101.56212000000002
21261600.0,900,iso13790,native,True,27.0,0.0,19.443437678337045,20.0,-101.56212000000002
21265200.0,900,iso13790,native,True,26.682718407296935,0.0,0.0,17.80000000000001,-101.56212000000002
21268800.0,900,iso13790,native,True,26.48526472782799,0.0,0.0,17.80000000000001,-101.56212000000002
21272400.0,900,iso13790,native,True,26.292827390599925,0.0,0.0,17.80000000000001,-101.56212000000002
21276000.0,900,iso13790,native,True,25.989652916538958,0.0,0.0,16.700000000000045,-101.56212000000002
21279600.0,900,iso13790,native,True,26.275939235022214,0.0,0.0,20.0,309.573377801882
21283200.0,900,iso13790,native,True,26.56215178691902,0.0,0.0,22.80000000000001,405.2079008627827
21286800.0,900,iso13790,native,True,26.999999999999996,0.0,3.7263190321141675,26.100000000000023,578.4676771808295
21290400.0,900,iso13790,native,True,27.00000000000001,0.0,101.58144659876767,27.80000000000001,628.7520208482072
21294000.0,900,iso13790,native,True,27.0,0.0,201.12949011755214,29.400000000000034,652.2540829454134
21297600.0,900,iso13790,native,True,26.999999999999996,0.0,284.9139221253099,30.0,764.4323206054586
21301200.0,900,iso13790,native,True,26.999999999999996,0.0,371.04539868770223,30.600000000000023,856.427860898159
21304800.0,900,iso13790,native,True,27.000000000000004,0.0,402.84727126951344,30.0,731.6595109294096
21308400.0,900,iso13790,native,True,27.0,0.0,547.3213575165922,31.100000000000023,1370.186472693978
21312000.0,900,iso13790,native,True,27.000000000000004,0.0,747.409102641212,31.100000000000023,2535.6621058609862
21315600.0,900,iso13790,native,True,26.999999999999986,0.0,906.9495905986574,30.600000000000023,2901.0361467955568
21319200.0,900,iso13790,native,True,27.000000000000004,0.0,963.4912001381482,27.80000000000001,2860.7087004250916
21322800.0,900,iso13790,native,True,27.0,0.0,698.8615311342205,25.0,-101.56212000000002
21326400.0,900,iso13790,native,True,27.0,0.0,603.8852145064232,23.900000000000034,-101.56212000000002
21330000.0,900,iso13790,native,True,27.0,0.0,541.1897257710423,23.900000000000034,-101.56212000000002
21333600.0,900,iso13790,native,True,27.0,0.0,483.52774057012743,23.900000000000034,-101.56212000000002
21337200.0,900,iso13790,native,True,26.99999999999999,0.0,430.4951443757821,23.900000000000034,-101.56212000000002
21340800.0,900,iso13790,native,True,27.000000000000004,0.0,316.6923358759994,21.700000000000045,-101.56212000000002
21344400.0,900,iso13790,native,True,26.999999999999996,0.0,193.35375292571857,19.400000000000034,-101.56212000000002
21348000.0,900,iso13790,native,True,27.0,0.0,149.20503468452424,20.0,-101.56212000000002
21351600.0,900,iso13790,native,True,27.0,0.0,30.124320693947748,17.80000000000001,-101.56212000000002
21355200.0,900,iso13790,native,True,26.829944210911954,0.0,0.0,17.200000000000045,-101.56212000000002
21358800.0,900,iso13790,native,True,26.497881102545023,0.0,0.0,16.100000000000023,-101.56212000000002
21362400.0,900,iso13790,native,True,26.261934472980553,0.0,0.0,16.100000000000023,-101.56212000000002
21366000.0,900,iso13790,native,True,26.436982568593823,0.0,0.0,17.80000000000001,530.5181893656569
21369600.0,900,iso13790,native,True,26.941601332347876,0.0,0.0,22.80000000000001,624.4011377818143
21373200.0,900,iso13790,native,True,27.0,0.0,166.20467476714046,26.700000000000045,1070.0974428333557
21376800.0,900,iso13790,native,True,27.00000000000001,0.0,272.6148870923264,28.30000000000001,1024.8605315454872
21380400.0,900,iso13790,native,True,27.0,0.0,361.55196494688624,30.0,775.3486567188754
21384000.0,900,iso13790,native,True,26.999999999999996,0.0,451.5328542526458,30.600000000000023,960.1015935800293
21387600.0,900,iso13790,native,True,26.99999999999999,0.0,547.890710688363,30.0,1478.1268754628366
21391200.0,900,iso13790,native,True,26.999999999999996,0.0,644.351325379511,30.600000000000023,1451.4962257534598
21394800.0,900,iso13790,native,True,27.000000000000014,0.0,782.7864776965639,31.100000000000023,1921.5667022457005
21398400.0,900,iso13790,native,True,27.00000000000001,0.0,762.6248205189679,31.700000000000045,578.087172
21402000.0,900,iso13790,native,True,26.999999999999996,0.0,934.1624929351825,29.400000000000034,2742.6274166099734
21405600.0,900,iso13790,native,True,27.0,0.0,897.6500870927605,27.200000000000045,1804.3760472925906
21409200.0,900,iso13790,native,True,26.999999999999996,0.0,693.8909410466578,25.0,-101.56212000000002
21412800.0,900,iso13790,native,True,27.0,0.0,516.5508665513119,21.100000000000023,-101.56212000000002
21416400.0,900,iso13790,native,True,26.99999999999999,0.0,375.8361201003751,18.900000000000034,-101.56212000000002
21420000.0,900,iso13790,native,True,26.999999999999986,0.0,345.97882450557336,20.600000000000023,-101.56212000000002
21423600.0,900,iso13790,native,True,27.000000000000004,0.0,212.43067206962402,18.30000000000001,-101.56212000000002
21427200.0,900,iso13790,native,True,27.0,0.0,209.14091485944257,20.600000000000023,-101.56212000000002
21430800.0,900,iso13790,native,True,27.0,0.0,54.064820204913026,17.200000000000045,-101.56212000000002
21434400.0,900,iso13790,native,True,26.840445708696492,0.0,0.0,16.100000000000023,-101.56212000000002
21438000.0,900,iso13790,native,True,26.71142220873734,0.0,0.0,17.200000000000045,-101.56212000000002
21441600.0,900,iso13790,native,True,26.38237017075198,0.0,0.0,16.100000000000023,-101.56212000000002
21445200.0,900,iso13790,native,True,26.264984152944002,0.0,0.0,17.200000000000045,-101.56212000000002
21448800.0,900,iso13790,native,True,25.89471665497362,0.0,0.0,15.600000000000023,-101.56212000000002
21452400.0,900,iso13790,native,True,25.88112308633468,0.0,0.0,15.600000000000023,512.1580840023792
21456000.0,900,iso13790,native,True,26.134377048238917,0.0,0.0,17.80000000000001,853.7688764724109
21459600.0,900,iso13790,native,True,26.451944489600706,0.0,0.0,18.900000000000034,1353.5565559530746
21463200.0,900,iso13790,native,True,27.0,0.0,2.1608196135843536,21.700000000000045,1662.1760244649329
21466800.0,900,iso13790,native,True,26.999999999999996,0.0,120.62556206552681,22.200000000000045,1926.0957822604385
21470400.0,900,iso13790,native,True,27.000000000000004,0.0,64.9529029874745,21.700000000000045,653.60376
21474000.0,900,iso13790,native,True,26.999999999999996,0.0,170.83453622703178,22.200000000000045,1451.5893977008636
21477600.0,900,iso13790,native,True,26.99999999999999,0.0,302.9530269070259,24.400000000000034,1578.2051118610166
21481200.0,900,iso13790,native,True,27.0,0.0,358.33784477879044,25.0,1285.1980887499024
21484800.0,900,iso13790,native,True,26.999999999999996,0.0,438.00248296801266,25.0,1588.0150069382125
21488400.0,900,iso13790,native,True,26.999999999999996,0.0,580.2455227581764,24.400000000000034,2569.2376277189373
21492000.0,900,iso13790,native,True,26.99999999999999,0.0,382.22519832584857,22.80000000000001,27.89488799999998
21495600.0,900,iso13790,native,True,26.999999999999996,0.0,274.05461361698895,21.100000000000023,-101.56212000000002
21499200.0,900,iso13790,native,True,26.999999999999996,0.0,152.80866421763295,18.900000000000034,-101.56212000000002
21502800.0,900,iso13790,native,True,27.0,0.0,72.87336833213685,18.30000000000001,-101.56212000000002
21506400.0,900,iso13790,native,True,26.8773509704714,0.0,0.0,16.700000000000045,-101.56212000000002
21510000.0,900,iso13790,native,True,26.352686119858454,0.0,0.0,13.900000000000034,-101.56212000000002
21513600.0,900,iso13790,native,True,26.064536840878482,0.0,0.0,13.900000000000034,-101.56212000000002
21517200.0,900,iso13790,native,True,25.899334078418683,0.0,0.0,15.0,-101.56212000000002
21520800.0,900,iso13790,native,True,25.587579207915578,0.0,0.0,14.400000000000034,-101.56212000000002
21524400.0,900,iso13790,native,True,25.39463892000065,0.0,0.0,15.0,-101.56212000000002
21528000.0,900,iso13790,native,True,24.9275225824041,0.0,0.0,12.800000000000011,-101.56212000000002
21531600.0,900,iso13790,native,True,24.815817463133172,0.0,0.0,14.400000000000034,-101.56212000000002
21535200.0,900,iso13790,native,True,24.526857867420492,0.0,0.0,13.900000000000034,-101.56212000000002
21538800.0,900,iso13790,native,True,24.70863445671744,0.0,0.0,16.100000000000023,435.5064638398196
21542400.0,900,iso13790,native,True,24.983668352122347,0.0,0.0,19.400000000000034,442.6080615117679
21546000.0,900,iso13790,native,True,25.381508941497895,0.0,0.0,22.200000000000045,720.5757021612326
21549600.0,900,iso13790,native,True,25.732875032434055,0.0,0.0,24.400000000000034,706.6034351378761
21553200.0,900,iso13790,native,True,26.21295776331321,0.0,0.0,26.700000000000045,900.0445925469942
21556800.0,900,iso13790,native,True,26.666344946603083,0.0,0.0,28.900000000000034,802.3462855574617
21560400.0,900,iso13790,native,True,27.0,0.0,45.68333226839294,30.600000000000023,905.8347692656591
21564000.0,900,iso13790,native,True,27.000000000000004,0.0,130.95550171465237,31.100000000000023,699.9292943604652
21567600.0,900,iso13790,native,True,26.99999999999999,0.0,305.7005001626249,31.700000000000045,1510.2080303349069
21571200.0,900,iso13790,native,True,27.000000000000004,0.0,541.0489286981054,31.700000000000045,2706.116504720006
21574800.0,900,iso13790,native,True,26.999999999999986,0.0,707.4933290681595,30.600000000000023,3006.163435667395
21578400.0,900,iso13790,native,True,26.999999999999986,0.0,755.896478410852,27.80000000000001,2662.470253508448
21582000.0,900,iso13790,native,True,26.99999999999999,0.0,465.5921938206858,23.30000000000001,-101.56212000000002
21585600.0,900,iso13790,native,True,27.0,0.0,409.71320345552306,23.30000000000001,-101.56212000000002
21589200.0,900,iso13790,native,True,27.000000000000004,0.0,343.5413792152252,22.80000000000001,-101.56212000000002
21592800.0,900,iso13790,native,True,27.0,0.0,211.12645270099873,20.0,-101.56212000000002
21596400.0,900,iso13790,native,True,26.999999999999996,0.0,152.10231249159298,20.0,-101.56212000000002
21600000.0,900,iso13790,native,True,26.999999999999996,0.0,80.08203152298073,19.400000000000034,-101.56212000000002
21603600.0,900,iso13790,native,True,26.981431217987193,0.0,0.0,18.30000000000001,-101.56212000000002
21607200.0,900,iso13790,native,True,26.673465233589937,0.0,0.0,17.200000000000045,-101.56212000000002
21610800.0,900,iso13790,native,True,26.461003536714745,0.0,0.0,17.200000000000045,-101.56212000000002
21614400.0,900,iso13790,native,True,25.907061348862328,0.0,0.0,13.900000000000034,-101.56212000000002
21618000.0,900,iso13790,native,True,25.924554062562855,0.0,0.0,16.700000000000045,-101.56212000000002
21621600.0,900,iso13790,native,True,25.539721207562003,0.0,0.0,15.0,-101.56212000000002
21625200.0,900,iso13790,native,True,25.916663487079987,0.0,0.0,19.400000000000034,328.5328182666457
21628800.0,900,iso13790,native,True,26.31986115513674,0.0,0.0,23.30000000000001,433.59679466854163
21632400.0,900,iso13790,native,True,26.595317705025316,0.0,0.0,24.400000000000034,692.3619513708572
21636000.0,900,iso13790,native,True,26.999999999999996,0.0,50.76744227172301,26.700000000000045,1249.254885088948
21639600.0,900,iso13790,native,True,27.000000000000004,0.0,206.86707977993848,28.30000000000001,1497.3334288035821
21643200.0,900,iso13790,native,True,26.999999999999986,0.0,357.4259952979675,31.100000000000023,1199.2291951769182
21646800.0,900,iso13790,native,True,27.00000000000001,0.0,450.7818592048084,31.700000000000045,1080.2217477376375
21650400.0,900,iso13790,native,True,27.0,0.0,601.817650990535,31.700000000000045,1814.0063999437994
21654000.0,900,iso13790,native,True,26.99999999999998,0.0,777.2684556528721,32.80000000000001,2144.7298491649703
21657600.0,900,iso13790,native,True,27.00000000000001,0.0,701.4901820492789,32.0,400.0837859999999
21661200.0,900,iso13790,native,True,26.999999999999996,0.0,652.2431157875274,29.400000000000034,497.17654200000004
21664800.0,900,iso13790,native,True,27.00000000000001,0.0,566.2711800368189,27.80000000000001,22.50084599999999
21668400.0,900,iso13790,native,True,27.000000000000004,0.0,429.01035175704646,24.400000000000034,-101.56212000000002
21672000.0,900,iso13790,native,True,26.99999999999999,0.0,369.1475626395324,23.900000000000034,-101.56212000000002
21675600.0,900,iso13790,native,True,26.999999999999996,0.0,340.07704738542486,24.400000000000034,-101.56212000000002
21679200.0,900,iso13790,native,True,26.99999999999999,0.0,302.13333849815166,24.400000000000034,-101.56212000000002
21682800.0,900,iso13790,native,True,26.999999999999996,0.0,234.72197244471548,23.30000000000001,-101.56212000000002
21686400.0,900,iso13790,native,True,26.999999999999996,0.0,182.59930863939869,22.80000000000001,-101.56212000000002
21690000.0,900,iso13790,native,True,26.999999999999996,0.0,145.86842795452316,22.80000000000001,-101.56212000000002
21693600.0,900,iso13790,native,True,27.0,0.0,94.35159351312882,22.200000000000045,-101.56212000000002
21697200.0,900,iso13790,native,True,27.000000000000004,0.0,13.126286061772618,20.600000000000023,-101.56212000000002
21700800.0,900,iso13790,native,True,26.435536542373555,0.0,0.0,16.100000000000023,-101.56212000000002
21704400.0,900,iso13790,native,True,26.548051900606154,0.0,0.0,19.400000000000034,-101.56212000000002
21708000.0,900,iso13790,native,True,26.226484372452315,0.0,0.0,17.80000000000001,-101.56212000000002
21711600.0,900,iso13790,native,True,26.642162906501582,0.0,0.0,21.700000000000045,433.5689859667342
21715200.0,900,iso13790,native,True,27.0,0.0,3.2693687604854778,25.0,445.42227953004243
21718800.0,900,iso13790,native,True,27.0,0.0,107.91226073908588,27.200000000000045,574.3539652595817
21722400.0,900,iso13790,native,True,27.0,0.0,217.40784214272793,27.200000000000045,1246.8717555715166
21726000.0,900,iso13790,native,True,26.999999999999986,0.0,348.28274921911554,28.30000000000001,1490.0433232872963
21729600.0,900,iso13790,native,True,26.99999999999999,0.0,495.1789714422631,30.600000000000023,1419.5254659106606
21733200.0,900,iso13790,native,True,27.000000000000004,0.0,594.582420329464,31.700000000000045,1226.1049642379808
21736800.0,900,iso13790,native,True,26.99999999999999,0.0,666.7703225689577,30.600000000000023,1526.261390300645
21740400.0,900,iso13790,native,True,27.000000000000004,0.0,691.9351409405366,30.0,1166.9464928675056
21744000.0,900,iso13790,native,True,26.999999999999996,0.0,547.4733937211075,24.400000000000034,870.3416785510486
21747600.0,900,iso13790,native,True,27.000000000000014,0.0,504.42951302088585,25.0,222.08039999999997
21751200.0,900,iso13790,native,True,27.0,0.0,420.2993949941388,23.900000000000034,-20.65149000000001
21754800.0,900,iso13790,native,True,27.000000000000004,0.0,304.08771683389335,21.700000000000045,-101.56212000000002
21758400.0,900,iso13790,native,True,26.999999999999996,0.0,199.49598526226006,20.0,-101.56212000000002
21762000.0,900,iso13790,native,True,26.999999999999996,0.0,159.14048672873608,20.600000000000023,-101.56212000000002
21765600.0,900,iso13790,native,True,26.999999999999996,0.0,123.35546037361304,21.100000000000023,-101.56212000000002
21769200.0,900,iso13790,native,True,27.000000000000004,0.0,96.97120480291457,21.700000000000045,-101.56212000000002
21772800.0,900,iso13790,native,True,27.0,0.0,59.25666576261552,21.700000000000045,-101.56212000000002
21776400.0,900,iso13790,native,True,26.999999999999996,0.0,6.8351459175803075,21.100000000000023,-101.56212000000002
21780000.0,900,iso13790,native,True,26.963747129540725,0.0,0.0,21.700000000000045,-101.56212000000002
21783600.0,900,iso13790,native,True,26.795165244923897,0.0,0.0,21.100000000000023,-101.56212000000002
21787200.0,900,iso13790,native,True,26.678691862284374,0.0,0.0,21.100000000000023,-101.56212000000002
21790800.0,900,iso13790,native,True,26.565177504520186,0.0,0.0,21.100000000000023,-101.56212000000002
21794400.0,900,iso13790,native,True,26.338920959033555,0.0,0.0,20.0,-101.56212000000002
21798000.0,900,iso13790,native,True,26.61283958819616,0.0,0.0,23.30000000000001,65.65318199999999
21801600.0,900,iso13790,native,True,26.799681522899167,0.0,0.0,23.30000000000001,642.8156759999999
21805200.0,900,iso13790,native,True,27.0,0.0,21.91092798902237,22.80000000000001,1286.8125304445384
21808800.0,900,iso13790,native,True,26.999999999999996,0.0,155.8229031030826,24.400000000000034,1545.556071319264
21812400.0,900,iso13790,native,True,26.999999999999996,0.0,317.02372292867454,28.900000000000034,1060.9653771283995
21816000.0,900,iso13790,native,True,27.000000000000004,0.0,348.87428281540207,28.30000000000001,890.7298199966552
21819600.0,900,iso13790,native,True,27.0,0.0,489.68208132357563,30.0,1298.2287804994444
21823200.0,900,iso13790,native,True,27.00000000000001,0.0,560.7421951055771,31.700000000000045,758.5622128819093
21826800.0,900,iso13790,native,True,26.99999999999999,0.0,680.2725804735029,31.100000000000023,1637.4745022922593
21830400.0,900,iso13790,native,True,27.000000000000025,0.0,892.3688062708612,31.700000000000045,2690.7038059230767
21834000.0,900,iso13790,native,True,26.99999999999998,0.0,1063.1680908927922,30.600000000000023,3323.467816353051
21837600.0,900,iso13790,native,True,27.000000000000018,0.0,1070.0044078303126,27.80000000000001,2658.948278650545
21841200.0,900,iso13790,native,True,27.000000000000004,0.0,787.1364402540635,24.400000000000034,-101.56212000000002
21844800.0,900,iso13790,native,True,27.00000000000001,0.0,583.2447327653636,20.0,-101.56212000000002
21848400.0,900,iso13790,native,True,26.999999999999996,0.0,476.6102085700295,19.400000000000034,-101.56212000000002
21852000.0,900,iso13790,native,True,26.99999999999999,0.0,459.96911870513895,21.700000000000045,-101.56212000000002
21855600.0,900,iso13790,native,True,27.000000000000004,0.0,393.1113140250805,21.700000000000045,-101.56212000000002
21859200.0,900,iso13790,native,True,27.0,0.0,281.3723283184018,20.0,-101.56212000000002
21862800.0,900,iso13790,native,True,26.999999999999996,0.0,216.7085022187723,20.0,-101.56212000000002
21866400.0,900,iso13790,native,True,27.0,0.0,157.2362075002583,20.0,-101.56212000000002
21870000.0,900,iso13790,native,True,27.000000000000004,0.0,19.77582098567862,17.200000000000045,-101.56212000000002
21873600.0,900,iso13790,native,True,26.791365868368988,0.0,0.0,16.700000000000045,-101.56212000000002
21877200.0,900,iso13790,native,True,26.447580269150613,0.0,0.0,15.600000000000023,-101.56212000000002
21880800.0,900,iso13790,native,True,26.13714021243197,0.0,0.0,15.0,-101.56212000000002
21884400.0,900,iso13790,native,True,26.531316817695323,0.0,0.0,19.400000000000034,419.06034281607845
21888000.0,900,iso13790,native,True,26.842151164887973,0.0,0.0,22.80000000000001,401.8983535480029
21891600.0,900,iso13790,native,True,26.999999999999996,0.0,55.77902153883723,25.0,654.9417207556678
21895200.0,900,iso13790,native,True,26.999999999999996,0.0,179.69788303081657,26.700000000000045,1037.4935195766511
21898800.0,900,iso13790,native,True,27.0,0.0,283.14321063003405,28.30000000000001,993.253863101263
21902400.0,900,iso13790,native,True,26.999999999999996,0.0,342.37427911638605,29.400000000000034,652.3175559698382
21906000.0,900,iso13790,native,True,27.0,0.0,393.7752229471021,30.0,555.4394302146527
21909600.0,900,iso13790,native,True,26.999999999999996,0.0,465.96195659505383,31.100000000000023,575.1330489229649
21913200.0,900,iso13790,native,True,27.000000000000004,0.0,638.2871309653293,31.700000000000045,1703.875321365087
21916800.0,900,iso13790,native,True,26.999999999999986,0.0,830.7314424565498,31.100000000000023,2798.06887939965
21920400.0,900,iso13790,native,True,27.0,0.0,980.710959078437,30.0,3152.6342328026312
21924000.0,900,iso13790,native,True,26.999999999999996,0.0,906.6355151557171,26.100000000000023,2087.368698589803
21927600.0,900,iso13790,native,True,27.0,0.0,600.2455864372953,21.100000000000023,-101.56212000000002
21931200.0,900,iso13790,native,True,27.000000000000014,0.0,503.06027029042656,20.600000000000023,-101.56212000000002
21934800.0,900,iso13790,native,True,26.999999999999996,0.0,439.6636648401036,21.100000000000023,-101.56212000000002
21938400.0,900,iso13790,native,True,26.999999999999996,0.0,370.14973383917635,21.100000000000023,-101.56212000000002
21942000.0,900,iso13790,native,True,27.0,0.0,255.96786875321038,19.400000000000034,-101.56212000000002
21945600.0,900,iso13790,native,True,26.999999999999996,0.0,174.27821444924945,18.900000000000034,-101.56212000000002
21949200.0,900,iso13790,native,True,27.000000000000004,0.0,60.105271470069276,17.200000000000045,-101.56212000000002
21952800.0,900,iso13790,native,True,26.975828172995804,0.0,0.0,17.200000000000045,-101.56212000000002
21956400.0,900,iso13790,native,True,26.703127607342527,0.0,0.0,16.700000000000045,-101.56212000000002
21960000.0,900,iso13790,native,True,26.761019119568918,0.0,0.0,19.400000000000034,-101.56212000000002
21963600.0,900,iso13790,native,True,25.908468224779494,0.0,0.0,12.800000000000011,-101.56212000000002
21967200.0,900,iso13790,native,True,25.372406620562906,0.0,0.0,10.600000000000023,-101.56212000000002
21970800.0,900,iso13790,native,True,25.880466790826215,0.0,0.0,17.200000000000045,349.19532924251087
21974400.0,900,iso13790,native,True,26.22205918594746,0.0,0.0,21.100000000000023,423.25565113057223
21978000.0,900,iso13790,native,True,26.60579797333536,0.0,0.0,23.900000000000034,640.7667472256212
21981600.0,900,iso13790,native,True,26.958223369913544,0.0,0.0,25.600000000000023,790.981015085267
21985200.0,900,iso13790,native,True,27.000000000000004,0.0,56.827333691878835,25.600000000000023,950.765440413674
21988800.0,900,iso13790,native,True,27.000000000000004,0.0,130.02898415384877,26.700000000000045,785.360406822284
21992400.0,900,iso13790,native,True,27.000000000000004,0.0,238.8690435408036,28.30000000000001,907.334560381079
21996000.0,900,iso13790,native,True,27.0,0.0,309.0754433262781,29.400000000000034,691.98392400901
21999600.0,900,iso13790,native,True,27.00000000000001,0.0,493.1799425288718,30.0,1862.6915342728703
22003200.0,900,iso13790,native,True,27.00000000000001,0.0,681.5362454178324,30.600000000000023,2472.994517229659
22006800.0,900,iso13790,native,True,26.99999999999999,0.0,752.0937452362681,27.200000000000045,2826.733089514922
22010400.0,900,iso13790,native,True,27.00000000000001,0.0,544.5776994115017,25.600000000000023,-26.045532000000016
22014000.0,900,iso13790,native,True,27.00000000000001,0.0,380.4993055162741,21.700000000000045,-101.56212000000002
22017600.0,900,iso13790,native,True,27.0,0.0,302.2868396999109,21.100000000000023,-101.56212000000002
22021200.0,900,iso13790,native,True,26.999999999999996,0.0,113.74633663642656,16.700000000000045,-101.56212000000002
22024800.0,900,iso13790,native,True,26.89680520036521,0.0,0.0,14.400000000000034,-101.56212000000002
22028400.0,900,iso13790,native,True,26.43935174096016,0.0,0.0,12.800000000000011,-101.56212000000002
22032000.0,900,iso13790,native,True,26.057986284428335,0.0,0.0,12.200000000000045,-101.56212000000002
22035600.0,900,iso13790,native,True,25.43981430622816,0.0,0.0,9.400000000000034,-101.56212000000002
22039200.0,900,iso13790,native,True,24.77672409691935,0.0,0.0,6.7000000000000455,-101.56212000000002
22042800.0,900,iso13790,native,True,24.51387856366867,0.0,0.0,8.300000000000011,-101.56212000000002
22046400.0,900,iso13790,native,True,24.19324433841422,0.0,0.0,8.900000000000034,-101.56212000000002
22050000.0,900,iso13790,native,True,23.717304186434987,0.0,0.0,7.800000000000011,-101.56212000000002
22053600.0,900,iso13790,native,True,23.39369302255901,0.0,0.0,8.300000000000011,-101.56212000000002
22057200.0,900,iso13790,native,True,23.410798062104877,0.0,0.0,10.600000000000023,263.1694747024102
22060800.0,900,iso13790,native,True,23.47400251583559,0.0,0.0,11.700000000000045,726.7516305199134
22064400.0,900,iso13790,native,True,23.681810560857997,0.0,0.0,13.300000000000011,1093.9431588315986
22068000.0,900,iso13790,native,True,24.06777945932768,0.0,0.0,15.0,1608.888959512366
22071600.0,900,iso13790,native,True,24.356269974615735,0.0,0.0,17.200000000000045,1300.6146956531766
22075200.0,900,iso13790,native,True,24.60021495868572,0.0,0.0,18.900000000000034,1065.21752527803
22078800.0,900,iso13790,native,True,24.65263775775565,0.0,0.0,19.400000000000034,686.0131455812042
22082400.0,900,iso13790,native,True,24.842114772290326,0.0,0.0,20.0,857.4521050327461
22086000.0,900,iso13790,native,True,25.27805311165398,0.0,0.0,18.900000000000034,2083.7235831336
22089600.0,900,iso13790,native,True,25.386123069341725,0.0,0.0,18.900000000000034,1439.8620509333741
22093200.0,900,iso13790,native,True,24.97580503494211,0.0,0.0,17.200000000000045,243.65656799999994
22096800.0,900,iso13790,native,True,24.674707601930518,0.0,0.0,16.100000000000023,-9.863406000000012
22100400.0,900,iso13790,native,True,24.41951398622094,0.0,0.0,15.600000000000023,-101.56212000000002
22104000.0,900,iso13790,native,True,23.750650414753878,0.0,0.0,11.100000000000023,-101.56212000000002
22107600.0,900,iso13790,native,True,23.457471821266616,0.0,0.0,11.100000000000023,-101.56212000000002
22111200.0,900,iso13790,native,True,23.119184186693953,0.0,0.0,10.600000000000023,-101.56212000000002
22114800.0,900,iso13790,native,True,22.766276765659065,0.0,0.0,10.0,-101.56212000000002
22118400.0,900,iso13790,native,True,22.40709191821913,0.0,0.0,9.400000000000034,-101.56212000000002
22122000.0,900,iso13790,native,True,22.05230058140283,0.0,0.0,8.900000000000034,-101.56212000000002
22125600.0,900,iso13790,native,True,21.798934775412352,0.0,0.0,9.400000000000034,-101.56212000000002
22129200.0,900,iso13790,native,True,21.459593767872054,0.0,0.0,8.900000000000034,-101.56212000000002
22132800.0,900,iso13790,native,True,21.168728483031636,0.0,0.0,8.900000000000034,-101.56212000000002
22136400.0,900,iso13790,native,True,20.822183929121476,0.0,0.0,8.300000000000011,-101.56212000000002
22140000.0,900,iso13790,native,True,20.59533779525894,0.0,0.0,8.900000000000034,-101.56212000000002
22143600.0,900,iso13790,native,True,20.668287366215193,0.0,0.0,10.600000000000023,354.159726340997
22147200.0,900,iso13790,native,True,21.0278235879958,0.0,0.0,15.0,427.0222104776674
22150800.0,900,iso13790,native,True,21.364370206561574,0.0,0.0,17.80000000000001,574.7203885462936
22154400.0,900,iso13790,native,True,21.74047998814341,0.0,0.0,19.400000000000034,921.245933570384
22158000.0,900,iso13790,native,True,22.054805278230003,0.0,0.0,20.600000000000023,916.5642359274937
22161600.0,900,iso13790,native,True,22.43787389527606,0.0,0.0,21.700000000000045,1073.2256312670297
22165200.0,900,iso13790,native,True,22.73283961702276,0.0,0.0,20.600000000000023,1484.2442300395376
22168800.0,900,iso13790,native,True,22.63580989685859,0.0,0.0,19.400000000000034,680.5739699999999
22172400.0,900,iso13790,native,True,21.995122456293434,0.0,0.0,13.0,448.6301639999999
22176000.0,900,iso13790,native,True,22.07377070200008,0.0,0.0,15.0,308.385072
22179600.0,900,iso13790,native,True,22.187286633911878,0.0,0.0,15.0,801.0502761515229
22183200.0,900,iso13790,native,True,22.175207818153304,0.0,0.0,13.300000000000011,1152.6094310294945
22186800.0,900,iso13790,native,True,21.516227963514346,0.0,0.0,10.600000000000023,-101.56212000000002
22190400.0,900,iso13790,native,True,21.025349115011803,0.0,0.0,8.300000000000011,-101.56212000000002
22194000.0,900,iso13790,native,True,20.972036323328474,0.0,0.0,10.600000000000023,-101.56212000000002
22197600.0,900,iso13790,native,True,20.610608788397382,0.0,0.0,9.400000000000034,-101.56212000000002
22201200.0,900,iso13790,native,True,20.41708343031474,0.0,0.0,10.0,-101.56212000000002
22204800.0,900,iso13790,native,True,20.180648962548553,0.0,0.0,10.0,-101.56212000000002
22208400.0,900,iso13790,native,True,20.000000000000004,13.997779695041858,0.0,10.0,-101.56212000000002
22212000.0,900,iso13790,native,True,20.000000000000004,126.62843262369309,0.0,8.300000000000011,-101.56212000000002
22215600.0,900,iso13790,native,True,20.0,192.11233849611918,0.0,8.300000000000011,-101.56212000000002
22219200.0,900,iso13790,native,True,20.000000000000004,234.60398263376135,0.0,8.900000000000034,-101.56212000000002
22222800.0,900,iso13790,native,True,19.999999999999996,287.13272952069934,0.0,8.900000000000034,-101.56212000000002
22226400.0,900,iso13790,native,True,20.0,367.95817467703716,0.0,7.800000000000011,-101.56212000000002
22230000.0,900,iso13790,native,True,20.000000000000004,275.4411253055361,0.0,11.100000000000023,341.98635343602564
22233600.0,900,iso13790,native,True,19.999999999999996,173.96897989561424,0.0,14.400000000000034,446.28410364331546
22237200.0,900,iso13790,native,True,20.000000000000004,22.376960479342184,0.0,18.30000000000001,656.0313369177553
22240800.0,900,iso13790,native,True,20.411278012603272,0.0,0.0,20.600000000000023,918.3009997898932
22244400.0,900,iso13790,native,True,20.865671602650988,0.0,0.0,22.200000000000045,1009.7118823052449
22248000.0,900,iso13790,native,True,21.21174913300523,0.0,0.0,23.30000000000001,808.9030697411164
22251600.0,900,iso13790,native,True,21.4976890137932,0.0,0.0,23.900000000000034,654.6738919243866
22255200.0,900,iso13790,native,True,21.790346296887105,0.0,0.0,24.400000000000034,619.4042152838072
22258800.0,900,iso13790,native,True,22.56831137895138,0.0,0.0,25.0,1916.8419602672034
22262400.0,900,iso13790,native,True,23.44776452739043,0.0,0.0,25.0,2903.128092598822
22266000.0,900,iso13790,native,True,24.2812467188218,0.0,0.0,24.400000000000034,3404.053237695502
22269600.0,900,iso13790,native,True,24.31502882488703,0.0,0.0,20.600000000000023,2410.128387574774
22273200.0,900,iso13790,native,True,23.535181479939908,0.0,0.0,17.200000000000045,-101.56212000000002
22276800.0,900,iso13790,native,True,23.234265054558715,0.0,0.0,15.600000000000023,-101.56212000000002
22280400.0,900,iso13790,native,True,23.236711859914855,0.0,0.0,17.200000000000045,-101.56212000000002
22284000.0,900,iso13790,native,True,22.943378102866703,0.0,0.0,15.600000000000023,-101.56212000000002
22287600.0,900,iso13790,native,True,22.54326807530732,0.0,0.0,13.300000000000011,-101.56212000000002
22291200.0,900,iso13790,native,True,22.221028535879654,0.0,0.0,12.200000000000045,-101.56212000000002
22294800.0,900,iso13790,native,True,22.173350692069956,0.0,0.0,13.900000000000034,-101.56212000000002
22298400.0,900,iso13790,native,True,21.581431234313207,0.0,0.0,10.0,-101.56212000000002
22302000.0,900,iso13790,native,True,21.662294439049983,0.0,0.0,13.300000000000011,-101.56212000000002
22305600.0,900,iso13790,native,True,21.246810137357908,0.0,0.0,11.100000000000023,-101.56212000000002
22309200.0,900,iso13790,native,True,21.017242005735405,0.0,0.0,11.100000000000023,-101.56212000000002
22312800.0,900,iso13790,native,True,20.85657483719001,0.0,0.0,11.700000000000045,-101.56212000000002
22316400.0,900,iso13790,native,True,21.058049351429464,0.0,0.0,14.400000000000034,239.40130287050698
22320000.0,900,iso13790,native,True,21.588696674692994,0.0,0.0,18.30000000000001,764.2869945745244
22323600.0,900,iso13790,native,True,22.145103512968454,0.0,0.0,21.100000000000023,1128.0607874637453
22327200.0,900,iso13790,native,True,22.678043145434078,0.0,0.0,21.700000000000045,1693.339018445252
22330800.0,900,iso13790,native,True,23.425752845101588,0.0,0.0,24.400000000000034,1895.867805986122
22334400.0,900,iso13790,native,True,23.70959050717006,0.0,0.0,25.0,1158.5046794969846
22338000.0,900,iso13790,native,True,24.365023383697924,0.0,0.0,26.700000000000045,1558.8589228004148
22341600.0,900,iso13790,native,True,24.89717677627169,0.0,0.0,26.700000000000045,1798.136338792479
22345200.0,900,iso13790,native,True,25.58636507944836,0.0,0.0,27.80000000000001,2046.354895331398
22348800.0,900,iso13790,native,True,26.39278979682959,0.0,0.0,27.200000000000045,2942.095899961394
22352400.0,900,iso13790,native,True,26.867588799811127,0.0,0.0,25.600000000000023,2764.1307578088645
22356000.0,900,iso13790,native,True,26.35026740083968,0.0,0.0,24.400000000000034,-47.62170000000001
22359600.0,900,iso13790,native,True,26.321282151583308,0.0,0.0,24.400000000000034,-101.56212000000002
22363200.0,900,iso13790,native,True,25.901249466908393,0.0,0.0,20.600000000000023,-101.56212000000002
22366800.0,900,iso13790,native,True,25.731714829425293,0.0,0.0,20.0,-101.56212000000002
22370400.0,900,iso13790,native,True,25.383060822561067,0.0,0.0,17.80000000000001,-101.56212000000002
22374000.0,900,iso13790,native,True,24.861235579155515,0.0,0.0,14.400000000000034,-101.56212000000002
22377600.0,900,iso13790,native,True,24.68674816705501,0.0,0.0,15.0,-101.56212000000002
22381200.0,900,iso13790,native,True,24.353241945116245,0.0,0.0,13.900000000000034,-101.56212000000002
22384800.0,900,iso13790,native,True,24.000262826412023,0.0,0.0,12.800000000000011,-101.56212000000002
22388400.0,900,iso13790,native,True,23.68086281303736,0.0,0.0,12.200000000000045,-101.56212000000002
22392000.0,900,iso13790,native,True,23.480471608325708,0.0,0.0,12.800000000000011,-101.56212000000002
22395600.0,900,iso13790,native,True,22.879956149555355,0.0,0.0,9.400000000000034,-101.56212000000002
22399200.0,900,iso13790,native,True,22.51315162147195,0.0,0.0,8.900000000000034,-101.56212000000002
22402800.0,900,iso13790,native,True,23.053456506289507,0.0,0.0,15.600000000000023,327.63921734152245
22406400.0,900,iso13790,native,True,23.69216435357995,0.0,0.0,22.200000000000045,364.81385242623514
22410000.0,900,iso13790,native,True,24.22057997598081,0.0,0.0,25.0,764.1314579411954
22413600.0,900,iso13790,native,True,24.439843743913244,0.0,0.0,25.600000000000023,543.5779361222129
22417200.0,900,iso13790,native,True,24.763070125378846,0.0,0.0,26.700000000000045,572.7555364470647
22420800.0,900,iso13790,native,True,25.047113567422063,0.0,0.0,27.200000000000045,595.9116971420976
22424400.0,900,iso13790,native,True,25.42358743792427,0.0,0.0,28.900000000000034,495.61730007253004
22428000.0,900,iso13790,native,True,25.753245728280003,0.0,0.0,29.400000000000034,583.5155755978544
22431600.0,900,iso13790,native,True,26.642534805404544,0.0,0.0,30.600000000000023,1963.8114747426237
22435200.0,900,iso13790,native,True,27.000000000000004,0.0,154.61462136173643,30.0,3067.416993219679
22438800.0,900,iso13790,native,True,27.0,0.0,359.19663575305384,28.30000000000001,3516.7400555768936
22442400.0,900,iso13790,native,True,27.000000000000004,0.0,269.32439433178365,22.80000000000001,2169.4757840704983
22446000.0,900,iso13790,native,True,26.999999999999996,0.0,19.764839492190372,18.900000000000034,-101.56212000000002
22449600.0,900,iso13790,native,True,26.771449974608956,0.0,0.0,17.80000000000001,-101.56212000000002
22453200.0,900,iso13790,native,True,26.802994131707795,0.0,0.0,20.0,-101.56212000000002
22456800.0,900,iso13790,native,True,26.364055355137197,0.0,0.0,17.200000000000045,-101.56212000000002
22460400.0,900,iso13790,native,True,25.928202189409408,0.0,0.0,15.0,-101.56212000000002
22464000.0,900,iso13790,native,True,25.331904553697317,0.0,0.0,11.700000000000045,-101.56212000000002
22467600.0,900,iso13790,native,True,25.066354332245023,0.0,0.0,12.200000000000045,-101.56212000000002
22471200.0,900,iso13790,native,True,24.71513845626237,0.0,0.0,11.700000000000045,-101.56212000000002
22474800.0,900,iso13790,native,True,24.34963123785388,0.0,0.0,11.100000000000023,-101.56212000000002
22478400.0,900,iso13790,native,True,24.156861479055856,0.0,0.0,12.200000000000045,-101.56212000000002
22482000.0,900,iso13790,native,True,23.65005662801292,0.0,0.0,10.0,-101.56212000000002
22485600.0,900,iso13790,native,True,23.3945567082245,0.0,0.0,10.600000000000023,-101.56212000000002
22489200.0,900,iso13790,native,True,23.53844089253734,0.0,0.0,13.300000000000011,336.69169144782495
22492800.0,900,iso13790,native,True,23.72693446341302,0.0,0.0,15.600000000000023,570.983357827846
22496400.0,900,iso13790,native,True,23.85074400379306,0.0,0.0,16.700000000000045,685.6241874910713
22500000.0,900,iso13790,native,True,24.21242585428437,0.0,0.0,19.400000000000034,856.420734312842
22503600.0,900,iso13790,native,True,24.52154686502709,0.0,0.0,21.100000000000023,904.9535234647163
22507200.0,900,iso13790,native,True,25.161097785807225,0.0,0.0,23.900000000000034,1425.4441497082598
22510800.0,900,iso13790,native,True,25.457386274438992,0.0,0.0,24.400000000000034,1194.8720294786604
22514400.0,900,iso13790,native,True,26.169401266860824,0.0,0.0,26.700000000000045,1721.7441406567518
22518000.0,900,iso13790,native,True,26.86757328122645,0.0,0.0,27.80000000000001,2131.4541151667736
22521600.0,900,iso13790,native,True,27.0,0.0,183.3802256239643,27.200000000000045,3005.6623699203165
22525200.0,900,iso13790,native,True,27.0,0.0,311.1602067268719,24.400000000000034,3273.997618745015
22528800.0,900,iso13790,native,True,26.999999999999996,0.0,266.3611799595603,21.100000000000023,2113.527705625059
22532400.0,900,iso13790,native,True,27.000000000000014,0.0,57.375434927488534,18.900000000000034,-101.56212000000002
22536000.0,900,iso13790,native,True,26.894462464978798,0.0,0.0,17.80000000000001,-101.56212000000002
22539600.0,900,iso13790,native,True,26.691629393929706,0.0,0.0,17.80000000000001,-101.56212000000002
22543200.0,900,iso13790,native,True,26.37832329132461,0.0,0.0,16.700000000000045,-101.56212000000002
22546800.0,900,iso13790,native,True,25.86633631854613,0.0,0.0,13.900000000000034,-101.56212000000002
22550400.0,900,iso13790,native,True,25.59054283389081,0.0,0.0,13.900000000000034,-101.56212000000002
22554000.0,900,iso13790,native,True,25.258687178676567,0.0,0.0,13.300000000000011,-101.56212000000002
22557600.0,900,iso13790,native,True,24.86746198354192,0.0,0.0,12.200000000000045,-101.56212000000002
22561200.0,900,iso13790,native,True,24.52129899942166,0.0,0.0,11.700000000000045,-101.56212000000002
22564800.0,900,iso13790,native,True,24.22378505140509,0.0,0.0,11.700000000000045,-101.56212000000002
22568400.0,900,iso13790,native,True,23.75513470656937,0.0,0.0,10.0,-101.56212000000002
22572000.0,900,iso13790,native,True,23.433896513370815,0.0,0.0,10.0,-101.56212000000002
22575600.0,900,iso13790,native,True,23.30492595600123,0.0,0.0,10.600000000000023,236.50097452686572
22579200.0,900,iso13790,native,True,23.352027539010795,0.0,0.0,12.800000000000011,340.749324
22582800.0,900,iso13790,native,True,23.832097868317863,0.0,0.0,16.100000000000023,1115.638249435084
22586400.0,900,iso13790,native,True,24.15290932798486,0.0,0.0,18.30000000000001,1100.6856904058932
22590000.0,900,iso13790,native,True,24.55771396950861,0.0,0.0,21.700000000000045,843.7081707930195
22593600.0,900,iso13790,native,True,24.922406004556247,0.0,0.0,23.900000000000034,769.6326730357288
22597200.0,900,iso13790,native,True,25.289102354704195,0.0,0.0,25.600000000000023,762.4475952119333
22600800.0,900,iso13790,native,True,25.688946565765097,0.0,0.0,27.200000000000045,786.9350072832627
22604400.0,900,iso13790,native,True,26.47192366387442,0.0,0.0,27.80000000000001,2075.1704072189254
22608000.0,900,iso13790,native,True,27.000000000000004,0.0,89.32902991055096,27.200000000000045,3126.1807852291877
22611600.0,900,iso13790,native,True,27.0,0.0,278.99943514336735,26.700000000000045,3186.224596522061
22615200.0,900,iso13790,native,True,27.000000000000004,0.0,227.58339921948263,22.80000000000001,2000.3327808206689
22618800.0,900,iso13790,native,True,26.842133263112324,0.0,0.0,17.80000000000001,-101.56212000000002
22622400.0,900,iso13790,native,True,26.461934837636207,0.0,0.0,16.100000000000023,-101.56212000000002
22626000.0,900,iso13790,native,True,26.226901428668825,0.0,0.0,16.100000000000023,-101.56212000000002
22629600.0,900,iso13790,native,True,26.113465119066568,0.0,0.0,17.200000000000045,-101.56212000000002
22633200.0,900,iso13790,native,True,25.747046986334556,0.0,0.0,15.600000000000023,-101.56212000000002
22636800.0,900,iso13790,native,True,25.633098875624533,0.0,0.0,16.700000000000045,-101.56212000000002
22640400.0,900,iso13790,native,True,25.255670486164632,0.0,0.0,15.0,-101.56212000000002
22644000.0,900,iso13790,native,True,24.7920846638093,0.0,0.0,12.800000000000011,-101.56212000000002
22647600.0,900,iso13790,native,True,24.515637038333093,0.0,0.0,12.800000000000011,-101.56212000000002
22651200.0,900,iso13790,native,True,24.246212608903658,0.0,0.0,12.800000000000011,-101.56212000000002
22654800.0,900,iso13790,native,True,23.920564202050766,0.0,0.0,12.200000000000045,-101.56212000000002
22658400.0,900,iso13790,native,True,23.65101459724069,0.0,0.0,12.200000000000045,-101.56212000000002
22662000.0,900,iso13790,native,True,24.013853282485027,0.0,0.0,16.700000000000045,324.44521227779785
22665600.0,900,iso13790,native,True,24.33389803927017,0.0,0.0,20.0,432.44810993292964
22669200.0,900,iso13790,native,True,24.814097567831347,0.0,0.0,23.30000000000001,711.106796679428
22672800.0,900,iso13790,native,True,25.379125306086927,0.0,0.0,26.700000000000045,828.9946566968339
22676400.0,900,iso13790,native,True,25.90047337456992,0.0,0.0,28.30000000000001,1081.000297006225
22680000.0,900,iso13790,native,True,26.513902061093706,0.0,0.0,30.600000000000023,1155.978746250887
22683600.0,900,iso13790,native,True,26.94942472293493,0.0,0.0,30.600000000000023,1244.366637473775
22687200.0,900,iso13790,native,True,27.0,0.0,108.53816529990875,31.700000000000045,990.234169472453
22690800.0,900,iso13790,native,True,27.000000000000004,0.0,318.41430131087003,31.700000000000045,2089.8724284209793
22694400.0,900,iso13790,native,True,27.00000000000001,0.0,483.252287019138,30.0,2744.667927247668
22698000.0,900,iso13790,native,True,27.000000000000004,0.0,417.1896015097283,28.900000000000034,786.5785802372698
22701600.0,900,iso13790,native,True,27.000000000000004,0.0,247.62521000189278,24.400000000000034,6.318719999999985
22705200.0,900,iso13790,native,True,26.999999999999996,0.0,100.4797730360832,20.600000000000023,-101.56212000000002
22708800.0,900,iso13790,native,True,27.000000000000004,0.0,19.155462698450535,19.400000000000034,-101.56212000000002
22712400.0,900,iso13790,native,True,26.782159473574442,0.0,0.0,18.30000000000001,-101.56212000000002
22716000.0,900,iso13790,native,True,26.363629981549586,0.0,0.0,16.100000000000023,-101.56212000000002
22719600.0,900,iso13790,native,True,26.362346099337795,0.0,0.0,18.30000000000001,-101.56212000000002
22723200.0,900,iso13790,native,True,26.185734109285477,0.0,0.0,18.30000000000001,-101.56212000000002
22726800.0,900,iso13790,native,True,26.01360897502804,0.0,0.0,18.30000000000001,-101.56212000000002
22730400.0,900,iso13790,native,True,25.908925455331648,0.0,0.0,18.900000000000034,-101.56212000000002
22734000.0,900,iso13790,native,True,25.75907578486818,0.0,0.0,18.900000000000034,-101.56212000000002
22737600.0,900,iso13790,native,True,25.665590359243907,0.0,0.0,19.400000000000034,-101.56212000000002
22741200.0,900,iso13790,native,True,25.482067945489405,0.0,0.0,18.900000000000034,-101.56212000000002
22744800.0,900,iso13790,native,True,25.45868869628925,0.0,0.0,20.0,-101.56212000000002
22748400.0,900,iso13790,native,True,25.42114080176488,0.0,0.0,19.400000000000034,278.253346572639
22752000.0,900,iso13790,native,True,25.828958618104163,0.0,0.0,22.200000000000045,714.3671278242251
22755600.0,900,iso13790,native,True,26.5400222393871,0.0,0.0,27.200000000000045,918.4931514197725
22759200.0,900,iso13790,native,True,27.0,0.0,19.883869101844134,29.400000000000034,1013.2905729752681
22762800.0,900,iso13790,native,True,27.0,0.0,186.82797952829628,29.400000000000034,1765.0873206802773
22766400.0,900,iso13790,native,True,26.999999999999996,0.0,242.08232934913363,29.400000000000034,1086.708009737651
22770000.0,900,iso13790,native,True,26.999999999999996,0.0,323.0596091642952,29.400000000000034,1117.491372
22773600.0,900,iso13790,native,True,26.999999999999996,0.0,160.49405125280938,22.80000000000001,712.938222
22777200.0,900,iso13790,native,True,26.999999999999996,0.0,177.6965844698965,23.900000000000034,416.26591199999996
22780800.0,900,iso13790,native,True,26.99999999999999,0.0,356.44471513589434,26.700000000000045,1339.8538957004273
22784400.0,900,iso13790,native,True,26.999999999999996,0.0,378.4854336874155,25.600000000000023,1238.1252286591257
22788000.0,900,iso13790,native,True,26.99999999999999,0.0,246.68783674974753,23.900000000000034,-58.40978400000001
22791600.0,900,iso13790,native,True,27.0,0.0,128.18579801408626,21.100000000000023,-101.56212000000002
22795200.0,900,iso13790,native,True,27.000000000000004,0.0,68.89977352973669,20.600000000000023,-101.56212000000002
22798800.0,900,iso13790,native,True,26.91227499417424,0.0,0.0,18.900000000000034,-101.56212000000002
22802400.0,900,iso13790,native,True,26.558240282387764,0.0,0.0,17.200000000000045,-101.56212000000002
22806000.0,900,iso13790,native,True,26.18052256564465,0.0,0.0,15.600000000000023,-101.56212000000002
22809600.0,900,iso13790,native,True,25.761241114407934,0.0,0.0,13.900000000000034,-101.56212000000002
22813200.0,900,iso13790,native,True,25.540674880231922,0.0,0.0,14.400000000000034,-101.56212000000002
22816800.0,900,iso13790,native,True,25.28585745619407,0.0,0.0,14.400000000000034,-101.56212000000002
22820400.0,900,iso13790,native,True,25.100582457536962,0.0,0.0,15.0,-101.56212000000002
22824000.0,900,iso13790,native,True,24.80911999944458,0.0,0.0,14.400000000000034,-101.56212000000002
22827600.0,900,iso13790,native,True,24.404704515767303,0.0,0.0,12.800000000000011,-101.56212000000002
22831200.0,900,iso13790,native,True,24.022472306680157,0.0,0.0,11.700000000000045,-101.56212000000002
22834800.0,900,iso13790,native,True,23.974222663461237,0.0,0.0,12.800000000000011,236.29907909047654
22838400.0,900,iso13790,native,True,24.187325510082477,0.0,0.0,15.0,695.702148607513
22842000.0,900,iso13790,native,True,24.314422680034312,0.0,0.0,15.600000000000023,966.2575092219256
22845600.0,900,iso13790,native,True,24.706168348943915,0.0,0.0,17.80000000000001,1309.3263593856518
22849200.0,900,iso13790,native,True,25.129354655454165,0.0,0.0,18.900000000000034,1727.7036666845383
22852800.0,900,iso13790,native,True,25.363597107806452,0.0,0.0,20.600000000000023,1141.5589539777416
22856400.0,900,iso13790,native,True,25.7053506714837,0.0,0.0,21.700000000000045,1281.757851115461
22860000.0,900,iso13790,native,True,26.149769100121322,0.0,0.0,22.200000000000045,1746.401565650038
22863600.0,900,iso13790,native,True,26.266319407535306,0.0,0.0,22.80000000000001,981.4424923027414
22867200.0,900,iso13790,native,True,26.091716695691034,0.0,0.0,21.700000000000045,329.96124
22870800.0,900,iso13790,native,True,25.6105853503174,0.0,0.0,17.80000000000001,103.411476
22874400.0,900,iso13790,native,True,25.305323514922623,0.0,0.0,16.700000000000045,-74.59191000000001
22878000.0,900,iso13790,native,True,24.995465261849453,0.0,0.0,15.600000000000023,-101.56212000000002
22881600.0,900,iso13790,native,True,24.658847670597773,0.0,0.0,14.400000000000034,-101.56212000000002
22885200.0,900,iso13790,native,True,24.258249879418585,0.0,0.0,12.800000000000011,-101.56212000000002
22888800.0,900,iso13790,native,True,23.816669625688554,0.0,0.0,11.100000000000023,-101.56212000000002
22892400.0,900,iso13790,native,True,23.469256513565924,0.0,0.0,10.600000000000023,-101.56212000000002
22896000.0,900,iso13790,native,True,23.2230814872932,0.0,0.0,11.100000000000023,-101.56212000000002
22899600.0,900,iso13790,native,True,22.82767982851051,0.0,0.0,10.0,-101.56212000000002
22903200.0,900,iso13790,native,True,22.708698560664825,0.0,0.0,11.700000000000045,-101.56212000000002
22906800.0,900,iso13790,native,True,22.394165268035483,0.0,0.0,11.100000000000023,-101.56212000000002
22910400.0,900,iso13790,native,True,21.956753610045848,0.0,0.0,9.400000000000034,-101.56212000000002
22914000.0,900,iso13790,native,True,21.729029227922037,0.0,0.0,10.0,-101.56212000000002
22917600.0,900,iso13790,native,True,21.396195819724923,0.0,0.0,9.400000000000034,-101.56212000000002
22921200.0,900,iso13790,native,True,21.510220862595222,0.0,0.0,11.700000000000045,314.07982949094924
22924800.0,900,iso13790,native,True,21.73938857045629,0.0,0.0,14.400000000000034,527.807890153292
22928400.0,900,iso13790,native,True,22.082467911412774,0.0,0.0,17.200000000000045,725.9632748632575
22932000.0,900,iso13790,native,True,22.45162896966803,0.0,0.0,19.400000000000034,879.1359241113743
22935600.0,900,iso13790,native,True,23.033457187774307,0.0,0.0,23.30000000000001,904.7971586387118
22939200.0,900,iso13790,native,True,23.621607851806747,0.0,0.0,26.100000000000023,1020.1214534947217
22942800.0,900,iso13790,native,True,24.225498082276843,0.0,0.0,27.80000000000001,1275.7745746387284
22946400.0,900,iso13790,native,True,24.745113248991306,0.0,0.0,27.80000000000001,1563.0048930386224
22950000.0,900,iso13790,native,True,25.315514201246646,0.0,0.0,28.30000000000001,1708.7282798159154
22953600.0,900,iso13790,native,True,25.58846693590967,0.0,0.0,27.200000000000045,1410.4176363388278
22957200.0,900,iso13790,native,True,25.877528023750823,0.0,0.0,25.600000000000023,1581.4341040520333
22960800.0,900,iso13790,native,True,25.9010602151477,0.0,0.0,24.400000000000034,924.1661640137598
22964400.0,900,iso13790,native,True,25.28313226460857,0.0,0.0,20.0,-101.56212000000002
22968000.0,900,iso13790,native,True,25.35582143174747,0.0,0.0,21.700000000000045,-101.56212000000002
22971600.0,900,iso13790,native,True,24.881211041815362,0.0,0.0,17.80000000000001,-101.56212000000002
22975200.0,900,iso13790,native,True,24.613898906391828,0.0,0.0,16.700000000000045,-101.56212000000002
22978800.0,900,iso13790,native,True,24.26236345481647,0.0,0.0,15.0,-101.56212000000002
22982400.0,900,iso13790,native,True,24.118333580376987,0.0,0.0,15.600000000000023,-101.56212000000002
22986000.0,900,iso13790,native,True,23.803999659484937,0.0,0.0,14.400000000000034,-101.56212000000002
22989600.0,900,iso13790,native,True,23.30949338036486,0.0,0.0,11.700000000000045,-101.56212000000002
22993200.0,900,iso13790,native,True,23.158391585605358,0.0,0.0,12.800000000000011,-101.56212000000002
22996800.0,900,iso13790,native,True,23.15470026971841,0.0,0.0,15.0,-101.56212000000002
23000400.0,900,iso13790,native,True,22.91267325917393,0.0,0.0,14.400000000000034,-101.56212000000002
23004000.0,900,iso13790,native,True,22.440811269511073,0.0,0.0,11.700000000000045,-101.56212000000002
23007600.0,900,iso13790,native,True,22.27381592740555,0.0,0.0,12.200000000000045,-31.43957400000002
23011200.0,900,iso13790,native,True,22.07050391586682,0.0,0.0,11.700000000000045,141.16977
23014800.0,900,iso13790,native,True,22.12308995418587,0.0,0.0,12.800000000000011,475.600374
23018400.0,900,iso13790,native,True,22.692567547599428,0.0,0.0,15.600000000000023,1478.376166978076
23022000.0,900,iso13790,native,True,23.14448414044873,0.0,0.0,17.200000000000045,1741.357903318256
23025600.0,900,iso13790,native,True,23.623456363372206,0.0,0.0,18.900000000000034,1810.294540319281
23029200.0,900,iso13790,native,True,24.06894973147723,0.0,0.0,20.0,1833.6117569952157
23032800.0,900,iso13790,native,True,24.400584937861563,0.0,0.0,21.100000000000023,1478.3976874138323
23036400.0,900,iso13790,native,True,24.914297318034283,0.0,0.0,20.600000000000023,2261.431413347944
23040000.0,900,iso13790,native,True,25.248717260295255,0.0,0.0,20.600000000000023,1996.0348464716062
23043600.0,900,iso13790,native,True,25.68454575411669,0.0,0.0,18.900000000000034,2696.9535768209344
23047200.0,900,iso13790,native,True,25.360438521446504,0.0,0.0,15.600000000000023,1473.4239267914538
23050800.0,900,iso13790,native,True,24.67550667017592,0.0,0.0,13.300000000000011,-101.56212000000002
23054400.0,900,iso13790,native,True,24.246539978891626,0.0,0.0,11.700000000000045,-101.56212000000002
23058000.0,900,iso13790,native,True,23.892937579589915,0.0,0.0,11.100000000000023,-101.56212000000002
23061600.0,900,iso13790,native,True,23.659212906024447,0.0,0.0,11.700000000000045,-101.56212000000002
23065200.0,900,iso13790,native,True,23.383600392801156,0.0,0.0,11.700000000000045,-101.56212000000002
23068800.0,900,iso13790,native,True,23.167547149509353,0.0,0.0,12.200000000000045,-101.56212000000002
23072400.0,900,iso13790,native,True,22.801502025003465,0.0,0.0,11.100000000000023,-101.56212000000002
23076000.0,900,iso13790,native,True,22.479879407798855,0.0,0.0,10.600000000000023,-101.56212000000002
23079600.0,900,iso13790,native,True,22.143213626706007,0.0,0.0,10.0,-101.56212000000002
23083200.0,900,iso13790,native,True,21.757811965717373,0.0,0.0,9.0,-101.56212000000002
23086800.0,900,iso13790,native,True,21.451399457915752,0.0,0.0,8.900000000000034,-101.56212000000002
23090400.0,900,iso13790,native,True,21.160742350827597,0.0,0.0,8.900000000000034,-101.56212000000002
23094000.0,900,iso13790,native,True,20.862047382205123,0.0,0.0,8.0,119.59360199999999
23097600.0,900,iso13790,native,True,20.742604538643118,0.0,0.0,8.900000000000034,222.08039999999997
23101200.0,900,iso13790,native,True,20.746314234632987,0.0,0.0,10.0,475.600374
23104800.0,900,iso13790,native,True,21.298990592045637,0.0,0.0,13.300000000000011,1385.6437202515958
23108400.0,900,iso13790,native,True,21.869449616032583,0.0,0.0,16.100000000000023,1747.7215871627486
23112000.0,900,iso13790,native,True,22.14240315765348,0.0,0.0,17.80000000000001,1224.9778438269543
23115600.0,900,iso13790,native,True,22.412476431518566,0.0,0.0,20.0,761.7678581643634
23119200.0,900,iso13790,native,True,22.86225732515667,0.0,0.0,21.700000000000045,1090.0258469026533
23122800.0,900,iso13790,native,True,23.581884021700176,0.0,0.0,22.200000000000045,2237.3654520585555
23126400.0,900,iso13790,native,True,24.468246809039144,0.0,0.0,22.200000000000045,3320.0202155742554
23130000.0,900,iso13790,native,True,25.11876803615239,0.0,0.0,21.700000000000045,3299.942227949022
23133600.0,900,iso13790,native,True,24.488150134470438,0.0,0.0,17.200000000000045,969.7114960786025
23137200.0,900,iso13790,native,True,23.884922840868338,0.0,0.0,14.400000000000034,-101.56212000000002
23140800.0,900,iso13790,native,True,23.672170061651578,0.0,0.0,14.400000000000034,-101.56212000000002
23144400.0,900,iso13790,native,True,23.065386896406157,0.0,0.0,10.600000000000023,-101.56212000000002
23148000.0,900,iso13790,native,True,22.77691495217092,0.0,0.0,10.600000000000023,-101.56212000000002
23151600.0,900,iso13790,native,True,22.369634187612135,0.0,0.0,9.400000000000034,-101.56212000000002
23155200.0,900,iso13790,native,True,21.952725722366484,0.0,0.0,8.300000000000011,-101.56212000000002
23158800.0,900,iso13790,native,True,21.465905917612947,0.0,0.0,6.7000000000000455,-101.56212000000002
23162400.0,900,iso13790,native,True,21.287172248620205,0.0,0.0,8.300000000000011,-101.56212000000002
23166000.0,900,iso13790,native,True,20.932886974189284,0.0,0.0,7.800000000000011,-101.56212000000002
23169600.0,900,iso13790,native,True,20.448762297791436,0.0,0.0,6.100000000000023,-101.56212000000002
23173200.0,900,iso13790,native,True,20.059885610849047,0.0,0.0,5.600000000000023,-101.56212000000002
23176800.0,900,iso13790,native,True,20.000000000000004,63.74777821861962,0.0,6.100000000000023,-101.56212000000002
23180400.0,900,iso13790,native,True,19.999999999999996,53.35281714540159,0.0,8.300000000000011,212.46582038880354
23184000.0,900,iso13790,native,True,20.138436444058353,0.0,0.0,12.800000000000011,327.15265792783276
23187600.0,900,iso13790,native,True,20.43732346614759,0.0,0.0,15.600000000000023,522.9653059558129
23191200.0,900,iso13790,native,True,20.849851643970197,0.0,0.0,18.30000000000001,769.836306761559
23194800.0,900,iso13790,native,True,21.301977718878554,0.0,0.0,20.600000000000023,933.3671601893565
23198400.0,900,iso13790,native,True,21.896260932175885,0.0,0.0,24.400000000000034,823.7041977999037
23202000.0,900,iso13790,native,True,22.250098698690426,0.0,0.0,25.600000000000023,644.5440285730199
23205600.0,900,iso13790,native,True,22.800244807541873,0.0,0.0,26.700000000000045,1091.174681813448
23209200.0,900,iso13790,native,True,23.67935085761105,0.0,0.0,27.200000000000045,2324.064369851003
23212800.0,900,iso13790,native,True,24.548341242543145,0.0,0.0,26.100000000000023,3280.9245950338322
23216400.0,900,iso13790,native,True,25.271143202518346,0.0,0.0,25.0,3391.4375407044654
23220000.0,900,iso13790,native,True,24.796152305907043,0.0,0.0,20.600000000000023,1187.9273287693802
23223600.0,900,iso13790,native,True,24.40870653444057,0.0,0.0,19.400000000000034,-101.56212000000002
23227200.0,900,iso13790,native,True,24.07842066870388,0.0,0.0,17.200000000000045,-101.56212000000002
23230800.0,900,iso13790,native,True,23.763703165030165,0.0,0.0,15.600000000000023,-101.56212000000002
23234400.0,900,iso13790,native,True,23.637073472591954,0.0,0.0,16.100000000000023,-101.56212000000002
23238000.0,900,iso13790,native,True,23.53687486551034,0.0,0.0,16.700000000000045,-101.56212000000002
23241600.0,900,iso13790,native,True,23.39139616774087,0.0,0.0,16.700000000000045,-101.56212000000002
23245200.0,900,iso13790,native,True,23.249613379506894,0.0,0.0,16.700000000000045,-101.56212000000002
23248800.0,900,iso13790,native,True,23.048363857583055,0.0,0.0,16.100000000000023,-101.56212000000002
23252400.0,900,iso13790,native,True,22.784426726077598,0.0,0.0,15.0,-101.56212000000002
23256000.0,900,iso13790,native,True,22.793570108211675,0.0,0.0,16.700000000000045,-101.56212000000002
23259600.0,900,iso13790,native,True,22.372654362183372,0.0,0.0,13.900000000000034,-101.56212000000002
23263200.0,900,iso13790,native,True,22.416870501424587,0.0,0.0,16.100000000000023,-101.56212000000002
23266800.0,900,iso13790,native,True,22.550429500717666,0.0,0.0,17.200000000000045,317.9545728029818
23270400.0,900,iso13790,native,True,23.027977545121512,0.0,0.0,21.100000000000023,554.3159747115434
23274000.0,900,iso13790,native,True,23.76186004321827,0.0,0.0,25.600000000000023,944.9118913251305
23277600.0,900,iso13790,native,True,24.306595096778835,0.0,0.0,26.100000000000023,1478.4914396678791
23281200.0,900,iso13790,native,True,25.02884065555047,0.0,0.0,28.30000000000001,1689.762175599291
23284800.0,900,iso13790,native,True,25.433315741848034,0.0,0.0,30.0,927.8593217846858
23288400.0,900,iso13790,native,True,25.86055170208979,0.0,0.0,30.600000000000023,920.5860290487118
23292000.0,900,iso13790,native,True,26.42957182599758,0.0,0.0,29.400000000000034,1829.914152539217
23295600.0,900,iso13790,native,True,25.95150830540217,0.0,0.0,23.900000000000034,653.60376
23299200.0,900,iso13790,native,True,26.954930368268553,0.0,0.0,26.100000000000023,2421.104028113206
23302800.0,900,iso13790,native,True,26.699692715634168,0.0,0.0,23.900000000000034,812.7886926616228
23306400.0,900,iso13790,native,True,25.813373017305523,0.0,0.0,17.0,-69.19786800000001
23310000.0,900,iso13790,native,True,25.46592969998852,0.0,0.0,15.600000000000023,-101.56212000000002
23313600.0,900,iso13790,native,True,25.18042863265267,0.0,0.0,15.0,-101.56212000000002
23317200.0,900,iso13790,native,True,24.95000641779162,0.0,0.0,15.0,-101.56212000000002
23320800.0,900,iso13790,native,True,24.662369368021185,0.0,0.0,14.400000000000034,-101.56212000000002
23324400.0,900,iso13790,native,True,24.492934183753967,0.0,0.0,15.0,-101.56212000000002
23328000.0,900,iso13790,native,True,24.279977875092566,0.0,0.0,15.0,-101.56212000000002
23331600.0,900,iso13790,native,True,24.072431755440928,0.0,0.0,15.0,-101.56212000000002
23335200.0,900,iso13790,native,True,23.80708963003004,0.0,0.0,14.400000000000034,-101.56212000000002
23338800.0,900,iso13790,native,True,23.428130887813623,0.0,0.0,12.800000000000011,-101.56212000000002
23342400.0,900,iso13790,native,True,22.82894515340155,0.0,0.0,9.400000000000034,-101.56212000000002
23346000.0,900,iso13790,native,True,22.463436567816892,0.0,0.0,8.900000000000034,-101.56212000000002
23349600.0,900,iso13790,native,True,22.083999748374968,0.0,0.0,8.300000000000011,-101.56212000000002
23353200.0,900,iso13790,native,True,21.902770445074395,0.0,0.0,8.300000000000011,291.5361941246567
23356800.0,900,iso13790,native,True,21.531820978947298,0.0,0.0,7.2000000000000455,227.474442
23360400.0,900,iso13790,native,True,21.35523817913438,0.0,0.0,7.800000000000011,297.596988
23364000.0,900,iso13790,native,True,21.213985281650377,0.0,0.0,8.0,486.38845799999996
23367600.0,900,iso13790,native,True,21.548704882158376,0.0,0.0,10.0,1337.9221357488193
23371200.0,900,iso13790,native,True,21.867495948488436,0.0,0.0,11.100000000000023,1776.8765756545642
23374800.0,900,iso13790,native,True,22.074567672932524,0.0,0.0,11.700000000000045,1730.1157646862014
23378400.0,900,iso13790,native,True,22.05246251796934,0.0,0.0,11.700000000000045,1219.7616094376558
23382000.0,900,iso13790,native,True,22.177409508482647,0.0,0.0,11.700000000000045,1426.712994025468
23385600.0,900,iso13790,native,True,22.099226721773075,0.0,0.0,12.200000000000045,803.4294136160603
23389200.0,900,iso13790,native,True,21.869817871924248,0.0,0.0,11.700000000000045,386.6669336570358
23392800.0,900,iso13790,native,True,21.51570211140193,0.0,0.0,8.900000000000034,567.6897270652597
23396400.0,900,iso13790,native,True,20.949781419705943,0.0,0.0,7.2000000000000455,-101.56212000000002
23400000.0,900,iso13790,native,True,20.576121937569763,0.0,0.0,6.7000000000000455,-101.56212000000002
23403600.0,900,iso13790,native,True,20.251810044457855,0.0,0.0,6.7000000000000455,-101.56212000000002
23407200.0,900,iso13790,native,True,20.0,68.31947149669115,0.0,5.0,-101.56212000000002
23410800.0,900,iso13790,native,True,20.000000000000007,194.57359087961817,0.0,3.900000000000034,-101.56212000000002
23414400.0,900,iso13790,native,True,20.000000000000004,271.256670612265,0.0,4.400000000000034,-101.56212000000002
23418000.0,900,iso13790,native,True,20.0,270.2275507153783,0.0,7.2000000000000455,-101.56212000000002
23421600.0,900,iso13790,native,True,19.999999999999996,364.55488110497254,0.0,6.100000000000023,-101.56212000000002
23425200.0,900,iso13790,native,True,20.000000000000004,426.6534874231674,0.0,6.100000000000023,-101.56212000000002
23428800.0,900,iso13790,native,True,19.999999999999996,451.2525453284774,0.0,7.2000000000000455,-101.56212000000002
23432400.0,900,iso13790,native,True,20.0,513.3114046374023,0.0,6.7000000000000455,-101.56212000000002
23436000.0,900,iso13790,native,True,19.999999999999996,559.1807539687345,0.0,6.7000000000000455,-101.56212000000002
23439600.0,900,iso13790,native,True,20.000000000000004,592.6784454756471,0.0,6.7000000000000455,-15.25744800000001
23443200.0,900,iso13790,native,True,19.999999999999996,572.7997063742748,0.0,6.7000000000000455,522.3903555119264
23446800.0,900,iso13790,native,True,20.000000000000004,436.2420480331536,0.0,8.900000000000034,1264.2865313312145
23450400.0,900,iso13790,native,True,20.000000000000004,339.37378888639705,0.0,12.200000000000045,793.848852
23454000.0,900,iso13790,native,True,19.999999999999996,79.09896777896377,0.0,16.700000000000045,1721.2914750306527
23457600.0,900,iso13790,native,True,20.33124884492665,0.0,0.0,19.400000000000034,1631.093232864774
23461200.0,900,iso13790,native,True,20.802719060843025,0.0,0.0,21.100000000000023,1389.9272961022193
23464800.0,900,iso13790,native,True,21.381598370033352,0.0,0.0,22.200000000000045,1683.354930177647
23468400.0,900,iso13790,native,True,21.9539758872943,0.0,0.0,23.30000000000001,1744.4737331099684
23472000.0,900,iso13790,native,True,22.126228243824073,0.0,0.0,21.700000000000045,1406.3757796540954
23475600.0,900,iso13790,native,True,22.02118582688353,0.0,0.0,20.600000000000023,476.8868324636826
23479200.0,900,iso13790,native,True,21.704599017309373,0.0,0.0,16.700000000000045,410.42083974592884
23482800.0,900,iso13790,native,True,21.41741737829261,0.0,0.0,15.600000000000023,-101.56212000000002
23486400.0,900,iso13790,native,True,21.119143374540915,0.0,0.0,13.900000000000034,-101.56212000000002
23490000.0,900,iso13790,native,True,20.963953084288768,0.0,0.0,13.900000000000034,-101.56212000000002
23493600.0,900,iso13790,native,True,20.69707939003059,0.0,0.0,12.800000000000011,-101.56212000000002
23497200.0,900,iso13790,native,True,20.409039989006565,0.0,0.0,11.700000000000045,-101.56212000000002
23500800.0,900,iso13790,native,True,20.215998637473685,0.0,0.0,11.700000000000045,-101.56212000000002
23504400.0,900,iso13790,native,True,20.0,24.67932106975409,0.0,10.600000000000023,-101.56212000000002
23508000.0,900,iso13790,native,True,20.0,81.91720278645502,0.0,10.600000000000023,-101.56212000000002
23511600.0,900,iso13790,native,True,19.999999999999996,119.78066937048055,0.0,11.100000000000023,-101.56212000000002
23515200.0,900,iso13790,native,True,20.0,133.2974224727925,0.0,12.200000000000045,-101.56212000000002
23518800.0,900,iso13790,native,True,19.999999999999996,170.3846439031188,0.0,12.200000000000045,-101.56212000000002
23522400.0,900,iso13790,native,True,20.000000000000004,219.27339524493587,0.0,11.700000000000045,-101.56212000000002
23526000.0,900,iso13790,native,True,20.000000000000004,150.91729907444645,0.0,13.900000000000034,266.78567942139006
23529600.0,900,iso13790,native,True,20.000000000000004,9.39776233084696,0.0,18.30000000000001,391.9347897126876
23533200.0,900,iso13790,native,True,20.493773710594635,0.0,0.0,21.700000000000045,602.5647130564372
23536800.0,900,iso13790,native,True,21.209829916037204,0.0,0.0,24.400000000000034,1220.3032294293619
23540400.0,900,iso13790,native,True,21.692685019845076,0.0,0.0,26.100000000000023,966.5248664205883
23544000.0,900,iso13790,native,True,22.171959393539975,0.0,0.0,27.80000000000001,769.611133656259
23547600.0,900,iso13790,native,True,22.468084637376617,0.0,0.0,27.80000000000001,592.5330484588544
23551200.0,900,iso13790,native,True,23.01938254996269,0.0,0.0,27.80000000000001,1256.0939568083854
23554800.0,900,iso13790,native,True,24.013088677735688,0.0,0.0,28.900000000000034,2470.830482341724
23558400.0,900,iso13790,native,True,24.986223064085447,0.0,0.0,28.30000000000001,3386.21030941387
23562000.0,900,iso13790,native,True,25.65033075200987,0.0,0.0,26.700000000000045,3290.9752864565776
23565600.0,900,iso13790,native,True,25.216607382802206,0.0,0.0,23.30000000000001,876.0753151101294
23569200.0,900,iso13790,native,True,25.004891069099877,0.0,0.0,22.80000000000001,-101.56212000000002
23572800.0,900,iso13790,native,True,24.8614626208528,0.0,0.0,21.700000000000045,-101.56212000000002
23576400.0,900,iso13790,native,True,24.63066357160912,0.0,0.0,20.0,-101.56212000000002
23580000.0,900,iso13790,native,True,24.478165275822846,0.0,0.0,19.400000000000034,-101.56212000000002
23583600.0,900,iso13790,native,True,24.303786669809963,0.0,0.0,18.700000000000045,-101.56212000000002
23587200.0,900,iso13790,native,True,24.126566026401655,0.0,0.0,18.100000000000023,-101.56212000000002
23590800.0,900,iso13790,native,True,23.93860460596278,0.0,0.0,17.5,-101.56212000000002
23594400.0,900,iso13790,native,True,23.740175279648035,0.0,0.0,16.900000000000034,-101.56212000000002
23598000.0,900,iso13790,native,True,23.521032528267938,0.0,0.0,16.200000000000045,-101.56212000000002
23601600.0,900,iso13790,native,True,23.30018497974991,0.0,0.0,15.600000000000023,-101.56212000000002
23605200.0,900,iso13790,native,True,23.006636254634817,0.0,0.0,14.400000000000034,-101.56212000000002
23608800.0,900,iso13790,native,True,22.879265234371218,0.0,0.0,15.0,-101.56212000000002
23612400.0,900,iso13790,native,True,23.087013732720543,0.0,0.0,18.30000000000001,-9.863406000000012
23616000.0,900,iso13790,native,True,23.439666835040736,0.0,0.0,21.100000000000023,358.5674967632318
23619600.0,900,iso13790,native,True,23.900716416476538,0.0,0.0,23.900000000000034,633.6374712133386
23623200.0,900,iso13790,native,True,24.51440830378388,0.0,0.0,25.600000000000023,1325.9375626570386
23626800.0,900,iso13790,native,True,24.85676302916397,0.0,0.0,26.700000000000045,941.4434833809785
23630400.0,900,iso13790,native,True,24.975031300640573,0.0,0.0,25.0,931.5135335647552
23634000.0,900,iso13790,native,True,25.393535291848224,0.0,0.0,27.200000000000045,750.1718201507085
23637600.0,900,iso13790,native,True,25.875719047654442,0.0,0.0,27.200000000000045,1375.6693920369264
23641200.0,900,iso13790,native,True,26.749710338630358,0.0,0.0,28.30000000000001,2429.091441502137
23644800.0,900,iso13790,native,True,27.0,0.0,151.4862001806866,27.80000000000001,3062.79067837545
23648400.0,900,iso13790,native,True,27.000000000000004,0.0,197.89007254592772,26.100000000000023,2097.40038866569
23652000.0,900,iso13790,native,True,26.88676438776565,0.0,0.0,21.100000000000023,98.64556967054561
23655600.0,900,iso13790,native,True,26.73956391360203,0.0,0.0,21.100000000000023,-101.56212000000002
23659200.0,900,iso13790,native,True,26.740129129757356,0.0,0.0,22.200000000000045,-101.56212000000002
23662800.0,900,iso13790,native,True,26.537373585871,0.0,0.0,21.100000000000023,-101.56212000000002
23666400.0,900,iso13790,native,True,26.311823403375207,0.0,0.0,20.0,-101.56212000000002
23670000.0,900,iso13790,native,True,25.654110821352575,0.0,0.0,15.0,-101.56212000000002
23673600.0,900,iso13790,native,True,25.411654634887057,0.0,0.0,15.0,-101.56212000000002
23677200.0,900,iso13790,native,True,24.649785186087264,0.0,0.0,10.0,-101.56212000000002
23680800.0,900,iso13790,native,True,24.242749506614956,0.0,0.0,9.400000000000034,-101.56212000000002
23684400.0,900,iso13790,native,True,23.7256969576926,0.0,0.0,7.800000000000011,-101.56212000000002
23688000.0,900,iso13790,native,True,23.401872574123324,0.0,0.0,8.300000000000011,-101.56212000000002
23691600.0,900,iso13790,native,True,23.10948903851147,0.0,0.0,8.900000000000034,-101.56212000000002
23695200.0,900,iso13790,native,True,22.366761038644796,0.0,0.0,5.0,-101.56212000000002
23698800.0,900,iso13790,native,True,22.542410550559296,0.0,0.0,10.600000000000023,-101.56212000000002
23702400.0,900,iso13790,native,True,22.65678237408076,0.0,0.0,12.800000000000011,340.59082838586266
23706000.0,900,iso13790,native,True,22.944677447542936,0.0,0.0,15.600000000000023,676.284290296442
23709600.0,900,iso13790,native,True,23.21280459511421,0.0,0.0,18.30000000000001,605.1794926734367
23713200.0,900,iso13790,native,True,23.466003542323733,0.0,0.0,20.0,656.3419525522113
23716800.0,900,iso13790,native,True,23.883602231491714,0.0,0.0,22.80000000000001,710.1778261375488
23720400.0,900,iso13790,native,True,24.34397100026193,0.0,0.0,25.0,858.0700318645038
23724000.0,900,iso13790,native,True,25.009648098141376,0.0,0.0,26.700000000000045,1513.4533287629715
23727600.0,900,iso13790,native,True,25.883064622509476,0.0,0.0,27.200000000000045,2632.25397604463
23731200.0,900,iso13790,native,True,26.861330428921605,0.0,0.0,26.700000000000045,3688.456460351134
23734800.0,900,iso13790,native,True,27.0,0.0,124.9433852342644,24.400000000000034,3636.265588357961
23738400.0,900,iso13790,native,True,26.905054112102743,0.0,0.0,22.200000000000045,724.38558223215
23742000.0,900,iso13790,native,True,26.23406759952315,0.0,0.0,17.80000000000001,-101.56212000000002
23745600.0,900,iso13790,native,True,25.93238592733266,0.0,0.0,16.700000000000045,-101.56212000000002
23749200.0,900,iso13790,native,True,25.61042285061109,0.0,0.0,15.600000000000023,-101.56212000000002
23752800.0,900,iso13790,native,True,25.499945697874583,0.0,0.0,16.700000000000045,-101.56212000000002
23756400.0,900,iso13790,native,True,25.06283133809316,0.0,0.0,14.400000000000034,-101.56212000000002
23760000.0,900,iso13790,native,True,24.70452756740951,0.0,0.0,13.300000000000011,-101.56212000000002
23763600.0,900,iso13790,native,True,24.327380885643997,0.0,0.0,12.200000000000045,-101.56212000000002
23767200.0,900,iso13790,native,True,23.931869999960018,0.0,0.0,11.100000000000023,-101.56212000000002
23770800.0,900,iso13790,native,True,23.8127822801399,0.0,0.0,12.800000000000011,-101.56212000000002
23774400.0,900,iso13790,native,True,23.498145239965524,0.0,0.0,12.200000000000045,-101.56212000000002
23778000.0,900,iso13790,native,True,23.186769966261284,0.0,0.0,11.700000000000045,-101.56212000000002
23781600.0,900,iso13790,native,True,23.038785979423974,0.0,0.0,12.800000000000011,-101.56212000000002
23785200.0,900,iso13790,native,True,22.80688118685427,0.0,0.0,12.800000000000011,-101.56212000000002
23788800.0,900,iso13790,native,True,22.95618583246891,0.0,0.0,13.900000000000034,623.7669529320596
23792400.0,900,iso13790,native,True,23.444812093748638,0.0,0.0,18.30000000000001,822.5776709782589
23796000.0,900,iso13790,native,True,23.682123646108234,0.0,0.0,20.600000000000023,538.4102957964268
23799600.0,900,iso13790,native,True,23.93103760955654,0.0,0.0,21.700000000000045,664.1726026004139
23803200.0,900,iso13790,native,True,24.24996631381325,0.0,0.0,22.200000000000045,1025.3158376412805
23806800.0,900,iso13790,native,True,24.885472562813028,0.0,0.0,23.900000000000034,1687.4586406450044
23810400.0,900,iso13790,native,True,24.6283542016798,0.0,0.0,19.400000000000034,1201.383187161658
23814000.0,900,iso13790,native,True,24.861128319189817,0.0,0.0,17.200000000000045,2002.8982143787646
23817600.0,900,iso13790,native,True,25.314839184401638,0.0,0.0,16.700000000000045,2611.0655594729956
23821200.0,900,iso13790,native,True,25.567834096814753,0.0,0.0,15.0,2711.393985162135
23824800.0,900,iso13790,native,True,24.851561041878764,0.0,0.0,12.800000000000011,329.31630951228715
23828400.0,900,iso13790,native,True,24.281229066149816,0.0,0.0,10.600000000000023,-101.56212000000002
23832000.0,900,iso13790,native,True,23.89879970948785,0.0,0.0,10.0,-101.56212000000002
23835600.0,900,iso13790,native,True,23.573911683960954,0.0,0.0,10.0,-101.56212000000002
23839200.0,900,iso13790,native,True,23.320346238629043,0.0,0.0,10.600000000000023,-101.56212000000002
23842800.0,900,iso13790,native,True,23.077954301657442,0.0,0.0,11.100000000000023,-101.56212000000002
23846400.0,900,iso13790,native,True,22.864934408340684,0.0,0.0,11.700000000000045,-101.56212000000002
23850000.0,900,iso13790,native,True,22.609500667119352,0.0,0.0,11.700000000000045,-101.56212000000002
23853600.0,900,iso13790,native,True,22.244930222762914,0.0,0.0,10.600000000000023,-101.56212000000002
23857200.0,900,iso13790,native,True,21.97730211126797,0.0,0.0,10.600000000000023,-101.56212000000002
23860800.0,900,iso13790,native,True,21.53777834850722,0.0,0.0,8.900000000000034,-101.56212000000002
23864400.0,900,iso13790,native,True,21.066231985765086,0.0,0.0,7.2000000000000455,-101.56212000000002
23868000.0,900,iso13790,native,True,20.721148432439314,0.0,0.0,7.0,-101.56212000000002
23871600.0,900,iso13790,native,True,20.484865330030967,0.0,0.0,7.800000000000011,-101.56212000000002
23875200.0,900,iso13790,native,True,20.40946191438105,0.0,0.0,8.300000000000011,362.325492
23878800.0,900,iso13790,native,True,20.48112894694747,0.0,0.0,9.400000000000034,739.908432
23882400.0,900,iso13790,native,True,20.689367489682603,0.0,0.0,11.100000000000023,1021.8347543313895
23886000.0,900,iso13790,native,True,21.055813703029326,0.0,0.0,12.200000000000045,1645.7155778581403
23889600.0,900,iso13790,native,True,21.33627685232289,0.0,0.0,13.300000000000011,1600.691982246723
23893200.0,900,iso13790,native,True,21.74657277193718,0.0,0.0,15.600000000000023,1535.0223325688742
23896800.0,900,iso13790,native,True,22.058939305059493,0.0,0.0,16.100000000000023,1629.8549229447356
23900400.0,900,iso13790,native,True,22.376695582024603,0.0,0.0,16.700000000000045,1639.8084335797198
23904000.0,900,iso13790,native,True,22.30144478655949,0.0,0.0,16.100000000000023,878.3478724003223
23907600.0,900,iso13790,native,True,22.030761512443195,0.0,0.0,15.600000000000023,38.68297199999998
23911200.0,900,iso13790,native,True,21.814568542289592,0.0,0.0,15.0,-96.16807800000001
23914800.0,900,iso13790,native,True,21.731960128871584,0.0,0.0,15.600000000000023,-101.56212000000002
23918400.0,900,iso13790,native,True,21.72001594059065,0.0,0.0,16.700000000000045,-101.56212000000002
23922000.0,900,iso13790,native,True,21.32637400953197,0.0,0.0,13.900000000000034,-101.56212000000002
23925600.0,900,iso13790,native,True,21.10285024386973,0.0,0.0,13.300000000000011,-101.56212000000002
23929200.0,900,iso13790,native,True,20.70157871124453,0.0,0.0,11.100000000000023,-101.56212000000002
23932800.0,900,iso13790,native,True,20.307167484870092,0.0,0.0,9.400000000000034,-101.56212000000002
23936400.0,900,iso13790,native,True,20.005725063434816,0.0,0.0,8.900000000000034,-101.56212000000002
23940000.0,900,iso13790,native,True,19.999999999999996,96.39726424559427,0.0,8.0,-101.56212000000002
23943600.0,900,iso13790,native,True,20.000000000000004,172.36308197904413,0.0,7.800000000000011,-101.56212000000002
23947200.0,900,iso13790,native,True,20.000000000000004,270.2611068822269,0.0,6.7000000000000455,-101.56212000000002
23950800.0,900,iso13790,native,True,20.000000000000004,335.64373472019236,0.0,6.7000000000000455,-101.56212000000002
23954400.0,900,iso13790,native,True,20.0,395.7771222227987,0.0,6.7000000000000455,-101.56212000000002
23958000.0,900,iso13790,native,True,19.999999999999993,451.0827043339945,0.0,6.7000000000000455,-101.56212000000002
23961600.0,900,iso13790,native,True,19.999999999999996,526.6728823231763,0.0,5.0,151.957854
23965200.0,900,iso13790,native,True,20.000000000000004,549.7385248069138,0.0,5.0,335.35528199999993
23968800.0,900,iso13790,native,True,20.000000000000007,580.7969329323852,0.0,4.400000000000034,486.38845799999996
23972400.0,900,iso13790,native,True,20.0,572.7985665893384,0.0,5.0,599.66334
23976000.0,900,iso13790,native,True,20.000000000000004,599.5149944645292,0.0,4.400000000000034,615.845466
23979600.0,900,iso13790,native,True,19.999999999999996,608.1413711576637,0.0,3.900000000000034,793.848852
23983200.0,900,iso13790,native,True,20.000000000000007,611.9683449884583,0.0,2.8000000000000114,1116.7974719498156
23986800.0,900,iso13790,native,True,20.0,641.3663507062154,0.0,2.2000000000000455,918.9701755542804
23990400.0,900,iso13790,native,True,20.0,692.4705723066775,0.0,1.7000000000000455,614.7646394441222
23994000.0,900,iso13790,native,True,20.000000000000004,790.3515106012667,0.0,0.6000000000000227,200.50423199999997
23997600.0,900,iso13790,native,True,19.999999999999993,886.7975029091984,0.0,0.0,-96.16807800000001
24001200.0,900,iso13790,native,True,20.000000000000004,968.4958204452064,0.0,-0.5999999999999659,-101.56212000000002
24004800.0,900,iso13790,native,True,20.00000000000001,1029.971289324873,0.0,-0.5999999999999659,-101.56212000000002
24008400.0,900,iso13790,native,True,20.000000000000007,1086.5112038906586,0.0,-0.5999999999999659,-101.56212000000002
24012000.0,900,iso13790,native,True,20.000000000000004,1138.5118148231902,0.0,-0.5999999999999659,-101.56212000000002
24015600.0,900,iso13790,native,True,20.0,1168.6026695425492,0.0,0.0,-101.56212000000002
24019200.0,900,iso13790,native,True,20.0,1227.461113940789,0.0,-0.5999999999999659,-101.56212000000002
24022800.0,900,iso13790,native,True,20.000000000000007,1282.9246450887754,0.0,-1.099999999999966,-101.56212000000002
24026400.0,900,iso13790,native,True,20.000000000000004,1322.7281717830679,0.0,-1.099999999999966,-101.56212000000002
24030000.0,900,iso13790,native,True,19.999999999999993,1359.3360747356667,0.0,-1.099999999999966,-101.56212000000002
24033600.0,900,iso13790,native,True,20.000000000000004,1393.0049144060793,0.0,-1.099999999999966,-101.56212000000002
24037200.0,900,iso13790,native,True,20.000000000000004,1423.9706533127699,0.0,-1.099999999999966,-101.56212000000002
24040800.0,900,iso13790,native,True,20.00000000000001,1452.4503097376448,0.0,-1.099999999999966,-101.56212000000002
24044400.0,900,iso13790,native,True,20.000000000000007,1478.6434786629138,0.0,-1.099999999999966,-101.56212000000002
24048000.0,900,iso13790,native,True,20.0,1447.3411013780715,0.0,-1.099999999999966,448.6301639999999
24051600.0,900,iso13790,native,True,19.999999999999993,1388.7908953755984,0.0,-0.5999999999999659,815.4250199999999
24055200.0,900,iso13790,native,True,20.0,1337.9708153443298,0.0,-0.5999999999999659,1041.974784
24058800.0,900,iso13790,native,True,19.999999999999996,1267.364192435401,0.0,0.6000000000000227,1016.4844475235369
24062400.0,900,iso13790,native,True,19.999999999999993,1235.515357180123,0.0,0.6000000000000227,944.882028
24066000.0,900,iso13790,native,True,19.999999999999993,1207.0524975842395,0.0,1.1000000000000227,761.4846
24069600.0,900,iso13790,native,True,19.999999999999993,1190.1970262313384,0.0,1.1000000000000227,707.54418
24073200.0,900,iso13790,native,True,19.999999999999993,1154.8082818915454,0.0,1.7000000000000455,707.54418
24076800.0,900,iso13790,native,True,20.000000000000004,1178.425142543606,0.0,1.1000000000000227,459.41824799999995
24080400.0,900,iso13790,native,True,19.999999999999986,1209.9268809839452,0.0,1.1000000000000227,130.381686
24084000.0,900,iso13790,native,True,19.99999999999999,1249.1263974647702,0.0,1.1000000000000227,-101.56212000000002
24087600.0,900,iso13790,native,True,19.999999999999993,1290.7058786590533,0.0,0.6000000000000227,-101.56212000000002
24091200.0,900,iso13790,native,True,20.0,1317.7400355133877,0.0,0.6000000000000227,-101.56212000000002
24094800.0,900,iso13790,native,True,20.000000000000004,1342.6037567140188,0.0,0.6000000000000227,-101.56212000000002
24098400.0,900,iso13790,native,True,19.999999999999996,1350.6922203078168,0.0,1.1000000000000227,-101.56212000000002
24102000.0,900,iso13790,native,True,19.999999999999986,1369.3384202877376,0.0,1.1000000000000227,-101.56212000000002
24105600.0,900,iso13790,native,True,20.000000000000004,1386.4876112260836,0.0,1.1000000000000227,-101.56212000000002
24109200.0,900,iso13790,native,True,19.999999999999982,1402.2599804035194,0.0,1.1000000000000227,-101.56212000000002
24112800.0,900,iso13790,native,True,19.999999999999993,1416.7660658721506,0.0,1.1000000000000227,-101.56212000000002
24116400.0,900,iso13790,native,True,20.0,1412.3726408446826,0.0,1.7000000000000455,-101.56212000000002
24120000.0,900,iso13790,native,True,19.999999999999996,1421.780483518667,0.0,1.7000000000000455,-101.56212000000002
24123600.0,900,iso13790,native,True,19.999999999999996,1430.433018110581,0.0,1.7000000000000455,-101.56212000000002
24127200.0,900,iso13790,native,True,19.99999999999999,1456.1257747828022,0.0,1.1000000000000227,-101.56212000000002
24130800.0,900,iso13790,native,True,19.999999999999996,1466.3072481961838,0.0,1.1000000000000227,-101.56212000000002
24134400.0,900,iso13790,native,True,19.999999999999993,1404.5997226247193,0.0,2.2000000000000455,281.41486199999997
24138000.0,900,iso13790,native,True,20.00000000000001,1312.3624667657455,0.0,3.3000000000000114,707.54418
24141600.0,900,iso13790,native,True,20.000000000000004,1231.8987266480212,0.0,3.900000000000034,901.729692
24145200.0,900,iso13790,native,True,19.999999999999996,1167.5687130836304,0.0,4.400000000000034,869.36544
24148800.0,900,iso13790,native,True,20.0,1096.240164827838,0.0,5.0,912.517776
24152400.0,900,iso13790,native,True,20.00000000000001,1040.7930096291223,0.0,5.0,962.3302672205177
24156000.0,900,iso13790,native,True,20.0,996.442635646845,0.0,5.600000000000023,739.908432
24159600.0,900,iso13790,native,True,19.999999999999993,960.2293116812759,0.0,5.600000000000023,739.908432
24163200.0,900,iso13790,native,True,19.999999999999993,961.4932773096707,0.0,5.0,572.69313
24166800.0,900,iso13790,native,True,19.999999999999993,989.7838461427777,0.0,5.0,103.411476
24170400.0,900,iso13790,native,True,19.999999999999996,1035.4553466173097,0.0,4.400000000000034,-101.56212000000002
24174000.0,900,iso13790,native,True,20.000000000000004,1070.6144787175378,0.0,3.900000000000034,-101.56212000000002
24177600.0,900,iso13790,native,True,20.000000000000007,1091.7437438178772,0.0,3.900000000000034,-101.56212000000002
24181200.0,900,iso13790,native,True,19.99999999999999,1161.4255029889355,0.0,2.2000000000000455,-101.56212000000002
24184800.0,900,iso13790,native,True,20.0,1202.1877396993498,0.0,1.7000000000000455,-101.56212000000002
24188400.0,900,iso13790,native,True,20.000000000000004,1213.6911892451699,0.0,2.2000000000000455,-101.56212000000002
24192000.0,900,iso13790,native,True,20.000000000000004,1217.7433129372444,0.0,2.8000000000000114,-101.56212000000002
24195600.0,900,iso13790,native,True,20.00000000000001,1234.9186539608404,0.0,2.8000000000000114,-101.56212000000002
24199200.0,900,iso13790,native,True,20.000000000000004,1250.715073765512,0.0,2.8000000000000114,-101.56212000000002
24202800.0,900,iso13790,native,True,19.99999999999999,1265.2432789582138,0.0,2.8000000000000114,-101.56212000000002
24206400.0,900,iso13790,native,True,20.000000000000007,1278.6050880726423,0.0,2.8000000000000114,-101.56212000000002
24210000.0,900,iso13790,native,True,19.999999999999986,1308.6290354461576,0.0,2.2000000000000455,-101.56212000000002
24213600.0,900,iso13790,native,True,19.999999999999993,1337.5730454251996,0.0,1.7000000000000455,-101.56212000000002
24217200.0,900,iso13790,native,True,19.999999999999986,1338.2070938604884,0.0,2.2000000000000455,-101.56212000000002
24220800.0,900,iso13790,native,True,19.999999999999986,1233.665294183213,0.0,3.900000000000034,554.8152809755825
24224400.0,900,iso13790,native,True,20.000000000000004,1151.8243249617628,0.0,5.0,728.2849920939652
24228000.0,900,iso13790,native,True,20.000000000000004,1045.3954959693576,0.0,6.100000000000023,1028.444537694571
24231600.0,900,iso13790,native,True,20.000000000000007,951.7327619580483,0.0,8.300000000000011,704.4364497823112
24235200.0,900,iso13790,native,True,20.000000000000004,871.0903732425637,0.0,9.400000000000034,688.2701158537475
24238800.0,900,iso13790,native,True,20.000000000000004,790.8927982464804,0.0,10.600000000000023,634.3418924011419
24242400.0,900,iso13790,native,True,20.000000000000007,634.2707924543797,0.0,10.600000000000023,1703.1783372973105
24246000.0,900,iso13790,native,True,19.999999999999996,419.23053648153694,0.0,10.600000000000023,2831.7920582418787
24249600.0,900,iso13790,native,True,20.0,209.2399126274416,0.0,10.0,3576.4273638439263
24253200.0,900,iso13790,native,True,20.000000000000004,85.07100226369812,0.0,8.300000000000011,3551.9967369003352
24256800.0,900,iso13790,native,True,19.999999999999993,397.1696282864333,0.0,5.0,-101.56212000000002
24260400.0,900,iso13790,native,True,20.000000000000004,529.5359981986038,0.0,2.8000000000000114,-101.56212000000002
24264000.0,900,iso13790,native,True,19.999999999999993,652.2128778535773,0.0,1.1000000000000227,-101.56212000000002
24267600.0,900,iso13790,native,True,19.999999999999993,726.9364497450927,0.0,1.1000000000000227,-101.56212000000002
24271200.0,900,iso13790,native,True,20.000000000000007,745.4119883250484,0.0,2.8000000000000114,-101.56212000000002
24274800.0,900,iso13790,native,True,20.000000000000004,818.2433115762559,0.0,2.2000000000000455,-101.56212000000002
24278400.0,900,iso13790,native,True,19.999999999999996,886.5579098406444,0.0,1.7000000000000455,-101.56212000000002
24282000.0,900,iso13790,native,True,19.999999999999993,938.1807565024336,0.0,1.7000000000000455,-101.56212000000002
24285600.0,900,iso13790,native,True,19.999999999999993,970.8799907825163,0.0,2.2000000000000455,-101.56212000000002
24289200.0,900,iso13790,native,True,19.999999999999993,1026.9401624562433,0.0,1.7000000000000455,-101.56212000000002
24292800.0,900,iso13790,native,True,20.0,1117.5412842734743,0.0,0.0,-101.56212000000002
24296400.0,900,iso13790,native,True,20.0,1162.7642986120384,0.0,0.0,-101.56212000000002
24300000.0,900,iso13790,native,True,20.0,1204.3565859700245,0.0,0.0,-101.56212000000002
24303600.0,900,iso13790,native,True,20.000000000000007,1210.0956734969309,0.0,1.1000000000000227,-101.56212000000002
24307200.0,900,iso13790,native,True,20.000000000000007,1133.8733166915194,0.0,3.3000000000000114,306.94953021556535
24310800.0,900,iso13790,native,True,19.99999999999999,1035.3095831925973,0.0,6.100000000000023,419.23206639118985
24314400.0,900,iso13790,native,True,19.999999999999993,900.5319326250092,0.0,9.400000000000034,556.5391088490285
24318000.0,900,iso13790,native,True,20.000000000000007,748.0310826906702,0.0,12.200000000000045,807.0886798664227
24321600.0,900,iso13790,native,True,19.999999999999996,617.8379721413344,0.0,14.400000000000034,783.8648528608401
24325200.0,900,iso13790,native,True,20.000000000000004,482.5436493289557,0.0,16.700000000000045,743.6871250656961
24328800.0,900,iso13790,native,True,20.0,272.5543254387045,0.0,17.80000000000001,1766.6766784138554
24332400.0,900,iso13790,native,True,20.000000000000004,12.124567464271012,0.0,17.80000000000001,3085.3371476831094
24336000.0,900,iso13790,native,True,20.904913692821363,0.0,0.0,17.80000000000001,3876.61123159264
24339600.0,900,iso13790,native,True,21.456679482033923,0.0,0.0,16.100000000000023,3656.3105299156255
24343200.0,900,iso13790,native,True,20.46886290066399,0.0,0.0,12.800000000000011,-101.56212000000002
24346800.0,900,iso13790,native,True,20.007926589823807,0.0,0.0,10.0,-101.56212000000002
24350400.0,900,iso13790,native,True,20.0,93.84724858281899,0.0,8.900000000000034,-101.56212000000002
24354000.0,900,iso13790,native,True,20.000000000000004,240.43946277278224,0.0,6.100000000000023,-101.56212000000002
24357600.0,900,iso13790,native,True,20.0,312.502667971339,0.0,6.100000000000023,-101.56212000000002
24361200.0,900,iso13790,native,True,20.000000000000004,378.78028308378174,0.0,6.100000000000023,-101.56212000000002
24364800.0,900,iso13790,native,True,20.0,454.51587911024876,0.0,5.600000000000023,-101.56212000000002
24368400.0,900,iso13790,native,True,19.999999999999996,512.9639291760511,0.0,5.600000000000023,-101.56212000000002
24372000.0,900,iso13790,native,True,19.999999999999996,667.2171927566676,0.0,2.2000000000000455,-101.56212000000002
24375600.0,900,iso13790,native,True,20.000000000000004,682.6289827735277,0.0,3.900000000000034,-101.56212000000002
24379200.0,900,iso13790,native,True,20.000000000000004,817.670461424998,0.0,1.1000000000000227,-101.56212000000002
24382800.0,900,iso13790,native,True,19.99999999999999,746.0986039526148,0.0,5.600000000000023,-101.56212000000002
24386400.0,900,iso13790,native,True,19.999999999999996,849.1206986725139,0.0,3.3000000000000114,-101.56212000000002
24390000.0,900,iso13790,native,True,19.999999999999996,824.3351808705804,0.0,5.600000000000023,-101.56212000000002
24393600.0,900,iso13790,native,True,19.999999999999996,701.2334009733811,0.0,8.900000000000034,437.9465085849018
24397200.0,900,iso13790,native,True,20.000000000000004,593.0339237986224,0.0,11.700000000000045,514.4818080595015
24400800.0,900,iso13790,native,True,20.0,442.2776186682735,0.0,15.0,708.311234050253
24404400.0,900,iso13790,native,True,19.999999999999996,288.56021429215815,0.0,18.900000000000034,524.4231622798449
24408000.0,900,iso13790,native,True,19.999999999999996,172.24878962254945,0.0,20.600000000000023,571.769722420087
24411600.0,900,iso13790,native,True,20.000000000000004,61.45395440018668,0.0,22.200000000000045,537.2165140761855
24415200.0,900,iso13790,native,True,20.547226769729853,0.0,0.0,22.80000000000001,1830.2776637913557
24418800.0,900,iso13790,native,True,21.50964495935456,0.0,0.0,23.30000000000001,2966.456722943916
24422400.0,900,iso13790,native,True,22.39163308513801,0.0,0.0,22.200000000000045,3694.521056538886
24426000.0,900,iso13790,native,True,22.837517493899494,0.0,0.0,19.400000000000034,3404.6642947320174
24429600.0,900,iso13790,native,True,21.93415422621631,0.0,0.0,16.100000000000023,-101.56212000000002
24433200.0,900,iso13790,native,True,21.582897730127097,0.0,0.0,13.900000000000034,-101.56212000000002
24436800.0,900,iso13790,native,True,21.415925686455232,0.0,0.0,13.900000000000034,-101.56212000000002
24440400.0,900,iso13790,native,True,21.137569556103365,0.0,0.0,12.800000000000011,-101.56212000000002
24444000.0,900,iso13790,native,True,20.65964464595494,0.0,0.0,10.0,-101.56212000000002
24447600.0,900,iso13790,native,True,20.595742657944477,0.0,0.0,11.700000000000045,-101.56212000000002
24451200.0,900,iso13790,native,True,20.566141423452464,0.0,0.0,13.300000000000011,-101.56212000000002
24454800.0,900,iso13790,native,True,20.241573812123423,0.0,0.0,11.700000000000045,-101.56212000000002
24458400.0,900,iso13790,native,True,20.168413003640694,0.0,0.0,12.800000000000011,-101.56212000000002
24462000.0,900,iso13790,native,True,20.06198778468235,0.0,0.0,13.300000000000011,-101.56212000000002
24465600.0,900,iso13790,native,True,20.000000000000004,170.73335523301802,0.0,8.300000000000011,-101.56212000000002
24469200.0,900,iso13790,native,True,19.999999999999996,330.21819669388515,0.0,5.0,-101.56212000000002
24472800.0,900,iso13790,native,True,20.000000000000004,370.4178616143732,0.0,6.100000000000023,-101.56212000000002
24476400.0,900,iso13790,native,True,20.0,399.5317933484231,0.0,7.2000000000000455,-101.56212000000002
24480000.0,900,iso13790,native,True,19.999999999999996,300.933040834763,0.0,10.600000000000023,390.43107683476615
24483600.0,900,iso13790,native,True,19.999999999999996,217.8120432843701,0.0,13.300000000000011,474.5074450567198
24487200.0,900,iso13790,native,True,20.000000000000004,60.4567818755732,0.0,17.80000000000001,591.3951764190152
24490800.0,900,iso13790,native,True,20.412912390193565,0.0,0.0,22.200000000000045,664.0639168931192
24494400.0,900,iso13790,native,True,20.860083672136255,0.0,0.0,23.900000000000034,746.0359435942278
24498000.0,900,iso13790,native,True,21.194723239401167,0.0,0.0,25.0,551.4636381508165
24501600.0,900,iso13790,native,True,22.06919096670514,0.0,0.0,26.700000000000045,1751.6730406077522
24505200.0,900,iso13790,native,True,23.027685999816676,0.0,0.0,26.100000000000023,3078.5643014803745
24508800.0,900,iso13790,native,True,23.99679819039709,0.0,0.0,25.600000000000023,3715.160787776953
24512400.0,900,iso13790,native,True,24.575018483474544,0.0,0.0,23.900000000000034,3332.1558627585905
24516000.0,900,iso13790,native,True,23.804679750705187,0.0,0.0,21.100000000000023,-101.56212000000002
24519600.0,900,iso13790,native,True,23.711622839288477,0.0,0.0,20.600000000000023,-101.56212000000002
24523200.0,900,iso13790,native,True,23.597716015748503,0.0,0.0,20.0,-101.56212000000002
24526800.0,900,iso13790,native,True,23.418902627434406,0.0,0.0,18.900000000000034,-101.56212000000002
24530400.0,900,iso13790,native,True,23.269243636272122,0.0,0.0,18.30000000000001,-101.56212000000002
24534000.0,900,iso13790,native,True,22.761265545609483,0.0,0.0,14.400000000000034,-101.56212000000002
24537600.0,900,iso13790,native,True,22.29325009307469,0.0,0.0,11.700000000000045,-101.56212000000002
24541200.0,900,iso13790,native,True,21.873645296972278,0.0,0.0,10.0,-101.56212000000002
24544800.0,900,iso13790,native,True,21.421511856361427,0.0,0.0,8.300000000000011,-101.56212000000002
24548400.0,900,iso13790,native,True,21.29506573895205,0.0,0.0,10.0,-101.56212000000002
24552000.0,900,iso13790,native,True,20.920699952408814,0.0,0.0,8.900000000000034,-101.56212000000002
24555600.0,900,iso13790,native,True,20.696082641003464,0.0,0.0,9.400000000000034,-101.56212000000002
24559200.0,900,iso13790,native,True,20.32169101990131,0.0,0.0,8.300000000000011,-101.56212000000002
24562800.0,900,iso13790,native,True,20.223186026375636,0.0,0.0,10.0,-101.56212000000002
24566400.0,900,iso13790,native,True,20.315078698666124,0.0,0.0,11.100000000000023,478.7616076422602
24570000.0,900,iso13790,native,True,20.569588880393088,0.0,0.0,13.300000000000011,768.4019436522788
24573600.0,900,iso13790,native,True,20.685676644241703,0.0,0.0,14.400000000000034,681.4390462500967
24577200.0,900,iso13790,native,True,20.959634456778247,0.0,0.0,16.700000000000045,665.7985476248882
24580800.0,900,iso13790,native,True,21.330714286630464,0.0,0.0,19.400000000000034,669.6686177695688
24584400.0,900,iso13790,native,True,21.63364492455947,0.0,0.0,21.100000000000023,609.1931474109315
24588000.0,900,iso13790,native,True,22.323550779238385,0.0,0.0,21.700000000000045,1889.8844208957646
24591600.0,900,iso13790,native,True,23.2547199787821,0.0,0.0,22.200000000000045,3106.8902712805752
24595200.0,900,iso13790,native,True,24.078971530290367,0.0,0.0,21.700000000000045,3614.626601930629
24598800.0,900,iso13790,native,True,24.360890671404157,0.0,0.0,18.30000000000001,3246.410546769404
24602400.0,900,iso13790,native,True,23.41332891036344,0.0,0.0,15.0,-101.56212000000002
24606000.0,900,iso13790,native,True,23.164731397925763,0.0,0.0,14.400000000000034,-101.56212000000002
24609600.0,900,iso13790,native,True,22.802091869117515,0.0,0.0,12.800000000000011,-101.56212000000002
24613200.0,900,iso13790,native,True,22.39750554204468,0.0,0.0,11.100000000000023,-101.56212000000002
24616800.0,900,iso13790,native,True,22.086146519968207,0.0,0.0,10.600000000000023,-101.56212000000002
24620400.0,900,iso13790,native,True,21.64385754763266,0.0,0.0,8.900000000000034,-101.56212000000002
24624000.0,900,iso13790,native,True,21.001432897762978,0.0,0.0,5.600000000000023,-101.56212000000002
24627600.0,900,iso13790,native,True,20.280980663960367,0.0,0.0,2.2000000000000455,-101.56212000000002
24631200.0,900,iso13790,native,True,19.999999999999993,24.488972268763547,0.0,2.8000000000000114,-101.56212000000002
24634800.0,900,iso13790,native,True,20.0,104.95070056818378,0.0,3.900000000000034,-101.56212000000002
24638400.0,900,iso13790,native,True,20.0,221.343114195223,0.0,3.3000000000000114,-101.56212000000002
24642000.0,900,iso13790,native,True,20.000000000000004,282.4284625239596,0.0,4.400000000000034,-101.56212000000002
24645600.0,900,iso13790,native,True,19.999999999999996,428.29316847453526,0.0,2.2000000000000455,-101.56212000000002
24649200.0,900,iso13790,native,True,19.999999999999996,448.1078841321582,0.0,4.400000000000034,-101.56212000000002
24652800.0,900,iso13790,native,True,20.0,326.0433219337229,0.0,8.900000000000034,460.5042598348618
24656400.0,900,iso13790,native,True,19.999999999999996,233.35158608852382,0.0,10.600000000000023,991.5256452106647
24660000.0,900,iso13790,native,True,19.999999999999993,112.07104855813438,0.0,13.300000000000011,1145.576129846846
24663600.0,900,iso13790,native,True,20.000000000000004,61.90686179868375,0.0,14.400000000000034,875.1119441696273
24667200.0,900,iso13790,native,True,20.254087742323524,0.0,0.0,16.700000000000045,1203.9085719058953
24670800.0,900,iso13790,native,True,20.544409120697136,0.0,0.0,16.100000000000023,1576.0861734494554
24674400.0,900,iso13790,native,True,20.97877738053124,0.0,0.0,16.100000000000023,2012.892947325557
24678000.0,900,iso13790,native,True,21.755705746083287,0.0,0.0,16.100000000000023,3173.560804547069
24681600.0,900,iso13790,native,True,22.64339838190838,0.0,0.0,16.700000000000045,3821.7616891021926
24685200.0,900,iso13790,native,True,22.867080228811073,0.0,0.0,13.300000000000011,3418.7415638674
24688800.0,900,iso13790,native,True,21.86906629102264,0.0,0.0,10.600000000000023,-101.56212000000002
24692400.0,900,iso13790,native,True,21.25359749039758,0.0,0.0,7.2000000000000455,-101.56212000000002
24696000.0,900,iso13790,native,True,20.87221951249587,0.0,0.0,6.7000000000000455,-101.56212000000002
24699600.0,900,iso13790,native,True,20.424759175136714,0.0,0.0,5.600000000000023,-101.56212000000002
24703200.0,900,iso13790,native,True,20.01327825354643,0.0,0.0,5.0,-101.56212000000002
24706800.0,900,iso13790,native,True,20.0,77.85131076378677,0.0,5.600000000000023,-101.56212000000002
24710400.0,900,iso13790,native,True,20.000000000000007,184.27474329624502,0.0,5.0,-101.56212000000002
24714000.0,900,iso13790,native,True,20.0,236.19146957674928,0.0,6.100000000000023,-101.56212000000002
24717600.0,900,iso13790,native,True,20.0,308.5957246530237,0.0,6.100000000000023,-101.56212000000002
24721200.0,900,iso13790,native,True,20.000000000000004,440.21493956892226,0.0,3.900000000000034,-101.56212000000002
24724800.0,900,iso13790,native,True,20.000000000000004,479.4418281283204,0.0,5.0,-101.56212000000002
24728400.0,900,iso13790,native,True,19.999999999999993,622.9378697332602,0.0,2.2000000000000455,-101.56212000000002
24732000.0,900,iso13790,native,True,20.000000000000004,774.9162997693323,0.0,-0.5999999999999659,-101.56212000000002
24735600.0,900,iso13790,native,True,20.000000000000004,783.9495426550474,0.0,1.7000000000000455,-101.56212000000002
24739200.0,900,iso13790,native,True,20.000000000000007,605.0271025669564,0.0,8.300000000000011,332.48611089322173
24742800.0,900,iso13790,native,True,20.000000000000004,528.7657487101046,0.0,10.0,597.7110526169395
24746400.0,900,iso13790,native,True,20.000000000000004,402.40236905793125,0.0,12.200000000000045,993.8273358362882
24750000.0,900,iso13790,native,True,19.999999999999996,332.6578094654416,0.0,13.300000000000011,856.005173123345
24753600.0,900,iso13790,native,True,20.000000000000004,252.9339522368019,0.0,13.900000000000034,1024.8784034701255
24757200.0,900,iso13790,native,True,20.000000000000004,151.56005289680581,0.0,15.0,1181.0327086328157
24760800.0,900,iso13790,native,True,20.0,43.02762261168118,0.0,14.400000000000034,1815.8910916057066
24764400.0,900,iso13790,native,True,20.0,19.626363683940788,0.0,13.900000000000034,1321.6123740646349
24768000.0,900,iso13790,native,True,20.000000000000004,92.35644924480232,0.0,13.300000000000011,254.444652
24771600.0,900,iso13790,native,True,19.999999999999996,142.99079718782122,0.0,12.800000000000011,6.318719999999985
24775200.0,900,iso13790,native,True,20.000000000000004,262.0795059260055,0.0,10.0,-101.56212000000002
24778800.0,900,iso13790,native,True,20.000000000000004,354.792932416088,0.0,8.300000000000011,-101.56212000000002
24782400.0,900,iso13790,native,True,20.000000000000004,434.47263072146524,0.0,7.2000000000000455,-101.56212000000002
24786000.0,900,iso13790,native,True,20.000000000000004,450.58562366720355,0.0,8.300000000000011,-101.56212000000002
24789600.0,900,iso13790,native,True,19.999999999999993,504.8397212303766,0.0,7.800000000000011,-101.56212000000002
24793200.0,900,iso13790,native,True,20.0,576.0448791896322,0.0,6.7000000000000455,-101.56212000000002
24796800.0,900,iso13790,native,True,20.000000000000004,616.8776752974849,0.0,6.7000000000000455,-101.56212000000002
24800400.0,900,iso13790,native,True,19.999999999999996,737.1950342239602,0.0,3.900000000000034,-101.56212000000002
24804000.0,900,iso13790,native,True,19.999999999999996,817.6068248775866,0.0,2.8000000000000114,-101.56212000000002
24807600.0,900,iso13790,native,True,20.000000000000004,982.1838866692856,0.0,-1.099999999999966,-101.56212000000002
24811200.0,900,iso13790,native,True,20.0,1046.1323670276417,0.0,-1.099999999999966,-101.56212000000002
24814800.0,900,iso13790,native,True,20.000000000000004,1090.1676722458267,0.0,-0.5999999999999659,-101.56212000000002
24818400.0,900,iso13790,native,True,19.999999999999986,1073.8909776924631,0.0,1.7000000000000455,-101.56212000000002
24822000.0,900,iso13790,native,True,19.99999999999999,1045.4458691977172,0.0,3.900000000000034,-101.56212000000002
24825600.0,900,iso13790,native,True,19.999999999999996,955.025652046278,0.0,6.100000000000023,380.58777189792545
24829200.0,900,iso13790,native,True,20.0,809.3354546796481,0.0,10.0,537.4861091676023
24832800.0,900,iso13790,native,True,19.999999999999996,674.2656279882658,0.0,11.700000000000045,979.5015067486299
24836400.0,900,iso13790,native,True,19.999999999999993,592.7771452747588,0.0,13.300000000000011,638.8672127294299
24840000.0,900,iso13790,native,True,20.000000000000004,492.3936024425547,0.0,15.0,613.6757641379388
24843600.0,900,iso13790,native,True,19.999999999999996,374.63728735578877,0.0,16.700000000000045,735.6732615031642
24847200.0,900,iso13790,native,True,20.000000000000004,117.32613350002389,0.0,18.900000000000034,1996.6306035522325
24850800.0,900,iso13790,native,True,20.47377824309682,0.0,0.0,18.900000000000034,3124.067203991189
24854400.0,900,iso13790,native,True,21.163820359119093,0.0,0.0,17.80000000000001,3459.5645866531004
24858000.0,900,iso13790,native,True,21.465757878411786,0.0,0.0,15.600000000000023,2958.4627588088542
24861600.0,900,iso13790,native,True,20.43786217124551,0.0,0.0,11.100000000000023,-101.56212000000002
24865200.0,900,iso13790,native,True,20.17628820176688,0.0,0.0,10.600000000000023,-101.56212000000002
24868800.0,900,iso13790,native,True,20.000000000000004,46.37630198276383,0.0,9.400000000000034,-101.56212000000002
24872400.0,900,iso13790,native,True,20.0,110.44493981577236,0.0,9.400000000000034,-101.56212000000002
24876000.0,900,iso13790,native,True,19.999999999999996,234.39776201639333,0.0,7.2000000000000455,-101.56212000000002
24879600.0,900,iso13790,native,True,20.0,381.85054067806493,0.0,4.400000000000034,-101.56212000000002
24883200.0,900,iso13790,native,True,20.0,404.4563641357484,0.0,6.100000000000023,-101.56212000000002
24886800.0,900,iso13790,native,True,19.999999999999993,478.13055754245374,0.0,5.600000000000023,-101.56212000000002
24890400.0,900,iso13790,native,True,19.999999999999996,584.9315604194256,0.0,3.900000000000034,-101.56212000000002
24894000.0,900,iso13790,native,True,20.000000000000004,594.80499349738,0.0,5.600000000000023,-101.56212000000002
24897600.0,900,iso13790,native,True,20.000000000000004,677.4597210669015,0.0,4.400000000000034,-101.56212000000002
24901200.0,900,iso13790,native,True,20.000000000000004,708.8465448407403,0.0,5.0,-101.56212000000002
24904800.0,900,iso13790,native,True,19.999999999999996,801.410877043335,0.0,3.3000000000000114,-101.56212000000002
24908400.0,900,iso13790,native,True,20.0,780.4557393954298,0.0,5.600000000000023,-101.56212000000002
24912000.0,900,iso13790,native,True,20.000000000000004,687.2173437742622,0.0,8.300000000000011,352.47025646643675
24915600.0,900,iso13790,native,True,20.000000000000004,567.653979956299,0.0,11.700000000000045,471.08702441413834
24919200.0,900,iso13790,native,True,20.0,474.60987437880357,0.0,13.300000000000011,637.2268054638948
24922800.0,900,iso13790,native,True,20.000000000000004,363.65173955376537,0.0,15.600000000000023,636.1365279284648
24926400.0,900,iso13790,native,True,19.999999999999993,293.7499742613066,0.0,16.700000000000045,505.49501545556006
24930000.0,900,iso13790,native,True,20.000000000000004,194.45483915007893,0.0,17.80000000000001,723.3761056644397
24933600.0,900,iso13790,native,True,20.00961764402655,0.0,0.0,18.30000000000001,1959.0270879918628
24937200.0,900,iso13790,native,True,20.85969317696937,0.0,0.0,18.30000000000001,3131.64608040997
24940800.0,900,iso13790,native,True,21.361150067419853,0.0,0.0,18.30000000000001,2682.8519093316695
24944400.0,900,iso13790,native,True,21.510391045135165,0.0,0.0,15.0,2525.7131744342437
24948000.0,900,iso13790,native,True,20.538016483034042,0.0,0.0,10.600000000000023,-101.56212000000002
24951600.0,900,iso13790,native,True,20.01943196327267,0.0,0.0,7.800000000000011,-101.56212000000002
24955200.0,900,iso13790,native,True,20.0,124.14563988821295,0.0,6.100000000000023,-101.56212000000002
24958800.0,900,iso13790,native,True,20.0,220.3245628968071,0.0,5.600000000000023,-101.56212000000002
24962400.0,900,iso13790,native,True,20.000000000000004,365.5583948144705,0.0,3.3000000000000114,-101.56212000000002
24966000.0,900,iso13790,native,True,20.000000000000007,397.33053773201453,0.0,5.0,-101.56212000000002
24969600.0,900,iso13790,native,True,20.000000000000004,446.9211676458919,0.0,5.600000000000023,-101.56212000000002
24973200.0,900,iso13790,native,True,20.000000000000004,556.2278145097195,0.0,3.900000000000034,-101.56212000000002
24976800.0,900,iso13790,native,True,20.000000000000007,618.6545819439013,0.0,3.900000000000034,-101.56212000000002
24980400.0,900,iso13790,native,True,19.999999999999993,693.8043104156216,0.0,3.3000000000000114,-101.56212000000002
24984000.0,900,iso13790,native,True,20.0,764.2511808771256,0.0,2.8000000000000114,-101.56212000000002
24987600.0,900,iso13790,native,True,20.000000000000007,785.3211448438891,0.0,3.900000000000034,-101.56212000000002
24991200.0,900,iso13790,native,True,20.000000000000004,829.3551680596453,0.0,3.900000000000034,-101.56212000000002
24994800.0,900,iso13790,native,True,20.000000000000004,819.6050665296129,0.0,5.600000000000023,-101.56212000000002
24998400.0,900,iso13790,native,True,20.000000000000004,693.7163709504908,0.0,9.400000000000034,322.6052725550045
25002000.0,900,iso13790,native,True,20.000000000000004,590.3295659382934,0.0,12.200000000000045,391.49689219234665
25005600.0,900,iso13790,native,True,20.000000000000004,474.5081612250713,0.0,14.400000000000034,602.216234181062
25009200.0,900,iso13790,native,True,19.999999999999996,374.2737652348933,0.0,15.600000000000023,760.7265149044256
25012800.0,900,iso13790,native,True,20.000000000000004,266.20533007108713,0.0,17.80000000000001,602.5331559742768
25016400.0,900,iso13790,native,True,20.000000000000004,186.72274321728165,0.0,18.30000000000001,685.0978879153351
25020000.0,900,iso13790,native,True,20.12919783447539,0.0,0.0,19.400000000000034,1995.587191716694
25023600.0,900,iso13790,native,True,21.105490975863656,0.0,0.0,20.0,3252.940136935556
25027200.0,900,iso13790,native,True,21.979440009854194,0.0,0.0,19.400000000000034,3844.2599832820038
25030800.0,900,iso13790,native,True,22.12177644038401,0.0,0.0,17.200000000000045,2609.449456003286
25034400.0,900,iso13790,native,True,21.230439958554577,0.0,0.0,13.300000000000011,-101.56212000000002
25038000.0,900,iso13790,native,True,20.773369698819472,0.0,0.0,10.600000000000023,-101.56212000000002
25041600.0,900,iso13790,native,True,20.364432031146794,0.0,0.0,8.900000000000034,-101.56212000000002
25045200.0,900,iso13790,native,True,20.280084291169985,0.0,0.0,10.600000000000023,-101.56212000000002
25048800.0,900,iso13790,native,True,20.000000000000007,147.98628273139423,0.0,5.0,-101.56212000000002
25052400.0,900,iso13790,native,True,20.000000000000004,137.78849478662463,0.0,8.300000000000011,-101.56212000000002
25056000.0,900,iso13790,native,True,20.000000000000004,217.15549098969402,0.0,7.800000000000011,-101.56212000000002
25059600.0,900,iso13790,native,True,20.000000000000004,278.94339448778635,0.0,7.800000000000011,-101.56212000000002
25063200.0,900,iso13790,native,True,20.000000000000007,335.7706598774916,0.0,7.800000000000011,-101.56212000000002
25066800.0,900,iso13790,native,True,20.0,373.25647644158533,0.0,8.300000000000011,-101.56212000000002
25070400.0,900,iso13790,native,True,20.0,433.71893992914215,0.0,7.800000000000011,-101.56212000000002
25074000.0,900,iso13790,native,True,19.999999999999996,478.12005998140916,0.0,7.800000000000011,-101.56212000000002
25077600.0,900,iso13790,native,True,20.0,536.6913290848682,0.0,7.2000000000000455,-101.56212000000002
25081200.0,900,iso13790,native,True,19.999999999999996,526.8628096946874,0.0,8.900000000000034,-101.56212000000002
25084800.0,900,iso13790,native,True,20.0,430.0277957626511,0.0,11.700000000000045,326.8995957642531
25088400.0,900,iso13790,native,True,19.999999999999996,312.24249784906976,0.0,15.0,436.4908536794019
25092000.0,900,iso13790,native,True,20.0,145.26405159930735,0.0,17.80000000000001,975.0872003816369
25095600.0,900,iso13790,native,True,20.000000000000004,16.517060992578035,0.0,20.600000000000023,743.2153219565664
25099200.0,900,iso13790,native,True,20.355789730448116,0.0,0.0,22.80000000000001,610.487829973014
25102800.0,900,iso13790,native,True,20.841713875733397,0.0,0.0,24.400000000000034,815.7783846787406
25106400.0,900,iso13790,native,True,21.69130172575123,0.0,0.0,25.0,2127.3778404398668
25110000.0,900,iso13790,native,True,22.765315851154057,0.0,0.0,25.600000000000023,3291.574686521858
25113600.0,900,iso13790,native,True,23.706441261387457,0.0,0.0,24.400000000000034,3943.7612883559973
25117200.0,900,iso13790,native,True,23.846464482801508,0.0,0.0,20.600000000000023,2879.909337825002
25120800.0,900,iso13790,native,True,22.95932410505045,0.0,0.0,16.700000000000045,-101.56212000000002
25124400.0,900,iso13790,native,True,22.765449428474874,0.0,0.0,16.100000000000023,-101.56212000000002
25128000.0,900,iso13790,native,True,22.046195630800433,0.0,0.0,10.600000000000023,-101.56212000000002
25131600.0,900,iso13790,native,True,21.65747890722521,0.0,0.0,9.400000000000034,-101.56212000000002
25135200.0,900,iso13790,native,True,21.668609722888426,0.0,0.0,12.200000000000045,-101.56212000000002
25138800.0,900,iso13790,native,True,21.288088052894228,0.0,0.0,10.600000000000023,-101.56212000000002
25142400.0,900,iso13790,native,True,21.097325959483356,0.0,0.0,11.100000000000023,-101.56212000000002
25146000.0,900,iso13790,native,True,20.640303421060636,0.0,0.0,8.900000000000034,-101.56212000000002
25149600.0,900,iso13790,native,True,20.3702523382412,0.0,0.0,8.900000000000034,-101.56212000000002
25153200.0,900,iso13790,native,True,20.10706194628145,0.0,0.0,8.900000000000034,-101.56212000000002
25156800.0,900,iso13790,native,True,20.029252734387384,0.0,0.0,10.600000000000023,-101.56212000000002
25160400.0,900,iso13790,native,True,20.0,101.45124479932174,0.0,8.900000000000034,-101.56212000000002
25164000.0,900,iso13790,native,True,19.999999999999996,164.6701512181825,0.0,8.900000000000034,-101.56212000000002
25167600.0,900,iso13790,native,True,19.999999999999996,167.8387680377902,0.0,10.600000000000023,-54.6216160566884
25171200.0,900,iso13790,native,True,20.000000000000004,94.37285770084006,0.0,12.800000000000011,455.20641783890443
25174800.0,900,iso13790,native,True,20.118593713326515,0.0,0.0,16.100000000000023,775.6270332484257
25178400.0,900,iso13790,native,True,20.706684495792775,0.0,0.0,20.0,949.8919902887154
25182000.0,900,iso13790,native,True,20.942538013049603,0.0,0.0,21.100000000000023,622.1679147282803
25185600.0,900,iso13790,native,True,21.241181973782197,0.0,0.0,22.200000000000045,606.3820010366304
25189200.0,900,iso13790,native,True,21.723063667254184,0.0,0.0,22.80000000000001,1201.849755043767
25192800.0,900,iso13790,native,True,22.29983973950016,0.0,0.0,22.200000000000045,2046.743037163358
25196400.0,900,iso13790,native,True,22.97502544711492,0.0,0.0,21.700000000000045,2710.4938102692804
25200000.0,900,iso13790,native,True,22.854446476896456,0.0,0.0,21.700000000000045,687.4648347867465
25203600.0,900,iso13790,native,True,22.627438999892007,0.0,0.0,18.30000000000001,578.3286198702405
25207200.0,900,iso13790,native,True,22.16545921964203,0.0,0.0,15.600000000000023,-101.56212000000002
25210800.0,900,iso13790,native,True,21.963807131620534,0.0,0.0,15.0,-101.56212000000002
25214400.0,900,iso13790,native,True,21.69947766127338,0.0,0.0,13.900000000000034,-101.56212000000002
25218000.0,900,iso13790,native,True,21.3508490996921,0.0,0.0,12.200000000000045,-101.56212000000002
25221600.0,900,iso13790,native,True,21.262209555287235,0.0,0.0,13.300000000000011,-101.56212000000002
25225200.0,900,iso13790,native,True,21.035584260073716,0.0,0.0,12.800000000000011,-101.56212000000002
25228800.0,900,iso13790,native,True,20.560250302647958,0.0,0.0,10.0,-101.56212000000002
25232400.0,900,iso13790,native,True,20.088926581443374,0.0,0.0,7.800000000000011,-101.56212000000002
25236000.0,900,iso13790,native,True,19.999999999999996,54.85140689365259,0.0,7.800000000000011,-101.56212000000002
25239600.0,900,iso13790,native,True,19.999999999999996,162.1838495486371,0.0,6.7000000000000455,-101.56212000000002
25243200.0,900,iso13790,native,True,19.999999999999996,253.97834377634717,0.0,6.100000000000023,-101.56212000000002
25246800.0,900,iso13790,native,True,20.000000000000004,292.4406151822139,0.0,7.2000000000000455,-101.56212000000002
25250400.0,900,iso13790,native,True,20.000000000000004,467.7473924230188,0.0,3.3000000000000114,-101.56212000000002
25254000.0,900,iso13790,native,True,20.000000000000004,468.17310556258565,0.0,5.600000000000023,-47.853605701015866
25257600.0,900,iso13790,native,True,20.0,390.9895844582294,0.0,8.900000000000034,287.1555335713373
25261200.0,900,iso13790,native,True,20.0,336.866572600404,0.0,10.600000000000023,487.96698246516075
25264800.0,900,iso13790,native,True,20.0,283.1089821001472,0.0,12.200000000000045,515.7896294039365
25268400.0,900,iso13790,native,True,20.000000000000004,220.96247676240236,0.0,13.900000000000034,510.11391390209826
25272000.0,900,iso13790,native,True,20.0,142.97694784987954,0.0,15.600000000000023,594.1178027015541
25275600.0,900,iso13790,native,True,20.000000000000004,22.617751924921517,0.0,17.80000000000001,843.0466163574833
25279200.0,900,iso13790,native,True,20.691862740792033,0.0,0.0,18.900000000000034,2166.0654387399736
25282800.0,900,iso13790,native,True,21.711987601458265,0.0,0.0,20.0,3371.516880209047
25286400.0,900,iso13790,native,True,22.499893498507284,0.0,0.0,19.400000000000034,3693.9538761962344
25290000.0,900,iso13790,native,True,22.779695052857125,0.0,0.0,17.200000000000045,2970.773586356052
25293600.0,900,iso13790,native,True,21.820389241397717,0.0,0.0,13.300000000000011,-101.56212000000002
25297200.0,900,iso13790,native,True,21.169636439822703,0.0,0.0,8.900000000000034,-101.56212000000002
25300800.0,900,iso13790,native,True,20.770511529080565,0.0,0.0,7.800000000000011,-101.56212000000002
25304400.0,900,iso13790,native,True,20.763527637184225,0.0,0.0,10.600000000000023,-101.56212000000002
25308000.0,900,iso13790,native,True,20.239213970559675,0.0,0.0,7.800000000000011,-101.56212000000002
25311600.0,900,iso13790,native,True,20.298285067978412,0.0,0.0,11.100000000000023,-101.56212000000002
25315200.0,900,iso13790,native,True,20.092814367129836,0.0,0.0,11.100000000000023,-101.56212000000002
25318800.0,900,iso13790,native,True,20.0,44.99009684870785,0.0,10.600000000000023,-101.56212000000002
25322400.0,900,iso13790,native,True,20.0,85.81825390734951,0.0,11.100000000000023,-101.56212000000002
25326000.0,900,iso13790,native,True,20.0,249.8524299759729,0.0,7.2000000000000455,-101.56212000000002
25329600.0,900,iso13790,native,True,20.000000000000004,410.84350680074044,0.0,3.900000000000034,-101.56212000000002
25333200.0,900,iso13790,native,True,20.000000000000004,484.94244461702505,0.0,3.900000000000034,-101.56212000000002
25336800.0,900,iso13790,native,True,20.0,520.578388129362,0.0,5.0,-101.56212000000002
25340400.0,900,iso13790,native,True,19.999999999999993,573.2162524312312,0.0,5.0,-53.95809909168719
25344000.0,900,iso13790,native,True,20.0,479.69844295403084,0.0,8.300000000000011,405.78793398115147
25347600.0,900,iso13790,native,True,20.0,350.1818267944649,0.0,12.200000000000045,609.7618973055178
25351200.0,900,iso13790,native,True,19.999999999999993,193.336942511537,0.0,16.700000000000045,612.4103275456962
25354800.0,900,iso13790,native,True,20.000000000000004,26.550111827020253,0.0,20.0,870.2806162467414
25358400.0,900,iso13790,native,True,20.339979359346238,0.0,0.0,22.200000000000045,750.9001228654545
25362000.0,900,iso13790,native,True,20.71136301538577,0.0,0.0,22.80000000000001,886.5354836241406
25365600.0,900,iso13790,native,True,21.453090045326277,0.0,0.0,22.80000000000001,2134.588582048837
25369200.0,900,iso13790,native,True,22.3408813918294,0.0,0.0,22.200000000000045,3265.814850079041
25372800.0,900,iso13790,native,True,22.799471779353528,0.0,0.0,20.600000000000023,2914.391188417273
25376400.0,900,iso13790,native,True,22.251112357605837,0.0,0.0,18.30000000000001,314.29315028913044
25380000.0,900,iso13790,native,True,21.83614735915138,0.0,0.0,15.600000000000023,-101.56212000000002
25383600.0,900,iso13790,native,True,21.46416670535214,0.0,0.0,13.300000000000011,-101.56212000000002
25387200.0,900,iso13790,native,True,21.348036694607025,0.0,0.0,13.900000000000034,-101.56212000000002
25390800.0,900,iso13790,native,True,21.18703133302681,0.0,0.0,13.900000000000034,-101.56212000000002
25394400.0,900,iso13790,native,True,20.851421552201998,0.0,0.0,12.200000000000045,-101.56212000000002
25398000.0,900,iso13790,native,True,20.544217968153603,0.0,0.0,11.100000000000023,-101.56212000000002
25401600.0,900,iso13790,native,True,20.216873264626198,0.0,0.0,10.0,-101.56212000000002
25405200.0,900,iso13790,native,True,20.000000000000004,21.805203476337653,0.0,9.400000000000034,-101.56212000000002
25408800.0,900,iso13790,native,True,20.000000000000004,135.13957126812085,0.0,7.800000000000011,-101.56212000000002
25412400.0,900,iso13790,native,True,20.000000000000004,221.24700823649152,0.0,7.2000000000000455,-101.56212000000002
25416000.0,900,iso13790,native,True,20.000000000000004,319.50673852694786,0.0,6.100000000000023,-101.56212000000002
25419600.0,900,iso13790,native,True,20.000000000000004,367.48714195843496,0.0,6.7000000000000455,-101.56212000000002
25423200.0,900,iso13790,native,True,20.0,475.31283927596104,0.0,5.0,-101.56212000000002
25426800.0,900,iso13790,native,True,20.000000000000004,483.82588064209324,0.0,6.7000000000000455,-78.6891664226729
25430400.0,900,iso13790,native,True,20.0,484.2543370268907,0.0,6.7000000000000455,382.35876875634693
25434000.0,900,iso13790,native,True,20.000000000000004,546.8020768535658,0.0,5.600000000000023,270.62677799999994
25437600.0,900,iso13790,native,True,20.0,581.0031110999533,0.0,5.0,389.295702
25441200.0,900,iso13790,native,True,20.000000000000004,581.120871323509,0.0,5.600000000000023,437.84207999999995
25444800.0,900,iso13790,native,True,20.0,609.4614852507854,0.0,5.0,486.38845799999996
25448400.0,900,iso13790,native,True,19.999999999999993,625.6438887072349,0.0,5.0,470.2063319999999
25452000.0,900,iso13790,native,True,19.999999999999996,647.4845118136435,0.0,5.0,394.68974399999996
25455600.0,900,iso13790,native,True,19.999999999999996,675.9637541839634,0.0,5.0,281.41486199999997
25459200.0,900,iso13790,native,True,19.999999999999993,732.2080386598848,0.0,4.400000000000034,114.19955999999999
25462800.0,900,iso13790,native,True,19.999999999999993,777.9378702210181,0.0,4.400000000000034,-26.045532000000016
25466400.0,900,iso13790,native,True,20.000000000000004,822.0049746104377,0.0,4.400000000000034,-101.56212000000002
25470000.0,900,iso13790,native,True,20.000000000000004,874.3009569625843,0.0,3.900000000000034,-101.56212000000002
25473600.0,900,iso13790,native,True,20.00000000000001,911.1912413252062,0.0,3.900000000000034,-101.56212000000002
25477200.0,900,iso13790,native,True,20.000000000000004,945.1197914311495,0.0,3.900000000000034,-101.56212000000002
25480800.0,900,iso13790,native,True,20.0,976.3243899367118,0.0,3.900000000000034,-101.56212000000002
25484400.0,900,iso13790,native,True,20.000000000000004,1005.023729131957,0.0,3.900000000000034,-101.56212000000002
25488000.0,900,iso13790,native,True,20.000000000000004,1031.418943609621,0.0,3.900000000000034,-101.56212000000002
25491600.0,900,iso13790,native,True,20.000000000000007,1040.9159446350081,0.0,4.400000000000034,-101.56212000000002
25495200.0,900,iso13790,native,True,20.000000000000004,1075.6366729524962,0.0,3.900000000000034,-101.56212000000002
25498800.0,900,iso13790,native,True,19.999999999999996,1081.5836562425916,0.0,4.400000000000034,-101.56212000000002
25502400.0,900,iso13790,native,True,19.999999999999996,1098.2603045359306,0.0,4.400000000000034,-101.56212000000002
25506000.0,900,iso13790,native,True,20.000000000000004,1113.5980691261425,0.0,4.400000000000034,-101.56212000000002
25509600.0,900,iso13790,native,True,20.00000000000001,1127.7044422106364,0.0,4.400000000000034,-101.56212000000002
25513200.0,900,iso13790,native,True,20.000000000000004,1121.8572656989595,0.0,5.0,-90.77403600000002
25516800.0,900,iso13790,native,True,20.00000000000001,1103.2051462586069,0.0,5.0,178.92806399999995
25520400.0,900,iso13790,native,True,19.999999999999986,1039.8567368496967,0.0,6.100000000000023,421.65995399999997
25524000.0,900,iso13790,native,True,20.000000000000004,876.833489841079,0.0,7.800000000000011,1304.1692923792007
25527600.0,900,iso13790,native,True,20.000000000000004,751.2134707095051,0.0,8.900000000000034,1467.834869681657
25531200.0,900,iso13790,native,True,20.0,624.743690148234,0.0,10.0,1563.2402678393569
25534800.0,900,iso13790,native,True,20.000000000000004,482.4127050772672,0.0,11.700000000000045,1605.2277334131832
25538400.0,900,iso13790,native,True,19.999999999999996,315.19787630126166,0.0,12.800000000000011,2038.049763391237
25542000.0,900,iso13790,native,True,20.000000000000004,278.2153453091713,0.0,12.800000000000011,1294.2277123654703
25545600.0,900,iso13790,native,True,19.999999999999996,279.6418912188678,0.0,13.900000000000034,324.56719799999996
25549200.0,900,iso13790,native,True,20.0,435.78485736393736,0.0,9.400000000000034,-31.43957400000002
25552800.0,900,iso13790,native,True,20.0,518.6800037409711,0.0,7.800000000000011,-101.56212000000002
25556400.0,900,iso13790,native,True,19.999999999999996,556.2600299057087,0.0,7.800000000000011,-101.56212000000002
25560000.0,900,iso13790,native,True,20.000000000000004,590.8229459347585,0.0,7.800000000000011,-101.56212000000002
25563600.0,900,iso13790,native,True,19.999999999999993,590.0970147862117,0.0,8.900000000000034,-101.56212000000002
25567200.0,900,iso13790,native,True,19.99999999999999,614.0850250123534,0.0,8.900000000000034,-101.56212000000002
25570800.0,900,iso13790,native,True,20.0,636.1471592832514,0.0,8.900000000000034,-101.56212000000002
25574400.0,900,iso13790,native,True,20.000000000000007,674.1729267324274,0.0,8.300000000000011,-101.56212000000002
25578000.0,900,iso13790,native,True,19.999999999999993,677.9623655973039,0.0,8.900000000000034,-101.56212000000002
25581600.0,900,iso13790,native,True,19.999999999999993,694.8961114292216,0.0,8.900000000000034,-101.56212000000002
25585200.0,900,iso13790,native,True,19.999999999999986,710.4703324976222,0.0,8.900000000000034,-101.56212000000002
25588800.0,900,iso13790,native,True,20.0,724.7941781662076,0.0,8.900000000000034,-101.56212000000002
25592400.0,900,iso13790,native,True,20.00000000000001,770.4820002958971,0.0,7.800000000000011,-101.56212000000002
25596000.0,900,iso13790,native,True,19.999999999999993,852.8740494379424,0.0,5.600000000000023,-101.56212000000002
25599600.0,900,iso13790,native,True,19.999999999999996,864.0177975668888,0.0,6.100000000000023,-96.16807800000001
25603200.0,900,iso13790,native,True,20.000000000000007,849.490051027137,0.0,6.7000000000000455,87.22934999999998
25606800.0,900,iso13790,native,True,19.999999999999996,763.2692685266951,0.0,7.2000000000000455,870.3582695098913
25610400.0,900,iso13790,native,True,20.000000000000004,726.7642696925916,0.0,8.0,632.027592
25614000.0,900,iso13790,native,True,20.0,544.6701586302779,0.0,11.700000000000045,1104.614284601475
25617600.0,900,iso13790,native,True,19.999999999999993,485.6637365469706,0.0,12.800000000000011,715.2705658222862
25621200.0,900,iso13790,native,True,20.000000000000004,361.44384441506105,0.0,14.400000000000034,1030.95738016408
25624800.0,900,iso13790,native,True,20.000000000000004,133.7283891396043,0.0,15.600000000000023,2286.972562771397
25628400.0,900,iso13790,native,True,20.3469939859034,0.0,0.0,15.600000000000023,3268.9845446064382
25632000.0,900,iso13790,native,True,20.749989771510414,0.0,0.0,15.600000000000023,2617.4653662761148
25635600.0,900,iso13790,native,True,20.684930183448746,0.0,0.0,13.300000000000011,1755.8874470928
25639200.0,900,iso13790,native,True,20.030791746573954,0.0,0.0,11.100000000000023,-101.56212000000002
25642800.0,900,iso13790,native,True,19.999999999999996,61.987732512191236,0.0,10.600000000000023,-101.56212000000002
25646400.0,900,iso13790,native,True,20.0,133.965200963347,0.0,10.0,-101.56212000000002
25650000.0,900,iso13790,native,True,19.999999999999996,219.22938640737448,0.0,8.900000000000034,-101.56212000000002
25653600.0,900,iso13790,native,True,20.0,290.72737212425585,0.0,8.300000000000011,-101.56212000000002
25657200.0,900,iso13790,native,True,20.0,473.09246671835905,0.0,3.900000000000034,-101.56212000000002
25660800.0,900,iso13790,native,True,20.0,527.4146752906246,0.0,4.400000000000034,-101.56212000000002
25664400.0,900,iso13790,native,True,20.0,603.361822068707,0.0,3.900000000000034,-101.56212000000002
25668000.0,900,iso13790,native,True,19.999999999999996,679.7393288453133,0.0,3.3000000000000114,-101.56212000000002
25671600.0,900,iso13790,native,True,19.999999999999996,653.7735088625647,0.0,6.100000000000023,-101.56212000000002
25675200.0,900,iso13790,native,True,19.999999999999996,725.1661806297549,0.0,5.0,-101.56212000000002
25678800.0,900,iso13790,native,True,20.000000000000004,766.171436010776,0.0,5.0,-101.56212000000002
25682400.0,900,iso13790,native,True,20.0,786.1496966363821,0.0,5.600000000000023,-101.56212000000002
25686000.0,900,iso13790,native,True,19.999999999999996,799.662426926917,0.0,6.100000000000023,-66.48971233223017
25689600.0,900,iso13790,native,True,19.999999999999996,711.2542950309829,0.0,8.300000000000011,414.3884933666917
25693200.0,900,iso13790,native,True,20.000000000000004,611.7250531770948,0.0,11.100000000000023,453.6137365509282
25696800.0,900,iso13790,native,True,20.000000000000004,515.2948702901002,0.0,13.300000000000011,495.2136314863915
25700400.0,900,iso13790,native,True,19.999999999999996,447.6888806098307,0.0,14.400000000000034,469.1348824877377
25704000.0,900,iso13790,native,True,20.0,345.1814359968747,0.0,16.100000000000023,605.169151403537
25707600.0,900,iso13790,native,True,20.0,267.4547664169907,0.0,15.600000000000023,1019.9398271101977
25711200.0,900,iso13790,native,True,20.000000000000004,54.0316958797891,0.0,16.100000000000023,2335.960626341409
25714800.0,900,iso13790,native,True,20.540804997389056,0.0,0.0,16.700000000000045,2890.0414427992328
25718400.0,900,iso13790,native,True,21.130527160620105,0.0,0.0,15.0,3423.662282415291
25722000.0,900,iso13790,native,True,20.437517099033265,0.0,0.0,13.900000000000034,38.68297199999998
25725600.0,900,iso13790,native,True,20.04849741240231,0.0,0.0,11.700000000000045,-101.56212000000002
25729200.0,900,iso13790,native,True,20.0,88.31883086731423,0.0,10.0,-101.56212000000002
25732800.0,900,iso13790,native,True,20.000000000000004,144.73376683608757,0.0,10.0,-101.56212000000002
25736400.0,900,iso13790,native,True,20.0,196.61943307073565,0.0,10.0,-101.56212000000002
25740000.0,900,iso13790,native,True,20.0,341.88135836080943,0.0,6.7000000000000455,-101.56212000000002
25743600.0,900,iso13790,native,True,20.000000000000004,469.49770476974453,0.0,4.400000000000034,-101.56212000000002
25747200.0,900,iso13790,native,True,19.999999999999996,485.0667809408215,0.0,6.100000000000023,-101.56212000000002
25750800.0,900,iso13790,native,True,20.0,652.7668835844062,0.0,2.2000000000000455,-101.56212000000002
25754400.0,900,iso13790,native,True,20.000000000000004,654.5597405534636,0.0,4.400000000000034,-101.56212000000002
25758000.0,900,iso13790,native,True,20.0,670.050197584107,0.0,5.600000000000023,-101.56212000000002
25761600.0,900,iso13790,native,True,20.0,746.6638684785555,0.0,4.400000000000034,-101.56212000000002
25765200.0,900,iso13790,native,True,19.999999999999993,790.2295317469127,0.0,4.400000000000034,-101.56212000000002
25768800.0,900,iso13790,native,True,20.000000000000004,845.0766036142531,0.0,3.900000000000034,-101.56212000000002
25772400.0,900,iso13790,native,True,20.000000000000007,880.5901193181392,0.0,3.900000000000034,-64.58264874412188
25776000.0,900,iso13790,native,True,19.999999999999996,777.9945286041817,0.0,7.2000000000000455,324.6862786245949
25779600.0,900,iso13790,native,True,20.0,685.9956283530876,0.0,10.0,368.110096776127
25783200.0,900,iso13790,native,True,20.000000000000004,595.3732808332843,0.0,11.700000000000045,569.2719367200951
25786800.0,900,iso13790,native,True,20.000000000000004,524.5033460942033,0.0,13.300000000000011,433.7763037325244
25790400.0,900,iso13790,native,True,19.999999999999996,427.26799529696785,0.0,15.0,555.5931375316418
25794000.0,900,iso13790,native,True,20.0,287.96738617336564,0.0,16.100000000000023,1154.7385630115139
25797600.0,900,iso13790,native,True,19.999999999999996,101.1848095486188,0.0,16.100000000000023,2219.716951831781
25801200.0,900,iso13790,native,True,20.65841524670624,0.0,0.0,17.200000000000045,3456.431975805352
25804800.0,900,iso13790,native,True,21.454261728517604,0.0,0.0,16.700000000000045,3844.3389495680585
25808400.0,900,iso13790,native,True,21.056917572245702,0.0,0.0,12.800000000000011,1755.5538247274162
25812000.0,900,iso13790,native,True,20.254535985712447,0.0,0.0,9.400000000000034,-101.56212000000002
25815600.0,900,iso13790,native,True,20.006987965958146,0.0,0.0,9.400000000000034,-101.56212000000002
25819200.0,900,iso13790,native,True,20.000000000000004,130.90479755357927,0.0,7.2000000000000455,-101.56212000000002
25822800.0,900,iso13790,native,True,20.000000000000004,251.19672203256283,0.0,5.600000000000023,-101.56212000000002
25826400.0,900,iso13790,native,True,20.0,260.94030727568423,0.0,7.800000000000011,-101.56212000000002
25830000.0,900,iso13790,native,True,19.999999999999996,351.7269149844748,0.0,6.7000000000000455,-101.56212000000002
25833600.0,900,iso13790,native,True,19.999999999999993,460.81792117473765,0.0,5.0,-101.56212000000002
25837200.0,900,iso13790,native,True,20.000000000000004,555.5603261811431,0.0,3.900000000000034,-101.56212000000002
25840800.0,900,iso13790,native,True,20.000000000000004,567.7918270297139,0.0,5.600000000000023,-101.56212000000002
25844400.0,900,iso13790,native,True,20.0,667.394380289784,0.0,3.900000000000034,-101.56212000000002
25848000.0,900,iso13790,native,True,19.999999999999996,753.4101122376301,0.0,2.8000000000000114,-101.56212000000002
25851600.0,900,iso13790,native,True,20.0,710.3225196521043,0.0,6.100000000000023,-101.56212000000002
25855200.0,900,iso13790,native,True,20.000000000000007,794.9100477947999,0.0,4.400000000000034,-101.56212000000002
25858800.0,900,iso13790,native,True,20.000000000000004,832.2414226140309,0.0,4.400000000000034,-78.11279580082234
25862400.0,900,iso13790,native,True,20.000000000000004,723.9054045365954,0.0,7.800000000000011,350.0603216575212
25866000.0,900,iso13790,native,True,19.99999999999999,648.5034155766725,0.0,9.400000000000034,566.1779152068053
25869600.0,900,iso13790,native,True,20.000000000000004,518.0848628310508,0.0,11.100000000000023,1115.4980268733784
25873200.0,900,iso13790,native,True,19.999999999999996,445.776103657814,0.0,12.800000000000011,739.3306212736318
25876800.0,900,iso13790,native,True,20.000000000000004,303.1690942733796,0.0,15.0,1078.7761661483328
25880400.0,900,iso13790,native,True,20.0,183.3600962548989,0.0,16.100000000000023,1267.3825697044676
25884000.0,900,iso13790,native,True,20.07434513594881,0.0,0.0,16.100000000000023,2521.4189460086263
25887600.0,900,iso13790,native,True,20.075226858438448,0.0,0.0,15.600000000000023,1290.129355113218
25891200.0,900,iso13790,native,True,20.000000000000004,54.22241716189642,0.0,14.400000000000034,292.20294599999994
25894800.0,900,iso13790,native,True,20.0,45.89109364518462,0.0,12.800000000000011,882.2644718864922
25898400.0,900,iso13790,native,True,20.0,207.71594526557962,0.0,10.0,-101.56212000000002
25902000.0,900,iso13790,native,True,20.0,272.27998139948505,0.0,9.400000000000034,-101.56212000000002
25905600.0,900,iso13790,native,True,20.000000000000004,365.5049967418227,0.0,7.800000000000011,-101.56212000000002
25909200.0,900,iso13790,native,True,20.0,382.8687035643195,0.0,8.900000000000034,-101.56212000000002
25912800.0,900,iso13790,native,True,20.0,506.25684766041326,0.0,6.100000000000023,-101.56212000000002
25916400.0,900,iso13790,native,True,20.000000000000004,556.9789201340817,0.0,6.100000000000023,-101.56212000000002
25920000.0,900,iso13790,native,True,20.000000000000004,603.6287740762208,0.0,6.100000000000023,-101.56212000000002
25923600.0,900,iso13790,native,True,20.000000000000007,581.5054162115844,0.0,8.300000000000011,-101.56212000000002
25927200.0,900,iso13790,native,True,19.999999999999996,577.9555853247816,0.0,9.400000000000034,-101.56212000000002
25930800.0,900,iso13790,native,True,20.000000000000004,599.3464124329596,0.0,9.400000000000034,-101.56212000000002
25934400.0,900,iso13790,native,True,19.99999999999999,633.7989535247564,0.0,8.900000000000034,-101.56212000000002
25938000.0,900,iso13790,native,True,20.000000000000004,672.013246531728,0.0,8.300000000000011,-101.56212000000002
25941600.0,900,iso13790,native,True,20.0,693.7109654898899,0.0,8.300000000000011,-101.56212000000002
25945200.0,900,iso13790,native,True,19.999999999999993,680.6096538495375,0.0,9.400000000000034,-96.16807800000001
25948800.0,900,iso13790,native,True,20.000000000000004,646.9136676857305,0.0,10.0,189.71614799999998
25952400.0,900,iso13790,native,True,19.999999999999993,663.3276477204366,0.0,8.300000000000011,464.81228999999996
25956000.0,900,iso13790,native,True,20.000000000000004,520.0691322558404,0.0,10.600000000000023,1092.949593260039
25959600.0,900,iso13790,native,True,20.000000000000004,415.72069242904314,0.0,11.700000000000045,1258.6838016697973
25963200.0,900,iso13790,native,True,19.999999999999996,334.48663747944,0.0,15.0,454.024206
25966800.0,900,iso13790,native,True,20.0,231.51767481033716,0.0,14.400000000000034,1326.7182201736318
25970400.0,900,iso13790,native,True,20.000000000000004,280.4733174480489,0.0,12.200000000000045,757.9029352958717
25974000.0,900,iso13790,native,True,20.000000000000004,170.0285294987766,0.0,12.800000000000011,1410.8159104153472
25977600.0,900,iso13790,native,True,20.0,5.001670827017848,0.0,13.300000000000011,2286.4984942978253
25981200.0,900,iso13790,native,True,20.000000000000004,1.280642548692934,0.0,12.200000000000045,1597.1213759616855
25984800.0,900,iso13790,native,True,20.000000000000004,181.75334427941826,0.0,10.0,-101.56212000000002
25988400.0,900,iso13790,native,True,20.000000000000004,248.40178626872878,0.0,9.400000000000034,-101.56212000000002
25992000.0,900,iso13790,native,True,19.999999999999996,296.25082027191314,0.0,9.400000000000034,-101.56212000000002
25995600.0,900,iso13790,native,True,20.000000000000004,355.03737271278965,0.0,8.900000000000034,-101.56212000000002
25999200.0,900,iso13790,native,True,20.000000000000004,415.63202243428617,0.0,8.300000000000011,-101.56212000000002
26002800.0,900,iso13790,native,True,19.999999999999996,490.4272580643242,0.0,7.2000000000000455,-101.56212000000002
26006400.0,900,iso13790,native,True,20.0,516.8270123750027,0.0,7.800000000000011,-101.56212000000002
26010000.0,900,iso13790,native,True,19.999999999999996,539.7767305911003,0.0,8.300000000000011,-101.56212000000002
26013600.0,900,iso13790,native,True,20.000000000000004,572.0910502616623,0.0,8.300000000000011,-101.56212000000002
26017200.0,900,iso13790,native,True,20.0,601.8110167250564,0.0,8.300000000000011,-101.56212000000002
26020800.0,900,iso13790,native,True,20.0,629.1449174721586,0.0,8.300000000000011,-101.56212000000002
26024400.0,900,iso13790,native,True,20.0,654.2843176451936,0.0,8.300000000000011,-101.56212000000002
26028000.0,900,iso13790,native,True,20.000000000000004,677.405402590489,0.0,8.300000000000011,-101.56212000000002
26031600.0,900,iso13790,native,True,20.000000000000004,730.5496064264172,0.0,7.2000000000000455,-95.25917892566711
26035200.0,900,iso13790,native,True,19.999999999999993,690.8444355375999,0.0,7.800000000000011,366.0456927802719
26038800.0,900,iso13790,native,True,20.0,641.903365593262,0.0,8.300000000000011,658.997802
26042400.0,900,iso13790,native,True,20.0,546.7568565727224,0.0,9.400000000000034,1061.4003578671447
26046000.0,900,iso13790,native,True,20.0,418.7300109220114,0.0,12.200000000000045,1046.1379014815673
26049600.0,900,iso13790,native,True,20.0,303.2824822105706,0.0,15.600000000000023,642.4045172698352
26053200.0,900,iso13790,native,True,20.000000000000004,136.54167365182028,0.0,17.80000000000001,1195.0337302970884
26056800.0,900,iso13790,native,True,20.186421407613842,0.0,0.0,17.80000000000001,2257.466289502777
26060400.0,900,iso13790,native,True,20.97385163448419,0.0,0.0,17.200000000000045,3299.094715532892
26064000.0,900,iso13790,native,True,21.890343714741558,0.0,0.0,17.200000000000045,3994.5577545169263
26067600.0,900,iso13790,native,True,21.723013617999023,0.0,0.0,14.400000000000034,2130.0251066356573
26071200.0,900,iso13790,native,True,21.017375745406483,0.0,0.0,12.200000000000045,-101.56212000000002
26074800.0,900,iso13790,native,True,20.243451916198996,0.0,0.0,6.7000000000000455,-101.56212000000002
26078400.0,900,iso13790,native,True,20.50572174856743,0.0,0.0,12.200000000000045,-101.56212000000002
26082000.0,900,iso13790,native,True,19.999999999999996,122.01189158307936,0.0,5.0,-101.56212000000002
26085600.0,900,iso13790,native,True,20.000000000000004,178.92738716079475,0.0,6.100000000000023,-101.56212000000002
26089200.0,900,iso13790,native,True,19.999999999999996,255.92908564252787,0.0,6.100000000000023,-101.56212000000002
26092800.0,900,iso13790,native,True,20.000000000000004,341.52778265132486,0.0,5.600000000000023,-101.56212000000002
26096400.0,900,iso13790,native,True,20.000000000000004,444.5168558286058,0.0,4.400000000000034,-101.56212000000002
26100000.0,900,iso13790,native,True,20.000000000000004,476.870593200102,0.0,5.600000000000023,-101.56212000000002
26103600.0,900,iso13790,native,True,19.999999999999996,568.9936769895833,0.0,4.400000000000034,-101.56212000000002
26107200.0,900,iso13790,native,True,20.000000000000007,626.8235808734543,0.0,4.400000000000034,-101.56212000000002
26110800.0,900,iso13790,native,True,19.999999999999996,759.8176207528102,0.0,1.7000000000000455,-101.56212000000002
26114400.0,900,iso13790,native,True,20.00000000000001,756.5878727907658,0.0,3.900000000000034,-101.56212000000002
26118000.0,900,iso13790,native,True,20.0,819.8184172969383,0.0,3.3000000000000114,-93.16691577938566
26121600.0,900,iso13790,native,True,20.0,769.5207362013515,0.0,5.0,354.6860535823401
26125200.0,900,iso13790,native,True,20.0,676.4024164932607,0.0,7.2000000000000455,730.1321124811277
26128800.0,900,iso13790,native,True,19.999999999999996,615.0185261579543,0.0,9.400000000000034,481.828113634064
26132400.0,900,iso13790,native,True,20.000000000000004,526.5337434410891,0.0,11.100000000000023,692.269791937451
26136000.0,900,iso13790,native,True,20.000000000000004,442.88047329344727,0.0,12.200000000000045,853.7439402941213
26139600.0,900,iso13790,native,True,20.0,299.03498868368894,0.0,12.800000000000011,1651.0340016559815
26143200.0,900,iso13790,native,True,20.000000000000004,65.47816984958368,0.0,15.0,2460.377029503797
26146800.0,900,iso13790,native,True,20.602589731502878,0.0,0.0,15.600000000000023,3294.5209283248964
26150400.0,900,iso13790,native,True,21.025193706520962,0.0,0.0,15.0,2876.63914426007
26154000.0,900,iso13790,native,True,20.758800779254017,0.0,0.0,11.700000000000045,1651.931797800949
26157600.0,900,iso13790,native,True,20.192509820028256,0.0,0.0,10.600000000000023,-101.56212000000002
26161200.0,900,iso13790,native,True,20.000000000000004,41.930679488782054,0.0,9.400000000000034,-101.56212000000002
26164800.0,900,iso13790,native,True,20.0,106.35623385578081,0.0,9.400000000000034,-101.56212000000002
26168400.0,900,iso13790,native,True,20.000000000000004,212.90242726944047,0.0,7.800000000000011,-101.56212000000002
26172000.0,900,iso13790,native,True,20.0,325.28064357782284,0.0,6.100000000000023,-101.56212000000002
26175600.0,900,iso13790,native,True,20.0,390.53237968882564,0.0,6.100000000000023,-101.56212000000002
26179200.0,900,iso13790,native,True,20.000000000000004,450.5453840988793,0.0,6.100000000000023,-101.56212000000002
26182800.0,900,iso13790,native,True,20.000000000000004,555.9891039126961,0.0,4.400000000000034,-101.56212000000002
26186400.0,900,iso13790,native,True,20.000000000000004,614.8630791622585,0.0,4.400000000000034,-101.56212000000002
26190000.0,900,iso13790,native,True,19.999999999999996,716.3034016533297,0.0,2.8000000000000114,-101.56212000000002
26193600.0,900,iso13790,native,True,20.000000000000004,773.7368157325715,0.0,2.8000000000000114,-101.56212000000002
26197200.0,900,iso13790,native,True,19.999999999999996,844.2940819225032,0.0,2.2000000000000455,-101.56212000000002
26200800.0,900,iso13790,native,True,20.000000000000004,878.003230112417,0.0,2.8000000000000114,-101.56212000000002
26204400.0,900,iso13790,native,True,19.999999999999996,874.3234080713065,0.0,4.400000000000034,-93.23727508028357
26208000.0,900,iso13790,native,True,20.000000000000007,843.5266192633476,0.0,4.400000000000034,538.5474512759222
26211600.0,900,iso13790,native,True,19.999999999999993,801.6321336398703,0.0,5.0,747.4945124111699
26215200.0,900,iso13790,native,True,19.999999999999993,765.9782177567213,0.0,5.0,935.2813886461574
26218800.0,900,iso13790,native,True,19.99999999999999,787.5005230970891,0.0,5.0,470.2063319999999
26222400.0,900,iso13790,native,True,19.999999999999996,764.0730206072122,0.0,6.0,421.65995399999997
26226000.0,900,iso13790,native,True,19.999999999999993,764.6333642453453,0.0,6.0,405.47782800000004
26229600.0,900,iso13790,native,True,20.0,768.7235840771093,0.0,5.600000000000023,480.994416
26233200.0,900,iso13790,native,True,19.999999999999996,769.1310032706787,0.0,6.100000000000023,308.385072
26236800.0,900,iso13790,native,True,20.0,763.1525914312127,0.0,6.7000000000000455,238.262526
26240400.0,900,iso13790,native,True,19.999999999999996,815.9090525956229,0.0,6.100000000000023,-58.40978400000001
26244000.0,900,iso13790,native,True,19.999999999999993,858.271090259619,0.0,5.600000000000023,-101.56212000000002
26247600.0,900,iso13790,native,True,19.999999999999996,884.3036775326201,0.0,5.600000000000023,-101.56212000000002
26251200.0,900,iso13790,native,True,20.00000000000001,958.4950959512385,0.0,3.900000000000034,-101.56212000000002
26254800.0,900,iso13790,native,True,20.000000000000004,1021.1398244868424,0.0,2.8000000000000114,-101.56212000000002
26258400.0,900,iso13790,native,True,20.000000000000007,1101.392505527472,0.0,1.2000000000000455,-101.56212000000002
26262000.0,900,iso13790,native,True,20.000000000000007,1183.676552419472,0.0,-0.2999999999999545,-101.56212000000002
26265600.0,900,iso13790,native,True,19.999999999999996,1273.026115767301,0.0,-1.8999999999999773,-101.56212000000002
26269200.0,900,iso13790,native,True,20.000000000000004,1363.6767023187385,0.0,-3.3999999999999773,-101.56212000000002
26272800.0,900,iso13790,native,True,20.0,1460.721098193698,0.0,-5.0,-101.56212000000002
26276400.0,900,iso13790,native,True,19.99999999999999,1561.4045531563454,0.0,-6.599999999999966,-101.56212000000002
26280000.0,900,iso13790,native,True,19.999999999999996,1668.3907206169094,0.0,-8.299999999999955,-101.56212000000002
26283600.0,900,iso13790,native,True,19.999999999999993,1728.6833081968605,0.0,-8.299999999999955,-101.56212000000002
26287200.0,900,iso13790,native,True,19.999999999999996,1784.1353090167909,0.0,-8.299999999999955,-101.56212000000002
26290800.0,900,iso13790,native,True,20.0,1834.8832683764995,0.0,-8.299999999999955,-99.0583035691169
26294400.0,900,iso13790,native,True,20.0,1819.1432372785084,0.0,-7.7999999999999545,375.06884990855673
26298000.0,900,iso13790,native,True,20.0,1819.3043187490812,0.0,-6.699999999999989,205.898274
26301600.0,900,iso13790,native,True,19.999999999999993,1801.1610022161046,0.0,-6.099999999999966,389.295702
26305200.0,900,iso13790,native,True,20.000000000000018,1720.5901766268635,0.0,-5.0,907.123734
26308800.0,900,iso13790,native,True,20.00000000000001,1667.617481362552,0.0,-3.2999999999999545,648.2097180000001
26312400.0,900,iso13790,native,True,19.999999999999993,1718.1024968549493,0.0,-5.0,437.84207999999995
26316000.0,900,iso13790,native,True,20.00000000000001,1733.7177443898736,0.0,-6.099999999999966,605.057382
26319600.0,900,iso13790,native,True,20.000000000000007,1771.7234445333092,0.0,-6.699999999999989,367.719534
26323200.0,900,iso13790,native,True,20.00000000000001,1794.6234753045771,0.0,-6.699999999999989,259.838694
26326800.0,900,iso13790,native,True,20.00000000000001,1853.8571219650416,0.0,-7.199999999999989,-15.25744800000001
26330400.0,900,iso13790,native,True,20.00000000000001,1894.8438422837662,0.0,-7.199999999999989,-101.56212000000002
26334000.0,900,iso13790,native,True,19.999999999999996,1929.0973491278924,0.0,-7.199999999999989,-101.56212000000002
26337600.0,900,iso13790,native,True,20.00000000000001,1945.8217399907246,0.0,-6.699999999999989,-101.56212000000002
26341200.0,900,iso13790,native,True,20.000000000000007,1972.4105323393721,0.0,-6.699999999999989,-101.56212000000002
26344800.0,900,iso13790,native,True,19.999999999999996,1996.8646450968147,0.0,-6.699999999999989,-101.56212000000002
26348400.0,900,iso13790,native,True,20.0,2019.3554608853776,0.0,-6.699999999999989,-101.56212000000002
26352000.0,900,iso13790,native,True,20.000000000000007,2022.3057125853454,0.0,-6.099999999999966,-101.56212000000002
26355600.0,900,iso13790,native,True,20.0,2038.4676453433058,0.0,-6.099999999999966,-101.56212000000002
26359200.0,900,iso13790,native,True,19.999999999999993,2053.332018303873,0.0,-6.099999999999966,-101.56212000000002
26362800.0,900,iso13790,native,True,20.000000000000007,2067.003005977183,0.0,-6.099999999999966,-101.56212000000002
26366400.0,900,iso13790,native,True,19.999999999999993,2079.5764192290826,0.0,-6.099999999999966,-101.56212000000002
26370000.0,900,iso13790,native,True,20.000000000000004,2091.14037675586,0.0,-6.099999999999966,-101.56212000000002
26373600.0,900,iso13790,native,True,19.999999999999993,2101.775922649555,0.0,-6.099999999999966,-101.56212000000002
26377200.0,900,iso13790,native,True,19.999999999999986,2111.5575943821796,0.0,-6.099999999999966,-101.56212000000002
26380800.0,900,iso13790,native,True,20.000000000000007,2090.569050154199,0.0,-5.599999999999966,49.471055999999976
26384400.0,900,iso13790,native,True,19.999999999999993,2028.4032733616812,0.0,-5.0,470.2063319999999
26388000.0,900,iso13790,native,True,20.000000000000007,1966.8897698705637,0.0,-4.399999999999977,637.4216339999999
26391600.0,900,iso13790,native,True,19.999999999999993,1947.2684627903016,0.0,-4.399999999999977,470.2063319999999
26395200.0,900,iso13790,native,True,19.999999999999993,1914.4064443917243,0.0,-4.399999999999977,551.116962
26398800.0,900,iso13790,native,True,20.0,1873.290496143172,0.0,-4.399999999999977,691.3620540000001
26402400.0,900,iso13790,native,True,20.000000000000004,1785.8394477066156,0.0,-3.8999999999999773,1093.1476092547828
26406000.0,900,iso13790,native,True,20.000000000000004,1688.228811655193,0.0,-2.7999999999999545,1211.3505978803196
26409600.0,900,iso13790,native,True,19.999999999999993,1607.4086048471893,0.0,-2.7999999999999545,1414.1431012823336
26413200.0,900,iso13790,native,True,20.000000000000004,1598.1475274756149,0.0,-3.8999999999999773,1171.118924665712
26416800.0,900,iso13790,native,True,19.999999999999996,1683.412190894994,0.0,-3.8999999999999773,-101.56212000000002
26420400.0,900,iso13790,native,True,20.00000000000001,1693.3306682959637,0.0,-3.2999999999999545,-101.56212000000002
26424000.0,900,iso13790,native,True,19.999999999999993,1715.901383174495,0.0,-3.2999999999999545,-101.56212000000002
26427600.0,900,iso13790,native,True,19.999999999999996,1736.6600095693452,0.0,-3.2999999999999545,-101.56212000000002
26431200.0,900,iso13790,native,True,19.999999999999996,1755.7520308952048,0.0,-3.2999999999999545,-101.56212000000002
26434800.0,900,iso13790,native,True,20.00000000000001,1823.5601062854394,0.0,-5.0,-101.56212000000002
26438400.0,900,iso13790,native,True,19.999999999999982,1865.5549028541868,0.0,-5.599999999999966,-101.56212000000002
26442000.0,900,iso13790,native,True,19.999999999999993,1855.259827276469,0.0,-4.399999999999977,-101.56212000000002
26445600.0,900,iso13790,native,True,19.999999999999996,1872.6883748968546,0.0,-4.399999999999977,-101.56212000000002
26449200.0,900,iso13790,native,True,20.00000000000001,1906.4525629204888,0.0,-5.0,-101.56212000000002
26452800.0,900,iso13790,native,True,20.0,1906.3225630071609,0.0,-4.399999999999977,-101.56212000000002
26456400.0,900,iso13790,native,True,19.999999999999993,1919.6515419669552,0.0,-4.399999999999977,-101.56212000000002
26460000.0,900,iso13790,native,True,20.0,1999.8941507986776,0.0,-6.699999999999989,-101.56212000000002
26463600.0,900,iso13790,native,True,20.000000000000007,2054.655708451865,0.0,-7.7999999999999545,-101.56212000000002
26467200.0,900,iso13790,native,True,20.000000000000004,2021.7839925321562,0.0,-6.699999999999989,157.35189599999995
26470800.0,900,iso13790,native,True,19.999999999999986,1989.1332812136661,0.0,-5.599999999999966,205.898274
26474400.0,900,iso13790,native,True,20.00000000000001,1891.5288649598642,0.0,-2.7999999999999545,319.173156
26478000.0,900,iso13790,native,True,20.00000000000001,1800.3258184053734,0.0,-1.099999999999966,502.570584
26481600.0,900,iso13790,native,True,19.999999999999993,1701.6544435088476,0.0,0.0,777.6667259999999
26485200.0,900,iso13790,native,True,19.999999999999996,1542.048531547497,0.0,1.1000000000000227,1492.528501978829
26488800.0,900,iso13790,native,True,20.00000000000001,1436.8194475742125,0.0,1.7000000000000455,1431.6708434417471
26492400.0,900,iso13790,native,True,19.999999999999993,1346.7648247268241,0.0,2.2000000000000455,1327.5353036413608
26496000.0,900,iso13790,native,True,20.000000000000004,1215.184870270401,0.0,1.1000000000000227,2204.8074396467055
26499600.0,900,iso13790,native,True,19.99999999999999,1302.4109661042812,0.0,-3.2999999999999545,1530.8955755842399
26503200.0,900,iso13790,native,True,20.000000000000004,1439.2184526867977,0.0,-3.8999999999999773,-101.56212000000002
26506800.0,900,iso13790,native,True,20.000000000000007,1468.742009642256,0.0,-3.2999999999999545,-101.56212000000002
26510400.0,900,iso13790,native,True,20.00000000000001,1559.592667290688,0.0,-5.0,-101.56212000000002
26514000.0,900,iso13790,native,True,20.000000000000004,1637.5591490385955,0.0,-6.099999999999966,-101.56212000000002
26517600.0,900,iso13790,native,True,19.99999999999998,1717.124402009537,0.0,-7.199999999999989,-101.56212000000002
26521200.0,900,iso13790,native,True,20.00000000000002,1750.867028156164,0.0,-6.699999999999989,-101.56212000000002
26524800.0,900,iso13790,native,True,20.000000000000018,1793.1077477945296,0.0,-6.699999999999989,-101.56212000000002
26528400.0,900,iso13790,native,True,20.000000000000018,1781.708317956738,0.0,-5.0,-101.56212000000002
26532000.0,900,iso13790,native,True,20.00000000000001,1809.3282925305223,0.0,-5.0,-101.56212000000002
26535600.0,900,iso13790,native,True,19.99999999999999,1802.216833562992,0.0,-3.8999999999999773,-101.56212000000002
26539200.0,900,iso13790,native,True,19.999999999999993,1787.8180121389405,0.0,-2.7999999999999545,-101.56212000000002
26542800.0,900,iso13790,native,True,19.999999999999996,1846.5239000573677,0.0,-4.399999999999977,-101.56212000000002
26546400.0,900,iso13790,native,True,20.0,1914.9026669138646,0.0,-6.099999999999966,-101.56212000000002
26550000.0,900,iso13790,native,True,19.999999999999996,1907.17348117307,0.0,-5.0,-101.56212000000002
26553600.0,900,iso13790,native,True,19.999999999999993,1870.0571829002117,0.0,-4.399999999999977,265.23273599999993
26557200.0,900,iso13790,native,True,20.00000000000001,1806.5053887311758,0.0,-3.2999999999999545,513.3586680000001
26560800.0,900,iso13790,native,True,20.0,1762.5855025143055,0.0,-2.1999999999999886,389.295702
26564400.0,900,iso13790,native,True,20.000000000000004,1674.0854583630983,0.0,-1.099999999999966,739.908432
26568000.0,900,iso13790,native,True,19.999999999999986,1587.0567047643792,0.0,0.6000000000000227,680.5739699999999
26571600.0,900,iso13790,native,True,20.000000000000007,1391.4105005639847,0.0,2.8000000000000114,1537.8958959552076
26575200.0,900,iso13790,native,True,19.999999999999996,1237.0491543753083,0.0,2.8000000000000114,2113.305953090983
26578800.0,900,iso13790,native,True,19.999999999999993,1093.4392176115261,0.0,2.2000000000000455,2533.7409492691254
26582400.0,900,iso13790,native,True,19.99999999999999,1058.3066564837684,0.0,1.1000000000000227,1926.7449317299709
26586000.0,900,iso13790,native,True,20.000000000000004,1175.9032698817703,0.0,1.1000000000000227,-47.62170000000001
26589600.0,900,iso13790,native,True,19.99999999999999,1210.7340134021651,0.0,1.1000000000000227,-101.56212000000002
26593200.0,900,iso13790,native,True,20.000000000000007,1273.130715135542,0.0,0.0,-101.56212000000002
26596800.0,900,iso13790,native,True,20.0,1356.1110972405615,0.0,-1.6999999999999886,-101.56212000000002
26600400.0,900,iso13790,native,True,19.999999999999996,1394.3252024954113,0.0,-1.6999999999999886,-101.56212000000002
26604000.0,900,iso13790,native,True,20.000000000000007,1429.4712906130426,0.0,-1.6999999999999886,-101.56212000000002
26607600.0,900,iso13790,native,True,20.000000000000018,1429.2817116170959,0.0,-0.5999999999999659,-101.56212000000002
26611200.0,900,iso13790,native,True,20.000000000000007,1486.2769785428977,0.0,-1.6999999999999886,-101.56212000000002
26614800.0,900,iso13790,native,True,20.0,1496.3058335639523,0.0,-1.099999999999966,-101.56212000000002
26618400.0,900,iso13790,native,True,20.000000000000014,1518.9780644020022,0.0,-1.099999999999966,-101.56212000000002
26622000.0,900,iso13790,native,True,19.999999999999993,1539.8300565536674,0.0,-1.099999999999966,-101.56212000000002
26625600.0,900,iso13790,native,True,20.000000000000007,1559.0079477721943,0.0,-1.099999999999966,-101.56212000000002
26629200.0,900,iso13790,native,True,20.00000000000001,1691.922930090551,0.0,-5.0,-101.56212000000002
26632800.0,900,iso13790,native,True,20.000000000000007,1676.5024632719658,0.0,-3.2999999999999545,-101.56212000000002
26636400.0,900,iso13790,native,True,20.000000000000004,1667.9102640293056,0.0,-2.1999999999999886,-101.56212000000002
26640000.0,900,iso13790,native,True,19.99999999999999,1555.6693020572445,0.0,0.6000000000000227,357.63568275452053
26643600.0,900,iso13790,native,True,19.999999999999993,1447.6915352046312,0.0,2.2000000000000455,740.3559925030538
26647200.0,900,iso13790,native,True,20.000000000000007,1310.497985034784,0.0,3.900000000000034,1125.3926563035125
26650800.0,900,iso13790,native,True,20.0,1150.76340586818,0.0,6.100000000000023,1343.8158636999297
26654400.0,900,iso13790,native,True,20.000000000000007,1026.9123772784499,0.0,7.800000000000011,1192.004693902242
26658000.0,900,iso13790,native,True,19.99999999999999,903.215378214216,0.0,8.300000000000011,1460.7695706884174
26661600.0,900,iso13790,native,True,19.999999999999996,662.015433881765,0.0,9.400000000000034,2621.3712288879365
26665200.0,900,iso13790,native,True,20.000000000000004,381.20152199672725,0.0,10.0,3735.753870508581
26668800.0,900,iso13790,native,True,20.000000000000004,163.53205849773786,0.0,9.400000000000034,4083.748050489892
26672400.0,900,iso13790,native,True,20.000000000000004,233.76854976162366,0.0,6.100000000000023,2370.814071270482
26676000.0,900,iso13790,native,True,20.000000000000004,470.0155885490929,0.0,3.900000000000034,-101.56212000000002
26679600.0,900,iso13790,native,True,19.999999999999993,622.1267207416613,0.0,1.1000000000000227,-101.56212000000002
26683200.0,900,iso13790,native,True,20.000000000000007,666.7517923963082,0.0,2.2000000000000455,-101.56212000000002
26686800.0,900,iso13790,native,True,20.000000000000004,714.7149126003578,0.0,2.8000000000000114,-101.56212000000002
26690400.0,900,iso13790,native,True,20.000000000000004,757.4967831787017,0.0,3.3000000000000114,-101.56212000000002
26694000.0,900,iso13790,native,True,20.000000000000004,822.8301073031669,0.0,2.8000000000000114,-101.56212000000002
26697600.0,900,iso13790,native,True,20.000000000000007,839.1970656923664,0.0,3.900000000000034,-101.56212000000002
26701200.0,900,iso13790,native,True,20.0,896.6405541484356,0.0,3.3000000000000114,-101.56212000000002
26704800.0,900,iso13790,native,True,20.00000000000001,950.802729006793,0.0,2.8000000000000114,-101.56212000000002
26708400.0,900,iso13790,native,True,20.0,974.630303473958,0.0,3.3000000000000114,-101.56212000000002
26712000.0,900,iso13790,native,True,20.000000000000014,1007.7520007593819,0.0,3.3000000000000114,-101.56212000000002
26715600.0,900,iso13790,native,True,19.999999999999996,1005.7005590271725,0.0,4.400000000000034,-101.56212000000002
26719200.0,900,iso13790,native,True,20.0,1060.983442754289,0.0,3.3000000000000114,-101.56212000000002
26722800.0,900,iso13790,native,True,20.000000000000004,1101.9513587058682,0.0,2.8000000000000114,-101.56212000000002
26726400.0,900,iso13790,native,True,19.99999999999999,1045.7573496296457,0.0,4.0,367.2156063560212
26730000.0,900,iso13790,native,True,20.000000000000004,959.0648238649455,0.0,6.100000000000023,551.3066057973779
26733600.0,900,iso13790,native,True,19.999999999999996,847.7875064382845,0.0,8.900000000000034,583.0427763260072
26737200.0,900,iso13790,native,True,19.999999999999993,717.7716952363202,0.0,12.200000000000045,524.9994231877672
26740800.0,900,iso13790,native,True,19.999999999999996,629.3603762615944,0.0,13.900000000000034,428.024158284682
26744400.0,900,iso13790,native,True,20.000000000000004,452.4221095013835,0.0,15.0,1394.9324733074468
26748000.0,900,iso13790,native,True,20.0,199.96786523874707,0.0,15.600000000000023,2737.929108957157
26751600.0,900,iso13790,native,True,20.23088681768019,0.0,0.0,15.600000000000023,3728.4695263882695
26755200.0,900,iso13790,native,True,20.897186090274175,0.0,0.0,13.300000000000011,4201.945885539144
26758800.0,900,iso13790,native,True,20.466466374971787,0.0,0.0,8.300000000000011,2328.693375907369
26762400.0,900,iso13790,native,True,19.999999999999993,142.29469883582306,0.0,5.0,-101.56212000000002
26766000.0,900,iso13790,native,True,20.000000000000004,247.83064630153808,0.0,4.400000000000034,-101.56212000000002
26769600.0,900,iso13790,native,True,20.000000000000004,363.95907029501296,0.0,3.3000000000000114,-101.56212000000002
26773200.0,900,iso13790,native,True,20.0,378.12472458667634,0.0,5.600000000000023,-101.56212000000002
26776800.0,900,iso13790,native,True,20.0,442.7058338893114,0.0,5.600000000000023,-101.56212000000002
26780400.0,900,iso13790,native,True,20.000000000000007,537.571833320952,0.0,4.400000000000034,-101.56212000000002
26784000.0,900,iso13790,native,True,19.999999999999996,562.4546574328973,0.0,5.600000000000023,-101.56212000000002
26787600.0,900,iso13790,native,True,19.999999999999996,629.9717394850694,0.0,5.0,-101.56212000000002
26791200.0,900,iso13790,native,True,20.000000000000004,678.6196748360204,0.0,5.0,-101.56212000000002
26794800.0,900,iso13790,native,True,19.999999999999996,705.6270233307985,0.0,5.600000000000023,-101.56212000000002
26798400.0,900,iso13790,native,True,19.999999999999993,761.6495206158532,0.0,5.0,-101.56212000000002
26802000.0,900,iso13790,native,True,20.000000000000007,781.9908229464108,0.0,5.600000000000023,-101.56212000000002
26805600.0,900,iso13790,native,True,19.999999999999996,814.1475668832384,0.0,5.600000000000023,-101.56212000000002
26809200.0,900,iso13790,native,True,20.0,811.2086430238809,0.0,6.7000000000000455,-101.56212000000002
26812800.0,900,iso13790,native,True,20.000000000000004,744.0930398605643,0.0,8.300000000000011,313.3743158230071
26816400.0,900,iso13790,native,True,20.000000000000004,587.3036984631988,0.0,12.200000000000045,633.1982888465535
26820000.0,900,iso13790,native,True,20.0,426.3117460159678,0.0,15.0,972.8983947553676
26823600.0,900,iso13790,native,True,20.0,285.35952022462095,0.0,16.100000000000023,1337.242262530749
26827200.0,900,iso13790,native,True,20.000000000000004,150.2429659919503,0.0,17.80000000000001,1281.8258001727331
26830800.0,900,iso13790,native,True,20.000000000000004,138.9556204565526,0.0,16.700000000000045,839.0933299463027
26834400.0,900,iso13790,native,True,19.999999999999996,3.0983364964943765,0.0,17.200000000000045,1518.296783058801
26838000.0,900,iso13790,native,True,19.999999999999996,52.59735919589848,0.0,15.600000000000023,635.7247079057148
26841600.0,900,iso13790,native,True,20.0,96.20998223265104,0.0,15.0,124.98764399999999
26845200.0,900,iso13790,native,True,20.000000000000004,238.41315145371146,0.0,11.100000000000023,-79.98595200000001
26848800.0,900,iso13790,native,True,20.000000000000004,275.78011770527877,0.0,11.100000000000023,-101.56212000000002
26852400.0,900,iso13790,native,True,20.0,309.2864300474265,0.0,11.100000000000023,-101.56212000000002
26856000.0,900,iso13790,native,True,20.0,354.8817653713871,0.0,10.600000000000023,-101.56212000000002
26859600.0,900,iso13790,native,True,20.000000000000004,421.07914434569585,0.0,9.400000000000034,-101.56212000000002
26863200.0,900,iso13790,native,True,20.000000000000004,354.56707537125226,0.0,12.800000000000011,-101.56212000000002
26866800.0,900,iso13790,native,True,20.000000000000004,502.61500483292366,0.0,8.300000000000011,-101.56212000000002
26870400.0,900,iso13790,native,True,20.0,570.4268169635509,0.0,7.2000000000000455,-101.56212000000002
26874000.0,900,iso13790,native,True,20.000000000000004,608.1387018081113,0.0,7.2000000000000455,-101.56212000000002
26877600.0,900,iso13790,native,True,19.999999999999993,657.6019654995956,0.0,6.7000000000000455,-101.56212000000002
26881200.0,900,iso13790,native,True,20.000000000000004,724.4009213958082,0.0,5.600000000000023,-101.56212000000002
26884800.0,900,iso13790,native,True,20.00000000000001,811.4301229535287,0.0,3.900000000000034,-101.56212000000002
26888400.0,900,iso13790,native,True,20.0,770.6051670421875,0.0,6.7000000000000455,-101.56212000000002
26892000.0,900,iso13790,native,True,19.999999999999996,846.0665580117878,0.0,5.0,-101.56212000000002
26895600.0,900,iso13790,native,True,19.999999999999993,960.1281552745053,0.0,2.2000000000000455,-101.56212000000002
26899200.0,900,iso13790,native,True,20.000000000000004,715.652453733242,0.0,10.0,455.3227961856022
26902800.0,900,iso13790,native,True,20.000000000000004,741.1302068145574,0.0,8.900000000000034,249.05060999999992
26906400.0,900,iso13790,native,True,20.0,630.3355009643202,0.0,12.200000000000045,286.8089039999999
26910000.0,900,iso13790,native,True,20.0,425.666464517882,0.0,15.0,1235.1703462181945
26913600.0,900,iso13790,native,True,19.999999999999996,312.7106786156163,0.0,15.600000000000023,1310.3863003633319
26917200.0,900,iso13790,native,True,20.000000000000004,225.825362265157,0.0,17.80000000000001,658.997802
26920800.0,900,iso13790,native,True,20.0,71.87273474813223,0.0,17.80000000000001,1626.1445646761779
26924400.0,900,iso13790,native,True,20.456687474128252,0.0,0.0,15.600000000000023,3238.2708684621634
26928000.0,900,iso13790,native,True,21.126581574655024,0.0,0.0,14.400000000000034,3710.8440673023274
26931600.0,900,iso13790,native,True,20.71333082426212,0.0,0.0,12.200000000000045,1299.0851756098232
26935200.0,900,iso13790,native,True,20.158392571137156,0.0,0.0,10.600000000000023,-101.56212000000002
26938800.0,900,iso13790,native,True,20.05939931979555,0.0,0.0,11.700000000000045,-101.56212000000002
26942400.0,900,iso13790,native,True,20.0,168.0939253916784,0.0,7.2000000000000455,-101.56212000000002
26946000.0,900,iso13790,native,True,20.000000000000004,270.62104773479325,0.0,6.100000000000023,-101.56212000000002
26949600.0,900,iso13790,native,True,19.999999999999996,275.2331951091013,0.0,8.300000000000011,-101.56212000000002
26953200.0,900,iso13790,native,True,20.000000000000004,296.27241103448625,0.0,9.400000000000034,-101.56212000000002
26956800.0,900,iso13790,native,True,20.000000000000004,405.3060859081343,0.0,7.2000000000000455,-101.56212000000002
26960400.0,900,iso13790,native,True,19.999999999999996,456.2746786936508,0.0,7.2000000000000455,-101.56212000000002
26964000.0,900,iso13790,native,True,20.000000000000004,503.1512610792606,0.0,7.2000000000000455,-101.56212000000002
26967600.0,900,iso13790,native,True,19.999999999999993,496.0155040274497,0.0,8.900000000000034,-101.56212000000002
26971200.0,900,iso13790,native,True,20.000000000000004,545.2917329731034,0.0,8.300000000000011,-101.56212000000002
26974800.0,900,iso13790,native,True,19.999999999999993,642.1912121044305,0.0,6.100000000000023,-101.56212000000002
26978400.0,900,iso13790,native,True,20.000000000000004,696.7788775702518,0.0,5.600000000000023,-101.56212000000002
26982000.0,900,iso13790,native,True,19.999999999999993,720.9977821571075,0.0,6.100000000000023,-101.56212000000002
26985600.0,900,iso13790,native,True,20.000000000000004,628.1687354756705,0.0,8.900000000000034,330.9806752532195
26989200.0,900,iso13790,native,True,20.000000000000004,530.1225142164463,0.0,11.100000000000023,605.6717151356379
26992800.0,900,iso13790,native,True,19.999999999999993,371.1822204316622,0.0,13.900000000000034,1065.2658262129985
26996400.0,900,iso13790,native,True,20.000000000000004,259.32730380007087,0.0,14.400000000000034,1382.9956575019464
27000000.0,900,iso13790,native,True,20.0,234.10086836980614,0.0,12.200000000000045,1494.843793193945
27003600.0,900,iso13790,native,True,19.999999999999996,220.6497856535085,0.0,10.0,1598.4214248136725
27007200.0,900,iso13790,native,True,20.000000000000004,214.16426629908057,0.0,8.300000000000011,1590.3113455007633
27010800.0,900,iso13790,native,True,20.000000000000007,130.96802173506117,0.0,10.0,1476.6314109033153
27014400.0,900,iso13790,native,True,20.000000000000004,188.72653371168153,0.0,7.800000000000011,1122.258605702295
27018000.0,900,iso13790,native,True,19.999999999999996,309.7720183929224,0.0,6.7000000000000455,140.35252203847665
27021600.0,900,iso13790,native,True,20.0,414.1461858744578,0.0,5.600000000000023,-101.56212000000002
27025200.0,900,iso13790,native,True,20.000000000000004,511.30509492567893,0.0,4.400000000000034,-101.56212000000002
27028800.0,900,iso13790,native,True,20.0,588.5455983924348,0.0,3.900000000000034,-101.56212000000002
27032400.0,900,iso13790,native,True,20.00000000000001,666.112624793921,0.0,3.3000000000000114,-101.56212000000002
27036000.0,900,iso13790,native,True,20.0,724.0036453178063,0.0,3.3000000000000114,-101.56212000000002
27039600.0,900,iso13790,native,True,19.999999999999996,759.5119984494919,0.0,3.900000000000034,-101.56212000000002
27043200.0,900,iso13790,native,True,20.000000000000004,823.3529977265396,0.0,3.3000000000000114,-101.56212000000002
27046800.0,900,iso13790,native,True,19.999999999999986,915.91302518249,0.0,1.7000000000000455,-101.56212000000002
27050400.0,900,iso13790,native,True,19.999999999999996,1047.9419195714468,0.0,-1.099999999999966,-101.56212000000002
27054000.0,900,iso13790,native,True,20.000000000000004,991.3342332810336,0.0,2.8000000000000114,-101.56212000000002
27057600.0,900,iso13790,native,True,19.999999999999996,1076.9356694649919,0.0,1.1000000000000227,-101.56212000000002
27061200.0,900,iso13790,native,True,19.999999999999993,1132.3394728788019,0.0,0.6000000000000227,-101.56212000000002
27064800.0,900,iso13790,native,True,19.999999999999993,1172.0880670764586,0.0,0.6000000000000227,-101.56212000000002
27068400.0,900,iso13790,native,True,20.000000000000004,1208.645447784608,0.0,0.6000000000000227,-101.56212000000002
27072000.0,900,iso13790,native,True,20.000000000000004,1131.1084293094914,0.0,2.8000000000000114,356.6427754616991
27075600.0,900,iso13790,native,True,19.999999999999993,995.4528607190215,0.0,6.100000000000023,698.227636270858
27079200.0,900,iso13790,native,True,19.999999999999996,896.5701424647548,0.0,6.7000000000000455,1135.0210134245003
27082800.0,900,iso13790,native,True,19.999999999999993,798.2847955678451,0.0,7.2000000000000455,1367.7822146007625
27086400.0,900,iso13790,native,True,20.0,717.1254896763252,0.0,7.2000000000000455,1479.5883665217239
27090000.0,900,iso13790,native,True,20.000000000000004,603.9208128459759,0.0,8.300000000000011,1583.9510654127528
27093600.0,900,iso13790,native,True,20.000000000000004,509.2423358814445,0.0,8.900000000000034,1600.3012230916145
27097200.0,900,iso13790,native,True,20.0,453.66073185813167,0.0,8.900000000000034,1427.5249522057345
27100800.0,900,iso13790,native,True,20.0,451.32810564850683,0.0,8.300000000000011,1050.6469772393284
27104400.0,900,iso13790,native,True,20.000000000000004,575.8129301287843,0.0,6.100000000000023,155.87923971064907
27108000.0,900,iso13790,native,True,19.999999999999996,663.733710956348,0.0,5.0,-101.56212000000002
27111600.0,900,iso13790,native,True,20.000000000000004,742.1850340098706,0.0,3.900000000000034,-101.56212000000002
27115200.0,900,iso13790,native,True,19.999999999999993,807.417127582654,0.0,3.3000000000000114,-101.56212000000002
27118800.0,900,iso13790,native,True,19.999999999999996,901.2565654126556,0.0,1.7000000000000455,-101.56212000000002
27122400.0,900,iso13790,native,True,20.000000000000004,936.9202561489615,0.0,2.2000000000000455,-101.56212000000002
27126000.0,900,iso13790,native,True,20.00000000000001,1045.9557389168358,0.0,0.0,-101.56212000000002
27129600.0,900,iso13790,native,True,20.000000000000007,1096.9259944498963,0.0,0.0,-101.56212000000002
27133200.0,900,iso13790,native,True,20.0,1126.0692157909298,0.0,0.6000000000000227,-101.56212000000002
27136800.0,900,iso13790,native,True,20.000000000000004,1184.056107499512,0.0,0.0,-101.56212000000002
27140400.0,900,iso13790,native,True,19.999999999999986,1241.6738735627528,0.0,-0.5999999999999659,-101.56212000000002
27144000.0,900,iso13790,native,True,19.999999999999996,1313.7312244596267,0.0,-1.6999999999999886,-101.56212000000002
27147600.0,900,iso13790,native,True,20.00000000000002,1370.1268704952415,0.0,-2.1999999999999886,-101.56212000000002
27151200.0,900,iso13790,native,True,20.000000000000007,1363.4946364934967,0.0,-0.5999999999999659,-101.56212000000002
27154800.0,900,iso13790,native,True,20.0,1408.0367244820761,0.0,-1.099999999999966,-101.56212000000002
27158400.0,900,iso13790,native,True,19.999999999999996,1279.3991101664237,0.0,2.8000000000000114,326.7285685425927
27162000.0,900,iso13790,native,True,20.000000000000007,1212.891360111436,0.0,3.900000000000034,527.2019403871577
27165600.0,900,iso13790,native,True,19.999999999999986,1149.2274020492434,0.0,4.400000000000034,729.519094841012
27169200.0,900,iso13790,native,True,20.000000000000018,1135.2052574323438,0.0,3.900000000000034,625.4835827959439
27172800.0,900,iso13790,native,True,20.000000000000004,1046.3164536727948,0.0,5.600000000000023,728.6493402992578
27176400.0,900,iso13790,native,True,20.00000000000001,949.8826402834306,0.0,4.400000000000034,1646.1285671291655
27180000.0,900,iso13790,native,True,20.000000000000004,852.3963894534364,0.0,5.0,1653.6760383339058
27183600.0,900,iso13790,native,True,20.000000000000004,812.2485473227368,0.0,4.400000000000034,1474.6188657603334
27187200.0,900,iso13790,native,True,20.00000000000001,882.8132246047559,0.0,3.900000000000034,349.24537718512187
27190800.0,900,iso13790,native,True,20.0,951.1739359627378,0.0,1.1000000000000227,579.726116008254
27194400.0,900,iso13790,native,True,19.999999999999993,1029.0712651654128,0.0,1.1000000000000227,-101.56212000000002
27198000.0,900,iso13790,native,True,20.000000000000007,1106.052749692163,0.0,0.0,-101.56212000000002
27201600.0,900,iso13790,native,True,20.000000000000014,1169.9330106357104,0.0,-0.5999999999999659,-101.56212000000002
27205200.0,900,iso13790,native,True,19.999999999999993,1247.7500723888522,0.0,-1.6999999999999886,-101.56212000000002
27208800.0,900,iso13790,native,True,20.000000000000004,1276.9290456944732,0.0,-1.099999999999966,-101.56212000000002
27212400.0,900,iso13790,native,True,20.0,1334.9488190233158,0.0,-1.6999999999999886,-101.56212000000002
27216000.0,900,iso13790,native,True,19.999999999999996,1454.6689428527818,0.0,-4.399999999999977,-101.56212000000002
27219600.0,900,iso13790,native,True,19.999999999999982,1456.9658646894209,0.0,-2.7999999999999545,-101.56212000000002
27223200.0,900,iso13790,native,True,19.999999999999986,1494.9411565292862,0.0,-2.7999999999999545,-101.56212000000002
27226800.0,900,iso13790,native,True,19.999999999999986,1544.646679601336,0.0,-3.2999999999999545,-101.56212000000002
27230400.0,900,iso13790,native,True,20.000000000000007,1596.8893698495729,0.0,-3.8999999999999773,-101.56212000000002
27234000.0,900,iso13790,native,True,20.00000000000001,1631.4892170219762,0.0,-3.8999999999999773,-101.56212000000002
27237600.0,900,iso13790,native,True,20.000000000000007,1695.8251830967838,0.0,-5.0,-101.56212000000002
27241200.0,900,iso13790,native,True,19.999999999999993,1697.8263144293114,0.0,-3.8999999999999773,-101.56212000000002
27244800.0,900,iso13790,native,True,20.000000000000004,1598.2141131380506,0.0,-1.099999999999966,328.9710716970984
27248400.0,900,iso13790,native,True,20.000000000000004,1461.9476118081943,0.0,2.2000000000000455,597.5792367093657
27252000.0,900,iso13790,native,True,19.999999999999993,1305.3960858498483,0.0,5.600000000000023,750.6297337819127
27255600.0,900,iso13790,native,True,20.000000000000004,1211.7008257212726,0.0,7.2000000000000455,598.9872962227711
27259200.0,900,iso13790,native,True,19.999999999999986,1108.718620879977,0.0,8.900000000000034,562.9750787088655
27262800.0,900,iso13790,native,True,19.999999999999993,939.2918273173636,0.0,9.400000000000034,1522.474693520271
27266400.0,900,iso13790,native,True,19.999999999999993,660.5321384170162,0.0,11.100000000000023,2735.9089096301987
27270000.0,900,iso13790,native,True,19.999999999999996,407.96339032243316,0.0,10.600000000000023,3704.0889161495643
27273600.0,900,iso13790,native,True,20.000000000000004,186.2353066307682,0.0,10.600000000000023,3871.4461541769847
27277200.0,900,iso13790,native,True,20.000000000000004,319.065228848777,0.0,8.300000000000011,1268.1426764975652
27280800.0,900,iso13790,native,True,20.000000000000004,539.0121416738422,0.0,4.400000000000034,-101.56212000000002
27284400.0,900,iso13790,native,True,20.000000000000004,599.2491113135499,0.0,4.400000000000034,-101.56212000000002
27288000.0,900,iso13790,native,True,20.000000000000004,604.4011036303743,0.0,6.100000000000023,-101.56212000000002
27291600.0,900,iso13790,native,True,20.0,762.520457369106,0.0,2.2000000000000455,-101.56212000000002
27295200.0,900,iso13790,native,True,20.000000000000004,788.0157208290167,0.0,3.3000000000000114,-101.56212000000002
27298800.0,900,iso13790,native,True,19.999999999999996,803.6057930875145,0.0,4.400000000000034,-101.56212000000002
27302400.0,900,iso13790,native,True,20.0,807.13009677347,0.0,5.600000000000023,-101.56212000000002
27306000.0,900,iso13790,native,True,20.000000000000004,822.4894603774638,0.0,6.100000000000023,-101.56212000000002
27309600.0,900,iso13790,native,True,20.0,815.3088510511715,0.0,7.2000000000000455,-101.56212000000002
27313200.0,900,iso13790,native,True,20.000000000000004,848.1394717968221,0.0,6.7000000000000455,-101.56212000000002
27316800.0,900,iso13790,native,True,20.000000000000004,834.6132043890376,0.0,7.800000000000011,-101.56212000000002
27320400.0,900,iso13790,native,True,20.000000000000007,832.0494773322642,0.0,8.300000000000011,-101.56212000000002
27324000.0,900,iso13790,native,True,20.000000000000007,840.8986971459868,0.0,8.300000000000011,-101.56212000000002
27327600.0,900,iso13790,native,True,19.999999999999996,914.065388974926,0.0,6.100000000000023,-101.56212000000002
27331200.0,900,iso13790,native,True,20.000000000000004,996.3451889403946,0.0,3.3000000000000114,81.83530799999998
27334800.0,900,iso13790,native,True,20.000000000000007,971.0272916963703,0.0,4.400000000000034,211.29231599999997
27338400.0,900,iso13790,native,True,20.0,799.6557016640598,0.0,7.800000000000011,980.1560693051302
27342000.0,900,iso13790,native,True,20.000000000000004,649.1561657566742,0.0,11.100000000000023,1002.227559064703
27345600.0,900,iso13790,native,True,20.000000000000007,557.1150013443207,0.0,11.700000000000045,1108.8734974708698
27349200.0,900,iso13790,native,True,20.0,532.2003838630408,0.0,11.700000000000045,691.3620540000001
27352800.0,900,iso13790,native,True,19.999999999999996,359.62643219840237,0.0,13.300000000000011,1542.7091499522853
27356400.0,900,iso13790,native,True,20.00000000000001,454.7832803938752,0.0,11.700000000000045,184.32210599999996
27360000.0,900,iso13790,native,True,19.999999999999993,516.0786251142495,0.0,10.0,49.471055999999976
27363600.0,900,iso13790,native,True,20.000000000000004,558.6519370594458,0.0,9.400000000000034,-69.19786800000001
27367200.0,900,iso13790,native,True,20.000000000000004,565.1486400206724,0.0,10.0,-101.56212000000002
27370800.0,900,iso13790,native,True,20.000000000000004,648.3092545947176,0.0,7.800000000000011,-101.56212000000002
27374400.0,900,iso13790,native,True,20.0,693.2168944659476,0.0,7.2000000000000455,-101.56212000000002
27378000.0,900,iso13790,native,True,20.000000000000004,735.8496605875629,0.0,6.7000000000000455,-101.56212000000002
27381600.0,900,iso13790,native,True,19.999999999999996,843.6595457957113,0.0,4.0,-101.56212000000002
27385200.0,900,iso13790,native,True,20.000000000000004,902.9861879452911,0.0,3.3000000000000114,-101.56212000000002
27388800.0,900,iso13790,native,True,20.0,956.6389039767171,0.0,2.8000000000000114,-101.56212000000002
27392400.0,900,iso13790,native,True,20.0,994.7769967369449,0.0,2.8000000000000114,-101.56212000000002
27396000.0,900,iso13790,native,True,20.000000000000004,1029.8531750185014,0.0,2.8000000000000114,-101.56212000000002
27399600.0,900,iso13790,native,True,20.00000000000001,1062.113264440765,0.0,2.8000000000000114,-101.56212000000002
27403200.0,900,iso13790,native,True,19.999999999999996,1156.811285622691,0.0,0.6000000000000227,-101.56212000000002
27406800.0,900,iso13790,native,True,19.999999999999996,1179.816086560346,0.0,1.1000000000000227,-101.56212000000002
27410400.0,900,iso13790,native,True,20.000000000000007,1212.1810666394845,0.0,1.1000000000000227,-101.56212000000002
27414000.0,900,iso13790,native,True,19.999999999999993,1224.212735945069,0.0,1.7000000000000455,-101.56212000000002
27417600.0,900,iso13790,native,True,19.999999999999986,1234.9641059846676,0.0,1.1000000000000227,211.29231599999997
27421200.0,900,iso13790,native,True,20.000000000000007,1152.407122681309,0.0,3.3000000000000114,473.99067053789025
27424800.0,900,iso13790,native,True,19.999999999999993,1066.1305465283197,0.0,4.400000000000034,847.6921995706173
27428400.0,900,iso13790,native,True,20.000000000000004,1033.1658642977056,0.0,4.400000000000034,779.9222660896222
27432000.0,900,iso13790,native,True,20.000000000000004,916.1750311731984,0.0,6.7000000000000455,938.7017244540003
27435600.0,900,iso13790,native,True,19.99999999999999,810.290562493144,0.0,6.100000000000023,1672.7937085270312
27439200.0,900,iso13790,native,True,20.000000000000004,671.6824029570446,0.0,7.2000000000000455,1916.581407612456
27442800.0,900,iso13790,native,True,19.999999999999996,454.8872211705743,0.0,6.7000000000000455,3291.9901224023224
27446400.0,900,iso13790,native,True,20.000000000000004,405.6304459647074,0.0,5.600000000000023,2557.349416931496
27450000.0,900,iso13790,native,True,20.000000000000004,542.9210912608637,0.0,2.8000000000000114,1029.819551930087
27453600.0,900,iso13790,native,True,20.0,691.9180122069234,0.0,1.7000000000000455,-101.56212000000002
27457200.0,900,iso13790,native,True,19.999999999999996,791.6814768666014,0.0,0.6000000000000227,-101.56212000000002
27460800.0,900,iso13790,native,True,20.000000000000004,876.5146680411771,0.0,0.0,-101.56212000000002
27464400.0,900,iso13790,native,True,19.999999999999996,923.3535994387448,0.0,0.6000000000000227,-101.56212000000002
27468000.0,900,iso13790,native,True,20.000000000000018,997.6155021884957,0.0,0.0,-101.56212000000002
27471600.0,900,iso13790,native,True,20.000000000000004,1052.466750713824,0.0,0.0,-101.56212000000002
27475200.0,900,iso13790,native,True,20.000000000000004,1102.9142700571838,0.0,0.0,-101.56212000000002
27478800.0,900,iso13790,native,True,19.999999999999993,1149.3116133505307,0.0,0.0,-101.56212000000002
27482400.0,900,iso13790,native,True,20.000000000000018,1209.7188390324804,0.0,-0.5999999999999659,-101.56212000000002
27486000.0,900,iso13790,native,True,19.999999999999996,1234.0928421048388,0.0,0.0,-101.56212000000002
27489600.0,900,iso13790,native,True,20.000000000000014,1269.9585216474786,0.0,0.0,-101.56212000000002
27493200.0,900,iso13790,native,True,20.000000000000004,1302.9447272696552,0.0,0.0,-101.56212000000002
27496800.0,900,iso13790,native,True,20.000000000000004,1283.0337815156954,0.0,1.7000000000000455,-101.56212000000002
27500400.0,900,iso13790,native,True,19.999999999999996,1302.8255867156527,0.0,1.7000000000000455,-101.56212000000002
27504000.0,900,iso13790,native,True,19.999999999999982,1307.9948482111342,0.0,1.7000000000000455,27.89488799999998
27507600.0,900,iso13790,native,True,19.999999999999996,1254.0934293779596,0.0,1.7000000000000455,661.7884429647072
27511200.0,900,iso13790,native,True,20.000000000000004,1209.5192119010433,0.0,2.8000000000000114,540.328878
27514800.0,900,iso13790,native,True,20.0,1112.0460633942184,0.0,3.3000000000000114,1151.275224249026
27518400.0,900,iso13790,native,True,19.999999999999996,1048.0565043160752,0.0,5.0,750.696516
27522000.0,900,iso13790,native,True,19.999999999999996,1020.0314613389712,0.0,4.400000000000034,840.4209411550532
27525600.0,900,iso13790,native,True,20.0,795.2809799702115,0.0,5.600000000000023,2366.4254764404986
27529200.0,900,iso13790,native,True,20.000000000000004,682.7336711579636,0.0,2.8000000000000114,3124.9915927274847
27532800.0,900,iso13790,native,True,20.000000000000004,513.2337382779826,0.0,2.8000000000000114,3457.603964871927
27536400.0,900,iso13790,native,True,19.999999999999996,729.8113069680026,0.0,1.7000000000000455,212.74885473891982
27540000.0,900,iso13790,native,True,20.000000000000004,791.7769841535246,0.0,2.2000000000000455,-101.56212000000002
27543600.0,900,iso13790,native,True,19.999999999999993,912.4652857657637,0.0,0.0,-101.56212000000002
27547200.0,900,iso13790,native,True,20.000000000000004,991.8877045831244,0.0,-0.5999999999999659,-101.56212000000002
27550800.0,900,iso13790,native,True,20.00000000000001,1051.4851574546071,0.0,-0.5999999999999659,-101.56212000000002
27554400.0,900,iso13790,native,True,19.99999999999999,1121.0769076630102,0.0,-1.099999999999966,-101.56212000000002
27558000.0,900,iso13790,native,True,20.00000000000001,1271.4162668439023,0.0,-4.399999999999977,-101.56212000000002
27561600.0,900,iso13790,native,True,19.999999999999993,1371.1884401224254,0.0,-5.599999999999966,-101.56212000000002
27565200.0,900,iso13790,native,True,19.999999999999986,1353.2905054135692,0.0,-2.7999999999999545,-101.56212000000002
27568800.0,900,iso13790,native,True,19.999999999999993,1399.5893672243865,0.0,-2.7999999999999545,-101.56212000000002
27572400.0,900,iso13790,native,True,19.999999999999986,1442.1711277051488,0.0,-2.7999999999999545,-101.56212000000002
27576000.0,900,iso13790,native,True,20.000000000000007,1463.5993238135916,0.0,-2.1999999999999886,-101.56212000000002
27579600.0,900,iso13790,native,True,19.999999999999993,1481.9766250780767,0.0,-1.6999999999999886,-101.56212000000002
27583200.0,900,iso13790,native,True,20.000000000000004,1524.8646992651861,0.0,-2.1999999999999886,-101.56212000000002
27586800.0,900,iso13790,native,True,20.00000000000001,1553.1023888027853,0.0,-2.1999999999999886,-101.56212000000002
27590400.0,900,iso13790,native,True,19.999999999999986,1463.1832312100935,0.0,0.6000000000000227,227.474442
27594000.0,900,iso13790,native,True,19.999999999999996,1320.293150481095,0.0,4.400000000000034,463.4118851625694
27597600.0,900,iso13790,native,True,19.999999999999993,1134.1739595701602,0.0,8.900000000000034,625.0621501327164
27601200.0,900,iso13790,native,True,19.999999999999996,1012.4376474172412,0.0,10.600000000000023,700.7777483173224
27604800.0,900,iso13790,native,True,20.000000000000004,904.1016729357489,0.0,12.200000000000045,603.4843193684056
27608400.0,900,iso13790,native,True,20.000000000000004,687.5961141586212,0.0,13.900000000000034,1582.8409622075053
27612000.0,900,iso13790,native,True,20.000000000000004,472.8827811516795,0.0,13.900000000000034,2504.18361522902
27615600.0,900,iso13790,native,True,20.000000000000004,256.5587470045917,0.0,13.300000000000011,3232.5917955365485
27619200.0,900,iso13790,native,True,20.0,140.4306432602203,0.0,10.600000000000023,3357.5982700632812
27622800.0,900,iso13790,native,True,20.0,230.57515651845836,0.0,9.400000000000034,1202.1113046569874
27626400.0,900,iso13790,native,True,19.99999999999999,444.17845113334613,0.0,5.600000000000023,-101.56212000000002
27630000.0,900,iso13790,native,True,20.000000000000004,553.705296827081,0.0,3.900000000000034,-101.56212000000002
27633600.0,900,iso13790,native,True,20.000000000000004,601.5555091926043,0.0,4.400000000000034,-101.56212000000002
27637200.0,900,iso13790,native,True,20.000000000000004,671.5502635893328,0.0,3.900000000000034,-101.56212000000002
27640800.0,900,iso13790,native,True,20.000000000000004,692.2044096023311,0.0,5.0,-101.56212000000002
27644400.0,900,iso13790,native,True,19.999999999999993,735.8559987836788,0.0,5.0,-101.56212000000002
27648000.0,900,iso13790,native,True,19.999999999999993,776.0030227584855,0.0,5.0,-101.56212000000002
27651600.0,900,iso13790,native,True,20.000000000000004,812.9268453331379,0.0,5.0,-101.56212000000002
27655200.0,900,iso13790,native,True,20.0,781.8583099431625,0.0,7.2000000000000455,-101.56212000000002
27658800.0,900,iso13790,native,True,19.999999999999996,849.8884709129147,0.0,5.600000000000023,-101.56212000000002
27662400.0,900,iso13790,native,True,20.000000000000004,861.8149810261715,0.0,6.100000000000023,-101.56212000000002
27666000.0,900,iso13790,native,True,20.000000000000004,866.2561998935251,0.0,6.7000000000000455,-101.56212000000002
27669600.0,900,iso13790,native,True,20.0,818.7614665150796,0.0,8.900000000000034,-101.56212000000002
27673200.0,900,iso13790,native,True,20.00000000000001,972.1819175035506,0.0,3.900000000000034,-101.56212000000002
27676800.0,900,iso13790,native,True,19.99999999999999,1013.6343956780862,0.0,2.8000000000000114,98.01743399999998
27680400.0,900,iso13790,native,True,20.0,962.7841429834108,0.0,3.900000000000034,492.9978212797245
27684000.0,900,iso13790,native,True,19.999999999999993,769.3348263238975,0.0,9.400000000000034,736.572076157978
27687600.0,900,iso13790,native,True,20.000000000000004,607.28680985426,0.0,12.200000000000045,1077.867303297466
27691200.0,900,iso13790,native,True,20.000000000000004,502.2083332779141,0.0,14.400000000000034,753.9287090626169
27694800.0,900,iso13790,native,True,20.000000000000004,350.3664468745323,0.0,14.400000000000034,1663.6486808369116
27698400.0,900,iso13790,native,True,20.0,156.77215271058608,0.0,15.0,2383.720238882528
27702000.0,900,iso13790,native,True,20.10394670459439,0.0,0.0,14.400000000000034,3057.711965911491
27705600.0,900,iso13790,native,True,20.01403648065177,0.0,0.0,13.300000000000011,1547.9050041479786
27709200.0,900,iso13790,native,True,19.999999999999993,198.87815323066,0.0,10.0,-96.16807800000001
27712800.0,900,iso13790,native,True,20.000000000000004,296.88085883174944,0.0,8.300000000000011,-101.56212000000002
27716400.0,900,iso13790,native,True,20.000000000000007,348.6960589271765,0.0,8.300000000000011,-101.56212000000002
27720000.0,900,iso13790,native,True,20.0,461.3792099004622,0.0,6.100000000000023,-101.56212000000002
27723600.0,900,iso13790,native,True,20.0,530.4833560656891,0.0,5.600000000000023,-101.56212000000002
27727200.0,900,iso13790,native,True,20.000000000000004,517.8044307280655,0.0,7.800000000000011,-101.56212000000002
27730800.0,900,iso13790,native,True,20.000000000000004,587.9687177666797,0.0,6.7000000000000455,-101.56212000000002
27734400.0,900,iso13790,native,True,19.999999999999993,613.0651339642479,0.0,7.2000000000000455,-101.56212000000002
27738000.0,900,iso13790,native,True,20.0,694.6468448943034,0.0,5.600000000000023,-101.56212000000002
27741600.0,900,iso13790,native,True,20.0,751.5508851433608,0.0,5.0,-101.56212000000002
27745200.0,900,iso13790,native,True,19.999999999999993,873.2006675058592,0.0,2.2000000000000455,-101.56212000000002
27748800.0,900,iso13790,native,True,20.000000000000004,969.6169833090331,0.0,0.6000000000000227,-101.56212000000002
27752400.0,900,iso13790,native,True,20.00000000000001,1105.1925641676664,0.0,-2.1999999999999886,-101.56212000000002
27756000.0,900,iso13790,native,True,19.999999999999996,1167.1236057779274,0.0,-2.1999999999999886,-101.56212000000002
27759600.0,900,iso13790,native,True,20.00000000000001,1224.0825174450963,0.0,-2.1999999999999886,-101.56212000000002
27763200.0,900,iso13790,native,True,19.999999999999993,1158.9495054172255,0.0,0.6000000000000227,243.65656799999994
27766800.0,900,iso13790,native,True,20.0,1093.1124941584567,0.0,3.3000000000000114,270.0419291863093
27770400.0,900,iso13790,native,True,19.999999999999996,1005.0016245664833,0.0,5.600000000000023,480.0839656187892
27774000.0,900,iso13790,native,True,19.999999999999996,924.606068261985,0.0,6.7000000000000455,746.0368472769487
27777600.0,900,iso13790,native,True,19.999999999999996,807.9732350179418,0.0,7.800000000000011,1197.3944797995382
27781200.0,900,iso13790,native,True,19.999999999999996,622.9842801460065,0.0,10.0,1747.1818504788635
27784800.0,900,iso13790,native,True,20.000000000000004,396.02197534972186,0.0,10.600000000000023,2843.064505216239
27788400.0,900,iso13790,native,True,20.000000000000004,178.5068328318279,0.0,11.100000000000023,3351.1909471509757
27792000.0,900,iso13790,native,True,20.001289235855918,0.0,0.0,10.0,3776.3762624321002
27795600.0,900,iso13790,native,True,20.000000000000004,275.27247127377905,0.0,7.800000000000011,-26.13023165009845
27799200.0,900,iso13790,native,True,20.000000000000004,400.43128149859103,0.0,5.600000000000023,-101.56212000000002
27802800.0,900,iso13790,native,True,20.000000000000007,430.70754467665944,0.0,6.7000000000000455,-101.56212000000002
27806400.0,900,iso13790,native,True,19.999999999999996,500.94363022493644,0.0,6.100000000000023,-101.56212000000002
27810000.0,900,iso13790,native,True,20.0,566.8713492889617,0.0,5.600000000000023,-101.56212000000002
27813600.0,900,iso13790,native,True,19.999999999999996,616.2989472031301,0.0,5.600000000000023,-101.56212000000002
27817200.0,900,iso13790,native,True,20.000000000000004,697.2280339948283,0.0,4.400000000000034,-101.56212000000002
27820800.0,900,iso13790,native,True,19.999999999999996,727.0277599566822,0.0,5.0,-101.56212000000002
27824400.0,900,iso13790,native,True,20.000000000000004,750.1486682551057,0.0,5.600000000000023,-101.56212000000002
27828000.0,900,iso13790,native,True,19.999999999999996,752.34789211489,0.0,6.7000000000000455,-101.56212000000002
27831600.0,900,iso13790,native,True,19.999999999999996,779.0262114558193,0.0,6.7000000000000455,-101.56212000000002
27835200.0,900,iso13790,native,True,20.000000000000007,886.3254849295187,0.0,3.900000000000034,-101.56212000000002
27838800.0,900,iso13790,native,True,19.999999999999996,872.0015249431882,0.0,5.600000000000023,-101.56212000000002
27842400.0,900,iso13790,native,True,20.000000000000004,914.666655393686,0.0,5.0,-101.56212000000002
27846000.0,900,iso13790,native,True,20.000000000000004,972.9718421267846,0.0,3.900000000000034,-101.56212000000002
27849600.0,900,iso13790,native,True,19.999999999999996,947.7037751788323,0.0,5.0,114.19955999999999
27853200.0,900,iso13790,native,True,20.000000000000004,872.7428074089272,0.0,6.7000000000000455,459.206519871321
27856800.0,900,iso13790,native,True,20.000000000000007,807.4010739440912,0.0,7.800000000000011,615.6565514412299
27860400.0,900,iso13790,native,True,20.000000000000004,727.5319848816853,0.0,9.400000000000034,649.1944310987614
27864000.0,900,iso13790,native,True,19.999999999999996,673.9300029623081,0.0,10.600000000000023,469.1758105224513
27867600.0,900,iso13790,native,True,19.999999999999996,495.8266884612899,0.0,11.700000000000045,1621.4271939671892
27871200.0,900,iso13790,native,True,20.000000000000004,256.3066395966045,0.0,12.800000000000011,2751.9492943164987
27874800.0,900,iso13790,native,True,20.078024111842865,0.0,0.0,13.300000000000011,3873.6230195848434
27878400.0,900,iso13790,native,True,20.74686286396996,0.0,0.0,12.200000000000045,4066.5974066106605
27882000.0,900,iso13790,native,True,20.181932882866775,0.0,0.0,8.900000000000034,1468.4994374881176
27885600.0,900,iso13790,native,True,20.0,116.64618974653898,0.0,7.800000000000011,-101.56212000000002
27889200.0,900,iso13790,native,True,19.999999999999996,236.75233228308338,0.0,6.100000000000023,-101.56212000000002
27892800.0,900,iso13790,native,True,20.000000000000004,359.3604143766249,0.0,4.400000000000034,-101.56212000000002
27896400.0,900,iso13790,native,True,19.999999999999993,434.02071211477903,0.0,4.400000000000034,-101.56212000000002
27900000.0,900,iso13790,native,True,20.000000000000004,484.9520220502701,0.0,5.0,-101.56212000000002
27903600.0,900,iso13790,native,True,19.999999999999996,595.4917125209769,0.0,3.3000000000000114,-101.56212000000002
27907200.0,900,iso13790,native,True,20.0,641.3176384318429,0.0,3.900000000000034,-101.56212000000002
27910800.0,900,iso13790,native,True,20.000000000000004,664.3990089334899,0.0,5.0,-101.56212000000002
27914400.0,900,iso13790,native,True,19.999999999999993,692.5480627331739,0.0,5.600000000000023,-101.56212000000002
27918000.0,900,iso13790,native,True,19.999999999999993,717.1066380342345,0.0,6.100000000000023,-101.56212000000002
27921600.0,900,iso13790,native,True,20.0,783.4146133429662,0.0,5.0,-101.56212000000002
27925200.0,900,iso13790,native,True,20.000000000000007,837.478287112773,0.0,4.400000000000034,-101.56212000000002
27928800.0,900,iso13790,native,True,20.00000000000001,888.531995503247,0.0,3.900000000000034,-101.56212000000002
27932400.0,900,iso13790,native,True,20.000000000000004,989.3076728889514,0.0,1.7000000000000455,-101.56212000000002
27936000.0,900,iso13790,native,True,19.999999999999993,982.375234772674,0.0,2.2000000000000455,251.31252391105681
27939600.0,900,iso13790,native,True,20.0,811.6900527347065,0.0,8.300000000000011,343.56135987316856
27943200.0,900,iso13790,native,True,20.000000000000004,702.3597289746068,0.0,11.100000000000023,442.8109302737685
27946800.0,900,iso13790,native,True,20.000000000000004,610.5738108307121,0.0,12.800000000000011,519.3229989289846
27950400.0,900,iso13790,native,True,19.999999999999996,525.2574216450678,0.0,14.400000000000034,467.3024495669207
27954000.0,900,iso13790,native,True,19.999999999999993,364.48697069334884,0.0,14.400000000000034,1620.3909404001063
27957600.0,900,iso13790,native,True,20.000000000000004,132.12768632255506,0.0,15.0,2740.358051074193
27961200.0,900,iso13790,native,True,20.416856666125312,0.0,0.0,14.400000000000034,3847.8502300893397
27964800.0,900,iso13790,native,True,21.012456501145763,0.0,0.0,13.300000000000011,3797.8165724632586
27968400.0,900,iso13790,native,True,20.60610880973515,0.0,0.0,11.100000000000023,1422.779471826845
27972000.0,900,iso13790,native,True,20.06095979399945,0.0,0.0,10.0,-101.56212000000002
27975600.0,900,iso13790,native,True,20.0,111.82717679720821,0.0,7.800000000000011,-101.56212000000002
27979200.0,900,iso13790,native,True,20.000000000000004,347.59700043840894,0.0,2.2000000000000455,-101.56212000000002
27982800.0,900,iso13790,native,True,20.000000000000007,338.4206224861894,0.0,5.600000000000023,-101.56212000000002
27986400.0,900,iso13790,native,True,19.999999999999993,423.92426353152507,0.0,5.0,-101.56212000000002
27990000.0,900,iso13790,native,True,19.999999999999996,489.1147080709261,0.0,5.0,-101.56212000000002
27993600.0,900,iso13790,native,True,19.999999999999996,664.3481286399692,0.0,1.1000000000000227,-101.56212000000002
27997200.0,900,iso13790,native,True,20.000000000000007,752.8764979022671,0.0,0.6000000000000227,-101.56212000000002
28000800.0,900,iso13790,native,True,20.0,808.3111789269044,0.0,1.1000000000000227,-101.56212000000002
28004400.0,900,iso13790,native,True,20.00000000000001,787.7395867316429,0.0,3.900000000000034,-101.56212000000002
28008000.0,900,iso13790,native,True,20.000000000000004,849.3143357847325,0.0,3.3000000000000114,-101.56212000000002
28011600.0,900,iso13790,native,True,20.000000000000004,925.0109835305973,0.0,2.2000000000000455,-101.56212000000002
28015200.0,900,iso13790,native,True,20.0,969.9746704382438,0.0,2.2000000000000455,-101.56212000000002
28018800.0,900,iso13790,native,True,20.0,993.5935601539393,0.0,2.8000000000000114,-101.56212000000002
28022400.0,900,iso13790,native,True,19.99999999999999,938.4019771602271,0.0,5.0,150.07848551301458
28026000.0,900,iso13790,native,True,19.999999999999996,818.2257566542798,0.0,8.900000000000034,284.0481356353663
28029600.0,900,iso13790,native,True,20.000000000000007,690.4822222051906,0.0,12.200000000000045,407.5418148387537
28033200.0,900,iso13790,native,True,20.000000000000004,593.396977564127,0.0,13.900000000000034,489.4036557744099
28036800.0,900,iso13790,native,True,20.0,542.2351343221662,0.0,13.900000000000034,521.5918135171513
28040400.0,900,iso13790,native,True,20.000000000000004,352.94816762169904,0.0,15.0,1624.13547512156
28044000.0,900,iso13790,native,True,20.000000000000004,158.58799225918736,0.0,14.400000000000034,2683.345783628079
28047600.0,900,iso13790,native,True,20.205645503974278,0.0,0.0,13.900000000000034,3490.2757945735184
28051200.0,900,iso13790,native,True,20.740051070461735,0.0,0.0,13.300000000000011,3358.9249537976725
28054800.0,900,iso13790,native,True,20.402304567487608,0.0,0.0,12.200000000000045,1098.2192275503785
28058400.0,900,iso13790,native,True,20.0,100.66997424868664,0.0,8.300000000000011,-101.56212000000002
28062000.0,900,iso13790,native,True,20.000000000000004,298.2938155764713,0.0,3.900000000000034,-101.56212000000002
28065600.0,900,iso13790,native,True,19.999999999999996,348.91483302201635,0.0,5.0,-101.56212000000002
28069200.0,900,iso13790,native,True,20.000000000000004,470.3762610148975,0.0,3.3000000000000114,-101.56212000000002
28072800.0,900,iso13790,native,True,19.999999999999993,623.7889700511462,0.0,0.6000000000000227,-101.56212000000002
28076400.0,900,iso13790,native,True,19.999999999999993,639.3385796233648,0.0,2.8000000000000114,-101.56212000000002
28080000.0,900,iso13790,native,True,19.999999999999993,735.4650753479222,0.0,1.7000000000000455,-101.56212000000002
28083600.0,900,iso13790,native,True,20.000000000000007,784.4393258718229,0.0,2.2000000000000455,-101.56212000000002
28087200.0,900,iso13790,native,True,19.99999999999999,740.1910881506649,0.0,5.600000000000023,-101.56212000000002
28090800.0,900,iso13790,native,True,20.0,793.4386115748373,0.0,5.0,-101.56212000000002
28094400.0,900,iso13790,native,True,20.0,828.9626189522083,0.0,5.0,-101.56212000000002
28098000.0,900,iso13790,native,True,20.0,861.6345835383197,0.0,5.0,-101.56212000000002
28101600.0,900,iso13790,native,True,20.000000000000004,859.1695158694687,0.0,6.100000000000023,-101.56212000000002
28105200.0,900,iso13790,native,True,20.000000000000004,881.5580160460179,0.0,6.100000000000023,-101.56212000000002
28108800.0,900,iso13790,native,True,19.999999999999996,805.5868918408014,0.0,8.300000000000011,211.65450136898312
28112400.0,900,iso13790,native,True,20.0,639.2842250782496,0.0,13.300000000000011,315.40347420156235
28116000.0,900,iso13790,native,True,20.000000000000004,429.120562016595,0.0,17.80000000000001,716.784721066025
28119600.0,900,iso13790,native,True,20.000000000000004,285.8846155333413,0.0,20.0,734.5843535187139
28123200.0,900,iso13790,native,True,19.999999999999996,157.61721449215568,0.0,21.100000000000023,874.0230790851181
28126800.0,900,iso13790,native,True,20.093627283786528,0.0,0.0,21.100000000000023,1829.4726940000887
28130400.0,900,iso13790,native,True,20.739537603946964,0.0,0.0,19.400000000000034,2816.456694130819
28134000.0,900,iso13790,native,True,20.697327002166492,0.0,0.0,18.900000000000034,1099.705261519095
28137600.0,900,iso13790,native,True,21.005449932968762,0.0,0.0,18.30000000000001,1459.8657617350204
28141200.0,900,iso13790,native,True,20.69474319045111,0.0,0.0,17.80000000000001,-90.77403600000002
28144800.0,900,iso13790,native,True,20.416632582053232,0.0,0.0,15.600000000000023,-101.56212000000002
28148400.0,900,iso13790,native,True,20.000000000000004,92.57980257337667,0.0,9.400000000000034,-101.56212000000002
28152000.0,900,iso13790,native,True,19.999999999999996,135.20410484761928,0.0,10.0,-101.56212000000002
28155600.0,900,iso13790,native,True,19.999999999999996,285.39675606258675,0.0,6.7000000000000455,-101.56212000000002
28159200.0,900,iso13790,native,True,20.000000000000004,417.54796536270663,0.0,4.400000000000034,-101.56212000000002
28162800.0,900,iso13790,native,True,20.000000000000004,469.80178877837574,0.0,5.0,-101.56212000000002
28166400.0,900,iso13790,native,True,19.999999999999993,498.79499342106146,0.0,6.100000000000023,-101.56212000000002
28170000.0,900,iso13790,native,True,20.000000000000004,600.3649962584527,0.0,4.400000000000034,-101.56212000000002
28173600.0,900,iso13790,native,True,20.000000000000004,670.4553309143465,0.0,3.900000000000034,-101.56212000000002
28177200.0,900,iso13790,native,True,20.000000000000004,773.960204924316,0.0,2.2000000000000455,-101.56212000000002
28180800.0,900,iso13790,native,True,19.999999999999996,878.3440352846227,0.0,0.6000000000000227,-101.56212000000002
28184400.0,900,iso13790,native,True,20.000000000000004,973.9544184782902,0.0,-0.5999999999999659,-101.56212000000002
28188000.0,900,iso13790,native,True,19.999999999999993,1017.2567538453233,0.0,0.0,-101.56212000000002
28191600.0,900,iso13790,native,True,20.000000000000004,1088.2659959636985,0.0,-0.5999999999999659,-101.56212000000002
28195200.0,900,iso13790,native,True,19.999999999999986,1096.5099680378105,0.0,0.6000000000000227,-20.65149000000001
28198800.0,900,iso13790,native,True,20.000000000000007,923.3648623877518,0.0,6.100000000000023,458.912851258985
28202400.0,900,iso13790,native,True,19.999999999999996,782.2226758834182,0.0,8.900000000000034,871.5403653560948
28206000.0,900,iso13790,native,True,20.0,739.5712501468455,0.0,8.300000000000011,968.8284439392584
28209600.0,900,iso13790,native,True,19.999999999999996,697.8340937620982,0.0,8.900000000000034,722.5725032811624
28213200.0,900,iso13790,native,True,19.999999999999993,573.8149768451211,0.0,8.900000000000034,1609.1405291613319
28216800.0,900,iso13790,native,True,19.999999999999996,402.96050404146933,0.0,10.0,2201.5447136774555
28220400.0,900,iso13790,native,True,20.000000000000004,230.0699730442865,0.0,10.600000000000023,2661.465465768495
28224000.0,900,iso13790,native,True,20.0,110.7916163927485,0.0,8.900000000000034,3081.7278075621116
28227600.0,900,iso13790,native,True,20.000000000000004,381.9152077006991,0.0,6.100000000000023,-90.77403600000002
28231200.0,900,iso13790,native,True,20.000000000000004,508.0782969770898,0.0,3.900000000000034,-101.56212000000002
28234800.0,900,iso13790,native,True,20.000000000000004,592.105635822939,0.0,3.3000000000000114,-101.56212000000002
28238400.0,900,iso13790,native,True,19.999999999999996,735.7453093393526,0.0,0.6000000000000227,-101.56212000000002
28242000.0,900,iso13790,native,True,19.999999999999993,875.3181881984193,0.0,-1.6999999999999886,-101.56212000000002
28245600.0,900,iso13790,native,True,20.000000000000007,966.9117984271109,0.0,-2.1999999999999886,-101.56212000000002
28249200.0,900,iso13790,native,True,19.999999999999993,1039.9447029806684,0.0,-2.1999999999999886,-101.56212000000002
28252800.0,900,iso13790,native,True,20.000000000000004,1092.3350899450668,0.0,-1.6999999999999886,-101.56212000000002
28256400.0,900,iso13790,native,True,20.000000000000004,1151.7264360478575,0.0,-1.6999999999999886,-101.56212000000002
28260000.0,900,iso13790,native,True,20.000000000000004,1221.1286267570792,0.0,-2.1999999999999886,-101.56212000000002
28263600.0,900,iso13790,native,True,20.00000000000001,1306.2657141171283,0.0,-3.2999999999999545,-101.56212000000002
28267200.0,900,iso13790,native,True,20.000000000000007,1410.1607713593476,0.0,-5.0,-101.56212000000002
28270800.0,900,iso13790,native,True,20.000000000000004,1485.3453086170664,0.0,-5.599999999999966,-101.56212000000002
28274400.0,900,iso13790,native,True,20.000000000000004,1541.0451179945067,0.0,-5.599999999999966,-101.56212000000002
28278000.0,900,iso13790,native,True,20.000000000000007,1607.0521467818814,0.0,-6.099999999999966,-101.56212000000002
28281600.0,900,iso13790,native,True,19.999999999999993,1644.9078321153863,0.0,-6.0,-15.25744800000001
28285200.0,900,iso13790,native,True,20.000000000000004,1629.5115711798044,0.0,-5.599999999999966,422.5062207781794
28288800.0,900,iso13790,native,True,20.000000000000018,1583.7208358776297,0.0,-5.0,823.020745426489
28292400.0,900,iso13790,native,True,20.0,1560.57764367066,0.0,-4.399999999999977,750.696516
28296000.0,900,iso13790,native,True,20.000000000000004,1579.7246848301422,0.0,-4.399999999999977,454.024206
28299600.0,900,iso13790,native,True,19.999999999999993,1550.0850344400644,0.0,-3.8999999999999773,658.997802
28303200.0,900,iso13790,native,True,20.000000000000007,1551.440392785897,0.0,-3.8999999999999773,567.299088
28306800.0,900,iso13790,native,True,20.0,1590.3021162655557,0.0,-3.8999999999999773,157.35189599999995
28310400.0,900,iso13790,native,True,20.000000000000007,1606.976167411632,0.0,-3.8999999999999773,184.32210599999996
28314000.0,900,iso13790,native,True,20.000000000000007,1598.4288300217813,0.0,-3.8999999999999773,432.2249052491551
28317600.0,900,iso13790,native,True,19.999999999999996,1668.9763260407458,0.0,-4.399999999999977,-101.56212000000002
28321200.0,900,iso13790,native,True,20.000000000000007,1719.095523629068,0.0,-5.0,-101.56212000000002
28324800.0,900,iso13790,native,True,20.000000000000004,1751.7423626217767,0.0,-5.0,-101.56212000000002
28328400.0,900,iso13790,native,True,19.99999999999999,1811.3263026111326,0.0,-6.0,-101.56212000000002
28332000.0,900,iso13790,native,True,20.000000000000004,1831.889052974026,0.0,-5.599999999999966,-101.56212000000002
28335600.0,900,iso13790,native,True,19.999999999999993,1874.5456939707315,0.0,-6.099999999999966,-101.56212000000002
28339200.0,900,iso13790,native,True,19.999999999999993,1902.5705309176722,0.0,-6.099999999999966,-101.56212000000002
28342800.0,900,iso13790,native,True,20.000000000000004,1928.3453955193863,0.0,-6.099999999999966,-101.56212000000002
28346400.0,900,iso13790,native,True,19.99999999999999,1952.0509266699985,0.0,-6.099999999999966,-101.56212000000002
28350000.0,900,iso13790,native,True,19.999999999999996,1973.8532606809206,0.0,-6.099999999999966,-101.56212000000002
28353600.0,900,iso13790,native,True,20.000000000000014,2011.6400859183368,0.0,-6.699999999999989,-101.56212000000002
28357200.0,900,iso13790,native,True,19.999999999999996,2032.944656331055,0.0,-6.699999999999989,-101.56212000000002
28360800.0,900,iso13790,native,True,20.000000000000014,2052.5387905922225,0.0,-6.699999999999989,-101.56212000000002
28364400.0,900,iso13790,native,True,20.000000000000007,2085.3388862139414,0.0,-7.199999999999989,-101.56212000000002
28368000.0,900,iso13790,native,True,20.000000000000004,2104.2985099372695,0.0,-7.199999999999989,-101.56212000000002
28371600.0,900,iso13790,native,True,20.000000000000018,2076.1185020537,0.0,-7.199999999999989,351.53740799999997
28375200.0,900,iso13790,native,True,20.00000000000001,2066.529043769135,0.0,-6.699999999999989,222.08039999999997
28378800.0,900,iso13790,native,True,20.00000000000001,1946.4892400995548,0.0,-5.599999999999966,1063.8623650303737
28382400.0,900,iso13790,native,True,19.999999999999993,1903.0455428837663,0.0,-3.8999999999999773,478.0961025711737
28386000.0,900,iso13790,native,True,19.999999999999996,1708.154845120533,0.0,-3.2999999999999545,1987.2401831489888
28389600.0,900,iso13790,native,True,19.999999999999982,1704.196010998894,0.0,-1.6999999999999886,507.96462599999995
28393200.0,900,iso13790,native,True,20.00000000000001,1539.3623764254532,0.0,-1.6999999999999886,1879.146395384386
28396800.0,900,iso13790,native,True,20.0,1331.8228428827215,0.0,-1.6999999999999886,2978.0332315237692
28400400.0,900,iso13790,native,True,19.999999999999986,1520.9533369644932,0.0,-6.699999999999989,1106.896080356828
28404000.0,900,iso13790,native,True,20.000000000000007,1662.3706787197773,0.0,-7.7999999999999545,-101.56212000000002
28407600.0,900,iso13790,native,True,19.99999999999999,1701.8397376515613,0.0,-7.199999999999989,-101.56212000000002
28411200.0,900,iso13790,native,True,19.999999999999993,1784.1025329510396,0.0,-8.299999999999955,-101.56212000000002
28414800.0,900,iso13790,native,True,20.00000000000001,1719.8284177112423,0.0,-4.399999999999977,-101.56212000000002
28418400.0,900,iso13790,native,True,20.000000000000004,1830.8928892792674,0.0,-7.199999999999989,-101.56212000000002
28422000.0,900,iso13790,native,True,20.000000000000004,1935.3086256256574,0.0,-9.399999999999977,-101.56212000000002
28425600.0,900,iso13790,native,True,19.999999999999996,2017.499811397316,0.0,-10.599999999999966,-101.56212000000002
28429200.0,900,iso13790,native,True,20.000000000000004,2080.9742743459074,0.0,-11.099999999999966,-101.56212000000002
28432800.0,900,iso13790,native,True,20.000000000000018,2225.687472305944,0.0,-14.399999999999977,-101.56212000000002
28436400.0,900,iso13790,native,True,20.000000000000004,2284.8153997810796,0.0,-14.399999999999977,-101.56212000000002
28440000.0,900,iso13790,native,True,19.999999999999993,2324.4171699137355,0.0,-13.899999999999977,-101.56212000000002
28443600.0,900,iso13790,native,True,19.99999999999999,2422.295488362197,0.0,-15.599999999999966,-101.56212000000002
28447200.0,900,iso13790,native,True,19.999999999999982,2488.9905252878307,0.0,-16.099999999999966,-101.56212000000002
28450800.0,900,iso13790,native,True,19.999999999999982,2539.1238369953385,0.0,-16.099999999999966,-101.56212000000002
28454400.0,900,iso13790,native,True,19.999999999999993,2570.453123545168,0.0,-15.599999999999966,-101.56212000000002
28458000.0,900,iso13790,native,True,20.000000000000018,2439.5610610496014,0.0,-11.099999999999966,274.89814585411204
28461600.0,900,iso13790,native,True,20.00000000000001,2346.4692886666144,0.0,-8.299999999999955,332.76734045328465
28465200.0,900,iso13790,native,True,20.000000000000007,2288.011743170964,0.0,-7.199999999999989,386.3424846211542
28468800.0,900,iso13790,native,True,19.999999999999996,2152.9688545555437,0.0,-3.8999999999999773,490.92689588388953
28472400.0,900,iso13790,native,True,20.000000000000004,1912.9950992464264,0.0,-2.1999999999999886,1917.8691857768558
28476000.0,900,iso13790,native,True,20.000000000000007,1753.510801306147,0.0,-1.6999999999999886,2106.797818635298
28479600.0,900,iso13790,native,True,20.000000000000004,1549.124185456867,0.0,-1.6999999999999886,2866.142109498424
28483200.0,900,iso13790,native,True,19.99999999999999,1394.8504795563695,0.0,-3.2999999999999545,3301.971201667214
28486800.0,900,iso13790,native,True,20.000000000000004,1645.131552531008,0.0,-5.599999999999966,-101.56212000000002
28490400.0,900,iso13790,native,True,19.999999999999996,1720.5168984934423,0.0,-6.699999999999989,-101.56212000000002
28494000.0,900,iso13790,native,True,20.000000000000014,1797.7082420098911,0.0,-7.7999999999999545,-101.56212000000002
28497600.0,900,iso13790,native,True,20.000000000000007,1891.339663924346,0.0,-9.399999999999977,-101.56212000000002
28501200.0,900,iso13790,native,True,20.000000000000007,1844.0492178971956,0.0,-6.099999999999966,-101.56212000000002
28504800.0,900,iso13790,native,True,20.000000000000004,1874.5224625876776,0.0,-6.099999999999966,-101.56212000000002
28508400.0,900,iso13790,native,True,20.0,1887.770089416029,0.0,-5.599999999999966,-101.56212000000002
28512000.0,900,iso13790,native,True,20.0,1976.1891806157826,0.0,-7.7999999999999545,-101.56212000000002
28515600.0,900,iso13790,native,True,19.999999999999986,1957.9493744893794,0.0,-6.099999999999966,-101.56212000000002
28519200.0,900,iso13790,native,True,20.000000000000025,1946.764186425321,0.0,-5.0,-101.56212000000002
28522800.0,900,iso13790,native,True,20.000000000000007,1928.6186949997086,0.0,-3.8999999999999773,-101.56212000000002
28526400.0,900,iso13790,native,True,19.999999999999982,1951.3647485445294,0.0,-4.399999999999977,-101.56212000000002
28530000.0,900,iso13790,native,True,19.999999999999993,1961.0775183531523,0.0,-4.399999999999977,-101.56212000000002
28533600.0,900,iso13790,native,True,20.000000000000004,1970.0104990230793,0.0,-4.399999999999977,-101.56212000000002
28537200.0,900,iso13790,native,True,19.999999999999993,1913.198364783689,0.0,-2.1999999999999886,-101.56212000000002
28540800.0,900,iso13790,native,True,20.000000000000004,1895.4796341412264,0.0,-1.6999999999999886,-101.56212000000002
28544400.0,900,iso13790,native,True,20.00000000000001,1822.2007444114338,0.0,-0.5999999999999659,252.79156569238333
28548000.0,900,iso13790,native,True,20.000000000000004,1707.8634553209438,0.0,1.1000000000000227,605.2313318636766
28551600.0,900,iso13790,native,True,20.000000000000004,1615.0427665731581,0.0,1.7000000000000455,824.6492288148324
28555200.0,900,iso13790,native,True,20.000000000000004,1483.778337190503,0.0,4.400000000000034,708.3357643360106
28558800.0,900,iso13790,native,True,20.00000000000001,1273.0941950239367,0.0,5.600000000000023,1804.5690504872507
28562400.0,900,iso13790,native,True,20.0,1025.6249551189655,0.0,5.600000000000023,3039.433039553606
28566000.0,900,iso13790,native,True,20.0,717.2100020412905,0.0,6.7000000000000455,4008.428206174773
28569600.0,900,iso13790,native,True,20.000000000000004,497.5504261922059,0.0,6.7000000000000455,4001.6094346734685
28573200.0,900,iso13790,native,True,19.999999999999996,823.6328684129326,0.0,2.8000000000000114,-101.56212000000002
28576800.0,900,iso13790,native,True,20.00000000000001,972.9470544138122,0.0,-0.5999999999999659,-101.56212000000002
28580400.0,900,iso13790,native,True,20.000000000000004,1066.5791217898905,0.0,-1.6999999999999886,-101.56212000000002
28584000.0,900,iso13790,native,True,19.999999999999993,1160.5522497910133,0.0,-2.7999999999999545,-101.56212000000002
28587600.0,900,iso13790,native,True,20.000000000000014,1254.8390563854634,0.0,-3.8999999999999773,-101.56212000000002
28591200.0,900,iso13790,native,True,19.999999999999993,1284.3864268116454,0.0,-2.7999999999999545,-101.56212000000002
28594800.0,900,iso13790,native,True,20.000000000000004,1383.510289216255,0.0,-4.399999999999977,-101.56212000000002
28598400.0,900,iso13790,native,True,20.000000000000004,1456.5481103659909,0.0,-5.0,-101.56212000000002
28602000.0,900,iso13790,native,True,20.000000000000004,1510.2735526087954,0.0,-5.0,-101.56212000000002
28605600.0,900,iso13790,native,True,20.000000000000004,1527.1716854118592,0.0,-3.8999999999999773,-101.56212000000002
28609200.0,900,iso13790,native,True,20.000000000000007,1549.6339223789255,0.0,-3.2999999999999545,-101.56212000000002
28612800.0,900,iso13790,native,True,20.000000000000018,1601.4762121413432,0.0,-3.8999999999999773,-101.56212000000002
28616400.0,900,iso13790,native,True,20.000000000000004,1570.679873862177,0.0,-1.6999999999999886,-101.56212000000002
28620000.0,900,iso13790,native,True,20.000000000000007,1573.9324475194896,0.0,-1.099999999999966,-101.56212000000002
28623600.0,900,iso13790,native,True,20.000000000000018,1575.5933550859008,0.0,-0.5999999999999659,-101.56212000000002
28627200.0,900,iso13790,native,True,19.999999999999996,1538.0791791408558,0.0,1.1000000000000227,-101.56212000000002
28630800.0,900,iso13790,native,True,20.000000000000004,1420.6753673377827,0.0,3.900000000000034,278.28833327189585
28634400.0,900,iso13790,native,True,20.000000000000004,1269.9978580616205,0.0,7.800000000000011,331.27215921579545
28638000.0,900,iso13790,native,True,20.000000000000007,1118.560954710365,0.0,11.100000000000023,379.3818500879984
28641600.0,900,iso13790,native,True,19.999999999999986,991.6306529913077,0.0,12.800000000000011,511.37273514736773
28645200.0,900,iso13790,native,True,19.999999999999996,756.0722181602363,0.0,13.900000000000034,1799.370738870685
28648800.0,900,iso13790,native,True,20.0,477.9699130870627,0.0,14.400000000000034,3018.189476747342
28652400.0,900,iso13790,native,True,20.0,170.44963617717832,0.0,15.0,3950.213543640074
28656000.0,900,iso13790,native,True,20.0,23.005863987382636,0.0,12.200000000000045,3930.3633206190552
28659600.0,900,iso13790,native,True,20.0,377.5675977520303,0.0,7.2000000000000455,-101.56212000000002
28663200.0,900,iso13790,native,True,20.0,478.0562141834471,0.0,5.600000000000023,-101.56212000000002
28666800.0,900,iso13790,native,True,20.000000000000004,584.863185712516,0.0,3.900000000000034,-101.56212000000002
28670400.0,900,iso13790,native,True,20.000000000000004,630.2118888467585,0.0,4.400000000000034,-101.56212000000002
28674000.0,900,iso13790,native,True,20.000000000000004,632.8780364354554,0.0,6.100000000000023,-101.56212000000002
28677600.0,900,iso13790,native,True,20.000000000000004,705.948299947087,0.0,5.0,-101.56212000000002
28681200.0,900,iso13790,native,True,20.000000000000004,748.4964617204522,0.0,5.0,-101.56212000000002
28684800.0,900,iso13790,native,True,20.000000000000004,820.142612437529,0.0,3.900000000000034,-101.56212000000002
28688400.0,900,iso13790,native,True,20.000000000000004,879.115886524753,0.0,3.3000000000000114,-101.56212000000002
28692000.0,900,iso13790,native,True,19.999999999999993,869.6570971724435,0.0,5.0,-101.56212000000002
28695600.0,900,iso13790,native,True,20.0,899.0619080273019,0.0,5.0,-101.56212000000002
28699200.0,900,iso13790,native,True,20.000000000000004,926.1059554149034,0.0,5.0,-101.56212000000002
28702800.0,900,iso13790,native,True,20.000000000000004,933.2438827894049,0.0,5.600000000000023,-101.56212000000002
28706400.0,900,iso13790,native,True,20.0,938.478208683986,0.0,6.100000000000023,-101.56212000000002
28710000.0,900,iso13790,native,True,20.000000000000004,954.4994152378573,0.0,6.100000000000023,-101.56212000000002
28713600.0,900,iso13790,native,True,20.000000000000004,969.2343601891487,0.0,6.100000000000023,-101.56212000000002
28717200.0,900,iso13790,native,True,19.999999999999996,864.5591321306312,0.0,8.900000000000034,250.69080786825486
28720800.0,900,iso13790,native,True,20.000000000000004,752.6735256831023,0.0,11.700000000000045,346.6618746561471
28724400.0,900,iso13790,native,True,19.999999999999996,665.9504507145815,0.0,13.300000000000011,377.60385584642734
28728000.0,900,iso13790,native,True,20.0,641.3725115207479,0.0,12.200000000000045,520.9152990423142
28731600.0,900,iso13790,native,True,20.000000000000004,436.5769269561104,0.0,13.300000000000011,1819.4802033248088
28735200.0,900,iso13790,native,True,20.000000000000004,237.66316926910127,0.0,12.200000000000045,3006.7038881361723
28738800.0,900,iso13790,native,True,20.000000000000004,15.288760296055019,0.0,12.200000000000045,3623.833582435484
28742400.0,900,iso13790,native,True,20.397298006112283,0.0,0.0,10.0,3744.3372614737764
28746000.0,900,iso13790,native,True,20.000000000000004,273.55821338601334,0.0,4.400000000000034,-101.56212000000002
28749600.0,900,iso13790,native,True,19.999999999999996,420.1350667540185,0.0,2.2000000000000455,-101.56212000000002
28753200.0,900,iso13790,native,True,20.000000000000004,487.897795912672,0.0,2.8000000000000114,-101.56212000000002
28756800.0,900,iso13790,native,True,20.0,628.6966713774149,0.0,0.6000000000000227,-101.56212000000002
28760400.0,900,iso13790,native,True,20.0,708.8801975390596,0.0,0.6000000000000227,-101.56212000000002
28764000.0,900,iso13790,native,True,20.000000000000007,832.8750499813209,0.0,-1.099999999999966,-101.56212000000002
28767600.0,900,iso13790,native,True,19.999999999999996,926.5456715928593,0.0,-1.6999999999999886,-101.56212000000002
28771200.0,900,iso13790,native,True,20.0,1031.7613767032387,0.0,-2.7999999999999545,-101.56212000000002
28774800.0,900,iso13790,native,True,19.999999999999993,1118.6532604827753,0.0,-3.2999999999999545,-101.56212000000002
28778400.0,900,iso13790,native,True,19.999999999999982,1187.361916411784,0.0,-3.2999999999999545,-101.56212000000002
28782000.0,900,iso13790,native,True,20.000000000000004,1218.0403364933002,0.0,-2.1999999999999886,-101.56212000000002
28785600.0,900,iso13790,native,True,20.000000000000007,1321.1602573495784,0.0,-3.8999999999999773,-101.56212000000002
28789200.0,900,iso13790,native,True,20.00000000000001,1410.4109652481575,0.0,-5.0,-101.56212000000002
28792800.0,900,iso13790,native,True,20.000000000000007,1500.3544909533703,0.0,-6.099999999999966,-101.56212000000002
28796400.0,900,iso13790,native,True,20.000000000000004,1558.4212460820552,0.0,-6.099999999999966,-101.56212000000002
28800000.0,900,iso13790,native,True,20.000000000000025,1561.5772594290818,0.0,-4.399999999999977,-101.56212000000002
28803600.0,900,iso13790,native,True,19.999999999999996,1418.2088932004772,0.0,0.6000000000000227,261.8162144155418
28807200.0,900,iso13790,native,True,20.00000000000001,1340.6078195259308,0.0,2.8000000000000114,334.13575531793447
28810800.0,900,iso13790,native,True,19.999999999999996,1269.730656005732,0.0,4.400000000000034,377.9316489555746
28814400.0,900,iso13790,native,True,19.999999999999996,1191.5878407393125,0.0,5.600000000000023,527.8739062013525
28818000.0,900,iso13790,native,True,20.000000000000007,975.9983387814511,0.0,7.2000000000000455,1812.2119484761392
28821600.0,900,iso13790,native,True,20.000000000000004,775.5671903905591,0.0,6.7000000000000455,2845.4288021599796
28825200.0,900,iso13790,native,True,20.000000000000004,778.623310870406,0.0,7.800000000000011,959.201304084517
28828800.0,900,iso13790,native,True,20.000000000000004,563.2194394013592,0.0,7.800000000000011,2624.209145042362
28832400.0,900,iso13790,native,True,20.0,756.2004510120269,0.0,6.100000000000023,-101.56212000000002
28836000.0,900,iso13790,native,True,20.0,934.6465688424803,0.0,1.1000000000000227,-101.56212000000002
28839600.0,900,iso13790,native,True,19.999999999999996,986.6949688752276,0.0,1.1000000000000227,-101.56212000000002
28843200.0,900,iso13790,native,True,19.999999999999993,1034.5646662483043,0.0,1.1000000000000227,-101.56212000000002
28846800.0,900,iso13790,native,True,19.999999999999986,1093.3702231016655,0.0,0.6000000000000227,-101.56212000000002
28850400.0,900,iso13790,native,True,19.99999999999999,1115.5567558207167,0.0,1.3000000000000114,-101.56212000000002
28854000.0,900,iso13790,native,True,20.0,1130.961304226884,0.0,2.0,-101.56212000000002
28857600.0,900,iso13790,native,True,19.999999999999993,1140.1283595219702,0.0,2.7000000000000455,-101.56212000000002
28861200.0,900,iso13790,native,True,19.999999999999996,1140.6028834147176,0.0,3.5,-101.56212000000002
28864800.0,900,iso13790,native,True,20.000000000000004,1138.2799939542697,0.0,4.2000000000000455,-101.56212000000002
28868400.0,900,iso13790,native,True,20.00000000000001,1131.1428576634355,0.0,4.900000000000034,-101.56212000000002
28872000.0,900,iso13790,native,True,19.999999999999993,1119.5779860588282,0.0,5.600000000000023,-101.56212000000002
28875600.0,900,iso13790,native,True,20.000000000000018,1207.394386344713,0.0,2.8000000000000114,-101.56212000000002
28879200.0,900,iso13790,native,True,19.999999999999996,1192.8866247687426,0.0,3.900000000000034,-101.56212000000002
28882800.0,900,iso13790,native,True,20.000000000000004,1153.9504221468649,0.0,5.600000000000023,-101.56212000000002
28886400.0,900,iso13790,native,True,19.999999999999996,1094.6490315641595,0.0,7.2000000000000455,40.49715877900787
28890000.0,900,iso13790,native,True,19.999999999999993,946.555595339007,0.0,11.100000000000023,237.21838120144625
28893600.0,900,iso13790,native,True,20.000000000000007,785.128785988115,0.0,15.0,288.95496757670037
28897200.0,900,iso13790,native,True,20.0,621.9013884736003,0.0,18.30000000000001,355.48415029199145
28900800.0,900,iso13790,native,True,20.00000000000001,481.77599995916967,0.0,20.0,518.1262609662075
28904400.0,900,iso13790,native,True,20.0,241.35380152516183,0.0,21.100000000000023,1746.038915499565
28908000.0,900,iso13790,native,True,19.999999999999996,20.954838175793803,0.0,19.400000000000034,2969.372762277504
28911600.0,900,iso13790,native,True,20.851741965986907,0.0,0.0,18.900000000000034,3796.0837619251092
28915200.0,900,iso13790,native,True,21.388612428169548,0.0,0.0,16.700000000000045,3647.7705725143505
28918800.0,900,iso13790,native,True,20.76363879275466,0.0,0.0,13.300000000000011,890.4428945587674
28922400.0,900,iso13790,native,True,20.000000000000004,0.2771729792567568,0.0,8.900000000000034,-101.56212000000002
28926000.0,900,iso13790,native,True,20.000000000000004,154.38165504958317,0.0,6.100000000000023,-101.56212000000002
28929600.0,900,iso13790,native,True,19.999999999999996,233.35400615449322,0.0,6.100000000000023,-101.56212000000002
28933200.0,900,iso13790,native,True,20.000000000000007,356.2349226564521,0.0,4.400000000000034,-101.56212000000002
28936800.0,900,iso13790,native,True,20.000000000000004,463.66011585629803,0.0,3.3000000000000114,-101.56212000000002
28940400.0,900,iso13790,native,True,20.000000000000004,520.0701335598973,0.0,3.900000000000034,-101.56212000000002
28944000.0,900,iso13790,native,True,20.000000000000004,635.6486740757533,0.0,2.2000000000000455,-101.56212000000002
28947600.0,900,iso13790,native,True,19.999999999999996,718.622871806892,0.0,1.7000000000000455,-101.56212000000002
28951200.0,900,iso13790,native,True,19.999999999999993,816.2423384230884,0.0,0.6000000000000227,-101.56212000000002
28954800.0,900,iso13790,native,True,20.000000000000004,931.617627855192,0.0,-1.099999999999966,-101.56212000000002
28958400.0,900,iso13790,native,True,19.999999999999993,902.083920612881,0.0,2.2000000000000455,-101.56212000000002
28962000.0,900,iso13790,native,True,19.999999999999993,996.1813461811493,0.0,0.6000000000000227,-101.56212000000002
28965600.0,900,iso13790,native,True,19.999999999999993,1129.6242087676274,0.0,-2.1999999999999886,-101.56212000000002
28969200.0,900,iso13790,native,True,19.999999999999993,1059.5378950744416,0.0,2.2000000000000455,-101.56212000000002
28972800.0,900,iso13790,native,True,19.999999999999993,1049.9452015011132,0.0,3.3000000000000114,10.099362795501676
28976400.0,900,iso13790,native,True,20.0,941.5381552374147,0.0,7.2000000000000455,143.36916238643443
28980000.0,900,iso13790,native,True,20.000000000000004,820.8957677610313,0.0,10.600000000000023,274.2070833604222
28983600.0,900,iso13790,native,True,19.999999999999996,690.366761509538,0.0,13.900000000000034,308.55270303670767
28987200.0,900,iso13790,native,True,20.000000000000007,571.707130585759,0.0,15.600000000000023,543.937914374193
28990800.0,900,iso13790,native,True,20.0,346.1756667239739,0.0,17.200000000000045,1702.0662948034515
28994400.0,900,iso13790,native,True,20.0,138.89040306102493,0.0,16.100000000000023,2838.690061749514
28998000.0,900,iso13790,native,True,20.364183232710456,0.0,0.0,16.700000000000045,3371.1088055783594
29001600.0,900,iso13790,native,True,21.101259365624397,0.0,0.0,15.0,4013.2936990284506
29005200.0,900,iso13790,native,True,20.450344478152818,0.0,0.0,11.100000000000023,1209.8407316812052
29008800.0,900,iso13790,native,True,20.054984652742373,0.0,0.0,11.100000000000023,-101.56212000000002
29012400.0,900,iso13790,native,True,20.000000000000004,170.63432225998218,0.0,6.7000000000000455,-101.56212000000002
29016000.0,900,iso13790,native,True,20.000000000000007,311.9992266412132,0.0,4.400000000000034,-101.56212000000002
29019600.0,900,iso13790,native,True,20.000000000000004,422.9758800295564,0.0,3.3000000000000114,-101.56212000000002
29023200.0,900,iso13790,native,True,20.000000000000004,547.6801602490846,0.0,1.7000000000000455,-101.56212000000002
29026800.0,900,iso13790,native,True,20.000000000000004,659.0237521599826,0.0,0.6000000000000227,-101.56212000000002
29030400.0,900,iso13790,native,True,20.000000000000004,671.7445393741941,0.0,2.8000000000000114,-101.56212000000002
29034000.0,900,iso13790,native,True,20.000000000000004,700.2413934786441,0.0,3.900000000000034,-101.56212000000002
29037600.0,900,iso13790,native,True,19.999999999999996,816.1339704996203,0.0,1.7000000000000455,-101.56212000000002
29041200.0,900,iso13790,native,True,20.000000000000007,840.8968333396485,0.0,2.8000000000000114,-101.56212000000002
29044800.0,900,iso13790,native,True,20.000000000000004,920.8412368125088,0.0,1.7000000000000455,-101.56212000000002
29048400.0,900,iso13790,native,True,19.999999999999986,937.1976830873076,0.0,2.8000000000000114,-101.56212000000002
29052000.0,900,iso13790,native,True,20.000000000000004,976.8966130949246,0.0,2.8000000000000114,-101.56212000000002
29055600.0,900,iso13790,native,True,20.000000000000004,1045.9222824468357,0.0,1.7000000000000455,-101.56212000000002
29059200.0,900,iso13790,native,True,19.99999999999999,1057.0186984370146,0.0,2.2000000000000455,27.092697812619406
29062800.0,900,iso13790,native,True,20.000000000000007,914.7813078637669,0.0,7.2000000000000455,235.5896284725659
29066400.0,900,iso13790,native,True,19.999999999999986,791.1948809514805,0.0,10.600000000000023,361.3236747661454
29070000.0,900,iso13790,native,True,20.000000000000004,643.7378249866388,0.0,13.300000000000011,711.0456665252624
29073600.0,900,iso13790,native,True,20.000000000000007,528.9157159987213,0.0,14.400000000000034,921.2006683830173
29077200.0,900,iso13790,native,True,20.0,387.2023076186504,0.0,13.900000000000034,1754.8168319216547
29080800.0,900,iso13790,native,True,20.000000000000004,199.6746923806893,0.0,14.400000000000034,2395.046611560641
29084400.0,900,iso13790,native,True,20.0,41.82747663548304,0.0,15.0,2438.6062192082386
29088000.0,900,iso13790,native,True,19.999999999999996,161.31729728224343,0.0,11.700000000000045,929.485225237988
29091600.0,900,iso13790,native,True,19.999999999999996,316.9333790671101,0.0,8.900000000000034,-35.175938034484936
29095200.0,900,iso13790,native,True,20.000000000000004,448.26320746971254,0.0,6.100000000000023,-101.56212000000002
29098800.0,900,iso13790,native,True,20.0,503.6412958508135,0.0,6.100000000000023,-101.56212000000002
29102400.0,900,iso13790,native,True,20.000000000000004,619.6012888384945,0.0,3.900000000000034,-101.56212000000002
29106000.0,900,iso13790,native,True,19.999999999999996,727.1889765515511,0.0,2.2000000000000455,-101.56212000000002
29109600.0,900,iso13790,native,True,20.000000000000004,788.0347913667786,0.0,2.2000000000000455,-101.56212000000002
29113200.0,900,iso13790,native,True,19.999999999999993,876.5095691540487,0.0,1.1000000000000227,-101.56212000000002
29116800.0,900,iso13790,native,True,20.0,882.9766388570273,0.0,2.8000000000000114,-101.56212000000002
29120400.0,900,iso13790,native,True,20.000000000000007,944.7635924312988,0.0,2.2000000000000455,-101.56212000000002
29124000.0,900,iso13790,native,True,19.999999999999993,970.4065520253081,0.0,2.8000000000000114,-101.56212000000002
29127600.0,900,iso13790,native,True,19.999999999999993,1025.1742002902627,0.0,2.2000000000000455,-101.56212000000002
29131200.0,900,iso13790,native,True,20.000000000000007,1029.5823238298913,0.0,3.3000000000000114,-101.56212000000002
29134800.0,900,iso13790,native,True,19.999999999999993,1073.0712767217674,0.0,2.8000000000000114,-101.56212000000002
29138400.0,900,iso13790,native,True,19.999999999999986,1152.110459299377,0.0,1.1000000000000227,-101.56212000000002
29142000.0,900,iso13790,native,True,19.999999999999996,1136.450928147505,0.0,2.8000000000000114,-101.56212000000002
29145600.0,900,iso13790,native,True,19.99999999999999,1163.8029069032573,0.0,2.2000000000000455,38.33649324026076
29149200.0,900,iso13790,native,True,20.000000000000007,976.3833223947161,0.0,8.300000000000011,280.71901840286046
29152800.0,900,iso13790,native,True,20.000000000000004,812.802311612139,0.0,12.200000000000045,502.4821708672515
29156400.0,900,iso13790,native,True,20.000000000000004,703.1376973735648,0.0,13.900000000000034,554.4221277514939
29160000.0,900,iso13790,native,True,20.000000000000004,553.9098289174151,0.0,15.600000000000023,934.7891198557993
29163600.0,900,iso13790,native,True,19.999999999999996,385.086667607976,0.0,15.600000000000023,1777.5958178537535
29167200.0,900,iso13790,native,True,20.0,244.6563159126566,0.0,15.0,2140.2809422298064
29170800.0,900,iso13790,native,True,20.0,295.1945199915508,0.0,9.400000000000034,2009.6683011519847
29174400.0,900,iso13790,native,True,20.000000000000004,415.8286388211924,0.0,6.100000000000023,943.4922418784281
29178000.0,900,iso13790,native,True,20.0,511.90320788521535,0.0,3.3000000000000114,756.1806185968895
29181600.0,900,iso13790,native,True,19.999999999999993,731.6661102304151,0.0,-0.5999999999999659,-101.56212000000002
29185200.0,900,iso13790,native,True,20.0,826.9345133697245,0.0,-1.099999999999966,-101.56212000000002
29188800.0,900,iso13790,native,True,19.999999999999996,953.5960361523994,0.0,-2.7999999999999545,-101.56212000000002
29192400.0,900,iso13790,native,True,19.99999999999999,1031.9843443382604,0.0,-2.7999999999999545,-101.56212000000002
29196000.0,900,iso13790,native,True,19.99999999999999,1104.0792519258837,0.0,-2.7999999999999545,-101.56212000000002
29199600.0,900,iso13790,native,True,20.000000000000004,1185.1650994517754,0.0,-3.2999999999999545,-101.56212000000002
29203200.0,900,iso13790,native,True,19.999999999999993,1233.754781149049,0.0,-2.7999999999999545,-101.56212000000002
29206800.0,900,iso13790,native,True,20.000000000000004,1289.650561378025,0.0,-2.7999999999999545,-101.56212000000002
29210400.0,900,iso13790,native,True,19.999999999999993,1355.8378275089271,0.0,-3.2999999999999545,-101.56212000000002
29214000.0,900,iso13790,native,True,20.00000000000001,1423.2390250678939,0.0,-3.8999999999999773,-101.56212000000002
29217600.0,900,iso13790,native,True,19.999999999999986,1471.7803797051795,0.0,-3.8999999999999773,-101.56212000000002
29221200.0,900,iso13790,native,True,20.000000000000014,1516.4245946110132,0.0,-3.8999999999999773,-101.56212000000002
29224800.0,900,iso13790,native,True,19.999999999999993,1557.484551413828,0.0,-3.8999999999999773,-101.56212000000002
29228400.0,900,iso13790,native,True,19.999999999999996,1577.5131217608816,0.0,-3.2999999999999545,-101.56212000000002
29232000.0,900,iso13790,native,True,20.00000000000001,1603.4085264666082,0.0,-3.2999999999999545,-42.22765800000001
29235600.0,900,iso13790,native,True,20.0,1595.8053556936202,0.0,-2.7999999999999545,146.56381199999998
29239200.0,900,iso13790,native,True,20.000000000000004,1574.06662931411,0.0,-2.1999999999999886,302.99102999999997
29242800.0,900,iso13790,native,True,20.000000000000007,1562.357079521103,0.0,-2.1999999999999886,416.26591199999996
29246400.0,900,iso13790,native,True,20.00000000000001,1474.7861580609144,0.0,0.0,578.087172
29250000.0,900,iso13790,native,True,20.0,1386.0003172900672,0.0,1.1000000000000227,890.9416080000001
29253600.0,900,iso13790,native,True,20.000000000000004,1130.799977744107,0.0,3.3000000000000114,2337.621458831265
29257200.0,900,iso13790,native,True,20.000000000000004,1172.4884310803309,0.0,1.7000000000000455,1124.9590502678172
29260800.0,900,iso13790,native,True,20.00000000000001,1218.8498007147484,0.0,0.0,707.7351917062438
29264400.0,900,iso13790,native,True,19.999999999999996,1314.3002258345655,0.0,-1.099999999999966,-37.64616330174399
29268000.0,900,iso13790,native,True,20.000000000000018,1386.6482676894898,0.0,-2.1999999999999886,-101.56212000000002
29271600.0,900,iso13790,native,True,19.999999999999996,1443.717545404366,0.0,-2.7999999999999545,-101.56212000000002
29275200.0,900,iso13790,native,True,20.000000000000007,1465.021587461026,0.0,-2.1999999999999886,-101.56212000000002
29278800.0,900,iso13790,native,True,19.99999999999999,1515.7986679216046,0.0,-2.7999999999999545,-101.56212000000002
29282400.0,900,iso13790,native,True,19.999999999999993,1549.0505716998277,0.0,-2.7999999999999545,-101.56212000000002
29286000.0,900,iso13790,native,True,20.000000000000004,1579.632848387309,0.0,-2.7999999999999545,-101.56212000000002
29289600.0,900,iso13790,native,True,20.000000000000004,1640.2737943814386,0.0,-3.8999999999999773,-101.56212000000002
29293200.0,900,iso13790,native,True,20.000000000000018,1671.390525645083,0.0,-3.8999999999999773,-101.56212000000002
29296800.0,900,iso13790,native,True,19.999999999999986,1682.274161716086,0.0,-3.2999999999999545,-101.56212000000002
29300400.0,900,iso13790,native,True,20.0,1690.9534723102363,0.0,-2.7999999999999545,-101.56212000000002
29304000.0,900,iso13790,native,True,20.000000000000018,1710.1430831747027,0.0,-2.7999999999999545,-101.56212000000002
29307600.0,900,iso13790,native,True,20.000000000000004,1710.057166988934,0.0,-2.1999999999999886,-101.56212000000002
29311200.0,900,iso13790,native,True,20.000000000000007,1723.4266904168803,0.0,-2.1999999999999886,-101.56212000000002
29314800.0,900,iso13790,native,True,19.999999999999993,1735.722842462189,0.0,-2.1999999999999886,-101.56212000000002
29318400.0,900,iso13790,native,True,20.000000000000004,1725.1928785320654,0.0,-1.6999999999999886,-31.43957400000002
29322000.0,900,iso13790,native,True,20.0,1712.1344607109577,0.0,-1.6999999999999886,141.16977
29325600.0,900,iso13790,native,True,20.000000000000007,1690.7176816146844,0.0,-1.6999999999999886,302.99102999999997
29329200.0,900,iso13790,native,True,20.000000000000004,1656.2956822051312,0.0,-1.6999999999999886,513.3586680000001
29332800.0,900,iso13790,native,True,19.999999999999993,1609.3199761701603,0.0,-1.099999999999966,572.69313
29336400.0,900,iso13790,native,True,20.00000000000001,1555.2045341290714,0.0,-0.5999999999999659,691.3620540000001
29340000.0,900,iso13790,native,True,20.000000000000007,1546.4717464108608,0.0,-1.099999999999966,588.875256
29343600.0,900,iso13790,native,True,20.000000000000004,1550.2981173873616,0.0,-1.099999999999966,319.173156
29347200.0,900,iso13790,native,True,20.00000000000002,1559.351122221451,0.0,-1.099999999999966,157.35189599999995
29350800.0,900,iso13790,native,True,20.000000000000018,1585.1172972021307,0.0,-1.099999999999966,-79.98595200000001
29354400.0,900,iso13790,native,True,20.000000000000004,1586.7408790618936,0.0,-0.5999999999999659,-101.56212000000002
29358000.0,900,iso13790,native,True,20.0,1631.094546219455,0.0,-1.6999999999999886,-101.56212000000002
29361600.0,900,iso13790,native,True,19.999999999999986,1662.0106970950594,0.0,-2.1999999999999886,-101.56212000000002
29365200.0,900,iso13790,native,True,20.000000000000004,1711.7515940099863,0.0,-3.2999999999999545,-101.56212000000002
29368800.0,900,iso13790,native,True,19.999999999999993,1732.8433859777972,0.0,-3.2999999999999545,-101.56212000000002
29372400.0,900,iso13790,native,True,19.999999999999996,1784.755790245988,0.0,-4.399999999999977,-101.56212000000002
29376000.0,900,iso13790,native,True,20.000000000000007,1825.57964052862,0.0,-5.0,-101.56212000000002
29379600.0,900,iso13790,native,True,19.999999999999993,1831.9425183153112,0.0,-4.399999999999977,-101.56212000000002
29383200.0,900,iso13790,native,True,20.0,1886.7128752773745,0.0,-5.599999999999966,-101.56212000000002
29386800.0,900,iso13790,native,True,20.000000000000007,1809.6912020642324,0.0,-2.1999999999999886,-101.56212000000002
29390400.0,900,iso13790,native,True,20.000000000000007,1815.0616129911,0.0,-2.1999999999999886,-101.56212000000002
29394000.0,900,iso13790,native,True,19.999999999999993,1820.0008608003757,0.0,-2.1999999999999886,-101.56212000000002
29397600.0,900,iso13790,native,True,20.000000000000018,1727.0016647550547,0.0,1.1000000000000227,-101.56212000000002
29401200.0,900,iso13790,native,True,20.000000000000014,1682.9219181203925,0.0,2.2000000000000455,-101.56212000000002
29404800.0,900,iso13790,native,True,20.000000000000004,1638.73649276422,0.0,2.8000000000000114,3.379551488956551
29408400.0,900,iso13790,native,True,20.000000000000004,1569.1389084532166,0.0,3.3000000000000114,319.3854635093577
29412000.0,900,iso13790,native,True,20.0,1459.147833206396,0.0,4.400000000000034,689.6665129757986
29415600.0,900,iso13790,native,True,20.000000000000007,1386.724349562223,0.0,5.600000000000023,443.5271227842384
29419200.0,900,iso13790,native,True,20.000000000000004,1166.1276494722142,0.0,10.0,850.8698684126963
29422800.0,900,iso13790,native,True,19.999999999999996,1214.4704915018115,0.0,3.900000000000034,1287.3759840359098
29426400.0,900,iso13790,native,True,20.000000000000014,1042.7138480720525,0.0,2.8000000000000114,2572.823484004347
29430000.0,900,iso13790,native,True,19.999999999999996,959.1970533632789,0.0,1.7000000000000455,2420.685956555506
29433600.0,900,iso13790,native,True,19.999999999999993,939.5831181712289,0.0,1.7000000000000455,1547.3930127033022
29437200.0,900,iso13790,native,True,20.000000000000004,1084.039205108581,0.0,0.0,86.49628734035102
29440800.0,900,iso13790,native,True,20.00000000000001,1121.7184816685158,0.0,0.6000000000000227,-101.56212000000002
29444400.0,900,iso13790,native,True,19.999999999999982,1162.3197815053582,0.0,0.6000000000000227,-101.56212000000002
29448000.0,900,iso13790,native,True,19.999999999999993,1235.1311890289137,0.0,-0.5999999999999659,-101.56212000000002
29451600.0,900,iso13790,native,True,20.000000000000004,1275.19985341195,0.0,-0.5999999999999659,-101.56212000000002
29455200.0,900,iso13790,native,True,20.000000000000004,1344.5655730372398,0.0,-1.6999999999999886,-101.56212000000002
29458800.0,900,iso13790,native,True,19.999999999999993,1398.4856852556798,0.0,-2.1999999999999886,-101.56212000000002
29462400.0,900,iso13790,native,True,19.999999999999996,1436.869706316168,0.0,-2.1999999999999886,-101.56212000000002
29466000.0,900,iso13790,native,True,19.999999999999996,1504.6860341065262,0.0,-3.2999999999999545,-101.56212000000002
29469600.0,900,iso13790,native,True,20.000000000000004,1560.1369623698815,0.0,-3.8999999999999773,-101.56212000000002
29473200.0,900,iso13790,native,True,20.000000000000018,1597.687474361728,0.0,-3.8999999999999773,-101.56212000000002
29476800.0,900,iso13790,native,True,20.00000000000001,1632.2232457614716,0.0,-3.8999999999999773,-101.56212000000002
29480400.0,900,iso13790,native,True,19.999999999999996,1678.7653900846321,0.0,-4.399999999999977,-101.56212000000002
29484000.0,900,iso13790,native,True,19.999999999999993,1710.3637829576437,0.0,-4.399999999999977,-101.56212000000002
29487600.0,900,iso13790,native,True,20.00000000000001,1739.4253007632838,0.0,-4.399999999999977,-101.56212000000002
29491200.0,900,iso13790,native,True,20.000000000000018,1759.6368364550094,0.0,-4.399999999999977,-36.83361600000002
29494800.0,900,iso13790,native,True,20.000000000000007,1753.3433788539498,0.0,-4.399999999999977,235.9576146698977
29498400.0,900,iso13790,native,True,20.000000000000004,1705.0540383720713,0.0,-3.2999999999999545,443.23612199999997
29502000.0,900,iso13790,native,True,20.000000000000004,1643.7812330195993,0.0,-2.7999999999999545,790.9270853359485
29505600.0,900,iso13790,native,True,20.000000000000004,1569.6890167618494,0.0,-2.7999999999999545,1216.189118498492
29509200.0,900,iso13790,native,True,19.999999999999993,1574.0627353330624,0.0,-2.7999999999999545,664.391844
29512800.0,900,iso13790,native,True,20.000000000000004,1476.596157644844,0.0,-2.1999999999999886,1277.6665562733615
29516400.0,900,iso13790,native,True,19.999999999999993,1428.662026222519,0.0,-2.7999999999999545,1416.116219630123
29520000.0,900,iso13790,native,True,20.000000000000004,1432.8768035167927,0.0,-2.7999999999999545,857.6418456395843
29523600.0,900,iso13790,native,True,19.999999999999996,1460.5308535520296,0.0,-3.2999999999999545,546.9951170540434
29527200.0,900,iso13790,native,True,20.000000000000004,1545.3970026270695,0.0,-3.8999999999999773,-101.56212000000002
29530800.0,900,iso13790,native,True,20.000000000000007,1598.909986647262,0.0,-4.399999999999977,-101.56212000000002
29534400.0,900,iso13790,native,True,20.000000000000004,1654.6544560708896,0.0,-5.0,-101.56212000000002
29538000.0,900,iso13790,native,True,20.0,1724.9889078359531,0.0,-6.099999999999966,-101.56212000000002
29541600.0,900,iso13790,native,True,19.999999999999996,1782.7557926424697,0.0,-6.699999999999989,-101.56212000000002
29545200.0,900,iso13790,native,True,20.000000000000004,1837.2153999947675,0.0,-7.199999999999989,-101.56212000000002
29548800.0,900,iso13790,native,True,19.999999999999993,1908.609568402108,0.0,-8.299999999999955,-101.56212000000002
29552400.0,900,iso13790,native,True,20.000000000000004,1967.3510905641492,0.0,-8.899999999999977,-101.56212000000002
29556000.0,900,iso13790,native,True,19.999999999999996,1990.1931210233106,0.0,-8.299999999999955,-101.56212000000002
29559600.0,900,iso13790,native,True,20.0,2042.3847125801983,0.0,-8.899999999999977,-101.56212000000002
29563200.0,900,iso13790,native,True,20.000000000000018,2076.937563516615,0.0,-8.899999999999977,-101.56212000000002
29566800.0,900,iso13790,native,True,20.000000000000007,2123.495416146873,0.0,-9.399999999999977,-101.56212000000002
29570400.0,900,iso13790,native,True,20.000000000000014,2155.1082561864923,0.0,-9.399999999999977,-101.56212000000002
29574000.0,900,iso13790,native,True,19.99999999999999,2184.183061268829,0.0,-9.399999999999977,-101.56212000000002
29577600.0,900,iso13790,native,True,19.999999999999993,2167.9162321335534,0.0,-8.299999999999955,2.6645185823199995
29581200.0,900,iso13790,native,True,20.00000000000001,2076.6436110518916,0.0,-5.599999999999966,254.136956224349
29584800.0,900,iso13790,native,True,20.000000000000004,1989.4802864615056,0.0,-3.2999999999999545,311.5887221118112
29588400.0,900,iso13790,native,True,20.00000000000001,1847.4467086322775,0.0,-0.5999999999999659,668.2241300630532
29592000.0,900,iso13790,native,True,20.000000000000004,1706.0490273048001,0.0,2.2000000000000455,695.5255054398164
29595600.0,900,iso13790,native,True,19.999999999999996,1499.8758265046781,0.0,4.400000000000034,1439.9589942405496
29599200.0,900,iso13790,native,True,20.000000000000004,1282.0917875406367,0.0,3.900000000000034,2651.2230486378703
29602800.0,900,iso13790,native,True,20.000000000000014,1121.7399130085685,0.0,3.3000000000000114,2799.1824698080136
29606400.0,900,iso13790,native,True,19.999999999999996,1009.3413384472282,0.0,1.7000000000000455,2845.5376282194516
29610000.0,900,iso13790,native,True,20.000000000000004,1154.570126845075,0.0,0.6000000000000227,361.3649721874343
29613600.0,900,iso13790,native,True,20.0,1278.9833258437018,0.0,-1.6999999999999886,-101.56212000000002
29617200.0,900,iso13790,native,True,19.999999999999996,1338.1687048254332,0.0,-2.1999999999999886,-101.56212000000002
29620800.0,900,iso13790,native,True,20.000000000000018,1381.3952710244637,0.0,-2.1999999999999886,-101.56212000000002
29624400.0,900,iso13790,native,True,20.000000000000007,1421.1513949614628,0.0,-2.1999999999999886,-101.56212000000002
29628000.0,900,iso13790,native,True,20.00000000000001,1540.4785222774344,0.0,-5.0,-101.56212000000002
29631600.0,900,iso13790,native,True,20.000000000000004,1605.2005067569448,0.0,-5.599999999999966,-101.56212000000002
29635200.0,900,iso13790,native,True,19.999999999999993,1683.7917143227048,0.0,-6.699999999999989,-101.56212000000002
29638800.0,900,iso13790,native,True,20.000000000000007,1763.9315370368734,0.0,-7.7999999999999545,-101.56212000000002
29642400.0,900,iso13790,native,True,20.0,1845.495644425587,0.0,-8.899999999999977,-101.56212000000002
29646000.0,900,iso13790,native,True,20.00000000000001,1895.855722332293,0.0,-8.899999999999977,-101.56212000000002
29649600.0,900,iso13790,native,True,20.000000000000004,1942.1726444194558,0.0,-8.899999999999977,-101.56212000000002
29653200.0,900,iso13790,native,True,20.000000000000004,1999.5500904571493,0.0,-9.399999999999977,-101.56212000000002
29656800.0,900,iso13790,native,True,20.00000000000002,2076.5836540966507,0.0,-10.599999999999966,-101.56212000000002
29660400.0,900,iso13790,native,True,19.999999999999993,2085.0657184492593,0.0,-9.399999999999977,-101.56212000000002
29664000.0,900,iso13790,native,True,20.000000000000018,2046.2168935250586,0.0,-7.199999999999989,-16.945790124485722
29667600.0,900,iso13790,native,True,20.0,1982.822783355013,0.0,-5.0,135.25030370984535
29671200.0,900,iso13790,native,True,20.0,1871.9845149450346,0.0,-1.6999999999999886,238.29205098780687
29674800.0,900,iso13790,native,True,20.000000000000004,1741.7312272929853,0.0,1.7000000000000455,296.8263118470004
29678400.0,900,iso13790,native,True,19.999999999999986,1613.2334746600352,0.0,3.900000000000034,517.5004688422019
29682000.0,900,iso13790,native,True,20.000000000000007,1438.5361159625922,0.0,3.3000000000000114,1832.224753441264
29685600.0,900,iso13790,native,True,20.0,1188.8007304390783,0.0,3.3000000000000114,3104.1717605683025
29689200.0,900,iso13790,native,True,19.999999999999996,948.0685327018131,0.0,2.2000000000000455,4040.788349248591
29692800.0,900,iso13790,native,True,19.999999999999993,767.9242278740688,0.0,1.1000000000000227,4080.1032657266996
29696400.0,900,iso13790,native,True,19.999999999999993,944.3323041245604,0.0,-1.6999999999999886,1274.9995868903604
29700000.0,900,iso13790,native,True,19.999999999999986,1117.808596869399,0.0,-3.2999999999999545,-101.56212000000002
29703600.0,900,iso13790,native,True,20.0,1236.833922411544,0.0,-5.0,-101.56212000000002
29707200.0,900,iso13790,native,True,20.0,1290.4642146935657,0.0,-4.399999999999977,-101.56212000000002
29710800.0,900,iso13790,native,True,19.999999999999996,1370.972234328469,0.0,-5.0,-101.56212000000002
29714400.0,900,iso13790,native,True,19.999999999999996,1449.3030209198193,0.0,-5.599999999999966,-101.56212000000002
29718000.0,900,iso13790,native,True,20.000000000000007,1507.8964831927676,0.0,-5.599999999999966,-101.56212000000002
29721600.0,900,iso13790,native,True,20.0,1576.56484812733,0.0,-6.099999999999966,-101.56212000000002
29725200.0,900,iso13790,native,True,20.00000000000001,1613.7339840747309,0.0,-5.599999999999966,-101.56212000000002
29728800.0,900,iso13790,native,True,20.000000000000007,1691.6400819283447,0.0,-6.699999999999989,-101.56212000000002
29732400.0,900,iso13790,native,True,20.000000000000018,1720.9009430764743,0.0,-6.099999999999966,-101.56212000000002
29736000.0,900,iso13790,native,True,19.999999999999993,1746.482064340009,0.0,-5.599999999999966,-101.56212000000002
29739600.0,900,iso13790,native,True,20.000000000000007,1781.2165250229477,0.0,-5.599999999999966,-101.56212000000002
29743200.0,900,iso13790,native,True,20.000000000000007,1795.4274413248663,0.0,-5.0,-101.56212000000002
29746800.0,900,iso13790,native,True,20.000000000000004,1839.680867204426,0.0,-5.599999999999966,-101.56212000000002
29750400.0,900,iso13790,native,True,20.0,1840.3894673137684,0.0,-5.0,-14.070800199168772
29754000.0,900,iso13790,native,True,19.999999999999993,1789.1998005955213,0.0,-3.8999999999999773,346.143366
29757600.0,900,iso13790,native,True,20.0,1742.7727345282963,0.0,-3.2999999999999545,551.116962
29761200.0,900,iso13790,native,True,20.0,1632.7575209518145,0.0,-1.099999999999966,788.6282420784083
29764800.0,900,iso13790,native,True,20.0,1514.7671565584587,0.0,-1.099999999999966,1539.4634809577406
29768400.0,900,iso13790,native,True,20.000000000000007,1394.0362725365121,0.0,2.2000000000000455,989.41106490119
29772000.0,900,iso13790,native,True,20.000000000000004,1037.8802948528246,0.0,7.2000000000000455,2472.8753453582017
29775600.0,900,iso13790,native,True,20.000000000000007,1032.425510360989,0.0,8.300000000000011,651.4739106258456
29779200.0,900,iso13790,native,True,20.000000000000004,932.3686931779516,0.0,7.2000000000000455,1441.6702949394012
29782800.0,900,iso13790,native,True,20.000000000000004,1048.3231811444964,0.0,4.400000000000034,266.1379607096617
29786400.0,900,iso13790,native,True,20.000000000000004,1097.1163660215914,0.0,3.900000000000034,-101.56212000000002
29790000.0,900,iso13790,native,True,19.999999999999986,1181.145859791607,0.0,1.7000000000000455,-101.56212000000002
29793600.0,900,iso13790,native,True,20.000000000000004,1209.1177306464037,0.0,1.7000000000000455,-101.56212000000002
29797200.0,900,iso13790,native,True,20.0,1317.606702928634,0.0,-1.099999999999966,-101.56212000000002
29800800.0,900,iso13790,native,True,19.999999999999982,1404.874638545381,0.0,-2.7999999999999545,-101.56212000000002
29804400.0,900,iso13790,native,True,20.000000000000007,1494.325112132775,0.0,-4.399999999999977,-101.56212000000002
29808000.0,900,iso13790,native,True,19.999999999999993,1576.2010622019982,0.0,-5.599999999999966,-101.56212000000002
29811600.0,900,iso13790,native,True,20.000000000000004,1639.3855981275274,0.0,-6.099999999999966,-101.56212000000002
29815200.0,900,iso13790,native,True,19.999999999999986,1704.0251394946677,0.0,-6.699999999999989,-101.56212000000002
29818800.0,900,iso13790,native,True,20.000000000000004,1732.291667042535,0.0,-6.099999999999966,-101.56212000000002
29822400.0,900,iso13790,native,True,20.000000000000004,1821.9862158135968,0.0,-7.7999999999999545,-101.56212000000002
29826000.0,900,iso13790,native,True,19.999999999999993,1866.3754412683677,0.0,-7.7999999999999545,-101.56212000000002
29829600.0,900,iso13790,native,True,20.000000000000007,1874.6869148855371,0.0,-6.699999999999989,-101.56212000000002
29833200.0,900,iso13790,native,True,20.000000000000007,1906.9867623804607,0.0,-6.699999999999989,-101.56212000000002
29836800.0,900,iso13790,native,True,20.0,1879.1742064551047,0.0,-5.0,-29.34865089492081
29840400.0,900,iso13790,native,True,20.000000000000014,1744.5535498487295,0.0,-0.5999999999999659,169.00402720451874
29844000.0,900,iso13790,native,True,20.000000000000004,1579.1811159140968,0.0,3.3000000000000114,494.96887999532623
29847600.0,900,iso13790,native,True,20.0,1416.9948042337448,0.0,7.2000000000000455,447.6093271251722
29851200.0,900,iso13790,native,True,20.000000000000007,1298.5200947779713,0.0,8.300000000000011,669.3241348135086
29854800.0,900,iso13790,native,True,20.00000000000001,1120.4746572634076,0.0,8.300000000000011,1688.2298872293181
29858400.0,900,iso13790,native,True,20.0,951.772380542977,0.0,8.900000000000034,1964.945195572401
29862000.0,900,iso13790,native,True,20.00000000000001,743.7205658716971,0.0,8.300000000000011,2909.6843750075705
29865600.0,900,iso13790,native,True,20.000000000000004,661.1780193452663,0.0,6.7000000000000455,2539.4296981483662
29869200.0,900,iso13790,native,True,19.999999999999993,911.1032819626314,0.0,2.2000000000000455,121.23103863285311
29872800.0,900,iso13790,native,True,19.999999999999993,998.5844839998848,0.0,1.1000000000000227,-101.56212000000002
29876400.0,900,iso13790,native,True,20.0,1078.01359791507,0.0,0.0,-101.56212000000002
29880000.0,900,iso13790,native,True,20.000000000000004,1176.6589460164282,0.0,-1.6999999999999886,-101.56212000000002
29883600.0,900,iso13790,native,True,20.00000000000001,1244.0594316655083,0.0,-2.1999999999999886,-101.56212000000002
29887200.0,900,iso13790,native,True,20.0,1312.5764454867412,0.0,-2.7999999999999545,-101.56212000000002
29890800.0,900,iso13790,native,True,19.999999999999982,1376.923108393716,0.0,-3.2999999999999545,-101.56212000000002
29894400.0,900,iso13790,native,True,20.000000000000004,1442.631475447659,0.0,-3.8999999999999773,-101.56212000000002
29898000.0,900,iso13790,native,True,20.000000000000007,1504.3949836237725,0.0,-4.399999999999977,-101.56212000000002
29901600.0,900,iso13790,native,True,20.000000000000004,1535.2136188214142,0.0,-3.8999999999999773,-101.56212000000002
29905200.0,900,iso13790,native,True,20.00000000000001,1574.765099947916,0.0,-3.8999999999999773,-101.56212000000002
29908800.0,900,iso13790,native,True,20.000000000000014,1611.141192795944,0.0,-3.8999999999999773,-101.56212000000002
29912400.0,900,iso13790,native,True,20.000000000000004,1644.5968332220516,0.0,-3.8999999999999773,-101.56212000000002
29916000.0,900,iso13790,native,True,20.00000000000001,1725.6153454187663,0.0,-5.599999999999966,-101.56212000000002
29919600.0,900,iso13790,native,True,20.00000000000001,1776.8041646214322,0.0,-6.099999999999966,-101.56212000000002
29923200.0,900,iso13790,native,True,19.999999999999996,1771.7378202741977,0.0,-5.0,-17.886121277001173
29926800.0,900,iso13790,native,True,20.000000000000004,1660.0440395523333,0.0,-1.099999999999966,178.29050908063616
29930400.0,900,iso13790,native,True,20.0,1545.6503938836431,0.0,2.2000000000000455,271.31999954760875
29934000.0,900,iso13790,native,True,20.000000000000007,1459.089130214804,0.0,3.900000000000034,358.53481410285144
29937600.0,900,iso13790,native,True,20.000000000000004,1339.2238675057781,0.0,6.100000000000023,525.4891131432518
29941200.0,900,iso13790,native,True,20.0,1152.6519764537215,0.0,6.7000000000000455,1663.426776686245
29944800.0,900,iso13790,native,True,19.999999999999986,951.2381922925135,0.0,6.7000000000000455,2544.0543140596324
29948400.0,900,iso13790,native,True,19.999999999999996,843.6577586873466,0.0,6.7000000000000455,2121.565564492039
29952000.0,900,iso13790,native,True,19.999999999999996,874.5714475925754,0.0,3.900000000000034,1486.4080343974683
29955600.0,900,iso13790,native,True,20.000000000000004,1017.5548851464715,0.0,1.7000000000000455,119.49184430561618
29959200.0,900,iso13790,native,True,20.000000000000004,1135.4619897636655,0.0,-0.5999999999999659,-101.56212000000002
29962800.0,900,iso13790,native,True,20.000000000000007,1198.3116650514266,0.0,-1.099999999999966,-101.56212000000002
29966400.0,900,iso13790,native,True,20.000000000000004,1277.422305295704,0.0,-2.1999999999999886,-101.56212000000002
29970000.0,900,iso13790,native,True,19.999999999999996,1358.0398580670958,0.0,-3.2999999999999545,-101.56212000000002
29973600.0,900,iso13790,native,True,20.0,1360.2363346407928,0.0,-1.6999999999999886,-101.56212000000002
29977200.0,900,iso13790,native,True,20.000000000000014,1398.1192454595985,0.0,-1.6999999999999886,-101.56212000000002
29980800.0,900,iso13790,native,True,19.999999999999986,1480.2537698625936,0.0,-3.2999999999999545,-101.56212000000002
29984400.0,900,iso13790,native,True,19.999999999999993,1552.4453162370194,0.0,-4.399999999999977,-101.56212000000002
29988000.0,900,iso13790,native,True,20.000000000000004,1594.1853086255778,0.0,-4.399999999999977,-101.56212000000002
29991600.0,900,iso13790,native,True,20.00000000000001,1650.3090985394215,0.0,-5.0,-101.56212000000002
29995200.0,900,iso13790,native,True,20.000000000000004,1706.213341823227,0.0,-5.599999999999966,-101.56212000000002
29998800.0,900,iso13790,native,True,19.999999999999993,1776.6947400137328,0.0,-6.699999999999989,-101.56212000000002
30002400.0,900,iso13790,native,True,20.000000000000004,1816.861883362253,0.0,-6.699999999999989,-101.56212000000002
30006000.0,900,iso13790,native,True,19.999999999999996,1821.2902444805973,0.0,-5.599999999999966,-101.56212000000002
30009600.0,900,iso13790,native,True,20.00000000000001,1823.6623269401498,0.0,-5.0,-15.928118209677223
30013200.0,900,iso13790,native,True,20.000000000000004,1715.999744877207,0.0,-1.6999999999999886,273.7728788148276
30016800.0,900,iso13790,native,True,20.000000000000004,1567.7561615023228,0.0,2.2000000000000455,467.16764055730425
30020400.0,900,iso13790,native,True,20.0,1411.9820440094209,0.0,6.100000000000023,460.0687947198305
30024000.0,900,iso13790,native,True,20.000000000000004,1316.71525396894,0.0,6.100000000000023,848.7444079073889
30027600.0,900,iso13790,native,True,19.999999999999993,1137.844387236839,0.0,6.7000000000000455,1732.958597957328
30031200.0,900,iso13790,native,True,19.999999999999993,936.9373443918312,0.0,6.7000000000000455,2578.377689351852
30034800.0,900,iso13790,native,True,19.999999999999993,792.5991186391187,0.0,5.600000000000023,2834.6164937449244
30038400.0,900,iso13790,native,True,20.000000000000004,670.3630370064917,0.0,4.400000000000034,2939.1196815075023
30042000.0,900,iso13790,native,True,19.999999999999986,867.5255397697803,0.0,1.1000000000000227,607.2301993384
30045600.0,900,iso13790,native,True,20.00000000000001,985.7496481733278,0.0,0.0,-101.56212000000002
30049200.0,900,iso13790,native,True,20.000000000000007,1059.288436371645,0.0,-0.5999999999999659,-101.56212000000002
30052800.0,900,iso13790,native,True,20.000000000000004,1178.5025566483428,0.0,-2.7999999999999545,-101.56212000000002
30056400.0,900,iso13790,native,True,20.000000000000004,1253.6133336400796,0.0,-3.2999999999999545,-101.56212000000002
30060000.0,900,iso13790,native,True,20.000000000000004,1329.2216185282314,0.0,-3.8999999999999773,-101.56212000000002
30063600.0,900,iso13790,native,True,20.000000000000007,1385.3111549831342,0.0,-3.8999999999999773,-101.56212000000002
30067200.0,900,iso13790,native,True,20.000000000000004,1436.8975463842685,0.0,-3.8999999999999773,-101.56212000000002
30070800.0,900,iso13790,native,True,20.0,1451.8283619135652,0.0,-2.7999999999999545,-101.56212000000002
30074400.0,900,iso13790,native,True,20.000000000000004,1504.995193102931,0.0,-3.2999999999999545,-101.56212000000002
30078000.0,900,iso13790,native,True,20.000000000000004,1592.9352661022015,0.0,-5.0,-101.56212000000002
30081600.0,900,iso13790,native,True,20.000000000000018,1653.4457640653122,0.0,-5.599999999999966,-101.56212000000002
30085200.0,900,iso13790,native,True,20.000000000000004,1728.163604055811,0.0,-6.699999999999989,-101.56212000000002
30088800.0,900,iso13790,native,True,20.000000000000004,1804.7410322770475,0.0,-7.7999999999999545,-101.56212000000002
30092400.0,900,iso13790,native,True,20.000000000000007,1800.2659304068452,0.0,-6.099999999999966,-101.56212000000002
30096000.0,900,iso13790,native,True,20.000000000000007,1842.417411242418,0.0,-6.699999999999989,-6.489425500146808
30099600.0,900,iso13790,native,True,20.000000000000007,1756.0083410918846,0.0,-3.8999999999999773,318.87642726496864
30103200.0,900,iso13790,native,True,20.000000000000004,1621.2318865053142,0.0,0.0,475.47649794450854
30106800.0,900,iso13790,native,True,20.000000000000004,1531.1047449375337,0.0,1.7000000000000455,570.6751577144344
30110400.0,900,iso13790,native,True,20.0,1418.4320524514842,0.0,3.3000000000000114,812.9303611051666
30114000.0,900,iso13790,native,True,19.999999999999986,1221.9707689570907,0.0,5.0,1688.1079998116563
30117600.0,900,iso13790,native,True,20.000000000000004,980.88365256378,0.0,5.600000000000023,2837.0890384666695
30121200.0,900,iso13790,native,True,20.000000000000004,761.328055129845,0.0,6.100000000000023,3257.4877478793055
30124800.0,900,iso13790,native,True,20.000000000000004,665.3538726473632,0.0,5.600000000000023,2629.7582010038104
30128400.0,900,iso13790,native,True,20.000000000000007,833.9131416430126,0.0,3.900000000000034,217.8684149254708
30132000.0,900,iso13790,native,True,20.000000000000007,919.3016526253124,0.0,2.8000000000000114,-101.56212000000002
30135600.0,900,iso13790,native,True,19.999999999999996,992.9513299072783,0.0,1.7000000000000455,-101.56212000000002
30139200.0,900,iso13790,native,True,20.000000000000007,1053.7672775498875,0.0,1.1000000000000227,-101.56212000000002
30142800.0,900,iso13790,native,True,19.999999999999996,1111.0311539122422,0.0,0.6000000000000227,-101.56212000000002
30146400.0,900,iso13790,native,True,20.00000000000001,1187.9602658109434,0.0,-0.5999999999999659,-101.56212000000002
30150000.0,900,iso13790,native,True,20.000000000000007,1329.3579415634695,0.0,-3.8999999999999773,-101.56212000000002
30153600.0,900,iso13790,native,True,19.999999999999996,1400.2156085804781,0.0,-4.399999999999977,-101.56212000000002
30157200.0,900,iso13790,native,True,20.000000000000004,1471.91224417189,0.0,-5.0,-101.56212000000002
30160800.0,900,iso13790,native,True,20.0,1524.4041778580822,0.0,-5.0,-101.56212000000002
30164400.0,900,iso13790,native,True,20.000000000000007,1554.9469095134368,0.0,-4.399999999999977,-101.56212000000002
30168000.0,900,iso13790,native,True,20.00000000000001,1581.706986387792,0.0,-3.8999999999999773,-101.56212000000002
30171600.0,900,iso13790,native,True,20.000000000000007,1650.0397158486899,0.0,-5.0,-101.56212000000002
30175200.0,900,iso13790,native,True,20.000000000000004,1738.4795520528971,0.0,-6.699999999999989,-101.56212000000002
30178800.0,900,iso13790,native,True,19.999999999999993,1781.714799463617,0.0,-6.699999999999989,-101.56212000000002
30182400.0,900,iso13790,native,True,20.0,1763.8242748547254,0.0,-5.0,-28.003572819127108
30186000.0,900,iso13790,native,True,20.00000000000001,1619.6297954828033,0.0,0.0,180.46075780697555
30189600.0,900,iso13790,native,True,20.000000000000018,1475.1837194439631,0.0,3.900000000000034,348.6994311028555
30193200.0,900,iso13790,native,True,20.000000000000004,1281.0015055579752,0.0,8.300000000000011,601.021937006779
30196800.0,900,iso13790,native,True,19.999999999999993,1134.377101815627,0.0,10.600000000000023,687.791599677002
30200400.0,900,iso13790,native,True,19.999999999999993,946.9915832830699,0.0,11.700000000000045,1433.0613471275935
30204000.0,900,iso13790,native,True,20.000000000000004,815.857054462979,0.0,10.0,2063.043230217862
30207600.0,900,iso13790,native,True,20.0,653.4185830786626,0.0,9.400000000000034,2525.8228025747003
30211200.0,900,iso13790,native,True,19.999999999999993,680.6939683160228,0.0,9.400000000000034,820.7817153963384
30214800.0,900,iso13790,native,True,20.000000000000004,758.3676992524023,0.0,7.800000000000011,92.65040061651325
30218400.0,900,iso13790,native,True,20.000000000000004,784.451334056745,0.0,7.800000000000011,-101.56212000000002
30222000.0,900,iso13790,native,True,19.999999999999996,768.1799594378061,0.0,8.900000000000034,-101.56212000000002
30225600.0,900,iso13790,native,True,20.0,777.8705911856565,0.0,8.900000000000034,-101.56212000000002
30229200.0,900,iso13790,native,True,19.999999999999993,804.518101446216,0.0,8.300000000000011,-101.56212000000002
30232800.0,900,iso13790,native,True,19.999999999999996,848.0916416609458,0.0,7.2000000000000455,-101.56212000000002
30236400.0,900,iso13790,native,True,19.999999999999996,910.8042635856195,0.0,5.600000000000023,-101.56212000000002
30240000.0,900,iso13790,native,True,19.999999999999996,1000.6029743486913,0.0,3.3000000000000114,-101.56212000000002
30243600.0,900,iso13790,native,True,19.999999999999993,1078.93249811439,0.0,1.7000000000000455,-101.56212000000002
30247200.0,900,iso13790,native,True,20.000000000000004,1197.873383944195,0.0,-1.099999999999966,-101.56212000000002
30250800.0,900,iso13790,native,True,20.00000000000001,1229.7261707646658,0.0,-0.5999999999999659,-101.56212000000002
30254400.0,900,iso13790,native,True,19.999999999999993,1270.228776713282,0.0,-0.5999999999999659,-101.56212000000002
30258000.0,900,iso13790,native,True,20.000000000000004,1307.4796333844097,0.0,-0.5999999999999659,-101.56212000000002
30261600.0,900,iso13790,native,True,20.000000000000004,1374.2537728201137,0.0,-1.6999999999999886,-101.56212000000002
30265200.0,900,iso13790,native,True,19.999999999999993,1343.0275483151438,0.0,0.6000000000000227,-101.56212000000002
30268800.0,900,iso13790,native,True,20.000000000000004,1358.6164050133937,0.0,0.6000000000000227,-29.60390062159137
30272400.0,900,iso13790,native,True,20.0,1208.994474435919,0.0,5.0,335.6542674254989
30276000.0,900,iso13790,native,True,19.999999999999993,1037.7414443624118,0.0,9.400000000000034,502.32319046028175
30279600.0,900,iso13790,native,True,20.000000000000004,927.4467061581142,0.0,10.600000000000023,726.7187210539633
30283200.0,900,iso13790,native,True,20.000000000000004,811.7090924408219,0.0,12.200000000000045,755.0545357648622
30286800.0,900,iso13790,native,True,19.999999999999996,632.3749192969276,0.0,12.800000000000011,1670.310127773028
30290400.0,900,iso13790,native,True,20.000000000000004,473.7411611668052,0.0,12.200000000000045,2280.065631060022
30294000.0,900,iso13790,native,True,19.999999999999996,380.08348138809527,0.0,10.600000000000023,2338.9339995314535
30297600.0,900,iso13790,native,True,19.999999999999996,421.322305287794,0.0,8.900000000000034,1239.96310838947
30301200.0,900,iso13790,native,True,19.999999999999996,557.683805374997,0.0,6.100000000000023,270.4267306336314
30304800.0,900,iso13790,native,True,20.000000000000004,734.3920749335342,0.0,2.2000000000000455,-101.56212000000002
30308400.0,900,iso13790,native,True,20.0,827.1735549766045,0.0,1.1000000000000227,-101.56212000000002
30312000.0,900,iso13790,native,True,19.999999999999993,938.0992752960163,0.0,-0.5999999999999659,-101.56212000000002
30315600.0,900,iso13790,native,True,20.000000000000007,1016.7942042197635,0.0,-1.099999999999966,-101.56212000000002
30319200.0,900,iso13790,native,True,20.000000000000018,1063.1849220707709,0.0,-0.5999999999999659,-101.56212000000002
30322800.0,900,iso13790,native,True,19.999999999999993,1149.5722476806427,0.0,-1.6999999999999886,-101.56212000000002
30326400.0,900,iso13790,native,True,19.999999999999993,1204.3683120243159,0.0,-1.6999999999999886,-101.56212000000002
30330000.0,900,iso13790,native,True,20.000000000000004,1254.7650776447178,0.0,-1.6999999999999886,-101.56212000000002
30333600.0,900,iso13790,native,True,20.000000000000004,1366.1436730693156,0.0,-3.8999999999999773,-101.56212000000002
30337200.0,900,iso13790,native,True,19.999999999999996,1336.5061032075246,0.0,-1.099999999999966,-101.56212000000002
30340800.0,900,iso13790,native,True,20.000000000000018,1357.2287705173376,0.0,-0.5999999999999659,-101.56212000000002
30344400.0,900,iso13790,native,True,20.000000000000004,1402.2739131781673,0.0,-1.099999999999966,-101.56212000000002
30348000.0,900,iso13790,native,True,20.000000000000018,1465.0094566243974,0.0,-2.1999999999999886,-101.56212000000002
30351600.0,900,iso13790,native,True,20.0,1530.5665862572403,0.0,-3.2999999999999545,-101.56212000000002
30355200.0,900,iso13790,native,True,20.000000000000007,1429.1476626757726,0.0,1.1000000000000227,-32.0212673359326
30358800.0,900,iso13790,native,True,19.999999999999993,1300.997148475202,0.0,5.0,176.50117687091955
30362400.0,900,iso13790,native,True,20.000000000000004,1146.7848523300092,0.0,9.400000000000034,196.64174550269712
30366000.0,900,iso13790,native,True,20.000000000000004,996.062398816794,0.0,12.800000000000011,274.30859671987986
30369600.0,900,iso13790,native,True,19.999999999999993,821.3284958814246,0.0,16.100000000000023,451.8709652276197
30373200.0,900,iso13790,native,True,19.999999999999993,574.9936687000454,0.0,17.200000000000045,1784.4789554411652
30376800.0,900,iso13790,native,True,20.000000000000004,309.6691560070606,0.0,17.200000000000045,2942.4060996445746
30380400.0,900,iso13790,native,True,20.000000000000004,15.827382256081515,0.0,17.80000000000001,3719.853328063892
30384000.0,900,iso13790,native,True,20.468017181334517,0.0,0.0,16.100000000000023,3440.665107694511
30387600.0,900,iso13790,native,True,19.999999999999993,87.42854677762708,0.0,10.600000000000023,972.1693349710832
30391200.0,900,iso13790,native,True,20.0,282.95627250842034,0.0,7.2000000000000455,-101.56212000000002
30394800.0,900,iso13790,native,True,20.000000000000004,358.5267879374877,0.0,6.7000000000000455,-101.56212000000002
30398400.0,900,iso13790,native,True,20.000000000000004,532.0997978321635,0.0,2.8000000000000114,-101.56212000000002
30402000.0,900,iso13790,native,True,20.0,604.3219871422361,0.0,2.8000000000000114,-101.56212000000002
30405600.0,900,iso13790,native,True,19.999999999999993,623.4527815402935,0.0,4.400000000000034,-101.56212000000002
30409200.0,900,iso13790,native,True,19.999999999999993,724.2034802936463,0.0,2.8000000000000114,-101.56212000000002
30412800.0,900,iso13790,native,True,20.000000000000004,813.5166025826978,0.0,1.7000000000000455,-101.56212000000002
30416400.0,900,iso13790,native,True,20.000000000000004,888.7384564940262,0.0,1.1000000000000227,-101.56212000000002
30420000.0,900,iso13790,native,True,19.999999999999993,926.7376962612556,0.0,1.7000000000000455,-101.56212000000002
30423600.0,900,iso13790,native,True,20.00000000000001,910.1067800972884,0.0,3.900000000000034,-101.56212000000002
30427200.0,900,iso13790,native,True,19.999999999999993,1124.4271141426302,0.0,-2.1999999999999886,-101.56212000000002
30430800.0,900,iso13790,native,True,19.999999999999993,939.4812619377242,0.0,6.100000000000023,-101.56212000000002
30434400.0,900,iso13790,native,True,20.000000000000007,987.9359039688834,0.0,5.0,-101.56212000000002
30438000.0,900,iso13790,native,True,19.999999999999993,1007.8447079487486,0.0,5.0,-101.56212000000002
30441600.0,900,iso13790,native,True,19.999999999999993,1035.186264197726,0.0,4.400000000000034,-15.111230102809643
30445200.0,900,iso13790,native,True,19.999999999999996,1003.558006402911,0.0,5.600000000000023,97.17477460753389
30448800.0,900,iso13790,native,True,20.000000000000004,952.1258845853994,0.0,6.7000000000000455,307.79751833949103
30452400.0,900,iso13790,native,True,20.000000000000007,864.4643376322404,0.0,8.300000000000011,567.2643412529628
30456000.0,900,iso13790,native,True,19.999999999999993,803.9150062641372,0.0,8.300000000000011,826.8854304646026
30459600.0,900,iso13790,native,True,19.999999999999996,641.4853798973176,0.0,8.900000000000034,1813.813411550256
30463200.0,900,iso13790,native,True,20.0,485.53248169489177,0.0,8.300000000000011,2579.763245484519
30466800.0,900,iso13790,native,True,20.000000000000004,401.7981931330287,0.0,7.800000000000011,2303.492991558677
30470400.0,900,iso13790,native,True,20.0,293.81227299319374,0.0,6.100000000000023,2889.474682703241
30474000.0,900,iso13790,native,True,20.000000000000004,466.41429960719455,0.0,4.400000000000034,541.4153982908433
30477600.0,900,iso13790,native,True,20.0,623.1553697604752,0.0,2.2000000000000455,-101.56212000000002
30481200.0,900,iso13790,native,True,19.999999999999993,674.6186261282854,0.0,2.8000000000000114,-101.56212000000002
30484800.0,900,iso13790,native,True,19.999999999999993,767.9126654455225,0.0,1.7000000000000455,-101.56212000000002
30488400.0,900,iso13790,native,True,20.0,796.5469728555206,0.0,2.8000000000000114,-101.56212000000002
30492000.0,900,iso13790,native,True,20.000000000000004,847.5380366570745,0.0,2.8000000000000114,-101.56212000000002
30495600.0,900,iso13790,native,True,19.999999999999996,912.1701762730821,0.0,2.2000000000000455,-101.56212000000002
30499200.0,900,iso13790,native,True,20.000000000000004,990.6787521647944,0.0,1.1000000000000227,-101.56212000000002
30502800.0,900,iso13790,native,True,20.000000000000007,1088.4774675824135,0.0,-0.5999999999999659,-101.56212000000002
30506400.0,900,iso13790,native,True,20.0,1205.3481482475784,0.0,-2.7999999999999545,-101.56212000000002
30510000.0,900,iso13790,native,True,20.0,1328.5524843815965,0.0,-5.0,-101.56212000000002
30513600.0,900,iso13790,native,True,20.0,1374.8191574437287,0.0,-4.399999999999977,-101.56212000000002
30517200.0,900,iso13790,native,True,20.000000000000004,1430.8198552854742,0.0,-4.399999999999977,-101.56212000000002
30520800.0,900,iso13790,native,True,19.999999999999996,1467.5454652273822,0.0,-3.8999999999999773,-101.56212000000002
30524400.0,900,iso13790,native,True,20.000000000000018,1494.7947896882918,0.0,-3.2999999999999545,-101.56212000000002
30528000.0,900,iso13790,native,True,19.999999999999993,1511.4424689105892,0.0,-2.7999999999999545,-31.205596394362217
30531600.0,900,iso13790,native,True,19.999999999999993,1371.963327911082,0.0,2.2000000000000455,177.5086284763189
30535200.0,900,iso13790,native,True,19.999999999999993,1218.404844921232,0.0,6.7000000000000455,303.2780529369102
30538800.0,900,iso13790,native,True,20.00000000000001,1077.22692577055,0.0,10.0,385.5878276290543
30542400.0,900,iso13790,native,True,20.0,941.4776578899681,0.0,12.200000000000045,565.64685088891
30546000.0,900,iso13790,native,True,20.000000000000004,738.3843072083082,0.0,12.800000000000011,1727.7746791227946
30549600.0,900,iso13790,native,True,20.0,544.2991911079628,0.0,12.200000000000045,2570.421041467219
30553200.0,900,iso13790,native,True,20.000000000000004,312.7408436004685,0.0,12.200000000000045,3297.675608243673
30556800.0,900,iso13790,native,True,20.000000000000004,200.2596656612056,0.0,10.600000000000023,3057.4647821141343
30560400.0,900,iso13790,native,True,19.999999999999996,447.75315803245763,0.0,5.600000000000023,588.2437921274336
30564000.0,900,iso13790,native,True,20.000000000000004,602.2434873398472,0.0,3.3000000000000114,-101.56212000000002
30567600.0,900,iso13790,native,True,20.000000000000004,680.0413129636194,0.0,2.8000000000000114,-101.56212000000002
30571200.0,900,iso13790,native,True,19.99999999999998,790.6348824936343,0.0,1.1000000000000227,-101.56212000000002
30574800.0,900,iso13790,native,True,20.000000000000007,854.2452520853225,0.0,1.1000000000000227,-101.56212000000002
30578400.0,900,iso13790,native,True,20.00000000000001,962.997522833974,0.0,-0.5999999999999659,-101.56212000000002
30582000.0,900,iso13790,native,True,20.0,1072.207463002057,0.0,-2.1999999999999886,-101.56212000000002
30585600.0,900,iso13790,native,True,19.999999999999993,1054.0238900782365,0.0,0.6000000000000227,-101.56212000000002
30589200.0,900,iso13790,native,True,20.00000000000001,1150.3089019668023,0.0,-1.099999999999966,-101.56212000000002
30592800.0,900,iso13790,native,True,20.0,1218.4943659034225,0.0,-1.6999999999999886,-101.56212000000002
30596400.0,900,iso13790,native,True,20.00000000000001,1267.7570221395179,0.0,-1.6999999999999886,-101.56212000000002
30600000.0,900,iso13790,native,True,20.00000000000001,1327.8437042375342,0.0,-2.1999999999999886,-101.56212000000002
30603600.0,900,iso13790,native,True,20.000000000000018,1371.8992124864728,0.0,-2.1999999999999886,-101.56212000000002
30607200.0,900,iso13790,native,True,20.000000000000004,1412.4177269108645,0.0,-2.1999999999999886,-101.56212000000002
30610800.0,900,iso13790,native,True,20.000000000000004,1467.4181051452815,0.0,-2.7999999999999545,-101.56212000000002
30614400.0,900,iso13790,native,True,19.999999999999986,1397.6086141185926,0.0,0.6000000000000227,-37.51763602461009
30618000.0,900,iso13790,native,True,20.000000000000004,1295.8825177172246,0.0,3.900000000000034,148.6432029652915
30621600.0,900,iso13790,native,True,20.000000000000004,1142.6677781240485,0.0,8.300000000000011,257.8280233047071
30625200.0,900,iso13790,native,True,20.000000000000004,982.3033388775178,0.0,12.200000000000045,328.8624286805836
30628800.0,900,iso13790,native,True,20.000000000000004,824.8650026823613,0.0,15.0,502.03644327572033
30632400.0,900,iso13790,native,True,19.999999999999993,594.0625568170602,0.0,16.100000000000023,1725.3109223505473
30636000.0,900,iso13790,native,True,20.0,352.1462495945259,0.0,15.600000000000023,2896.101197765174
30639600.0,900,iso13790,native,True,19.999999999999996,82.34644641038624,0.0,15.600000000000023,3718.520975446419
30643200.0,900,iso13790,native,True,20.270634978297245,0.0,0.0,14.400000000000034,3505.8152478755374
30646800.0,900,iso13790,native,True,19.999999999999996,183.35761415657166,0.0,9.400000000000034,556.2812702607279
30650400.0,900,iso13790,native,True,19.999999999999996,360.21125133547713,0.0,6.100000000000023,-101.56212000000002
30654000.0,900,iso13790,native,True,20.000000000000004,472.9074415537655,0.0,4.400000000000034,-101.56212000000002
30657600.0,900,iso13790,native,True,19.999999999999996,553.2306983072582,0.0,3.900000000000034,-101.56212000000002
30661200.0,900,iso13790,native,True,20.000000000000004,633.6329793336521,0.0,3.3000000000000114,-101.56212000000002
30664800.0,900,iso13790,native,True,20.0,726.6455917830768,0.0,2.2000000000000455,-101.56212000000002
30668400.0,900,iso13790,native,True,20.000000000000004,787.535032211693,0.0,2.2000000000000455,-101.56212000000002
30672000.0,900,iso13790,native,True,20.000000000000004,825.8010772867701,0.0,2.8000000000000114,-101.56212000000002
30675600.0,900,iso13790,native,True,19.999999999999996,892.1783673757354,0.0,2.2000000000000455,-101.56212000000002
30679200.0,900,iso13790,native,True,19.999999999999986,954.5570941413267,0.0,1.7000000000000455,-101.56212000000002
30682800.0,900,iso13790,native,True,19.999999999999996,985.9415551410744,0.0,2.2000000000000455,-101.56212000000002
30686400.0,900,iso13790,native,True,20.0,1026.013434779262,0.0,2.2000000000000455,-101.56212000000002
30690000.0,900,iso13790,native,True,20.000000000000007,1095.3821115231365,0.0,1.1000000000000227,-101.56212000000002
30693600.0,900,iso13790,native,True,20.0,1199.5537992939153,0.0,-1.099999999999966,-101.56212000000002
30697200.0,900,iso13790,native,True,20.000000000000007,1246.0507493180908,0.0,-1.099999999999966,-101.56212000000002
30700800.0,900,iso13790,native,True,20.000000000000004,1248.316906548595,0.0,0.0,-22.262084023055294
30704400.0,900,iso13790,native,True,19.999999999999993,1129.6359946131142,0.0,4.400000000000034,161.77012550041064
30708000.0,900,iso13790,native,True,20.000000000000004,1039.3849478106285,0.0,7.2000000000000455,204.4711555394375
30711600.0,900,iso13790,native,True,19.99999999999999,932.6295568753469,0.0,10.0,258.60854913185653
30715200.0,900,iso13790,native,True,20.000000000000004,849.5684356547322,0.0,11.100000000000023,430.2631454153438
30718800.0,900,iso13790,native,True,19.999999999999996,641.3310430893347,0.0,12.200000000000045,1729.780004574294
30722400.0,900,iso13790,native,True,20.000000000000007,396.6862764592723,0.0,12.200000000000045,3017.2188871912094
30726000.0,900,iso13790,native,True,20.0,131.56988633734755,0.0,12.200000000000045,3925.72723235776
30729600.0,900,iso13790,native,True,20.055438996209077,0.0,0.0,11.700000000000045,3472.2669318886005
30733200.0,900,iso13790,native,True,20.0,132.29657518152254,0.0,8.300000000000011,1357.7815792447905
30736800.0,900,iso13790,native,True,19.999999999999996,418.10683475547233,0.0,2.8000000000000114,-101.56212000000002
30740400.0,900,iso13790,native,True,20.0,531.9949077831099,0.0,1.7000000000000455,-101.56212000000002
30744000.0,900,iso13790,native,True,20.0,680.0675698399534,0.0,-0.5999999999999659,-101.56212000000002
30747600.0,900,iso13790,native,True,20.0,779.4785586846667,0.0,-1.099999999999966,-101.56212000000002
30751200.0,900,iso13790,native,True,20.000000000000004,877.4361143817532,0.0,-1.6999999999999886,-101.56212000000002
30754800.0,900,iso13790,native,True,20.000000000000004,921.5666462383743,0.0,-0.5999999999999659,-101.56212000000002
30758400.0,900,iso13790,native,True,20.0,1001.5888962895889,0.0,-1.099999999999966,-101.56212000000002
30762000.0,900,iso13790,native,True,20.0,1081.7143369186513,0.0,-1.6999999999999886,-101.56212000000002
30765600.0,900,iso13790,native,True,20.000000000000018,1206.9863006326782,0.0,-3.8999999999999773,-101.56212000000002
30769200.0,900,iso13790,native,True,19.999999999999993,1190.126670824545,0.0,-1.099999999999966,-101.56212000000002
30772800.0,900,iso13790,native,True,20.000000000000004,1269.8944428370214,0.0,-2.1999999999999886,-101.56212000000002
30776400.0,900,iso13790,native,True,20.0,1368.851259890737,0.0,-3.8999999999999773,-101.56212000000002
30780000.0,900,iso13790,native,True,20.000000000000018,1454.273098524641,0.0,-5.0,-101.56212000000002
30783600.0,900,iso13790,native,True,20.000000000000018,1475.6672244087033,0.0,-3.8999999999999773,-101.56212000000002
30787200.0,900,iso13790,native,True,19.999999999999996,1496.2907790071731,0.0,-3.2999999999999545,-42.22765800000001
30790800.0,900,iso13790,native,True,20.0,1419.7691242138824,0.0,-0.5999999999999659,270.62677799999994
30794400.0,900,iso13790,native,True,19.999999999999996,1310.300527655556,0.0,2.2000000000000455,561.905046
30798000.0,900,iso13790,native,True,20.000000000000014,1212.5708473625657,0.0,3.900000000000034,772.2726839999999
30801600.0,900,iso13790,native,True,19.999999999999986,1108.6158301761584,0.0,5.600000000000023,874.7594819999999
30805200.0,900,iso13790,native,True,20.0,1007.9060804183073,0.0,7.2000000000000455,874.7594819999999
30808800.0,900,iso13790,native,True,20.000000000000004,945.3571246180067,0.0,7.800000000000011,756.090558
30812400.0,900,iso13790,native,True,20.00000000000001,918.2674784788644,0.0,7.800000000000011,540.328878
30816000.0,900,iso13790,native,True,20.0,964.3205956208643,0.0,6.100000000000023,249.05060999999992
30819600.0,900,iso13790,native,True,20.000000000000018,1033.616317698677,0.0,4.400000000000034,-13.309699830921069
30823200.0,900,iso13790,native,True,20.000000000000004,1137.4713178254892,0.0,1.7000000000000455,-101.56212000000002
30826800.0,900,iso13790,native,True,19.999999999999996,1201.4635621970765,0.0,0.6000000000000227,-101.56212000000002
30830400.0,900,iso13790,native,True,19.999999999999993,1220.883457801147,0.0,1.1000000000000227,-101.56212000000002
30834000.0,900,iso13790,native,True,20.0,1264.730421704124,0.0,0.6000000000000227,-101.56212000000002
30837600.0,900,iso13790,native,True,20.0,1279.070941305766,0.0,1.1000000000000227,-101.56212000000002
30841200.0,900,iso13790,native,True,19.999999999999993,1285.7323610552207,0.0,1.7000000000000455,-101.56212000000002
30844800.0,900,iso13790,native,True,20.000000000000004,1157.5167584717274,0.0,6.7000000000000455,-101.56212000000002
30848400.0,900,iso13790,native,True,20.000000000000004,1151.6661197967253,0.0,6.7000000000000455,-101.56212000000002
30852000.0,900,iso13790,native,True,20.000000000000014,1146.2851992951312,0.0,6.7000000000000455,-101.56212000000002
30855600.0,900,iso13790,native,True,20.0,1224.0991070648436,0.0,3.900000000000034,-101.56212000000002
30859200.0,900,iso13790,native,True,20.000000000000007,1380.6966205166077,0.0,-1.099999999999966,-101.56212000000002
30862800.0,900,iso13790,native,True,19.999999999999996,1412.650530056392,0.0,-1.099999999999966,-101.56212000000002
30866400.0,900,iso13790,native,True,20.00000000000001,1474.552987441954,0.0,-2.1999999999999886,-101.56212000000002
30870000.0,900,iso13790,native,True,20.000000000000004,1506.82994973099,0.0,-2.1999999999999886,-101.56212000000002
30873600.0,900,iso13790,native,True,20.000000000000004,1493.8629218200963,0.0,-1.099999999999966,-0.8588593522000991
30877200.0,900,iso13790,native,True,20.00000000000001,1343.3793785763296,0.0,3.3000000000000114,368.3783361262566
30880800.0,900,iso13790,native,True,20.000000000000007,1197.9812973788573,0.0,7.2000000000000455,418.74067286219696
30884400.0,900,iso13790,native,True,20.000000000000004,1022.3475540150777,0.0,11.100000000000023,578.2240099867782
30888000.0,900,iso13790,native,True,19.999999999999996,835.4389991511615,0.0,12.800000000000011,1262.6175589517923
30891600.0,900,iso13790,native,True,20.0,726.2386098629539,0.0,15.0,643.5563877220229
30895200.0,900,iso13790,native,True,20.000000000000004,468.2360296205276,0.0,15.0,2453.145172155245
30898800.0,900,iso13790,native,True,20.000000000000004,252.49096816642637,0.0,14.400000000000034,3132.2718342962467
30902400.0,900,iso13790,native,True,20.000000000000004,93.41738796901704,0.0,13.300000000000011,3199.859403311251
30906000.0,900,iso13790,native,True,20.0,222.0239247186678,0.0,10.600000000000023,1043.8758374768452
30909600.0,900,iso13790,native,True,20.000000000000004,424.3850362976786,0.0,6.7000000000000455,-101.56212000000002
30913200.0,900,iso13790,native,True,19.999999999999993,509.90779929888174,0.0,5.600000000000023,-101.56212000000002
30916800.0,900,iso13790,native,True,20.000000000000004,679.185499331272,0.0,1.7000000000000455,-101.56212000000002
30920400.0,900,iso13790,native,True,19.999999999999993,779.971193019783,0.0,0.6000000000000227,-101.56212000000002
30924000.0,900,iso13790,native,True,19.999999999999996,833.2305780799096,0.0,1.1000000000000227,-101.56212000000002
30927600.0,900,iso13790,native,True,19.99999999999999,893.4211548186876,0.0,1.1000000000000227,-101.56212000000002
30931200.0,900,iso13790,native,True,20.0,931.0444444331498,0.0,1.7000000000000455,-101.56212000000002
30934800.0,900,iso13790,native,True,20.000000000000004,1029.3445481922272,0.0,0.0,-101.56212000000002
30938400.0,900,iso13790,native,True,20.000000000000004,1099.3833224699902,0.0,-0.5999999999999659,-101.56212000000002
30942000.0,900,iso13790,native,True,19.999999999999996,1165.129571386959,0.0,-1.099999999999966,-101.56212000000002
30945600.0,900,iso13790,native,True,20.000000000000004,1246.9042340212054,0.0,-2.1999999999999886,-101.56212000000002
30949200.0,900,iso13790,native,True,20.000000000000007,1264.9439972109294,0.0,-1.099999999999966,-101.56212000000002
30952800.0,900,iso13790,native,True,20.000000000000007,1223.4282777432518,0.0,1.7000000000000455,-101.56212000000002
30956400.0,900,iso13790,native,True,19.999999999999996,1233.2264319723813,0.0,2.2000000000000455,-101.56212000000002
30960000.0,900,iso13790,native,True,20.00000000000001,1215.515852629541,0.0,3.3000000000000114,-47.77474057951175
30963600.0,900,iso13790,native,True,20.000000000000004,1106.344701567502,0.0,5.600000000000023,465.7391474718148
30967200.0,900,iso13790,native,True,20.000000000000007,1003.7922777864655,0.0,7.800000000000011,556.665860671626
30970800.0,900,iso13790,native,True,20.000000000000004,879.770598823641,0.0,11.100000000000023,408.6609201773192
30974400.0,900,iso13790,native,True,19.999999999999993,687.0394242466875,0.0,14.400000000000034,897.2241728122893
30978000.0,900,iso13790,native,True,19.999999999999996,526.0613709728113,0.0,15.0,1487.6235146110844
30981600.0,900,iso13790,native,True,20.0,282.4033677500291,0.0,15.0,2804.714532529569
30985200.0,900,iso13790,native,True,20.0,241.7503549530381,0.0,13.300000000000011,2003.5838445222626
30988800.0,900,iso13790,native,True,20.0,244.70127890595467,0.0,13.900000000000034,730.8672938905937
30992400.0,900,iso13790,native,True,20.000000000000004,328.8378783008299,0.0,11.100000000000023,373.50789067965536
30996000.0,900,iso13790,native,True,20.000000000000004,427.2833202223903,0.0,9.400000000000034,-101.56212000000002
30999600.0,900,iso13790,native,True,20.000000000000004,493.2848266006054,0.0,8.300000000000011,-101.56212000000002
31003200.0,900,iso13790,native,True,20.000000000000004,561.8457115282846,0.0,7.2000000000000455,-101.56212000000002
31006800.0,900,iso13790,native,True,19.999999999999996,632.7604954528384,0.0,6.100000000000023,-101.56212000000002
31010400.0,900,iso13790,native,True,20.000000000000004,688.1053054366448,0.0,5.600000000000023,-101.56212000000002
31014000.0,900,iso13790,native,True,20.0,795.7833886326409,0.0,3.3000000000000114,-101.56212000000002
31017600.0,900,iso13790,native,True,20.000000000000007,858.0428749457706,0.0,2.8000000000000114,-101.56212000000002
31021200.0,900,iso13790,native,True,19.999999999999996,954.3455998002067,0.0,1.1000000000000227,-101.56212000000002
31024800.0,900,iso13790,native,True,19.999999999999993,1004.8124643197742,0.0,1.1000000000000227,-101.56212000000002
31028400.0,900,iso13790,native,True,19.999999999999993,1051.227599663026,0.0,1.1000000000000227,-101.56212000000002
31032000.0,900,iso13790,native,True,19.999999999999996,1076.181408364154,0.0,1.7000000000000455,-101.56212000000002
31035600.0,900,iso13790,native,True,19.999999999999993,1112.5803438755906,0.0,1.7000000000000455,-101.56212000000002
31039200.0,900,iso13790,native,True,20.000000000000007,1131.2779177944853,0.0,2.2000000000000455,-101.56212000000002
31042800.0,900,iso13790,native,True,20.0,1174.4605515652374,0.0,1.7000000000000455,-101.56212000000002
31046400.0,900,iso13790,native,True,19.999999999999996,1184.3415095742644,0.0,2.2000000000000455,-63.33587964264654
31050000.0,900,iso13790,native,True,20.00000000000001,1140.0112753953279,0.0,3.3000000000000114,270.7552809206036
31053600.0,900,iso13790,native,True,19.999999999999996,1025.6676276548699,0.0,7.2000000000000455,233.78479568581213
31057200.0,900,iso13790,native,True,19.999999999999993,919.7109939749624,0.0,10.0,273.2275873837821
31060800.0,900,iso13790,native,True,19.999999999999996,812.1585577896217,0.0,12.200000000000045,366.67125253761566
31064400.0,900,iso13790,native,True,19.999999999999996,613.1055926484884,0.0,13.300000000000011,1565.1384546021065
31068000.0,900,iso13790,native,True,20.0,383.1964326391413,0.0,13.300000000000011,2750.0798750242866
31071600.0,900,iso13790,native,True,20.0,128.63645982369235,0.0,13.900000000000034,3471.5847854254303
31075200.0,900,iso13790,native,True,20.18735487277571,0.0,0.0,13.300000000000011,3542.715478716384
31078800.0,900,iso13790,native,True,20.0,121.77358017574912,0.0,8.300000000000011,1487.3385657651063
31082400.0,900,iso13790,native,True,20.000000000000004,265.80580896952944,0.0,7.800000000000011,-101.56212000000002
31086000.0,900,iso13790,native,True,19.999999999999996,406.4506460139158,0.0,5.0,-101.56212000000002
31089600.0,900,iso13790,native,True,20.000000000000004,490.77884918111516,0.0,4.400000000000034,-101.56212000000002
31093200.0,900,iso13790,native,True,20.000000000000004,619.9161568961991,0.0,2.2000000000000455,-101.56212000000002
31096800.0,900,iso13790,native,True,19.999999999999993,704.153438820898,0.0,1.7000000000000455,-101.56212000000002
31100400.0,900,iso13790,native,True,19.999999999999986,802.9345829923016,0.0,0.6000000000000227,-101.56212000000002
31104000.0,900,iso13790,native,True,20.0,836.6154633739568,0.0,1.7000000000000455,-101.56212000000002
31107600.0,900,iso13790,native,True,19.999999999999993,909.982826638827,0.0,1.1000000000000227,-101.56212000000002
31111200.0,900,iso13790,native,True,20.0,996.5253192752232,0.0,0.0,-101.56212000000002
31114800.0,900,iso13790,native,True,20.0,1033.7292027715073,0.0,0.6000000000000227,-101.56212000000002
31118400.0,900,iso13790,native,True,19.99999999999999,1081.3947165614866,0.0,0.6000000000000227,-101.56212000000002
31122000.0,900,iso13790,native,True,20.000000000000007,1160.7031880467086,0.0,-0.5999999999999659,-101.56212000000002
31125600.0,900,iso13790,native,True,20.000000000000004,1286.554306346217,0.0,-3.2999999999999545,-101.56212000000002
31129200.0,900,iso13790,native,True,20.000000000000007,1374.297002474788,0.0,-4.399999999999977,-101.56212000000002
31132800.0,900,iso13790,native,True,20.000000000000004,1359.5003701704532,0.0,-2.1999999999999886,-43.840657844297105
31136400.0,900,iso13790,native,True,19.999999999999986,1278.5902928058301,0.0,1.1000000000000227,168.4511738213661
31140000.0,900,iso13790,native,True,19.999999999999993,1158.054854060127,0.0,5.0,300.3510010332508
31143600.0,900,iso13790,native,True,19.999999999999993,1033.9283782413618,0.0,8.300000000000011,383.81634206027627
31147200.0,900,iso13790,native,True,19.999999999999993,918.6649167333342,0.0,10.600000000000023,487.26472192983886
31150800.0,900,iso13790,native,True,20.000000000000004,705.6875091904737,0.0,12.200000000000045,1633.0288217281077
31154400.0,900,iso13790,native,True,20.000000000000004,482.0701505934324,0.0,12.200000000000045,2718.7091947666795
31158000.0,900,iso13790,native,True,20.0,262.25123831260953,0.0,11.700000000000045,3436.2426291248166
31161600.0,900,iso13790,native,True,20.0,152.55972706698327,0.0,10.0,3189.756396558441
31165200.0,900,iso13790,native,True,20.0,333.27313905452877,0.0,7.2000000000000455,738.6733606908068
31168800.0,900,iso13790,native,True,20.000000000000004,488.5688798791897,0.0,5.0,-101.56212000000002
31172400.0,900,iso13790,native,True,19.999999999999996,613.5972663858664,0.0,2.8000000000000114,-101.56212000000002
31176000.0,900,iso13790,native,True,20.000000000000004,711.7904018922671,0.0,1.7000000000000455,-101.56212000000002
31179600.0,900,iso13790,native,True,19.999999999999996,809.9584129437649,0.0,0.6000000000000227,-101.56212000000002
31183200.0,900,iso13790,native,True,19.999999999999996,958.3521725015532,0.0,-2.1999999999999886,-101.56212000000002
31186800.0,900,iso13790,native,True,19.999999999999996,1049.8071764051924,0.0,-2.7999999999999545,-101.56212000000002
31190400.0,900,iso13790,native,True,19.999999999999996,1135.25025424328,0.0,-3.2999999999999545,-101.56212000000002
31194000.0,900,iso13790,native,True,20.0,1220.3613118270634,0.0,-3.8999999999999773,-101.56212000000002
31197600.0,900,iso13790,native,True,20.00000000000001,1299.969766693237,0.0,-4.399999999999977,-101.56212000000002
31201200.0,900,iso13790,native,True,20.000000000000014,1347.2006681114399,0.0,-3.8999999999999773,-101.56212000000002
31204800.0,900,iso13790,native,True,20.0,1416.6258329029233,0.0,-4.399999999999977,-101.56212000000002
31208400.0,900,iso13790,native,True,20.00000000000001,1519.5189401709606,0.0,-6.099999999999966,-101.56212000000002
31212000.0,900,iso13790,native,True,19.99999999999999,1543.5331131019404,0.0,-5.0,-101.56212000000002
31215600.0,900,iso13790,native,True,20.000000000000007,1608.009859941211,0.0,-5.599999999999966,-101.56212000000002
31219200.0,900,iso13790,native,True,19.999999999999996,1580.5113042013215,0.0,-3.2999999999999545,-48.25884646497216
31222800.0,900,iso13790,native,True,19.999999999999993,1462.96420067846,0.0,1.1000000000000227,109.46430185687518
31226400.0,900,iso13790,native,True,19.999999999999986,1329.2629209331546,0.0,5.0,260.7246583274373
31230000.0,900,iso13790,native,True,20.000000000000004,1235.5934567143458,0.0,7.2000000000000455,252.01955175521636
31233600.0,900,iso13790,native,True,20.000000000000007,1094.3661927377866,0.0,10.0,463.37820432586443
31237200.0,900,iso13790,native,True,20.0,912.7086843859178,0.0,10.600000000000023,1508.5300304810971
31240800.0,900,iso13790,native,True,20.000000000000004,693.5687218252514,0.0,10.600000000000023,2573.3563262166394
31244400.0,900,iso13790,native,True,20.0,467.0033738703984,0.0,10.600000000000023,3243.7441562823615
31248000.0,900,iso13790,native,True,20.000000000000004,367.5719647928213,0.0,8.900000000000034,2926.3554396299073
31251600.0,900,iso13790,native,True,20.000000000000004,512.2659319690304,0.0,5.600000000000023,1045.4693247787143
31255200.0,900,iso13790,native,True,19.999999999999996,727.1081144251032,0.0,1.7000000000000455,-101.56212000000002
31258800.0,900,iso13790,native,True,20.0,841.7812341476335,0.0,0.0,-101.56212000000002
31262400.0,900,iso13790,native,True,19.999999999999996,876.6296619431857,0.0,1.1000000000000227,-101.56212000000002
31266000.0,900,iso13790,native,True,20.000000000000007,983.5848016955086,0.0,-0.5999999999999659,-101.56212000000002
31269600.0,900,iso13790,native,True,20.0,1058.627927873679,0.0,-1.099999999999966,-101.56212000000002
31273200.0,900,iso13790,native,True,20.000000000000004,1134.173993289758,0.0,-1.6999999999999886,-101.56212000000002
31276800.0,900,iso13790,native,True,19.999999999999996,1204.985380807924,0.0,-2.1999999999999886,-101.56212000000002
31280400.0,900,iso13790,native,True,20.000000000000004,1291.4185276960472,0.0,-3.2999999999999545,-101.56212000000002
31284000.0,900,iso13790,native,True,19.999999999999993,1331.4776593106226,0.0,-2.7999999999999545,-101.56212000000002
31287600.0,900,iso13790,native,True,20.00000000000001,1412.0417297034646,0.0,-3.8999999999999773,-101.56212000000002
31291200.0,900,iso13790,native,True,20.000000000000004,1493.996024071538,0.0,-5.0,-101.56212000000002
31294800.0,900,iso13790,native,True,20.000000000000004,1544.7149628194784,0.0,-5.0,-101.56212000000002
31298400.0,900,iso13790,native,True,20.000000000000018,1591.3619346268733,0.0,-5.0,-101.56212000000002
31302000.0,900,iso13790,native,True,20.000000000000004,1601.7498915668093,0.0,-3.8999999999999773,-101.56212000000002
31305600.0,900,iso13790,native,True,20.00000000000001,1629.9056170428883,0.0,-3.8999999999999773,-41.43126205531748
31309200.0,900,iso13790,native,True,19.999999999999993,1482.2494626472703,0.0,1.1000000000000227,238.262526
31312800.0,900,iso13790,native,True,19.999999999999996,1355.3763859161834,0.0,3.3000000000000114,727.6552672784386
31316400.0,900,iso13790,native,True,19.999999999999996,1199.5137363104632,0.0,4.400000000000034,1477.5087648042436
31320000.0,900,iso13790,native,True,20.00000000000001,1104.5173717948003,0.0,6.7000000000000455,863.9713979999999
31323600.0,900,iso13790,native,True,19.999999999999993,1096.291512425341,0.0,5.600000000000023,669.785886
31327200.0,900,iso13790,native,True,20.000000000000007,1100.4833826342026,0.0,4.400000000000034,583.481214
31330800.0,900,iso13790,native,True,20.000000000000004,943.8215417807756,0.0,5.0,1700.3274360818857
31334400.0,900,iso13790,native,True,20.000000000000004,950.1053462990309,0.0,4.400000000000034,959.0097942321256
31338000.0,900,iso13790,native,True,19.999999999999993,1038.5902764040943,0.0,3.3000000000000114,33.187794779676864
31341600.0,900,iso13790,native,True,20.000000000000004,1071.9519749216763,0.0,3.3000000000000114,-101.56212000000002
31345200.0,900,iso13790,native,True,20.000000000000004,1079.52531738196,0.0,3.900000000000034,-101.56212000000002
31348800.0,900,iso13790,native,True,20.000000000000004,1117.6740666357155,0.0,3.3000000000000114,-101.56212000000002
31352400.0,900,iso13790,native,True,20.000000000000014,1154.0905792657206,0.0,2.8000000000000114,-101.56212000000002
31356000.0,900,iso13790,native,True,20.000000000000004,1241.4042072703974,0.0,0.6000000000000227,-101.56212000000002
31359600.0,900,iso13790,native,True,19.999999999999993,1272.3965458407545,0.0,0.6000000000000227,-101.56212000000002
31363200.0,900,iso13790,native,True,20.000000000000018,1318.635556675439,0.0,0.0,-101.56212000000002
31366800.0,900,iso13790,native,True,20.000000000000004,1347.7137294741606,0.0,0.0,-101.56212000000002
31370400.0,900,iso13790,native,True,20.000000000000004,1392.192253220814,0.0,-0.5999999999999659,-101.56212000000002
31374000.0,900,iso13790,native,True,19.999999999999993,1434.4303547800453,0.0,-1.099999999999966,-101.56212000000002
31377600.0,900,iso13790,native,True,20.000000000000004,1494.5842202503363,0.0,-2.1999999999999886,-101.56212000000002
31381200.0,900,iso13790,native,True,19.999999999999996,1575.5018320664774,0.0,-3.8999999999999773,-101.56212000000002
31384800.0,900,iso13790,native,True,20.000000000000007,1626.5978516695457,0.0,-4.399999999999977,-101.56212000000002
31388400.0,900,iso13790,native,True,20.0,1662.3845122200746,0.0,-4.399999999999977,-101.56212000000002
31392000.0,900,iso13790,native,True,20.00000000000001,1693.1257829156941,0.0,-4.399999999999977,-79.98595200000001
31395600.0,900,iso13790,native,True,20.000000000000004,1710.312211990196,0.0,-4.399999999999977,38.68297199999998
31399200.0,900,iso13790,native,True,19.99999999999999,1700.867505625283,0.0,-3.8999999999999773,189.71614799999998
31402800.0,900,iso13790,native,True,20.000000000000007,1679.7304099414093,0.0,-3.2999999999999545,308.385072
31406400.0,900,iso13790,native,True,19.999999999999986,1689.1474629643376,0.0,-3.8999999999999773,378.5076179999999
31410000.0,900,iso13790,native,True,19.999999999999993,1687.1570367620373,0.0,-3.8999999999999773,378.5076179999999
31413600.0,900,iso13790,native,True,20.000000000000007,1674.1083014173212,0.0,-3.2999999999999545,313.77911399999994
31417200.0,900,iso13790,native,True,19.99999999999999,1702.6560971438028,0.0,-3.8999999999999773,195.11018999999996
31420800.0,900,iso13790,native,True,20.00000000000001,1723.2203167794232,0.0,-3.8999999999999773,71.04722399999999
31424400.0,900,iso13790,native,True,20.00000000000001,1751.304495745473,0.0,-3.8999999999999773,-69.19786800000001
31428000.0,900,iso13790,native,True,20.000000000000004,1774.7981077559498,0.0,-3.8999999999999773,-101.56212000000002
31431600.0,900,iso13790,native,True,20.000000000000004,1809.893637876875,0.0,-4.399999999999977,-101.56212000000002
31435200.0,900,iso13790,native,True,19.999999999999993,1830.9644072789827,0.0,-4.399999999999977,-101.56212000000002
31438800.0,900,iso13790,native,True,20.0,1868.0784015281133,0.0,-5.0,-101.56212000000002
31442400.0,900,iso13790,native,True,20.000000000000004,1906.4990494464284,0.0,-5.599999999999966,-101.56212000000002
31446000.0,900,iso13790,native,True,19.999999999999993,1943.1656313730923,0.0,-6.099999999999966,-101.56212000000002
31449600.0,900,iso13790,native,True,19.999999999999996,1983.4162110799411,0.0,-6.699999999999989,-101.56212000000002
31453200.0,900,iso13790,native,True,20.0,2021.7658088317878,0.0,-7.199999999999989,-101.56212000000002
31456800.0,900,iso13790,native,True,20.00000000000001,2063.564283539731,0.0,-7.7999999999999545,-101.56212000000002
31460400.0,900,iso13790,native,True,19.999999999999996,2121.0723939343256,0.0,-8.899999999999977,-101.56212000000002
31464000.0,900,iso13790,native,True,20.000000000000007,2149.3078091157313,0.0,-8.899999999999977,-101.56212000000002
31467600.0,900,iso13790,native,True,20.000000000000014,2190.0554209398224,0.0,-9.399999999999977,-101.56212000000002
31471200.0,900,iso13790,native,True,19.999999999999996,2216.3244950062053,0.0,-9.399999999999977,-101.56212000000002
31474800.0,900,iso13790,native,True,20.000000000000004,2240.48455804441,0.0,-9.399999999999977,-101.56212000000002
31478400.0,900,iso13790,native,True,20.000000000000007,2276.0137795201294,0.0,-10.0,-57.600052261493815
31482000.0,900,iso13790,native,True,19.999999999999996,2226.584194819498,0.0,-8.899999999999977,318.8196400741404
31485600.0,900,iso13790,native,True,19.999999999999982,2146.6620973319896,0.0,-8.299999999999955,878.984902232122
31489200.0,900,iso13790,native,True,20.00000000000001,2173.3813802421705,0.0,-9.399999999999977,561.9568399046244
31492800.0,900,iso13790,native,True,19.999999999999996,2115.4985521799867,0.0,-8.299999999999955,687.5190185979283
31496400.0,900,iso13790,native,True,19.999999999999993,2045.0975596985363,0.0,-8.299999999999955,1152.6570417250498
31500000.0,900,iso13790,native,True,19.999999999999996,1869.1243420611986,0.0,-8.299999999999955,2441.690729395546
31503600.0,900,iso13790,native,True,20.00000000000001,1901.3682663333461,0.0,-9.399999999999977,1347.5457877113167
31507200.0,900,iso13790,native,True,20.000000000000004,1883.722494320229,0.0,-10.0,1315.1258500569024
31510800.0,900,iso13790,native,True,20.000000000000004,1981.610379873273,0.0,-10.599999999999966,211.3785433428762
31514400.0,900,iso13790,native,True,20.000000000000004,2110.697933529373,0.0,-12.799999999999955,-101.56212000000002
31518000.0,900,iso13790,native,True,19.999999999999986,2200.14149218043,0.0,-13.899999999999977,-101.56212000000002
31521600.0,900,iso13790,native,True,20.00000000000002,2240.013529781252,0.0,-13.299999999999955,-101.56212000000002
31525200.0,900,iso13790,native,True,20.000000000000007,2340.381840930124,0.0,-15.0,-101.56212000000002
31528800.0,900,iso13790,native,True,19.999999999999993,2427.1018519408194,0.0,-16.099999999999966,-101.56212000000002
31532400.0,900,iso13790,native,True,20.000000000000007,2547.2318231525846,0.0,-18.299999999999983,-101.56212000000002
31536000.0,900,iso13790,native,True,19.99999999999998,2640.9198123407846,0.0,-21.049999999999983,-101.56212000000002
