timestamp_s,case,implementation,run_mode,formal_ashrae_result,zone_temperature_C,heating_load_W,cooling_load_W,outdoor_temperature_C,solar_gain_W
3600.0,920,iso13790,native,True,19.999999999999993,1023.3669910762015,0.0,-17.99999999999997,-101.56212000000002
7200.0,920,iso13790,native,True,20.000000000000004,1163.3598259901426,0.0,-16.599999999999966,-101.56212000000002
10800.0,920,iso13790,native,True,19.999999999999996,1285.0676798986983,0.0,-15.299999999999955,-101.56212000000002
14400.0,920,iso13790,native,True,20.000000000000007,1399.540397959226,0.0,-14.399999999999977,-101.56212000000002
18000.0,920,iso13790,native,True,19.999999999999996,1483.6140828098312,0.0,-13.0,-101.56212000000002
21600.0,920,iso13790,native,True,20.000000000000004,1536.1573619491123,0.0,-11.099999999999966,-101.56212000000002
25200.0,920,iso13790,native,True,19.999999999999993,1585.6878455463036,0.0,-9.699999999999989,-101.56212000000002
28800.0,920,iso13790,native,True,19.999999999999975,1598.9517925344308,0.0,-7.699999999999989,-56.3329316453015
32400.0,920,iso13790,native,True,20.00000000000001,1558.642102369568,0.0,-5.899999999999977,399.9373411852806
36000.0,920,iso13790,native,True,20.000000000000004,1347.4976425035063,0.0,-2.1999999999999886,1624.1450867935694
39600.0,920,iso13790,native,True,20.000000000000004,1105.1103021776507,0.0,1.400000000000034,2354.6892295682137
43200.0,920,iso13790,native,True,20.000000000000007,888.8555738315638,0.0,2.8000000000000114,2968.303516996101
46800.0,920,iso13790,native,True,20.0,739.2052707793835,0.0,4.400000000000034,2564.2542139250554
50400.0,920,iso13790,native,True,20.000000000000004,615.9083699480381,0.0,3.3000000000000114,2940.9072809536137
54000.0,920,iso13790,native,True,20.0,561.2862402445713,0.0,3.900000000000034,2085.2924457666513
57600.0,920,iso13790,native,True,19.999999999999993,579.6821893502424,0.0,2.2000000000000455,1697.2771204486976
61200.0,920,iso13790,native,True,20.000000000000004,762.5311076381955,0.0,-0.5999999999999659,339.0076740047643
64800.0,920,iso13790,native,True,20.000000000000004,905.4093195508475,0.0,-2.1999999999999886,-101.56212000000002
68400.0,920,iso13790,native,True,20.00000000000001,1066.142768307389,0.0,-5.0,-101.56212000000002
72000.0,920,iso13790,native,True,19.999999999999996,1168.9467702061675,0.0,-5.599999999999966,-101.56212000000002
75600.0,920,iso13790,native,True,20.000000000000018,1264.827692419369,0.0,-6.099999999999966,-101.56212000000002
79200.0,920,iso13790,native,True,20.000000000000018,1341.8037023731574,0.0,-6.099999999999966,-101.56212000000002
82800.0,920,iso13790,native,True,19.999999999999986,1412.5996980071445,0.0,-6.099999999999966,-101.56212000000002
86400.0,920,iso13790,native,True,20.00000000000001,1445.1978758512334,0.0,-5.0,-101.56212000000002
90000.0,920,iso13790,native,True,19.99999999999999,1499.8345709879716,0.0,-5.0,-101.56212000000002
93600.0,920,iso13790,native,True,20.000000000000004,1567.819652647149,0.0,-5.599999999999966,-101.56212000000002
97200.0,920,iso13790,native,True,19.99999999999999,1599.1631239863284,0.0,-5.0,-101.56212000000002
100800.0,920,iso13790,native,True,19.999999999999993,1691.6875843018727,0.0,-6.699999999999989,-101.56212000000002
104400.0,920,iso13790,native,True,20.00000000000001,1706.1655564760313,0.0,-5.599999999999966,-101.56212000000002
108000.0,920,iso13790,native,True,19.999999999999996,1758.9159008117226,0.0,-6.099999999999966,-101.56212000000002
111600.0,920,iso13790,native,True,20.000000000000007,1745.9752128875884,0.0,-4.399999999999977,-101.56212000000002
115200.0,920,iso13790,native,True,20.00000000000001,1717.5356353674567,0.0,-2.7999999999999545,-28.56758419577857
118800.0,920,iso13790,native,True,20.0,1656.2974594553352,0.0,-1.6999999999999886,382.06904918216117
122400.0,920,iso13790,native,True,20.0,1424.3560562228824,0.0,2.2000000000000455,1389.0195545039521
126000.0,920,iso13790,native,True,19.999999999999996,1102.4524344948616,0.0,5.600000000000023,2736.549854542286
129600.0,920,iso13790,native,True,19.999999999999996,885.6798739234603,0.0,8.900000000000034,2271.018685234219
133200.0,920,iso13790,native,True,20.000000000000004,701.9913802169817,0.0,9.400000000000034,2518.716534559195
136800.0,920,iso13790,native,True,20.000000000000004,630.8517710659295,0.0,9.400000000000034,1756.7482521945694
140400.0,920,iso13790,native,True,19.999999999999993,464.9752743925618,0.0,10.0,2276.415127314038
144000.0,920,iso13790,native,True,20.00000000000001,517.7173361432875,0.0,7.800000000000011,1222.6093367331146
147600.0,920,iso13790,native,True,20.000000000000004,598.1401304209497,0.0,6.7000000000000455,321.2504400488282
151200.0,920,iso13790,native,True,20.000000000000004,704.3133878873576,0.0,5.0,-101.56212000000002
154800.0,920,iso13790,native,True,19.999999999999993,862.269595417361,0.0,1.1000000000000227,-101.56212000000002
158400.0,920,iso13790,native,True,20.0,952.642741946696,0.0,0.0,-101.56212000000002
162000.0,920,iso13790,native,True,20.00000000000001,1061.3534816633753,0.0,-1.6999999999999886,-101.56212000000002
165600.0,920,iso13790,native,True,19.99999999999999,1105.497294021262,0.0,-1.099999999999966,-101.56212000000002
169200.0,920,iso13790,native,True,19.999999999999986,1109.2967090566235,0.0,0.6000000000000227,-101.56212000000002
172800.0,920,iso13790,native,True,19.999999999999996,1168.6301804574928,0.0,0.0,-101.56212000000002
176400.0,920,iso13790,native,True,20.00000000000001,1227.4864161435864,0.0,-0.5999999999999659,-101.56212000000002
180000.0,920,iso13790,native,True,19.999999999999986,1268.1688406569633,0.0,-0.5999999999999659,-101.56212000000002
183600.0,920,iso13790,native,True,20.00000000000001,1320.3641544190018,0.0,-1.099999999999966,-101.56212000000002
187200.0,920,iso13790,native,True,19.999999999999993,1374.896742661724,0.0,-1.6999999999999886,-101.56212000000002
190800.0,920,iso13790,native,True,20.00000000000001,1411.6026435061528,0.0,-1.6999999999999886,-101.56212000000002
194400.0,920,iso13790,native,True,20.000000000000004,1427.62672301501,0.0,-1.099999999999966,-101.56212000000002
198000.0,920,iso13790,native,True,20.000000000000004,1455.8128521041895,0.0,-1.099999999999966,-101.56212000000002
201600.0,920,iso13790,native,True,20.00000000000001,1460.101447366257,0.0,-0.5999999999999659,-33.46888160679249
205200.0,920,iso13790,native,True,20.000000000000004,1323.627928545309,0.0,3.3000000000000114,354.540790871488
208800.0,920,iso13790,native,True,19.999999999999986,1160.1907672281081,0.0,5.600000000000023,1077.9259646360524
212400.0,920,iso13790,native,True,20.000000000000004,960.4210264312263,0.0,6.100000000000023,2220.996433636795
216000.0,920,iso13790,native,True,20.000000000000007,695.7070805823621,0.0,6.7000000000000455,3413.4112386301754
219600.0,920,iso13790,native,True,19.999999999999996,527.8153351240076,0.0,5.600000000000023,3591.7702313942946
223200.0,920,iso13790,native,True,19.999999999999996,406.59157949886696,0.0,4.600000000000023,3381.4796234139126
226800.0,920,iso13790,native,True,20.000000000000004,423.1139569379246,0.0,2.3000000000000114,2479.278231496277
230400.0,920,iso13790,native,True,19.999999999999993,572.494679232588,0.0,-0.2999999999999545,1040.3021523402017
234000.0,920,iso13790,native,True,20.000000000000004,772.496174036403,0.0,-3.0,62.11133356537165
237600.0,920,iso13790,native,True,19.999999999999986,956.144429456291,0.0,-5.7999999999999545,-101.56212000000002
241200.0,920,iso13790,native,True,20.000000000000007,1049.848252242918,0.0,-5.599999999999966,-101.56212000000002
244800.0,920,iso13790,native,True,20.0,1187.8049573400342,0.0,-7.199999999999989,-101.56212000000002
248400.0,920,iso13790,native,True,20.000000000000004,1326.1160792447238,0.0,-8.799999999999955,-101.56212000000002
252000.0,920,iso13790,native,True,19.999999999999996,1449.9740883761706,0.0,-9.899999999999977,-101.56212000000002
255600.0,920,iso13790,native,True,19.99999999999998,1583.5697304195714,0.0,-11.399999999999977,-101.56212000000002
259200.0,920,iso13790,native,True,19.999999999999993,1702.3764502960973,0.0,-12.399999999999977,-101.56212000000002
262800.0,920,iso13790,native,True,20.000000000000007,1821.7445089785992,0.0,-13.5,-101.56212000000002
266400.0,920,iso13790,native,True,19.999999999999993,1986.6804565712985,0.0,-16.19999999999999,-101.56212000000002
270000.0,920,iso13790,native,True,19.999999999999996,2077.856093281591,0.0,-16.19999999999999,-101.56212000000002
273600.0,920,iso13790,native,True,19.999999999999993,2117.374473747418,0.0,-14.699999999999989,-101.56212000000002
277200.0,920,iso13790,native,True,19.999999999999996,2172.5624027653353,0.0,-14.199999999999989,-101.56212000000002
280800.0,920,iso13790,native,True,20.00000000000001,2207.924354978694,0.0,-13.299999999999955,-101.56212000000002
284400.0,920,iso13790,native,True,20.000000000000025,2216.2828620004084,0.0,-11.799999999999955,-101.56212000000002
288000.0,920,iso13790,native,True,19.999999999999993,2171.896197587636,0.0,-9.099999999999966,-43.07448543472679
291600.0,920,iso13790,native,True,20.000000000000007,2069.6467166891102,0.0,-5.899999999999977,251.84160126757564
295200.0,920,iso13790,native,True,20.00000000000001,1857.9783840889218,0.0,-0.5,664.0774927933021
298800.0,920,iso13790,native,True,20.000000000000007,1683.0010669943902,0.0,3.3000000000000114,718.332264
302400.0,920,iso13790,native,True,19.999999999999986,1582.6835487918856,0.0,3.8000000000000114,837.001188
306000.0,920,iso13790,native,True,19.999999999999986,1400.6806833593187,0.0,8.0,653.60376
309600.0,920,iso13790,native,True,20.00000000000001,1280.9671151173877,0.0,9.600000000000023,572.69313
313200.0,920,iso13790,native,True,19.999999999999993,1155.98814227013,0.0,11.100000000000023,604.2263119040824
316800.0,920,iso13790,native,True,19.999999999999996,1137.8847054173016,0.0,10.0,311.7267971102164
320400.0,920,iso13790,native,True,20.000000000000007,1182.080442792462,0.0,7.2000000000000455,168.6373178920608
324000.0,920,iso13790,native,True,20.000000000000004,1181.463707355751,0.0,7.2000000000000455,-101.56212000000002
327600.0,920,iso13790,native,True,19.999999999999996,1202.6324978296711,0.0,6.100000000000023,-101.56212000000002
331200.0,920,iso13790,native,True,19.99999999999999,1164.9321276527478,0.0,7.2000000000000455,-101.56212000000002
334800.0,920,iso13790,native,True,19.999999999999996,1187.4281550067703,0.0,6.100000000000023,-101.56212000000002
338400.0,920,iso13790,native,True,20.0,1198.241505373105,0.0,5.600000000000023,-101.56212000000002
342000.0,920,iso13790,native,True,20.000000000000004,1214.7144786572699,0.0,5.0,-101.56212000000002
345600.0,920,iso13790,native,True,19.999999999999993,1068.625625948454,0.0,10.0,-101.56212000000002
349200.0,920,iso13790,native,True,19.999999999999986,1194.127442444993,0.0,5.0,-101.56212000000002
352800.0,920,iso13790,native,True,20.000000000000007,1031.9565283991726,0.0,10.600000000000023,-101.56212000000002
356400.0,920,iso13790,native,True,19.99999999999999,993.5461449852454,0.0,11.100000000000023,-101.56212000000002
360000.0,920,iso13790,native,True,19.999999999999996,1019.675510932821,0.0,9.400000000000034,-101.56212000000002
363600.0,920,iso13790,native,True,19.999999999999993,1005.6028804360151,0.0,9.400000000000034,-101.56212000000002
367200.0,920,iso13790,native,True,19.999999999999993,992.6600702304886,0.0,9.400000000000034,-101.56212000000002
370800.0,920,iso13790,native,True,19.999999999999993,1110.8122349514845,0.0,5.0,-101.56212000000002
374400.0,920,iso13790,native,True,20.000000000000004,966.4957871451918,0.0,10.0,-36.31115616759405
378000.0,920,iso13790,native,True,19.999999999999993,897.6091492423182,0.0,8.900000000000034,791.5162313413218
381600.0,920,iso13790,native,True,19.999999999999993,613.1909724772092,0.0,12.800000000000011,1925.3289728981508
385200.0,920,iso13790,native,True,20.000000000000004,406.08971180851546,0.0,12.800000000000011,2701.6565216331824
388800.0,920,iso13790,native,True,20.0,88.07661720029056,0.0,15.0,3630.1337454639806
392400.0,920,iso13790,native,True,20.431403041643378,0.0,0.0,14.400000000000034,3838.5946404273136
396000.0,920,iso13790,native,True,20.9772941825343,0.0,0.0,12.800000000000011,3803.1379198883214
399600.0,920,iso13790,native,True,20.903020755588276,0.0,0.0,10.0,2561.5209098087494
403200.0,920,iso13790,native,True,20.80146255215207,0.0,0.0,8.300000000000011,1863.8479516094465
406800.0,920,iso13790,native,True,20.134599185950734,0.0,0.0,5.600000000000023,415.52182298336885
410400.0,920,iso13790,native,True,19.999999999999996,78.6770946001295,0.0,5.600000000000023,-101.56212000000002
414000.0,920,iso13790,native,True,20.0,217.5481946743669,0.0,3.900000000000034,-101.56212000000002
417600.0,920,iso13790,native,True,20.0,324.9007252733425,0.0,3.3000000000000114,-101.56212000000002
421200.0,920,iso13790,native,True,19.999999999999996,457.4789633814827,0.0,1.7000000000000455,-101.56212000000002
424800.0,920,iso13790,native,True,20.000000000000007,593.7992432450042,0.0,0.0,-101.56212000000002
428400.0,920,iso13790,native,True,19.999999999999993,663.3359654830748,0.0,0.6000000000000227,-101.56212000000002
432000.0,920,iso13790,native,True,20.0,758.4733683036914,0.0,0.0,-101.56212000000002
435600.0,920,iso13790,native,True,20.000000000000004,832.524128634868,0.0,0.0,-101.56212000000002
439200.0,920,iso13790,native,True,19.999999999999993,868.115762588585,0.0,1.1000000000000227,-101.56212000000002
442800.0,920,iso13790,native,True,20.0,940.2846596403937,0.0,0.6000000000000227,-101.56212000000002
446400.0,920,iso13790,native,True,19.999999999999993,1013.1872532422856,0.0,0.0,-101.56212000000002
450000.0,920,iso13790,native,True,20.00000000000001,1084.5232149713092,0.0,-0.5999999999999659,-101.56212000000002
453600.0,920,iso13790,native,True,20.000000000000004,1118.9485411758826,0.0,0.0,-101.56212000000002
457200.0,920,iso13790,native,True,20.0,1181.7934642773846,0.0,-0.5999999999999659,-101.56212000000002
460800.0,920,iso13790,native,True,20.000000000000004,1221.1448664065867,0.0,-0.5999999999999659,-51.9043513167327
464400.0,920,iso13790,native,True,20.00000000000001,1188.9544621249831,0.0,-0.5999999999999659,646.9852163653504
468000.0,920,iso13790,native,True,20.00000000000001,1073.2158855257753,0.0,0.0,1603.2514130439497
471600.0,920,iso13790,native,True,20.000000000000004,888.6409636013053,0.0,0.0,2891.720356154856
475200.0,920,iso13790,native,True,19.999999999999996,661.3030235417823,0.0,1.1000000000000227,3651.19826312071
478800.0,920,iso13790,native,True,20.000000000000004,445.57956610626434,0.0,1.7000000000000455,4086.7704165103646
482400.0,920,iso13790,native,True,19.999999999999993,293.74263842108957,0.0,1.1000000000000227,4106.543566790245
486000.0,920,iso13790,native,True,20.0,169.94844480165975,0.0,1.7000000000000455,3647.1888973160344
489600.0,920,iso13790,native,True,20.0,187.65479166432954,0.0,0.6000000000000227,2614.9705961230566
493200.0,920,iso13790,native,True,20.000000000000004,368.12330599131064,0.0,-0.5999999999999659,682.6483851496969
496800.0,920,iso13790,native,True,19.999999999999996,541.594893919048,0.0,-1.6999999999999886,-101.56212000000002
500400.0,920,iso13790,native,True,20.000000000000004,692.4954242627625,0.0,-3.2999999999999545,-101.56212000000002
504000.0,920,iso13790,native,True,20.000000000000004,827.9321019354749,0.0,-4.399999999999977,-101.56212000000002
507600.0,920,iso13790,native,True,19.999999999999993,978.0884499136588,0.0,-6.099999999999966,-101.56212000000002
511200.0,920,iso13790,native,True,20.00000000000001,1128.3341585160908,0.0,-7.7999999999999545,-101.56212000000002
514800.0,920,iso13790,native,True,20.000000000000014,1228.4131975845864,0.0,-7.7999999999999545,-101.56212000000002
518400.0,920,iso13790,native,True,19.999999999999996,1352.971362580536,0.0,-8.899999999999977,-101.56212000000002
522000.0,920,iso13790,native,True,20.000000000000007,1442.8737227707334,0.0,-8.899999999999977,-101.56212000000002
525600.0,920,iso13790,native,True,20.000000000000004,1507.8233870929387,0.0,-8.299999999999955,-101.56212000000002
529200.0,920,iso13790,native,True,19.999999999999986,1648.9908595118413,0.0,-10.599999999999966,-101.56212000000002
532800.0,920,iso13790,native,True,20.000000000000004,1774.5650069998367,0.0,-12.199999999999989,-101.56212000000002
536400.0,920,iso13790,native,True,19.999999999999986,1904.4435192365017,0.0,-13.899999999999977,-101.56212000000002
540000.0,920,iso13790,native,True,19.99999999999999,1953.2765755246255,0.0,-12.799999999999955,-101.56212000000002
543600.0,920,iso13790,native,True,20.0,2022.844732868007,0.0,-12.799999999999955,-101.56212000000002
547200.0,920,iso13790,native,True,20.000000000000007,1788.5307849545643,0.0,-2.7999999999999545,-74.59191000000001
550800.0,920,iso13790,native,True,19.999999999999996,1715.2978179447523,0.0,-0.5999999999999659,103.411476
554400.0,920,iso13790,native,True,19.999999999999993,1637.272161267823,0.0,1.1000000000000227,270.62677799999994
558000.0,920,iso13790,native,True,19.999999999999996,1547.002607835154,0.0,2.8000000000000114,400.0837859999999
561600.0,920,iso13790,native,True,20.000000000000018,1435.703726586456,0.0,5.0,464.81228999999996
565200.0,920,iso13790,native,True,19.999999999999993,1366.955781920329,0.0,5.600000000000023,470.2063319999999
568800.0,920,iso13790,native,True,20.000000000000004,1341.099571219803,0.0,5.0,410.87187
572400.0,920,iso13790,native,True,20.0,1312.9082623297857,0.0,5.0,297.596988
576000.0,920,iso13790,native,True,20.00000000000001,1316.4887223454073,0.0,4.400000000000034,135.775728
579600.0,920,iso13790,native,True,19.999999999999993,1301.15069837077,0.0,5.0,-53.01574200000001
583200.0,920,iso13790,native,True,19.999999999999993,1280.1146420320497,0.0,5.600000000000023,-101.56212000000002
586800.0,920,iso13790,native,True,20.00000000000001,1290.0144354740482,0.0,5.0,-101.56212000000002
590400.0,920,iso13790,native,True,19.999999999999996,1303.4057730568247,0.0,4.400000000000034,-101.56212000000002
594000.0,920,iso13790,native,True,19.999999999999993,1367.3013771655674,0.0,2.2000000000000455,-101.56212000000002
597600.0,920,iso13790,native,True,20.0,1459.5186278702242,0.0,-0.5999999999999659,-101.56212000000002
601200.0,920,iso13790,native,True,20.00000000000001,1463.8374699511842,0.0,0.0,-101.56212000000002
604800.0,920,iso13790,native,True,20.000000000000004,1431.0092600480418,0.0,1.7000000000000455,-101.56212000000002
608400.0,920,iso13790,native,True,19.999999999999996,1438.9208628725123,0.0,1.7000000000000455,-101.56212000000002
612000.0,920,iso13790,native,True,19.999999999999993,1463.9321734395874,0.0,1.1000000000000227,-101.56212000000002
615600.0,920,iso13790,native,True,19.999999999999993,1523.7357664531396,0.0,-0.5999999999999659,-101.56212000000002
619200.0,920,iso13790,native,True,20.000000000000004,1573.1477952791784,0.0,-1.6999999999999886,-101.56212000000002
622800.0,920,iso13790,native,True,19.999999999999993,1641.2301631088837,0.0,-3.2999999999999545,-101.56212000000002
626400.0,920,iso13790,native,True,19.999999999999993,1667.9837639062655,0.0,-3.2999999999999545,-101.56212000000002
630000.0,920,iso13790,native,True,19.999999999999993,1725.1034190233788,0.0,-4.399999999999977,-101.56212000000002
633600.0,920,iso13790,native,True,20.000000000000014,1699.1692184533651,0.0,-2.7999999999999545,-36.808517556789425
637200.0,920,iso13790,native,True,19.999999999999986,1490.5608822159284,0.0,2.2000000000000455,712.2203843671977
640800.0,920,iso13790,native,True,19.999999999999993,1239.782266278689,0.0,5.0,1885.3057216293153
644400.0,920,iso13790,native,True,19.99999999999999,1002.4015248681507,0.0,7.2000000000000455,2394.4589150634456
648000.0,920,iso13790,native,True,20.0,757.2924535972783,0.0,7.800000000000011,3175.879731908253
651600.0,920,iso13790,native,True,20.000000000000004,429.8414822297966,0.0,10.600000000000023,3810.335771696691
655200.0,920,iso13790,native,True,19.999999999999996,159.88425545064626,0.0,10.600000000000023,4375.13505560994
658800.0,920,iso13790,native,True,20.000000000000004,56.45352378760504,0.0,7.800000000000011,3982.192247906018
662400.0,920,iso13790,native,True,19.999999999999993,7.1917386036209585,0.0,6.7000000000000455,3070.5298264362245
666000.0,920,iso13790,native,True,19.999999999999996,188.5574958394986,0.0,4.400000000000034,888.2436801326377
669600.0,920,iso13790,native,True,19.999999999999996,428.73391685229154,0.0,0.6000000000000227,-101.56212000000002
673200.0,920,iso13790,native,True,20.000000000000004,560.4412213062985,0.0,-0.5999999999999659,-101.56212000000002
676800.0,920,iso13790,native,True,20.000000000000007,687.1912946316905,0.0,-1.6999999999999886,-101.56212000000002
680400.0,920,iso13790,native,True,20.000000000000004,761.3746956246663,0.0,-1.099999999999966,-101.56212000000002
684000.0,920,iso13790,native,True,20.000000000000007,875.5647941251815,0.0,-2.1999999999999886,-101.56212000000002
687600.0,920,iso13790,native,True,20.000000000000004,941.1524121648617,0.0,-1.6999999999999886,-101.56212000000002
691200.0,920,iso13790,native,True,19.999999999999993,1045.195415988763,0.0,-2.7999999999999545,-101.56212000000002
694800.0,920,iso13790,native,True,20.0,1131.0087487339351,0.0,-3.2999999999999545,-101.56212000000002
698400.0,920,iso13790,native,True,19.999999999999986,1198.7254450333633,0.0,-3.2999999999999545,-101.56212000000002
702000.0,920,iso13790,native,True,19.999999999999986,1261.0055104516791,0.0,-3.2999999999999545,-101.56212000000002
705600.0,920,iso13790,native,True,19.999999999999986,1318.2854245715066,0.0,-3.2999999999999545,-101.56212000000002
709200.0,920,iso13790,native,True,20.000000000000004,1388.7015145370183,0.0,-3.8999999999999773,-101.56212000000002
712800.0,920,iso13790,native,True,20.000000000000004,1422.2808208271733,0.0,-3.2999999999999545,-101.56212000000002
716400.0,920,iso13790,native,True,19.999999999999996,1516.8616122194073,0.0,-5.0,-101.56212000000002
720000.0,920,iso13790,native,True,20.00000000000001,1444.0473383376336,0.0,-1.099999999999966,-37.78830265157111
723600.0,920,iso13790,native,True,20.0,1340.0623977065834,0.0,0.6000000000000227,724.3104254653441
727200.0,920,iso13790,native,True,20.0,1136.54521971754,0.0,2.8000000000000114,1830.3659325649007
730800.0,920,iso13790,native,True,20.000000000000004,908.3105127500253,0.0,3.900000000000034,2843.227594589173
734400.0,920,iso13790,native,True,20.000000000000007,705.8240723815793,0.0,3.3000000000000114,3591.8272028793467
738000.0,920,iso13790,native,True,20.000000000000004,492.00127387457303,0.0,3.3000000000000114,4028.913130996883
741600.0,920,iso13790,native,True,20.0,293.39208919150093,0.0,3.900000000000034,4045.3328599462498
745200.0,920,iso13790,native,True,20.000000000000004,157.0689299917391,0.0,4.400000000000034,3578.339541003468
748800.0,920,iso13790,native,True,20.000000000000004,143.03929281445627,0.0,3.900000000000034,2545.4447763929907
752400.0,920,iso13790,native,True,20.0,299.94039822609227,0.0,2.8000000000000114,661.2468572750836
756000.0,920,iso13790,native,True,20.0,471.4779460732114,0.0,1.1000000000000227,-101.56212000000002
759600.0,920,iso13790,native,True,19.999999999999996,593.2257766171274,0.0,0.0,-101.56212000000002
763200.0,920,iso13790,native,True,20.0,662.8085395888555,0.0,0.6000000000000227,-101.56212000000002
766800.0,920,iso13790,native,True,20.000000000000004,808.2371426114433,0.0,-1.6999999999999886,-101.56212000000002
770400.0,920,iso13790,native,True,20.000000000000004,890.4372752933307,0.0,-1.6999999999999886,-101.56212000000002
774000.0,920,iso13790,native,True,19.999999999999982,998.5519408243586,0.0,-2.7999999999999545,-101.56212000000002
777600.0,920,iso13790,native,True,20.0,1120.6240077092164,0.0,-4.399999999999977,-101.56212000000002
781200.0,920,iso13790,native,True,19.999999999999993,1197.0327478270563,0.0,-4.399999999999977,-101.56212000000002
784800.0,920,iso13790,native,True,20.000000000000004,1285.0419071482254,0.0,-5.0,-101.56212000000002
788400.0,920,iso13790,native,True,19.99999999999999,1352.5367145796865,0.0,-5.0,-101.56212000000002
792000.0,920,iso13790,native,True,20.0,1432.3475957629628,0.0,-5.599999999999966,-101.56212000000002
795600.0,920,iso13790,native,True,20.000000000000014,1507.0813985715015,0.0,-6.099999999999966,-101.56212000000002
799200.0,920,iso13790,native,True,19.999999999999993,1582.342974626024,0.0,-6.699999999999989,-101.56212000000002
802800.0,920,iso13790,native,True,20.000000000000014,1605.5996721978102,0.0,-5.599999999999966,-101.56212000000002
806400.0,920,iso13790,native,True,20.000000000000004,1625.3690110430034,0.0,-5.0,-16.728206122470997
810000.0,920,iso13790,native,True,19.999999999999996,1479.367340272769,0.0,-1.6999999999999886,812.3888460566718
813600.0,920,iso13790,native,True,19.999999999999993,1235.8098197234788,0.0,1.7000000000000455,1962.7755581141791
817200.0,920,iso13790,native,True,20.0,949.138644994133,0.0,4.400000000000034,3005.2673969395655
820800.0,920,iso13790,native,True,20.000000000000004,659.2722818730576,0.0,6.100000000000023,3780.64497109118
824400.0,920,iso13790,native,True,19.999999999999996,381.6478246142933,0.0,7.2000000000000455,4252.931494028722
828000.0,920,iso13790,native,True,20.0,162.05876585166502,0.0,7.2000000000000455,4329.89225172705
831600.0,920,iso13790,native,True,20.0,17.060912068701363,0.0,6.7000000000000455,3941.4032568869507
835200.0,920,iso13790,native,True,20.12080307113068,0.0,0.0,6.100000000000023,3034.6106708077746
838800.0,920,iso13790,native,True,20.0,135.72041549127533,0.0,3.3000000000000114,1193.6573356123918
842400.0,920,iso13790,native,True,20.000000000000004,367.665808345742,0.0,0.6000000000000227,-101.56212000000002
846000.0,920,iso13790,native,True,20.000000000000004,519.0550374593982,0.0,-1.099999999999966,-101.56212000000002
849600.0,920,iso13790,native,True,20.000000000000004,652.6997551111065,0.0,-2.1999999999999886,-101.56212000000002
853200.0,920,iso13790,native,True,20.0,718.4451890774245,0.0,-1.099999999999966,-101.56212000000002
856800.0,920,iso13790,native,True,20.000000000000007,868.5958459710323,0.0,-3.2999999999999545,-101.56212000000002
860400.0,920,iso13790,native,True,20.000000000000007,989.8943119004693,0.0,-4.399999999999977,-101.56212000000002
864000.0,920,iso13790,native,True,19.999999999999996,1094.5335680657677,0.0,-5.0,-101.56212000000002
867600.0,920,iso13790,native,True,20.0,1195.0582163170632,0.0,-5.599999999999966,-101.56212000000002
871200.0,920,iso13790,native,True,19.999999999999996,1288.842782652982,0.0,-6.099999999999966,-101.56212000000002
874800.0,920,iso13790,native,True,20.000000000000018,1363.8907425347602,0.0,-6.099999999999966,-101.56212000000002
878400.0,920,iso13790,native,True,19.999999999999996,1418.1344062317837,0.0,-5.599999999999966,-101.56212000000002
882000.0,920,iso13790,native,True,19.999999999999986,1461.4953485578906,0.0,-5.0,-101.56212000000002
885600.0,920,iso13790,native,True,19.99999999999999,1482.309636533321,0.0,-3.8999999999999773,-101.56212000000002
889200.0,920,iso13790,native,True,19.999999999999996,1526.1085106893006,0.0,-3.8999999999999773,-101.56212000000002
892800.0,920,iso13790,native,True,19.999999999999996,1540.3884441334258,0.0,-3.2999999999999545,-19.442837244408786
896400.0,920,iso13790,native,True,20.0,1467.4397928243625,0.0,-1.6999999999999886,531.9477101903893
900000.0,920,iso13790,native,True,19.999999999999986,1251.930906301607,0.0,1.1000000000000227,1758.7340790564274
903600.0,920,iso13790,native,True,20.0,947.2618336492081,0.0,7.2000000000000455,2134.7083211899767
907200.0,920,iso13790,native,True,20.0,682.3710069174541,0.0,7.800000000000011,3313.421083225042
910800.0,920,iso13790,native,True,20.0,388.7741217389524,0.0,10.600000000000023,3588.316047680508
914400.0,920,iso13790,native,True,20.0,142.04566385811364,0.0,11.700000000000045,3766.249767188322
918000.0,920,iso13790,native,True,20.000000000000004,161.50272186642928,0.0,12.200000000000045,1487.6860300255998
921600.0,920,iso13790,native,True,20.000000000000004,238.88606182531024,0.0,10.0,751.2569038781515
925200.0,920,iso13790,native,True,20.000000000000007,330.8844729899118,0.0,8.300000000000011,261.92200262751965
928800.0,920,iso13790,native,True,20.0,409.24774645163586,0.0,7.800000000000011,-101.56212000000002
932400.0,920,iso13790,native,True,20.000000000000004,473.34842509589896,0.0,7.2000000000000455,-101.56212000000002
936000.0,920,iso13790,native,True,20.0,566.1472835767233,0.0,5.600000000000023,-101.56212000000002
939600.0,920,iso13790,native,True,20.000000000000004,651.1027936600261,0.0,4.400000000000034,-101.56212000000002
943200.0,920,iso13790,native,True,20.000000000000007,652.0917162148841,0.0,6.100000000000023,-101.56212000000002
946800.0,920,iso13790,native,True,19.999999999999996,741.3543009019628,0.0,4.400000000000034,-101.56212000000002
950400.0,920,iso13790,native,True,20.00000000000001,800.1253177319815,0.0,3.900000000000034,-101.56212000000002
954000.0,920,iso13790,native,True,20.000000000000004,875.4847543669736,0.0,2.8000000000000114,-101.56212000000002
957600.0,920,iso13790,native,True,19.999999999999996,1002.901124530609,0.0,0.0,-101.56212000000002
961200.0,920,iso13790,native,True,20.000000000000007,1089.8419827320802,0.0,-1.099999999999966,-101.56212000000002
964800.0,920,iso13790,native,True,20.000000000000004,1210.1750704312067,0.0,-3.2999999999999545,-101.56212000000002
968400.0,920,iso13790,native,True,20.000000000000004,1321.784759210368,0.0,-5.0,-101.56212000000002
972000.0,920,iso13790,native,True,20.00000000000001,1404.0645592770484,0.0,-5.599999999999966,-101.56212000000002
975600.0,920,iso13790,native,True,20.00000000000001,1481.069063965237,0.0,-6.099999999999966,-101.56212000000002
979200.0,920,iso13790,native,True,20.000000000000018,1488.2630326220187,0.0,-4.399999999999977,-79.98595200000001
982800.0,920,iso13790,native,True,19.999999999999996,1403.0591034576398,0.0,-0.5999999999999659,103.411476
986400.0,920,iso13790,native,True,19.999999999999993,1313.7860926607923,0.0,2.2000000000000455,308.385072
990000.0,920,iso13790,native,True,19.999999999999993,1172.1337834609626,0.0,6.100000000000023,459.41824799999995
993600.0,920,iso13790,native,True,19.999999999999993,1087.2174923700832,0.0,7.800000000000011,437.84207999999995
997200.0,920,iso13790,native,True,20.000000000000007,1034.4148233574965,0.0,7.800000000000011,556.5110040000001
1000800.0,920,iso13790,native,True,20.000000000000004,974.9060336783932,0.0,8.900000000000034,389.295702
1004400.0,920,iso13790,native,True,20.000000000000004,960.2399419765936,0.0,8.300000000000011,346.143366
1008000.0,920,iso13790,native,True,20.000000000000004,951.1318158984658,0.0,8.300000000000011,151.957854
1011600.0,920,iso13790,native,True,20.000000000000004,1069.2931533627598,0.0,4.400000000000034,-36.83361600000002
1015200.0,920,iso13790,native,True,20.000000000000004,1154.566422861734,0.0,2.2000000000000455,-101.56212000000002
1018800.0,920,iso13790,native,True,19.999999999999986,1181.1002651579827,0.0,2.2000000000000455,-101.56212000000002
1022400.0,920,iso13790,native,True,20.000000000000004,1205.5038395246781,0.0,2.2000000000000455,-101.56212000000002
1026000.0,920,iso13790,native,True,20.000000000000004,1325.4900710360725,0.0,-1.099999999999966,-101.56212000000002
1029600.0,920,iso13790,native,True,19.999999999999993,1394.390200620912,0.0,-2.1999999999999886,-101.56212000000002
1033200.0,920,iso13790,native,True,19.999999999999996,1418.3239521696905,0.0,-1.6999999999999886,-101.56212000000002
1036800.0,920,iso13790,native,True,19.999999999999993,1451.543302116125,0.0,-1.6999999999999886,-101.56212000000002
1040400.0,920,iso13790,native,True,19.999999999999993,1414.1118924098655,0.0,0.6000000000000227,-101.56212000000002
1044000.0,920,iso13790,native,True,20.000000000000004,1351.431398544502,0.0,3.3000000000000114,-101.56212000000002
1047600.0,920,iso13790,native,True,20.000000000000004,1369.0807178707612,0.0,2.8000000000000114,-101.56212000000002
1051200.0,920,iso13790,native,True,20.000000000000004,1374.1059444603734,0.0,2.8000000000000114,-101.56212000000002
1054800.0,920,iso13790,native,True,20.000000000000004,1363.9486457873322,0.0,3.3000000000000114,-101.56212000000002
1058400.0,920,iso13790,native,True,20.000000000000007,1380.5930186731155,0.0,2.8000000000000114,-101.56212000000002
1062000.0,920,iso13790,native,True,20.000000000000004,1402.4288711851887,0.0,2.2000000000000455,-101.56212000000002
1065600.0,920,iso13790,native,True,20.0,1366.6273152862843,0.0,3.3000000000000114,-3.012838447959492
1069200.0,920,iso13790,native,True,19.999999999999986,1208.3084797433535,0.0,5.600000000000023,851.1356855956614
1072800.0,920,iso13790,native,True,20.000000000000004,963.9247676919686,0.0,7.800000000000011,2036.802275085065
1076400.0,920,iso13790,native,True,20.0,680.9476130915048,0.0,9.400000000000034,3104.8236113828893
1080000.0,920,iso13790,native,True,20.000000000000004,418.22547472243167,0.0,9.400000000000034,3908.6556743355886
1083600.0,920,iso13790,native,True,20.0,178.89174873767064,0.0,10.0,4028.1774398022344
1087200.0,920,iso13790,native,True,20.16087054754687,0.0,0.0,9.400000000000034,4425.090003054264
1090800.0,920,iso13790,native,True,20.659605480343895,0.0,0.0,9.400000000000034,3769.647411946313
1094400.0,920,iso13790,native,True,20.877073343141504,0.0,0.0,9.400000000000034,2759.7605575889843
1098000.0,920,iso13790,native,True,20.514139177510593,0.0,0.0,8.300000000000011,1076.937528403202
1101600.0,920,iso13790,native,True,19.999999999999993,14.270632978600977,0.0,7.2000000000000455,-101.56212000000002
1105200.0,920,iso13790,native,True,20.000000000000004,111.41255878363694,0.0,6.7000000000000455,-101.56212000000002
1108800.0,920,iso13790,native,True,20.000000000000004,189.54833273189607,0.0,6.7000000000000455,-101.56212000000002
1112400.0,920,iso13790,native,True,20.000000000000004,279.1458710764964,0.0,6.100000000000023,-101.56212000000002
1116000.0,920,iso13790,native,True,20.000000000000004,430.86435601037635,0.0,3.3000000000000114,-101.56212000000002
1119600.0,920,iso13790,native,True,20.000000000000004,554.9353104112246,0.0,1.7000000000000455,-101.56212000000002
1123200.0,920,iso13790,native,True,20.000000000000004,600.6684919340055,0.0,2.8000000000000114,-101.56212000000002
1126800.0,920,iso13790,native,True,20.000000000000007,584.6228263775963,0.0,5.600000000000023,-101.56212000000002
1130400.0,920,iso13790,native,True,20.000000000000004,600.1112824762765,0.0,6.7000000000000455,-101.56212000000002
1134000.0,920,iso13790,native,True,20.000000000000004,624.2328335979659,0.0,7.2000000000000455,-101.56212000000002
1137600.0,920,iso13790,native,True,20.000000000000004,672.4039808886962,0.0,6.7000000000000455,-101.56212000000002
1141200.0,920,iso13790,native,True,20.000000000000007,705.5005923242037,0.0,6.7000000000000455,-101.56212000000002
1144800.0,920,iso13790,native,True,20.00000000000001,735.9400443053439,0.0,6.7000000000000455,-101.56212000000002
1148400.0,920,iso13790,native,True,19.999999999999996,763.9356667187599,0.0,6.7000000000000455,-101.56212000000002
1152000.0,920,iso13790,native,True,19.999999999999993,782.2485414555726,0.0,6.7000000000000455,-27.71211211269285
1155600.0,920,iso13790,native,True,20.000000000000004,695.2582871420008,0.0,8.300000000000011,563.1343173741691
1159200.0,920,iso13790,native,True,20.0,541.2199589643438,0.0,10.0,1389.6669473172158
1162800.0,920,iso13790,native,True,20.000000000000004,325.4951075112555,0.0,12.200000000000045,2185.2596386605787
1166400.0,920,iso13790,native,True,19.999999999999996,32.393439584931414,0.0,12.800000000000011,3754.6884244676066
1170000.0,920,iso13790,native,True,20.058727632532424,0.0,0.0,13.300000000000011,2171.5311230023785
1173600.0,920,iso13790,native,True,20.29520865814485,0.0,0.0,13.300000000000011,1860.3200983141587
1177200.0,920,iso13790,native,True,20.50614803932653,0.0,0.0,12.800000000000011,1829.254146434041
1180800.0,920,iso13790,native,True,20.201220297625543,0.0,0.0,12.200000000000045,455.9148786070663
1184400.0,920,iso13790,native,True,20.000000000000004,66.00530936562147,0.0,10.0,36.533065767384834
1188000.0,920,iso13790,native,True,20.0,162.23411354308791,0.0,8.900000000000034,-101.56212000000002
1191600.0,920,iso13790,native,True,20.0,270.8219268540816,0.0,7.2000000000000455,-101.56212000000002
1195200.0,920,iso13790,native,True,20.0,379.880613039979,0.0,5.600000000000023,-101.56212000000002
1198800.0,920,iso13790,native,True,20.000000000000004,527.0835723371179,0.0,2.8000000000000114,-101.56212000000002
1202400.0,920,iso13790,native,True,20.0,649.957344854574,0.0,1.1000000000000227,-101.56212000000002
1206000.0,920,iso13790,native,True,19.999999999999996,739.6410773257484,0.0,0.6000000000000227,-101.56212000000002
1209600.0,920,iso13790,native,True,20.000000000000004,861.166294388295,0.0,-1.099999999999966,-101.56212000000002
1213200.0,920,iso13790,native,True,20.000000000000004,934.8306648492027,0.0,-1.099999999999966,-101.56212000000002
1216800.0,920,iso13790,native,True,20.000000000000004,1020.3157860659383,0.0,-1.6999999999999886,-101.56212000000002
1220400.0,920,iso13790,native,True,20.00000000000001,1085.4891976400638,0.0,-1.6999999999999886,-101.56212000000002
1224000.0,920,iso13790,native,True,19.999999999999996,1160.2092410427335,0.0,-2.1999999999999886,-101.56212000000002
1227600.0,920,iso13790,native,True,19.999999999999986,1202.944196817156,0.0,-1.6999999999999886,-101.56212000000002
1231200.0,920,iso13790,native,True,20.00000000000001,1235.7204071426029,0.0,-1.099999999999966,-101.56212000000002
1234800.0,920,iso13790,native,True,20.0,1329.5625790812458,0.0,-2.7999999999999545,-101.56212000000002
1238400.0,920,iso13790,native,True,20.00000000000001,1350.1696260297954,0.0,-2.1999999999999886,-3.607713426443979
1242000.0,920,iso13790,native,True,20.000000000000018,1141.8294935267486,0.0,3.3000000000000114,811.6468717803359
1245600.0,920,iso13790,native,True,20.000000000000007,873.5470255159818,0.0,7.2000000000000455,1975.6473096101006
1249200.0,920,iso13790,native,True,20.000000000000004,571.4231875256814,0.0,10.0,3033.1085173373635
1252800.0,920,iso13790,native,True,19.999999999999993,253.14561662679904,0.0,12.200000000000045,3830.9200429999573
1256400.0,920,iso13790,native,True,20.00103807529881,0.0,0.0,12.800000000000011,4070.425474422553
1260000.0,920,iso13790,native,True,20.895781439142468,0.0,0.0,13.300000000000011,4335.804297795905
1263600.0,920,iso13790,native,True,21.512049321418953,0.0,0.0,12.800000000000011,3984.753853017042
1267200.0,920,iso13790,native,True,21.650300424812624,0.0,0.0,10.600000000000023,3088.857706186172
1270800.0,920,iso13790,native,True,21.312825857415643,0.0,0.0,8.900000000000034,1424.3060472474172
1274400.0,920,iso13790,native,True,20.693614682326107,0.0,0.0,7.800000000000011,-101.56212000000002
1278000.0,920,iso13790,native,True,20.03687397053907,0.0,0.0,4.400000000000034,-101.56212000000002
1281600.0,920,iso13790,native,True,20.000000000000004,108.18509051268016,0.0,3.900000000000034,-101.56212000000002
1285200.0,920,iso13790,native,True,19.999999999999993,256.8317968852704,0.0,2.2000000000000455,-101.56212000000002
1288800.0,920,iso13790,native,True,19.999999999999996,355.4402095215794,0.0,2.2000000000000455,-101.56212000000002
1292400.0,920,iso13790,native,True,20.000000000000004,528.8946730856629,0.0,-0.5999999999999659,-101.56212000000002
1296000.0,920,iso13790,native,True,20.000000000000004,607.9286032877939,0.0,0.0,-101.56212000000002
1299600.0,920,iso13790,native,True,20.000000000000007,611.3030196117896,0.0,2.8000000000000114,-101.56212000000002
1303200.0,920,iso13790,native,True,20.000000000000004,662.387307786087,0.0,3.3000000000000114,-101.56212000000002
1306800.0,920,iso13790,native,True,19.999999999999996,620.0797034697392,0.0,6.7000000000000455,-101.56212000000002
1310400.0,920,iso13790,native,True,19.999999999999996,837.6818843993199,0.0,0.6000000000000227,-101.56212000000002
1314000.0,920,iso13790,native,True,20.000000000000007,951.3359011748837,0.0,-1.099999999999966,-101.56212000000002
1317600.0,920,iso13790,native,True,20.000000000000004,1017.76101018945,0.0,-1.099999999999966,-101.56212000000002
1321200.0,920,iso13790,native,True,19.999999999999993,1078.8531833302222,0.0,-1.099999999999966,-101.56212000000002
1324800.0,920,iso13790,native,True,20.000000000000004,1095.975193275485,0.0,0.0,-36.489587815497195
1328400.0,920,iso13790,native,True,20.000000000000007,1092.9290645322917,0.0,0.0,420.85483678169396
1332000.0,920,iso13790,native,True,20.000000000000004,1061.2894708313638,0.0,-1.099999999999966,1211.4388317168055
1335600.0,920,iso13790,native,True,20.000000000000004,966.5328382548456,0.0,0.0,1608.9719795861054
1339200.0,920,iso13790,native,True,19.999999999999996,823.7905999344212,0.0,1.1000000000000227,2240.605100526711
1342800.0,920,iso13790,native,True,20.0,637.5098035089899,0.0,2.2000000000000455,2959.083432622439
1346400.0,920,iso13790,native,True,20.000000000000004,507.5790975237165,0.0,2.2000000000000455,3077.4839936593635
1350000.0,920,iso13790,native,True,20.000000000000004,434.27545603254254,0.0,1.7000000000000455,2812.346967631027
1353600.0,920,iso13790,native,True,19.999999999999996,415.3375413218046,0.0,1.7000000000000455,2114.446563633801
1357200.0,920,iso13790,native,True,20.0,536.5221703899352,0.0,1.7000000000000455,461.26046521053655
1360800.0,920,iso13790,native,True,20.0,688.9468363089927,0.0,0.0,-101.56212000000002
1364400.0,920,iso13790,native,True,20.0,750.8446397724691,0.0,0.6000000000000227,-101.56212000000002
1368000.0,920,iso13790,native,True,20.000000000000004,806.4424484045998,0.0,1.1000000000000227,-101.56212000000002
1371600.0,920,iso13790,native,True,20.000000000000007,919.032564365684,0.0,-0.5999999999999659,-101.56212000000002
1375200.0,920,iso13790,native,True,20.00000000000001,999.2582630273187,0.0,-1.099999999999966,-101.56212000000002
1378800.0,920,iso13790,native,True,20.000000000000007,1079.570818407377,0.0,-1.6999999999999886,-101.56212000000002
1382400.0,920,iso13790,native,True,20.0,1154.7660185300447,0.0,-2.1999999999999886,-101.56212000000002
1386000.0,920,iso13790,native,True,20.00000000000001,1212.7170583446175,0.0,-2.1999999999999886,-101.56212000000002
1389600.0,920,iso13790,native,True,19.999999999999996,1251.2364271716046,0.0,-1.6999999999999886,-101.56212000000002
1393200.0,920,iso13790,native,True,20.00000000000001,1297.8703889921496,0.0,-1.6999999999999886,-101.56212000000002
1396800.0,920,iso13790,native,True,19.999999999999993,1240.2626343068694,0.0,1.7000000000000455,-101.56212000000002
1400400.0,920,iso13790,native,True,20.00000000000001,1331.472064627051,0.0,-0.5999999999999659,-101.56212000000002
1404000.0,920,iso13790,native,True,20.000000000000018,1363.8060076191532,0.0,-0.5999999999999659,-101.56212000000002
1407600.0,920,iso13790,native,True,20.000000000000004,1375.8091316483662,0.0,0.0,-101.56212000000002
1411200.0,920,iso13790,native,True,20.00000000000001,1544.286424967432,0.0,-5.0,-63.80382600000001
1414800.0,920,iso13790,native,True,19.999999999999993,1481.471737147153,0.0,-2.1999999999999886,178.92806399999995
1418400.0,920,iso13790,native,True,20.000000000000007,1353.238593975037,0.0,0.0,952.4361107777124
1422000.0,920,iso13790,native,True,20.000000000000004,1236.7184352209008,0.0,0.0,1734.6067181866983
1425600.0,920,iso13790,native,True,20.000000000000004,1115.8050775854085,0.0,-1.099999999999966,2504.0039392386125
1429200.0,920,iso13790,native,True,20.0,970.6913235397132,0.0,-2.1999999999999886,3223.6858554522228
1432800.0,920,iso13790,native,True,20.0,841.1415749172346,0.0,-2.7999999999999545,3401.210868160793
1436400.0,920,iso13790,native,True,20.000000000000004,750.2628107077278,0.0,-4.399999999999977,3526.914581159172
1440000.0,920,iso13790,native,True,20.0,885.8530234898177,0.0,-5.599999999999966,1395.8614936373044
1443600.0,920,iso13790,native,True,19.999999999999986,1047.6338839160037,0.0,-6.699999999999989,239.06289133160135
1447200.0,920,iso13790,native,True,19.999999999999993,1207.2138267295977,0.0,-8.299999999999955,-101.56212000000002
1450800.0,920,iso13790,native,True,20.000000000000007,1337.0459389874763,0.0,-9.399999999999977,-101.56212000000002
1454400.0,920,iso13790,native,True,20.000000000000018,1431.7988279015296,0.0,-9.399999999999977,-101.56212000000002
1458000.0,920,iso13790,native,True,20.00000000000001,1536.6793771384043,0.0,-10.0,-101.56212000000002
1461600.0,920,iso13790,native,True,19.99999999999999,1637.4259462615598,0.0,-10.599999999999966,-101.56212000000002
1465200.0,920,iso13790,native,True,19.999999999999986,1731.4146165655222,0.0,-11.099999999999966,-101.56212000000002
1468800.0,920,iso13790,native,True,20.000000000000007,1824.3851842391043,0.0,-11.699999999999989,-101.56212000000002
1472400.0,920,iso13790,native,True,20.0,1896.443073652424,0.0,-11.699999999999989,-101.56212000000002
1476000.0,920,iso13790,native,True,19.999999999999996,1962.715799757128,0.0,-11.699999999999989,-101.56212000000002
1479600.0,920,iso13790,native,True,20.000000000000007,2023.667824040774,0.0,-11.699999999999989,-101.56212000000002
1483200.0,920,iso13790,native,True,19.999999999999993,2094.505393977157,0.0,-12.199999999999989,-101.56212000000002
1486800.0,920,iso13790,native,True,19.999999999999996,2133.669580433541,0.0,-11.699999999999989,-101.56212000000002
1490400.0,920,iso13790,native,True,20.000000000000007,2180.8965907389656,0.0,-11.699999999999989,-101.56212000000002
1494000.0,920,iso13790,native,True,19.99999999999998,2224.331983368381,0.0,-11.699999999999989,-101.56212000000002
1497600.0,920,iso13790,native,True,19.999999999999993,2183.9733528318125,0.0,-9.399999999999977,20.837875315670892
1501200.0,920,iso13790,native,True,20.000000000000007,2087.070171564806,0.0,-8.299999999999955,852.2544569018781
1504800.0,920,iso13790,native,True,20.000000000000004,1805.0262802197967,0.0,-3.8999999999999773,2050.9656647181896
1508400.0,920,iso13790,native,True,20.000000000000004,1434.9599058508381,0.0,1.1000000000000227,3136.731864917731
1512000.0,920,iso13790,native,True,20.000000000000004,1084.7720899339017,0.0,3.900000000000034,3955.679499752864
1515600.0,920,iso13790,native,True,20.000000000000004,709.2884130617774,0.0,7.2000000000000455,4465.177091942445
1519200.0,920,iso13790,native,True,19.999999999999996,265.7798432431857,0.0,13.300000000000011,4585.918949764582
1522800.0,920,iso13790,native,True,20.0,48.22424062150941,0.0,12.800000000000011,4247.97515317856
1526400.0,920,iso13790,native,True,20.218083688553822,0.0,0.0,11.700000000000045,3426.4179612897788
1530000.0,920,iso13790,native,True,20.221383493828153,0.0,0.0,11.700000000000045,1831.0618631022091
1533600.0,920,iso13790,native,True,19.999999999999996,118.02867735620282,0.0,10.0,-101.56212000000002
1537200.0,920,iso13790,native,True,20.0,139.54439454291796,0.0,11.100000000000023,-101.56212000000002
1540800.0,920,iso13790,native,True,19.999999999999993,198.76745895700455,0.0,10.600000000000023,-101.56212000000002
1544400.0,920,iso13790,native,True,19.999999999999996,227.24960976694288,0.0,11.100000000000023,-101.56212000000002
1548000.0,920,iso13790,native,True,19.999999999999996,279.4312662627634,0.0,10.600000000000023,-101.56212000000002
1551600.0,920,iso13790,native,True,20.000000000000004,316.2164034135431,0.0,10.600000000000023,-101.56212000000002
1555200.0,920,iso13790,native,True,20.0,385.5180286422754,0.0,9.400000000000034,-101.56212000000002
1558800.0,920,iso13790,native,True,19.999999999999996,372.10983754465553,0.0,11.100000000000023,-101.56212000000002
1562400.0,920,iso13790,native,True,20.000000000000004,412.66139938406855,0.0,10.600000000000023,-101.56212000000002
1566000.0,920,iso13790,native,True,20.000000000000004,488.99901917282455,0.0,8.900000000000034,-101.56212000000002
1569600.0,920,iso13790,native,True,20.0,553.6176414309222,0.0,7.800000000000011,-101.56212000000002
1573200.0,920,iso13790,native,True,20.0,688.8904131510972,0.0,4.400000000000034,-101.56212000000002
1576800.0,920,iso13790,native,True,19.999999999999993,654.3315934052634,0.0,7.2000000000000455,-101.56212000000002
1580400.0,920,iso13790,native,True,19.999999999999996,584.809476638459,0.0,10.600000000000023,-101.56212000000002
1584000.0,920,iso13790,native,True,20.0,621.1471026888222,0.0,9.400000000000034,11.669611281107322
1587600.0,920,iso13790,native,True,20.000000000000004,471.71165066148177,0.0,12.200000000000045,783.5559879795056
1591200.0,920,iso13790,native,True,19.999999999999996,292.9457102603799,0.0,12.800000000000011,1947.0850553738428
1594800.0,920,iso13790,native,True,20.000000000000004,17.138577079594043,0.0,15.0,3002.183315051481
1598400.0,920,iso13790,native,True,20.820151866293724,0.0,0.0,15.0,3851.407645251094
1602000.0,920,iso13790,native,True,21.69914596304752,0.0,0.0,15.600000000000023,4077.6979175946153
1605600.0,920,iso13790,native,True,22.44899862153691,0.0,0.0,15.600000000000023,4002.6073331366642
1609200.0,920,iso13790,native,True,23.0532234830235,0.0,0.0,15.0,3795.4736271563397
1612800.0,920,iso13790,native,True,23.085585602535847,0.0,0.0,12.200000000000045,2847.5176733673743
1616400.0,920,iso13790,native,True,22.86203459746272,0.0,0.0,11.700000000000045,1282.8853976648966
1620000.0,920,iso13790,native,True,22.294660874473905,0.0,0.0,10.600000000000023,-101.56212000000002
1623600.0,920,iso13790,native,True,21.899631851727648,0.0,0.0,9.400000000000034,-101.56212000000002
1627200.0,920,iso13790,native,True,20.68528160414863,0.0,0.0,0.6000000000000227,-101.56212000000002
1630800.0,920,iso13790,native,True,20.000000000000004,25.61608035211204,0.0,-2.1999999999999886,-101.56212000000002
1634400.0,920,iso13790,native,True,20.0,206.7348204467418,0.0,-3.2999999999999545,-101.56212000000002
1638000.0,920,iso13790,native,True,19.999999999999996,398.90564921856355,0.0,-5.0,-101.56212000000002
1641600.0,920,iso13790,native,True,20.000000000000004,555.2787430090118,0.0,-5.599999999999966,-101.56212000000002
1645200.0,920,iso13790,native,True,20.0,685.6488905511854,0.0,-5.599999999999966,-101.56212000000002
1648800.0,920,iso13790,native,True,20.000000000000004,805.5522786553427,0.0,-5.599999999999966,-101.56212000000002
1652400.0,920,iso13790,native,True,20.00000000000001,898.0943401736051,0.0,-5.0,-101.56212000000002
1656000.0,920,iso13790,native,True,19.999999999999986,996.6552096982913,0.0,-5.0,-101.56212000000002
1659600.0,920,iso13790,native,True,19.999999999999993,1087.30312575346,0.0,-5.0,-101.56212000000002
1663200.0,920,iso13790,native,True,20.000000000000014,1170.6733793314913,0.0,-5.0,-101.56212000000002
1666800.0,920,iso13790,native,True,20.000000000000007,1229.6153668271988,0.0,-4.399999999999977,-101.56212000000002
1670400.0,920,iso13790,native,True,20.000000000000004,1285.7216403297807,0.0,-4.399999999999977,13.180173843761992
1674000.0,920,iso13790,native,True,20.000000000000004,1264.0427600187384,0.0,-4.399999999999977,786.5078765614725
1677600.0,920,iso13790,native,True,20.000000000000007,1078.9908367445428,0.0,-1.6999999999999886,1940.21501140308
1681200.0,920,iso13790,native,True,19.999999999999993,825.7719151242633,0.0,1.1000000000000227,3001.011553580773
1684800.0,920,iso13790,native,True,20.000000000000004,599.0239482396129,0.0,1.7000000000000455,3807.514767670226
1688400.0,920,iso13790,native,True,20.0,340.6467754582876,0.0,3.3000000000000114,4285.865006751576
1692000.0,920,iso13790,native,True,20.000000000000004,80.23602525720933,0.0,5.600000000000023,4382.581246953826
1695600.0,920,iso13790,native,True,20.353384349009175,0.0,0.0,6.7000000000000455,4015.0800107677537
1699200.0,920,iso13790,native,True,20.66309439951141,0.0,0.0,7.2000000000000455,3137.6990920481135
1702800.0,920,iso13790,native,True,20.27855613118901,0.0,0.0,5.600000000000023,1454.0534062387749
1706400.0,920,iso13790,native,True,19.999999999999996,129.02572195701313,0.0,3.900000000000034,-82.94930897092655
1710000.0,920,iso13790,native,True,20.000000000000004,324.0347245579496,0.0,0.6000000000000227,-101.56212000000002
1713600.0,920,iso13790,native,True,20.000000000000004,446.4129070565538,0.0,0.0,-101.56212000000002
1717200.0,920,iso13790,native,True,20.0,595.7662785569154,0.0,-1.6999999999999886,-101.56212000000002
1720800.0,920,iso13790,native,True,20.000000000000007,695.0246217538041,0.0,-1.6999999999999886,-101.56212000000002
1724400.0,920,iso13790,native,True,20.000000000000004,818.827980396737,0.0,-2.7999999999999545,-101.56212000000002
1728000.0,920,iso13790,native,True,20.0,922.8152090652485,0.0,-3.2999999999999545,-101.56212000000002
1731600.0,920,iso13790,native,True,20.00000000000001,1057.4955669949998,0.0,-5.0,-101.56212000000002
1735200.0,920,iso13790,native,True,20.0,1160.9938089299785,0.0,-5.599999999999966,-101.56212000000002
1738800.0,920,iso13790,native,True,19.999999999999996,1257.5132341599085,0.0,-6.099999999999966,-101.56212000000002
1742400.0,920,iso13790,native,True,20.0,1335.0764849542165,0.0,-6.099999999999966,-101.56212000000002
1746000.0,920,iso13790,native,True,19.99999999999999,1424.1474651317706,0.0,-6.699999999999989,-101.56212000000002
1749600.0,920,iso13790,native,True,19.999999999999993,1492.618845196166,0.0,-6.699999999999989,-101.56212000000002
1753200.0,920,iso13790,native,True,20.00000000000001,1523.0790390915524,0.0,-5.599999999999966,-101.56212000000002
1756800.0,920,iso13790,native,True,19.999999999999993,1448.7966801237508,0.0,-1.6999999999999886,14.410118641283795
1760400.0,920,iso13790,native,True,20.000000000000004,1261.2437290320734,0.0,2.8000000000000114,791.7762897834735
1764000.0,920,iso13790,native,True,19.999999999999993,987.444232837046,0.0,6.7000000000000455,1962.8263736969845
1767600.0,920,iso13790,native,True,20.000000000000004,646.0674560223256,0.0,10.600000000000023,3039.617215231666
1771200.0,920,iso13790,native,True,19.999999999999996,316.06728616317855,0.0,12.800000000000011,3847.835885705157
1774800.0,920,iso13790,native,True,20.000000000000004,8.928229724220477,0.0,14.400000000000034,4224.183225764933
1778400.0,920,iso13790,native,True,20.63282672536433,0.0,0.0,15.600000000000023,3427.6227134270625
1782000.0,920,iso13790,native,True,21.424193109180834,0.0,0.0,15.600000000000023,3785.3335551747946
1785600.0,920,iso13790,native,True,21.696084439505743,0.0,0.0,15.0,2708.45194641242
1789200.0,920,iso13790,native,True,20.899684773394455,0.0,0.0,11.100000000000023,328.7253609897957
1792800.0,920,iso13790,native,True,20.329307879423993,0.0,0.0,8.300000000000011,-85.55598523493249
1796400.0,920,iso13790,native,True,20.000000000000004,133.83087030742962,0.0,3.3000000000000114,-101.56212000000002
1800000.0,920,iso13790,native,True,20.0,216.72120911111207,0.0,3.900000000000034,-101.56212000000002
1803600.0,920,iso13790,native,True,20.000000000000004,356.6540997435001,0.0,2.2000000000000455,-101.56212000000002
1807200.0,920,iso13790,native,True,19.999999999999996,462.0273600599003,0.0,1.7000000000000455,-101.56212000000002
1810800.0,920,iso13790,native,True,20.000000000000004,565.4685066229197,0.0,1.1000000000000227,-101.56212000000002
1814400.0,920,iso13790,native,True,20.000000000000004,647.1563451306039,0.0,1.1000000000000227,-101.56212000000002
1818000.0,920,iso13790,native,True,19.999999999999996,722.2858804470256,0.0,1.1000000000000227,-101.56212000000002
1821600.0,920,iso13790,native,True,20.000000000000004,806.162720797403,0.0,0.6000000000000227,-101.56212000000002
1825200.0,920,iso13790,native,True,19.999999999999996,872.0983958772412,0.0,0.6000000000000227,-101.56212000000002
1828800.0,920,iso13790,native,True,20.0,968.2102098543038,0.0,-0.5999999999999659,-101.56212000000002
1832400.0,920,iso13790,native,True,19.99999999999999,1011.973718664511,0.0,0.0,-101.56212000000002
1836000.0,920,iso13790,native,True,20.000000000000007,1083.40710894397,0.0,-0.5999999999999659,-101.56212000000002
1839600.0,920,iso13790,native,True,20.00000000000001,1135.6569319522143,0.0,-0.5999999999999659,-101.56212000000002
1843200.0,920,iso13790,native,True,20.000000000000007,1119.5431187184818,0.0,1.1000000000000227,36.698606394148364
1846800.0,920,iso13790,native,True,20.000000000000007,968.7007239798844,0.0,4.400000000000034,852.1607764941513
1850400.0,920,iso13790,native,True,20.000000000000004,699.2070239628174,0.0,8.300000000000011,2063.7356157287327
1854000.0,920,iso13790,native,True,20.000000000000004,361.05666895547853,0.0,12.200000000000045,3163.8697433440448
1857600.0,920,iso13790,native,True,20.000000000000004,32.153322341248945,0.0,14.400000000000034,3999.916582734668
1861200.0,920,iso13790,native,True,21.02960688769518,0.0,0.0,16.100000000000023,4512.3605427282555
1864800.0,920,iso13790,native,True,21.977658866022193,0.0,0.0,16.100000000000023,4645.411179452629
1868400.0,920,iso13790,native,True,22.764754330028005,0.0,0.0,16.100000000000023,4315.839672047901
1872000.0,920,iso13790,native,True,23.174871072492977,0.0,0.0,15.0,3511.1459195932903
1875600.0,920,iso13790,native,True,22.735881309458236,0.0,0.0,11.100000000000023,1749.9431417272435
1879200.0,920,iso13790,native,True,21.76441857658965,0.0,0.0,6.7000000000000455,-42.68305032326683
1882800.0,920,iso13790,native,True,21.159802128689975,0.0,0.0,4.400000000000034,-101.56212000000002
1886400.0,920,iso13790,native,True,20.646603841983467,0.0,0.0,3.3000000000000114,-101.56212000000002
1890000.0,920,iso13790,native,True,20.23412380219465,0.0,0.0,3.3000000000000114,-101.56212000000002
1893600.0,920,iso13790,native,True,20.0,112.23486533687716,0.0,1.1000000000000227,-101.56212000000002
1897200.0,920,iso13790,native,True,20.000000000000004,295.33847051344065,0.0,-1.099999999999966,-101.56212000000002
1900800.0,920,iso13790,native,True,20.0,381.91632816438863,0.0,0.0,-101.56212000000002
1904400.0,920,iso13790,native,True,20.000000000000004,486.19894776805717,0.0,0.0,-101.56212000000002
1908000.0,920,iso13790,native,True,19.999999999999993,664.8720649351072,0.0,-2.7999999999999545,-101.56212000000002
1911600.0,920,iso13790,native,True,19.999999999999996,716.1917039029152,0.0,-1.099999999999966,-101.56212000000002
1915200.0,920,iso13790,native,True,20.000000000000007,786.7162753745492,0.0,-0.5999999999999659,-101.56212000000002
1918800.0,920,iso13790,native,True,19.999999999999996,862.7859040743562,0.0,-0.5999999999999659,-101.56212000000002
1922400.0,920,iso13790,native,True,20.0,965.2622527660291,0.0,-1.6999999999999886,-101.56212000000002
1926000.0,920,iso13790,native,True,20.000000000000004,984.6067780972179,0.0,0.0,-101.56212000000002
1929600.0,920,iso13790,native,True,20.000000000000007,995.7474827017883,0.0,1.1000000000000227,20.022547337750346
1933200.0,920,iso13790,native,True,19.999999999999996,843.1106584906524,0.0,5.0,785.9429289032117
1936800.0,920,iso13790,native,True,20.000000000000004,629.4849579924663,0.0,9.400000000000034,1393.3673415965277
1940400.0,920,iso13790,native,True,19.999999999999996,392.54712059349754,0.0,12.800000000000011,2017.3075673780502
1944000.0,920,iso13790,native,True,19.999999999999996,211.0750093633911,0.0,15.0,2013.5884694995639
1947600.0,920,iso13790,native,True,20.1343092267863,0.0,0.0,16.100000000000023,2992.8330515446273
1951200.0,920,iso13790,native,True,21.30196390660449,0.0,0.0,16.700000000000045,4417.051574720644
1954800.0,920,iso13790,native,True,21.70594491442904,0.0,0.0,16.700000000000045,3064.7902388840666
1958400.0,920,iso13790,native,True,21.58387750977519,0.0,0.0,16.100000000000023,1264.5701855188745
1962000.0,920,iso13790,native,True,21.042412012061583,0.0,0.0,12.800000000000011,206.53160073007743
1965600.0,920,iso13790,native,True,20.408535900716693,0.0,0.0,8.900000000000034,-98.87725814758892
1969200.0,920,iso13790,native,True,20.0,24.53746065306487,0.0,6.7000000000000455,-101.56212000000002
1972800.0,920,iso13790,native,True,20.000000000000004,177.63174276314956,0.0,4.400000000000034,-101.56212000000002
1976400.0,920,iso13790,native,True,20.000000000000004,281.6611911977837,0.0,3.900000000000034,-101.56212000000002
1980000.0,920,iso13790,native,True,20.000000000000007,416.38037928227425,0.0,2.2000000000000455,-101.56212000000002
1983600.0,920,iso13790,native,True,20.0,484.4445532983004,0.0,2.8000000000000114,-101.56212000000002
1987200.0,920,iso13790,native,True,19.999999999999993,560.4927410435911,0.0,2.8000000000000114,-101.56212000000002
1990800.0,920,iso13790,native,True,20.000000000000004,648.1702949177096,0.0,2.2000000000000455,-101.56212000000002
1994400.0,920,iso13790,native,True,20.000000000000004,697.6252295269227,0.0,2.8000000000000114,-101.56212000000002
1998000.0,920,iso13790,native,True,19.999999999999996,741.7791442808222,0.0,3.3000000000000114,-101.56212000000002
2001600.0,920,iso13790,native,True,20.00000000000001,775.8603925495951,0.0,3.900000000000034,-101.56212000000002
2005200.0,920,iso13790,native,True,20.000000000000004,805.874896444322,0.0,4.400000000000034,-101.56212000000002
2008800.0,920,iso13790,native,True,19.999999999999986,809.2170253040297,0.0,5.600000000000023,-101.56212000000002
2012400.0,920,iso13790,native,True,20.000000000000004,839.1879152255058,0.0,5.600000000000023,-101.56212000000002
2016000.0,920,iso13790,native,True,20.000000000000004,905.421500643592,0.0,3.900000000000034,13.456770067489856
2019600.0,920,iso13790,native,True,19.999999999999993,803.7707254276432,0.0,7.2000000000000455,326.41955456439774
2023200.0,920,iso13790,native,True,20.000000000000004,689.3823402325384,0.0,8.900000000000034,893.5753893214662
2026800.0,920,iso13790,native,True,20.0,374.67854100333255,0.0,13.300000000000011,2285.8328294670596
2030400.0,920,iso13790,native,True,20.0,228.40240530659665,0.0,14.400000000000034,2072.1091452637447
2034000.0,920,iso13790,native,True,20.0,39.89439076677104,0.0,15.600000000000023,2416.1376122557526
2037600.0,920,iso13790,native,True,20.69287229418648,0.0,0.0,15.0,3605.176404541736
2041200.0,920,iso13790,native,True,21.05875258578141,0.0,0.0,14.400000000000034,2890.2702085381234
2044800.0,920,iso13790,native,True,21.018480282740594,0.0,0.0,13.300000000000011,1687.95588450301
2048400.0,920,iso13790,native,True,20.879975655481537,0.0,0.0,12.200000000000045,1012.4281270341435
2052000.0,920,iso13790,native,True,20.18759351100656,0.0,0.0,8.900000000000034,-88.09560568164244
2055600.0,920,iso13790,native,True,20.000000000000007,103.2528796531175,0.0,6.100000000000023,-101.56212000000002
2059200.0,920,iso13790,native,True,19.999999999999996,186.33010140920246,0.0,6.100000000000023,-101.56212000000002
2062800.0,920,iso13790,native,True,20.000000000000004,312.9863292695056,0.0,4.400000000000034,-101.56212000000002
2066400.0,920,iso13790,native,True,20.0,456.39769873013717,0.0,2.2000000000000455,-101.56212000000002
2070000.0,920,iso13790,native,True,19.999999999999996,571.4979405119752,0.0,1.1000000000000227,-101.56212000000002
2073600.0,920,iso13790,native,True,19.999999999999996,652.7017062832715,0.0,1.1000000000000227,-101.56212000000002
2077200.0,920,iso13790,native,True,19.999999999999996,742.1651078625476,0.0,0.6000000000000227,-101.56212000000002
2080800.0,920,iso13790,native,True,19.999999999999996,863.4876832855676,0.0,-1.099999999999966,-101.56212000000002
2084400.0,920,iso13790,native,True,20.000000000000004,936.9656811787686,0.0,-1.099999999999966,-101.56212000000002
2088000.0,920,iso13790,native,True,20.000000000000004,1004.5445024396327,0.0,-1.099999999999966,-101.56212000000002
2091600.0,920,iso13790,native,True,19.999999999999996,1001.6698310139216,0.0,1.1000000000000227,-101.56212000000002
2095200.0,920,iso13790,native,True,20.0,1178.3931346719664,0.0,-3.2999999999999545,-101.56212000000002
2098800.0,920,iso13790,native,True,19.999999999999996,1242.305578402218,0.0,-3.2999999999999545,-101.56212000000002
2102400.0,920,iso13790,native,True,20.00000000000001,1255.0001875343714,0.0,-2.1999999999999886,33.24957259516306
2106000.0,920,iso13790,native,True,20.000000000000007,1057.7733263942869,0.0,3.3000000000000114,791.757826429023
2109600.0,920,iso13790,native,True,19.999999999999996,848.1136174824699,0.0,5.600000000000023,1922.2633540112065
2113200.0,920,iso13790,native,True,19.999999999999996,749.7580830845068,0.0,6.100000000000023,1797.0791021417244
2116800.0,920,iso13790,native,True,20.0,524.1184948926897,0.0,8.900000000000034,2379.440357406037
2120400.0,920,iso13790,native,True,20.000000000000004,272.5053924836326,0.0,10.0,3348.5096650122964
2124000.0,920,iso13790,native,True,20.000000000000004,206.7519757245044,0.0,11.100000000000023,2008.9791552036781
2127600.0,920,iso13790,native,True,20.025458431920192,0.0,0.0,11.700000000000045,3071.0199088853656
2131200.0,920,iso13790,native,True,20.000000000000004,48.493872108483515,0.0,9.400000000000034,1789.847042438921
2134800.0,920,iso13790,native,True,20.000000000000007,198.15991792585103,0.0,7.800000000000011,265.66387201005307
2138400.0,920,iso13790,native,True,20.000000000000004,340.06105740555466,0.0,5.600000000000023,-90.75557336366248
2142000.0,920,iso13790,native,True,20.000000000000004,458.37802287154955,0.0,3.900000000000034,-101.56212000000002
2145600.0,920,iso13790,native,True,19.999999999999996,496.14668938268375,0.0,5.0,-101.56212000000002
2149200.0,920,iso13790,native,True,19.999999999999996,523.0247952681602,0.0,6.100000000000023,-101.56212000000002
2152800.0,920,iso13790,native,True,19.999999999999996,604.9146196260535,0.0,5.0,-101.56212000000002
2156400.0,920,iso13790,native,True,20.0,673.3091546332261,0.0,4.400000000000034,-101.56212000000002
2160000.0,920,iso13790,native,True,20.000000000000004,755.2780622288822,0.0,3.3000000000000114,-101.56212000000002
2163600.0,920,iso13790,native,True,20.0,838.5244065296098,0.0,2.2000000000000455,-101.56212000000002
2167200.0,920,iso13790,native,True,20.000000000000004,937.7247038553224,0.0,0.6000000000000227,-101.56212000000002
2170800.0,920,iso13790,native,True,19.999999999999986,1043.3467889004362,0.0,-1.099999999999966,-101.56212000000002
2174400.0,920,iso13790,native,True,20.00000000000001,1185.1476307326116,0.0,-3.8999999999999773,-101.56212000000002
2178000.0,920,iso13790,native,True,20.00000000000001,1285.318104161652,0.0,-5.0,-101.56212000000002
2181600.0,920,iso13790,native,True,19.999999999999993,1370.5256274310686,0.0,-5.599999999999966,-101.56212000000002
2185200.0,920,iso13790,native,True,19.99999999999999,1467.957693539652,0.0,-6.699999999999989,-101.56212000000002
2188800.0,920,iso13790,native,True,19.999999999999993,1555.2333887689838,0.0,-7.7999999999999545,-0.3256962428509951
2192400.0,920,iso13790,native,True,20.000000000000004,1586.9781751461803,0.0,-7.7999999999999545,276.8584579848547
2196000.0,920,iso13790,native,True,19.99999999999998,1501.6201260530277,0.0,-7.199999999999989,1348.3453986271193
2199600.0,920,iso13790,native,True,20.000000000000004,1394.230724072058,0.0,-7.199999999999989,2193.343417615055
2203200.0,920,iso13790,native,True,20.000000000000004,1172.8797217312745,0.0,-5.599999999999966,3275.9593890848228
2206800.0,920,iso13790,native,True,20.000000000000007,919.778071036293,0.0,-4.399999999999977,4200.675005488211
2210400.0,920,iso13790,native,True,19.999999999999993,786.8122456800304,0.0,-6.099999999999966,4341.879085963314
2214000.0,920,iso13790,native,True,20.0,654.1417146209241,0.0,-5.599999999999966,3975.6551017160377
2217600.0,920,iso13790,native,True,19.999999999999996,623.4464477239903,0.0,-5.599999999999966,3034.7908301757448
2221200.0,920,iso13790,native,True,20.000000000000004,697.614895271246,0.0,-5.0,1468.7763181282364
2224800.0,920,iso13790,native,True,20.000000000000007,870.272274438772,0.0,-5.0,-55.494575230803235
2228400.0,920,iso13790,native,True,20.00000000000001,955.169529513913,0.0,-4.399999999999977,-101.56212000000002
2232000.0,920,iso13790,native,True,19.999999999999993,1030.0826971929425,0.0,-3.8999999999999773,-101.56212000000002
2235600.0,920,iso13790,native,True,20.00000000000001,1110.1885839181498,0.0,-3.8999999999999773,-101.56212000000002
2239200.0,920,iso13790,native,True,20.000000000000004,1166.1282840570666,0.0,-3.2999999999999545,-101.56212000000002
2242800.0,920,iso13790,native,True,19.999999999999996,1222.157965430467,0.0,-3.0,-101.56212000000002
2246400.0,920,iso13790,native,True,19.99999999999999,1271.5461329814027,0.0,-2.6999999999999886,-101.56212000000002
2250000.0,920,iso13790,native,True,19.999999999999996,1347.3399657941427,0.0,-3.5,-101.56212000000002
2253600.0,920,iso13790,native,True,19.999999999999993,1390.2498610411137,0.0,-3.1999999999999886,-101.56212000000002
2257200.0,920,iso13790,native,True,20.000000000000004,1395.0575981567483,0.0,-1.7999999999999545,-101.56212000000002
2260800.0,920,iso13790,native,True,20.000000000000018,1421.991832193688,0.0,-1.5,-101.56212000000002
2264400.0,920,iso13790,native,True,20.000000000000018,1412.106513096679,0.0,-0.0999999999999659,-101.56212000000002
2268000.0,920,iso13790,native,True,20.0,1425.5273220534511,0.0,0.20000000000004547,-101.56212000000002
2271600.0,920,iso13790,native,True,20.0,1403.2135023943883,0.0,1.6000000000000227,-101.56212000000002
2275200.0,920,iso13790,native,True,20.000000000000007,1395.9057514452702,0.0,1.900000000000034,-9.210081020970115
2278800.0,920,iso13790,native,True,20.00000000000001,1289.8695907228557,0.0,3.3000000000000114,669.6009314537815
2282400.0,920,iso13790,native,True,20.000000000000004,1138.866459601207,0.0,4.2000000000000455,1517.1954023424078
2286000.0,920,iso13790,native,True,20.0,1031.1410477994461,0.0,5.0,1509.0650645639864
2289600.0,920,iso13790,native,True,20.000000000000004,780.4575721377967,0.0,5.300000000000011,3101.720396974456
2293200.0,920,iso13790,native,True,20.000000000000007,768.474427771769,0.0,4.800000000000011,1775.3060910250297
2296800.0,920,iso13790,native,True,20.0,609.9637240166772,0.0,4.7000000000000455,2632.778008409661
2300400.0,920,iso13790,native,True,20.0,574.862561703542,0.0,4.100000000000023,2027.024554429369
2304000.0,920,iso13790,native,True,19.999999999999993,587.7490928981572,0.0,3.5,1380.948500367932
2307600.0,920,iso13790,native,True,19.999999999999996,700.531941741236,0.0,1.8000000000000114,487.99025767275197
2311200.0,920,iso13790,native,True,20.000000000000007,834.3944873859499,0.0,0.10000000000002274,-44.485127678565185
2314800.0,920,iso13790,native,True,20.000000000000004,936.426236946079,0.0,-1.0,-101.56212000000002
2318400.0,920,iso13790,native,True,19.999999999999993,1006.2897910943007,0.0,-1.099999999999966,-101.56212000000002
2322000.0,920,iso13790,native,True,19.999999999999993,1083.0820056175353,0.0,-1.599999999999966,-101.56212000000002
2325600.0,920,iso13790,native,True,19.99999999999999,1175.0158091750834,0.0,-2.6999999999999886,-101.56212000000002
2329200.0,920,iso13790,native,True,20.00000000000001,1320.6316892615994,0.0,-5.599999999999966,-101.56212000000002
2332800.0,920,iso13790,native,True,20.00000000000001,1389.5555216417024,0.0,-5.599999999999966,-101.56212000000002
2336400.0,920,iso13790,native,True,20.000000000000004,1467.7248835419832,0.0,-6.099999999999966,-101.56212000000002
2340000.0,920,iso13790,native,True,20.000000000000004,1495.8973391877971,0.0,-5.0,-101.56212000000002
2343600.0,920,iso13790,native,True,19.999999999999993,1578.9775965135277,0.0,-6.099999999999966,-101.56212000000002
2347200.0,920,iso13790,native,True,19.999999999999996,1615.953025102154,0.0,-5.599999999999966,-101.56212000000002
2350800.0,920,iso13790,native,True,19.999999999999996,1661.1670018333175,0.0,-5.599999999999966,-101.56212000000002
2354400.0,920,iso13790,native,True,20.000000000000004,1750.0440179637505,0.0,-7.199999999999989,-101.56212000000002
2358000.0,920,iso13790,native,True,19.999999999999993,1878.685591369474,0.0,-10.0,-101.56212000000002
2361600.0,920,iso13790,native,True,20.00000000000001,1899.624020086093,0.0,-9.399999999999977,66.10408930468435
2365200.0,920,iso13790,native,True,20.000000000000004,1881.4333349509452,0.0,-9.399999999999977,638.0686512552152
2368800.0,920,iso13790,native,True,20.0,1688.1763530808346,0.0,-5.599999999999966,1502.4105069816142
2372400.0,920,iso13790,native,True,19.999999999999993,1442.5456439463792,0.0,-3.2999999999999545,2689.9245374274424
2376000.0,920,iso13790,native,True,20.000000000000004,1232.8695927762296,0.0,-2.1999999999999886,3188.2741419541894
2379600.0,920,iso13790,native,True,19.999999999999993,1033.6081905748724,0.0,-2.7999999999999545,3870.5272757425228
2383200.0,920,iso13790,native,True,20.000000000000004,892.0135255563384,0.0,-1.6999999999999886,3270.427608426758
2386800.0,920,iso13790,native,True,19.999999999999993,946.4599852607693,0.0,-1.6999999999999886,1443.2794560412806
2390400.0,920,iso13790,native,True,19.999999999999996,1047.2603986482168,0.0,-2.1999999999999886,362.325492
2394000.0,920,iso13790,native,True,19.999999999999986,1132.1602256604199,0.0,-2.7999999999999545,76.44126599999998
2397600.0,920,iso13790,native,True,20.000000000000007,1250.6059159769472,0.0,-4.399999999999977,-101.56212000000002
2401200.0,920,iso13790,native,True,20.000000000000004,1304.7558062245012,0.0,-4.0,-101.56212000000002
2404800.0,920,iso13790,native,True,20.000000000000007,1393.0821208533112,0.0,-5.0,-101.56212000000002
2408400.0,920,iso13790,native,True,20.000000000000018,1451.902926239049,0.0,-5.0,-101.56212000000002
2412000.0,920,iso13790,native,True,20.000000000000014,1538.5152723568274,0.0,-6.099999999999966,-101.56212000000002
2415600.0,920,iso13790,native,True,19.999999999999993,1691.0601880924098,0.0,-9.399999999999977,-101.56212000000002
2419200.0,920,iso13790,native,True,20.000000000000018,1710.098023557431,0.0,-7.7999999999999545,-101.56212000000002
2422800.0,920,iso13790,native,True,19.99999999999999,1846.2330071771323,0.0,-10.599999999999966,-101.56212000000002
2426400.0,920,iso13790,native,True,19.999999999999993,1941.1925054788237,0.0,-11.699999999999989,-101.56212000000002
2430000.0,920,iso13790,native,True,19.999999999999996,2119.1493130868535,0.0,-15.599999999999966,-101.56212000000002
2433600.0,920,iso13790,native,True,19.999999999999982,2145.1544913292287,0.0,-13.899999999999977,-101.56212000000002
2437200.0,920,iso13790,native,True,19.999999999999996,2189.441156979317,0.0,-13.299999999999955,-101.56212000000002
2440800.0,920,iso13790,native,True,19.999999999999993,2228.8417369359786,0.0,-12.799999999999955,-101.56212000000002
2444400.0,920,iso13790,native,True,20.000000000000007,2341.3140929983806,0.0,-15.0,-101.56212000000002
2448000.0,920,iso13790,native,True,20.000000000000007,2231.317553740208,0.0,-10.0,60.70647070209267
2451600.0,920,iso13790,native,True,20.00000000000001,2142.86058220085,0.0,-8.899999999999977,788.9781584350196
2455200.0,920,iso13790,native,True,19.999999999999996,1948.8190088761935,0.0,-7.199999999999989,1942.580109153122
2458800.0,920,iso13790,native,True,20.000000000000007,1699.703345146959,0.0,-5.599999999999966,3010.132541846353
2462400.0,920,iso13790,native,True,20.000000000000007,1416.286312760442,0.0,-3.8999999999999773,3829.5613264836707
2466000.0,920,iso13790,native,True,19.999999999999982,1145.112595944212,0.0,-2.7999999999999545,4314.143996903281
2469600.0,920,iso13790,native,True,20.0,912.0829875887819,0.0,-2.1999999999999886,4412.251060639542
2473200.0,920,iso13790,native,True,20.000000000000004,769.1676201095378,0.0,-2.7999999999999545,4051.612028205712
2476800.0,920,iso13790,native,True,20.000000000000004,678.2118746706949,0.0,-2.1999999999999886,3196.8670416598284
2480400.0,920,iso13790,native,True,20.000000000000007,784.1330516289058,0.0,-3.8999999999999773,1607.931003299583
2484000.0,920,iso13790,native,True,20.000000000000004,1043.9368299446544,0.0,-7.199999999999989,-44.15342264914126
2487600.0,920,iso13790,native,True,20.0,1231.5581452885617,0.0,-10.0,-101.56212000000002
2491200.0,920,iso13790,native,True,20.00000000000001,1321.3315735240699,0.0,-9.399999999999977,-101.56212000000002
2494800.0,920,iso13790,native,True,19.999999999999986,1452.8158699193045,0.0,-10.599999999999966,-101.56212000000002
2498400.0,920,iso13790,native,True,19.999999999999996,1561.6259490759592,0.0,-11.099999999999966,-101.56212000000002
2502000.0,920,iso13790,native,True,19.999999999999996,1650.4930993872404,0.0,-11.099999999999966,-101.56212000000002
2505600.0,920,iso13790,native,True,19.999999999999996,1732.2255558918023,0.0,-11.099999999999966,-101.56212000000002
2509200.0,920,iso13790,native,True,19.99999999999999,1807.3961270519105,0.0,-11.099999999999966,-101.56212000000002
2512800.0,920,iso13790,native,True,20.00000000000001,1826.282777591124,0.0,-9.399999999999977,-101.56212000000002
2516400.0,920,iso13790,native,True,20.00000000000001,1917.2270970012494,0.0,-10.599999999999966,-101.56212000000002
2520000.0,920,iso13790,native,True,20.000000000000007,1956.2379832343831,0.0,-10.0,-101.56212000000002
2523600.0,920,iso13790,native,True,19.999999999999993,2055.8142805012294,0.0,-11.699999999999989,-101.56212000000002
2527200.0,920,iso13790,native,True,19.99999999999998,2076.777933322065,0.0,-10.599999999999966,-101.56212000000002
2530800.0,920,iso13790,native,True,20.000000000000018,2135.4932558246296,0.0,-11.099999999999966,-101.56212000000002
2534400.0,920,iso13790,native,True,20.000000000000007,2196.8794554901024,0.0,-12.199999999999989,36.71953985199241
2538000.0,920,iso13790,native,True,20.000000000000004,2028.5274249480435,0.0,-7.7999999999999545,787.7646155094985
2541600.0,920,iso13790,native,True,20.0,1837.2204161339796,0.0,-6.099999999999966,1928.0582028930226
2545200.0,920,iso13790,native,True,19.999999999999996,1588.8479749355804,0.0,-4.399999999999977,2978.5775030462332
2548800.0,920,iso13790,native,True,19.999999999999996,1297.7772959756905,0.0,-2.1999999999999886,3749.536392530934
2552400.0,920,iso13790,native,True,20.0,1010.7876524767701,0.0,0.0,4090.458998061833
2556000.0,920,iso13790,native,True,19.999999999999996,759.2420247118623,0.0,1.7000000000000455,4093.025750222924
2559600.0,920,iso13790,native,True,19.999999999999996,555.4606065320106,0.0,2.2000000000000455,4051.89119433257
2563200.0,920,iso13790,native,True,19.999999999999996,480.0307064605546,0.0,1.7000000000000455,3181.343793852051
2566800.0,920,iso13790,native,True,19.999999999999996,635.0178916841248,0.0,-1.6999999999999886,1494.8319830803114
2570400.0,920,iso13790,native,True,19.999999999999996,868.8142300395762,0.0,-4.399999999999977,-43.99205282627981
2574000.0,920,iso13790,native,True,20.000000000000004,967.7359087484449,0.0,-4.399999999999977,-101.56212000000002
2577600.0,920,iso13790,native,True,20.000000000000004,1156.9169723684697,0.0,-7.7999999999999545,-101.56212000000002
2581200.0,920,iso13790,native,True,20.000000000000004,1154.2035302578297,0.0,-4.399999999999977,-101.56212000000002
2584800.0,920,iso13790,native,True,19.999999999999993,1263.386121028757,0.0,-5.599999999999966,-101.56212000000002
2588400.0,920,iso13790,native,True,20.0,1319.171020105713,0.0,-5.0,-101.56212000000002
2592000.0,920,iso13790,native,True,20.0,1383.9257737603468,0.0,-5.0,-101.56212000000002
2595600.0,920,iso13790,native,True,19.999999999999993,1461.2165862191177,0.0,-5.599999999999966,-101.56212000000002
2599200.0,920,iso13790,native,True,19.999999999999996,1518.8535686200407,0.0,-5.599999999999966,-101.56212000000002
2602800.0,920,iso13790,native,True,19.999999999999993,1586.642244611459,0.0,-6.099999999999966,-101.56212000000002
2606400.0,920,iso13790,native,True,20.000000000000004,1637.7813926382714,0.0,-6.099999999999966,-101.56212000000002
2610000.0,920,iso13790,native,True,19.999999999999996,1749.8427683425211,0.0,-8.299999999999955,-101.56212000000002
2613600.0,920,iso13790,native,True,19.999999999999996,1821.330873478471,0.0,-8.899999999999977,-101.56212000000002
2617200.0,920,iso13790,native,True,20.0,1855.89612826572,0.0,-8.299999999999955,-101.56212000000002
2620800.0,920,iso13790,native,True,19.999999999999993,1871.3262166384204,0.0,-7.7999999999999545,47.72037560086322
2624400.0,920,iso13790,native,True,19.999999999999993,1743.8765644270009,0.0,-4.399999999999977,626.8405973837896
2628000.0,920,iso13790,native,True,20.000000000000007,1601.4807373188935,0.0,-2.1999999999999886,1217.4263982262055
2631600.0,920,iso13790,native,True,19.99999999999999,1341.246419846326,0.0,1.7000000000000455,2080.2017001283352
2635200.0,920,iso13790,native,True,20.000000000000004,1127.0565988384506,0.0,2.8000000000000114,2717.5273500489557
2638800.0,920,iso13790,native,True,20.0,885.673748006182,0.0,5.0,3009.9347088827813
2642400.0,920,iso13790,native,True,19.999999999999986,832.3340442801317,0.0,5.0,1940.3078211199918
2646000.0,920,iso13790,native,True,19.999999999999996,779.5412213126355,0.0,5.0,1553.6248415350158
2649600.0,920,iso13790,native,True,20.000000000000004,633.3350421667665,0.0,4.400000000000034,2546.5100180630716
2653200.0,920,iso13790,native,True,20.000000000000004,777.6199834824637,0.0,1.7000000000000455,830.2635307826426
2656800.0,920,iso13790,native,True,19.999999999999993,936.2335447389587,0.0,-0.5999999999999659,-32.94190432182738
2660400.0,920,iso13790,native,True,20.00000000000001,1115.357344236146,0.0,-4.399999999999977,-101.56212000000002
2664000.0,920,iso13790,native,True,20.0,1292.6866298051816,0.0,-7.7999999999999545,-101.56212000000002
2667600.0,920,iso13790,native,True,20.000000000000004,1296.8078192286057,0.0,-5.0,-101.56212000000002
2671200.0,920,iso13790,native,True,19.999999999999993,1372.2254462670917,0.0,-5.2999999999999545,-101.56212000000002
2674800.0,920,iso13790,native,True,20.000000000000007,1446.6871629442817,0.0,-5.699999999999989,-101.56212000000002
2678400.0,920,iso13790,native,True,20.000000000000018,1518.0282908262618,0.0,-6.099999999999966,-101.56212000000002
2682000.0,920,iso13790,native,True,19.999999999999993,1586.4993661963683,0.0,-6.5,-101.56212000000002
2685600.0,920,iso13790,native,True,20.000000000000004,1652.3308110475575,0.0,-6.899999999999977,-101.56212000000002
2689200.0,920,iso13790,native,True,19.999999999999996,1715.7345479569367,0.0,-7.2999999999999545,-101.56212000000002
2692800.0,920,iso13790,native,True,20.000000000000018,1779.8613003600615,0.0,-7.7999999999999545,-101.56212000000002
2696400.0,920,iso13790,native,True,20.0,1809.8976318146142,0.0,-7.199999999999989,-101.56212000000002
2700000.0,920,iso13790,native,True,20.000000000000004,1868.7059303450842,0.0,-7.7999999999999545,-101.56212000000002
2703600.0,920,iso13790,native,True,20.000000000000014,1891.6093760359643,0.0,-7.199999999999989,-101.56212000000002
2707200.0,920,iso13790,native,True,20.000000000000007,1892.1489866893985,0.0,-6.699999999999989,89.08898055141603
2710800.0,920,iso13790,native,True,20.000000000000004,1780.8232627975474,0.0,-5.0,887.5215720358528
2714400.0,920,iso13790,native,True,19.999999999999996,1591.2403668212987,0.0,-3.8999999999999773,2125.4577591442885
2718000.0,920,iso13790,native,True,19.999999999999993,1327.3717259704222,0.0,-2.1999999999999886,3250.7516317483924
2721600.0,920,iso13790,native,True,20.00000000000001,1034.0672001076348,0.0,-0.5999999999999659,4108.117334225817
2725200.0,920,iso13790,native,True,19.999999999999993,731.2991874389841,0.0,1.1000000000000227,4632.803498877183
2728800.0,920,iso13790,native,True,20.000000000000007,626.9293063227866,0.0,-3.2999999999999545,4781.7803333224465
2732400.0,920,iso13790,native,True,20.000000000000004,469.08846572793846,0.0,-3.2999999999999545,4475.560254386064
2736000.0,920,iso13790,native,True,20.000000000000004,406.33912050701247,0.0,-3.8999999999999773,3711.75261203628
2739600.0,920,iso13790,native,True,20.000000000000004,464.48777414961256,0.0,-4.399999999999977,2271.5561116217345
2743200.0,920,iso13790,native,True,20.000000000000004,732.6432290103781,0.0,-6.699999999999989,132.60791756268716
2746800.0,920,iso13790,native,True,20.0,880.7518418547588,0.0,-7.199999999999989,-101.56212000000002
2750400.0,920,iso13790,native,True,20.000000000000004,1014.1565541325405,0.0,-7.7999999999999545,-101.56212000000002
2754000.0,920,iso13790,native,True,20.000000000000004,1155.9163008347937,0.0,-8.899999999999977,-101.56212000000002
2757600.0,920,iso13790,native,True,20.0,1294.1531803280477,0.0,-10.0,-101.56212000000002
2761200.0,920,iso13790,native,True,19.999999999999996,1396.6360602465406,0.0,-10.0,-101.56212000000002
2764800.0,920,iso13790,native,True,20.000000000000004,1473.1562180288904,0.0,-9.399999999999977,-101.56212000000002
2768400.0,920,iso13790,native,True,19.999999999999996,1574.716391692,0.0,-10.0,-101.56212000000002
2772000.0,920,iso13790,native,True,20.00000000000001,1636.9393807971544,0.0,-9.399999999999977,-101.56212000000002
2775600.0,920,iso13790,native,True,20.000000000000004,1775.5990889544655,0.0,-11.699999999999989,-101.56212000000002
2779200.0,920,iso13790,native,True,19.999999999999996,1851.5737670873764,0.0,-11.699999999999989,-101.56212000000002
2782800.0,920,iso13790,native,True,19.999999999999993,1968.741863561467,0.0,-13.299999999999955,-101.56212000000002
2786400.0,920,iso13790,native,True,20.0,2008.126382690106,0.0,-12.199999999999989,-101.56212000000002
2790000.0,920,iso13790,native,True,20.000000000000007,2101.5185436576953,0.0,-13.299999999999955,-101.56212000000002
2793600.0,920,iso13790,native,True,20.000000000000004,2063.1467698536294,0.0,-10.599999999999966,95.13578756439338
2797200.0,920,iso13790,native,True,20.000000000000004,1871.3528304662411,0.0,-5.599999999999966,860.7059377860129
2800800.0,920,iso13790,native,True,20.000000000000004,1599.730624358901,0.0,-1.6999999999999886,2078.0299448017518
2804400.0,920,iso13790,native,True,19.999999999999993,1291.4036896590744,0.0,1.1000000000000227,3187.721747258437
2808000.0,920,iso13790,native,True,19.999999999999993,913.9958855568464,0.0,5.0,4037.775876913775
2811600.0,920,iso13790,native,True,20.000000000000004,554.2357296949592,0.0,7.800000000000011,4546.452884028633
2815200.0,920,iso13790,native,True,19.999999999999996,357.10768992658546,0.0,5.600000000000023,4688.782508751651
2818800.0,920,iso13790,native,True,19.999999999999993,247.8655548691051,0.0,2.8000000000000114,4361.696150396942
2822400.0,920,iso13790,native,True,20.0,215.79743451472734,0.0,0.6000000000000227,3575.208260826151
2826000.0,920,iso13790,native,True,20.0,355.2616364861739,0.0,-2.7999999999999545,2093.8273151739027
2829600.0,920,iso13790,native,True,19.999999999999996,648.729164051547,0.0,-6.099999999999966,77.93522309451653
2833200.0,920,iso13790,native,True,19.999999999999996,847.3564871270494,0.0,-8.299999999999955,-101.56212000000002
2836800.0,920,iso13790,native,True,19.999999999999993,941.0517931116946,0.0,-7.199999999999989,-101.56212000000002
2840400.0,920,iso13790,native,True,20.000000000000004,1102.1292929844028,0.0,-8.899999999999977,-101.56212000000002
2844000.0,920,iso13790,native,True,20.000000000000007,1212.1704936138735,0.0,-8.899999999999977,-101.56212000000002
2847600.0,920,iso13790,native,True,20.000000000000018,1328.1561183317672,0.0,-9.399999999999977,-101.56212000000002
2851200.0,920,iso13790,native,True,20.000000000000004,1441.3576162599002,0.0,-10.0,-101.56212000000002
2854800.0,920,iso13790,native,True,19.999999999999996,1549.757087210148,0.0,-10.599999999999966,-101.56212000000002
2858400.0,920,iso13790,native,True,20.00000000000001,1618.270281031947,0.0,-10.0,-101.56212000000002
2862000.0,920,iso13790,native,True,20.000000000000018,1694.731439054968,0.0,-10.0,-101.56212000000002
2865600.0,920,iso13790,native,True,19.999999999999993,1782.788807912948,0.0,-10.599999999999966,-101.56212000000002
2869200.0,920,iso13790,native,True,20.0,1865.1070296302523,0.0,-11.099999999999966,-101.56212000000002
2872800.0,920,iso13790,native,True,19.999999999999996,1962.1231852273436,0.0,-12.199999999999989,-101.56212000000002
2876400.0,920,iso13790,native,True,19.999999999999996,2026.6947445833089,0.0,-12.199999999999989,-101.56212000000002
2880000.0,920,iso13790,native,True,19.999999999999993,2053.7993103768135,0.0,-11.699999999999989,72.29589765229056
2883600.0,920,iso13790,native,True,19.999999999999996,1887.3568706880455,0.0,-7.199999999999989,832.1525574435116
2887200.0,920,iso13790,native,True,19.999999999999986,1640.7389288936713,0.0,-3.2999999999999545,1919.1298806344516
2890800.0,920,iso13790,native,True,20.00000000000001,1306.6558543908475,0.0,2.2000000000000455,2668.731003314537
2894400.0,920,iso13790,native,True,20.000000000000007,1084.4949637233524,0.0,3.900000000000034,2845.8276228049403
2898000.0,920,iso13790,native,True,19.999999999999996,777.9448922421657,0.0,5.0,3986.8813703093842
2901600.0,920,iso13790,native,True,20.000000000000004,696.1743402171081,0.0,3.900000000000034,3018.620909944927
2905200.0,920,iso13790,native,True,19.999999999999996,546.602267197492,0.0,2.2000000000000455,3627.8545125940154
2908800.0,920,iso13790,native,True,20.000000000000004,570.0691397922252,0.0,1.1000000000000227,2214.2567415839026
2912400.0,920,iso13790,native,True,20.0,689.9067079055427,0.0,0.0,756.3187292862341
2916000.0,920,iso13790,native,True,20.000000000000004,811.6691136566357,0.0,-0.5999999999999659,-4.738979854892051
2919600.0,920,iso13790,native,True,20.000000000000004,987.139468947161,0.0,-3.8999999999999773,-101.56212000000002
2923200.0,920,iso13790,native,True,20.000000000000004,1070.6930501638863,0.0,-3.8999999999999773,-101.56212000000002
2926800.0,920,iso13790,native,True,20.000000000000004,1129.8036468498701,0.0,-3.2999999999999545,-101.56212000000002
2930400.0,920,iso13790,native,True,19.999999999999993,1247.8659505272708,0.0,-5.0,-101.56212000000002
2934000.0,920,iso13790,native,True,20.000000000000004,1350.8593929427657,0.0,-6.099999999999966,-101.56212000000002
2937600.0,920,iso13790,native,True,19.999999999999986,1453.44231855247,0.0,-7.199999999999989,-101.56212000000002
2941200.0,920,iso13790,native,True,20.0,1555.6476856734078,0.0,-8.299999999999955,-101.56212000000002
2944800.0,920,iso13790,native,True,20.000000000000004,1642.7267313173095,0.0,-8.899999999999977,-101.56212000000002
2948400.0,920,iso13790,native,True,19.999999999999996,1759.6149550378682,0.0,-10.599999999999966,-101.56212000000002
2952000.0,920,iso13790,native,True,20.0,1829.0146128877795,0.0,-10.599999999999966,-101.56212000000002
2955600.0,920,iso13790,native,True,19.999999999999993,1957.8704544845461,0.0,-12.799999999999955,-101.56212000000002
2959200.0,920,iso13790,native,True,20.000000000000004,1994.5558269851947,0.0,-11.699999999999989,-101.56212000000002
2962800.0,920,iso13790,native,True,20.000000000000004,2117.9795076964488,0.0,-13.899999999999977,-101.56212000000002
2966400.0,920,iso13790,native,True,19.999999999999993,2046.2019806929213,0.0,-10.0,104.08260348477798
2970000.0,920,iso13790,native,True,20.000000000000004,1891.552530685782,0.0,-5.599999999999966,642.4009389814626
2973600.0,920,iso13790,native,True,19.999999999999993,1652.3146359227549,0.0,-2.7999999999999545,1976.717322313362
2977200.0,920,iso13790,native,True,19.999999999999996,1364.6399555823677,0.0,0.0,2978.57218396376
2980800.0,920,iso13790,native,True,20.0,1097.0615517873882,0.0,1.7000000000000455,3529.568189903352
2984400.0,920,iso13790,native,True,20.000000000000007,871.3236031081334,0.0,2.8000000000000114,3601.1912368262065
2988000.0,920,iso13790,native,True,20.000000000000004,585.3508924794501,0.0,4.400000000000034,4183.019545842843
2991600.0,920,iso13790,native,True,20.000000000000007,411.0835278569219,0.0,4.400000000000034,3888.2720817892978
2995200.0,920,iso13790,native,True,19.999999999999996,443.31250501219756,0.0,5.0,1683.2635383993265
2998800.0,920,iso13790,native,True,19.999999999999996,586.7601764010587,0.0,3.900000000000034,135.775728
3002400.0,920,iso13790,native,True,20.000000000000004,705.0858945868313,0.0,2.2000000000000455,-87.99660258475508
3006000.0,920,iso13790,native,True,20.000000000000004,883.5241543049698,0.0,-1.6999999999999886,-101.56212000000002
3009600.0,920,iso13790,native,True,19.999999999999996,1006.9729145866764,0.0,-3.2999999999999545,-101.56212000000002
3013200.0,920,iso13790,native,True,20.000000000000007,1117.1617859022924,0.0,-4.399999999999977,-101.56212000000002
3016800.0,920,iso13790,native,True,20.000000000000004,1179.069415040457,0.0,-3.8999999999999773,-101.56212000000002
3020400.0,920,iso13790,native,True,20.000000000000004,1297.462767948542,0.0,-5.599999999999966,-101.56212000000002
3024000.0,920,iso13790,native,True,19.999999999999986,1400.7606813271786,0.0,-6.699999999999989,-101.56212000000002
3027600.0,920,iso13790,native,True,20.000000000000007,1503.6236334671162,0.0,-7.7999999999999545,-101.56212000000002
3031200.0,920,iso13790,native,True,19.999999999999986,1555.8376893593268,0.0,-7.199999999999989,-101.56212000000002
3034800.0,920,iso13790,native,True,19.999999999999996,1602.529209510321,0.0,-6.699999999999989,-101.56212000000002
3038400.0,920,iso13790,native,True,19.999999999999996,1671.458297227124,0.0,-7.199999999999989,-101.56212000000002
3042000.0,920,iso13790,native,True,19.999999999999996,1756.1602646399867,0.0,-8.299999999999955,-101.56212000000002
3045600.0,920,iso13790,native,True,19.99999999999999,1827.141169966447,0.0,-8.899999999999977,-101.56212000000002
3049200.0,920,iso13790,native,True,19.999999999999993,1846.4608702015694,0.0,-7.7999999999999545,-101.56212000000002
3052800.0,920,iso13790,native,True,19.999999999999993,1801.9342056608039,0.0,-5.599999999999966,116.19018072553244
3056400.0,920,iso13790,native,True,20.000000000000004,1604.9995486270514,0.0,-0.5999999999999659,773.6211427900283
3060000.0,920,iso13790,native,True,19.999999999999986,1390.5743315212105,0.0,1.7000000000000455,1802.767310136432
3063600.0,920,iso13790,native,True,20.000000000000004,1067.7568489079358,0.0,4.400000000000034,3177.483589983637
3067200.0,920,iso13790,native,True,20.000000000000004,717.8688381548486,0.0,7.2000000000000455,4027.508956969501
3070800.0,920,iso13790,native,True,20.000000000000007,409.21583238763793,0.0,8.300000000000011,4534.152433145247
3074400.0,920,iso13790,native,True,20.000000000000007,188.37333241288505,0.0,7.2000000000000455,4676.672695397399
3078000.0,920,iso13790,native,True,20.00814730535974,0.0,0.0,7.2000000000000455,4364.605515934046
3081600.0,920,iso13790,native,True,20.346120906814264,0.0,0.0,6.7000000000000455,3588.735270590676
3085200.0,920,iso13790,native,True,20.196145832262435,0.0,0.0,5.600000000000023,2154.0903985227637
3088800.0,920,iso13790,native,True,19.999999999999996,176.75430301061104,0.0,3.3000000000000114,120.81771458527777
3092400.0,920,iso13790,native,True,20.000000000000004,297.58298571890833,0.0,2.8000000000000114,-101.56212000000002
3096000.0,920,iso13790,native,True,20.0,453.66127424978356,0.0,0.6000000000000227,-101.56212000000002
3099600.0,920,iso13790,native,True,20.00000000000001,598.1463625662813,0.0,-1.099999999999966,-101.56212000000002
3103200.0,920,iso13790,native,True,20.0,660.4133068539967,0.0,0.0,-101.56212000000002
3106800.0,920,iso13790,native,True,20.000000000000004,760.0717036071158,0.0,-0.5999999999999659,-101.56212000000002
3110400.0,920,iso13790,native,True,19.999999999999993,870.794455692712,0.0,-1.6999999999999886,-101.56212000000002
3114000.0,920,iso13790,native,True,19.999999999999996,980.4861438115095,0.0,-2.7999999999999545,-101.56212000000002
3117600.0,920,iso13790,native,True,20.0,1104.0086221207132,0.0,-4.399999999999977,-101.56212000000002
3121200.0,920,iso13790,native,True,20.000000000000007,1166.9722522203458,0.0,-3.8999999999999773,-101.56212000000002
3124800.0,920,iso13790,native,True,20.00000000000002,1250.8670445192856,0.0,-4.399999999999977,-101.56212000000002
3128400.0,920,iso13790,native,True,20.000000000000014,1302.040155027801,0.0,-3.8999999999999773,-101.56212000000002
3132000.0,920,iso13790,native,True,19.999999999999986,1342.5770633430684,0.0,-3.2999999999999545,-101.56212000000002
3135600.0,920,iso13790,native,True,20.000000000000004,1393.3080102553308,0.0,-3.2999999999999545,-101.56212000000002
3139200.0,920,iso13790,native,True,19.999999999999986,1352.475325904537,0.0,-1.099999999999966,121.55135987984724
3142800.0,920,iso13790,native,True,19.999999999999993,1272.1179015392177,0.0,0.0,801.9346996995259
3146400.0,920,iso13790,native,True,19.999999999999993,1218.0289541613058,0.0,2.8000000000000114,297.51392063602725
3150000.0,920,iso13790,native,True,19.999999999999996,1014.483261681581,0.0,3.3000000000000114,2101.861071846354
3153600.0,920,iso13790,native,True,20.000000000000004,607.1423400206033,0.0,8.900000000000034,3470.4900877837213
3157200.0,920,iso13790,native,True,20.000000000000004,501.34052067066716,0.0,9.400000000000034,2442.446867971028
3160800.0,920,iso13790,native,True,20.000000000000004,236.61794060988478,0.0,8.900000000000034,3956.1115244817815
3164400.0,920,iso13790,native,True,20.0,137.13035790798025,0.0,8.300000000000011,3190.5512375889
3168000.0,920,iso13790,native,True,20.000000000000004,84.7154399057133,0.0,7.800000000000011,2512.2335719242606
3171600.0,920,iso13790,native,True,19.999999999999996,245.70420996174607,0.0,5.600000000000023,700.2104718319732
3175200.0,920,iso13790,native,True,20.0,432.6462130423334,0.0,2.8000000000000114,-71.61421779467831
3178800.0,920,iso13790,native,True,20.0,531.7825061275756,0.0,2.2000000000000455,-101.56212000000002
3182400.0,920,iso13790,native,True,19.999999999999993,640.8304831909521,0.0,1.1000000000000227,-101.56212000000002
3186000.0,920,iso13790,native,True,20.0,731.2469652007173,0.0,0.6000000000000227,-101.56212000000002
3189600.0,920,iso13790,native,True,20.000000000000004,853.4461030493068,0.0,-1.099999999999966,-101.56212000000002
3193200.0,920,iso13790,native,True,20.0,960.244254153877,0.0,-2.1999999999999886,-101.56212000000002
3196800.0,920,iso13790,native,True,20.000000000000007,1051.5473523960952,0.0,-2.7999999999999545,-101.56212000000002
3200400.0,920,iso13790,native,True,20.000000000000004,1136.8507203096344,0.0,-3.2999999999999545,-101.56212000000002
3204000.0,920,iso13790,native,True,20.0,1254.3472501190454,0.0,-5.0,-101.56212000000002
3207600.0,920,iso13790,native,True,20.000000000000007,1356.8203417874408,0.0,-6.099999999999966,-101.56212000000002
3211200.0,920,iso13790,native,True,19.999999999999996,1426.4107274311093,0.0,-6.099999999999966,-101.56212000000002
3214800.0,920,iso13790,native,True,19.999999999999996,1490.4140531575895,0.0,-6.099999999999966,-101.56212000000002
3218400.0,920,iso13790,native,True,20.000000000000004,1567.0137660341338,0.0,-6.699999999999989,-101.56212000000002
3222000.0,920,iso13790,native,True,20.0,1624.0151337411319,0.0,-6.699999999999989,-101.56212000000002
3225600.0,920,iso13790,native,True,19.999999999999986,1670.4664351611862,0.0,-6.699999999999989,-42.22765800000001
3229200.0,920,iso13790,native,True,19.999999999999993,1673.925432192656,0.0,-6.099999999999966,195.11018999999996
3232800.0,920,iso13790,native,True,20.000000000000004,1686.445782920841,0.0,-6.099999999999966,329.96124
3236400.0,920,iso13790,native,True,19.999999999999993,1706.4121315251132,0.0,-6.699999999999989,475.600374
3240000.0,920,iso13790,native,True,20.00000000000001,1659.28455807128,0.0,-5.0,551.116962
3243600.0,920,iso13790,native,True,20.000000000000004,1391.5635669477288,0.0,-3.8999999999999773,2865.207455888073
3247200.0,920,iso13790,native,True,20.0,1275.394672263955,0.0,-2.7999999999999545,2412.1825193489326
3250800.0,920,iso13790,native,True,20.000000000000007,1359.3304348549764,0.0,-2.7999999999999545,582.6685032152606
3254400.0,920,iso13790,native,True,19.99999999999999,1274.2628539369728,0.0,-3.2999999999999545,1616.3170821932922
3258000.0,920,iso13790,native,True,19.999999999999986,1373.0362757813743,0.0,-3.8999999999999773,332.50501069878
3261600.0,920,iso13790,native,True,20.000000000000007,1440.20728385389,0.0,-3.8999999999999773,-74.59191000000001
3265200.0,920,iso13790,native,True,19.99999999999999,1520.9761199995546,0.0,-5.0,-101.56212000000002
3268800.0,920,iso13790,native,True,19.999999999999996,1569.528963372004,0.0,-5.0,-101.56212000000002
3272400.0,920,iso13790,native,True,20.000000000000007,1596.4488543420466,0.0,-4.399999999999977,-101.56212000000002
3276000.0,920,iso13790,native,True,20.000000000000004,1619.8769500771566,0.0,-3.8999999999999773,-101.56212000000002
3279600.0,920,iso13790,native,True,19.999999999999986,1357.0497357809072,0.0,6.100000000000023,-101.56212000000002
3283200.0,920,iso13790,native,True,20.000000000000004,1389.714808354952,0.0,4.400000000000034,-101.56212000000002
3286800.0,920,iso13790,native,True,19.999999999999993,1493.9741375627154,0.0,0.6000000000000227,-101.56212000000002
3290400.0,920,iso13790,native,True,20.00000000000001,1522.4238048004815,0.0,0.0,-101.56212000000002
3294000.0,920,iso13790,native,True,20.000000000000007,1650.417637321265,0.0,-3.8999999999999773,-101.56212000000002
3297600.0,920,iso13790,native,True,20.00000000000001,1597.9571493726999,0.0,-1.099999999999966,-101.56212000000002
3301200.0,920,iso13790,native,True,19.999999999999986,1562.2194546017179,0.0,0.6000000000000227,-101.56212000000002
3304800.0,920,iso13790,native,True,20.00000000000001,1830.5226998038515,0.0,-8.299999999999955,-101.56212000000002
3308400.0,920,iso13790,native,True,19.999999999999993,1993.0753181469306,0.0,-12.199999999999989,-101.56212000000002
3312000.0,920,iso13790,native,True,20.00000000000002,2064.2077377975716,0.0,-12.799999999999955,-15.25744800000001
3315600.0,920,iso13790,native,True,20.0,2095.1854260332684,0.0,-12.799999999999955,227.474442
3319200.0,920,iso13790,native,True,20.000000000000007,2100.2314122567236,0.0,-12.799999999999955,556.5110040000001
3322800.0,920,iso13790,native,True,19.999999999999993,2098.4468435143717,0.0,-12.799999999999955,750.696516
3326400.0,920,iso13790,native,True,20.0,1990.086700891473,0.0,-10.599999999999966,1241.731594591633
3330000.0,920,iso13790,native,True,20.000000000000014,1918.83152346237,0.0,-10.599999999999966,1643.9308157555524
3333600.0,920,iso13790,native,True,19.999999999999996,1985.267171886491,0.0,-11.699999999999989,815.4250199999999
3337200.0,920,iso13790,native,True,20.0,1875.844775672432,0.0,-11.099999999999966,1759.8707207990883
3340800.0,920,iso13790,native,True,19.999999999999996,1932.6841410580987,0.0,-11.699999999999989,879.6398788037424
3344400.0,920,iso13790,native,True,20.00000000000001,2006.569676707612,0.0,-12.799999999999955,505.6230504220523
3348000.0,920,iso13790,native,True,19.999999999999993,2137.0096445914855,0.0,-14.399999999999977,-38.36565704481603
3351600.0,920,iso13790,native,True,20.00000000000001,2223.512792838184,0.0,-15.0,-101.56212000000002
3355200.0,920,iso13790,native,True,19.999999999999993,2269.3667724854017,0.0,-14.399999999999977,-101.56212000000002
3358800.0,920,iso13790,native,True,20.0,2324.9879099781847,0.0,-14.399999999999977,-101.56212000000002
3362400.0,920,iso13790,native,True,19.999999999999996,2393.8783980981752,0.0,-15.0,-101.56212000000002
3366000.0,920,iso13790,native,True,19.999999999999993,2461.524365992098,0.0,-15.599999999999966,-101.56212000000002
3369600.0,920,iso13790,native,True,19.999999999999993,2510.290839592764,0.0,-15.599999999999966,-101.56212000000002
3373200.0,920,iso13790,native,True,19.99999999999999,2537.4072095010233,0.0,-15.0,-101.56212000000002
3376800.0,920,iso13790,native,True,19.999999999999986,2593.52997542195,0.0,-15.599999999999966,-101.56212000000002
3380400.0,920,iso13790,native,True,19.999999999999996,2631.6983866255205,0.0,-15.599999999999966,-101.56212000000002
3384000.0,920,iso13790,native,True,20.000000000000004,2649.0675589374887,0.0,-15.0,-101.56212000000002
3387600.0,920,iso13790,native,True,19.999999999999986,2696.2256804336753,0.0,-15.599999999999966,-101.56212000000002
3391200.0,920,iso13790,native,True,19.999999999999996,2726.1491731498504,0.0,-15.599999999999966,-101.56212000000002
3394800.0,920,iso13790,native,True,19.999999999999993,2685.686513912417,0.0,-13.299999999999955,-101.56212000000002
3398400.0,920,iso13790,native,True,20.00000000000001,2646.8261457881445,0.0,-12.199999999999989,103.89379760923771
3402000.0,920,iso13790,native,True,19.999999999999993,2407.269864267264,0.0,-6.699999999999989,839.8694810581234
3405600.0,920,iso13790,native,True,19.999999999999996,2075.9349290661776,0.0,-1.6999999999999886,1990.6217536720128
3409200.0,920,iso13790,native,True,20.000000000000004,1836.1225633122526,0.0,-2.1999999999999886,3061.664052615382
3412800.0,920,iso13790,native,True,19.999999999999986,1582.2715666182787,0.0,-2.7999999999999545,3881.5239528800103
3416400.0,920,iso13790,native,True,20.000000000000018,1238.4212030153374,0.0,0.0,4347.081464468952
3420000.0,920,iso13790,native,True,19.999999999999993,911.3315684041958,0.0,2.8000000000000114,4440.575814362352
3423600.0,920,iso13790,native,True,20.0,758.2337511510581,0.0,2.2000000000000455,3809.7837496619168
3427200.0,920,iso13790,native,True,20.000000000000004,593.6379597599949,0.0,3.900000000000034,3163.4744145893865
3430800.0,920,iso13790,native,True,20.0,763.8245860668056,0.0,-0.5999999999999659,1413.0288823962899
3434400.0,920,iso13790,native,True,20.0,943.6595070841487,0.0,-2.1999999999999886,-44.14229180328364
3438000.0,920,iso13790,native,True,20.00000000000001,1006.070558100163,0.0,-1.6999999999999886,-101.56212000000002
3441600.0,920,iso13790,native,True,20.000000000000007,1022.1387910971175,0.0,0.0,-101.56212000000002
3445200.0,920,iso13790,native,True,19.999999999999996,1057.286298551903,0.0,0.6000000000000227,-101.56212000000002
3448800.0,920,iso13790,native,True,19.999999999999993,973.0046701377024,0.0,5.0,-101.56212000000002
3452400.0,920,iso13790,native,True,19.999999999999996,1026.6261928731114,0.0,3.900000000000034,-101.56212000000002
3456000.0,920,iso13790,native,True,20.000000000000004,968.5242334581478,0.0,6.7000000000000455,-101.56212000000002
3459600.0,920,iso13790,native,True,19.999999999999996,1028.0957041091237,0.0,5.0,-101.56212000000002
3463200.0,920,iso13790,native,True,20.000000000000007,1077.294246502473,0.0,3.900000000000034,-101.56212000000002
3466800.0,920,iso13790,native,True,20.000000000000004,1097.8872268487873,0.0,3.900000000000034,-101.56212000000002
3470400.0,920,iso13790,native,True,20.0,1116.8269010091378,0.0,3.900000000000034,-101.56212000000002
3474000.0,920,iso13790,native,True,19.999999999999986,1184.4948604168562,0.0,2.2000000000000455,-101.56212000000002
3477600.0,920,iso13790,native,True,19.999999999999996,1208.6258999077854,0.0,2.2000000000000455,-101.56212000000002
3481200.0,920,iso13790,native,True,19.999999999999996,1278.1126211436456,0.0,0.6000000000000227,-101.56212000000002
3484800.0,920,iso13790,native,True,20.0,1334.3592333226015,0.0,-1.099999999999966,117.42615940184908
3488400.0,920,iso13790,native,True,19.999999999999986,1224.6518833167008,0.0,1.1000000000000227,783.3196336696375
3492000.0,920,iso13790,native,True,19.999999999999996,1029.268518310642,0.0,5.0,1330.4081308602563
3495600.0,920,iso13790,native,True,20.0,837.3323662409197,0.0,6.7000000000000455,2037.8920740514457
3499200.0,920,iso13790,native,True,19.999999999999996,683.2212450807854,0.0,7.800000000000011,2151.0792350203265
3502800.0,920,iso13790,native,True,20.0,630.6415826692529,0.0,6.7000000000000455,1878.1900462652611
3506400.0,920,iso13790,native,True,20.000000000000004,413.79919266479396,0.0,7.2000000000000455,3051.8656428773043
3510000.0,920,iso13790,native,True,20.000000000000004,434.92321305778336,0.0,7.800000000000011,1261.333568037948
3513600.0,920,iso13790,native,True,19.999999999999996,495.11311860764107,0.0,6.7000000000000455,603.5811002409457
3517200.0,920,iso13790,native,True,19.999999999999996,616.3919690996175,0.0,3.900000000000034,265.3650937771199
3520800.0,920,iso13790,native,True,20.0,762.4621342648641,0.0,1.1000000000000227,-12.909129853979465
3524400.0,920,iso13790,native,True,20.000000000000004,846.6496953945675,0.0,0.6000000000000227,-101.56212000000002
3528000.0,920,iso13790,native,True,20.0,909.334876159024,0.0,0.6000000000000227,-101.56212000000002
3531600.0,920,iso13790,native,True,20.000000000000004,1002.4571615609087,0.0,-0.5999999999999659,-101.56212000000002
3535200.0,920,iso13790,native,True,20.000000000000004,1061.2060462159477,0.0,-0.5999999999999659,-101.56212000000002
3538800.0,920,iso13790,native,True,19.999999999999993,1147.7522457545608,0.0,-1.6999999999999886,-101.56212000000002
3542400.0,920,iso13790,native,True,20.000000000000004,1184.9595385446469,0.0,-1.099999999999966,-101.56212000000002
3546000.0,920,iso13790,native,True,19.999999999999986,1282.8770437593162,0.0,-2.7999999999999545,-101.56212000000002
3549600.0,920,iso13790,native,True,19.999999999999993,1367.3430116425343,0.0,-3.8999999999999773,-101.56212000000002
3553200.0,920,iso13790,native,True,20.0,1435.1510495976074,0.0,-4.399999999999977,-101.56212000000002
3556800.0,920,iso13790,native,True,20.000000000000004,1486.3080051139855,0.0,-4.399999999999977,-101.56212000000002
3560400.0,920,iso13790,native,True,19.999999999999996,1518.5787522911805,0.0,-3.8999999999999773,-101.56212000000002
3564000.0,920,iso13790,native,True,20.000000000000004,1591.9797282217876,0.0,-5.0,-101.56212000000002
3567600.0,920,iso13790,native,True,20.00000000000001,1651.6177342644999,0.0,-5.599999999999966,-92.1340336905862
3571200.0,920,iso13790,native,True,20.0,1616.4666605291213,0.0,-3.8999999999999773,172.86473260198625
3574800.0,920,iso13790,native,True,20.000000000000018,1476.3285019995378,0.0,-1.099999999999966,905.1059302483964
3578400.0,920,iso13790,native,True,20.000000000000018,1202.4548897443901,0.0,2.8000000000000114,2113.6816191289086
3582000.0,920,iso13790,native,True,19.999999999999996,892.7089399580725,0.0,5.600000000000023,3213.434894643921
3585600.0,920,iso13790,native,True,20.0,588.2706939498595,0.0,8.300000000000011,3674.1185399030487
3589200.0,920,iso13790,native,True,19.999999999999993,350.7370987179087,0.0,7.2000000000000455,4358.928080773301
3592800.0,920,iso13790,native,True,19.999999999999993,265.784055432638,0.0,5.0,3705.148888248547
3596400.0,920,iso13790,native,True,19.999999999999993,402.62132859661773,0.0,1.7000000000000455,1789.9685789433756
3600000.0,920,iso13790,native,True,20.0,564.6766553917129,0.0,0.6000000000000227,259.838694
3603600.0,920,iso13790,native,True,19.999999999999993,730.8867716737018,0.0,-2.1999999999999886,60.25913999999999
3607200.0,920,iso13790,native,True,20.00000000000001,878.4865267061891,0.0,-3.8999999999999773,-90.77403600000002
3610800.0,920,iso13790,native,True,20.000000000000007,985.9727027290052,0.0,-4.399999999999977,-101.56212000000002
3614400.0,920,iso13790,native,True,20.000000000000007,1090.9268050502822,0.0,-5.0,-101.56212000000002
3618000.0,920,iso13790,native,True,20.00000000000001,1191.7410220528957,0.0,-5.599999999999966,-101.56212000000002
3621600.0,920,iso13790,native,True,19.999999999999996,1271.0128338816064,0.0,-5.599999999999966,-101.56212000000002
3625200.0,920,iso13790,native,True,20.000000000000004,1343.9203130753654,0.0,-5.599999999999966,-101.56212000000002
3628800.0,920,iso13790,native,True,19.99999999999999,1425.753494944959,0.0,-6.099999999999966,-101.56212000000002
3632400.0,920,iso13790,native,True,20.000000000000014,1489.8095865419848,0.0,-6.099999999999966,-101.56212000000002
3636000.0,920,iso13790,native,True,19.999999999999996,1533.943863437019,0.0,-5.599999999999966,-101.56212000000002
3639600.0,920,iso13790,native,True,20.000000000000004,1618.2559063170834,0.0,-6.699999999999989,-101.56212000000002
3643200.0,920,iso13790,native,True,20.000000000000007,1718.4363426759162,0.0,-8.299999999999955,-101.56212000000002
3646800.0,920,iso13790,native,True,19.999999999999993,1824.959876350949,0.0,-10.0,-101.56212000000002
3650400.0,920,iso13790,native,True,20.000000000000007,1884.8269726709668,0.0,-10.0,-101.56212000000002
3654000.0,920,iso13790,native,True,20.0,1971.7672648732444,0.0,-11.099999999999966,-95.26144653768225
3657600.0,920,iso13790,native,True,19.999999999999996,1967.7115783604436,0.0,-10.0,173.88874144578642
3661200.0,920,iso13790,native,True,19.999999999999993,1863.5803007331513,0.0,-7.199999999999989,700.6153991761331
3664800.0,920,iso13790,native,True,20.00000000000001,1626.5585067467036,0.0,-3.8999999999999773,1966.8139857998217
3668400.0,920,iso13790,native,True,20.000000000000007,1354.1331911134853,0.0,-2.1999999999999886,3244.7229157899756
3672000.0,920,iso13790,native,True,20.0,1091.2400861156948,0.0,-1.6999999999999886,4105.271878682323
3675600.0,920,iso13790,native,True,20.000000000000004,844.053566526985,0.0,-1.6999999999999886,4611.170759723305
3679200.0,920,iso13790,native,True,20.000000000000007,588.1599909229603,0.0,-0.5999999999999659,4772.259368257049
3682800.0,920,iso13790,native,True,20.000000000000004,376.6793061530525,0.0,0.6000000000000227,4491.594503997094
3686400.0,920,iso13790,native,True,20.0,287.17041466696645,0.0,0.0,3780.852980384493
3690000.0,920,iso13790,native,True,20.000000000000004,295.06787970935403,0.0,0.0,2469.558694369849
3693600.0,920,iso13790,native,True,20.0,547.9470203091452,0.0,-2.7999999999999545,332.4728442210583
3697200.0,920,iso13790,native,True,20.0,690.9950811436862,0.0,-3.2999999999999545,-101.56212000000002
3700800.0,920,iso13790,native,True,20.000000000000007,862.0219943703532,0.0,-5.599999999999966,-101.56212000000002
3704400.0,920,iso13790,native,True,20.0,1000.2792440117026,0.0,-6.699999999999989,-101.56212000000002
3708000.0,920,iso13790,native,True,20.000000000000004,1182.5878650055793,0.0,-9.399999999999977,-101.56212000000002
3711600.0,920,iso13790,native,True,20.000000000000004,1274.9623358313058,0.0,-8.899999999999977,-101.56212000000002
3715200.0,920,iso13790,native,True,20.00000000000001,1371.1276460324584,0.0,-8.899999999999977,-101.56212000000002
3718800.0,920,iso13790,native,True,20.000000000000004,1394.5443990053739,0.0,-6.699999999999989,-101.56212000000002
3722400.0,920,iso13790,native,True,20.000000000000007,1480.171534698324,0.0,-7.199999999999989,-101.56212000000002
3726000.0,920,iso13790,native,True,19.99999999999999,1547.7169827646446,0.0,-7.199999999999989,-101.56212000000002
3729600.0,920,iso13790,native,True,19.999999999999986,1595.0604733551543,0.0,-6.699999999999989,-101.56212000000002
3733200.0,920,iso13790,native,True,20.000000000000004,1664.5891881040404,0.0,-7.199999999999989,-101.56212000000002
3736800.0,920,iso13790,native,True,19.999999999999993,1717.3286759815376,0.0,-7.199999999999989,-101.56212000000002
3740400.0,920,iso13790,native,True,20.000000000000004,1747.0812653863097,0.0,-6.699999999999989,-62.09361602140041
3744000.0,920,iso13790,native,True,20.0,1677.6783062741672,0.0,-3.8999999999999773,203.9559274845816
3747600.0,920,iso13790,native,True,20.000000000000007,1528.6167041478066,0.0,-1.099999999999966,957.2447121774586
3751200.0,920,iso13790,native,True,20.0,1259.9824647462626,0.0,2.2000000000000455,2216.755287086682
3754800.0,920,iso13790,native,True,19.999999999999996,921.9555244633436,0.0,5.600000000000023,3355.7226696434186
3758400.0,920,iso13790,native,True,20.000000000000007,565.2095966088835,0.0,8.300000000000011,4226.721393917078
3762000.0,920,iso13790,native,True,19.999999999999996,264.98565864909915,0.0,10.0,4396.887377480586
3765600.0,920,iso13790,native,True,20.066077867359333,0.0,0.0,11.100000000000023,4593.793048496318
3769200.0,920,iso13790,native,True,20.816357169945924,0.0,0.0,12.800000000000011,3912.6050603743743
3772800.0,920,iso13790,native,True,20.980249163680632,0.0,0.0,12.800000000000011,2436.627920677759
3776400.0,920,iso13790,native,True,20.546087354641283,0.0,0.0,10.600000000000023,838.9841549204398
3780000.0,920,iso13790,native,True,20.000000000000004,6.095128171865552,0.0,7.800000000000011,134.29808257676993
3783600.0,920,iso13790,native,True,20.0,144.48505643243084,0.0,6.100000000000023,-101.56212000000002
3787200.0,920,iso13790,native,True,19.999999999999996,256.7659209081611,0.0,5.0,-101.56212000000002
3790800.0,920,iso13790,native,True,19.999999999999996,385.6255187562883,0.0,3.3000000000000114,-101.56212000000002
3794400.0,920,iso13790,native,True,19.999999999999996,466.03542968344993,0.0,3.3000000000000114,-101.56212000000002
3798000.0,920,iso13790,native,True,20.0,554.7687110069056,0.0,2.8000000000000114,-101.56212000000002
3801600.0,920,iso13790,native,True,20.000000000000007,592.6569624416932,0.0,3.900000000000034,-101.56212000000002
3805200.0,920,iso13790,native,True,20.000000000000004,652.1590179297401,0.0,3.900000000000034,-101.56212000000002
3808800.0,920,iso13790,native,True,20.0,739.3979200264268,0.0,2.8000000000000114,-101.56212000000002
3812400.0,920,iso13790,native,True,20.000000000000004,762.4632265426816,0.0,3.900000000000034,-101.56212000000002
3816000.0,920,iso13790,native,True,19.99999999999999,826.0672866501342,0.0,3.3000000000000114,-101.56212000000002
3819600.0,920,iso13790,native,True,20.000000000000004,936.1442878819854,0.0,1.1000000000000227,-101.56212000000002
3823200.0,920,iso13790,native,True,19.999999999999993,988.0724436319116,0.0,1.1000000000000227,-101.56212000000002
3826800.0,920,iso13790,native,True,20.0,1050.6106257759468,0.0,0.6000000000000227,-101.56212000000002
3830400.0,920,iso13790,native,True,20.000000000000007,1055.7460495560588,0.0,1.1000000000000227,160.6154580644108
3834000.0,920,iso13790,native,True,19.999999999999996,1011.3254882438775,0.0,2.2000000000000455,540.9821281476468
3837600.0,920,iso13790,native,True,20.000000000000004,864.6708286717619,0.0,4.400000000000034,1341.554174374462
3841200.0,920,iso13790,native,True,20.000000000000007,642.3280831752845,0.0,7.800000000000011,2019.053971999825
3844800.0,920,iso13790,native,True,20.0,390.1265183277986,0.0,11.700000000000045,2373.308951403648
3848400.0,920,iso13790,native,True,20.000000000000004,351.61486799513904,0.0,8.300000000000011,2458.7505079437083
3852000.0,920,iso13790,native,True,20.000000000000004,186.27329405249372,0.0,8.900000000000034,2849.962491406441
3855600.0,920,iso13790,native,True,20.030205626017008,0.0,0.0,10.0,3239.7128244820215
3859200.0,920,iso13790,native,True,20.278608199802264,0.0,0.0,9.400000000000034,2725.120490714273
3862800.0,920,iso13790,native,True,19.999999999999993,23.503945510186483,0.0,7.800000000000011,1169.6125520323617
3866400.0,920,iso13790,native,True,20.0,258.19616300634686,0.0,3.900000000000034,-15.888410288132711
3870000.0,920,iso13790,native,True,19.999999999999996,398.21666818711384,0.0,2.2000000000000455,-101.56212000000002
3873600.0,920,iso13790,native,True,19.999999999999993,500.2530802009971,0.0,1.7000000000000455,-101.56212000000002
3877200.0,920,iso13790,native,True,19.999999999999993,615.4043523751249,0.0,0.6000000000000227,-101.56212000000002
3880800.0,920,iso13790,native,True,20.0,696.6550515667408,0.0,0.6000000000000227,-101.56212000000002
3884400.0,920,iso13790,native,True,19.999999999999996,806.8523238678022,0.0,-0.5999999999999659,-101.56212000000002
3888000.0,920,iso13790,native,True,20.000000000000004,881.3053311279328,0.0,-0.5999999999999659,-101.56212000000002
3891600.0,920,iso13790,native,True,20.000000000000007,982.2948487347732,0.0,-1.6999999999999886,-101.56212000000002
3895200.0,920,iso13790,native,True,20.00000000000001,1065.2998442197836,0.0,-2.1999999999999886,-101.56212000000002
3898800.0,920,iso13790,native,True,20.000000000000007,1195.4616015413453,0.0,-4.399999999999977,-101.56212000000002
3902400.0,920,iso13790,native,True,20.000000000000004,1283.5969002473676,0.0,-5.0,-101.56212000000002
3906000.0,920,iso13790,native,True,19.999999999999993,1368.9426102693071,0.0,-5.599999999999966,-101.56212000000002
3909600.0,920,iso13790,native,True,20.00000000000001,1398.5180226709472,0.0,-4.399999999999977,-101.56212000000002
3913200.0,920,iso13790,native,True,20.000000000000004,1469.3934178012337,0.0,-5.0,-92.05135657790356
3916800.0,920,iso13790,native,True,19.999999999999996,1395.0664533853956,0.0,-1.6999999999999886,195.01110693063686
3920400.0,920,iso13790,native,True,19.999999999999993,1238.252793555397,0.0,1.7000000000000455,923.803995835103
3924000.0,920,iso13790,native,True,20.0,964.3186750197756,0.0,5.600000000000023,2112.8600517090504
3927600.0,920,iso13790,native,True,19.999999999999993,639.3245775275474,0.0,8.900000000000034,3208.986020097669
3931200.0,920,iso13790,native,True,20.0,323.3514654963564,0.0,10.600000000000023,4048.4141714294637
3934800.0,920,iso13790,native,True,19.999999999999993,23.804679008884943,0.0,11.700000000000045,4525.33390167282
3938400.0,920,iso13790,native,True,20.89728627829394,0.0,0.0,12.800000000000011,4642.427097822897
3942000.0,920,iso13790,native,True,21.738010173112404,0.0,0.0,13.900000000000034,4298.995088339274
3945600.0,920,iso13790,native,True,22.234929627107704,0.0,0.0,13.900000000000034,3507.218840739364
3949200.0,920,iso13790,native,True,22.031787761901462,0.0,0.0,11.100000000000023,2095.528797347023
3952800.0,920,iso13790,native,True,21.219594633123005,0.0,0.0,7.800000000000011,166.1753281414296
3956400.0,920,iso13790,native,True,20.69020682386315,0.0,0.0,6.100000000000023,-101.56212000000002
3960000.0,920,iso13790,native,True,20.16905870409342,0.0,0.0,4.400000000000034,-101.56212000000002
3963600.0,920,iso13790,native,True,19.999999999999993,122.20800296731761,0.0,2.2000000000000455,-101.56212000000002
3967200.0,920,iso13790,native,True,19.999999999999993,231.62467878455428,0.0,2.2000000000000455,-101.56212000000002
3970800.0,920,iso13790,native,True,19.999999999999993,347.03591862712256,0.0,1.7000000000000455,-101.56212000000002
3974400.0,920,iso13790,native,True,20.000000000000004,427.1951805877265,0.0,2.2000000000000455,-101.56212000000002
3978000.0,920,iso13790,native,True,19.999999999999996,559.4190200273688,0.0,0.6000000000000227,-101.56212000000002
3981600.0,920,iso13790,native,True,19.999999999999996,580.1365671576718,0.0,2.8000000000000114,-101.56212000000002
3985200.0,920,iso13790,native,True,20.000000000000004,550.9602306956962,0.0,6.100000000000023,-101.56212000000002
3988800.0,920,iso13790,native,True,20.000000000000007,612.872370005426,0.0,5.600000000000023,-101.56212000000002
3992400.0,920,iso13790,native,True,19.999999999999993,676.3416690423859,0.0,5.0,-101.56212000000002
3996000.0,920,iso13790,native,True,20.000000000000004,688.7528318462369,0.0,6.100000000000023,-101.56212000000002
3999600.0,920,iso13790,native,True,20.0,757.3371907758858,0.0,5.0,-101.56212000000002
4003200.0,920,iso13790,native,True,20.0,720.9327908035237,0.0,6.7000000000000455,142.56060318939433
4006800.0,920,iso13790,native,True,19.999999999999993,675.5039028764131,0.0,7.2000000000000455,589.62770583683
4010400.0,920,iso13790,native,True,20.000000000000004,552.5729052020895,0.0,10.0,862.0455800085471
4014000.0,920,iso13790,native,True,20.000000000000004,384.6246829692751,0.0,11.100000000000023,1815.5650360366474
4017600.0,920,iso13790,native,True,20.000000000000004,24.486540278922053,0.0,14.400000000000034,3512.2721806172867
4021200.0,920,iso13790,native,True,20.651138020907943,0.0,0.0,16.700000000000045,3015.8873877285355
4024800.0,920,iso13790,native,True,21.21904326607132,0.0,0.0,17.200000000000045,2774.5201366820565
4028400.0,920,iso13790,native,True,22.053805766959325,0.0,0.0,18.30000000000001,3252.897840583439
4032000.0,920,iso13790,native,True,21.723580775537137,0.0,0.0,15.0,1461.5479334320012
4035600.0,920,iso13790,native,True,21.319924153650597,0.0,0.0,11.100000000000023,933.5993009226972
4039200.0,920,iso13790,native,True,20.728910194346852,0.0,0.0,8.900000000000034,-49.87929940937543
4042800.0,920,iso13790,native,True,20.10239858054058,0.0,0.0,5.600000000000023,-101.56212000000002
4046400.0,920,iso13790,native,True,20.000000000000004,102.34572406883629,0.0,4.400000000000034,-101.56212000000002
4050000.0,920,iso13790,native,True,20.000000000000004,197.64043072807857,0.0,4.400000000000034,-101.56212000000002
4053600.0,920,iso13790,native,True,20.0,285.28440760659424,0.0,4.400000000000034,-101.56212000000002
4057200.0,920,iso13790,native,True,20.0,380.6709683324978,0.0,3.900000000000034,-101.56212000000002
4060800.0,920,iso13790,native,True,19.999999999999993,507.4411624270468,0.0,2.2000000000000455,-101.56212000000002
4064400.0,920,iso13790,native,True,20.000000000000004,520.9014861604425,0.0,4.400000000000034,-101.56212000000002
4068000.0,920,iso13790,native,True,19.999999999999993,662.3994750299067,0.0,1.7000000000000455,-101.56212000000002
4071600.0,920,iso13790,native,True,20.000000000000004,800.0026142648264,0.0,-0.5999999999999659,-101.56212000000002
4075200.0,920,iso13790,native,True,19.999999999999996,839.5357694505312,0.0,0.6000000000000227,-101.56212000000002
4078800.0,920,iso13790,native,True,20.0,902.792091330648,0.0,0.6000000000000227,-101.56212000000002
4082400.0,920,iso13790,native,True,19.999999999999993,913.6768424249922,0.0,2.2000000000000455,-101.56212000000002
4086000.0,920,iso13790,native,True,19.999999999999993,992.0644557155043,0.0,1.1000000000000227,-101.56212000000002
4089600.0,920,iso13790,native,True,20.0,951.3134048973451,0.0,3.3000000000000114,128.49383332646036
4093200.0,920,iso13790,native,True,19.999999999999996,710.9211277891204,0.0,9.400000000000034,933.9891452453074
4096800.0,920,iso13790,native,True,19.999999999999996,665.9214300935237,0.0,10.0,685.9680119999999
4100400.0,920,iso13790,native,True,19.999999999999996,568.965635711036,0.0,11.100000000000023,950.2760699999999
4104000.0,920,iso13790,native,True,20.000000000000004,468.81127097807666,0.0,13.300000000000011,763.0799504288697
4107600.0,920,iso13790,native,True,19.999999999999993,196.17466482748765,0.0,15.0,2472.6629504439493
4111200.0,920,iso13790,native,True,20.000000000000004,68.30178449689129,0.0,16.100000000000023,1985.0570321535374
4114800.0,920,iso13790,native,True,20.292426941260842,0.0,0.0,16.700000000000045,2187.643600413974
4118400.0,920,iso13790,native,True,20.74378857717151,0.0,0.0,15.600000000000023,2565.1484150064825
4122000.0,920,iso13790,native,True,20.59315516114341,0.0,0.0,15.0,996.6072254971095
4125600.0,920,iso13790,native,True,20.138062369663736,0.0,0.0,12.800000000000011,26.413106471746282
4129200.0,920,iso13790,native,True,19.999999999999996,259.0591602664965,0.0,4.400000000000034,-101.56212000000002
4132800.0,920,iso13790,native,True,20.000000000000004,421.57914448912163,0.0,1.7000000000000455,-101.56212000000002
4136400.0,920,iso13790,native,True,20.000000000000004,265.20013417319643,0.0,10.0,-101.56212000000002
4140000.0,920,iso13790,native,True,20.0,339.9281309139997,0.0,8.900000000000034,-101.56212000000002
4143600.0,920,iso13790,native,True,20.000000000000004,351.4869693568382,0.0,10.0,-101.56212000000002
4147200.0,920,iso13790,native,True,20.000000000000004,369.03857688958936,0.0,10.600000000000023,-101.56212000000002
4150800.0,920,iso13790,native,True,19.999999999999996,434.0993771043896,0.0,9.400000000000034,-101.56212000000002
4154400.0,920,iso13790,native,True,20.000000000000004,481.8187664681048,0.0,8.900000000000034,-101.56212000000002
4158000.0,920,iso13790,native,True,20.000000000000004,564.7487451803792,0.0,7.2000000000000455,-101.56212000000002
4161600.0,920,iso13790,native,True,20.0,537.8885625812136,0.0,9.400000000000034,-101.56212000000002
4165200.0,920,iso13790,native,True,20.000000000000004,595.0101337428298,0.0,8.300000000000011,-101.56212000000002
4168800.0,920,iso13790,native,True,20.000000000000004,702.6970493136661,0.0,5.600000000000023,-101.56212000000002
4172400.0,920,iso13790,native,True,20.0,804.0721248137654,0.0,3.3000000000000114,-50.5929301092189
4176000.0,920,iso13790,native,True,20.000000000000007,668.6758154633411,0.0,8.300000000000011,260.51666170004285
4179600.0,920,iso13790,native,True,20.000000000000004,463.82966468985916,0.0,12.800000000000011,973.5717999136604
4183200.0,920,iso13790,native,True,19.999999999999996,281.04296433007323,0.0,13.900000000000034,1879.222220498376
4186800.0,920,iso13790,native,True,20.000000000000004,120.15325993914875,0.0,13.900000000000034,2411.2024965921246
4190400.0,920,iso13790,native,True,20.57991036459696,0.0,0.0,14.400000000000034,3818.5711798357524
4194000.0,920,iso13790,native,True,20.893568287187442,0.0,0.0,13.900000000000034,2834.1582949943704
4197600.0,920,iso13790,native,True,21.37608541403973,0.0,0.0,14.400000000000034,2679.910300330483
4201200.0,920,iso13790,native,True,22.168883367449926,0.0,0.0,14.400000000000034,3630.9772839278544
4204800.0,920,iso13790,native,True,22.19038003525173,0.0,0.0,11.700000000000045,2702.461630898839
4208400.0,920,iso13790,native,True,21.63666212839473,0.0,0.0,8.900000000000034,950.4574281524019
4212000.0,920,iso13790,native,True,21.276491794688514,0.0,0.0,8.900000000000034,134.2406849839458
4215600.0,920,iso13790,native,True,20.77813419477041,0.0,0.0,7.2000000000000455,-101.56212000000002
4219200.0,920,iso13790,native,True,20.167071903572896,0.0,0.0,4.400000000000034,-101.56212000000002
4222800.0,920,iso13790,native,True,20.0,72.50364058339605,0.0,3.900000000000034,-101.56212000000002
4226400.0,920,iso13790,native,True,20.0,191.50106446573014,0.0,3.3000000000000114,-101.56212000000002
4230000.0,920,iso13790,native,True,20.000000000000004,287.49624550572867,0.0,3.3000000000000114,-101.56212000000002
4233600.0,920,iso13790,native,True,19.999999999999993,390.5635344703352,0.0,2.8000000000000114,-101.56212000000002
4237200.0,920,iso13790,native,True,19.999999999999996,459.36987890524676,0.0,3.3000000000000114,-101.56212000000002
4240800.0,920,iso13790,native,True,20.000000000000004,548.6383035711981,0.0,2.8000000000000114,-101.56212000000002
4244400.0,920,iso13790,native,True,20.000000000000004,619.5326999447879,0.0,2.8000000000000114,-101.56212000000002
4248000.0,920,iso13790,native,True,19.999999999999993,717.2493095256357,0.0,1.7000000000000455,-101.56212000000002
4251600.0,920,iso13790,native,True,20.000000000000004,800.1999772580242,0.0,1.1000000000000227,-101.56212000000002
4255200.0,920,iso13790,native,True,20.000000000000004,913.291269638876,0.0,-0.5999999999999659,-101.56212000000002
4258800.0,920,iso13790,native,True,19.999999999999996,1026.170744089688,0.0,-2.1999999999999886,-98.3724746792072
4262400.0,920,iso13790,native,True,20.0,983.9540609859724,0.0,0.6000000000000227,175.1240525523098
4266000.0,920,iso13790,native,True,19.999999999999993,906.0525700188883,0.0,2.2000000000000455,825.2166898605433
4269600.0,920,iso13790,native,True,20.0,752.2043557106491,0.0,4.400000000000034,1609.567084966466
4273200.0,920,iso13790,native,True,20.000000000000004,507.1785941578418,0.0,6.7000000000000455,2763.174640345831
4276800.0,920,iso13790,native,True,19.999999999999996,292.2217389784394,0.0,7.2000000000000455,3482.2222487849044
4280400.0,920,iso13790,native,True,20.0,353.3058031268253,0.0,6.7000000000000455,1454.8323964699723
4284000.0,920,iso13790,native,True,20.0,450.8528612580811,0.0,4.400000000000034,804.636936
4287600.0,920,iso13790,native,True,19.999999999999996,480.4581240432884,0.0,4.400000000000034,632.027592
4291200.0,920,iso13790,native,True,20.0,291.51017382085655,0.0,5.600000000000023,2358.524135305717
4294800.0,920,iso13790,native,True,20.0,341.4325799724275,0.0,4.400000000000034,1440.099280890956
4298400.0,920,iso13790,native,True,19.999999999999996,530.8645688969074,0.0,2.2000000000000455,29.45598274966565
4302000.0,920,iso13790,native,True,20.000000000000004,659.9914837287794,0.0,0.6000000000000227,-101.56212000000002
4305600.0,920,iso13790,native,True,20.000000000000007,755.3973980654678,0.0,0.0,-101.56212000000002
4309200.0,920,iso13790,native,True,20.0,862.2090780291383,0.0,-1.099999999999966,-101.56212000000002
4312800.0,920,iso13790,native,True,20.00000000000001,935.7897286682926,0.0,-1.099999999999966,-101.56212000000002
4316400.0,920,iso13790,native,True,19.999999999999996,1021.1978515041116,0.0,-1.6999999999999886,-101.56212000000002
4320000.0,920,iso13790,native,True,20.000000000000007,1068.5655562091638,0.0,-1.099999999999966,-101.56212000000002
4323600.0,920,iso13790,native,True,20.000000000000007,1125.5788894347324,0.0,-1.099999999999966,-101.56212000000002
4327200.0,920,iso13790,native,True,19.999999999999996,1195.7498009370124,0.0,-1.6999999999999886,-101.56212000000002
4330800.0,920,iso13790,native,True,19.999999999999996,1229.1036129020863,0.0,-1.099999999999966,-101.56212000000002
4334400.0,920,iso13790,native,True,20.000000000000007,1290.9630482202283,0.0,-1.6999999999999886,-101.56212000000002
4338000.0,920,iso13790,native,True,20.000000000000004,1349.1866359129808,0.0,-2.1999999999999886,-101.56212000000002
4341600.0,920,iso13790,native,True,20.000000000000004,1441.7774840245334,0.0,-3.8999999999999773,-101.56212000000002
4345200.0,920,iso13790,native,True,19.999999999999993,1462.4154485393128,0.0,-3.2999999999999545,-15.345839251587108
4348800.0,920,iso13790,native,True,20.000000000000004,1435.7579936757852,0.0,-2.1999999999999886,282.75253867657585
4352400.0,920,iso13790,native,True,20.000000000000007,1314.505691971222,0.0,0.0,960.6873732966596
4356000.0,920,iso13790,native,True,19.999999999999996,1050.7184948897338,0.0,3.3000000000000114,2262.662385749396
4359600.0,920,iso13790,native,True,19.999999999999993,787.3665813094624,0.0,4.400000000000034,3396.270900622331
4363200.0,920,iso13790,native,True,19.999999999999996,492.02410665475514,0.0,5.600000000000023,4265.750100147875
4366800.0,920,iso13790,native,True,20.0,228.52744565543279,0.0,6.100000000000023,4649.806641122126
4370400.0,920,iso13790,native,True,20.0,18.00146310352261,0.0,6.7000000000000455,4421.1181891458145
4374000.0,920,iso13790,native,True,20.527527424619333,0.0,0.0,6.7000000000000455,4193.108870827028
4377600.0,920,iso13790,native,True,20.18141258184646,0.0,0.0,6.100000000000023,1711.7950675164764
4381200.0,920,iso13790,native,True,20.000000000000004,4.131241453280315,0.0,5.600000000000023,1136.3405659099703
4384800.0,920,iso13790,native,True,19.999999999999996,199.03491465523342,0.0,3.3000000000000114,67.94531739547521
4388400.0,920,iso13790,native,True,20.0,315.96577884909885,0.0,2.8000000000000114,-101.56212000000002
4392000.0,920,iso13790,native,True,20.0,423.2751651453616,0.0,2.2000000000000455,-101.56212000000002
4395600.0,920,iso13790,native,True,19.999999999999996,523.2997572412261,0.0,1.7000000000000455,-101.56212000000002
4399200.0,920,iso13790,native,True,19.999999999999993,621.8216530894273,0.0,1.1000000000000227,-101.56212000000002
4402800.0,920,iso13790,native,True,19.999999999999996,698.985182629453,0.0,1.1000000000000227,-101.56212000000002
4406400.0,920,iso13790,native,True,20.000000000000004,784.7327180997816,0.0,0.6000000000000227,-101.56212000000002
4410000.0,920,iso13790,native,True,20.00000000000001,870.1237899531502,0.0,0.0,-101.56212000000002
4413600.0,920,iso13790,native,True,19.999999999999993,967.7246684586746,0.0,-1.099999999999966,-101.56212000000002
4417200.0,920,iso13790,native,True,20.00000000000001,1050.5688965781512,0.0,-1.6999999999999886,-101.56212000000002
4420800.0,920,iso13790,native,True,19.99999999999998,1145.8274045454566,0.0,-2.7999999999999545,-101.56212000000002
4424400.0,920,iso13790,native,True,19.99999999999999,1256.0754697017546,0.0,-4.399999999999977,-101.56212000000002
4428000.0,920,iso13790,native,True,20.000000000000004,1339.34438765572,0.0,-5.0,-101.56212000000002
4431600.0,920,iso13790,native,True,19.999999999999993,1378.2484231738288,0.0,-4.399999999999977,-37.03792608534724
4435200.0,920,iso13790,native,True,20.000000000000004,1338.875971474857,0.0,-2.1999999999999886,222.67435536502867
4438800.0,920,iso13790,native,True,20.00000000000001,1393.823122191335,0.0,-3.2999999999999545,232.86848399999997
4442400.0,920,iso13790,native,True,20.00000000000001,1368.5885763287913,0.0,-2.1999999999999886,421.65995399999997
4446000.0,920,iso13790,native,True,20.0,1317.8991104955367,0.0,-1.099999999999966,691.3620540000001
4449600.0,920,iso13790,native,True,20.000000000000007,1247.0258061923382,0.0,0.0,961.064154
4453200.0,920,iso13790,native,True,19.999999999999986,1197.3491865719975,0.0,0.6000000000000227,982.640322
4456800.0,920,iso13790,native,True,20.0,1173.5729523709715,0.0,0.6000000000000227,907.123734
4460400.0,920,iso13790,native,True,19.999999999999993,1183.2632242956718,0.0,0.0,739.908432
4464000.0,920,iso13790,native,True,19.999999999999996,1197.0379292448247,0.0,0.0,491.7824999999999
4467600.0,920,iso13790,native,True,20.0,1247.412731041921,0.0,-0.5999999999999659,195.11018999999996
4471200.0,920,iso13790,native,True,20.000000000000018,1342.907015944167,0.0,-2.1999999999999886,-74.59191000000001
4474800.0,920,iso13790,native,True,19.999999999999986,1404.5638690141493,0.0,-2.7999999999999545,-101.56212000000002
4478400.0,920,iso13790,native,True,20.000000000000004,1461.5253271673164,0.0,-3.2999999999999545,-101.56212000000002
4482000.0,920,iso13790,native,True,20.000000000000004,1470.1925543401492,0.0,-2.1999999999999886,-101.56212000000002
4485600.0,920,iso13790,native,True,19.99999999999999,1535.3335592852673,0.0,-3.2999999999999545,-101.56212000000002
4489200.0,920,iso13790,native,True,19.999999999999993,1603.1030280855505,0.0,-4.399999999999977,-101.56212000000002
4492800.0,920,iso13790,native,True,20.00000000000001,1658.5108594300245,0.0,-5.0,-101.56212000000002
4496400.0,920,iso13790,native,True,19.999999999999996,1713.7566248350452,0.0,-5.599999999999966,-101.56212000000002
4500000.0,920,iso13790,native,True,20.000000000000004,1816.1463765508963,0.0,-7.7999999999999545,-101.56212000000002
4503600.0,920,iso13790,native,True,20.000000000000004,1843.2695628503752,0.0,-7.199999999999989,-101.56212000000002
4507200.0,920,iso13790,native,True,20.000000000000004,1866.8846323616547,0.0,-6.699999999999989,-101.56212000000002
4510800.0,920,iso13790,native,True,20.000000000000007,1899.8108856387646,0.0,-6.699999999999989,-101.56212000000002
4514400.0,920,iso13790,native,True,20.000000000000004,1944.8727319047616,0.0,-7.199999999999989,-101.56212000000002
4518000.0,920,iso13790,native,True,20.00000000000001,1960.3305971121356,0.0,-6.699999999999989,-101.56212000000002
4521600.0,920,iso13790,native,True,20.000000000000004,1973.2640519167578,0.0,-6.699999999999989,22.50084599999999
4525200.0,920,iso13790,native,True,20.000000000000004,1943.5905435249326,0.0,-6.099999999999966,308.385072
4528800.0,920,iso13790,native,True,20.00000000000001,1892.3456003927286,0.0,-5.0,470.2063319999999
4532400.0,920,iso13790,native,True,19.999999999999996,1825.8902737422054,0.0,-3.8999999999999773,648.2097180000001
4536000.0,920,iso13790,native,True,20.000000000000007,1786.7511556872694,0.0,-3.8999999999999773,745.302474
4539600.0,920,iso13790,native,True,20.00000000000001,1735.6199663756404,0.0,-3.8999999999999773,934.093944
4543200.0,920,iso13790,native,True,20.000000000000014,1686.535607268388,0.0,-3.2999999999999545,853.183314
4546800.0,920,iso13790,native,True,20.00000000000001,1668.9911697823884,0.0,-3.2999999999999545,680.5739699999999
4550400.0,920,iso13790,native,True,20.0,1689.2290371342508,0.0,-3.8999999999999773,427.0539959999999
4554000.0,920,iso13790,native,True,20.0,1695.3284919913704,0.0,-3.2999999999999545,141.16977
4557600.0,920,iso13790,native,True,19.999999999999996,1755.0474966861393,0.0,-4.399999999999977,-53.01574200000001
4561200.0,920,iso13790,native,True,20.00000000000001,1782.4580460992172,0.0,-4.399999999999977,-101.56212000000002
4564800.0,920,iso13790,native,True,20.00000000000001,1823.4663706321878,0.0,-5.0,-101.56212000000002
4568400.0,920,iso13790,native,True,20.000000000000018,1865.4686927622172,0.0,-5.599999999999966,-101.56212000000002
4572000.0,920,iso13790,native,True,20.000000000000007,1890.6503191535958,0.0,-5.599999999999966,-101.56212000000002
4575600.0,920,iso13790,native,True,20.000000000000004,1913.81024018784,0.0,-5.599999999999966,-101.56212000000002
4579200.0,920,iso13790,native,True,20.00000000000001,1967.6247339050135,0.0,-6.699999999999989,-101.56212000000002
4582800.0,920,iso13790,native,True,19.999999999999993,2024.977039748624,0.0,-7.7999999999999545,-101.56212000000002
4586400.0,920,iso13790,native,True,20.0,2085.5831246853404,0.0,-8.899999999999977,-101.56212000000002
4590000.0,920,iso13790,native,True,20.000000000000007,2116.6677937094623,0.0,-8.899999999999977,-101.56212000000002
4593600.0,920,iso13790,native,True,20.000000000000004,2177.770797501761,0.0,-10.0,-101.56212000000002
4597200.0,920,iso13790,native,True,20.0,2241.8264558284045,0.0,-11.099999999999966,-101.56212000000002
4600800.0,920,iso13790,native,True,19.999999999999993,2308.597714998055,0.0,-12.199999999999989,-101.56212000000002
4604400.0,920,iso13790,native,True,20.00000000000001,2328.2581049821433,0.0,-11.699999999999989,-78.5641274140053
4608000.0,920,iso13790,native,True,20.000000000000004,2109.2932319076504,0.0,-4.399999999999977,253.15273548056769
4611600.0,920,iso13790,native,True,20.000000000000004,1945.1161350143298,0.0,-2.1999999999999886,994.3187964908366
4615200.0,920,iso13790,native,True,20.00000000000001,1720.9271748021765,0.0,-1.099999999999966,2181.80418671291
4618800.0,920,iso13790,native,True,20.00000000000001,1411.8204703014887,0.0,1.1000000000000227,3273.514421806378
4622400.0,920,iso13790,native,True,19.999999999999986,1119.3497007119456,0.0,1.7000000000000455,4100.941014477012
4626000.0,920,iso13790,native,True,20.00000000000001,817.1522414143017,0.0,2.8000000000000114,4569.236696637911
4629600.0,920,iso13790,native,True,20.000000000000004,541.9298331031059,0.0,3.900000000000034,4649.773522145722
4633200.0,920,iso13790,native,True,20.000000000000004,323.3198676045194,0.0,5.600000000000023,4084.63993283549
4636800.0,920,iso13790,native,True,20.000000000000004,258.61202009949824,0.0,6.100000000000023,2738.0940602949904
4640400.0,920,iso13790,native,True,19.999999999999996,426.10083942865595,0.0,3.3000000000000114,883.2436892187962
4644000.0,920,iso13790,native,True,19.999999999999996,521.3450205365888,0.0,3.3000000000000114,108.99862482447386
4647600.0,920,iso13790,native,True,19.999999999999996,664.2856637947839,0.0,1.1000000000000227,-101.56212000000002
4651200.0,920,iso13790,native,True,20.0,770.5539383419449,0.0,0.0,-101.56212000000002
4654800.0,920,iso13790,native,True,19.999999999999996,811.120845288387,0.0,1.1000000000000227,-101.56212000000002
4658400.0,920,iso13790,native,True,20.000000000000007,905.6004661390913,0.0,0.0,-101.56212000000002
4662000.0,920,iso13790,native,True,20.000000000000004,950.1042459893704,0.0,0.6000000000000227,-101.56212000000002
4665600.0,920,iso13790,native,True,20.000000000000007,906.9416877526019,0.0,3.900000000000034,-101.56212000000002
4669200.0,920,iso13790,native,True,19.99999999999999,1006.2393441056159,0.0,1.7000000000000455,-101.56212000000002
4672800.0,920,iso13790,native,True,19.99999999999999,1065.9884643291768,0.0,1.1000000000000227,-101.56212000000002
4676400.0,920,iso13790,native,True,19.999999999999993,1024.7292668056025,0.0,3.900000000000034,-101.56212000000002
4680000.0,920,iso13790,native,True,20.000000000000004,1099.7912792246334,0.0,2.2000000000000455,-101.56212000000002
4683600.0,920,iso13790,native,True,20.000000000000004,1065.6948095318744,0.0,4.400000000000034,-101.56212000000002
4687200.0,920,iso13790,native,True,19.999999999999993,1148.6750240203776,0.0,2.2000000000000455,-101.56212000000002
4690800.0,920,iso13790,native,True,19.999999999999996,1123.0573040552533,0.0,3.900000000000034,-77.9652951889376
4694400.0,920,iso13790,native,True,20.00000000000001,1100.2466912877078,0.0,3.900000000000034,302.40386881775913
4698000.0,920,iso13790,native,True,20.0,928.4564302580177,0.0,7.2000000000000455,982.2062513460959
4701600.0,920,iso13790,native,True,20.000000000000004,701.0930932557225,0.0,10.0,1853.1549970761782
4705200.0,920,iso13790,native,True,19.999999999999996,526.8221070453462,0.0,10.600000000000023,2299.402898262393
4708800.0,920,iso13790,native,True,20.0,208.46334257609053,0.0,11.700000000000045,3856.9723025335425
4712400.0,920,iso13790,native,True,20.17614813060987,0.0,0.0,11.700000000000045,4373.289163910556
4716000.0,920,iso13790,native,True,20.895390800795433,0.0,0.0,12.200000000000045,4056.097516341633
4719600.0,920,iso13790,native,True,21.12908470913395,0.0,0.0,11.700000000000045,2883.416083494123
4723200.0,920,iso13790,native,True,21.7569103745589,0.0,0.0,12.200000000000045,3278.0968024533886
4726800.0,920,iso13790,native,True,21.560411210862735,0.0,0.0,12.200000000000045,1287.963575282781
4730400.0,920,iso13790,native,True,21.205814919269635,0.0,0.0,11.100000000000023,366.9064419084801
4734000.0,920,iso13790,native,True,20.85827745883262,0.0,0.0,10.600000000000023,-101.56212000000002
4737600.0,920,iso13790,native,True,20.000000000000004,252.5968476080606,0.0,-3.8999999999999773,-101.56212000000002
4741200.0,920,iso13790,native,True,20.000000000000004,510.3999258485744,0.0,-7.7999999999999545,-101.56212000000002
4744800.0,920,iso13790,native,True,19.999999999999996,707.3828183399712,0.0,-9.399999999999977,-101.56212000000002
4748400.0,920,iso13790,native,True,19.999999999999996,870.4230632439458,0.0,-10.0,-101.56212000000002
4752000.0,920,iso13790,native,True,20.000000000000004,989.1901997757918,0.0,-9.399999999999977,-101.56212000000002
4755600.0,920,iso13790,native,True,20.000000000000004,1129.6055560457205,0.0,-10.0,-101.56212000000002
4759200.0,920,iso13790,native,True,20.000000000000007,1245.2991320624378,0.0,-10.0,-101.56212000000002
4762800.0,920,iso13790,native,True,20.000000000000004,1351.704256301502,0.0,-10.0,-101.56212000000002
4766400.0,920,iso13790,native,True,20.0,1467.3015418526018,0.0,-10.599999999999966,-101.56212000000002
4770000.0,920,iso13790,native,True,20.00000000000001,1574.9486397111432,0.0,-11.099999999999966,-101.56212000000002
4773600.0,920,iso13790,native,True,20.000000000000007,1662.7461786077358,0.0,-11.099999999999966,-101.56212000000002
4777200.0,920,iso13790,native,True,20.00000000000001,1714.7301988561749,0.0,-10.599999999999966,37.35134419296452
4780800.0,920,iso13790,native,True,20.000000000000004,1749.6745515075756,0.0,-10.0,155.34519849342232
4784400.0,920,iso13790,native,True,19.999999999999993,1681.9966439932032,0.0,-8.899999999999977,1004.1642347028372
4788000.0,920,iso13790,native,True,20.000000000000004,1548.223027144841,0.0,-7.199999999999989,1796.7300505395451
4791600.0,920,iso13790,native,True,20.000000000000004,1428.7974597294965,0.0,-5.599999999999966,1983.638401411647
4795200.0,920,iso13790,native,True,19.999999999999996,1258.3708851306442,0.0,-4.399999999999977,2663.401480252052
4798800.0,920,iso13790,native,True,20.000000000000007,893.2812304944758,0.0,-2.1999999999999886,4623.398611866548
4802400.0,920,iso13790,native,True,19.999999999999996,651.4560184685263,0.0,-1.099999999999966,4633.591557894543
4806000.0,920,iso13790,native,True,19.999999999999993,556.4250245077891,0.0,0.6000000000000227,3118.2169405136483
4809600.0,920,iso13790,native,True,19.999999999999996,386.8009194336503,0.0,1.7000000000000455,3390.035200368893
4813200.0,920,iso13790,native,True,20.0,413.5677658463406,0.0,0.6000000000000227,2250.1658132903976
4816800.0,920,iso13790,native,True,20.000000000000004,647.581624363012,0.0,-2.1999999999999886,295.8597285161263
4820400.0,920,iso13790,native,True,20.0,812.3535028043683,0.0,-3.8999999999999773,-101.56212000000002
4824000.0,920,iso13790,native,True,20.000000000000007,924.7188400272979,0.0,-4.399999999999977,-101.56212000000002
4827600.0,920,iso13790,native,True,20.000000000000004,1034.5907050238093,0.0,-5.0,-101.56212000000002
4831200.0,920,iso13790,native,True,20.000000000000004,1154.7069376704478,0.0,-6.099999999999966,-101.56212000000002
4834800.0,920,iso13790,native,True,19.999999999999996,1258.2588760808073,0.0,-6.699999999999989,-101.56212000000002
4838400.0,920,iso13790,native,True,19.999999999999993,1340.048611519052,0.0,-6.699999999999989,-101.56212000000002
4842000.0,920,iso13790,native,True,19.999999999999993,1415.271862977104,0.0,-6.699999999999989,-101.56212000000002
4845600.0,920,iso13790,native,True,19.999999999999996,1466.7209299270191,0.0,-6.099999999999966,-101.56212000000002
4849200.0,920,iso13790,native,True,19.999999999999996,1545.2228437741437,0.0,-6.699999999999989,-101.56212000000002
4852800.0,920,iso13790,native,True,19.999999999999996,1603.9736943614469,0.0,-6.699999999999989,-101.56212000000002
4856400.0,920,iso13790,native,True,20.000000000000004,1672.786811699039,0.0,-7.199999999999989,-101.56212000000002
4860000.0,920,iso13790,native,True,19.999999999999986,1724.8681538602818,0.0,-7.199999999999989,-101.56212000000002
4863600.0,920,iso13790,native,True,20.00000000000001,1747.108474729199,0.0,-6.699999999999989,6.510406869481955
4867200.0,920,iso13790,native,True,19.999999999999993,1650.2711564176122,0.0,-3.2999999999999545,327.45598906601936
4870800.0,920,iso13790,native,True,19.999999999999993,1469.4189579947304,0.0,0.6000000000000227,978.271443072758
4874400.0,920,iso13790,native,True,19.999999999999996,1133.037313531987,0.0,6.100000000000023,2178.6761234057094
4878000.0,920,iso13790,native,True,19.999999999999993,829.0865785589132,0.0,9.400000000000034,2856.0259101435445
4881600.0,920,iso13790,native,True,20.0,412.69772570470315,0.0,13.900000000000034,3897.1085071978637
4885200.0,920,iso13790,native,True,19.999999999999996,84.48781460908609,0.0,15.600000000000023,4268.524245049503
4888800.0,920,iso13790,native,True,20.267137279430354,0.0,0.0,15.600000000000023,3381.2122386357323
4892400.0,920,iso13790,native,True,20.45653077257029,0.0,0.0,14.400000000000034,2411.9710525278697
4896000.0,920,iso13790,native,True,21.073524274375217,0.0,0.0,15.600000000000023,2616.2351342260226
4899600.0,920,iso13790,native,True,20.982270901196802,0.0,0.0,14.400000000000034,1382.249125583764
4903200.0,920,iso13790,native,True,20.042020934644967,0.0,0.0,7.800000000000011,186.11890708590917
4906800.0,920,iso13790,native,True,19.999999999999996,212.19310642009577,0.0,3.3000000000000114,-101.56212000000002
4910400.0,920,iso13790,native,True,20.0,339.04099366620557,0.0,2.2000000000000455,-101.56212000000002
4914000.0,920,iso13790,native,True,20.000000000000004,463.5632114410141,0.0,1.1000000000000227,-101.56212000000002
4917600.0,920,iso13790,native,True,20.000000000000004,553.4325104305469,0.0,1.1000000000000227,-101.56212000000002
4921200.0,920,iso13790,native,True,20.000000000000004,636.0866581671276,0.0,1.1000000000000227,-101.56212000000002
4924800.0,920,iso13790,native,True,20.000000000000007,744.6188881815511,0.0,0.0,-101.56212000000002
4928400.0,920,iso13790,native,True,20.000000000000004,787.2679890670156,0.0,1.1000000000000227,-101.56212000000002
4932000.0,920,iso13790,native,True,19.999999999999993,865.9277447433053,0.0,0.6000000000000227,-101.56212000000002
4935600.0,920,iso13790,native,True,20.0,944.8000787762202,0.0,0.0,-101.56212000000002
4939200.0,920,iso13790,native,True,20.000000000000007,1003.8916103870233,0.0,0.0,-101.56212000000002
4942800.0,920,iso13790,native,True,20.000000000000007,1058.2389819438954,0.0,0.0,-101.56212000000002
4946400.0,920,iso13790,native,True,19.999999999999996,1090.4881877523069,0.0,0.6000000000000227,-101.56212000000002
4950000.0,920,iso13790,native,True,19.999999999999993,1099.5129294005847,0.0,1.7000000000000455,-85.96879865029793
4953600.0,920,iso13790,native,True,20.000000000000007,1042.7914032401272,0.0,3.3000000000000114,341.19551519555114
4957200.0,920,iso13790,native,True,19.99999999999999,967.8941145444481,0.0,5.0,593.3112456512079
4960800.0,920,iso13790,native,True,20.000000000000004,841.0151819470705,0.0,7.800000000000011,825.661982958709
4964400.0,920,iso13790,native,True,20.0,575.9230091132333,0.0,11.100000000000023,2046.237112403905
4968000.0,920,iso13790,native,True,19.999999999999996,248.2533491727516,0.0,13.300000000000011,3451.5677658133172
4971600.0,920,iso13790,native,True,20.0,0.31791829966791074,0.0,15.0,3468.3761552969922
4975200.0,920,iso13790,native,True,20.91428880858961,0.0,0.0,15.600000000000023,3969.2285752000657
4978800.0,920,iso13790,native,True,21.020291311003934,0.0,0.0,15.0,2281.7958064619706
4982400.0,920,iso13790,native,True,20.88233431326925,0.0,0.0,13.300000000000011,1304.8910527089208
4986000.0,920,iso13790,native,True,20.794692244881382,0.0,0.0,12.200000000000045,993.0583244287354
4989600.0,920,iso13790,native,True,20.38745805274068,0.0,0.0,11.100000000000023,48.711794926287666
4993200.0,920,iso13790,native,True,20.000000000000004,5.705435686600292,0.0,9.400000000000034,-101.56212000000002
4996800.0,920,iso13790,native,True,20.000000000000004,105.55329711627438,0.0,8.300000000000011,-101.56212000000002
5000400.0,920,iso13790,native,True,19.999999999999996,205.2431845200248,0.0,7.2000000000000455,-101.56212000000002
5004000.0,920,iso13790,native,True,20.0,287.05289053447245,0.0,6.7000000000000455,-101.56212000000002
5007600.0,920,iso13790,native,True,20.000000000000007,383.6013565812686,0.0,5.600000000000023,-101.56212000000002
5011200.0,920,iso13790,native,True,20.0,483.2125554113566,0.0,4.400000000000034,-101.56212000000002
5014800.0,920,iso13790,native,True,20.0,580.4433570184165,0.0,3.3000000000000114,-101.56212000000002
5018400.0,920,iso13790,native,True,20.000000000000004,627.4774392438399,0.0,3.900000000000034,-101.56212000000002
5022000.0,920,iso13790,native,True,20.0,684.1839348504567,0.0,3.900000000000034,-101.56212000000002
5025600.0,920,iso13790,native,True,20.000000000000004,786.58660872084,0.0,2.2000000000000455,-101.56212000000002
5029200.0,920,iso13790,native,True,19.99999999999999,875.1776537645577,0.0,1.1000000000000227,-101.56212000000002
5032800.0,920,iso13790,native,True,19.999999999999993,932.0005120601476,0.0,1.1000000000000227,-101.56212000000002
5036400.0,920,iso13790,native,True,19.999999999999993,964.7360331286641,0.0,1.7000000000000455,-83.77854065766275
5040000.0,920,iso13790,native,True,19.999999999999993,943.4052755049669,0.0,3.3000000000000114,98.01743399999998
5043600.0,920,iso13790,native,True,19.999999999999993,838.4090379985283,0.0,5.600000000000023,699.0254452189697
5047200.0,920,iso13790,native,True,19.999999999999996,653.2465686167257,0.0,8.900000000000034,1360.3396299572337
5050800.0,920,iso13790,native,True,19.999999999999996,536.7432247903048,0.0,10.0,1499.7806004680876
5054400.0,920,iso13790,native,True,19.999999999999993,404.8341230085055,0.0,8.300000000000011,2544.9461662656936
5058000.0,920,iso13790,native,True,19.999999999999996,289.8213591763012,0.0,8.300000000000011,2517.932134607022
5061600.0,920,iso13790,native,True,20.000000000000004,70.26032896811631,0.0,8.300000000000011,3637.3797384009413
5065200.0,920,iso13790,native,True,20.000000000000004,300.06346292061954,0.0,5.0,761.4846
5068800.0,920,iso13790,native,True,19.999999999999996,496.77776320486913,0.0,0.6000000000000227,324.56719799999996
5072400.0,920,iso13790,native,True,19.999999999999996,582.827614465035,0.0,0.6000000000000227,114.19955999999999
5076000.0,920,iso13790,native,True,19.999999999999993,670.9557079176095,0.0,0.6000000000000227,-58.40978400000001
5079600.0,920,iso13790,native,True,19.999999999999996,749.467768429616,0.0,0.6000000000000227,-101.56212000000002
5083200.0,920,iso13790,native,True,19.999999999999996,819.9551943432998,0.0,0.6000000000000227,-101.56212000000002
5086800.0,920,iso13790,native,True,19.999999999999996,884.7835415157792,0.0,0.6000000000000227,-101.56212000000002
5090400.0,920,iso13790,native,True,19.999999999999986,911.8931831954104,0.0,1.7000000000000455,-101.56212000000002
5094000.0,920,iso13790,native,True,20.000000000000004,928.9680234155662,0.0,2.8000000000000114,-101.56212000000002
5097600.0,920,iso13790,native,True,20.000000000000004,936.8137056066133,0.0,3.900000000000034,-101.56212000000002
5101200.0,920,iso13790,native,True,19.999999999999996,936.1711921646811,0.0,5.0,-101.56212000000002
5104800.0,920,iso13790,native,True,20.000000000000004,927.721957364582,0.0,6.100000000000023,-101.56212000000002
5108400.0,920,iso13790,native,True,20.000000000000007,912.092763360043,0.0,7.2000000000000455,-101.56212000000002
5112000.0,920,iso13790,native,True,20.000000000000007,889.8600527430568,0.0,8.300000000000011,-101.56212000000002
5115600.0,920,iso13790,native,True,19.999999999999993,973.874960337559,0.0,5.600000000000023,-101.56212000000002
5119200.0,920,iso13790,native,True,20.000000000000004,1026.096078465866,0.0,4.400000000000034,-101.56212000000002
5122800.0,920,iso13790,native,True,20.000000000000004,1043.0616216765577,0.0,4.400000000000034,-60.183724923652264
5126400.0,920,iso13790,native,True,20.000000000000014,978.3515723804715,0.0,6.100000000000023,254.83032948846298
5130000.0,920,iso13790,native,True,20.000000000000004,866.2360851701868,0.0,7.2000000000000455,957.6254060463957
5133600.0,920,iso13790,native,True,20.000000000000007,608.8044185569493,0.0,11.100000000000023,1868.7413984971113
5137200.0,920,iso13790,native,True,20.000000000000004,394.2011396804942,0.0,12.800000000000011,2378.7755816563404
5140800.0,920,iso13790,native,True,20.0,28.443304984403632,0.0,15.0,3985.917663173468
5144400.0,920,iso13790,native,True,20.55404197779079,0.0,0.0,14.400000000000034,3777.3319753222677
5148000.0,920,iso13790,native,True,21.089777725848883,0.0,0.0,14.400000000000034,3289.4610287922033
5151600.0,920,iso13790,native,True,20.937444457040296,0.0,0.0,14.400000000000034,1212.378326470775
5155200.0,920,iso13790,native,True,20.78917889121469,0.0,0.0,13.300000000000011,712.938222
5158800.0,920,iso13790,native,True,20.521494162676127,0.0,0.0,12.200000000000045,249.05060999999992
5162400.0,920,iso13790,native,True,20.259180770839748,0.0,0.0,11.700000000000045,-36.83361600000002
5166000.0,920,iso13790,native,True,20.000000000000004,245.98054484759362,0.0,2.8000000000000114,-101.56212000000002
5169600.0,920,iso13790,native,True,20.000000000000004,441.6715128308093,0.0,-0.5999999999999659,-101.56212000000002
5173200.0,920,iso13790,native,True,20.000000000000004,577.9570050429052,0.0,-1.6999999999999886,-101.56212000000002
5176800.0,920,iso13790,native,True,20.0,711.1591302378064,0.0,-2.7999999999999545,-101.56212000000002
5180400.0,920,iso13790,native,True,19.999999999999996,841.5254363506584,0.0,-3.8999999999999773,-101.56212000000002
5184000.0,920,iso13790,native,True,19.999999999999996,936.7696313982374,0.0,-3.8999999999999773,-101.56212000000002
5187600.0,920,iso13790,native,True,20.000000000000007,1039.1462272355698,0.0,-4.399999999999977,-101.56212000000002
5191200.0,920,iso13790,native,True,19.999999999999993,1139.8312963466024,0.0,-5.0,-101.56212000000002
5194800.0,920,iso13790,native,True,19.999999999999996,1218.9843289144314,0.0,-5.0,-101.56212000000002
5198400.0,920,iso13790,native,True,20.000000000000004,1291.7825650331065,0.0,-5.0,-101.56212000000002
5202000.0,920,iso13790,native,True,20.000000000000004,1358.7361991525427,0.0,-5.0,-101.56212000000002
5205600.0,920,iso13790,native,True,20.0,1420.3144647919933,0.0,-5.0,-101.56212000000002
5209200.0,920,iso13790,native,True,19.999999999999993,1475.8627931011667,0.0,-5.0,-90.77403600000002
5212800.0,920,iso13790,native,True,19.999999999999993,1495.859665565757,0.0,-5.599999999999966,398.47532504694243
5216400.0,920,iso13790,native,True,20.000000000000014,1466.6489762930096,0.0,-3.8999999999999773,432.448038
5220000.0,920,iso13790,native,True,20.00000000000001,1381.8131914459964,0.0,-1.6999999999999886,754.280630164829
5223600.0,920,iso13790,native,True,19.999999999999993,1179.9176982164076,0.0,1.1000000000000227,1779.8879675715007
5227200.0,920,iso13790,native,True,20.000000000000004,978.0015274198324,0.0,1.7000000000000455,2794.6525256758823
5230800.0,920,iso13790,native,True,19.99999999999999,714.2284839895012,0.0,5.0,3136.851828454377
5234400.0,920,iso13790,native,True,20.000000000000004,522.5479081508151,0.0,6.7000000000000455,3002.291136690996
5238000.0,920,iso13790,native,True,19.999999999999996,433.8105334932595,0.0,6.7000000000000455,2457.812252215723
5241600.0,920,iso13790,native,True,19.999999999999996,466.5679519396202,0.0,6.100000000000023,1282.2476610712463
5245200.0,920,iso13790,native,True,20.000000000000004,540.7796390980541,0.0,5.0,567.9878248365753
5248800.0,920,iso13790,native,True,20.000000000000004,640.3322488611867,0.0,2.8000000000000114,375.1191671756314
5252400.0,920,iso13790,native,True,19.999999999999993,773.1281430768454,0.0,1.1000000000000227,-101.56212000000002
5256000.0,920,iso13790,native,True,19.999999999999993,838.144040187473,0.0,1.1000000000000227,-101.56212000000002
5259600.0,920,iso13790,native,True,20.0,912.7192151658606,0.0,0.6000000000000227,-101.56212000000002
5263200.0,920,iso13790,native,True,20.0,937.5860429701781,0.0,1.7000000000000455,-101.56212000000002
5266800.0,920,iso13790,native,True,20.0,970.3330237903536,0.0,2.2000000000000455,-101.56212000000002
5270400.0,920,iso13790,native,True,19.999999999999996,979.1440678799954,0.0,3.3000000000000114,-101.56212000000002
5274000.0,920,iso13790,native,True,20.0,929.140556468971,0.0,6.100000000000023,-101.56212000000002
5277600.0,920,iso13790,native,True,20.000000000000004,1108.4812636046915,0.0,0.6000000000000227,-101.56212000000002
5281200.0,920,iso13790,native,True,19.999999999999996,1135.3662374472087,0.0,1.1000000000000227,-101.56212000000002
5284800.0,920,iso13790,native,True,20.0,1203.8138365307093,0.0,0.0,-101.56212000000002
5288400.0,920,iso13790,native,True,20.000000000000004,1061.805746175872,0.0,6.100000000000023,-101.56212000000002
5292000.0,920,iso13790,native,True,19.999999999999993,1082.7046840639316,0.0,5.600000000000023,-101.56212000000002
5295600.0,920,iso13790,native,True,19.999999999999993,1182.705269085914,0.0,2.2000000000000455,-17.025086381638125
5299200.0,920,iso13790,native,True,19.999999999999993,970.1343341066188,0.0,8.900000000000034,317.37597245128876
5302800.0,920,iso13790,native,True,20.0,809.3124495036185,0.0,10.600000000000023,1097.9048074504556
5306400.0,920,iso13790,native,True,19.999999999999993,556.0576126485507,0.0,12.800000000000011,2186.0719374158516
5310000.0,920,iso13790,native,True,19.999999999999996,282.7512728423735,0.0,13.300000000000011,3361.316567605056
5313600.0,920,iso13790,native,True,20.093019144776537,0.0,0.0,14.400000000000034,4186.879574206686
5317200.0,920,iso13790,native,True,21.193756970309217,0.0,0.0,15.600000000000023,4644.776065618399
5320800.0,920,iso13790,native,True,21.591024490410422,0.0,0.0,16.100000000000023,3059.844373496602
5324400.0,920,iso13790,native,True,22.132638939911132,0.0,0.0,16.700000000000045,2798.412409910106
5328000.0,920,iso13790,native,True,22.78311477300921,0.0,0.0,17.200000000000045,3024.1030420994316
5331600.0,920,iso13790,native,True,22.400999198885135,0.0,0.0,16.100000000000023,709.8746236544325
5335200.0,920,iso13790,native,True,22.125044522037488,0.0,0.0,15.0,140.42818956125564
5338800.0,920,iso13790,native,True,21.822291812065302,0.0,0.0,13.900000000000034,-101.56212000000002
5342400.0,920,iso13790,native,True,21.649237923534063,0.0,0.0,13.900000000000034,-101.56212000000002
5346000.0,920,iso13790,native,True,21.249328420463613,0.0,0.0,11.700000000000045,-101.56212000000002
5349600.0,920,iso13790,native,True,20.91931336911945,0.0,0.0,10.600000000000023,-101.56212000000002
5353200.0,920,iso13790,native,True,20.737920055406995,0.0,0.0,11.100000000000023,-101.56212000000002
5356800.0,920,iso13790,native,True,20.52128035753624,0.0,0.0,11.100000000000023,-101.56212000000002
5360400.0,920,iso13790,native,True,20.31014442576599,0.0,0.0,11.100000000000023,-101.56212000000002
5364000.0,920,iso13790,native,True,20.000000000000004,3.164505466329346,0.0,10.0,-101.56212000000002
5367600.0,920,iso13790,native,True,19.999999999999993,33.90208577035957,0.0,11.100000000000023,-101.56212000000002
5371200.0,920,iso13790,native,True,19.999999999999996,119.3415268757247,0.0,10.0,-101.56212000000002
5374800.0,920,iso13790,native,True,19.999999999999996,205.7797731125084,0.0,8.900000000000034,-101.56212000000002
5378400.0,920,iso13790,native,True,20.000000000000004,310.8715257694691,0.0,7.2000000000000455,-101.56212000000002
5382000.0,920,iso13790,native,True,19.999999999999993,237.47454411998194,0.0,10.600000000000023,210.81322898668682
5385600.0,920,iso13790,native,True,20.000000000000004,186.20495197371523,0.0,12.800000000000011,284.3745842393099
5389200.0,920,iso13790,native,True,20.000000000000004,81.37142996421504,0.0,13.900000000000034,1053.2736804127442
5392800.0,920,iso13790,native,True,20.524780761174902,0.0,0.0,16.100000000000023,2273.201562169953
5396400.0,920,iso13790,native,True,20.698537594466515,0.0,0.0,16.700000000000045,1383.6462832986278
5400000.0,920,iso13790,native,True,21.64391995810418,0.0,0.0,17.80000000000001,3009.3441238912023
5403600.0,920,iso13790,native,True,22.571974827770283,0.0,0.0,18.900000000000034,3594.077878197785
5407200.0,920,iso13790,native,True,22.933692888987313,0.0,0.0,19.400000000000034,2407.9018367155268
5410800.0,920,iso13790,native,True,23.307372699585606,0.0,0.0,18.30000000000001,2431.2788160436057
5414400.0,920,iso13790,native,True,23.468474270294184,0.0,0.0,18.900000000000034,1452.2691643723365
5418000.0,920,iso13790,native,True,23.506134031556982,0.0,0.0,18.30000000000001,1040.77158451985
5421600.0,920,iso13790,native,True,23.230876729447047,0.0,0.0,17.200000000000045,195.78836783440897
5425200.0,920,iso13790,native,True,23.011137284352444,0.0,0.0,16.700000000000045,-101.56212000000002
5428800.0,920,iso13790,native,True,22.700320247588692,0.0,0.0,15.0,-101.56212000000002
5432400.0,920,iso13790,native,True,22.532905582080048,0.0,0.0,15.0,-101.56212000000002
5436000.0,920,iso13790,native,True,22.306675364814602,0.0,0.0,14.400000000000034,-101.56212000000002
5439600.0,920,iso13790,native,True,22.081460924573392,0.0,0.0,13.900000000000034,-101.56212000000002
5443200.0,920,iso13790,native,True,21.901822803375026,0.0,0.0,13.900000000000034,-101.56212000000002
5446800.0,920,iso13790,native,True,21.663679669262525,0.0,0.0,13.300000000000011,-101.56212000000002
5450400.0,920,iso13790,native,True,21.426854961728086,0.0,0.0,12.800000000000011,-101.56212000000002
5454000.0,920,iso13790,native,True,21.17283278587635,0.0,0.0,12.200000000000045,-101.56212000000002
5457600.0,920,iso13790,native,True,20.920532446192382,0.0,0.0,11.700000000000045,-101.56212000000002
5461200.0,920,iso13790,native,True,20.651427799095813,0.0,0.0,11.100000000000023,-101.56212000000002
5464800.0,920,iso13790,native,True,20.50005419885472,0.0,0.0,11.700000000000045,-101.56212000000002
5468400.0,920,iso13790,native,True,20.364982889312692,0.0,0.0,12.200000000000045,-79.98595200000001
5472000.0,920,iso13790,native,True,20.11108171038761,0.0,0.0,10.600000000000023,168.13997999999998
5475600.0,920,iso13790,native,True,20.0,31.13266674250448,0.0,8.900000000000034,480.994416
5479200.0,920,iso13790,native,True,20.0,126.54777123533255,0.0,6.100000000000023,687.578955824884
5482800.0,920,iso13790,native,True,20.000000000000004,56.47600736800257,0.0,7.800000000000011,1214.584128
5486400.0,920,iso13790,native,True,20.000000000000004,66.90468600243413,0.0,7.800000000000011,1058.15691
5490000.0,920,iso13790,native,True,20.102517630603458,0.0,0.0,7.2000000000000455,2218.473867094185
5493600.0,920,iso13790,native,True,20.000000000000004,134.71334061019252,0.0,3.900000000000034,998.8224479999999
5497200.0,920,iso13790,native,True,20.000000000000004,294.21502299455585,0.0,0.6000000000000227,675.179928
5500800.0,920,iso13790,native,True,20.0,330.7525424959812,0.0,1.7000000000000455,583.481214
5504400.0,920,iso13790,native,True,20.0,401.53017937568904,0.0,2.2000000000000455,276.02082
5508000.0,920,iso13790,native,True,20.0,495.43687853953827,0.0,2.2000000000000455,-20.65149000000001
5511600.0,920,iso13790,native,True,20.0,578.1163313610339,0.0,2.2000000000000455,-101.56212000000002
5515200.0,920,iso13790,native,True,20.000000000000004,665.7095097595517,0.0,1.7000000000000455,-101.56212000000002
5518800.0,920,iso13790,native,True,19.999999999999993,735.0631569113193,0.0,1.7000000000000455,-101.56212000000002
5522400.0,920,iso13790,native,True,19.999999999999993,798.848750681453,0.0,1.7000000000000455,-101.56212000000002
5526000.0,920,iso13790,native,True,20.000000000000004,857.5133219001116,0.0,1.7000000000000455,-101.56212000000002
5529600.0,920,iso13790,native,True,20.000000000000004,911.468011554191,0.0,1.7000000000000455,-101.56212000000002
5533200.0,920,iso13790,native,True,19.999999999999993,961.0909522012402,0.0,1.7000000000000455,-101.56212000000002
5536800.0,920,iso13790,native,True,19.999999999999993,1006.7299180492168,0.0,1.7000000000000455,-101.56212000000002
5540400.0,920,iso13790,native,True,19.999999999999993,1066.4396525732823,0.0,1.1000000000000227,-101.56212000000002
5544000.0,920,iso13790,native,True,20.000000000000007,1122.6861280706535,0.0,0.6000000000000227,-101.56212000000002
5547600.0,920,iso13790,native,True,20.000000000000004,1180.9446307729575,0.0,0.0,-101.56212000000002
5551200.0,920,iso13790,native,True,19.999999999999993,1253.5912768064368,0.0,-1.099999999999966,-101.56212000000002
5554800.0,920,iso13790,native,True,19.999999999999996,1287.6515545676862,0.0,-1.099999999999966,-21.125257147388297
5558400.0,920,iso13790,native,True,19.999999999999996,1296.3688906663347,0.0,-1.099999999999966,235.3039369125032
5562000.0,920,iso13790,native,True,20.000000000000007,1260.3776747292873,0.0,-1.099999999999966,774.0213631834702
5565600.0,920,iso13790,native,True,20.000000000000004,1246.5031986214508,0.0,-2.7999999999999545,1295.5866972515337
5569200.0,920,iso13790,native,True,20.000000000000004,981.0433005563157,0.0,-0.5999999999999659,2987.820556631765
5572800.0,920,iso13790,native,True,20.000000000000004,700.5849251813296,0.0,1.7000000000000455,3833.4793394464127
5576400.0,920,iso13790,native,True,20.000000000000004,400.9560860891641,0.0,2.8000000000000114,4771.694039296884
5580000.0,920,iso13790,native,True,20.000000000000004,162.58183913634207,0.0,3.900000000000034,4695.8798058091015
5583600.0,920,iso13790,native,True,20.000000000000004,17.819529099885752,0.0,5.0,3848.068419551451
5587200.0,920,iso13790,native,True,20.338967873393273,0.0,0.0,5.0,3558.378507579284
5590800.0,920,iso13790,native,True,20.042614403470143,0.0,0.0,2.8000000000000114,2176.290863327664
5594400.0,920,iso13790,native,True,19.999999999999993,184.5162502834347,0.0,1.1000000000000227,492.96996384790594
5598000.0,920,iso13790,native,True,19.999999999999993,335.28311467908827,0.0,0.6000000000000227,-101.56212000000002
5601600.0,920,iso13790,native,True,19.999999999999993,456.7582208547563,0.0,0.0,-101.56212000000002
5605200.0,920,iso13790,native,True,20.0,572.7670539130337,0.0,-0.5999999999999659,-101.56212000000002
5608800.0,920,iso13790,native,True,20.000000000000004,666.0135829631623,0.0,-0.5999999999999659,-101.56212000000002
5612400.0,920,iso13790,native,True,20.000000000000004,751.7738200484692,0.0,-0.5999999999999659,-101.56212000000002
5616000.0,920,iso13790,native,True,19.999999999999993,863.162767215458,0.0,-1.6999999999999886,-101.56212000000002
5619600.0,920,iso13790,native,True,19.999999999999996,940.9531994363817,0.0,-1.6999999999999886,-101.56212000000002
5623200.0,920,iso13790,native,True,19.999999999999993,1045.0121970421817,0.0,-2.7999999999999545,-101.56212000000002
5626800.0,920,iso13790,native,True,19.999999999999982,1130.840239509435,0.0,-3.2999999999999545,-101.56212000000002
5630400.0,920,iso13790,native,True,19.999999999999986,1183.7913893130224,0.0,-2.7999999999999545,-101.56212000000002
5634000.0,920,iso13790,native,True,20.00000000000001,1276.2124429915727,0.0,-3.8999999999999773,-101.56212000000002
5637600.0,920,iso13790,native,True,20.000000000000004,1351.336893158348,0.0,-4.399999999999977,-101.56212000000002
5641200.0,920,iso13790,native,True,20.000000000000014,1391.161977441834,0.0,-4.399999999999977,77.8292559125776
5644800.0,920,iso13790,native,True,20.00000000000001,1388.4700635866172,0.0,-3.8999999999999773,392.6555170389942
5648400.0,920,iso13790,native,True,20.000000000000007,1294.141491678051,0.0,-2.1999999999999886,1041.940085477128
5652000.0,920,iso13790,native,True,20.000000000000004,1046.9636186227488,0.0,0.6000000000000227,2449.0214256716217
5655600.0,920,iso13790,native,True,20.000000000000004,801.0060782285657,0.0,2.2000000000000455,3345.1203844775764
5659200.0,920,iso13790,native,True,19.999999999999993,561.6424029343027,0.0,2.2000000000000455,4187.00660159762
5662800.0,920,iso13790,native,True,19.999999999999996,244.55354966995353,0.0,3.900000000000034,4984.350467064792
5666400.0,920,iso13790,native,True,20.081850138215774,0.0,0.0,5.0,5116.789185526169
5670000.0,920,iso13790,native,True,20.77574803319739,0.0,0.0,5.0,4895.402333524796
5673600.0,920,iso13790,native,True,21.25499112082988,0.0,0.0,5.0,4257.387195050362
5677200.0,920,iso13790,native,True,21.290716766044916,0.0,0.0,3.900000000000034,3122.798474608302
5680800.0,920,iso13790,native,True,20.793232976769175,0.0,0.0,2.8000000000000114,1264.5887190398562
5684400.0,920,iso13790,native,True,19.999999999999996,2.2950776318971235,0.0,1.1000000000000227,-101.56212000000002
5688000.0,920,iso13790,native,True,20.000000000000004,129.19726094366737,0.0,1.1000000000000227,-101.56212000000002
5691600.0,920,iso13790,native,True,20.0,245.91111011664395,0.0,1.1000000000000227,-101.56212000000002
5695200.0,920,iso13790,native,True,20.0,368.0336701918883,0.0,0.6000000000000227,-101.56212000000002
5698800.0,920,iso13790,native,True,20.0,519.3933655393969,0.0,-1.099999999999966,-101.56212000000002
5702400.0,920,iso13790,native,True,19.999999999999993,620.4969549942837,0.0,-1.099999999999966,-101.56212000000002
5706000.0,920,iso13790,native,True,19.999999999999996,698.704373614522,0.0,-0.5999999999999659,-101.56212000000002
5709600.0,920,iso13790,native,True,20.000000000000004,731.5911766968163,0.0,1.1000000000000227,-101.56212000000002
5713200.0,920,iso13790,native,True,19.999999999999993,814.7209418986058,0.0,0.6000000000000227,-101.56212000000002
5716800.0,920,iso13790,native,True,20.000000000000004,897.7044110116751,0.0,0.0,-101.56212000000002
5720400.0,920,iso13790,native,True,20.000000000000004,960.5770154704956,0.0,0.0,-101.56212000000002
5724000.0,920,iso13790,native,True,19.999999999999993,1000.6670063711384,0.0,0.6000000000000227,-101.56212000000002
5727600.0,920,iso13790,native,True,20.000000000000004,1008.9045339885314,0.0,1.1000000000000227,169.6304421383926
5731200.0,920,iso13790,native,True,20.000000000000004,971.650206573934,0.0,2.8000000000000114,334.57437963535733
5734800.0,920,iso13790,native,True,20.000000000000004,863.0215448355664,0.0,3.900000000000034,1194.09068953933
5738400.0,920,iso13790,native,True,19.999999999999996,662.4842028404461,0.0,5.0,2456.0934855804758
5742000.0,920,iso13790,native,True,19.999999999999993,406.36270408473706,0.0,6.100000000000023,3590.056219038681
5745600.0,920,iso13790,native,True,20.000000000000004,212.49833269851553,0.0,6.7000000000000455,3693.939690679603
5749200.0,920,iso13790,native,True,19.999999999999996,28.224226059839804,0.0,7.800000000000011,3605.0678077383477
5752800.0,920,iso13790,native,True,20.810011795574045,0.0,0.0,7.800000000000011,4674.11245354681
5756400.0,920,iso13790,native,True,21.212810366808537,0.0,0.0,7.2000000000000455,3936.103205521925
5760000.0,920,iso13790,native,True,21.678053975826067,0.0,0.0,7.2000000000000455,3713.118087913715
5763600.0,920,iso13790,native,True,21.359853304413434,0.0,0.0,5.600000000000023,1939.336860973537
5767200.0,920,iso13790,native,True,20.719837742669583,0.0,0.0,3.3000000000000114,634.189352018883
5770800.0,920,iso13790,native,True,20.14857156349033,0.0,0.0,2.8000000000000114,-101.56212000000002
5774400.0,920,iso13790,native,True,20.0,91.95983676695019,0.0,2.2000000000000455,-101.56212000000002
5778000.0,920,iso13790,native,True,19.999999999999996,218.58406003330197,0.0,1.7000000000000455,-101.56212000000002
5781600.0,920,iso13790,native,True,20.000000000000004,374.08400281393557,0.0,0.0,-101.56212000000002
5785200.0,920,iso13790,native,True,19.999999999999996,529.2442960321545,0.0,-1.6999999999999886,-101.56212000000002
5788800.0,920,iso13790,native,True,20.00000000000001,713.6503589301593,0.0,-4.399999999999977,-101.56212000000002
5792400.0,920,iso13790,native,True,19.999999999999993,775.4399131158372,0.0,-2.7999999999999545,-101.56212000000002
5796000.0,920,iso13790,native,True,20.000000000000004,882.9105501509991,0.0,-3.2999999999999545,-101.56212000000002
5799600.0,920,iso13790,native,True,20.000000000000007,988.2806856693173,0.0,-3.8999999999999773,-101.56212000000002
5803200.0,920,iso13790,native,True,20.000000000000018,1086.5217196190683,0.0,-4.399999999999977,-101.56212000000002
5806800.0,920,iso13790,native,True,20.000000000000007,1150.889284632104,0.0,-3.8999999999999773,-101.56212000000002
5810400.0,920,iso13790,native,True,20.000000000000004,1203.561331467233,0.0,-3.2999999999999545,-101.56212000000002
5814000.0,920,iso13790,native,True,19.999999999999986,1230.3505894488542,0.0,-3.2999999999999545,247.09720803627923
5817600.0,920,iso13790,native,True,20.000000000000004,1180.741765128325,0.0,-0.5999999999999659,330.01381222998305
5821200.0,920,iso13790,native,True,19.999999999999996,977.5029264827148,0.0,3.900000000000034,1208.323634692521
5824800.0,920,iso13790,native,True,20.000000000000004,701.0376682897526,0.0,7.2000000000000455,2478.7059268215526
5828400.0,920,iso13790,native,True,19.999999999999993,356.9879820468397,0.0,10.600000000000023,3610.2645974703487
5832000.0,920,iso13790,native,True,20.016895002333932,0.0,0.0,13.300000000000011,4472.90189126302
5835600.0,920,iso13790,native,True,21.223077346304084,0.0,0.0,15.0,4978.46586277094
5839200.0,920,iso13790,native,True,22.164710034445015,0.0,0.0,14.400000000000034,5080.087679249808
5842800.0,920,iso13790,native,True,23.028097327872594,0.0,0.0,15.0,4658.8916095776
5846400.0,920,iso13790,native,True,23.60111228754436,0.0,0.0,14.400000000000034,4051.9889648276894
5850000.0,920,iso13790,native,True,23.707090038341782,0.0,0.0,12.800000000000011,2883.904883348076
5853600.0,920,iso13790,native,True,23.078622649315456,0.0,0.0,10.600000000000023,666.9824384087923
5857200.0,920,iso13790,native,True,22.55465683440948,0.0,0.0,9.400000000000034,-101.56212000000002
5860800.0,920,iso13790,native,True,22.133047839291983,0.0,0.0,8.300000000000011,-101.56212000000002
5864400.0,920,iso13790,native,True,21.64164692237821,0.0,0.0,6.7000000000000455,-101.56212000000002
5868000.0,920,iso13790,native,True,21.22719644891375,0.0,0.0,6.100000000000023,-101.56212000000002
5871600.0,920,iso13790,native,True,20.934169556221118,0.0,0.0,6.7000000000000455,-101.56212000000002
5875200.0,920,iso13790,native,True,20.653318696257102,0.0,0.0,7.2000000000000455,-101.56212000000002
5878800.0,920,iso13790,native,True,20.402816935024667,0.0,0.0,7.800000000000011,-101.56212000000002
5882400.0,920,iso13790,native,True,20.163410848769026,0.0,0.0,8.300000000000011,-101.56212000000002
5886000.0,920,iso13790,native,True,20.000000000000004,13.131741973923418,0.0,8.900000000000034,-101.56212000000002
5889600.0,920,iso13790,native,True,19.999999999999996,101.17626465263845,0.0,8.300000000000011,-101.56212000000002
5893200.0,920,iso13790,native,True,20.0,183.4826715453971,0.0,7.800000000000011,-101.56212000000002
5896800.0,920,iso13790,native,True,20.0,233.19492007433834,0.0,8.300000000000011,-101.56212000000002
5900400.0,920,iso13790,native,True,20.0,260.12582921823275,0.0,8.900000000000034,20.235496157948816
5904000.0,920,iso13790,native,True,19.999999999999996,203.6016744988048,0.0,10.600000000000023,510.41849987930823
5907600.0,920,iso13790,native,True,20.000000000000004,59.90940615704927,0.0,13.300000000000011,1201.291735474147
5911200.0,920,iso13790,native,True,20.598334639374816,0.0,0.0,16.100000000000023,2207.647348468617
5914800.0,920,iso13790,native,True,21.54139653106412,0.0,0.0,17.200000000000045,3364.796517323194
5918400.0,920,iso13790,native,True,22.657365252507383,0.0,0.0,18.30000000000001,4295.0583152920135
5922000.0,920,iso13790,native,True,23.61428119133602,0.0,0.0,18.900000000000034,4367.315152720891
5925600.0,920,iso13790,native,True,24.462692297105257,0.0,0.0,19.400000000000034,4147.56999562558
5929200.0,920,iso13790,native,True,25.144075751913235,0.0,0.0,19.400000000000034,3765.509338415649
5932800.0,920,iso13790,native,True,25.595035489083617,0.0,0.0,18.30000000000001,3341.8519851023575
5936400.0,920,iso13790,native,True,25.608633120248864,0.0,0.0,17.80000000000001,1886.329013124604
5940000.0,920,iso13790,native,True,25.00182010066728,0.0,0.0,15.0,288.51882817246434
5943600.0,920,iso13790,native,True,24.489349353439053,0.0,0.0,12.800000000000011,-101.56212000000002
5947200.0,920,iso13790,native,True,24.041897980687633,0.0,0.0,11.100000000000023,-101.56212000000002
5950800.0,920,iso13790,native,True,23.68876290625939,0.0,0.0,10.600000000000023,-101.56212000000002
5954400.0,920,iso13790,native,True,23.38445399500188,0.0,0.0,10.600000000000023,-101.56212000000002
5958000.0,920,iso13790,native,True,23.08787610020312,0.0,0.0,10.600000000000023,-101.56212000000002
5961600.0,920,iso13790,native,True,22.672695318048618,0.0,0.0,9.400000000000034,-101.56212000000002
5965200.0,920,iso13790,native,True,22.248087536415106,0.0,0.0,8.300000000000011,-101.56212000000002
5968800.0,920,iso13790,native,True,21.985016093832442,0.0,0.0,8.900000000000034,-101.56212000000002
5972400.0,920,iso13790,native,True,21.61773362288888,0.0,0.0,8.300000000000011,-101.56212000000002
5976000.0,920,iso13790,native,True,21.139424345887928,0.0,0.0,6.7000000000000455,-101.56212000000002
5979600.0,920,iso13790,native,True,20.968984993331922,0.0,0.0,8.300000000000011,-101.56212000000002
5983200.0,920,iso13790,native,True,20.444088530752587,0.0,0.0,6.100000000000023,-101.56212000000002
5986800.0,920,iso13790,native,True,20.13346093506709,0.0,0.0,5.600000000000023,116.65891001069673
5990400.0,920,iso13790,native,True,20.54308918283958,0.0,0.0,11.700000000000045,290.56990129235606
5994000.0,920,iso13790,native,True,20.926015246326493,0.0,0.0,13.300000000000011,1202.2687357749924
5997600.0,920,iso13790,native,True,21.657765500195424,0.0,0.0,15.600000000000023,2245.8900024119894
6001200.0,920,iso13790,native,True,22.53455492248709,0.0,0.0,16.700000000000045,3305.5001688435573
6004800.0,920,iso13790,native,True,23.326843163730878,0.0,0.0,16.700000000000045,3796.412078008728
6008400.0,920,iso13790,native,True,23.76079122389305,0.0,0.0,16.700000000000045,3046.2725288873253
6012000.0,920,iso13790,native,True,24.990274537346295,0.0,0.0,18.30000000000001,4532.076819153515
6015600.0,920,iso13790,native,True,24.942421421875096,0.0,0.0,18.30000000000001,1996.5549011955654
6019200.0,920,iso13790,native,True,24.953224518439914,0.0,0.0,15.600000000000023,1945.1050240818388
6022800.0,920,iso13790,native,True,24.684918752663314,0.0,0.0,14.400000000000034,897.1274954925382
6026400.0,920,iso13790,native,True,24.196066683667592,0.0,0.0,12.800000000000011,49.471055999999976
6030000.0,920,iso13790,native,True,23.38776362634707,0.0,0.0,7.800000000000011,-101.56212000000002
6033600.0,920,iso13790,native,True,22.61002034060127,0.0,0.0,3.900000000000034,-101.56212000000002
6037200.0,920,iso13790,native,True,22.047276448962748,0.0,0.0,2.8000000000000114,-101.56212000000002
6040800.0,920,iso13790,native,True,21.702135556341318,0.0,0.0,3.900000000000034,-101.56212000000002
6044400.0,920,iso13790,native,True,21.330639950690323,0.0,0.0,4.400000000000034,-101.56212000000002
6048000.0,920,iso13790,native,True,20.813101501849864,0.0,0.0,3.3000000000000114,-101.56212000000002
6051600.0,920,iso13790,native,True,20.228208234295483,0.0,0.0,1.7000000000000455,-101.56212000000002
6055200.0,920,iso13790,native,True,20.000000000000004,27.744424733931442,0.0,2.8000000000000114,-101.56212000000002
6058800.0,920,iso13790,native,True,20.0,205.48668587031597,0.0,0.6000000000000227,-101.56212000000002
6062400.0,920,iso13790,native,True,20.000000000000007,337.38249051006716,0.0,0.0,-101.56212000000002
6066000.0,920,iso13790,native,True,20.000000000000004,462.9753968842911,0.0,-0.5999999999999659,-101.56212000000002
6069600.0,920,iso13790,native,True,20.000000000000007,579.815617750606,0.0,-1.099999999999966,-101.56212000000002
6073200.0,920,iso13790,native,True,20.000000000000007,655.1088319410633,0.0,-1.099999999999966,106.61879555098739
6076800.0,920,iso13790,native,True,20.000000000000004,607.1658438500401,0.0,2.2000000000000455,384.2694446638739
6080400.0,920,iso13790,native,True,20.000000000000004,462.71982537500526,0.0,5.600000000000023,1227.5123145102134
6084000.0,920,iso13790,native,True,20.000000000000004,270.4954416011187,0.0,7.2000000000000455,2438.5591198559478
6087600.0,920,iso13790,native,True,19.999999999999996,35.69983003699493,0.0,8.300000000000011,3527.767650588605
6091200.0,920,iso13790,native,True,20.807011048142883,0.0,0.0,9.400000000000034,4344.969039256677
6094800.0,920,iso13790,native,True,21.6721003064564,0.0,0.0,9.400000000000034,4806.993527931192
6098400.0,920,iso13790,native,True,22.44099315565647,0.0,0.0,9.400000000000034,4782.752030158195
6102000.0,920,iso13790,native,True,22.958945476401105,0.0,0.0,9.400000000000034,4126.8199391628805
6105600.0,920,iso13790,native,True,22.981739068897244,0.0,0.0,8.300000000000011,2843.6431732900073
6109200.0,920,iso13790,native,True,22.59012124575426,0.0,0.0,7.2000000000000455,1257.4525719622407
6112800.0,920,iso13790,native,True,21.827129537304245,0.0,0.0,3.900000000000034,287.90351622427295
6116400.0,920,iso13790,native,True,21.165959612648262,0.0,0.0,2.2000000000000455,-101.56212000000002
6120000.0,920,iso13790,native,True,20.659782291008753,0.0,0.0,1.7000000000000455,-101.56212000000002
6123600.0,920,iso13790,native,True,20.143250447202455,0.0,0.0,1.1000000000000227,-101.56212000000002
6127200.0,920,iso13790,native,True,20.000000000000004,120.34184677557444,0.0,0.0,-101.56212000000002
6130800.0,920,iso13790,native,True,20.000000000000004,245.62495785245082,0.0,0.0,-101.56212000000002
6134400.0,920,iso13790,native,True,19.999999999999996,378.5846122058643,0.0,-0.5999999999999659,-101.56212000000002
6138000.0,920,iso13790,native,True,19.999999999999993,519.9350324323856,0.0,-1.6999999999999886,-101.56212000000002
6141600.0,920,iso13790,native,True,20.000000000000004,640.0605579028108,0.0,-2.1999999999999886,-101.56212000000002
6145200.0,920,iso13790,native,True,20.000000000000004,757.0695849010731,0.0,-2.7999999999999545,-101.56212000000002
6148800.0,920,iso13790,native,True,20.000000000000004,866.0150826297763,0.0,-3.2999999999999545,-101.56212000000002
6152400.0,920,iso13790,native,True,19.99999999999999,955.0067794412078,0.0,-3.2999999999999545,-101.56212000000002
6156000.0,920,iso13790,native,True,20.000000000000004,1036.8537832376694,0.0,-3.2999999999999545,-101.56212000000002
6159600.0,920,iso13790,native,True,20.000000000000014,1041.296410769156,0.0,-2.1999999999999886,279.0480697137754
6163200.0,920,iso13790,native,True,20.000000000000004,897.9689504144899,0.0,3.900000000000034,348.04450679207963
6166800.0,920,iso13790,native,True,20.000000000000004,765.4902452780789,0.0,5.600000000000023,1240.8697241781656
6170400.0,920,iso13790,native,True,19.999999999999996,543.7752312838177,0.0,7.2000000000000455,2495.329211190536
6174000.0,920,iso13790,native,True,19.999999999999996,263.39596716438257,0.0,8.900000000000034,3608.9467739020215
6177600.0,920,iso13790,native,True,20.0,1.68992199584384,0.0,9.400000000000034,4319.952393212202
6181200.0,920,iso13790,native,True,20.849470757906882,0.0,0.0,9.400000000000034,4711.633024193229
6184800.0,920,iso13790,native,True,21.609839922795395,0.0,0.0,9.400000000000034,4662.791437071179
6188400.0,920,iso13790,native,True,22.03954428205277,0.0,0.0,9.400000000000034,3773.835052954738
6192000.0,920,iso13790,native,True,22.437326206010052,0.0,0.0,9.400000000000034,3362.960793563511
6195600.0,920,iso13790,native,True,22.540668436952295,0.0,0.0,8.900000000000034,2552.811381487334
6199200.0,920,iso13790,native,True,21.88829198713418,0.0,0.0,6.7000000000000455,662.9923845223743
6202800.0,920,iso13790,native,True,21.18105850276087,0.0,0.0,4.400000000000034,-99.79705774744426
6206400.0,920,iso13790,native,True,20.61451252559338,0.0,0.0,2.8000000000000114,-101.56212000000002
6210000.0,920,iso13790,native,True,20.074519152919823,0.0,0.0,1.7000000000000455,-101.56212000000002
6213600.0,920,iso13790,native,True,20.000000000000004,102.37771686346952,0.0,1.7000000000000455,-101.56212000000002
6217200.0,920,iso13790,native,True,20.000000000000004,234.69331335442797,0.0,1.1000000000000227,-101.56212000000002
6220800.0,920,iso13790,native,True,20.000000000000004,342.9374183178541,0.0,1.1000000000000227,-101.56212000000002
6224400.0,920,iso13790,native,True,20.0,442.49115183816406,0.0,1.1000000000000227,-101.56212000000002
6228000.0,920,iso13790,native,True,19.999999999999993,516.3173295643642,0.0,1.7000000000000455,-101.56212000000002
6231600.0,920,iso13790,native,True,20.000000000000004,647.913774745081,0.0,0.0,-101.56212000000002
6235200.0,920,iso13790,native,True,20.0,795.8687364763016,0.0,-2.1999999999999886,-101.56212000000002
6238800.0,920,iso13790,native,True,20.000000000000004,900.3687132483516,0.0,-2.7999999999999545,-101.56212000000002
6242400.0,920,iso13790,native,True,20.000000000000004,1015.5443393928633,0.0,-3.8999999999999773,-101.56212000000002
6246000.0,920,iso13790,native,True,20.000000000000007,1071.4796371061243,0.0,-3.2999999999999545,-26.045532000000016
6249600.0,920,iso13790,native,True,19.999999999999996,1082.5432297577586,0.0,-2.1999999999999886,215.59245359747254
6253200.0,920,iso13790,native,True,19.999999999999993,1048.2282895624262,0.0,-1.099999999999966,675.179928
6256800.0,920,iso13790,native,True,19.999999999999986,858.5175166397402,0.0,1.7000000000000455,1850.960975954693
6260400.0,920,iso13790,native,True,20.000000000000004,738.4231678676844,0.0,3.900000000000034,1754.0886148434688
6264000.0,920,iso13790,native,True,20.000000000000004,472.9468010043357,0.0,6.7000000000000455,2923.2354660219175
6267600.0,920,iso13790,native,True,20.0,355.01511897484875,0.0,6.100000000000023,2932.172665092913
6271200.0,920,iso13790,native,True,20.0,123.25064593353665,0.0,7.2000000000000455,3703.8844284139295
6274800.0,920,iso13790,native,True,20.0,78.75115327414116,0.0,7.800000000000011,2403.16911214677
6278400.0,920,iso13790,native,True,20.000000000000007,86.06115671563909,0.0,7.2000000000000455,1718.441097865199
6282000.0,920,iso13790,native,True,20.000000000000004,225.99068334083006,0.0,3.900000000000034,959.3320849009694
6285600.0,920,iso13790,native,True,20.000000000000004,370.1926929538632,0.0,2.2000000000000455,268.96886884268514
6289200.0,920,iso13790,native,True,20.0,489.2590759945842,0.0,1.7000000000000455,-101.56212000000002
6292800.0,920,iso13790,native,True,19.999999999999993,590.5139258850394,0.0,1.1000000000000227,-101.56212000000002
6296400.0,920,iso13790,native,True,19.999999999999996,684.9700696655291,0.0,0.6000000000000227,-101.56212000000002
6300000.0,920,iso13790,native,True,19.999999999999993,778.3705797357436,0.0,0.0,-101.56212000000002
6303600.0,920,iso13790,native,True,20.0,850.8238936463036,0.0,0.0,-101.56212000000002
6307200.0,920,iso13790,native,True,20.000000000000014,935.195187914851,0.0,-0.5999999999999659,-101.56212000000002
6310800.0,920,iso13790,native,True,20.00000000000001,981.6093057716535,0.0,0.0,-101.56212000000002
6314400.0,920,iso13790,native,True,20.00000000000001,1055.48050111015,0.0,-0.5999999999999659,-101.56212000000002
6318000.0,920,iso13790,native,True,20.000000000000004,1124.7514853939692,0.0,-1.099999999999966,-101.56212000000002
6321600.0,920,iso13790,native,True,20.000000000000004,1194.988824979796,0.0,-1.6999999999999886,-101.56212000000002
6325200.0,920,iso13790,native,True,20.000000000000018,1260.9176974010447,0.0,-2.1999999999999886,-101.56212000000002
6328800.0,920,iso13790,native,True,20.000000000000004,1310.3463560752161,0.0,-2.1999999999999886,-101.56212000000002
6332400.0,920,iso13790,native,True,20.00000000000001,1333.9677177172325,0.0,-1.6999999999999886,-31.43957400000002
6336000.0,920,iso13790,native,True,20.000000000000007,1306.7712629888438,0.0,-0.5999999999999659,270.62677799999994
6339600.0,920,iso13790,native,True,20.000000000000004,1286.4221893398956,0.0,-0.5999999999999659,588.875256
6343200.0,920,iso13790,native,True,20.000000000000004,1218.321451440571,0.0,0.6000000000000227,853.183314
6346800.0,920,iso13790,native,True,20.0,1108.5499436662446,0.0,2.8000000000000114,1047.368826
6350400.0,920,iso13790,native,True,19.999999999999993,883.8467852557818,0.0,4.400000000000034,2373.456743982226
6354000.0,920,iso13790,native,True,20.000000000000004,857.5155614048396,0.0,4.400000000000034,1463.9025572303472
6357600.0,920,iso13790,native,True,20.000000000000004,676.0833591678374,0.0,5.600000000000023,2312.7824011737903
6361200.0,920,iso13790,native,True,20.0,506.2930774080663,0.0,5.600000000000023,2945.312654893938
6364800.0,920,iso13790,native,True,19.999999999999996,449.371384004839,0.0,6.7000000000000455,1887.2929020997508
6368400.0,920,iso13790,native,True,19.999999999999993,514.354640270878,0.0,5.0,1046.660977513467
6372000.0,920,iso13790,native,True,20.000000000000004,583.4871982208687,0.0,3.900000000000034,565.0437384372067
6375600.0,920,iso13790,native,True,20.0,734.9896751282243,0.0,1.7000000000000455,-98.04729596061455
6379200.0,920,iso13790,native,True,19.999999999999996,831.435336336781,0.0,0.6000000000000227,-101.56212000000002
6382800.0,920,iso13790,native,True,19.999999999999993,895.3420010012225,0.0,0.6000000000000227,-101.56212000000002
6386400.0,920,iso13790,native,True,20.000000000000004,1004.3667787905777,0.0,-1.099999999999966,-101.56212000000002
6390000.0,920,iso13790,native,True,19.999999999999996,1084.2691972904718,0.0,-1.6999999999999886,-101.56212000000002
6393600.0,920,iso13790,native,True,20.0,1159.0871883476805,0.0,-2.1999999999999886,-101.56212000000002
6397200.0,920,iso13790,native,True,20.000000000000004,1234.426193602413,0.0,-2.7999999999999545,-101.56212000000002
6400800.0,920,iso13790,native,True,19.999999999999993,1290.2680695230317,0.0,-2.7999999999999545,-101.56212000000002
6404400.0,920,iso13790,native,True,19.999999999999986,1341.626683800953,0.0,-2.7999999999999545,-101.56212000000002
6408000.0,920,iso13790,native,True,20.00000000000001,1371.1270845284328,0.0,-2.1999999999999886,-101.56212000000002
6411600.0,920,iso13790,native,True,20.00000000000001,1411.707589199403,0.0,-2.1999999999999886,-101.56212000000002
6415200.0,920,iso13790,native,True,20.000000000000007,1449.030090498652,0.0,-2.1999999999999886,-101.56212000000002
6418800.0,920,iso13790,native,True,20.00000000000002,1477.925507106835,0.0,-2.1999999999999886,-47.62170000000001
6422400.0,920,iso13790,native,True,19.999999999999996,1489.2746003683983,0.0,-2.1999999999999886,124.98764399999999
6426000.0,920,iso13790,native,True,19.999999999999996,1466.2945966795226,0.0,-1.6999999999999886,378.5076179999999
6429600.0,920,iso13790,native,True,20.00000000000001,1424.8495384305434,0.0,-1.099999999999966,615.845466
6433200.0,920,iso13790,native,True,19.999999999999996,1324.6425627018778,0.0,0.6000000000000227,961.064154
6436800.0,920,iso13790,native,True,20.000000000000007,1258.1718481820099,0.0,1.1000000000000227,1074.339036
6440400.0,920,iso13790,native,True,19.999999999999996,1193.942237585269,0.0,1.7000000000000455,1085.1271199999999
6444000.0,920,iso13790,native,True,20.0,1124.9232382106914,0.0,2.8000000000000114,998.8224479999999
6447600.0,920,iso13790,native,True,19.999999999999993,1101.1226977137583,0.0,2.8000000000000114,815.4250199999999
6451200.0,920,iso13790,native,True,20.00000000000001,1098.5276479560719,0.0,2.8000000000000114,551.116962
6454800.0,920,iso13790,native,True,19.999999999999996,1053.344048862381,0.0,3.3000000000000114,724.6876229342097
6458400.0,920,iso13790,native,True,20.000000000000004,1112.1707977677763,0.0,2.2000000000000455,230.65884785162118
6462000.0,920,iso13790,native,True,19.999999999999982,1202.653334922509,0.0,0.6000000000000227,-101.56212000000002
6465600.0,920,iso13790,native,True,20.000000000000007,1272.2265655408746,0.0,-0.5999999999999659,-101.56212000000002
6469200.0,920,iso13790,native,True,20.000000000000004,1324.0961051051586,0.0,-1.099999999999966,-101.56212000000002
6472800.0,920,iso13790,native,True,20.000000000000007,1378.3290739119761,0.0,-1.6999999999999886,-101.56212000000002
6476400.0,920,iso13790,native,True,19.999999999999993,1447.2733757961444,0.0,-2.7999999999999545,-101.56212000000002
6480000.0,920,iso13790,native,True,19.999999999999993,1486.0268285226407,0.0,-2.7999999999999545,-101.56212000000002
6483600.0,920,iso13790,native,True,19.999999999999986,1521.6689626326588,0.0,-2.7999999999999545,-101.56212000000002
6487200.0,920,iso13790,native,True,19.99999999999999,1569.2286454025855,0.0,-3.2999999999999545,-101.56212000000002
6490800.0,920,iso13790,native,True,20.00000000000001,1634.2768492568002,0.0,-4.399999999999977,-101.56212000000002
6494400.0,920,iso13790,native,True,20.000000000000007,1704.9167825459147,0.0,-5.599999999999966,-101.56212000000002
6498000.0,920,iso13790,native,True,19.999999999999993,1707.5185287754803,0.0,-4.399999999999977,-101.56212000000002
6501600.0,920,iso13790,native,True,19.999999999999993,1787.0573334874907,0.0,-6.099999999999966,-101.56212000000002
6505200.0,920,iso13790,native,True,19.999999999999996,1696.034253887013,0.0,-3.8999999999999773,504.7627469349132
6508800.0,920,iso13790,native,True,19.999999999999993,1538.611536653549,0.0,1.7000000000000455,322.78498188412937
6512400.0,920,iso13790,native,True,20.000000000000007,1254.0151960329692,0.0,7.2000000000000455,1271.3801472413
6516000.0,920,iso13790,native,True,19.999999999999996,960.271526296616,0.0,9.400000000000034,2543.594978302655
6519600.0,920,iso13790,native,True,19.999999999999996,689.0724489702264,0.0,10.600000000000023,3195.444752841604
6523200.0,920,iso13790,native,True,19.999999999999993,334.8960974113844,0.0,11.700000000000045,4438.3609561236535
6526800.0,920,iso13790,native,True,20.074333965623392,0.0,0.0,13.300000000000011,5004.504642024965
6530400.0,920,iso13790,native,True,21.06858404496939,0.0,0.0,13.300000000000011,5100.329038091873
6534000.0,920,iso13790,native,True,21.79152161289951,0.0,0.0,13.300000000000011,4451.058130695191
6537600.0,920,iso13790,native,True,22.05859363002929,0.0,0.0,13.300000000000011,2971.8652159348694
6541200.0,920,iso13790,native,True,21.8405598484166,0.0,0.0,12.200000000000045,1372.78891374685
6544800.0,920,iso13790,native,True,21.685391316810048,0.0,0.0,10.0,1300.3500679388765
6548400.0,920,iso13790,native,True,21.04982095926535,0.0,0.0,8.300000000000011,-71.82887790847147
6552000.0,920,iso13790,native,True,20.634279143595986,0.0,0.0,7.2000000000000455,-101.56212000000002
6555600.0,920,iso13790,native,True,20.15300900904058,0.0,0.0,5.600000000000023,-101.56212000000002
6559200.0,920,iso13790,native,True,20.0,120.98962710176642,0.0,3.3000000000000114,-101.56212000000002
6562800.0,920,iso13790,native,True,20.000000000000004,269.9388554368911,0.0,1.7000000000000455,-101.56212000000002
6566400.0,920,iso13790,native,True,19.999999999999993,388.80181601639214,0.0,1.1000000000000227,-101.56212000000002
6570000.0,920,iso13790,native,True,20.000000000000007,549.7012602263416,0.0,-1.099999999999966,-101.56212000000002
6573600.0,920,iso13790,native,True,20.00000000000001,648.3715821829444,0.0,-1.099999999999966,-101.56212000000002
6577200.0,920,iso13790,native,True,20.0,771.634128835429,0.0,-2.1999999999999886,-101.56212000000002
6580800.0,920,iso13790,native,True,20.000000000000004,827.8309237754657,0.0,-1.099999999999966,-101.56212000000002
6584400.0,920,iso13790,native,True,20.0,921.9065127554343,0.0,-1.6999999999999886,-101.56212000000002
6588000.0,920,iso13790,native,True,20.000000000000004,994.9807069061645,0.0,-1.6999999999999886,-101.56212000000002
6591600.0,920,iso13790,native,True,19.99999999999999,934.651637877164,0.0,0.6000000000000227,489.9510356755132
6595200.0,920,iso13790,native,True,20.000000000000004,788.906092012309,0.0,6.7000000000000455,341.9834343530176
6598800.0,920,iso13790,native,True,20.000000000000004,525.5378098561856,0.0,12.200000000000045,1311.1922761878388
6602400.0,920,iso13790,native,True,20.0,298.7801892713126,0.0,13.300000000000011,2443.0987230981623
6606000.0,920,iso13790,native,True,20.000000000000004,63.821725417754756,0.0,14.400000000000034,3075.7872879135557
6609600.0,920,iso13790,native,True,21.06722859273397,0.0,0.0,16.100000000000023,4540.59511256785
6613200.0,920,iso13790,native,True,22.23474886690182,0.0,0.0,17.200000000000045,4949.302609624974
6616800.0,920,iso13790,native,True,23.156522766655723,0.0,0.0,17.200000000000045,4752.592554294821
6620400.0,920,iso13790,native,True,24.009757735837457,0.0,0.0,16.100000000000023,4871.57894934263
6624000.0,920,iso13790,native,True,24.53718435343544,0.0,0.0,15.0,4147.323121781476
6627600.0,920,iso13790,native,True,24.78987345637119,0.0,0.0,14.400000000000034,3061.704484751592
6631200.0,920,iso13790,native,True,24.457998855348478,0.0,0.0,12.800000000000011,1352.9676672619892
6634800.0,920,iso13790,native,True,23.582507405497374,0.0,0.0,8.900000000000034,-77.13838020762961
6638400.0,920,iso13790,native,True,23.002992511321928,0.0,0.0,6.7000000000000455,-101.56212000000002
6642000.0,920,iso13790,native,True,22.50139954585231,0.0,0.0,5.600000000000023,-101.56212000000002
6645600.0,920,iso13790,native,True,22.100229992262125,0.0,0.0,5.600000000000023,-101.56212000000002
6649200.0,920,iso13790,native,True,21.583114719100802,0.0,0.0,4.400000000000034,-101.56212000000002
6652800.0,920,iso13790,native,True,21.174788146571977,0.0,0.0,4.400000000000034,-101.56212000000002
6656400.0,920,iso13790,native,True,20.839903923841664,0.0,0.0,5.0,-101.56212000000002
6660000.0,920,iso13790,native,True,20.52877058399906,0.0,0.0,5.600000000000023,-101.56212000000002
6663600.0,920,iso13790,native,True,20.114647235966213,0.0,0.0,5.0,-101.56212000000002
6667200.0,920,iso13790,native,True,20.000000000000004,85.54037175715335,0.0,4.400000000000034,-101.56212000000002
6670800.0,920,iso13790,native,True,19.999999999999993,229.47733590996367,0.0,2.8000000000000114,-101.56212000000002
6674400.0,920,iso13790,native,True,19.999999999999996,358.5095168837145,0.0,1.7000000000000455,-101.56212000000002
6678000.0,920,iso13790,native,True,20.000000000000004,444.41094768029757,0.0,0.6000000000000227,301.99618562268705
6681600.0,920,iso13790,native,True,20.000000000000004,425.28635988413157,0.0,3.3000000000000114,398.98049610441774
6685200.0,920,iso13790,native,True,20.0,277.9561132592455,0.0,6.7000000000000455,1328.9728636442132
6688800.0,920,iso13790,native,True,20.0,36.748612198596945,0.0,10.0,2535.4698879308344
6692400.0,920,iso13790,native,True,20.79455077561215,0.0,0.0,11.700000000000045,3629.8182280128817
6696000.0,920,iso13790,native,True,21.851867749849234,0.0,0.0,13.300000000000011,4426.721137320471
6699600.0,920,iso13790,native,True,22.917555346145402,0.0,0.0,14.400000000000034,4874.120516426089
6703200.0,920,iso13790,native,True,23.878175397877857,0.0,0.0,15.0,4902.282274689364
6706800.0,920,iso13790,native,True,24.564351505454486,0.0,0.0,15.600000000000023,4172.496376448394
6710400.0,920,iso13790,native,True,24.81646249567146,0.0,0.0,14.400000000000034,3205.570005597971
6714000.0,920,iso13790,native,True,24.50160120974924,0.0,0.0,11.700000000000045,1782.3205984132067
6717600.0,920,iso13790,native,True,24.216890716345564,0.0,0.0,11.700000000000045,679.1949309057765
6721200.0,920,iso13790,native,True,23.575217233250104,0.0,0.0,9.400000000000034,-99.82219360482425
6724800.0,920,iso13790,native,True,23.190502673119273,0.0,0.0,8.900000000000034,-101.56212000000002
6728400.0,920,iso13790,native,True,22.8556633712848,0.0,0.0,8.900000000000034,-101.56212000000002
6732000.0,920,iso13790,native,True,22.529330715354405,0.0,0.0,8.900000000000034,-101.56212000000002
6735600.0,920,iso13790,native,True,22.21128859263122,0.0,0.0,8.900000000000034,-101.56212000000002
6739200.0,920,iso13790,native,True,21.785700342697382,0.0,0.0,7.800000000000011,-101.56212000000002
6742800.0,920,iso13790,native,True,21.574230630812835,0.0,0.0,8.900000000000034,-101.56212000000002
6746400.0,920,iso13790,native,True,21.333010268217937,0.0,0.0,9.400000000000034,-101.56212000000002
6750000.0,920,iso13790,native,True,21.005506147145315,0.0,0.0,8.900000000000034,-101.56212000000002
6753600.0,920,iso13790,native,True,20.72617703078268,0.0,0.0,8.900000000000034,-101.56212000000002
6757200.0,920,iso13790,native,True,20.45394431520268,0.0,0.0,8.900000000000034,-101.56212000000002
6760800.0,920,iso13790,native,True,20.125558967157076,0.0,0.0,8.300000000000011,-101.56212000000002
6764400.0,920,iso13790,native,True,19.999999999999993,21.669660469409287,0.0,8.300000000000011,92.82348995581958
6768000.0,920,iso13790,native,True,19.999999999999996,33.68728123719229,0.0,8.900000000000034,414.0567986995612
6771600.0,920,iso13790,native,True,20.334861743361284,0.0,0.0,11.100000000000023,1408.6787474538803
6775200.0,920,iso13790,native,True,20.846965903029687,0.0,0.0,11.100000000000023,2503.6043224907194
6778800.0,920,iso13790,native,True,21.725824006054555,0.0,0.0,13.300000000000011,3352.21327612915
6782400.0,920,iso13790,native,True,21.98903659042398,0.0,0.0,13.300000000000011,2521.061663067611
6786000.0,920,iso13790,native,True,23.385213429109548,0.0,0.0,14.400000000000034,5051.90045339184
6789600.0,920,iso13790,native,True,24.189856113662266,0.0,0.0,14.400000000000034,4746.405272624175
6793200.0,920,iso13790,native,True,25.03013998451212,0.0,0.0,13.900000000000034,4928.805267502699
6796800.0,920,iso13790,native,True,25.63411664921749,0.0,0.0,13.900000000000034,4289.365967897577
6800400.0,920,iso13790,native,True,25.74142771487054,0.0,0.0,12.200000000000045,3190.772373301107
6804000.0,920,iso13790,native,True,25.436071009808206,0.0,0.0,11.100000000000023,1555.0019803313542
6807600.0,920,iso13790,native,True,24.652471031212855,0.0,0.0,8.900000000000034,-49.507841170761175
6811200.0,920,iso13790,native,True,24.15748011198269,0.0,0.0,7.800000000000011,-101.56212000000002
6814800.0,920,iso13790,native,True,23.59143413226822,0.0,0.0,6.100000000000023,-101.56212000000002
6818400.0,920,iso13790,native,True,23.122717365794745,0.0,0.0,5.600000000000023,-101.56212000000002
6822000.0,920,iso13790,native,True,22.46399959961943,0.0,0.0,3.3000000000000114,-101.56212000000002
6825600.0,920,iso13790,native,True,21.952791040503374,0.0,0.0,2.8000000000000114,-101.56212000000002
6829200.0,920,iso13790,native,True,21.26317245046829,0.0,0.0,0.6000000000000227,-101.56212000000002
6832800.0,920,iso13790,native,True,20.640296959742976,0.0,0.0,-0.5999999999999659,-101.56212000000002
6836400.0,920,iso13790,native,True,20.076339734812112,0.0,0.0,-1.099999999999966,-101.56212000000002
6840000.0,920,iso13790,native,True,20.0,121.88173600130172,0.0,-1.099999999999966,-101.56212000000002
6843600.0,920,iso13790,native,True,20.000000000000004,222.38555712832047,0.0,0.0,-101.56212000000002
6847200.0,920,iso13790,native,True,20.000000000000004,339.47609506970065,0.0,0.0,-101.56212000000002
6850800.0,920,iso13790,native,True,19.999999999999996,402.3556458127806,0.0,0.0,343.5210236390563
6854400.0,920,iso13790,native,True,20.000000000000004,330.83840660049,0.0,5.0,336.683693687597
6858000.0,920,iso13790,native,True,20.0,194.11321042430114,0.0,7.800000000000011,1329.797111205221
6861600.0,920,iso13790,native,True,19.999999999999996,37.674054993787045,0.0,10.0,2005.5812519338222
6865200.0,920,iso13790,native,True,20.749827093482192,0.0,0.0,11.700000000000045,3303.4155075128024
6868800.0,920,iso13790,native,True,21.560251514227247,0.0,0.0,12.200000000000045,3927.594575747037
6872400.0,920,iso13790,native,True,22.54581283487628,0.0,0.0,13.900000000000034,4333.778436480948
6876000.0,920,iso13790,native,True,21.979116992896454,0.0,0.0,12.200000000000045,1106.703288
6879600.0,920,iso13790,native,True,21.90573632650706,0.0,0.0,11.700000000000045,934.093944
6883200.0,920,iso13790,native,True,21.692165136665917,0.0,0.0,10.600000000000023,680.5739699999999
6886800.0,920,iso13790,native,True,21.436444108826052,0.0,0.0,10.0,378.5076179999999
6890400.0,920,iso13790,native,True,21.29295002745389,0.0,0.0,9.400000000000034,596.7122490485887
6894000.0,920,iso13790,native,True,20.869889429979892,0.0,0.0,8.900000000000034,-94.64128215839904
6897600.0,920,iso13790,native,True,20.414329152297956,0.0,0.0,7.2000000000000455,-101.56212000000002
6901200.0,920,iso13790,native,True,20.000000000000004,2.4733809060399325,0.0,6.100000000000023,-101.56212000000002
6904800.0,920,iso13790,native,True,20.000000000000004,108.42075389383047,0.0,5.600000000000023,-101.56212000000002
6908400.0,920,iso13790,native,True,20.000000000000004,244.90388607432104,0.0,3.900000000000034,-101.56212000000002
6912000.0,920,iso13790,native,True,20.0,382.57413218528654,0.0,2.2000000000000455,-101.56212000000002
6915600.0,920,iso13790,native,True,20.000000000000004,453.3524387119925,0.0,2.8000000000000114,-101.56212000000002
6919200.0,920,iso13790,native,True,20.000000000000004,531.896855002924,0.0,2.8000000000000114,-101.56212000000002
6922800.0,920,iso13790,native,True,20.000000000000004,604.1353375658116,0.0,2.8000000000000114,-101.56212000000002
6926400.0,920,iso13790,native,True,19.999999999999993,735.602089004568,0.0,0.6000000000000227,-101.56212000000002
6930000.0,920,iso13790,native,True,19.999999999999986,807.2027201552049,0.0,0.6000000000000227,-101.56212000000002
6933600.0,920,iso13790,native,True,19.999999999999993,840.5409334019757,0.0,1.7000000000000455,-101.56212000000002
6937200.0,920,iso13790,native,True,19.999999999999993,862.232954554601,0.0,2.2000000000000455,85.62966371814058
6940800.0,920,iso13790,native,True,20.0,810.9073206474383,0.0,3.900000000000034,479.9658717502748
6944400.0,920,iso13790,native,True,19.999999999999993,729.8668449749705,0.0,5.600000000000023,851.6483094704389
6948000.0,920,iso13790,native,True,20.0,544.1171805193488,0.0,6.7000000000000455,2159.0925611245766
6951600.0,920,iso13790,native,True,20.000000000000004,253.05516661027244,0.0,9.400000000000034,3323.4543153103696
6955200.0,920,iso13790,native,True,20.000000000000004,81.82095616875645,0.0,8.900000000000034,3574.576992428032
6958800.0,920,iso13790,native,True,20.28009128608895,0.0,0.0,10.0,3270.557078470082
6962400.0,920,iso13790,native,True,20.696603969091225,0.0,0.0,11.700000000000045,2549.3554622340025
6966000.0,920,iso13790,native,True,21.00969589320648,0.0,0.0,10.600000000000023,2705.7333779948704
6969600.0,920,iso13790,native,True,21.23910408281594,0.0,0.0,10.0,2487.433539151423
6973200.0,920,iso13790,native,True,21.016115189311062,0.0,0.0,9.400000000000034,1196.2337951925504
6976800.0,920,iso13790,native,True,20.711997508508883,0.0,0.0,8.300000000000011,631.6110509623707
6980400.0,920,iso13790,native,True,20.21142985506248,0.0,0.0,7.2000000000000455,-84.31077007449082
6984000.0,920,iso13790,native,True,20.0,41.03228094011745,0.0,6.7000000000000455,-101.56212000000002
6987600.0,920,iso13790,native,True,20.000000000000004,124.81853125322459,0.0,6.7000000000000455,-101.56212000000002
6991200.0,920,iso13790,native,True,20.000000000000004,219.61289780827371,0.0,6.100000000000023,-101.56212000000002
6994800.0,920,iso13790,native,True,20.0,308.1272377685667,0.0,5.600000000000023,-101.56212000000002
6998400.0,920,iso13790,native,True,20.000000000000004,378.328091081644,0.0,5.600000000000023,-101.56212000000002
7002000.0,920,iso13790,native,True,20.000000000000004,442.8928731174858,0.0,5.600000000000023,-101.56212000000002
7005600.0,920,iso13790,native,True,20.0,520.0089658174298,0.0,5.0,-101.56212000000002
7009200.0,920,iso13790,native,True,20.000000000000007,595.2201461233661,0.0,4.400000000000034,-101.56212000000002
7012800.0,920,iso13790,native,True,19.999999999999996,698.2375003095832,0.0,2.8000000000000114,-101.56212000000002
7016400.0,920,iso13790,native,True,19.999999999999996,789.6352997366827,0.0,1.7000000000000455,-101.56212000000002
7020000.0,920,iso13790,native,True,19.999999999999993,866.7744626076776,0.0,1.1000000000000227,-101.56212000000002
7023600.0,920,iso13790,native,True,20.0,872.9362645712796,0.0,1.7000000000000455,232.1810117126111
7027200.0,920,iso13790,native,True,20.000000000000007,760.635447269011,0.0,5.600000000000023,524.7187912607299
7030800.0,920,iso13790,native,True,19.999999999999996,570.5949268565089,0.0,8.900000000000034,1401.7505954422
7034400.0,920,iso13790,native,True,19.999999999999993,373.44615919465326,0.0,10.0,2383.115076464003
7038000.0,920,iso13790,native,True,20.000000000000004,75.25110031314304,0.0,11.700000000000045,3678.590102143661
7041600.0,920,iso13790,native,True,20.709655031829374,0.0,0.0,12.800000000000011,4252.857007669886
7045200.0,920,iso13790,native,True,21.704622099965256,0.0,0.0,14.400000000000034,4415.346098380994
7048800.0,920,iso13790,native,True,22.52919375559178,0.0,0.0,15.0,4254.460767565265
7052400.0,920,iso13790,native,True,22.89678921489327,0.0,0.0,14.400000000000034,3282.60807467806
7056000.0,920,iso13790,native,True,23.409656326330474,0.0,0.0,15.600000000000023,2843.507340640929
7059600.0,920,iso13790,native,True,23.495001316966423,0.0,0.0,14.400000000000034,2131.306520894982
7063200.0,920,iso13790,native,True,22.909429446500408,0.0,0.0,12.800000000000011,183.87700379540826
7066800.0,920,iso13790,native,True,22.524694629741177,0.0,0.0,11.700000000000045,-101.56212000000002
7070400.0,920,iso13790,native,True,22.162278696299527,0.0,0.0,10.600000000000023,-101.56212000000002
7074000.0,920,iso13790,native,True,21.654986825819698,0.0,0.0,8.300000000000011,-101.56212000000002
7077600.0,920,iso13790,native,True,21.228288415297396,0.0,0.0,7.2000000000000455,-101.56212000000002
7081200.0,920,iso13790,native,True,20.668858632335706,0.0,0.0,5.0,-101.56212000000002
7084800.0,920,iso13790,native,True,20.000000000000004,13.462738083585648,0.0,1.7000000000000455,-101.56212000000002
7088400.0,920,iso13790,native,True,20.0,120.40290273967075,0.0,2.2000000000000455,-101.56212000000002
7092000.0,920,iso13790,native,True,20.0,229.96450091989084,0.0,2.2000000000000455,-101.56212000000002
7095600.0,920,iso13790,native,True,20.000000000000004,378.0229935895753,0.0,0.6000000000000227,-101.56212000000002
7099200.0,920,iso13790,native,True,20.000000000000004,413.3039097696979,0.0,2.8000000000000114,-101.56212000000002
7102800.0,920,iso13790,native,True,19.999999999999993,527.577585340345,0.0,1.7000000000000455,-101.56212000000002
7106400.0,920,iso13790,native,True,19.999999999999993,623.8814017426157,0.0,1.1000000000000227,-82.94214604641967
7110000.0,920,iso13790,native,True,19.999999999999993,587.1195815605683,0.0,2.2000000000000455,712.7985054527128
7113600.0,920,iso13790,native,True,20.0,449.54802640560206,0.0,8.900000000000034,336.53623937832066
7117200.0,920,iso13790,native,True,19.999999999999996,237.58209622775968,0.0,12.800000000000011,1382.7281523630647
7120800.0,920,iso13790,native,True,20.073641107183224,0.0,0.0,15.0,2648.742928382232
7124400.0,920,iso13790,native,True,21.26092377577705,0.0,0.0,17.80000000000001,3763.3974790241177
7128000.0,920,iso13790,native,True,22.452700568040324,0.0,0.0,18.900000000000034,4602.242592449197
7131600.0,920,iso13790,native,True,23.69736824077799,0.0,0.0,20.0,5088.831464875432
7135200.0,920,iso13790,native,True,24.75202929933294,0.0,0.0,20.600000000000023,4907.982058055083
7138800.0,920,iso13790,native,True,25.603467752859405,0.0,0.0,20.600000000000023,4477.136158291772
7142400.0,920,iso13790,native,True,26.31565727313991,0.0,0.0,20.600000000000023,3977.923508596063
7146000.0,920,iso13790,native,True,26.041114336383895,0.0,0.0,18.900000000000034,1573.79097050778
7149600.0,920,iso13790,native,True,25.79381103718402,0.0,0.0,18.30000000000001,475.55420955042695
7153200.0,920,iso13790,native,True,25.325367488115866,0.0,0.0,16.100000000000023,-82.45131514131083
7156800.0,920,iso13790,native,True,24.769619720560286,0.0,0.0,12.800000000000011,-101.56212000000002
7160400.0,920,iso13790,native,True,24.378116782454242,0.0,0.0,11.700000000000045,-101.56212000000002
7164000.0,920,iso13790,native,True,23.968614363413327,0.0,0.0,10.600000000000023,-101.56212000000002
7167600.0,920,iso13790,native,True,23.531058285114522,0.0,0.0,9.400000000000034,-101.56212000000002
7171200.0,920,iso13790,native,True,23.147712403360142,0.0,0.0,8.900000000000034,-101.56212000000002
7174800.0,920,iso13790,native,True,22.63526540900603,0.0,0.0,7.2000000000000455,-101.56212000000002
7178400.0,920,iso13790,native,True,22.21878593711533,0.0,0.0,6.7000000000000455,-101.56212000000002
7182000.0,920,iso13790,native,True,21.789673154869032,0.0,0.0,6.100000000000023,-101.56212000000002
7185600.0,920,iso13790,native,True,21.366730413590748,0.0,0.0,5.600000000000023,-101.56212000000002
7189200.0,920,iso13790,native,True,21.04694460044573,0.0,0.0,6.100000000000023,-101.56212000000002
7192800.0,920,iso13790,native,True,20.475585517047243,0.0,0.0,3.900000000000034,-69.69549556624716
7196400.0,920,iso13790,native,True,20.404040625610882,0.0,0.0,4.400000000000034,661.8041043032453
7200000.0,920,iso13790,native,True,20.733919211522302,0.0,0.0,10.600000000000023,358.80243979635725
7203600.0,920,iso13790,native,True,21.150776052313688,0.0,0.0,11.700000000000045,1562.4610677036148
7207200.0,920,iso13790,native,True,21.948306330180205,0.0,0.0,15.0,2408.2158763215034
7210800.0,920,iso13790,native,True,23.074961370665168,0.0,0.0,18.30000000000001,3484.992611183222
7214400.0,920,iso13790,native,True,24.175828970567633,0.0,0.0,20.0,4155.113308605193
7218000.0,920,iso13790,native,True,24.83905912396513,0.0,0.0,21.100000000000023,3331.917580004065
7221600.0,920,iso13790,native,True,25.588737015389135,0.0,0.0,20.0,3862.1229399479985
7225200.0,920,iso13790,native,True,26.018571923218516,0.0,0.0,21.100000000000023,2664.209593799884
7228800.0,920,iso13790,native,True,25.792082753472688,0.0,0.0,20.0,954.8009426294354
7232400.0,920,iso13790,native,True,25.922074547377736,0.0,0.0,18.900000000000034,1335.1803432500424
7236000.0,920,iso13790,native,True,25.554476052946512,0.0,0.0,17.200000000000045,359.52878603496384
7239600.0,920,iso13790,native,True,25.14735042153541,0.0,0.0,15.600000000000023,-72.24001790194944
7243200.0,920,iso13790,native,True,24.634531416161767,0.0,0.0,12.800000000000011,-101.56212000000002
7246800.0,920,iso13790,native,True,24.29901770803409,0.0,0.0,12.200000000000045,-101.56212000000002
7250400.0,920,iso13790,native,True,23.851670103359314,0.0,0.0,10.600000000000023,-101.56212000000002
7254000.0,920,iso13790,native,True,23.543222508759182,0.0,0.0,10.600000000000023,-101.56212000000002
7257600.0,920,iso13790,native,True,22.832664212179324,0.0,0.0,6.7000000000000455,-101.56212000000002
7261200.0,920,iso13790,native,True,22.61920783057599,0.0,0.0,8.300000000000011,-101.56212000000002
7264800.0,920,iso13790,native,True,22.525402803840976,0.0,0.0,10.600000000000023,-101.56212000000002
7268400.0,920,iso13790,native,True,22.18758049360606,0.0,0.0,10.0,-101.56212000000002
7272000.0,920,iso13790,native,True,21.843097517318625,0.0,0.0,9.400000000000034,-101.56212000000002
7275600.0,920,iso13790,native,True,21.502634548271743,0.0,0.0,8.900000000000034,-101.56212000000002
7279200.0,920,iso13790,native,True,21.099795413019216,0.0,0.0,7.800000000000011,-88.30735253654078
7282800.0,920,iso13790,native,True,21.094462857651717,0.0,0.0,8.300000000000011,606.9215360553308
7286400.0,920,iso13790,native,True,21.109839164618222,0.0,0.0,10.600000000000023,375.8944559300658
7290000.0,920,iso13790,native,True,21.59531278053037,0.0,0.0,12.800000000000011,1464.6086421206878
7293600.0,920,iso13790,native,True,22.27357118223239,0.0,0.0,14.400000000000034,2488.9071026788706
7297200.0,920,iso13790,native,True,23.111135885047954,0.0,0.0,15.0,3567.8670640329774
7300800.0,920,iso13790,native,True,24.105476363608606,0.0,0.0,16.100000000000023,4303.2941227478605
7304400.0,920,iso13790,native,True,24.272032337936626,0.0,0.0,16.700000000000045,2421.934030912919
7308000.0,920,iso13790,native,True,25.03095646393053,0.0,0.0,17.200000000000045,3329.6486692286444
7311600.0,920,iso13790,native,True,25.516099653169654,0.0,0.0,17.200000000000045,3089.7717781740325
7315200.0,920,iso13790,native,True,24.818019042990198,0.0,0.0,13.300000000000011,869.36544
7318800.0,920,iso13790,native,True,24.52748502509438,0.0,0.0,12.800000000000011,356.9314499999999
7322400.0,920,iso13790,native,True,24.01554384746,0.0,0.0,10.600000000000023,49.471055999999976
7326000.0,920,iso13790,native,True,23.555371054821453,0.0,0.0,9.400000000000034,-101.56212000000002
7329600.0,920,iso13790,native,True,23.108338755218565,0.0,0.0,8.300000000000011,-101.56212000000002
7333200.0,920,iso13790,native,True,22.76034374507078,0.0,0.0,8.300000000000011,-101.56212000000002
7336800.0,920,iso13790,native,True,21.9586854513023,0.0,0.0,3.900000000000034,-101.56212000000002
7340400.0,920,iso13790,native,True,21.1812367502836,0.0,0.0,0.6000000000000227,-101.56212000000002
7344000.0,920,iso13790,native,True,20.686580345206053,0.0,0.0,0.6000000000000227,-101.56212000000002
7347600.0,920,iso13790,native,True,20.204490765047577,0.0,0.0,0.6000000000000227,-101.56212000000002
7351200.0,920,iso13790,native,True,20.00000000000001,92.35148721605047,0.0,0.0,-101.56212000000002
7354800.0,920,iso13790,native,True,19.999999999999996,219.88180262318306,0.0,0.0,-101.56212000000002
7358400.0,920,iso13790,native,True,19.999999999999996,319.43846404557405,0.0,0.6000000000000227,-101.56212000000002
7362000.0,920,iso13790,native,True,20.000000000000004,442.18565704239825,0.0,0.0,-101.56212000000002
7365600.0,920,iso13790,native,True,20.000000000000004,559.3644475080605,0.0,-0.5999999999999659,-101.56212000000002
7369200.0,920,iso13790,native,True,20.000000000000004,634.6797292727325,0.0,-0.5999999999999659,87.22934999999998
7372800.0,920,iso13790,native,True,20.000000000000004,623.5972130940197,0.0,0.0,783.9698178932829
7376400.0,920,iso13790,native,True,20.0,553.0730264318133,0.0,1.1000000000000227,1469.896675898474
7380000.0,920,iso13790,native,True,19.999999999999993,374.6159306712893,0.0,3.900000000000034,2292.7982139236974
7383600.0,920,iso13790,native,True,20.000000000000004,33.72166466705682,0.0,8.900000000000034,3529.9849710631433
7387200.0,920,iso13790,native,True,20.714677984928926,0.0,0.0,8.900000000000034,4350.260315288956
7390800.0,920,iso13790,native,True,21.654482279995836,0.0,0.0,10.0,4723.751013852498
7394400.0,920,iso13790,native,True,22.280521732433314,0.0,0.0,8.900000000000034,4629.899634160409
7398000.0,920,iso13790,native,True,23.18289237227446,0.0,0.0,11.100000000000023,4518.1510567147525
7401600.0,920,iso13790,native,True,23.366654262617654,0.0,0.0,9.400000000000034,3519.695333227017
7405200.0,920,iso13790,native,True,23.28152723717351,0.0,0.0,8.900000000000034,2154.450702689672
7408800.0,920,iso13790,native,True,23.195741227137344,0.0,0.0,8.900000000000034,1494.3441701674785
7412400.0,920,iso13790,native,True,22.44275529845182,0.0,0.0,6.7000000000000455,9.104032890157043
7416000.0,920,iso13790,native,True,21.93969695656864,0.0,0.0,5.600000000000023,-101.56212000000002
7419600.0,920,iso13790,native,True,21.374102760755694,0.0,0.0,3.900000000000034,-101.56212000000002
7423200.0,920,iso13790,native,True,20.779688804434112,0.0,0.0,2.2000000000000455,-101.56212000000002
7426800.0,920,iso13790,native,True,20.451508082470145,0.0,0.0,3.3000000000000114,-101.56212000000002
7430400.0,920,iso13790,native,True,19.999999999999993,20.145558374216428,0.0,2.2000000000000455,-101.56212000000002
7434000.0,920,iso13790,native,True,20.0,185.0493522003945,0.0,0.6000000000000227,-101.56212000000002
7437600.0,920,iso13790,native,True,20.0,336.3208572406085,0.0,-0.5999999999999659,-101.56212000000002
7441200.0,920,iso13790,native,True,20.000000000000007,463.32953018874736,0.0,-1.099999999999966,-101.56212000000002
7444800.0,920,iso13790,native,True,20.000000000000007,568.9342012857946,0.0,-1.099999999999966,-101.56212000000002
7448400.0,920,iso13790,native,True,19.999999999999996,666.0604077286055,0.0,-1.099999999999966,-101.56212000000002
7452000.0,920,iso13790,native,True,19.999999999999996,784.1798566497255,0.0,-2.1999999999999886,-64.58356917157826
7455600.0,920,iso13790,native,True,20.00000000000001,744.4333450471929,0.0,-0.5999999999999659,709.2553923054381
7459200.0,920,iso13790,native,True,20.000000000000007,709.3439841801425,0.0,2.8000000000000114,359.2958259884187
7462800.0,920,iso13790,native,True,20.0,533.4293865200215,0.0,6.100000000000023,1435.4859543338644
7466400.0,920,iso13790,native,True,20.0,312.89376706053685,0.0,7.800000000000011,2680.9380314066375
7470000.0,920,iso13790,native,True,19.999999999999996,72.81233821939028,0.0,8.300000000000011,3776.068862017855
7473600.0,920,iso13790,native,True,20.688817753191532,0.0,0.0,8.900000000000034,4599.050554263581
7477200.0,920,iso13790,native,True,21.713312559577297,0.0,0.0,10.0,5057.030511960098
7480800.0,920,iso13790,native,True,22.518051672971826,0.0,0.0,9.400000000000034,5118.439815324625
7484400.0,920,iso13790,native,True,23.37893706549163,0.0,0.0,10.600000000000023,4870.805541953789
7488000.0,920,iso13790,native,True,23.91501962963012,0.0,0.0,10.600000000000023,4193.750326913546
7491600.0,920,iso13790,native,True,24.06803681705246,0.0,0.0,10.0,3069.777528325074
7495200.0,920,iso13790,native,True,23.73744513411641,0.0,0.0,8.900000000000034,1473.948485450078
7498800.0,920,iso13790,native,True,22.95286352674422,0.0,0.0,6.7000000000000455,-48.78666751417353
7502400.0,920,iso13790,native,True,22.445057755873542,0.0,0.0,5.600000000000023,-101.56212000000002
7506000.0,920,iso13790,native,True,22.213502902593355,0.0,0.0,7.2000000000000455,-101.56212000000002
7509600.0,920,iso13790,native,True,21.565974840286117,0.0,0.0,4.400000000000034,-101.56212000000002
7513200.0,920,iso13790,native,True,21.0424576710156,0.0,0.0,3.3000000000000114,-101.56212000000002
7516800.0,920,iso13790,native,True,20.388668825324146,0.0,0.0,1.1000000000000227,-101.56212000000002
7520400.0,920,iso13790,native,True,20.000000000000004,20.569643200787826,0.0,1.1000000000000227,-101.56212000000002
7524000.0,920,iso13790,native,True,20.0,160.78372936604225,0.0,0.6000000000000227,-101.56212000000002
7527600.0,920,iso13790,native,True,19.999999999999996,263.75454262718114,0.0,1.1000000000000227,-101.56212000000002
7531200.0,920,iso13790,native,True,20.000000000000004,369.66546854996494,0.0,1.1000000000000227,-101.56212000000002
7534800.0,920,iso13790,native,True,20.0,449.33845186975384,0.0,1.7000000000000455,-101.56212000000002
7538400.0,920,iso13790,native,True,20.000000000000004,503.28405048899674,0.0,2.8000000000000114,-98.92580866933113
7542000.0,920,iso13790,native,True,20.000000000000004,545.4321121695641,0.0,2.8000000000000114,221.17512530391224
7545600.0,920,iso13790,native,True,20.000000000000007,536.1203014763797,0.0,3.900000000000034,502.570584
7549200.0,920,iso13790,native,True,20.000000000000004,473.00063468469,0.0,5.600000000000023,901.729692
7552800.0,920,iso13790,native,True,20.000000000000004,331.2000666001969,0.0,6.100000000000023,2123.39456021947
7556400.0,920,iso13790,native,True,20.000000000000004,409.52844511403623,0.0,4.400000000000034,1144.461582
7560000.0,920,iso13790,native,True,20.0,394.6403181183895,0.0,4.400000000000034,1241.5543380000001
7563600.0,920,iso13790,native,True,20.0,522.549111320582,0.0,1.1000000000000227,842.39523
7567200.0,920,iso13790,native,True,20.0,571.0525532195294,0.0,0.6000000000000227,783.060768
7570800.0,920,iso13790,native,True,19.999999999999996,534.1584849955093,0.0,2.2000000000000455,988.034364
7574400.0,920,iso13790,native,True,20.000000000000007,537.2754902659005,0.0,3.3000000000000114,734.51439
7578000.0,920,iso13790,native,True,19.999999999999993,578.2582550895975,0.0,2.2000000000000455,823.3215639746375
7581600.0,920,iso13790,native,True,20.000000000000004,685.2758027157607,0.0,0.0,570.9305600568406
7585200.0,920,iso13790,native,True,20.000000000000004,807.3187178110055,0.0,-0.5999999999999659,-77.28308927700664
7588800.0,920,iso13790,native,True,20.00000000000001,897.4818193656291,0.0,-1.099999999999966,-101.56212000000002
7592400.0,920,iso13790,native,True,20.000000000000004,985.9654903909978,0.0,-1.6999999999999886,-101.56212000000002
7596000.0,920,iso13790,native,True,19.99999999999999,1086.4106789303958,0.0,-2.7999999999999545,-101.56212000000002
7599600.0,920,iso13790,native,True,20.0,1154.1359715255678,0.0,-2.7999999999999545,-101.56212000000002
7603200.0,920,iso13790,native,True,19.99999999999999,1216.4239430865337,0.0,-2.7999999999999545,-101.56212000000002
7606800.0,920,iso13790,native,True,19.999999999999986,1273.7111286048248,0.0,-2.7999999999999545,-101.56212000000002
7610400.0,920,iso13790,native,True,20.00000000000001,1308.6641255879533,0.0,-2.1999999999999886,-101.56212000000002
7614000.0,920,iso13790,native,True,20.000000000000004,1371.9943554513504,0.0,-2.7999999999999545,-101.56212000000002
7617600.0,920,iso13790,native,True,20.0,1431.5706550379364,0.0,-3.2999999999999545,-101.56212000000002
7621200.0,920,iso13790,native,True,20.000000000000004,1492.8916471031507,0.0,-3.8999999999999773,-101.56212000000002
7624800.0,920,iso13790,native,True,20.00000000000001,1538.1695668192926,0.0,-4.399999999999977,22.103133005091877
7628400.0,920,iso13790,native,True,20.000000000000004,1442.472281220022,0.0,-2.7999999999999545,854.1838261254347
7632000.0,920,iso13790,native,True,19.999999999999996,1412.8373876072692,0.0,-0.5999999999999659,314.3105691311227
7635600.0,920,iso13790,native,True,19.999999999999996,1232.9016172047743,0.0,1.7000000000000455,1431.4562425938927
7639200.0,920,iso13790,native,True,20.000000000000004,956.8220990957565,0.0,4.400000000000034,2691.875239558376
7642800.0,920,iso13790,native,True,20.0,602.6747057331331,0.0,7.800000000000011,3789.727779869871
7646400.0,920,iso13790,native,True,20.000000000000004,266.89772942084466,0.0,9.400000000000034,4611.845897086393
7650000.0,920,iso13790,native,True,20.254331211186493,0.0,0.0,11.100000000000023,5088.646509962539
7653600.0,920,iso13790,native,True,21.26392417929793,0.0,0.0,11.700000000000045,5169.244735983417
7657200.0,920,iso13790,native,True,22.15997529442909,0.0,0.0,12.200000000000045,4942.473683608948
7660800.0,920,iso13790,native,True,22.68152390572641,0.0,0.0,11.100000000000023,4304.472575504904
7664400.0,920,iso13790,native,True,22.987956528794637,0.0,0.0,11.100000000000023,3242.9827440878184
7668000.0,920,iso13790,native,True,22.78067710367018,0.0,0.0,10.0,1732.2949768481556
7671600.0,920,iso13790,native,True,22.096028867886933,0.0,0.0,8.300000000000011,39.95012052409692
7675200.0,920,iso13790,native,True,21.52242578286116,0.0,0.0,6.100000000000023,-101.56212000000002
7678800.0,920,iso13790,native,True,20.980135007614418,0.0,0.0,4.400000000000034,-101.56212000000002
7682400.0,920,iso13790,native,True,20.471501192794037,0.0,0.0,3.3000000000000114,-101.56212000000002
7686000.0,920,iso13790,native,True,20.01091237370979,0.0,0.0,2.8000000000000114,-101.56212000000002
7689600.0,920,iso13790,native,True,20.000000000000004,162.2000501355956,0.0,1.1000000000000227,-101.56212000000002
7693200.0,920,iso13790,native,True,19.999999999999996,291.04334761615127,0.0,0.6000000000000227,-101.56212000000002
7696800.0,920,iso13790,native,True,20.0,398.33535052560575,0.0,0.6000000000000227,-101.56212000000002
7700400.0,920,iso13790,native,True,20.0,482.2343461991855,0.0,1.1000000000000227,-101.56212000000002
7704000.0,920,iso13790,native,True,19.999999999999996,570.6046342599664,0.0,1.1000000000000227,-101.56212000000002
7707600.0,920,iso13790,native,True,19.999999999999993,666.6591943186415,0.0,0.6000000000000227,-101.56212000000002
7711200.0,920,iso13790,native,True,20.000000000000004,742.4730277564846,0.0,0.6000000000000227,-88.43248872917125
7714800.0,920,iso13790,native,True,20.000000000000004,666.5534081186751,0.0,3.3000000000000114,570.7286011562471
7718400.0,920,iso13790,native,True,19.999999999999996,580.4339719350712,0.0,7.2000000000000455,449.84769388932824
7722000.0,920,iso13790,native,True,20.0,377.7547511231768,0.0,10.600000000000023,1498.430085636396
7725600.0,920,iso13790,native,True,20.0,108.69007298757474,0.0,13.300000000000011,2699.1384563359884
7729200.0,920,iso13790,native,True,20.727391071524863,0.0,0.0,15.600000000000023,3753.966966873065
7732800.0,920,iso13790,native,True,21.85261238514018,0.0,0.0,16.700000000000045,4530.862728171267
7736400.0,920,iso13790,native,True,23.02011185295003,0.0,0.0,17.80000000000001,4958.542910133292
7740000.0,920,iso13790,native,True,24.071396839038243,0.0,0.0,18.30000000000001,4984.34132942557
7743600.0,920,iso13790,native,True,25.056488474938558,0.0,0.0,19.400000000000034,4672.64657954867
7747200.0,920,iso13790,native,True,25.70545941480023,0.0,0.0,19.400000000000034,3925.1496061968055
7750800.0,920,iso13790,native,True,25.90226073015952,0.0,0.0,18.30000000000001,2735.061793573186
7754400.0,920,iso13790,native,True,25.60616825072425,0.0,0.0,16.700000000000045,1125.6904418688932
7758000.0,920,iso13790,native,True,25.00272353391143,0.0,0.0,14.400000000000034,-72.3544040037796
7761600.0,920,iso13790,native,True,24.526177580209147,0.0,0.0,12.200000000000045,-101.56212000000002
7765200.0,920,iso13790,native,True,24.073058942726632,0.0,0.0,10.600000000000023,-101.56212000000002
7768800.0,920,iso13790,native,True,23.611826517202907,0.0,0.0,9.200000000000045,-101.56212000000002
7772400.0,920,iso13790,native,True,23.116233093611623,0.0,0.0,7.7000000000000455,-101.56212000000002
7776000.0,920,iso13790,native,True,22.605634018650495,0.0,0.0,6.300000000000011,-101.56212000000002
7779600.0,920,iso13790,native,True,22.072439571238736,0.0,0.0,4.900000000000034,-101.56212000000002
7783200.0,920,iso13790,native,True,21.517223790419713,0.0,0.0,3.5,-101.56212000000002
7786800.0,920,iso13790,native,True,20.930034673674328,0.0,0.0,2.0,-101.56212000000002
7790400.0,920,iso13790,native,True,20.330166908762518,0.0,0.0,0.6000000000000227,-101.56212000000002
7794000.0,920,iso13790,native,True,20.0,57.909258182315426,0.0,0.0,-101.56212000000002
7797600.0,920,iso13790,native,True,20.0,170.46987557305786,0.0,0.6000000000000227,-101.56212000000002
7801200.0,920,iso13790,native,True,20.000000000000007,233.02714190510358,0.0,2.0,27.89488799999998
7804800.0,920,iso13790,native,True,19.999999999999996,334.7008892061562,0.0,1.1000000000000227,216.68635799999998
7808400.0,920,iso13790,native,True,20.000000000000004,382.6289241564609,0.0,1.7000000000000455,367.719534
7812000.0,920,iso13790,native,True,19.999999999999996,434.23471664734456,0.0,1.7000000000000455,486.38845799999996
7815600.0,920,iso13790,native,True,20.0,451.1316877125217,0.0,1.7000000000000455,837.001188
7819200.0,920,iso13790,native,True,19.999999999999993,461.5340420217034,0.0,2.2000000000000455,880.153524
7822800.0,920,iso13790,native,True,19.999999999999996,505.20919539480474,0.0,2.2000000000000455,669.785886
7826400.0,920,iso13790,native,True,20.000000000000004,422.98825606188615,0.0,2.8000000000000114,1625.9309338023752
7830000.0,920,iso13790,native,True,20.000000000000004,507.7104309576429,0.0,2.8000000000000114,545.7229199999999
7833600.0,920,iso13790,native,True,20.000000000000007,559.9204780694308,0.0,2.8000000000000114,373.11357599999997
7837200.0,920,iso13790,native,True,19.99999999999999,653.6610207523397,0.0,1.7000000000000455,173.53402199999996
7840800.0,920,iso13790,native,True,20.000000000000004,756.607924087079,0.0,0.6000000000000227,6.318719999999985
7844400.0,920,iso13790,native,True,20.000000000000007,866.295130011303,0.0,-0.5999999999999659,-101.56212000000002
7848000.0,920,iso13790,native,True,19.999999999999993,950.7548504115933,0.0,-1.099999999999966,-101.56212000000002
7851600.0,920,iso13790,native,True,20.000000000000007,1034.9614993502069,0.0,-1.6999999999999886,-101.56212000000002
7855200.0,920,iso13790,native,True,20.0,1131.473046263306,0.0,-2.7999999999999545,-101.56212000000002
7858800.0,920,iso13790,native,True,20.000000000000007,1210.359584661839,0.0,-3.2999999999999545,-101.56212000000002
7862400.0,920,iso13790,native,True,20.000000000000007,1289.4404941798073,0.0,-3.8999999999999773,-101.56212000000002
7866000.0,920,iso13790,native,True,20.000000000000007,1351.6796708551688,0.0,-4.0,-101.56212000000002
7869600.0,920,iso13790,native,True,20.0,1406.6805553426495,0.0,-4.0,-101.56212000000002
7873200.0,920,iso13790,native,True,20.00000000000002,1469.0889573329846,0.0,-4.399999999999977,-101.56212000000002
7876800.0,920,iso13790,native,True,20.00000000000001,1535.2561002707923,0.0,-5.0,-101.56212000000002
7880400.0,920,iso13790,native,True,20.000000000000007,1582.6624762878205,0.0,-5.0,-101.56212000000002
7884000.0,920,iso13790,native,True,20.000000000000004,1643.997724562033,0.0,-5.599999999999966,-101.56212000000002
7887600.0,920,iso13790,native,True,20.000000000000004,1673.802404837374,0.0,-6.0,146.56381199999998
7891200.0,920,iso13790,native,True,19.999999999999993,1653.5805650382902,0.0,-5.0,335.35528199999993
7894800.0,920,iso13790,native,True,20.000000000000018,1633.0725718902931,0.0,-4.399999999999977,475.600374
7898400.0,920,iso13790,native,True,20.000000000000007,1603.811993825469,0.0,-3.8999999999999773,621.2395079999999
7902000.0,920,iso13790,native,True,20.000000000000018,1585.7711254329167,0.0,-3.8999999999999773,702.150138
7905600.0,920,iso13790,native,True,19.999999999999986,1519.9150520468665,0.0,-3.2999999999999545,1047.368826
7909200.0,920,iso13790,native,True,19.999999999999996,1505.0293695382484,0.0,-3.2999999999999545,863.9713979999999
7912800.0,920,iso13790,native,True,19.999999999999993,1498.6860191004598,0.0,-3.2999999999999545,718.332264
7916400.0,920,iso13790,native,True,20.000000000000004,1522.1555316114589,0.0,-3.8999999999999773,545.7229199999999
7920000.0,920,iso13790,native,True,20.00000000000001,1555.5642146835212,0.0,-4.399999999999977,373.11357599999997
7923600.0,920,iso13790,native,True,20.000000000000007,1585.5764509980586,0.0,-4.399999999999977,200.50423199999997
7927200.0,920,iso13790,native,True,20.00000000000001,1643.5791925445737,0.0,-5.0,6.318719999999985
7930800.0,920,iso13790,native,True,19.999999999999993,1704.3269923056582,0.0,-5.599999999999966,-101.56212000000002
7934400.0,920,iso13790,native,True,20.000000000000004,1754.2691306052088,0.0,-6.0,-101.56212000000002
7938000.0,920,iso13790,native,True,20.000000000000004,1794.1917878325344,0.0,-6.099999999999966,-101.56212000000002
7941600.0,920,iso13790,native,True,20.000000000000007,1846.402723589384,0.0,-6.699999999999989,-101.56212000000002
7945200.0,920,iso13790,native,True,19.999999999999993,1880.9733656778276,0.0,-6.699999999999989,-101.56212000000002
7948800.0,920,iso13790,native,True,20.000000000000007,1895.0336155512473,0.0,-6.099999999999966,-101.56212000000002
7952400.0,920,iso13790,native,True,19.999999999999996,1921.4135809489012,0.0,-6.099999999999966,-101.56212000000002
7956000.0,920,iso13790,native,True,19.999999999999986,1945.6756324145233,0.0,-6.099999999999966,-101.56212000000002
7959600.0,920,iso13790,native,True,20.000000000000007,2050.752627933661,0.0,-8.899999999999977,-101.56212000000002
7963200.0,920,iso13790,native,True,20.000000000000007,2028.4731753449037,0.0,-7.0,-101.56212000000002
7966800.0,920,iso13790,native,True,20.0,2041.7020312685845,0.0,-6.699999999999989,-101.56212000000002
7970400.0,920,iso13790,native,True,20.00000000000001,2060.593080210699,0.0,-6.699999999999989,-101.56212000000002
7974000.0,920,iso13790,native,True,20.0,2033.5060670476314,0.0,-5.599999999999966,17.10680399999999
7977600.0,920,iso13790,native,True,20.000000000000004,2003.9561240885241,0.0,-5.0,178.92806399999995
7981200.0,920,iso13790,native,True,19.999999999999993,1945.1607676467606,0.0,-3.8999999999999773,367.719534
7984800.0,920,iso13790,native,True,19.999999999999993,1887.0730340156124,0.0,-3.2999999999999545,551.116962
7988400.0,920,iso13790,native,True,20.0,1739.5111041190123,0.0,-3.2999999999999545,1692.3897197662977
7992000.0,920,iso13790,native,True,20.000000000000014,1551.4105514387763,0.0,-2.1999999999999886,2341.9389548924014
7995600.0,920,iso13790,native,True,20.0,1275.640764790226,0.0,0.0,3219.0700893769326
7999200.0,920,iso13790,native,True,20.000000000000007,989.4668295554156,0.0,3.3000000000000114,3410.7841307589224
8002800.0,920,iso13790,native,True,20.000000000000004,836.6394549827837,0.0,3.3000000000000114,3125.153985007692
8006400.0,920,iso13790,native,True,20.00000000000001,741.4898541174641,0.0,3.3000000000000114,2560.9679145166933
8010000.0,920,iso13790,native,True,20.000000000000007,780.4595830613035,0.0,2.2000000000000455,1404.1088347467235
8013600.0,920,iso13790,native,True,20.00000000000001,757.1997577565567,0.0,2.2000000000000455,1287.8915058616287
8017200.0,920,iso13790,native,True,20.0,953.8227355795797,0.0,-0.5999999999999659,-101.56212000000002
8020800.0,920,iso13790,native,True,19.99999999999999,1063.76927298942,0.0,-2.1999999999999886,-101.56212000000002
8024400.0,920,iso13790,native,True,20.0,1161.5399465826565,0.0,-3.2999999999999545,-101.56212000000002
8028000.0,920,iso13790,native,True,20.000000000000004,1244.5403378014523,0.0,-3.8999999999999773,-101.56212000000002
8031600.0,920,iso13790,native,True,20.0,1307.4285057757616,0.0,-3.8999999999999773,-101.56212000000002
8035200.0,920,iso13790,native,True,19.999999999999996,1365.2677009745253,0.0,-3.8999999999999773,-101.56212000000002
8038800.0,920,iso13790,native,True,19.999999999999993,1368.2144240268813,0.0,-2.1999999999999886,-101.56212000000002
8042400.0,920,iso13790,native,True,20.000000000000007,1420.8520316696972,0.0,-2.599999999999966,-101.56212000000002
8046000.0,920,iso13790,native,True,19.999999999999986,1466.2095676962704,0.0,-2.7999999999999545,-101.56212000000002
8049600.0,920,iso13790,native,True,20.00000000000001,1470.928763850047,0.0,-1.6999999999999886,-101.56212000000002
8053200.0,920,iso13790,native,True,19.999999999999986,1532.438705208518,0.0,-2.7999999999999545,-101.56212000000002
8056800.0,920,iso13790,native,True,19.999999999999993,1629.382595690676,0.0,-5.0,-101.56212000000002
8060400.0,920,iso13790,native,True,20.00000000000001,1491.3787567697955,0.0,-1.099999999999966,519.98448887812
8064000.0,920,iso13790,native,True,20.000000000000007,1432.666762069043,0.0,0.0,634.0319098687506
8067600.0,920,iso13790,native,True,20.000000000000004,1258.3937095975689,0.0,1.7000000000000455,1619.6505326303895
8071200.0,920,iso13790,native,True,20.000000000000004,1000.4595998639747,0.0,3.900000000000034,2712.6730513049233
8074800.0,920,iso13790,native,True,20.000000000000004,649.433978112263,0.0,7.2000000000000455,3797.0001033851654
8078400.0,920,iso13790,native,True,20.000000000000007,351.25172784822604,0.0,8.300000000000011,4393.395632440717
8082000.0,920,iso13790,native,True,20.0,87.72314129651095,0.0,9.400000000000034,4445.215218909211
8085600.0,920,iso13790,native,True,20.673264814807528,0.0,0.0,10.600000000000023,4702.732096973843
8089200.0,920,iso13790,native,True,21.034425164439764,0.0,0.0,10.600000000000023,3446.6073510155416
8092800.0,920,iso13790,native,True,20.794514328220902,0.0,0.0,8.900000000000034,1794.8446120951378
8096400.0,920,iso13790,native,True,20.2813758340181,0.0,0.0,6.100000000000023,803.8334088972695
8100000.0,920,iso13790,native,True,20.0,73.05658091013854,0.0,3.900000000000034,318.9923594941124
8103600.0,920,iso13790,native,True,19.999999999999996,241.2990266703929,0.0,2.2000000000000455,-101.56212000000002
8107200.0,920,iso13790,native,True,19.999999999999996,373.6684523745518,0.0,1.1000000000000227,-101.56212000000002
8110800.0,920,iso13790,native,True,19.999999999999996,470.7549466777784,0.0,1.1000000000000227,-101.56212000000002
8114400.0,920,iso13790,native,True,19.999999999999993,574.8259328860495,0.0,0.6000000000000227,-101.56212000000002
8118000.0,920,iso13790,native,True,20.000000000000004,626.8205024933765,0.0,1.7000000000000455,-101.56212000000002
8121600.0,920,iso13790,native,True,19.999999999999996,717.0312415482033,0.0,1.1000000000000227,-101.56212000000002
8125200.0,920,iso13790,native,True,20.000000000000004,801.329950265875,0.0,0.6000000000000227,-101.56212000000002
8128800.0,920,iso13790,native,True,20.00000000000001,885.3885143351001,0.0,0.0,-101.56212000000002
8132400.0,920,iso13790,native,True,19.999999999999993,949.2498998163177,0.0,0.0,-101.56212000000002
8136000.0,920,iso13790,native,True,20.000000000000007,1007.9841778131076,0.0,0.0,-101.56212000000002
8139600.0,920,iso13790,native,True,20.000000000000007,1062.0029778408368,0.0,0.0,-101.56212000000002
8143200.0,920,iso13790,native,True,20.0,1111.6848817640505,0.0,0.0,-101.56212000000002
8146800.0,920,iso13790,native,True,20.000000000000004,1087.476940189004,0.0,0.0,592.7372239830665
8150400.0,920,iso13790,native,True,20.0,1062.0047112001384,0.0,0.0,899.6805512477439
8154000.0,920,iso13790,native,True,20.000000000000004,909.8294168283553,0.0,2.8000000000000114,1478.044423249906
8157600.0,920,iso13790,native,True,19.999999999999996,620.0749989781375,0.0,5.600000000000023,2996.378277485589
8161200.0,920,iso13790,native,True,20.000000000000004,347.0589422229495,0.0,7.2000000000000455,3816.3733887548015
8164800.0,920,iso13790,native,True,19.999999999999996,54.64883031418887,0.0,8.300000000000011,4584.864205546126
8168400.0,920,iso13790,native,True,20.980237369916598,0.0,0.0,10.600000000000023,5068.413515922954
8172000.0,920,iso13790,native,True,21.860431152107232,0.0,0.0,10.600000000000023,5062.952328282802
8175600.0,920,iso13790,native,True,22.65676519454268,0.0,0.0,11.100000000000023,4742.227098894372
8179200.0,920,iso13790,native,True,23.114018313665007,0.0,0.0,11.100000000000023,3835.911588758115
8182800.0,920,iso13790,native,True,23.362731304569,0.0,0.0,11.100000000000023,2926.8145464349095
8186400.0,920,iso13790,native,True,23.016123352887824,0.0,0.0,8.900000000000034,1567.4203166397654
8190000.0,920,iso13790,native,True,22.039017663775343,0.0,0.0,5.0,-101.56212000000002
8193600.0,920,iso13790,native,True,21.518725861836682,0.0,0.0,3.900000000000034,-101.56212000000002
8197200.0,920,iso13790,native,True,20.868080442505246,0.0,0.0,1.7000000000000455,-101.56212000000002
8200800.0,920,iso13790,native,True,20.346256750915405,0.0,0.0,1.1000000000000227,-101.56212000000002
8204400.0,920,iso13790,native,True,20.000000000000004,46.97197754553959,0.0,0.6000000000000227,-101.56212000000002
8208000.0,920,iso13790,native,True,20.0,173.85923569093,0.0,0.6000000000000227,-101.56212000000002
8211600.0,920,iso13790,native,True,19.999999999999993,225.53142686899463,0.0,2.8000000000000114,-101.56212000000002
8215200.0,920,iso13790,native,True,20.000000000000004,340.10132966350415,0.0,2.2000000000000455,-101.56212000000002
8218800.0,920,iso13790,native,True,20.0,432.02445287936564,0.0,2.2000000000000455,-101.56212000000002
8222400.0,920,iso13790,native,True,19.999999999999996,549.0814992353595,0.0,1.1000000000000227,-101.56212000000002
8226000.0,920,iso13790,native,True,20.0,646.8640428922861,0.0,0.6000000000000227,-101.56212000000002
8229600.0,920,iso13790,native,True,20.0,743.3238930253401,0.0,0.0,-101.56212000000002
8233200.0,920,iso13790,native,True,20.0,673.8978798249153,0.0,1.7000000000000455,836.5133361529926
8236800.0,920,iso13790,native,True,20.000000000000007,638.2879085125746,0.0,4.400000000000034,513.4439277082397
8240400.0,920,iso13790,native,True,20.0,457.58801771763143,0.0,7.2000000000000455,1634.014935307924
8244000.0,920,iso13790,native,True,20.000000000000004,207.55836840624212,0.0,10.0,2712.0248349042886
8247600.0,920,iso13790,native,True,20.35038245002771,0.0,0.0,12.800000000000011,3696.615689342145
8251200.0,920,iso13790,native,True,21.466404240908222,0.0,0.0,14.400000000000034,4507.580625758289
8254800.0,920,iso13790,native,True,22.72222788434647,0.0,0.0,16.700000000000045,4979.502530613953
8258400.0,920,iso13790,native,True,23.96345349051442,0.0,0.0,18.900000000000034,5080.971774217208
8262000.0,920,iso13790,native,True,24.907760183313535,0.0,0.0,19.400000000000034,4722.9371253198215
8265600.0,920,iso13790,native,True,25.629870079066055,0.0,0.0,19.400000000000034,4138.801187224626
8269200.0,920,iso13790,native,True,25.985494856323573,0.0,0.0,18.900000000000034,3081.793436789132
8272800.0,920,iso13790,native,True,25.81886014049679,0.0,0.0,17.200000000000045,1617.3363738665828
8276400.0,920,iso13790,native,True,24.921775283297123,0.0,0.0,12.800000000000011,-101.56212000000002
8280000.0,920,iso13790,native,True,24.578964098880217,0.0,0.0,12.200000000000045,-101.56212000000002
8283600.0,920,iso13790,native,True,24.240130449564575,0.0,0.0,11.700000000000045,-101.56212000000002
8287200.0,920,iso13790,native,True,23.771064847279852,0.0,0.0,10.0,-101.56212000000002
8290800.0,920,iso13790,native,True,23.333795908215535,0.0,0.0,8.900000000000034,-101.56212000000002
8294400.0,920,iso13790,native,True,22.93224747081983,0.0,0.0,8.300000000000011,-101.56212000000002
8298000.0,920,iso13790,native,True,22.47310004975816,0.0,0.0,7.2000000000000455,-101.56212000000002
8301600.0,920,iso13790,native,True,21.997671666647292,0.0,0.0,6.100000000000023,-101.56212000000002
8305200.0,920,iso13790,native,True,21.80069676617741,0.0,0.0,7.800000000000011,-101.56212000000002
8308800.0,920,iso13790,native,True,21.35759399156382,0.0,0.0,6.7000000000000455,-101.56212000000002
8312400.0,920,iso13790,native,True,20.719107851945004,0.0,0.0,3.900000000000034,-101.56212000000002
8316000.0,920,iso13790,native,True,20.256960183918693,0.0,0.0,3.3000000000000114,-101.56212000000002
8319600.0,920,iso13790,native,True,20.594708372609176,0.0,0.0,6.7000000000000455,968.0029258423605
8323200.0,920,iso13790,native,True,20.915367176209887,0.0,0.0,12.200000000000045,510.2063984378508
8326800.0,920,iso13790,native,True,21.431545925170354,0.0,0.0,13.900000000000034,1623.0467471721886
8330400.0,920,iso13790,native,True,22.20246739275599,0.0,0.0,15.600000000000023,2691.4589901790127
8334000.0,920,iso13790,native,True,23.312509411284754,0.0,0.0,18.30000000000001,3702.4262245164064
8337600.0,920,iso13790,native,True,24.464407917452192,0.0,0.0,19.400000000000034,4576.800972451559
8341200.0,920,iso13790,native,True,25.68310180468235,0.0,0.0,21.100000000000023,4937.319416484091
8344800.0,920,iso13790,native,True,26.764833280354114,0.0,0.0,21.700000000000045,4986.4111933782815
8348400.0,920,iso13790,native,True,27.0,0.0,203.21035218773312,21.700000000000045,4870.115031573292
8352000.0,920,iso13790,native,True,27.0,0.0,337.5215561473802,20.0,4160.697647183407
8355600.0,920,iso13790,native,True,26.999999999999996,0.0,404.54247551070347,19.400000000000034,3116.0444550946913
8359200.0,920,iso13790,native,True,26.99999999999999,0.0,295.2409997636635,16.700000000000045,1663.3712526191384
8362800.0,920,iso13790,native,True,27.0,0.0,52.72476661368071,13.900000000000034,-101.56212000000002
8366400.0,920,iso13790,native,True,26.752225785978638,0.0,0.0,12.800000000000011,-101.56212000000002
8370000.0,920,iso13790,native,True,26.31035442435307,0.0,0.0,11.700000000000045,-101.56212000000002
8373600.0,920,iso13790,native,True,25.788694451577292,0.0,0.0,10.0,-101.56212000000002
8377200.0,920,iso13790,native,True,25.23709856234466,0.0,0.0,8.300000000000011,-101.56212000000002
8380800.0,920,iso13790,native,True,24.898090817596607,0.0,0.0,8.900000000000034,-101.56212000000002
8384400.0,920,iso13790,native,True,24.845725164695178,0.0,0.0,12.0,-101.56212000000002
8388000.0,920,iso13790,native,True,24.158666719719932,0.0,0.0,8.300000000000011,-101.56212000000002
8391600.0,920,iso13790,native,True,23.783987959999717,0.0,0.0,8.300000000000011,-101.56212000000002
8395200.0,920,iso13790,native,True,23.303201935871083,0.0,0.0,7.2000000000000455,-101.56212000000002
8398800.0,920,iso13790,native,True,22.922310719956275,0.0,0.0,7.2000000000000455,-101.56212000000002
8402400.0,920,iso13790,native,True,22.498538816127926,0.0,0.0,6.7000000000000455,-101.56212000000002
8406000.0,920,iso13790,native,True,22.480795358030175,0.0,0.0,7.2000000000000455,744.3106397831883
8409600.0,920,iso13790,native,True,22.284452587331376,0.0,0.0,8.300000000000011,367.719534
8413200.0,920,iso13790,native,True,22.75071923558109,0.0,0.0,10.0,1801.0685776794717
8416800.0,920,iso13790,native,True,23.578050419568118,0.0,0.0,13.300000000000011,2820.143167662376
8420400.0,920,iso13790,native,True,24.569279418450193,0.0,0.0,15.600000000000023,3799.807675283456
8424000.0,920,iso13790,native,True,25.549933063360175,0.0,0.0,16.100000000000023,4594.00631355084
8427600.0,920,iso13790,native,True,26.57282095646442,0.0,0.0,17.200000000000045,4884.582238320076
8431200.0,920,iso13790,native,True,27.000000000000004,0.0,145.8518775438468,17.80000000000001,4925.880806003559
8434800.0,920,iso13790,native,True,27.000000000000004,0.0,324.2504876356596,16.700000000000045,4675.535516845017
8438400.0,920,iso13790,native,True,27.0,0.0,418.46756582938315,16.100000000000023,3813.7286269144593
8442000.0,920,iso13790,native,True,26.999999999999996,0.0,439.2279099820932,15.600000000000023,2831.0130176427497
8445600.0,920,iso13790,native,True,26.999999999999996,0.0,348.6711106636975,14.400000000000034,1593.5397420374084
8449200.0,920,iso13790,native,True,27.0,0.0,23.19181182220147,9.400000000000034,-101.56212000000002
8452800.0,920,iso13790,native,True,26.25750014643772,0.0,0.0,5.600000000000023,-101.56212000000002
8456400.0,920,iso13790,native,True,25.46658543335829,0.0,0.0,2.8000000000000114,-101.56212000000002
8460000.0,920,iso13790,native,True,24.80332437406322,0.0,0.0,1.7000000000000455,-101.56212000000002
8463600.0,920,iso13790,native,True,24.244593930373743,0.0,0.0,1.7000000000000455,-101.56212000000002
8467200.0,920,iso13790,native,True,23.700058122780597,0.0,0.0,1.7000000000000455,-101.56212000000002
8470800.0,920,iso13790,native,True,23.106287586234522,0.0,0.0,1.1000000000000227,-101.56212000000002
8474400.0,920,iso13790,native,True,22.2811067129781,0.0,0.0,-1.6999999999999886,-101.56212000000002
8478000.0,920,iso13790,native,True,21.94183960307884,0.0,0.0,0.6000000000000227,-101.56212000000002
8481600.0,920,iso13790,native,True,21.36479121307867,0.0,0.0,0.0,-101.56212000000002
8485200.0,920,iso13790,native,True,21.02892326796937,0.0,0.0,1.7000000000000455,-101.56212000000002
8488800.0,920,iso13790,native,True,20.5030133387278,0.0,0.0,1.1000000000000227,-101.56212000000002
8492400.0,920,iso13790,native,True,20.91141473470653,0.0,0.0,5.600000000000023,1015.9580999051548
8496000.0,920,iso13790,native,True,21.002343338632148,0.0,0.0,9.400000000000034,487.18843905271353
8499600.0,920,iso13790,native,True,21.57237841360698,0.0,0.0,12.200000000000045,1646.2547084119278
8503200.0,920,iso13790,native,True,22.33656485856831,0.0,0.0,13.900000000000034,2812.463812204312
8506800.0,920,iso13790,native,True,23.29723854151051,0.0,0.0,15.600000000000023,3756.9090174943594
8510400.0,920,iso13790,native,True,24.388642311418405,0.0,0.0,16.700000000000045,4619.924824892637
8514000.0,920,iso13790,native,True,25.13215612301267,0.0,0.0,15.600000000000023,4635.467658084383
8517600.0,920,iso13790,native,True,25.069520469580016,0.0,0.0,15.600000000000023,2197.8831726130675
8521200.0,920,iso13790,native,True,25.911380481471543,0.0,0.0,15.0,3930.111838620774
8524800.0,920,iso13790,native,True,26.166256068867543,0.0,0.0,12.200000000000045,3725.1577282661756
8528400.0,920,iso13790,native,True,26.22295851607621,0.0,0.0,11.100000000000023,2808.1151112251164
8532000.0,920,iso13790,native,True,25.329191411710706,0.0,0.0,8.900000000000034,195.11018999999996
8535600.0,920,iso13790,native,True,24.666682537725446,0.0,0.0,6.7000000000000455,-101.56212000000002
8539200.0,920,iso13790,native,True,24.122823261607063,0.0,0.0,5.600000000000023,-101.56212000000002
8542800.0,920,iso13790,native,True,23.270514317386574,0.0,0.0,1.7000000000000455,-101.56212000000002
8546400.0,920,iso13790,native,True,22.91890848596959,0.0,0.0,3.3000000000000114,-101.56212000000002
8550000.0,920,iso13790,native,True,22.564326222134838,0.0,0.0,4.400000000000034,-101.56212000000002
8553600.0,920,iso13790,native,True,22.01544577666974,0.0,0.0,3.3000000000000114,-101.56212000000002
8557200.0,920,iso13790,native,True,21.568190089060526,0.0,0.0,3.3000000000000114,-101.56212000000002
8560800.0,920,iso13790,native,True,21.132297003577857,0.0,0.0,3.3000000000000114,-101.56212000000002
8564400.0,920,iso13790,native,True,20.654920561456418,0.0,0.0,2.8000000000000114,-101.56212000000002
8568000.0,920,iso13790,native,True,20.229526654281106,0.0,0.0,2.8000000000000114,-101.56212000000002
8571600.0,920,iso13790,native,True,19.999999999999996,52.03876462004102,0.0,2.8000000000000114,-101.56212000000002
8575200.0,920,iso13790,native,True,20.000000000000004,180.53751534680427,0.0,2.2000000000000455,-101.56212000000002
8578800.0,920,iso13790,native,True,20.000000000000004,104.46181028949623,0.0,4.400000000000034,1048.4477538001572
8582400.0,920,iso13790,native,True,20.000000000000007,143.9307026395867,0.0,5.0,730.7258171665119
8586000.0,920,iso13790,native,True,19.999999999999996,21.967125572669758,0.0,6.7000000000000455,1811.2905535632856
8589600.0,920,iso13790,native,True,20.53244192346472,0.0,0.0,8.300000000000011,2739.3062322088263
8593200.0,920,iso13790,native,True,21.236876035108935,0.0,0.0,8.900000000000034,3604.531292008237
8596800.0,920,iso13790,native,True,22.288097153521594,0.0,0.0,10.600000000000023,4600.385124054374
8600400.0,920,iso13790,native,True,23.146884062548587,0.0,0.0,10.600000000000023,4910.531853672513
8604000.0,920,iso13790,native,True,24.037684561153235,0.0,0.0,11.100000000000023,5036.970071436409
8607600.0,920,iso13790,native,True,24.645312647102966,0.0,0.0,10.600000000000023,4617.472884458974
8611200.0,920,iso13790,native,True,24.253300402606495,0.0,0.0,10.600000000000023,1591.0350013718917
8614800.0,920,iso13790,native,True,24.60501743411244,0.0,0.0,9.400000000000034,2793.715017638862
8618400.0,920,iso13790,native,True,24.29901844457247,0.0,0.0,7.800000000000011,1660.7327367176845
8622000.0,920,iso13790,native,True,23.300695596961987,0.0,0.0,4.400000000000034,-101.56212000000002
8625600.0,920,iso13790,native,True,22.61748153190497,0.0,0.0,2.2000000000000455,-101.56212000000002
8629200.0,920,iso13790,native,True,21.95880202614264,0.0,0.0,0.6000000000000227,-101.56212000000002
8632800.0,920,iso13790,native,True,21.20262791692503,0.0,0.0,-1.6999999999999886,-101.56212000000002
8636400.0,920,iso13790,native,True,20.417744122563594,0.0,0.0,-3.8999999999999773,-101.56212000000002
8640000.0,920,iso13790,native,True,20.006855937492126,0.0,0.0,-2.1999999999999886,-101.56212000000002
8643600.0,920,iso13790,native,True,20.0,213.81038424291918,0.0,-4.399999999999977,-101.56212000000002
8647200.0,920,iso13790,native,True,20.000000000000004,363.02260146709966,0.0,-4.399999999999977,-101.56212000000002
8650800.0,920,iso13790,native,True,19.999999999999996,583.0181462176038,0.0,-7.199999999999989,-101.56212000000002
8654400.0,920,iso13790,native,True,20.0,740.3263903052066,0.0,-7.7999999999999545,-101.56212000000002
8658000.0,920,iso13790,native,True,20.00000000000001,886.3356849080625,0.0,-8.299999999999955,-101.56212000000002
8661600.0,920,iso13790,native,True,19.999999999999993,941.2199867015754,0.0,-6.699999999999989,106.05371073559311
8665200.0,920,iso13790,native,True,20.000000000000007,745.9556219165339,0.0,0.0,1018.3324934382339
8668800.0,920,iso13790,native,True,19.999999999999996,686.1207257358528,0.0,3.900000000000034,536.9564559515352
8672400.0,920,iso13790,native,True,19.999999999999996,513.6054317364817,0.0,6.100000000000023,1735.5248568769925
8676000.0,920,iso13790,native,True,20.000000000000004,270.21021671357096,0.0,8.300000000000011,2895.882287064651
8679600.0,920,iso13790,native,True,20.0711964743412,0.0,0.0,10.600000000000023,3829.439592818184
8683200.0,920,iso13790,native,True,21.18570414157189,0.0,0.0,12.200000000000045,4692.272741500047
8686800.0,920,iso13790,native,True,22.25779568267214,0.0,0.0,13.300000000000011,5028.002483250411
8690400.0,920,iso13790,native,True,23.380536521390223,0.0,0.0,15.600000000000023,4948.196880008647
8694000.0,920,iso13790,native,True,23.6619752424226,0.0,0.0,15.0,3334.6619288632983
8697600.0,920,iso13790,native,True,24.496388843735165,0.0,0.0,15.600000000000023,3950.0971693523047
8701200.0,920,iso13790,native,True,24.670554986370103,0.0,0.0,13.900000000000034,3041.7245793624584
8704800.0,920,iso13790,native,True,24.39130096296829,0.0,0.0,11.700000000000045,1695.18852542883
8708400.0,920,iso13790,native,True,23.4322688491061,0.0,0.0,7.800000000000011,-101.56212000000002
8712000.0,920,iso13790,native,True,23.115899053467132,0.0,0.0,8.300000000000011,-101.56212000000002
8715600.0,920,iso13790,native,True,22.536459896538634,0.0,0.0,6.100000000000023,-101.56212000000002
8719200.0,920,iso13790,native,True,22.26272824704302,0.0,0.0,7.2000000000000455,-101.56212000000002
8722800.0,920,iso13790,native,True,21.330140240761732,0.0,0.0,1.7000000000000455,-101.56212000000002
8726400.0,920,iso13790,native,True,20.744020556206806,0.0,0.0,0.6000000000000227,-101.56212000000002
8730000.0,920,iso13790,native,True,20.134334202212802,0.0,0.0,-0.5999999999999659,-101.56212000000002
8733600.0,920,iso13790,native,True,20.000000000000004,1.9183688223155566,0.0,2.8000000000000114,-101.56212000000002
8737200.0,920,iso13790,native,True,20.0,116.70614220641025,0.0,2.8000000000000114,-101.56212000000002
8740800.0,920,iso13790,native,True,20.000000000000004,272.5270419684639,0.0,1.1000000000000227,-101.56212000000002
8744400.0,920,iso13790,native,True,19.999999999999996,377.7336683103501,0.0,1.1000000000000227,-101.56212000000002
8748000.0,920,iso13790,native,True,20.000000000000004,463.01216919896416,0.0,0.6000000000000227,159.27458138034774
8751600.0,920,iso13790,native,True,20.000000000000004,320.11521071136764,0.0,5.0,1057.8798350325615
8755200.0,920,iso13790,native,True,20.000000000000007,296.85776507488816,0.0,7.800000000000011,497.0573961465438
8758800.0,920,iso13790,native,True,20.000000000000004,135.27904964042614,0.0,10.0,1644.7666166713257
8762400.0,920,iso13790,native,True,20.343034004803357,0.0,0.0,12.200000000000045,2769.1143375858064
8766000.0,920,iso13790,native,True,21.52013645806792,0.0,0.0,15.600000000000023,3824.298165628512
8769600.0,920,iso13790,native,True,22.84164623612482,0.0,0.0,18.30000000000001,4693.477939952221
8773200.0,920,iso13790,native,True,24.05878140373591,0.0,0.0,20.0,4942.099362476165
8776800.0,920,iso13790,native,True,25.19693492392728,0.0,0.0,20.600000000000023,5108.6894083922725
8780400.0,920,iso13790,native,True,26.109178600447496,0.0,0.0,20.600000000000023,4758.0571073022875
8784000.0,920,iso13790,native,True,26.06187688152145,0.0,0.0,19.400000000000034,2356.1274449387884
8787600.0,920,iso13790,native,True,25.930395061079118,0.0,0.0,18.900000000000034,1045.645218372967
8791200.0,920,iso13790,native,True,25.90695899341044,0.0,0.0,16.700000000000045,1353.458551876373
8794800.0,920,iso13790,native,True,25.137479751730346,0.0,0.0,13.300000000000011,-101.56212000000002
8798400.0,920,iso13790,native,True,24.812402598675938,0.0,0.0,12.800000000000011,-101.56212000000002
8802000.0,920,iso13790,native,True,24.304186716624592,0.0,0.0,10.600000000000023,-101.56212000000002
8805600.0,920,iso13790,native,True,23.805548079089704,0.0,0.0,8.900000000000034,-101.56212000000002
8809200.0,920,iso13790,native,True,23.223831374357104,0.0,0.0,6.7000000000000455,-101.56212000000002
8812800.0,920,iso13790,native,True,22.832254000424324,0.0,0.0,6.7000000000000455,-101.56212000000002
8816400.0,920,iso13790,native,True,22.271929926020505,0.0,0.0,5.0,-101.56212000000002
8820000.0,920,iso13790,native,True,21.97697302708335,0.0,0.0,6.100000000000023,-101.56212000000002
8823600.0,920,iso13790,native,True,21.37057711650578,0.0,0.0,3.900000000000034,-101.56212000000002
8827200.0,920,iso13790,native,True,20.8918787678376,0.0,0.0,3.3000000000000114,-101.56212000000002
8830800.0,920,iso13790,native,True,20.536236227464876,0.0,0.0,3.900000000000034,-101.56212000000002
8834400.0,920,iso13790,native,True,20.24238648102843,0.0,0.0,3.900000000000034,179.37081237553969
8838000.0,920,iso13790,native,True,20.581652437178374,0.0,0.0,7.2000000000000455,1069.2979618813897
8841600.0,920,iso13790,native,True,20.70243439046848,0.0,0.0,10.600000000000023,572.2075752109866
8845200.0,920,iso13790,native,True,21.1873451902653,0.0,0.0,12.200000000000045,1688.0608658379492
8848800.0,920,iso13790,native,True,22.10303703026144,0.0,0.0,15.0,2901.918787063814
8852400.0,920,iso13790,native,True,22.32953594080059,0.0,0.0,16.700000000000045,1647.149291831858
8856000.0,920,iso13790,native,True,23.221191858210737,0.0,0.0,17.80000000000001,3079.415686850434
8859600.0,920,iso13790,native,True,24.270105222253036,0.0,0.0,18.30000000000001,4247.475349456083
8863200.0,920,iso13790,native,True,24.336797134460625,0.0,0.0,15.600000000000023,2945.3132272102903
8866800.0,920,iso13790,native,True,23.892680959991804,0.0,0.0,12.200000000000045,1404.5204113798468
8870400.0,920,iso13790,native,True,23.780085967226583,0.0,0.0,13.900000000000034,432.448038
8874000.0,920,iso13790,native,True,24.006984324218422,0.0,0.0,15.600000000000023,866.9134377963177
8877600.0,920,iso13790,native,True,24.037241880698836,0.0,0.0,13.900000000000034,1383.4982849588773
8881200.0,920,iso13790,native,True,23.255147931932434,0.0,0.0,10.0,87.91137823869424
8884800.0,920,iso13790,native,True,22.625413831612267,0.0,0.0,7.2000000000000455,-101.56212000000002
8888400.0,920,iso13790,native,True,22.492994006859448,0.0,0.0,9.400000000000034,-101.56212000000002
8892000.0,920,iso13790,native,True,22.07295156571736,0.0,0.0,8.300000000000011,-101.56212000000002
8895600.0,920,iso13790,native,True,21.698703442323758,0.0,0.0,7.800000000000011,-101.56212000000002
8899200.0,920,iso13790,native,True,21.310749114425786,0.0,0.0,7.2000000000000455,-101.56212000000002
8902800.0,920,iso13790,native,True,20.980476480438927,0.0,0.0,7.2000000000000455,-101.56212000000002
8906400.0,920,iso13790,native,True,20.658594475430625,0.0,0.0,7.2000000000000455,-101.56212000000002
8910000.0,920,iso13790,native,True,20.22926389603398,0.0,0.0,6.100000000000023,-101.56212000000002
8913600.0,920,iso13790,native,True,20.000000000000004,31.491673459608972,0.0,6.0,-101.56212000000002
8917200.0,920,iso13790,native,True,19.999999999999996,150.60278123754821,0.0,5.0,-101.56212000000002
8920800.0,920,iso13790,native,True,20.0,281.94635997319074,0.0,2.8000000000000114,105.21847161546499
8924400.0,920,iso13790,native,True,19.999999999999996,333.23029778881306,0.0,0.6000000000000227,1033.712905668329
8928000.0,920,iso13790,native,True,20.000000000000004,418.9170457018462,0.0,0.0,705.3418685513107
8931600.0,920,iso13790,native,True,20.000000000000004,487.7908309396262,0.0,0.0,540.328878
8935200.0,920,iso13790,native,True,20.000000000000004,543.4667743540095,0.0,0.0,551.116962
8938800.0,920,iso13790,native,True,20.000000000000004,546.8091958059797,0.0,0.0,1030.800545906528
8942400.0,920,iso13790,native,True,20.000000000000004,453.1395158180992,0.0,2.0,1594.5892372546364
8946000.0,920,iso13790,native,True,20.000000000000004,257.94949959235294,0.0,3.3000000000000114,2964.6150383156605
8949600.0,920,iso13790,native,True,20.0,346.6958388896131,0.0,3.3000000000000114,1132.268401926438
8953200.0,920,iso13790,native,True,20.000000000000004,240.32850021802426,0.0,2.8000000000000114,2420.3018142847645
8956800.0,920,iso13790,native,True,20.0,301.52446328024234,0.0,3.900000000000034,916.8406646667729
8960400.0,920,iso13790,native,True,19.999999999999996,363.8647766523686,0.0,2.8000000000000114,828.8455910591442
8964000.0,920,iso13790,native,True,20.000000000000004,481.0897259664408,0.0,2.2000000000000455,130.381686
8967600.0,920,iso13790,native,True,19.999999999999996,585.1815942561097,0.0,1.7000000000000455,-96.16807800000001
8971200.0,920,iso13790,native,True,19.999999999999996,661.2155825696614,0.0,1.7000000000000455,-101.56212000000002
8974800.0,920,iso13790,native,True,20.0,748.6649146935541,0.0,1.1000000000000227,-101.56212000000002
8978400.0,920,iso13790,native,True,20.000000000000007,865.8936964663791,0.0,-0.5999999999999659,-101.56212000000002
8982000.0,920,iso13790,native,True,20.0,950.3856459346273,0.0,-1.099999999999966,-101.56212000000002
8985600.0,920,iso13790,native,True,20.000000000000004,1013.9312310841348,0.0,-1.0,-101.56212000000002
8989200.0,920,iso13790,native,True,20.00000000000001,1127.8211572950534,0.0,-2.7999999999999545,-101.56212000000002
8992800.0,920,iso13790,native,True,19.99999999999999,1192.2218121305195,0.0,-2.7999999999999545,-101.56212000000002
8996400.0,920,iso13790,native,True,20.000000000000004,1283.9660298212655,0.0,-3.8999999999999773,-101.56212000000002
9000000.0,920,iso13790,native,True,19.999999999999996,1346.6447235377066,0.0,-4.0,-101.56212000000002
9003600.0,920,iso13790,native,True,19.999999999999993,1449.342879263201,0.0,-5.599999999999966,-101.56212000000002
9007200.0,920,iso13790,native,True,20.00000000000001,1471.920295922019,0.0,-4.399999999999977,-96.16807800000001
9010800.0,920,iso13790,native,True,20.00000000000001,1491.014887444418,0.0,-4.399999999999977,189.71614799999998
9014400.0,920,iso13790,native,True,20.0,1466.8296384872074,0.0,-3.2999999999999545,394.68974399999996
9018000.0,920,iso13790,native,True,19.99999999999999,1340.8530112647402,0.0,-2.1999999999999886,1428.1852073838982
9021600.0,920,iso13790,native,True,20.000000000000018,1228.2193306666827,0.0,-1.099999999999966,1727.5311770529715
9025200.0,920,iso13790,native,True,20.0,1020.7730280024481,0.0,0.0,2799.631931920754
9028800.0,920,iso13790,native,True,20.0,856.7585783772757,0.0,1.1000000000000227,2880.3795064257215
9032400.0,920,iso13790,native,True,19.999999999999996,704.5756008227828,0.0,1.7000000000000455,2994.3869538345057
9036000.0,920,iso13790,native,True,20.000000000000007,572.3452924072992,0.0,1.0,3301.8225618429183
9039600.0,920,iso13790,native,True,19.999999999999993,636.1254849149483,0.0,1.7000000000000455,1220.827659845547
9043200.0,920,iso13790,native,True,20.0,388.6432840220417,0.0,1.7000000000000455,3592.960670232726
9046800.0,920,iso13790,native,True,20.000000000000004,591.5830257895093,0.0,1.1000000000000227,432.448038
9050400.0,920,iso13790,native,True,19.999999999999996,667.3404744891814,0.0,0.6000000000000227,294.8866086774369
9054000.0,920,iso13790,native,True,19.999999999999996,790.1057471909138,0.0,-1.099999999999966,100.84908417208493
9057600.0,920,iso13790,native,True,20.000000000000018,877.5491665709428,0.0,-1.099999999999966,-101.56212000000002
9061200.0,920,iso13790,native,True,20.000000000000004,967.6331294245917,0.0,-1.6999999999999886,-101.56212000000002
9064800.0,920,iso13790,native,True,19.999999999999993,1084.3292057080657,0.0,-3.2999999999999545,-101.56212000000002
9068400.0,920,iso13790,native,True,19.999999999999996,1155.793566305953,0.0,-3.2999999999999545,-101.56212000000002
9072000.0,920,iso13790,native,True,19.999999999999993,1206.741339771618,0.0,-2.7999999999999545,-101.56212000000002
9075600.0,920,iso13790,native,True,19.999999999999996,1279.5849677622557,0.0,-3.2999999999999545,-101.56212000000002
9079200.0,920,iso13790,native,True,20.0,1320.5941560229103,0.0,-2.7999999999999545,-101.56212000000002
9082800.0,920,iso13790,native,True,20.000000000000007,1416.8110830700316,0.0,-4.399999999999977,-101.56212000000002
9086400.0,920,iso13790,native,True,20.0,1469.4404616937225,0.0,-4.399999999999977,-101.56212000000002
9090000.0,920,iso13790,native,True,20.000000000000007,1535.57938412512,0.0,-5.0,-101.56212000000002
9093600.0,920,iso13790,native,True,20.0,1543.8674876332059,0.0,-5.0,286.72585000163895
9097200.0,920,iso13790,native,True,20.0,1421.1360563798796,0.0,-2.7999999999999545,1089.423831130408
9100800.0,920,iso13790,native,True,19.999999999999993,1343.0675503966065,0.0,-0.5999999999999659,905.5981711069735
9104400.0,920,iso13790,native,True,20.000000000000004,1213.2558626485686,0.0,0.6000000000000227,1546.4473586159859
9108000.0,920,iso13790,native,True,20.000000000000004,1026.4518419140322,0.0,1.0,2619.672061873538
9111600.0,920,iso13790,native,True,20.0,993.6719910115037,0.0,1.7000000000000455,1547.5294605157512
9115200.0,920,iso13790,native,True,20.00000000000001,1055.3295816770963,0.0,-0.5999999999999659,1041.974784
9118800.0,920,iso13790,native,True,19.999999999999993,987.4703801637351,0.0,0.6000000000000227,1214.584128
9122400.0,920,iso13790,native,True,20.000000000000004,1083.3040337887146,0.0,-1.6999999999999886,653.60376
9126000.0,920,iso13790,native,True,20.000000000000018,1119.8960485617274,0.0,-2.1999999999999886,578.087172
9129600.0,920,iso13790,native,True,20.000000000000018,1148.0820096641974,0.0,-2.0,432.448038
9133200.0,920,iso13790,native,True,19.999999999999996,1146.0761917966934,0.0,-1.099999999999966,432.448038
9136800.0,920,iso13790,native,True,19.999999999999993,1199.1603831642653,0.0,-1.099999999999966,87.22934999999998
9140400.0,920,iso13790,native,True,20.000000000000004,1266.470826284593,0.0,-2.1999999999999886,89.76677193125313
9144000.0,920,iso13790,native,True,19.999999999999996,1308.306473188096,0.0,-1.6999999999999886,-101.56212000000002
9147600.0,920,iso13790,native,True,20.0,1365.1376450525904,0.0,-2.1999999999999886,-101.56212000000002
9151200.0,920,iso13790,native,True,19.999999999999986,1423.9339018094252,0.0,-2.7999999999999545,-101.56212000000002
9154800.0,920,iso13790,native,True,20.00000000000001,1497.07512834559,0.0,-3.8999999999999773,-101.56212000000002
9158400.0,920,iso13790,native,True,19.999999999999993,1589.9374117271723,0.0,-5.599999999999966,-101.56212000000002
9162000.0,920,iso13790,native,True,19.999999999999986,1669.7540159574917,0.0,-6.699999999999989,-101.56212000000002
9165600.0,920,iso13790,native,True,20.000000000000004,1718.506888891552,0.0,-6.699999999999989,-101.56212000000002
9169200.0,920,iso13790,native,True,20.000000000000014,1745.610750061902,0.0,-6.099999999999966,-101.56212000000002
9172800.0,920,iso13790,native,True,19.999999999999996,1801.7220115081832,0.0,-6.699999999999989,-101.56212000000002
9176400.0,920,iso13790,native,True,20.0,1854.6589171219396,0.0,-7.199999999999989,-101.56212000000002
9180000.0,920,iso13790,native,True,19.999999999999996,1861.4640289861325,0.0,-7.199999999999989,203.11650025202204
9183600.0,920,iso13790,native,True,20.000000000000004,1745.3289875291402,0.0,-5.599999999999966,1069.7752670684042
9187200.0,920,iso13790,native,True,19.999999999999986,1644.6123825555426,0.0,-2.7999999999999545,886.7719291029998
9190800.0,920,iso13790,native,True,20.000000000000004,1454.8116647972042,0.0,-0.5999999999999659,1756.8893853755076
9194400.0,920,iso13790,native,True,20.0,1177.3985661316171,0.0,2.2000000000000455,2790.9418829705965
9198000.0,920,iso13790,native,True,20.000000000000004,887.5213700668039,0.0,3.3000000000000114,3846.0738681675257
9201600.0,920,iso13790,native,True,19.999999999999993,544.4596888955133,0.0,5.600000000000023,4593.175590497517
9205200.0,920,iso13790,native,True,20.000000000000004,221.0849677634313,0.0,7.2000000000000455,5009.514843872543
9208800.0,920,iso13790,native,True,20.366942526807197,0.0,0.0,9.400000000000034,5151.53616704035
9212400.0,920,iso13790,native,True,21.256054755582213,0.0,0.0,10.600000000000023,4810.119455283811
9216000.0,920,iso13790,native,True,21.95515274089731,0.0,0.0,11.700000000000045,4151.432268729736
9219600.0,920,iso13790,native,True,22.336941514222865,0.0,0.0,12.200000000000045,3151.910185505029
9223200.0,920,iso13790,native,True,22.198573322602723,0.0,0.0,11.100000000000023,1764.4359418247182
9226800.0,920,iso13790,native,True,21.415036567064387,0.0,0.0,7.800000000000011,126.86938939317588
9230400.0,920,iso13790,native,True,20.886259177687812,0.0,0.0,6.100000000000023,-101.56212000000002
9234000.0,920,iso13790,native,True,20.4231990646326,0.0,0.0,5.0,-101.56212000000002
9237600.0,920,iso13790,native,True,20.059583430191317,0.0,0.0,5.0,-101.56212000000002
9241200.0,920,iso13790,native,True,20.000000000000007,65.16112587819657,0.0,5.600000000000023,-101.56212000000002
9244800.0,920,iso13790,native,True,19.999999999999996,154.86849884082363,0.0,5.600000000000023,-101.56212000000002
9248400.0,920,iso13790,native,True,20.000000000000004,255.1086110703445,0.0,5.0,-101.56212000000002
9252000.0,920,iso13790,native,True,19.999999999999993,316.11751979453885,0.0,5.600000000000023,-101.56212000000002
9255600.0,920,iso13790,native,True,20.000000000000004,403.41176409526736,0.0,5.0,-101.56212000000002
9259200.0,920,iso13790,native,True,20.0,487.9839437141521,0.0,4.400000000000034,-101.56212000000002
9262800.0,920,iso13790,native,True,19.999999999999993,567.0967844003582,0.0,3.900000000000034,-101.56212000000002
9266400.0,920,iso13790,native,True,20.000000000000004,552.3603687843257,0.0,5.0,333.25293535015464
9270000.0,920,iso13790,native,True,20.000000000000004,312.60385566974963,0.0,11.700000000000045,1030.1587119803687
9273600.0,920,iso13790,native,True,19.999999999999996,240.25700095715774,0.0,14.400000000000034,533.5922802042043
9277200.0,920,iso13790,native,True,20.0,46.0815804424725,0.0,16.100000000000023,1706.6215435192057
9280800.0,920,iso13790,native,True,20.67813815612663,0.0,0.0,17.200000000000045,2804.8540203219177
9284400.0,920,iso13790,native,True,21.737081331721082,0.0,0.0,18.30000000000001,3852.6799078244453
9288000.0,920,iso13790,native,True,22.855023890703347,0.0,0.0,18.900000000000034,4576.4971771499495
9291600.0,920,iso13790,native,True,23.77902901762171,0.0,0.0,19.400000000000034,4387.709806037171
9295200.0,920,iso13790,native,True,24.338679086613627,0.0,0.0,19.400000000000034,3472.1356846893427
9298800.0,920,iso13790,native,True,25.202318368760192,0.0,0.0,19.400000000000034,3998.1500405599886
9302400.0,920,iso13790,native,True,25.188517680019565,0.0,0.0,20.0,1640.9622470925858
9306000.0,920,iso13790,native,True,24.94327108330799,0.0,0.0,17.80000000000001,839.1027892732837
9309600.0,920,iso13790,native,True,25.121956036228063,0.0,0.0,17.0,1433.1429181751284
9313200.0,920,iso13790,native,True,24.727872286033893,0.0,0.0,16.100000000000023,167.54095521472053
9316800.0,920,iso13790,native,True,24.088773153689406,0.0,0.0,12.200000000000045,-101.56212000000002
9320400.0,920,iso13790,native,True,23.762392883571714,0.0,0.0,11.700000000000045,-101.56212000000002
9324000.0,920,iso13790,native,True,23.368533028452585,0.0,0.0,10.600000000000023,-101.56212000000002
9327600.0,920,iso13790,native,True,22.893664822197756,0.0,0.0,8.900000000000034,-101.56212000000002
9331200.0,920,iso13790,native,True,22.566366733341816,0.0,0.0,8.900000000000034,-101.56212000000002
9334800.0,920,iso13790,native,True,22.1317576665721,0.0,0.0,7.800000000000011,-101.56212000000002
9338400.0,920,iso13790,native,True,21.732801526990844,0.0,0.0,7.2000000000000455,-101.56212000000002
9342000.0,920,iso13790,native,True,21.391806584102437,0.0,0.0,7.2000000000000455,-101.56212000000002
9345600.0,920,iso13790,native,True,21.006917382116736,0.0,0.0,6.7000000000000455,-101.56212000000002
9349200.0,920,iso13790,native,True,20.724218352025158,0.0,0.0,7.2000000000000455,-101.56212000000002
9352800.0,920,iso13790,native,True,20.714941382425444,0.0,0.0,8.300000000000011,430.42420964197913
9356400.0,920,iso13790,native,True,21.027981799189924,0.0,0.0,10.600000000000023,1110.4234116355624
9360000.0,920,iso13790,native,True,21.316441127879568,0.0,0.0,15.0,553.6564340662217
9363600.0,920,iso13790,native,True,22.089940586659495,0.0,0.0,18.30000000000001,1719.003759436751
9367200.0,920,iso13790,native,True,22.88015355444331,0.0,0.0,18.900000000000034,2840.8117102698775
9370800.0,920,iso13790,native,True,23.717373083842293,0.0,0.0,19.400000000000034,3459.4190091640203
9374400.0,920,iso13790,native,True,24.306173704296626,0.0,0.0,21.100000000000023,2682.289269367247
9378000.0,920,iso13790,native,True,25.517750842981794,0.0,0.0,21.100000000000023,4534.0821453449
9381600.0,920,iso13790,native,True,26.7798658797691,0.0,0.0,22.80000000000001,4995.785916142666
9385200.0,920,iso13790,native,True,27.0,0.0,84.51878761545004,21.700000000000045,3898.8892544616206
9388800.0,920,iso13790,native,True,27.000000000000018,0.0,261.7635582371701,22.200000000000045,3461.794689960812
9392400.0,920,iso13790,native,True,26.99999999999999,0.0,250.5791921524574,21.100000000000023,1992.6336748537788
9396000.0,920,iso13790,native,True,27.0,0.0,177.86202621342323,18.30000000000001,1367.6078693837312
9399600.0,920,iso13790,native,True,26.99999999999999,0.0,6.182596471470239,16.700000000000045,-74.59191000000001
9403200.0,920,iso13790,native,True,26.71986684909212,0.0,0.0,16.100000000000023,-101.56212000000002
9406800.0,920,iso13790,native,True,26.24702856001021,0.0,0.0,13.900000000000034,-101.56212000000002
9410400.0,920,iso13790,native,True,25.73031145200426,0.0,0.0,11.700000000000045,-101.56212000000002
9414000.0,920,iso13790,native,True,25.339013601615466,0.0,0.0,11.100000000000023,-101.56212000000002
9417600.0,920,iso13790,native,True,24.826787601708027,0.0,0.0,9.400000000000034,-101.56212000000002
9421200.0,920,iso13790,native,True,24.589218296017087,0.0,0.0,10.600000000000023,-101.56212000000002
9424800.0,920,iso13790,native,True,24.02026963766242,0.0,0.0,8.300000000000011,-101.56212000000002
9428400.0,920,iso13790,native,True,23.533480839801776,0.0,0.0,7.2000000000000455,-101.56212000000002
9432000.0,920,iso13790,native,True,23.262365389678195,0.0,0.0,8.300000000000011,-101.56212000000002
9435600.0,920,iso13790,native,True,22.973526056352775,0.0,0.0,8.900000000000034,-101.56212000000002
9439200.0,920,iso13790,native,True,22.60530112918012,0.0,0.0,8.300000000000011,-34.052170104480325
9442800.0,920,iso13790,native,True,22.772121688736643,0.0,0.0,11.100000000000023,505.3411475391295
9446400.0,920,iso13790,native,True,23.10495942830995,0.0,0.0,13.900000000000034,995.8969904735751
9450000.0,920,iso13790,native,True,23.770197668560964,0.0,0.0,16.700000000000045,1943.5985073068573
9453600.0,920,iso13790,native,True,24.607101043440124,0.0,0.0,18.30000000000001,2999.374287851414
9457200.0,920,iso13790,native,True,25.58984471528594,0.0,0.0,19.400000000000034,3917.657067611626
9460800.0,920,iso13790,native,True,25.81140027228619,0.0,0.0,19.400000000000034,2470.08115012872
9464400.0,920,iso13790,native,True,26.410616589022773,0.0,0.0,21.100000000000023,2467.9921821133953
9468000.0,920,iso13790,native,True,27.000000000000004,0.0,4.860859636222668,21.100000000000023,2908.9741372129074
9471600.0,920,iso13790,native,True,26.66760430810173,0.0,0.0,20.600000000000023,605.057382
9475200.0,920,iso13790,native,True,26.666120018793933,0.0,0.0,20.0,702.150138
9478800.0,920,iso13790,native,True,26.464025312032724,0.0,0.0,18.30000000000001,545.7229199999999
9482400.0,920,iso13790,native,True,26.172016014092367,0.0,0.0,17.200000000000045,162.74593799999997
9486000.0,920,iso13790,native,True,25.806782078623403,0.0,0.0,15.0,186.77225138795092
9489600.0,920,iso13790,native,True,25.403920208267692,0.0,0.0,13.900000000000034,-101.56212000000002
9493200.0,920,iso13790,native,True,24.961179692544174,0.0,0.0,12.200000000000045,-101.56212000000002
9496800.0,920,iso13790,native,True,24.896445161311043,0.0,0.0,14.400000000000034,-101.56212000000002
9500400.0,920,iso13790,native,True,24.42674241990555,0.0,0.0,12.200000000000045,-101.56212000000002
9504000.0,920,iso13790,native,True,23.976149948540584,0.0,0.0,10.600000000000023,-101.56212000000002
9507600.0,920,iso13790,native,True,23.538402427498927,0.0,0.0,9.400000000000034,-101.56212000000002
9511200.0,920,iso13790,native,True,23.15486996663513,0.0,0.0,8.900000000000034,-101.56212000000002
9514800.0,920,iso13790,native,True,22.7053098812974,0.0,0.0,7.800000000000011,-101.56212000000002
9518400.0,920,iso13790,native,True,22.123599228017742,0.0,0.0,5.600000000000023,-101.56212000000002
9522000.0,920,iso13790,native,True,21.784585041844558,0.0,0.0,6.100000000000023,-101.56212000000002
9525600.0,920,iso13790,native,True,21.298702816835988,0.0,0.0,5.0,-101.56212000000002
9529200.0,920,iso13790,native,True,21.724184868935982,0.0,0.0,8.300000000000011,1195.6974777701423
9532800.0,920,iso13790,native,True,21.641833943190274,0.0,0.0,10.0,557.048537221588
9536400.0,920,iso13790,native,True,22.17728542883197,0.0,0.0,12.200000000000045,1756.2955575484407
9540000.0,920,iso13790,native,True,22.846487665845448,0.0,0.0,13.300000000000011,2809.843637111212
9543600.0,920,iso13790,native,True,23.793517810139797,0.0,0.0,14.400000000000034,3972.6748083843113
9547200.0,920,iso13790,native,True,24.407754469490868,0.0,0.0,14.400000000000034,3815.977196244039
9550800.0,920,iso13790,native,True,25.13580455217905,0.0,0.0,15.0,3939.2101484346776
9554400.0,920,iso13790,native,True,25.797344098318742,0.0,0.0,15.600000000000023,3811.3547176587604
9558000.0,920,iso13790,native,True,25.320957360382764,0.0,0.0,14.400000000000034,1115.254173306081
9561600.0,920,iso13790,native,True,25.04163965302742,0.0,0.0,13.0,707.54418
9565200.0,920,iso13790,native,True,25.069992826657533,0.0,0.0,13.300000000000011,985.7655044462595
9568800.0,920,iso13790,native,True,24.53663241004578,0.0,0.0,11.700000000000045,65.65318199999999
9572400.0,920,iso13790,native,True,23.743924607981274,0.0,0.0,7.2000000000000455,-96.16807800000001
9576000.0,920,iso13790,native,True,23.298514312792726,0.0,0.0,6.7000000000000455,-101.56212000000002
9579600.0,920,iso13790,native,True,22.84197085883571,0.0,0.0,6.100000000000023,-101.56212000000002
9583200.0,920,iso13790,native,True,22.392294326439504,0.0,0.0,5.600000000000023,-101.56212000000002
9586800.0,920,iso13790,native,True,21.93082786030815,0.0,0.0,5.0,-101.56212000000002
9590400.0,920,iso13790,native,True,21.465841927638653,0.0,0.0,4.400000000000034,-101.56212000000002
9594000.0,920,iso13790,native,True,21.007937399049087,0.0,0.0,3.900000000000034,-101.56212000000002
9597600.0,920,iso13790,native,True,20.506917596253995,0.0,0.0,3.0,-101.56212000000002
9601200.0,920,iso13790,native,True,20.006273095879898,0.0,0.0,2.2000000000000455,-101.56212000000002
9604800.0,920,iso13790,native,True,19.999999999999996,182.5368931044041,0.0,0.0,-101.56212000000002
9608400.0,920,iso13790,native,True,19.999999999999996,302.8266786352651,0.0,0.0,-101.56212000000002
9612000.0,920,iso13790,native,True,20.0,413.4590059846472,0.0,0.0,-101.56212000000002
9615600.0,920,iso13790,native,True,19.999999999999996,496.74501386005716,0.0,0.0,81.83530799999998
9619200.0,920,iso13790,native,True,20.000000000000004,561.1095887337327,0.0,0.0,276.02082
9622800.0,920,iso13790,native,True,20.000000000000007,609.0452263441971,0.0,0.0,464.81228999999996
9626400.0,920,iso13790,native,True,20.000000000000004,631.5237802050823,0.0,0.6000000000000227,578.087172
9630000.0,920,iso13790,native,True,19.999999999999993,603.8642797320551,0.0,2.2000000000000455,766.878642
9633600.0,920,iso13790,native,True,20.000000000000007,641.4855401671819,0.0,1.7000000000000455,718.332264
9637200.0,920,iso13790,native,True,20.000000000000004,626.014381425326,0.0,1.7000000000000455,1085.1271199999999
9640800.0,920,iso13790,native,True,20.000000000000007,616.4627862889427,0.0,2.0,1095.915204
9644400.0,920,iso13790,native,True,19.999999999999993,607.732462754698,0.0,2.2000000000000455,1107.7205154530066
9648000.0,920,iso13790,native,True,20.000000000000004,657.6227725248848,0.0,2.8000000000000114,405.47782800000004
9651600.0,920,iso13790,native,True,20.0,705.7795208442521,0.0,2.8000000000000114,238.262526
9655200.0,920,iso13790,native,True,20.000000000000004,743.2836551832352,0.0,3.3000000000000114,92.623392
9658800.0,920,iso13790,native,True,19.99999999999999,809.4200328473801,0.0,3.0,-79.98595200000001
9662400.0,920,iso13790,native,True,19.999999999999993,882.4559706572034,0.0,2.2000000000000455,-101.56212000000002
9666000.0,920,iso13790,native,True,20.000000000000004,945.6152594573784,0.0,1.7000000000000455,-101.56212000000002
9669600.0,920,iso13790,native,True,19.999999999999996,1010.2315806631091,0.0,1.1000000000000227,-101.56212000000002
9673200.0,920,iso13790,native,True,20.000000000000007,1088.7256081246585,0.0,0.0,-101.56212000000002
9676800.0,920,iso13790,native,True,20.00000000000001,1136.2620872861125,0.0,0.0,-101.56212000000002
9680400.0,920,iso13790,native,True,19.999999999999996,1179.9821030831076,0.0,0.0,-101.56212000000002
9684000.0,920,iso13790,native,True,20.00000000000001,1220.1920600468527,0.0,0.0,-101.56212000000002
9687600.0,920,iso13790,native,True,20.0,1257.173763039212,0.0,0.0,-101.56212000000002
9691200.0,920,iso13790,native,True,20.000000000000014,1308.921282534255,0.0,-0.5999999999999659,-101.56212000000002
9694800.0,920,iso13790,native,True,20.000000000000004,1343.0657137075395,0.0,-0.5999999999999659,-101.56212000000002
9698400.0,920,iso13790,native,True,20.00000000000002,1386.2921214809908,0.0,-1.0,-101.56212000000002
9702000.0,920,iso13790,native,True,20.000000000000004,1379.308345775087,0.0,-1.099999999999966,302.99102999999997
9705600.0,920,iso13790,native,True,19.999999999999993,1385.6948823818004,0.0,-1.099999999999966,313.77911399999994
9709200.0,920,iso13790,native,True,19.999999999999986,1376.793181133648,0.0,-1.099999999999966,464.81228999999996
9712800.0,920,iso13790,native,True,20.00000000000001,1359.4248775795181,0.0,-1.099999999999966,615.845466
9716400.0,920,iso13790,native,True,20.000000000000004,1326.5504820272652,0.0,-0.5999999999999659,696.756096
9720000.0,920,iso13790,native,True,19.999999999999996,1274.550858284854,0.0,0.0,880.153524
9723600.0,920,iso13790,native,True,19.999999999999996,1233.3703920830833,0.0,0.0,1020.398616
9727200.0,920,iso13790,native,True,20.000000000000004,1154.5576280249134,0.0,0.0,1482.5887488766798
9730800.0,920,iso13790,native,True,20.000000000000004,1093.4894398608722,0.0,1.0,1258.7181042651193
9734400.0,920,iso13790,native,True,20.000000000000004,1085.6091476983943,0.0,1.7000000000000455,707.54418
9738000.0,920,iso13790,native,True,20.000000000000007,1134.331996393792,0.0,1.1000000000000227,265.23273599999993
9741600.0,920,iso13790,native,True,19.999999999999996,1182.3806970959322,0.0,0.6000000000000227,71.04722399999999
9745200.0,920,iso13790,native,True,20.000000000000004,1191.577072775496,0.0,0.6000000000000227,230.3836134444229
9748800.0,920,iso13790,native,True,20.000000000000004,1239.8107248990996,0.0,0.6000000000000227,-101.56212000000002
9752400.0,920,iso13790,native,True,19.99999999999999,1256.1519208568209,0.0,1.1000000000000227,-101.56212000000002
9756000.0,920,iso13790,native,True,19.99999999999998,1282.3882830802238,0.0,1.1000000000000227,-101.56212000000002
9759600.0,920,iso13790,native,True,20.0,1321.2973357925684,0.0,0.6000000000000227,-101.56212000000002
9763200.0,920,iso13790,native,True,19.999999999999986,1345.8754593546807,0.0,0.6000000000000227,-101.56212000000002
9766800.0,920,iso13790,native,True,20.000000000000004,1403.9501103450048,0.0,-0.5999999999999659,-101.56212000000002
9770400.0,920,iso13790,native,True,20.000000000000004,1445.2442330536694,0.0,-1.099999999999966,-101.56212000000002
9774000.0,920,iso13790,native,True,20.00000000000001,1472.0159414112054,0.0,-1.099999999999966,-101.56212000000002
9777600.0,920,iso13790,native,True,20.000000000000004,1496.6382847767825,0.0,-1.099999999999966,-101.56212000000002
9781200.0,920,iso13790,native,True,20.000000000000007,1519.2838247892457,0.0,-1.099999999999966,-101.56212000000002
9784800.0,920,iso13790,native,True,20.00000000000001,1540.111268986657,0.0,-1.099999999999966,-101.56212000000002
9788400.0,920,iso13790,native,True,20.000000000000007,1395.8167734508402,0.0,0.0,1198.9699566725599
9792000.0,920,iso13790,native,True,19.99999999999998,1321.1006196972605,0.0,1.7000000000000455,884.0066410908613
9795600.0,920,iso13790,native,True,20.000000000000007,1114.5960365288825,0.0,3.3000000000000114,2036.5311352647448
9799200.0,920,iso13790,native,True,19.999999999999996,972.6271073735721,0.0,3.900000000000034,2196.886431787324
9802800.0,920,iso13790,native,True,20.000000000000004,800.8606951494443,0.0,5.600000000000023,2304.074275532186
9806400.0,920,iso13790,native,True,20.000000000000004,509.4297438285764,0.0,6.7000000000000455,3727.6194046948845
9810000.0,920,iso13790,native,True,20.0,414.5415684502963,0.0,7.800000000000011,2493.7936739444467
9813600.0,920,iso13790,native,True,20.0,312.79422126703815,0.0,8.300000000000011,2246.8487811503796
9817200.0,920,iso13790,native,True,20.0,252.1620316619268,0.0,7.800000000000011,2079.876568676802
9820800.0,920,iso13790,native,True,20.0,289.1441738150965,0.0,7.800000000000011,981.1937002532419
9824400.0,920,iso13790,native,True,20.000000000000004,372.5235734698361,0.0,6.7000000000000455,378.5076179999999
9828000.0,920,iso13790,native,True,19.999999999999996,449.2023222753432,0.0,6.100000000000023,71.04722399999999
9831600.0,920,iso13790,native,True,19.999999999999993,527.2729663931012,0.0,5.0,63.62884543021137
9835200.0,920,iso13790,native,True,20.000000000000004,608.4902402118956,0.0,4.400000000000034,-101.56212000000002
9838800.0,920,iso13790,native,True,20.0,674.972425096941,0.0,4.0,-101.56212000000002
9842400.0,920,iso13790,native,True,20.000000000000004,730.1072122665171,0.0,3.900000000000034,-101.56212000000002
9846000.0,920,iso13790,native,True,20.00000000000001,778.5740827315055,0.0,3.900000000000034,-101.56212000000002
9849600.0,920,iso13790,native,True,20.000000000000004,840.8846837208409,0.0,3.3000000000000114,-101.56212000000002
9853200.0,920,iso13790,native,True,20.0,884.7441400272904,0.0,3.3000000000000114,-101.56212000000002
9856800.0,920,iso13790,native,True,20.000000000000004,957.5963080748984,0.0,2.2000000000000455,-101.56212000000002
9860400.0,920,iso13790,native,True,19.999999999999993,1014.7229594141962,0.0,1.7000000000000455,-101.56212000000002
9864000.0,920,iso13790,native,True,19.999999999999993,1073.7909730940141,0.0,1.1000000000000227,-101.56212000000002
9867600.0,920,iso13790,native,True,20.000000000000004,1082.1542074703566,0.0,2.2000000000000455,-101.56212000000002
9871200.0,920,iso13790,native,True,20.000000000000007,1149.971440712086,0.0,1.0,-101.56212000000002
9874800.0,920,iso13790,native,True,19.999999999999986,1112.4564689429817,0.0,0.6000000000000227,740.857394058057
9878400.0,920,iso13790,native,True,20.000000000000004,1126.7054342038896,0.0,1.0,383.90166
9882000.0,920,iso13790,native,True,20.000000000000004,1131.1549910265426,0.0,0.6000000000000227,534.934836
9885600.0,920,iso13790,native,True,19.999999999999993,938.3762677752899,0.0,3.3000000000000114,1668.4707472742937
9889200.0,920,iso13790,native,True,20.000000000000004,671.996854141551,0.0,5.0,3104.3556214779464
9892800.0,920,iso13790,native,True,20.000000000000004,443.2567900787187,0.0,6.7000000000000455,3391.189930654884
9896400.0,920,iso13790,native,True,20.0,311.98586884606686,0.0,7.800000000000011,2774.6440273711614
9900000.0,920,iso13790,native,True,19.999999999999993,244.28771207301483,0.0,7.800000000000011,2248.5012696044696
9903600.0,920,iso13790,native,True,20.000000000000004,70.37908440539391,0.0,8.300000000000011,3002.179162071356
9907200.0,920,iso13790,native,True,20.000000000000004,177.36327893418402,0.0,9.400000000000034,437.84207999999995
9910800.0,920,iso13790,native,True,20.000000000000004,201.62853875313127,0.0,7.2000000000000455,1048.9423080439844
9914400.0,920,iso13790,native,True,19.999999999999993,228.0371426445818,0.0,7.2000000000000455,760.6320669595115
9918000.0,920,iso13790,native,True,20.0,354.7939632737517,0.0,5.0,274.5224357318429
9921600.0,920,iso13790,native,True,20.000000000000007,473.0500888033205,0.0,3.900000000000034,-101.56212000000002
9925200.0,920,iso13790,native,True,20.000000000000004,542.154774932719,0.0,3.900000000000034,-101.56212000000002
9928800.0,920,iso13790,native,True,19.999999999999996,670.739326595774,0.0,1.7000000000000455,-101.56212000000002
9932400.0,920,iso13790,native,True,19.999999999999993,757.4240455045252,0.0,1.1000000000000227,-101.56212000000002
9936000.0,920,iso13790,native,True,19.999999999999996,838.4798203910394,0.0,0.6000000000000227,-101.56212000000002
9939600.0,920,iso13790,native,True,19.999999999999993,901.8209190777548,0.0,0.6000000000000227,-101.56212000000002
9943200.0,920,iso13790,native,True,20.000000000000004,977.8115717725099,0.0,0.0,-101.56212000000002
9946800.0,920,iso13790,native,True,20.000000000000004,1016.5178873591732,0.0,0.6000000000000227,-101.56212000000002
9950400.0,920,iso13790,native,True,19.999999999999996,1083.300100868239,0.0,0.0,-101.56212000000002
9954000.0,920,iso13790,native,True,20.000000000000004,1163.7861321000883,0.0,-1.099999999999966,-101.56212000000002
9957600.0,920,iso13790,native,True,20.000000000000004,1162.9058312833597,0.0,0.6000000000000227,-101.56212000000002
9961200.0,920,iso13790,native,True,19.999999999999996,990.1987854994782,0.0,3.3000000000000114,1191.6076358997584
9964800.0,920,iso13790,native,True,20.0,879.1123026342508,0.0,7.0,744.4582441766304
9968400.0,920,iso13790,native,True,19.999999999999993,735.6556850956541,0.0,6.100000000000023,2065.367841943286
9972000.0,920,iso13790,native,True,20.000000000000007,675.1861187260297,0.0,7.800000000000011,1179.363881078431
9975600.0,920,iso13790,native,True,19.999999999999993,418.1977502901421,0.0,8.900000000000034,2884.016102443539
9979200.0,920,iso13790,native,True,20.000000000000004,42.16948510050219,0.0,11.100000000000023,4545.704637286021
9982800.0,920,iso13790,native,True,20.52818554478113,0.0,0.0,11.100000000000023,4152.873429765753
9986400.0,920,iso13790,native,True,21.37813854034834,0.0,0.0,11.700000000000045,4372.043056645966
9990000.0,920,iso13790,native,True,22.057982775333794,0.0,0.0,12.200000000000045,4030.852809939736
9993600.0,920,iso13790,native,True,22.147010074777665,0.0,0.0,12.200000000000045,2405.055031264466
9997200.0,920,iso13790,native,True,21.871886268498933,0.0,0.0,11.700000000000045,896.9379016613211
10000800.0,920,iso13790,native,True,21.498772264762717,0.0,0.0,11.100000000000023,71.04722399999999
10004400.0,920,iso13790,native,True,21.173106709394254,0.0,0.0,10.0,39.24847070720455
10008000.0,920,iso13790,native,True,20.60317016329311,0.0,0.0,7.2000000000000455,-101.56212000000002
10011600.0,920,iso13790,native,True,20.175247647392133,0.0,0.0,6.100000000000023,-101.56212000000002
10015200.0,920,iso13790,native,True,20.000000000000004,75.85326995949494,0.0,5.0,-101.56212000000002
10018800.0,920,iso13790,native,True,19.999999999999993,136.4746076922797,0.0,6.100000000000023,-101.56212000000002
10022400.0,920,iso13790,native,True,20.0,216.88462501501533,0.0,6.100000000000023,-101.56212000000002
10026000.0,920,iso13790,native,True,20.000000000000004,355.8668600379234,0.0,3.900000000000034,-101.56212000000002
10029600.0,920,iso13790,native,True,19.999999999999996,419.6005193773407,0.0,4.400000000000034,-101.56212000000002
10033200.0,920,iso13790,native,True,20.0,421.44069777181073,0.0,6.7000000000000455,-101.56212000000002
10036800.0,920,iso13790,native,True,20.0,492.4207715653329,0.0,6.100000000000023,-101.56212000000002
10040400.0,920,iso13790,native,True,20.000000000000004,511.739707027085,0.0,7.2000000000000455,-101.56212000000002
10044000.0,920,iso13790,native,True,20.000000000000004,503.9144271099795,0.0,8.900000000000034,-101.56212000000002
10047600.0,920,iso13790,native,True,20.000000000000004,391.39935163236447,0.0,11.100000000000023,677.0965162808529
10051200.0,920,iso13790,native,True,20.000000000000004,340.24897021536583,0.0,11.700000000000045,779.4501323228179
10054800.0,920,iso13790,native,True,20.000000000000004,187.10227840087538,0.0,13.300000000000011,1537.7158682107793
10058400.0,920,iso13790,native,True,20.346610750107125,0.0,0.0,15.600000000000023,2946.585049643434
10062000.0,920,iso13790,native,True,21.485806373086646,0.0,0.0,17.200000000000045,4076.195088735686
10065600.0,920,iso13790,native,True,22.317713522734277,0.0,0.0,17.200000000000045,4102.523034797543
10069200.0,920,iso13790,native,True,23.57772721981604,0.0,0.0,18.30000000000001,5044.754148311815
10072800.0,920,iso13790,native,True,24.673596888149557,0.0,0.0,19.400000000000034,4970.9597691795125
10076400.0,920,iso13790,native,True,25.06666127654004,0.0,0.0,21.700000000000045,2626.1608601358416
10080000.0,920,iso13790,native,True,24.82990393708164,0.0,0.0,18.900000000000034,1300.0281318650577
10083600.0,920,iso13790,native,True,24.61704607722796,0.0,0.0,17.80000000000001,524.146752
10087200.0,920,iso13790,native,True,24.395070407908964,0.0,0.0,16.100000000000023,430.37905532240177
10090800.0,920,iso13790,native,True,23.74645432328023,0.0,0.0,12.200000000000045,-47.62170000000001
10094400.0,920,iso13790,native,True,23.421119123645397,0.0,0.0,11.700000000000045,-101.56212000000002
10098000.0,920,iso13790,native,True,23.035929382865117,0.0,0.0,10.600000000000023,-101.56212000000002
10101600.0,920,iso13790,native,True,22.622068315355367,0.0,0.0,9.400000000000034,-101.56212000000002
10105200.0,920,iso13790,native,True,22.198746720805442,0.0,0.0,8.300000000000011,-101.56212000000002
10108800.0,920,iso13790,native,True,21.82130275141969,0.0,0.0,7.800000000000011,-101.56212000000002
10112400.0,920,iso13790,native,True,21.430233768507062,0.0,0.0,7.2000000000000455,-101.56212000000002
10116000.0,920,iso13790,native,True,21.096925607813297,0.0,0.0,7.2000000000000455,-101.56212000000002
10119600.0,920,iso13790,native,True,20.656459156040015,0.0,0.0,6.100000000000023,-101.56212000000002
10123200.0,920,iso13790,native,True,20.37793193536356,0.0,0.0,6.7000000000000455,-101.56212000000002
10126800.0,920,iso13790,native,True,20.0,66.26904857426165,0.0,3.900000000000034,-101.56212000000002
10130400.0,920,iso13790,native,True,19.999999999999996,135.51816045444858,0.0,5.0,-101.56212000000002
10134000.0,920,iso13790,native,True,20.0,79.73312833299092,0.0,7.800000000000011,507.97433742466075
10137600.0,920,iso13790,native,True,20.000000000000004,7.355244892049516,0.0,9.400000000000034,1112.393305184282
10141200.0,920,iso13790,native,True,20.18440988491673,0.0,0.0,10.600000000000023,1282.704939695328
10144800.0,920,iso13790,native,True,20.866075852418536,0.0,0.0,11.700000000000045,2629.1412373591543
10148400.0,920,iso13790,native,True,21.07305807867467,0.0,0.0,13.300000000000011,1660.3111283911333
10152000.0,920,iso13790,native,True,21.582120331147106,0.0,0.0,14.400000000000034,2168.1309642190868
10155600.0,920,iso13790,native,True,22.087481896966004,0.0,0.0,16.100000000000023,2140.9080925180315
10159200.0,920,iso13790,native,True,22.080841023467897,0.0,0.0,15.600000000000023,1261.2073762377677
10162800.0,920,iso13790,native,True,22.94347602753292,0.0,0.0,16.100000000000023,3082.0089517920255
10166400.0,920,iso13790,native,True,23.110862848133216,0.0,0.0,15.600000000000023,2180.8766739156417
10170000.0,920,iso13790,native,True,22.46149515791003,0.0,0.0,12.800000000000011,265.23273599999993
10173600.0,920,iso13790,native,True,21.95970472687206,0.0,0.0,10.0,71.04722399999999
10177200.0,920,iso13790,native,True,21.620554123765118,0.0,0.0,8.900000000000034,112.34419859761574
10180800.0,920,iso13790,native,True,21.295256427258394,0.0,0.0,8.900000000000034,-101.56212000000002
10184400.0,920,iso13790,native,True,20.82987137263252,0.0,0.0,7.2000000000000455,-101.56212000000002
10188000.0,920,iso13790,native,True,20.627441552523422,0.0,0.0,8.300000000000011,-101.56212000000002
10191600.0,920,iso13790,native,True,20.34247413176586,0.0,0.0,8.300000000000011,-101.56212000000002
10195200.0,920,iso13790,native,True,20.064746353813966,0.0,0.0,8.300000000000011,-101.56212000000002
10198800.0,920,iso13790,native,True,20.000000000000004,57.906172413408164,0.0,8.300000000000011,-101.56212000000002
10202400.0,920,iso13790,native,True,20.0,128.9074408049276,0.0,8.300000000000011,-101.56212000000002
10206000.0,920,iso13790,native,True,20.0,259.2363077374984,0.0,6.100000000000023,-101.56212000000002
10209600.0,920,iso13790,native,True,20.0,329.7904093709506,0.0,6.100000000000023,-101.56212000000002
10213200.0,920,iso13790,native,True,20.000000000000004,394.68007920705605,0.0,6.100000000000023,-101.56212000000002
10216800.0,920,iso13790,native,True,20.000000000000004,469.13916106004586,0.0,5.600000000000023,-101.56212000000002
10220400.0,920,iso13790,native,True,20.0,412.2015169365378,0.0,6.7000000000000455,709.9076445636886
10224000.0,920,iso13790,native,True,19.999999999999996,324.2713923245741,0.0,8.300000000000011,1159.8039073939851
10227600.0,920,iso13790,native,True,20.000000000000004,282.452797767918,0.0,8.300000000000011,1306.3748997374266
10231200.0,920,iso13790,native,True,20.000000000000004,205.1299856429804,0.0,8.900000000000034,1574.2894751693566
10234800.0,920,iso13790,native,True,19.999999999999996,200.6955688524831,0.0,8.300000000000011,1327.8590100000001
10238400.0,920,iso13790,native,True,20.0,173.0336192017636,0.0,9.400000000000034,1007.9422592825758
10242000.0,920,iso13790,native,True,20.0,53.377978757145705,0.0,10.0,1885.726731628431
10245600.0,920,iso13790,native,True,19.999999999999993,11.956130417127948,0.0,10.600000000000023,1509.2840363497455
10249200.0,920,iso13790,native,True,20.000000000000004,134.02790631506969,0.0,8.300000000000011,578.087172
10252800.0,920,iso13790,native,True,20.000000000000004,67.21443653801991,0.0,8.900000000000034,1299.7164884690437
10256400.0,920,iso13790,native,True,19.999999999999996,123.36661970994557,0.0,8.900000000000034,551.116962
10260000.0,920,iso13790,native,True,20.000000000000004,173.93402839469573,0.0,7.800000000000011,588.1631916304742
10263600.0,920,iso13790,native,True,19.999999999999996,282.2669681204725,0.0,7.2000000000000455,-79.98595200000001
10267200.0,920,iso13790,native,True,20.0,358.7534735868002,0.0,6.7000000000000455,-101.56212000000002
10270800.0,920,iso13790,native,True,20.000000000000007,417.0314970973255,0.0,6.7000000000000455,-101.56212000000002
10274400.0,920,iso13790,native,True,20.0,470.6306730027214,0.0,6.7000000000000455,-101.56212000000002
10278000.0,920,iso13790,native,True,20.0,519.9266423009768,0.0,6.7000000000000455,-101.56212000000002
10281600.0,920,iso13790,native,True,19.999999999999996,550.485812426413,0.0,7.2000000000000455,-101.56212000000002
10285200.0,920,iso13790,native,True,19.999999999999996,604.5777348671693,0.0,6.7000000000000455,-101.56212000000002
10288800.0,920,iso13790,native,True,20.000000000000004,643.1197723766267,0.0,6.7000000000000455,-101.56212000000002
10292400.0,920,iso13790,native,True,20.000000000000004,678.5674647275652,0.0,6.7000000000000455,-101.56212000000002
10296000.0,920,iso13790,native,True,20.00000000000001,711.1692412345424,0.0,6.7000000000000455,-101.56212000000002
10299600.0,920,iso13790,native,True,20.000000000000004,741.1535860795639,0.0,6.7000000000000455,-101.56212000000002
10303200.0,920,iso13790,native,True,19.999999999999993,786.4655299043893,0.0,6.100000000000023,-101.56212000000002
10306800.0,920,iso13790,native,True,20.000000000000004,766.5445353410978,0.0,6.7000000000000455,200.50423199999997
10310400.0,920,iso13790,native,True,19.999999999999993,780.5941187790282,0.0,6.100000000000023,308.385072
10314000.0,920,iso13790,native,True,20.0,747.6282717681578,0.0,6.7000000000000455,497.17654200000004
10317600.0,920,iso13790,native,True,20.000000000000004,718.0164988117838,0.0,7.0,610.451424
10321200.0,920,iso13790,native,True,20.0,666.430834650415,0.0,7.800000000000011,729.1203479999999
10324800.0,920,iso13790,native,True,19.999999999999993,632.9626426846037,0.0,7.800000000000011,815.4250199999999
10328400.0,920,iso13790,native,True,19.999999999999996,631.5049047817848,0.0,7.2000000000000455,734.51439
10332000.0,920,iso13790,native,True,20.000000000000007,624.2874396864727,0.0,7.0,685.9680119999999
10335600.0,920,iso13790,native,True,20.0,710.7658715310271,0.0,4.0,578.087172
10339200.0,920,iso13790,native,True,19.999999999999996,703.316971421352,0.0,5.0,437.84207999999995
10342800.0,920,iso13790,native,True,19.999999999999996,730.1211366738655,0.0,5.0,270.62677799999994
10346400.0,920,iso13790,native,True,19.999999999999993,747.7464887026829,0.0,5.600000000000023,98.01743399999998
10350000.0,920,iso13790,native,True,19.999999999999993,759.4259625637901,0.0,6.0,90.77573421497092
10353600.0,920,iso13790,native,True,19.999999999999993,827.7670522895604,0.0,5.0,-101.56212000000002
10357200.0,920,iso13790,native,True,19.999999999999996,878.2698931716598,0.0,4.400000000000034,-101.56212000000002
10360800.0,920,iso13790,native,True,20.0,929.0044649779614,0.0,3.8000000000000114,-101.56212000000002
10364400.0,920,iso13790,native,True,20.000000000000007,982.9079782549392,0.0,3.1000000000000227,-101.56212000000002
10368000.0,920,iso13790,native,True,19.999999999999993,1034.5287760381975,0.0,2.5,-101.56212000000002
10371600.0,920,iso13790,native,True,20.0,1086.2915496432342,0.0,1.900000000000034,-101.56212000000002
10375200.0,920,iso13790,native,True,20.000000000000007,1138.1849005497481,0.0,1.3000000000000114,-101.56212000000002
10378800.0,920,iso13790,native,True,20.000000000000004,1193.154160416715,0.0,0.6000000000000227,-101.56212000000002
10382400.0,920,iso13790,native,True,20.000000000000007,1245.7551413892252,0.0,0.0,-101.56212000000002
10386000.0,920,iso13790,native,True,19.999999999999993,1248.1705483893902,0.0,1.1000000000000227,-101.56212000000002
10389600.0,920,iso13790,native,True,20.000000000000007,1182.8763343815901,0.0,1.1000000000000227,813.9382258356117
10393200.0,920,iso13790,native,True,19.999999999999996,1036.014570859392,0.0,4.400000000000034,1070.0608159487329
10396800.0,920,iso13790,native,True,20.000000000000004,992.4131313298997,0.0,6.100000000000023,498.5895643409035
10400400.0,920,iso13790,native,True,20.000000000000004,795.4995909336506,0.0,7.800000000000011,1709.100499813328
10404000.0,920,iso13790,native,True,19.999999999999996,516.6201282941003,0.0,10.0,2892.442630429222
10407600.0,920,iso13790,native,True,19.999999999999996,190.34480945626285,0.0,12.200000000000045,3898.3285883175718
10411200.0,920,iso13790,native,True,20.565274786646352,0.0,0.0,14.400000000000034,4629.629836795421
10414800.0,920,iso13790,native,True,21.780283822254024,0.0,0.0,16.100000000000023,5026.07311861468
10418400.0,920,iso13790,native,True,23.013242007475142,0.0,0.0,18.900000000000034,4875.914902450386
10422000.0,920,iso13790,native,True,23.453739367270284,0.0,0.0,18.30000000000001,3490.0582923589436
10425600.0,920,iso13790,native,True,24.349871681591416,0.0,0.0,19.400000000000034,3788.3175044005206
10429200.0,920,iso13790,native,True,24.580665615225296,0.0,0.0,18.900000000000034,2503.44898058561
10432800.0,920,iso13790,native,True,24.340121703413985,0.0,0.0,18.30000000000001,759.1339908656182
10436400.0,920,iso13790,native,True,24.024545962484208,0.0,0.0,17.200000000000045,30.770385267452106
10440000.0,920,iso13790,native,True,23.56628793547912,0.0,0.0,14.400000000000034,-101.56212000000002
10443600.0,920,iso13790,native,True,23.130378050691416,0.0,0.0,12.200000000000045,-101.56212000000002
10447200.0,920,iso13790,native,True,22.712719923028477,0.0,0.0,10.600000000000023,-101.56212000000002
10450800.0,920,iso13790,native,True,22.3070700434307,0.0,0.0,9.400000000000034,-101.56212000000002
10454400.0,920,iso13790,native,True,21.839193740208536,0.0,0.0,7.800000000000011,-101.56212000000002
10458000.0,920,iso13790,native,True,21.44767023387029,0.0,0.0,7.2000000000000455,-101.56212000000002
10461600.0,920,iso13790,native,True,21.06136180694629,0.0,0.0,6.7000000000000455,-101.56212000000002
10465200.0,920,iso13790,native,True,20.60909627940916,0.0,0.0,5.600000000000023,-101.56212000000002
10468800.0,920,iso13790,native,True,20.077306206165765,0.0,0.0,3.900000000000034,-101.56212000000002
10472400.0,920,iso13790,native,True,19.999999999999996,103.6321890766971,0.0,3.3000000000000114,-101.56212000000002
10476000.0,920,iso13790,native,True,20.000000000000004,143.69736769320673,0.0,3.3000000000000114,524.0375995234491
10479600.0,920,iso13790,native,True,20.000000000000004,125.8101688357866,0.0,4.400000000000034,992.6200207702335
10483200.0,920,iso13790,native,True,20.000000000000004,156.84228629936328,0.0,5.600000000000023,599.2285232809279
10486800.0,920,iso13790,native,True,20.0,48.27936795823825,0.0,6.7000000000000455,1749.3707568185675
10490400.0,920,iso13790,native,True,20.46875485912515,0.0,0.0,8.300000000000011,2777.259588242479
10494000.0,920,iso13790,native,True,21.298788541182358,0.0,0.0,9.400000000000034,3819.05917969269
10497600.0,920,iso13790,native,True,22.332130913475726,0.0,0.0,11.100000000000023,4604.359422897806
10501200.0,920,iso13790,native,True,23.21320958893078,0.0,0.0,11.700000000000045,4765.860563061925
10504800.0,920,iso13790,native,True,23.790861255075992,0.0,0.0,12.800000000000011,3855.5143637339324
10508400.0,920,iso13790,native,True,24.22502173410132,0.0,0.0,12.800000000000011,3379.942268207671
10512000.0,920,iso13790,native,True,24.47430780991317,0.0,0.0,12.800000000000011,2705.9664088828417
10515600.0,920,iso13790,native,True,24.529975616928027,0.0,0.0,11.100000000000023,2414.94409522411
10519200.0,920,iso13790,native,True,24.117296376422814,0.0,0.0,10.600000000000023,763.8011962167744
10522800.0,920,iso13790,native,True,23.49543888350134,0.0,0.0,8.300000000000011,60.03196891732194
10526400.0,920,iso13790,native,True,22.946503647384823,0.0,0.0,6.7000000000000455,-101.56212000000002
10530000.0,920,iso13790,native,True,22.320208294411763,0.0,0.0,4.400000000000034,-101.56212000000002
10533600.0,920,iso13790,native,True,21.95622449001442,0.0,0.0,5.0,-101.56212000000002
10537200.0,920,iso13790,native,True,21.4380360618691,0.0,0.0,3.900000000000034,-101.56212000000002
10540800.0,920,iso13790,native,True,20.957623907927406,0.0,0.0,3.3000000000000114,-101.56212000000002
10544400.0,920,iso13790,native,True,20.484685063679112,0.0,0.0,2.8000000000000114,-101.56212000000002
10548000.0,920,iso13790,native,True,20.000547268440982,0.0,0.0,2.2000000000000455,-101.56212000000002
10551600.0,920,iso13790,native,True,20.000000000000004,133.85723133334312,0.0,1.7000000000000455,-101.56212000000002
10555200.0,920,iso13790,native,True,20.0,278.42457215113444,0.0,0.6000000000000227,-101.56212000000002
10558800.0,920,iso13790,native,True,20.0,386.7296726882624,0.0,0.6000000000000227,-101.56212000000002
10562400.0,920,iso13790,native,True,20.0,429.49200070875423,0.0,0.6000000000000227,463.080839381793
10566000.0,920,iso13790,native,True,20.000000000000004,360.9135903342364,0.0,3.3000000000000114,965.9037046240294
10569600.0,920,iso13790,native,True,20.000000000000004,356.30932128824674,0.0,5.0,686.3837112193557
10573200.0,920,iso13790,native,True,19.999999999999996,204.77542544700225,0.0,7.2000000000000455,1771.2789196379988
10576800.0,920,iso13790,native,True,20.138204678473038,0.0,0.0,10.600000000000023,2728.3768691427704
10580400.0,920,iso13790,native,True,21.094048635751687,0.0,0.0,13.300000000000011,3494.6848599688933
10584000.0,920,iso13790,native,True,21.455635388856972,0.0,0.0,13.900000000000034,2631.2890250926284
10587600.0,920,iso13790,native,True,21.826474185628452,0.0,0.0,15.0,2151.3412299016186
10591200.0,920,iso13790,native,True,22.33346473441509,0.0,0.0,16.100000000000023,2289.7234220286164
10594800.0,920,iso13790,native,True,22.873009776660773,0.0,0.0,15.0,3039.293647624932
10598400.0,920,iso13790,native,True,22.72623061902614,0.0,0.0,15.600000000000023,1036.5807419999999
10602000.0,920,iso13790,native,True,22.671440791638222,0.0,0.0,15.0,799.3528377010508
10605600.0,920,iso13790,native,True,22.422943652710217,0.0,0.0,13.300000000000011,525.9659973656007
10609200.0,920,iso13790,native,True,22.053369331102683,0.0,0.0,12.200000000000045,6.318719999999985
10612800.0,920,iso13790,native,True,21.584700845722924,0.0,0.0,10.0,-101.56212000000002
10616400.0,920,iso13790,native,True,21.087350794967335,0.0,0.0,7.800000000000011,-101.56212000000002
10620000.0,920,iso13790,native,True,20.599301940549918,0.0,0.0,6.100000000000023,-101.56212000000002
10623600.0,920,iso13790,native,True,20.143532021903102,0.0,0.0,5.0,-101.56212000000002
10627200.0,920,iso13790,native,True,20.000000000000004,59.88944915988054,0.0,5.0,-101.56212000000002
10630800.0,920,iso13790,native,True,19.999999999999993,172.0412971292639,0.0,4.400000000000034,-101.56212000000002
10634400.0,920,iso13790,native,True,19.999999999999996,244.00560860736857,0.0,5.0,-101.56212000000002
10638000.0,920,iso13790,native,True,20.0,341.3757018121908,0.0,4.400000000000034,-101.56212000000002
10641600.0,920,iso13790,native,True,20.000000000000004,417.4799011146432,0.0,4.400000000000034,-101.56212000000002
10645200.0,920,iso13790,native,True,20.000000000000004,487.4740793628973,0.0,4.400000000000034,-101.56212000000002
10648800.0,920,iso13790,native,True,19.999999999999993,543.7028043435096,0.0,4.400000000000034,-20.65149000000001
10652400.0,920,iso13790,native,True,19.999999999999993,556.4718293579075,0.0,5.0,222.08039999999997
10656000.0,920,iso13790,native,True,20.000000000000004,563.650225550946,0.0,5.0,497.17654200000004
10659600.0,920,iso13790,native,True,20.000000000000004,537.966637967656,0.0,5.600000000000023,750.696516
10663200.0,920,iso13790,native,True,20.000000000000004,470.5197809829606,0.0,7.2000000000000455,950.2760699999999
10666800.0,920,iso13790,native,True,20.000000000000004,382.86928985550065,0.0,8.300000000000011,1317.0709259999999
10670400.0,920,iso13790,native,True,19.999999999999996,348.1756112172735,0.0,7.800000000000011,1397.981556
10674000.0,920,iso13790,native,True,20.0,359.07954990255,0.0,6.100000000000023,1392.5875139999998
10677600.0,920,iso13790,native,True,19.999999999999996,373.07783774450394,0.0,5.0,1295.494758
10681200.0,920,iso13790,native,True,20.000000000000004,425.05062771411906,0.0,3.3000000000000114,1122.8854139999999
10684800.0,920,iso13790,native,True,20.0,420.32841339282015,0.0,4.400000000000034,874.7594819999999
10688400.0,920,iso13790,native,True,20.0,487.3385947868197,0.0,3.900000000000034,459.41824799999995
10692000.0,920,iso13790,native,True,20.000000000000004,548.8905656554689,0.0,3.900000000000034,184.32210599999996
10695600.0,920,iso13790,native,True,20.0,635.0711819614343,0.0,3.3000000000000114,-42.22765800000001
10699200.0,920,iso13790,native,True,20.000000000000004,712.6002236100915,0.0,2.8000000000000114,-101.56212000000002
10702800.0,920,iso13790,native,True,20.000000000000004,770.3309471153427,0.0,2.8000000000000114,-101.56212000000002
10706400.0,920,iso13790,native,True,19.999999999999996,841.1616532619387,0.0,2.2000000000000455,-101.56212000000002
10710000.0,920,iso13790,native,True,19.999999999999993,925.3711441439128,0.0,1.1000000000000227,-101.56212000000002
10713600.0,920,iso13790,native,True,19.999999999999993,978.1642210895569,0.0,1.1000000000000227,-101.56212000000002
10717200.0,920,iso13790,native,True,20.0,1026.718809034458,0.0,1.1000000000000227,-101.56212000000002
10720800.0,920,iso13790,native,True,19.999999999999986,1053.6403045140519,0.0,1.7000000000000455,-101.56212000000002
10724400.0,920,iso13790,native,True,20.0,1077.0698759407708,0.0,2.2000000000000455,-101.56212000000002
10728000.0,920,iso13790,native,True,19.999999999999993,1109.8255238358522,0.0,2.2000000000000455,-101.56212000000002
10731600.0,920,iso13790,native,True,19.999999999999996,1122.2164962153322,0.0,2.8000000000000114,-101.56212000000002
10735200.0,920,iso13790,native,True,20.000000000000007,1136.1999021146744,0.0,2.8000000000000114,6.318719999999985
10738800.0,920,iso13790,native,True,20.000000000000004,1123.4953229139817,0.0,2.8000000000000114,302.99102999999997
10742400.0,920,iso13790,native,True,20.000000000000004,934.9150998395222,0.0,4.400000000000034,1707.8219871480665
10746000.0,920,iso13790,native,True,19.999999999999996,767.9708345594478,0.0,6.7000000000000455,1880.8513441535379
10749600.0,920,iso13790,native,True,20.000000000000004,559.4740410574937,0.0,7.800000000000011,2684.3617804476166
10753200.0,920,iso13790,native,True,20.000000000000004,284.0603337921495,0.0,9.400000000000034,3608.7861647550103
10756800.0,920,iso13790,native,True,20.047515991934006,0.0,0.0,11.100000000000023,4270.3745902971705
10760400.0,920,iso13790,native,True,21.154957527416997,0.0,0.0,12.200000000000045,4956.870591770858
10764000.0,920,iso13790,native,True,22.194993560241688,0.0,0.0,13.900000000000034,4864.968788402139
10767600.0,920,iso13790,native,True,22.840125998772837,0.0,0.0,13.900000000000034,4177.848486780358
10771200.0,920,iso13790,native,True,23.48266508788444,0.0,0.0,14.400000000000034,3797.350672874171
10774800.0,920,iso13790,native,True,23.81150538702004,0.0,0.0,14.400000000000034,2927.3336095381464
10778400.0,920,iso13790,native,True,23.674808873066013,0.0,0.0,13.300000000000011,1628.652588696581
10782000.0,920,iso13790,native,True,23.21508663059903,0.0,0.0,11.700000000000045,427.04034720560935
10785600.0,920,iso13790,native,True,22.634009996622304,0.0,0.0,9.400000000000034,-101.56212000000002
10789200.0,920,iso13790,native,True,22.326011059852416,0.0,0.0,9.400000000000034,-101.56212000000002
10792800.0,920,iso13790,native,True,21.91021084712982,0.0,0.0,8.300000000000011,-101.56212000000002
10796400.0,920,iso13790,native,True,21.54009717766566,0.0,0.0,7.800000000000011,-101.56212000000002
10800000.0,920,iso13790,native,True,21.15617226723518,0.0,0.0,7.2000000000000455,-101.56212000000002
10803600.0,920,iso13790,native,True,20.77726939267716,0.0,0.0,6.7000000000000455,-101.56212000000002
10807200.0,920,iso13790,native,True,20.384778568310995,0.0,0.0,6.100000000000023,-101.56212000000002
10810800.0,920,iso13790,native,True,20.0,0.6952939852474022,0.0,5.600000000000023,-101.56212000000002
10814400.0,920,iso13790,native,True,20.000000000000004,95.57830237604578,0.0,5.600000000000023,-101.56212000000002
10818000.0,920,iso13790,native,True,19.999999999999996,217.63320773937164,0.0,4.400000000000034,-94.8059025005079
10821600.0,920,iso13790,native,True,20.000000000000004,249.64199183582383,0.0,4.400000000000034,437.773273254523
10825200.0,920,iso13790,native,True,20.000000000000007,130.78093451343156,0.0,8.300000000000011,976.7873333828627
10828800.0,920,iso13790,native,True,20.000000000000004,67.26809962069154,0.0,11.700000000000045,605.4376873844141
10832400.0,920,iso13790,native,True,20.39495509306094,0.0,0.0,13.900000000000034,1760.4315486099272
10836000.0,920,iso13790,native,True,21.334269565932733,0.0,0.0,16.100000000000023,2995.8704036737445
10839600.0,920,iso13790,native,True,22.188753435520724,0.0,0.0,17.200000000000045,3481.9088382005198
10843200.0,920,iso13790,native,True,23.30927229914465,0.0,0.0,18.30000000000001,4400.101802672505
10846800.0,920,iso13790,native,True,24.044209995106094,0.0,0.0,20.0,3512.24960102444
10850400.0,920,iso13790,native,True,24.699703205481192,0.0,0.0,20.0,3369.213972964736
10854000.0,920,iso13790,native,True,25.177813956204155,0.0,0.0,20.0,2863.6195575765996
10857600.0,920,iso13790,native,True,24.93069542921211,0.0,0.0,19.400000000000034,847.789272
10861200.0,920,iso13790,native,True,24.745367273852043,0.0,0.0,17.80000000000001,540.328878
10864800.0,920,iso13790,native,True,24.50439579345882,0.0,0.0,16.700000000000045,216.68635799999998
10868400.0,920,iso13790,native,True,24.204466559064848,0.0,0.0,15.600000000000023,-15.25744800000001
10872000.0,920,iso13790,native,True,23.938770613694572,0.0,0.0,15.0,-101.56212000000002
10875600.0,920,iso13790,native,True,23.739892918976057,0.0,0.0,15.0,-101.56212000000002
10879200.0,920,iso13790,native,True,23.31481566763604,0.0,0.0,12.800000000000011,-101.56212000000002
10882800.0,920,iso13790,native,True,22.960272258683926,0.0,0.0,11.700000000000045,-101.56212000000002
10886400.0,920,iso13790,native,True,22.586790406059997,0.0,0.0,10.600000000000023,-101.56212000000002
10890000.0,920,iso13790,native,True,22.184339785939393,0.0,0.0,9.400000000000034,-101.56212000000002
10893600.0,920,iso13790,native,True,21.772138754541558,0.0,0.0,8.300000000000011,-101.56212000000002
10897200.0,920,iso13790,native,True,21.458090118670942,0.0,0.0,8.300000000000011,-101.56212000000002
10900800.0,920,iso13790,native,True,21.036393900418833,0.0,0.0,7.2000000000000455,-101.56212000000002
10904400.0,920,iso13790,native,True,20.597465266332875,0.0,0.0,6.100000000000023,-101.56212000000002
10908000.0,920,iso13790,native,True,20.54076375467805,0.0,0.0,8.300000000000011,44.07701399999998
10911600.0,920,iso13790,native,True,20.55095759560388,0.0,0.0,10.0,275.2849184010629
10915200.0,920,iso13790,native,True,20.684221847308358,0.0,0.0,11.100000000000023,766.878642
10918800.0,920,iso13790,native,True,21.218971282863478,0.0,0.0,12.800000000000011,1838.260721874314
10922400.0,920,iso13790,native,True,21.845566999027298,0.0,0.0,14.400000000000034,2465.9479236518173
10926000.0,920,iso13790,native,True,22.85263876394668,0.0,0.0,17.200000000000045,3355.9443435255725
10929600.0,920,iso13790,native,True,23.89226162242768,0.0,0.0,17.80000000000001,4318.151265053996
10933200.0,920,iso13790,native,True,24.524176611167615,0.0,0.0,18.30000000000001,3621.1875733377065
10936800.0,920,iso13790,native,True,25.313036681999527,0.0,0.0,18.900000000000034,3763.40561186022
10940400.0,920,iso13790,native,True,26.218885002679823,0.0,0.0,20.0,4013.111548266181
10944000.0,920,iso13790,native,True,26.59655058341127,0.0,0.0,20.0,2945.982034356227
10947600.0,920,iso13790,native,True,26.67984398399856,0.0,0.0,19.400000000000034,1903.9443864966654
10951200.0,920,iso13790,native,True,26.723907211900034,0.0,0.0,18.900000000000034,1400.6437153408713
10954800.0,920,iso13790,native,True,26.25127508846727,0.0,0.0,16.700000000000045,295.79307051877623
10958400.0,920,iso13790,native,True,25.73870718027953,0.0,0.0,14.400000000000034,-101.56212000000002
10962000.0,920,iso13790,native,True,25.31067538590932,0.0,0.0,12.800000000000011,-101.56212000000002
10965600.0,920,iso13790,native,True,24.9054268422716,0.0,0.0,11.700000000000045,-101.56212000000002
10969200.0,920,iso13790,native,True,24.482528027001376,0.0,0.0,10.600000000000023,-101.56212000000002
10972800.0,920,iso13790,native,True,24.03191589005755,0.0,0.0,9.400000000000034,-101.56212000000002
10976400.0,920,iso13790,native,True,23.572776892858048,0.0,0.0,8.300000000000011,-101.56212000000002
10980000.0,920,iso13790,native,True,23.160425467653564,0.0,0.0,7.800000000000011,-101.56212000000002
10983600.0,920,iso13790,native,True,22.682778568363776,0.0,0.0,6.7000000000000455,-101.56212000000002
10987200.0,920,iso13790,native,True,22.30494672732028,0.0,0.0,6.7000000000000455,-101.56212000000002
10990800.0,920,iso13790,native,True,21.87967492830371,0.0,0.0,6.100000000000023,-84.72034829545659
10994400.0,920,iso13790,native,True,22.070435461740114,0.0,0.0,8.900000000000034,656.7496534458259
10998000.0,920,iso13790,native,True,22.39905712814024,0.0,0.0,12.200000000000045,1003.6315885569675
11001600.0,920,iso13790,native,True,22.663542698109726,0.0,0.0,16.100000000000023,574.9364645274406
11005200.0,920,iso13790,native,True,23.34756421635622,0.0,0.0,18.900000000000034,1641.8478613180685
11008800.0,920,iso13790,native,True,24.36293015246718,0.0,0.0,21.700000000000045,2839.8708843868776
11012400.0,920,iso13790,native,True,25.397257534226622,0.0,0.0,22.80000000000001,3739.955565151314
11016000.0,920,iso13790,native,True,26.63995342516811,0.0,0.0,24.400000000000034,4527.095718532001
11019600.0,920,iso13790,native,True,27.0,0.0,187.99890233332155,25.0,4509.239315097968
11023200.0,920,iso13790,native,True,27.0,0.0,448.39350969975135,25.600000000000023,4348.508629914828
11026800.0,920,iso13790,native,True,26.999999999999996,0.0,727.0485410586045,27.200000000000045,4337.68531124633
11030400.0,920,iso13790,native,True,27.0,0.0,843.2626331380991,26.100000000000023,3621.3059546865315
11034000.0,920,iso13790,native,True,26.99999999999998,0.0,915.8488548556043,26.100000000000023,2751.9176359951903
11037600.0,920,iso13790,native,True,26.99999999999999,0.0,843.0713273232033,25.0,1344.458350532768
11041200.0,920,iso13790,native,True,27.000000000000004,0.0,696.7165251309218,23.30000000000001,252.1813499163652
11044800.0,920,iso13790,native,True,27.0,0.0,543.1433682031294,21.100000000000023,-101.56212000000002
11048400.0,920,iso13790,native,True,27.0,0.0,432.8076099071117,20.0,-101.56212000000002
11052000.0,920,iso13790,native,True,27.0,0.0,338.2509210536034,19.400000000000034,-101.56212000000002
11055600.0,920,iso13790,native,True,27.0,0.0,232.22028655637286,18.30000000000001,-101.56212000000002
11059200.0,920,iso13790,native,True,26.999999999999996,0.0,112.06493439938123,16.700000000000045,-101.56212000000002
11062800.0,920,iso13790,native,True,27.0,0.0,4.905060135682809,15.600000000000023,-101.56212000000002
11066400.0,920,iso13790,native,True,26.754637296953923,0.0,0.0,15.600000000000023,-101.56212000000002
11070000.0,920,iso13790,native,True,26.436396407437073,0.0,0.0,15.0,-101.56212000000002
11073600.0,920,iso13790,native,True,26.058440092704323,0.0,0.0,13.900000000000034,-101.56212000000002
11077200.0,920,iso13790,native,True,25.669365979035735,0.0,0.0,12.800000000000011,-81.38008660711789
11080800.0,920,iso13790,native,True,25.758866451107203,0.0,0.0,15.0,344.8948298439638
11084400.0,920,iso13790,native,True,25.985031696078448,0.0,0.0,17.200000000000045,745.7388832331175
11088000.0,920,iso13790,native,True,26.19532550139349,0.0,0.0,20.0,544.0118270496615
11091600.0,920,iso13790,native,True,26.306092347017508,0.0,0.0,17.200000000000045,1646.4441290204495
11095200.0,920,iso13790,native,True,26.92150215666751,0.0,0.0,19.400000000000034,2231.3105856060347
11098800.0,920,iso13790,native,True,26.99999999999999,0.0,277.92411203578473,23.900000000000034,2936.232170643751
11102400.0,920,iso13790,native,True,26.999999999999996,0.0,528.2748253788268,24.400000000000034,3804.6433591595332
11106000.0,920,iso13790,native,True,27.000000000000014,0.0,683.6837572610231,24.400000000000034,3516.644752611758
11109600.0,920,iso13790,native,True,27.000000000000004,0.0,662.8881532207669,25.0,1600.1477793606784
11113200.0,920,iso13790,native,True,26.99999999999999,0.0,858.9741560637729,26.100000000000023,2789.0756700751917
11116800.0,920,iso13790,native,True,27.0,0.0,1017.6284923759379,27.80000000000001,2790.4950177492924
11120400.0,920,iso13790,native,True,27.00000000000001,0.0,1030.768531225776,27.80000000000001,1850.7138064168741
11124000.0,920,iso13790,native,True,26.999999999999996,0.0,949.8554140542682,26.100000000000023,1053.7607415980879
11127600.0,920,iso13790,native,True,26.999999999999986,0.0,817.9235045156037,25.0,111.21055535657477
11131200.0,920,iso13790,native,True,27.0,0.0,687.1661495333805,23.30000000000001,-101.56212000000002
11134800.0,920,iso13790,native,True,27.0,0.0,548.4701763934719,21.100000000000023,-101.56212000000002
11138400.0,920,iso13790,native,True,27.000000000000004,0.0,437.7067556229382,20.0,-101.56212000000002
11142000.0,920,iso13790,native,True,26.99999999999999,0.0,342.7567391509089,19.400000000000034,-101.56212000000002
11145600.0,920,iso13790,native,True,27.000000000000004,0.0,236.36435531929845,18.30000000000001,-101.56212000000002
11149200.0,920,iso13790,native,True,26.999999999999996,0.0,98.1414065529073,16.100000000000023,-101.56212000000002
11152800.0,920,iso13790,native,True,27.000000000000004,0.0,20.32699896988644,16.100000000000023,-101.56212000000002
11156400.0,920,iso13790,native,True,26.702154175491454,0.0,0.0,15.0,-101.56212000000002
11160000.0,920,iso13790,native,True,26.31744624224586,0.0,0.0,13.900000000000034,-101.56212000000002
11163600.0,920,iso13790,native,True,26.03500295252722,0.0,0.0,13.900000000000034,-88.12561245990035
11167200.0,920,iso13790,native,True,26.0187484016502,0.0,0.0,15.0,317.683754729551
11170800.0,920,iso13790,native,True,26.2870131440491,0.0,0.0,16.700000000000045,1017.7784335555186
11174400.0,920,iso13790,native,True,26.758631125159194,0.0,0.0,21.100000000000023,968.8464444216315
11178000.0,920,iso13790,native,True,27.0,0.0,129.64110042938958,23.900000000000034,1785.031002063622
11181600.0,920,iso13790,native,True,27.0,0.0,362.7946792261383,26.100000000000023,2560.3777216511357
11185200.0,920,iso13790,native,True,26.99999999999999,0.0,669.1362067936914,28.30000000000001,3624.334675840594
11188800.0,920,iso13790,native,True,27.000000000000014,0.0,920.6453404621642,28.30000000000001,4235.323988845582
11192400.0,920,iso13790,native,True,27.000000000000018,0.0,1200.1469054325937,28.900000000000034,4779.844660902435
11196000.0,920,iso13790,native,True,26.99999999999997,0.0,1423.8250878041572,28.900000000000034,4797.576795647525
11199600.0,920,iso13790,native,True,27.000000000000025,0.0,1549.0846660632985,28.900000000000034,4005.4199562864715
11203200.0,920,iso13790,native,True,26.99999999999997,0.0,1593.1609062151801,30.0,2662.1454148119537
11206800.0,920,iso13790,native,True,27.00000000000003,0.0,1609.8637535076496,28.30000000000001,2637.195325421454
11210400.0,920,iso13790,native,True,26.999999999999957,0.0,1483.0563566785045,26.700000000000045,1306.470108884651
11214000.0,920,iso13790,native,True,26.999999999999996,0.0,1297.4680406563314,25.0,237.1601261538978
11217600.0,920,iso13790,native,True,27.0,0.0,1108.4074183452158,22.80000000000001,-101.56212000000002
11221200.0,920,iso13790,native,True,27.000000000000014,0.0,947.0992335252164,21.100000000000023,-101.56212000000002
11224800.0,920,iso13790,native,True,26.99999999999999,0.0,804.3319029282402,20.0,-101.56212000000002
11228400.0,920,iso13790,native,True,26.99999999999999,0.0,697.6822988998323,20.0,-101.56212000000002
11232000.0,920,iso13790,native,True,27.0,0.0,581.8601616045357,19.400000000000034,-101.56212000000002
11235600.0,920,iso13790,native,True,27.0,0.0,474.0062642105371,18.900000000000034,-101.56212000000002
11239200.0,920,iso13790,native,True,27.000000000000004,0.0,353.50456311941116,17.80000000000001,-101.56212000000002
11242800.0,920,iso13790,native,True,26.999999999999996,0.0,249.59810357540127,17.200000000000045,-101.56212000000002
11246400.0,920,iso13790,native,True,27.0,0.0,134.96834416404286,16.100000000000023,-101.56212000000002
11250000.0,920,iso13790,native,True,26.999999999999996,0.0,22.021071632284684,15.0,-98.2073969588732
11253600.0,920,iso13790,native,True,27.000000000000004,0.0,23.228525359672144,15.600000000000023,525.8575121995042
11257200.0,920,iso13790,native,True,27.0,0.0,90.4484279780862,17.80000000000001,917.4325284982691
11260800.0,920,iso13790,native,True,27.00000000000001,0.0,149.12814125365097,20.600000000000023,709.0919386297066
11264400.0,920,iso13790,native,True,26.999999999999996,0.0,325.6766991923826,22.80000000000001,1821.5559320641835
11268000.0,920,iso13790,native,True,26.99999999999999,0.0,525.3098235128052,25.0,2476.2834071752513
11271600.0,920,iso13790,native,True,26.99999999999999,0.0,834.4970415116405,27.200000000000045,3826.9305725397967
11275200.0,920,iso13790,native,True,27.000000000000025,0.0,1079.1527459200674,28.30000000000001,4134.490515739917
11278800.0,920,iso13790,native,True,26.999999999999986,0.0,1306.9637781830659,28.900000000000034,4352.873301696381
11282400.0,920,iso13790,native,True,27.00000000000001,0.0,1507.4428927657764,28.30000000000001,4659.317101445455
11286000.0,920,iso13790,native,True,26.999999999999996,0.0,1635.4693992141308,28.30000000000001,4087.37874477002
11289600.0,920,iso13790,native,True,26.99999999999999,0.0,1699.9643324526496,27.80000000000001,3478.631343645724
11293200.0,920,iso13790,native,True,27.000000000000014,0.0,1707.254693344768,27.80000000000001,2609.3710456670315
11296800.0,920,iso13790,native,True,27.0,0.0,1596.0560571336425,27.200000000000045,1270.0345217036538
11300400.0,920,iso13790,native,True,27.0,0.0,1406.4295228827614,25.600000000000023,207.88688461510125
11304000.0,920,iso13790,native,True,26.99999999999999,0.0,1228.8540352019656,23.900000000000034,-101.56212000000002
11307600.0,920,iso13790,native,True,27.0,0.0,1050.9550312692922,21.700000000000045,-101.56212000000002
11311200.0,920,iso13790,native,True,26.999999999999996,0.0,868.6662120733729,19.400000000000034,-101.56212000000002
11314800.0,920,iso13790,native,True,27.000000000000018,0.0,737.7861082032762,18.900000000000034,-101.56212000000002
11318400.0,920,iso13790,native,True,27.00000000000001,0.0,563.5928926878996,16.700000000000045,-101.56212000000002
11322000.0,920,iso13790,native,True,26.999999999999986,0.0,517.7240201485309,18.900000000000034,-101.56212000000002
11325600.0,920,iso13790,native,True,27.00000000000001,0.0,375.9775513582579,17.200000000000045,-101.56212000000002
11329200.0,920,iso13790,native,True,26.999999999999996,0.0,121.14556340930906,11.700000000000045,-101.56212000000002
11332800.0,920,iso13790,native,True,26.85704870617362,0.0,0.0,10.0,-101.56212000000002
11336400.0,920,iso13790,native,True,26.378566756261083,0.0,0.0,8.900000000000034,2.302301625845665
11340000.0,920,iso13790,native,True,26.653514260636396,0.0,0.0,11.100000000000023,1223.0680481506843
11343600.0,920,iso13790,native,True,26.650692483291717,0.0,0.0,12.200000000000045,1117.266110983978
11347200.0,920,iso13790,native,True,26.516805594072363,0.0,0.0,13.900000000000034,454.8706273177088
11350800.0,920,iso13790,native,True,27.000000000000004,0.0,17.01603785041972,16.700000000000045,1631.8982301668475
11354400.0,920,iso13790,native,True,26.99999999999999,0.0,224.50501375587322,18.30000000000001,2842.027014087386
11358000.0,920,iso13790,native,True,27.000000000000004,0.0,430.9115392701091,18.30000000000001,3832.3981813759297
11361600.0,920,iso13790,native,True,27.00000000000001,0.0,677.9965550462952,19.400000000000034,4470.474342776717
11365200.0,920,iso13790,native,True,27.0,0.0,922.4377281128257,20.0,4962.795878013833
11368800.0,920,iso13790,native,True,27.00000000000001,0.0,1141.5675801092952,20.600000000000023,5058.798655127267
11372400.0,920,iso13790,native,True,26.999999999999996,0.0,1312.574780496562,21.100000000000023,4780.379070955939
11376000.0,920,iso13790,native,True,26.999999999999996,0.0,1406.8264917915133,21.100000000000023,4155.371681447712
11379600.0,920,iso13790,native,True,26.999999999999964,0.0,1442.4289207011493,21.700000000000045,3224.210947142182
11383200.0,920,iso13790,native,True,27.000000000000014,0.0,1326.221266559798,20.0,2008.488634005609
11386800.0,920,iso13790,native,True,26.99999999999999,0.0,1116.242645229603,18.30000000000001,623.3904774713465
11390400.0,920,iso13790,native,True,26.99999999999998,0.0,828.414044911403,14.400000000000034,-99.55841571674661
11394000.0,920,iso13790,native,True,27.00000000000001,0.0,614.7172319759503,12.200000000000045,-101.56212000000002
11397600.0,920,iso13790,native,True,27.000000000000004,0.0,420.2752595927747,10.600000000000023,-101.56212000000002
11401200.0,920,iso13790,native,True,27.000000000000004,0.0,259.57193717927265,10.0,-101.56212000000002
11404800.0,920,iso13790,native,True,27.000000000000014,0.0,92.70524761075507,8.900000000000034,-101.56212000000002
11408400.0,920,iso13790,native,True,26.57726884638895,0.0,0.0,6.100000000000023,-101.56212000000002
11412000.0,920,iso13790,native,True,26.032696472458536,0.0,0.0,5.600000000000023,-101.56212000000002
11415600.0,920,iso13790,native,True,25.59437104689123,0.0,0.0,6.100000000000023,-101.56212000000002
11419200.0,920,iso13790,native,True,25.12732663847413,0.0,0.0,6.100000000000023,-101.56212000000002
11422800.0,920,iso13790,native,True,24.531792200538337,0.0,0.0,4.400000000000034,5.521325948847107
11426400.0,920,iso13790,native,True,24.87715244023463,0.0,0.0,8.300000000000011,1110.1739977084767
11430000.0,920,iso13790,native,True,25.134933926949948,0.0,0.0,12.200000000000045,1050.997953444774
11433600.0,920,iso13790,native,True,25.31858168320149,0.0,0.0,15.600000000000023,708.8456161185811
11437200.0,920,iso13790,native,True,25.884827185114055,0.0,0.0,18.30000000000001,1619.1825967771624
11440800.0,920,iso13790,native,True,26.77648623392709,0.0,0.0,21.100000000000023,2707.985455934232
11444400.0,920,iso13790,native,True,27.000000000000004,0.0,209.59496204849978,22.80000000000001,3542.5715743407623
11448000.0,920,iso13790,native,True,27.0,0.0,542.5320839798266,25.0,4389.635762650754
11451600.0,920,iso13790,native,True,27.0,0.0,807.7738618064628,25.600000000000023,4631.984686329529
11455200.0,920,iso13790,native,True,27.00000000000001,0.0,1068.663337883755,27.200000000000045,4560.123863508387
11458800.0,920,iso13790,native,True,26.999999999999996,0.0,1196.6401663511435,27.200000000000045,3775.7390580443857
11462400.0,920,iso13790,native,True,27.000000000000014,0.0,1084.2584481941665,24.400000000000034,2001.6856026680312
11466000.0,920,iso13790,native,True,26.999999999999996,0.0,999.8261490210172,23.900000000000034,1010.2249739079033
11469600.0,920,iso13790,native,True,27.000000000000004,0.0,888.5206520159704,21.700000000000045,817.7384722548882
11473200.0,920,iso13790,native,True,27.0,0.0,782.7854961631448,21.100000000000023,394.4083448987772
11476800.0,920,iso13790,native,True,27.0,0.0,633.6282099331138,20.0,-99.55738045044203
11480400.0,920,iso13790,native,True,26.99999999999999,0.0,522.8686844853806,19.400000000000034,-101.56212000000002
11484000.0,920,iso13790,native,True,27.000000000000014,0.0,387.23694872916053,17.80000000000001,-101.56212000000002
11487600.0,920,iso13790,native,True,27.00000000000001,0.0,280.6222866395219,17.200000000000045,-101.56212000000002
11491200.0,920,iso13790,native,True,27.000000000000004,0.0,181.23664285922297,16.700000000000045,-101.56212000000002
11494800.0,920,iso13790,native,True,26.999999999999996,0.0,33.05354155374101,14.400000000000034,-101.56212000000002
11498400.0,920,iso13790,native,True,26.58496390508383,0.0,0.0,12.200000000000045,-101.56212000000002
11502000.0,920,iso13790,native,True,26.079541472431792,0.0,0.0,10.600000000000023,-101.56212000000002
11505600.0,920,iso13790,native,True,25.47273091592199,0.0,0.0,8.300000000000011,-101.56212000000002
11509200.0,920,iso13790,native,True,24.912041806566158,0.0,0.0,6.7000000000000455,-58.11086138503256
11512800.0,920,iso13790,native,True,25.404580057896187,0.0,0.0,13.300000000000011,567.1255668425871
11516400.0,920,iso13790,native,True,25.81601816213584,0.0,0.0,17.200000000000045,947.6480640576424
11520000.0,920,iso13790,native,True,26.05950481466909,0.0,0.0,18.900000000000034,1027.6722141942926
11523600.0,920,iso13790,native,True,26.59120775476919,0.0,0.0,21.100000000000023,1614.2316151736502
11527200.0,920,iso13790,native,True,26.999999999999996,0.0,140.7604795347982,24.400000000000034,2460.122153295958
11530800.0,920,iso13790,native,True,26.99999999999999,0.0,468.86948885858703,27.200000000000045,3568.236998706129
11534400.0,920,iso13790,native,True,27.000000000000014,0.0,754.3825619000766,28.30000000000001,4146.250548382295
11538000.0,920,iso13790,native,True,27.000000000000018,0.0,904.6949185971398,28.30000000000001,3504.939548490817
11541600.0,920,iso13790,native,True,27.00000000000001,0.0,1014.9220440212016,27.200000000000045,3295.514582734161
11545200.0,920,iso13790,native,True,27.000000000000004,0.0,1214.0644963432871,26.700000000000045,4085.499088049796
11548800.0,920,iso13790,native,True,27.000000000000004,0.0,1316.9662509393788,27.200000000000045,3343.2649272193207
11552400.0,920,iso13790,native,True,27.0,0.0,1362.5919859477679,27.80000000000001,2497.5125893641957
11556000.0,920,iso13790,native,True,26.99999999999997,0.0,1262.7358066871266,26.100000000000023,1386.4771441903881
11559600.0,920,iso13790,native,True,27.000000000000014,0.0,1064.1283430309663,23.30000000000001,329.37564103323507
11563200.0,920,iso13790,native,True,26.99999999999999,0.0,878.0792847660196,21.100000000000023,-100.55963866162148
11566800.0,920,iso13790,native,True,27.0,0.0,723.0783384343583,19.400000000000034,-101.56212000000002
11570400.0,920,iso13790,native,True,27.0,0.0,553.6378923789545,17.200000000000045,-101.56212000000002
11574000.0,920,iso13790,native,True,27.000000000000004,0.0,414.598316847979,16.100000000000023,-101.56212000000002
11577600.0,920,iso13790,native,True,27.0,0.0,361.62604114061855,17.80000000000001,-101.56212000000002
11581200.0,920,iso13790,native,True,27.00000000000001,0.0,224.55358367584384,16.100000000000023,-101.56212000000002
11584800.0,920,iso13790,native,True,27.0,0.0,136.59018207137132,16.100000000000023,-101.56212000000002
11588400.0,920,iso13790,native,True,26.9667886338331,0.0,0.0,13.900000000000034,-101.56212000000002
11592000.0,920,iso13790,native,True,26.547411944375167,0.0,0.0,12.800000000000011,-101.56212000000002
11595600.0,920,iso13790,native,True,26.1262832366223,0.0,0.0,11.700000000000045,-58.16019649069912
11599200.0,920,iso13790,native,True,26.390154378511387,0.0,0.0,13.900000000000034,951.5934865240092
11602800.0,920,iso13790,native,True,26.63668674051874,0.0,0.0,16.700000000000045,989.69357302035
11606400.0,920,iso13790,native,True,26.98891830117135,0.0,0.0,18.30000000000001,1471.1296144282792
11610000.0,920,iso13790,native,True,26.664149864428442,0.0,0.0,15.600000000000023,944.882028
11613600.0,920,iso13790,native,True,26.720540857828762,0.0,0.0,15.600000000000023,1176.825834
11617200.0,920,iso13790,native,True,26.800534743226294,0.0,0.0,15.600000000000023,1338.647094
11620800.0,920,iso13790,native,True,26.81951027968576,0.0,0.0,15.0,1414.163682
11624400.0,920,iso13790,native,True,26.347613014185615,0.0,0.0,10.0,1408.76964
11628000.0,920,iso13790,native,True,26.075490674209917,0.0,0.0,8.300000000000011,1317.0709259999999
11631600.0,920,iso13790,native,True,26.012621548719093,0.0,0.0,9.400000000000034,1144.461582
11635200.0,920,iso13790,native,True,26.727819351177516,0.0,0.0,12.800000000000011,2491.475048683784
11638800.0,920,iso13790,native,True,27.000000000000004,0.0,25.43744857943001,14.400000000000034,2378.4109540315785
11642400.0,920,iso13790,native,True,26.854163589611904,0.0,0.0,15.0,880.4129505849738
11646000.0,920,iso13790,native,True,26.256047152298958,0.0,0.0,12.200000000000045,201.32583966380335
11649600.0,920,iso13790,native,True,25.716194837441304,0.0,0.0,10.600000000000023,-101.06102368172638
11653200.0,920,iso13790,native,True,25.360307612526196,0.0,0.0,10.600000000000023,-101.56212000000002
11656800.0,920,iso13790,native,True,25.06609013126916,0.0,0.0,11.100000000000023,-101.56212000000002
11660400.0,920,iso13790,native,True,24.686935291792437,0.0,0.0,10.600000000000023,-101.56212000000002
11664000.0,920,iso13790,native,True,24.294198903716563,0.0,0.0,10.0,-101.56212000000002
11667600.0,920,iso13790,native,True,23.843639660455313,0.0,0.0,8.900000000000034,-101.56212000000002
11671200.0,920,iso13790,native,True,23.492207309215708,0.0,0.0,8.900000000000034,-101.56212000000002
11674800.0,920,iso13790,native,True,23.03407711485007,0.0,0.0,7.800000000000011,-101.56212000000002
11678400.0,920,iso13790,native,True,22.72782344377201,0.0,0.0,8.300000000000011,-101.56212000000002
11682000.0,920,iso13790,native,True,22.389495485842463,0.0,0.0,8.300000000000011,-101.56212000000002
11685600.0,920,iso13790,native,True,22.053555408476882,0.0,0.0,7.800000000000011,27.89488799999998
11689200.0,920,iso13790,native,True,21.82489065167816,0.0,0.0,7.800000000000011,243.65656799999994
11692800.0,920,iso13790,native,True,21.568228649481966,0.0,0.0,7.2000000000000455,410.87187
11696400.0,920,iso13790,native,True,21.5275924765481,0.0,0.0,7.2000000000000455,928.699902
11700000.0,920,iso13790,native,True,21.562576924564702,0.0,0.0,7.800000000000011,1166.03775
11703600.0,920,iso13790,native,True,22.194568361650706,0.0,0.0,10.600000000000023,2241.546155459918
11707200.0,920,iso13790,native,True,22.252218284959177,0.0,0.0,11.700000000000045,1408.76964
11710800.0,920,iso13790,native,True,23.69093471186279,0.0,0.0,14.400000000000034,4392.489550403216
11714400.0,920,iso13790,native,True,23.682878252934632,0.0,0.0,15.0,2060.7871309093694
11718000.0,920,iso13790,native,True,24.051701785824374,0.0,0.0,16.700000000000045,1823.5127223532327
11721600.0,920,iso13790,native,True,24.600700081605183,0.0,0.0,16.700000000000045,2637.3837799742782
11725200.0,920,iso13790,native,True,24.72662247188175,0.0,0.0,14.400000000000034,2492.382726673852
11728800.0,920,iso13790,native,True,24.213141896309413,0.0,0.0,12.800000000000011,615.6819325691731
11732400.0,920,iso13790,native,True,23.858217961062305,0.0,0.0,12.200000000000045,98.4956580668084
11736000.0,920,iso13790,native,True,23.446247499041032,0.0,0.0,11.100000000000023,-101.56212000000002
11739600.0,920,iso13790,native,True,23.160802310210727,0.0,0.0,11.100000000000023,-101.56212000000002
11743200.0,920,iso13790,native,True,22.70391411580794,0.0,0.0,9.400000000000034,-101.56212000000002
11746800.0,920,iso13790,native,True,22.394139253733318,0.0,0.0,9.400000000000034,-101.56212000000002
11750400.0,920,iso13790,native,True,22.09223427147033,0.0,0.0,9.400000000000034,-101.56212000000002
11754000.0,920,iso13790,native,True,21.797999233466324,0.0,0.0,9.400000000000034,-101.56212000000002
11757600.0,920,iso13790,native,True,21.511239283563267,0.0,0.0,9.400000000000034,-101.56212000000002
11761200.0,920,iso13790,native,True,21.179207225910123,0.0,0.0,8.900000000000034,-101.56212000000002
11764800.0,920,iso13790,native,True,20.77983916781991,0.0,0.0,7.800000000000011,-101.56212000000002
11768400.0,920,iso13790,native,True,20.532047561761374,0.0,0.0,8.300000000000011,-98.23061190678163
11772000.0,920,iso13790,native,True,20.5110881886496,0.0,0.0,8.900000000000034,454.2199553592173
11775600.0,920,iso13790,native,True,20.810150381459536,0.0,0.0,11.100000000000023,1053.1290064258624
11779200.0,920,iso13790,native,True,20.8702020522511,0.0,0.0,12.800000000000011,634.75988547781
11782800.0,920,iso13790,native,True,21.31752481803381,0.0,0.0,13.300000000000011,1786.6049120677471
11786400.0,920,iso13790,native,True,21.80345126709307,0.0,0.0,14.400000000000034,2170.89614679274
11790000.0,920,iso13790,native,True,22.78881082320592,0.0,0.0,15.0,3821.309185137072
11793600.0,920,iso13790,native,True,23.83883525229217,0.0,0.0,17.200000000000045,4213.415957246563
11797200.0,920,iso13790,native,True,24.608043655820673,0.0,0.0,17.200000000000045,4148.735181128615
11800800.0,920,iso13790,native,True,25.29058310968307,0.0,0.0,18.900000000000034,3436.5188780636013
11804400.0,920,iso13790,native,True,26.207804595462466,0.0,0.0,19.400000000000034,4089.9248688653656
11808000.0,920,iso13790,native,True,26.716411844577912,0.0,0.0,19.400000000000034,3383.928799868366
11811600.0,920,iso13790,native,True,26.535292420722165,0.0,0.0,18.900000000000034,1360.6645653350554
11815200.0,920,iso13790,native,True,26.13236809133384,0.0,0.0,17.200000000000045,314.47169199068964
11818800.0,920,iso13790,native,True,25.88947241836917,0.0,0.0,16.700000000000045,86.66676573123219
11822400.0,920,iso13790,native,True,25.657524829251702,0.0,0.0,16.700000000000045,-101.56212000000002
11826000.0,920,iso13790,native,True,25.342544642595225,0.0,0.0,15.600000000000023,-101.56212000000002
11829600.0,920,iso13790,native,True,24.997109444281183,0.0,0.0,14.400000000000034,-101.56212000000002
11833200.0,920,iso13790,native,True,24.64047534879916,0.0,0.0,13.300000000000011,-101.56212000000002
11836800.0,920,iso13790,native,True,24.38058196196883,0.0,0.0,13.300000000000011,-101.56212000000002
11840400.0,920,iso13790,native,True,24.12729120811038,0.0,0.0,13.300000000000011,-101.56212000000002
11844000.0,920,iso13790,native,True,23.88043534627938,0.0,0.0,13.300000000000011,-101.56212000000002
11847600.0,920,iso13790,native,True,23.587293606972054,0.0,0.0,12.800000000000011,-101.56212000000002
11851200.0,920,iso13790,native,True,23.341453890581658,0.0,0.0,12.800000000000011,-101.56212000000002
11854800.0,920,iso13790,native,True,23.040722268987214,0.0,0.0,12.200000000000045,-96.16807800000001
11858400.0,920,iso13790,native,True,22.975786950363926,0.0,0.0,12.800000000000011,233.4855902461553
11862000.0,920,iso13790,native,True,23.310864701382798,0.0,0.0,15.0,964.4213893843536
11865600.0,920,iso13790,native,True,23.541818378922876,0.0,0.0,16.100000000000023,1153.8131804705265
11869200.0,920,iso13790,native,True,24.120897685875175,0.0,0.0,17.200000000000045,2139.5128209885606
11872800.0,920,iso13790,native,True,24.872486352598287,0.0,0.0,19.400000000000034,2651.960962565742
11876400.0,920,iso13790,native,True,25.820200969840688,0.0,0.0,20.600000000000023,3593.593323988325
11880000.0,920,iso13790,native,True,26.945108088097687,0.0,0.0,22.80000000000001,4150.082811146155
11883600.0,920,iso13790,native,True,27.0,0.0,300.92931987126286,24.400000000000034,4470.846022748413
11887200.0,920,iso13790,native,True,27.00000000000001,0.0,553.4996106637,25.0,4388.210961220633
11890800.0,920,iso13790,native,True,27.000000000000004,0.0,720.996480879566,25.600000000000023,3669.3059884488903
11894400.0,920,iso13790,native,True,26.999999999999996,0.0,837.4423707414232,25.600000000000023,3144.5545375029224
11898000.0,920,iso13790,native,True,27.000000000000004,0.0,935.8020944857424,26.100000000000023,2703.0693774668453
11901600.0,920,iso13790,native,True,27.0,0.0,906.496102454405,26.100000000000023,1449.853184382071
11905200.0,920,iso13790,native,True,27.000000000000014,0.0,841.5514294220419,27.200000000000045,253.0269994387759
11908800.0,920,iso13790,native,True,27.000000000000004,0.0,458.8450947805128,16.700000000000045,-101.56212000000002
11912400.0,920,iso13790,native,True,27.0,0.0,323.843996241056,15.600000000000023,-101.56212000000002
11916000.0,920,iso13790,native,True,27.000000000000004,0.0,188.86733220043632,14.400000000000034,-101.56212000000002
11919600.0,920,iso13790,native,True,27.0,0.0,91.6243451731108,14.400000000000034,-101.56212000000002
11923200.0,920,iso13790,native,True,26.999999999999996,0.0,2.1885054984371464,14.400000000000034,-101.56212000000002
11926800.0,920,iso13790,native,True,26.547082777003617,0.0,0.0,12.800000000000011,-101.56212000000002
11930400.0,920,iso13790,native,True,26.57292725865638,0.0,0.0,16.100000000000023,-101.56212000000002
11934000.0,920,iso13790,native,True,26.513768855670676,0.0,0.0,17.80000000000001,-101.56212000000002
11937600.0,920,iso13790,native,True,26.25753861847171,0.0,0.0,17.200000000000045,-101.56212000000002
11941200.0,920,iso13790,native,True,26.0133509785752,0.0,0.0,16.700000000000045,-72.89252276549561
11944800.0,920,iso13790,native,True,26.14902262615655,0.0,0.0,16.700000000000045,870.7850423374751
11948400.0,920,iso13790,native,True,26.383394192738056,0.0,0.0,18.30000000000001,1060.2271826265605
11952000.0,920,iso13790,native,True,26.51611360941508,0.0,0.0,20.600000000000023,548.9518785886106
11955600.0,920,iso13790,native,True,27.000000000000004,0.0,83.01399871886902,23.900000000000034,1704.3773285650113
11959200.0,920,iso13790,native,True,27.0,0.0,353.52206848032307,26.100000000000023,2862.2673953655644
11962800.0,920,iso13790,native,True,26.999999999999996,0.0,624.491118593302,27.80000000000001,3532.0031965907974
11966400.0,920,iso13790,native,True,26.99999999999998,0.0,893.6138201171349,28.900000000000034,4050.6198408113205
11970000.0,920,iso13790,native,True,27.0,0.0,1142.3637089439314,30.0,4190.296106766135
11973600.0,920,iso13790,native,True,27.000000000000018,0.0,1399.9242445232892,30.600000000000023,4600.252013224695
11977200.0,920,iso13790,native,True,27.0,0.0,1293.569414501345,27.80000000000001,2309.070784436661
11980800.0,920,iso13790,native,True,27.0,0.0,1099.698083380849,21.700000000000045,1614.7529365552414
11984400.0,920,iso13790,native,True,26.999999999999986,0.0,998.3953083124633,22.200000000000045,599.66334
11988000.0,920,iso13790,native,True,27.0,0.0,924.5634256839453,21.100000000000023,823.8230001295173
11991600.0,920,iso13790,native,True,27.000000000000004,0.0,752.4512844339351,19.400000000000034,131.78793506938925
11995200.0,920,iso13790,native,True,26.99999999999999,0.0,621.593415601012,18.900000000000034,-101.56212000000002
11998800.0,920,iso13790,native,True,26.999999999999996,0.0,521.7566545028906,18.900000000000034,-101.56212000000002
12002400.0,920,iso13790,native,True,27.00000000000001,0.0,397.42131620505677,17.80000000000001,-101.56212000000002
12006000.0,920,iso13790,native,True,26.999999999999996,0.0,307.7238930849609,17.80000000000001,-101.56212000000002
12009600.0,920,iso13790,native,True,27.000000000000004,0.0,207.4929318754643,17.200000000000045,-101.56212000000002
12013200.0,920,iso13790,native,True,27.0,0.0,128.75754918366684,17.200000000000045,-101.56212000000002
12016800.0,920,iso13790,native,True,27.0,0.0,56.343431945899745,17.200000000000045,-101.56212000000002
12020400.0,920,iso13790,native,True,26.963524372886173,0.0,0.0,17.200000000000045,-101.56212000000002
12024000.0,920,iso13790,native,True,26.691136387238398,0.0,0.0,16.700000000000045,-101.56212000000002
12027600.0,920,iso13790,native,True,26.520011707746608,0.0,0.0,17.200000000000045,-96.16807800000001
12031200.0,920,iso13790,native,True,26.450555340647316,0.0,0.0,17.200000000000045,289.1056003892762
12034800.0,920,iso13790,native,True,26.884482204873773,0.0,0.0,19.400000000000034,1196.895155691852
12038400.0,920,iso13790,native,True,27.0,0.0,3.2257610053166346,21.100000000000023,720.7511616874242
12042000.0,920,iso13790,native,True,27.000000000000004,0.0,108.389680956145,21.100000000000023,1611.209950659245
12045600.0,920,iso13790,native,True,27.000000000000004,0.0,313.6622038511853,23.30000000000001,2396.3132512776633
12049200.0,920,iso13790,native,True,26.999999999999996,0.0,514.2330797821991,25.0,2815.051430682485
12052800.0,920,iso13790,native,True,26.99999999999999,0.0,479.64248754301207,22.80000000000001,1829.5049159999999
12056400.0,920,iso13790,native,True,27.00000000000001,0.0,488.94779061811846,21.700000000000045,1680.6063106869792
12060000.0,920,iso13790,native,True,26.99999999999999,0.0,541.1780601724735,21.700000000000045,1810.494621892068
12063600.0,920,iso13790,native,True,27.000000000000004,0.0,626.2783177426916,20.600000000000023,2553.038747716828
12067200.0,920,iso13790,native,True,27.0,0.0,563.7427439434623,20.600000000000023,1203.796044
12070800.0,920,iso13790,native,True,27.000000000000018,0.0,538.4413422185652,21.100000000000023,842.39523
12074400.0,920,iso13790,native,True,26.999999999999996,0.0,409.29226094065206,19.400000000000034,257.9725269876016
12078000.0,920,iso13790,native,True,27.00000000000001,0.0,331.75504073608556,17.80000000000001,527.3444120398029
12081600.0,920,iso13790,native,True,26.999999999999996,0.0,189.92963136285954,16.700000000000045,-99.57216109181542
12085200.0,920,iso13790,native,True,26.999999999999996,0.0,108.95298290236528,16.700000000000045,-101.56212000000002
12088800.0,920,iso13790,native,True,27.0,0.0,16.822026725824404,16.100000000000023,-101.56212000000002
12092400.0,920,iso13790,native,True,26.806316545987034,0.0,0.0,16.100000000000023,-101.56212000000002
12096000.0,920,iso13790,native,True,26.38383927860277,0.0,0.0,14.400000000000034,-101.56212000000002
12099600.0,920,iso13790,native,True,26.107601128453712,0.0,0.0,14.400000000000034,-101.56212000000002
12103200.0,920,iso13790,native,True,25.785823562552515,0.0,0.0,13.900000000000034,-101.56212000000002
12106800.0,920,iso13790,native,True,25.5120755173132,0.0,0.0,13.900000000000034,-101.56212000000002
12110400.0,920,iso13790,native,True,25.297839374898672,0.0,0.0,14.400000000000034,-101.56212000000002
12114000.0,920,iso13790,native,True,25.003318923217424,0.0,0.0,13.900000000000034,-82.89069689814542
12117600.0,920,iso13790,native,True,24.82443108021306,0.0,0.0,13.300000000000011,291.41239513643666
12121200.0,920,iso13790,native,True,25.184474033285237,0.0,0.0,16.100000000000023,976.6438536203639
12124800.0,920,iso13790,native,True,25.353336046808575,0.0,0.0,17.80000000000001,863.9713979999999
12128400.0,920,iso13790,native,True,26.094808851918355,0.0,0.0,20.600000000000023,1987.0604326827113
12132000.0,920,iso13790,native,True,26.754908559970286,0.0,0.0,21.700000000000045,2557.783310511347
12135600.0,920,iso13790,native,True,26.999999999999996,0.0,235.3756529294281,23.30000000000001,3784.6510459347132
12139200.0,920,iso13790,native,True,27.0,0.0,480.73215925806215,26.100000000000023,3424.5715794857842
12142800.0,920,iso13790,native,True,26.99999999999999,0.0,690.1975850624113,26.100000000000023,3744.4411641263428
12146400.0,920,iso13790,native,True,27.0,0.0,1021.7956008545149,27.200000000000045,4928.3541077351
12150000.0,920,iso13790,native,True,27.0,0.0,876.6254774536601,25.600000000000023,1640.9434383866878
12153600.0,920,iso13790,native,True,26.99999999999999,0.0,787.0615316508475,23.900000000000034,917.911818
12157200.0,920,iso13790,native,True,27.00000000000001,0.0,626.6742415282146,19.400000000000034,799.242894
12160800.0,920,iso13790,native,True,26.999999999999996,0.0,562.3093509922684,20.0,400.0837859999999
12164400.0,920,iso13790,native,True,26.999999999999986,0.0,437.22920653853106,18.900000000000034,44.07701399999998
12168000.0,920,iso13790,native,True,26.999999999999996,0.0,296.1358763943863,17.200000000000045,-101.56212000000002
12171600.0,920,iso13790,native,True,27.000000000000004,0.0,195.50472499561664,16.700000000000045,-101.56212000000002
12175200.0,920,iso13790,native,True,27.0,0.0,96.42496742159614,16.100000000000023,-101.56212000000002
12178800.0,920,iso13790,native,True,26.951046821379855,0.0,0.0,15.0,-101.56212000000002
12182400.0,920,iso13790,native,True,26.854336554992557,0.0,0.0,16.700000000000045,-101.56212000000002
12186000.0,920,iso13790,native,True,26.508951175430276,0.0,0.0,15.600000000000023,-101.56212000000002
12189600.0,920,iso13790,native,True,26.081325942944147,0.0,0.0,13.900000000000034,-101.56212000000002
12193200.0,920,iso13790,native,True,25.737001864514514,0.0,0.0,13.300000000000011,-101.56212000000002
12196800.0,920,iso13790,native,True,25.281067718401466,0.0,0.0,11.700000000000045,-101.56212000000002
12200400.0,920,iso13790,native,True,25.081809008535586,0.0,0.0,12.800000000000011,-96.16807800000001
12204000.0,920,iso13790,native,True,25.063442195554565,0.0,0.0,14.400000000000034,172.22020617982847
12207600.0,920,iso13790,native,True,25.358134455602087,0.0,0.0,16.100000000000023,1008.7471741758366
12211200.0,920,iso13790,native,True,25.65418444972752,0.0,0.0,17.80000000000001,1244.2540901710506
12214800.0,920,iso13790,native,True,26.172168367448556,0.0,0.0,18.30000000000001,2210.1176647352427
12218400.0,920,iso13790,native,True,26.530978761565983,0.0,0.0,16.700000000000045,2766.028075004442
12222000.0,920,iso13790,native,True,27.0,0.0,93.93445912492724,19.400000000000034,3103.67503549339
12225600.0,920,iso13790,native,True,27.0,0.0,337.12813006855237,20.0,3943.1261824706776
12229200.0,920,iso13790,native,True,27.000000000000004,0.0,603.1463810698701,21.100000000000023,4506.986567634491
12232800.0,920,iso13790,native,True,27.00000000000001,0.0,860.8924427975719,23.30000000000001,4459.355435076577
12236400.0,920,iso13790,native,True,27.0,0.0,690.1481717608688,22.200000000000045,1202.7384965850642
12240000.0,920,iso13790,native,True,26.99999999999999,0.0,804.8000750941239,25.0,1544.088665090362
12243600.0,920,iso13790,native,True,27.000000000000004,0.0,619.1664222243645,21.100000000000023,556.5110040000001
12247200.0,920,iso13790,native,True,26.999999999999996,0.0,345.70787142486284,14.400000000000034,243.65656799999994
12250800.0,920,iso13790,native,True,27.0,0.0,204.251351989013,13.300000000000011,44.07701399999998
12254400.0,920,iso13790,native,True,27.000000000000004,0.0,92.10557173589123,13.300000000000011,-101.56212000000002
12258000.0,920,iso13790,native,True,26.928853730678114,0.0,0.0,12.800000000000011,-101.56212000000002
12261600.0,920,iso13790,native,True,26.650678436070628,0.0,0.0,13.300000000000011,-101.56212000000002
12265200.0,920,iso13790,native,True,26.287158228931265,0.0,0.0,12.800000000000011,-101.56212000000002
12268800.0,920,iso13790,native,True,25.909659272862903,0.0,0.0,12.200000000000045,-101.56212000000002
12272400.0,920,iso13790,native,True,25.58957639031562,0.0,0.0,12.200000000000045,-101.56212000000002
12276000.0,920,iso13790,native,True,25.22506797444049,0.0,0.0,11.700000000000045,-101.56212000000002
12279600.0,920,iso13790,native,True,24.846605915236996,0.0,0.0,11.100000000000023,-101.56212000000002
12283200.0,920,iso13790,native,True,24.5886531453972,0.0,0.0,11.700000000000045,-101.56212000000002
12286800.0,920,iso13790,native,True,24.296850459281195,0.0,0.0,11.700000000000045,-80.83106307542796
12290400.0,920,iso13790,native,True,24.225758768887818,0.0,0.0,12.200000000000045,376.33662573430536
12294000.0,920,iso13790,native,True,24.077955472608544,0.0,0.0,12.800000000000011,273.32584495008655
12297600.0,920,iso13790,native,True,24.12962330834442,0.0,0.0,13.300000000000011,765.9399839135223
12301200.0,920,iso13790,native,True,24.57875794252549,0.0,0.0,15.0,1687.13411218022
12304800.0,920,iso13790,native,True,25.244925138136857,0.0,0.0,16.100000000000023,2745.686348690915
12308400.0,920,iso13790,native,True,26.07958558498389,0.0,0.0,16.700000000000045,3751.7034784564394
12312000.0,920,iso13790,native,True,25.91815010809783,0.0,0.0,17.200000000000045,1414.163682
12315600.0,920,iso13790,native,True,25.934990255089012,0.0,0.0,16.100000000000023,1408.76964
12319200.0,920,iso13790,native,True,26.340114656239457,0.0,0.0,16.100000000000023,2247.4254868872495
12322800.0,920,iso13790,native,True,25.75664822168051,0.0,0.0,11.700000000000045,1139.06754
12326400.0,920,iso13790,native,True,25.722738598495706,0.0,0.0,12.800000000000011,890.9416080000001
12330000.0,920,iso13790,native,True,26.223331494213447,0.0,0.0,15.600000000000023,1705.9591000951982
12333600.0,920,iso13790,native,True,25.811136792112634,0.0,0.0,14.400000000000034,490.61436266406224
12337200.0,920,iso13790,native,True,25.46117025945946,0.0,0.0,13.900000000000034,33.28892999999998
12340800.0,920,iso13790,native,True,25.113472350050763,0.0,0.0,13.300000000000011,-101.56212000000002
12344400.0,920,iso13790,native,True,24.84156239891244,0.0,0.0,13.300000000000011,-101.56212000000002
12348000.0,920,iso13790,native,True,24.576560363480123,0.0,0.0,13.300000000000011,-101.56212000000002
12351600.0,920,iso13790,native,True,24.150107418909446,0.0,0.0,11.700000000000045,-101.56212000000002
12355200.0,920,iso13790,native,True,23.798954904184896,0.0,0.0,11.100000000000023,-101.56212000000002
12358800.0,920,iso13790,native,True,23.50454912743416,0.0,0.0,11.100000000000023,-101.56212000000002
12362400.0,920,iso13790,native,True,23.217622776429472,0.0,0.0,11.100000000000023,-101.56212000000002
12366000.0,920,iso13790,native,True,22.885428545121243,0.0,0.0,10.600000000000023,-101.56212000000002
12369600.0,920,iso13790,native,True,22.60152847152208,0.0,0.0,10.600000000000023,-101.56212000000002
12373200.0,920,iso13790,native,True,22.2668205042078,0.0,0.0,10.0,-87.4619500589495
12376800.0,920,iso13790,native,True,22.036301110356824,0.0,0.0,10.0,51.79824110910568
12380400.0,920,iso13790,native,True,22.253009819755444,0.0,0.0,11.700000000000045,840.639728067626
12384000.0,920,iso13790,native,True,22.625774420726835,0.0,0.0,14.400000000000034,1190.208941486971
12387600.0,920,iso13790,native,True,23.075097154710942,0.0,0.0,14.400000000000034,2170.0933179255094
12391200.0,920,iso13790,native,True,23.0198848793781,0.0,0.0,15.600000000000023,828.7141589408131
12394800.0,920,iso13790,native,True,23.700418404140553,0.0,0.0,15.600000000000023,2615.4656182679673
12398400.0,920,iso13790,native,True,24.035906563192796,0.0,0.0,16.700000000000045,2084.99280929351
12402000.0,920,iso13790,native,True,25.209270140325664,0.0,0.0,18.30000000000001,4013.994820781195
12405600.0,920,iso13790,native,True,25.35770803665005,0.0,0.0,18.900000000000034,2178.9250565460666
12409200.0,920,iso13790,native,True,26.449041682420198,0.0,0.0,20.0,3906.5777364969754
12412800.0,920,iso13790,native,True,26.881416154793325,0.0,0.0,19.400000000000034,3249.06210199963
12416400.0,920,iso13790,native,True,26.675378020751243,0.0,0.0,19.400000000000034,1102.5452956596323
12420000.0,920,iso13790,native,True,26.775515291499936,0.0,0.0,18.30000000000001,1415.5828651299166
12423600.0,920,iso13790,native,True,26.264739353017706,0.0,0.0,16.100000000000023,241.41137031632235
12427200.0,920,iso13790,native,True,25.807545155372736,0.0,0.0,14.400000000000034,-101.07074305400687
12430800.0,920,iso13790,native,True,25.493320856212268,0.0,0.0,13.900000000000034,-101.56212000000002
12434400.0,920,iso13790,native,True,25.16393514085775,0.0,0.0,13.300000000000011,-101.56212000000002
12438000.0,920,iso13790,native,True,24.77511713636649,0.0,0.0,12.200000000000045,-101.56212000000002
12441600.0,920,iso13790,native,True,24.48385747787191,0.0,0.0,12.200000000000045,-101.56212000000002
12445200.0,920,iso13790,native,True,24.031813989343632,0.0,0.0,10.600000000000023,-101.56212000000002
12448800.0,920,iso13790,native,True,23.655721062515035,0.0,0.0,10.0,-101.56212000000002
12452400.0,920,iso13790,native,True,23.22138245071175,0.0,0.0,8.900000000000034,-101.56212000000002
12456000.0,920,iso13790,native,True,22.770132605100546,0.0,0.0,7.800000000000011,-101.56212000000002
12459600.0,920,iso13790,native,True,22.538442415283853,0.0,0.0,8.300000000000011,87.9676398910255
12463200.0,920,iso13790,native,True,22.830272988353833,0.0,0.0,10.0,1221.046843935149
12466800.0,920,iso13790,native,True,23.01017921901269,0.0,0.0,12.200000000000045,1110.6490622482434
12470400.0,920,iso13790,native,True,23.107738679320466,0.0,0.0,15.0,517.4174819274169
12474000.0,920,iso13790,native,True,23.76670319622246,0.0,0.0,17.80000000000001,1658.646087789407
12477600.0,920,iso13790,native,True,24.71267451683449,0.0,0.0,20.600000000000023,2760.498968908933
12481200.0,920,iso13790,native,True,25.7405954567489,0.0,0.0,22.200000000000045,3646.690823704759
12484800.0,920,iso13790,native,True,26.739759585884872,0.0,0.0,23.30000000000001,4023.68228364964
12488400.0,920,iso13790,native,True,26.999999999999996,0.0,218.55017388545744,24.400000000000034,4272.818654577362
12492000.0,920,iso13790,native,True,27.000000000000004,0.0,481.4716320538396,24.400000000000034,4523.027617174311
12495600.0,920,iso13790,native,True,27.000000000000004,0.0,578.4289640077408,23.900000000000034,3330.16464881689
12499200.0,920,iso13790,native,True,26.99999999999999,0.0,800.9515730036859,25.0,3747.7946407986055
12502800.0,920,iso13790,native,True,26.999999999999986,0.0,855.4735836163701,25.0,2666.9209468466606
12506400.0,920,iso13790,native,True,26.999999999999986,0.0,801.2958925660784,23.900000000000034,1525.435048512009
12510000.0,920,iso13790,native,True,27.0,0.0,632.5881298166157,21.700000000000045,293.39604246303657
12513600.0,920,iso13790,native,True,26.999999999999996,0.0,435.66874185679137,18.30000000000001,-101.0726827820798
12517200.0,920,iso13790,native,True,26.999999999999996,0.0,281.42512932459374,16.100000000000023,-101.56212000000002
12520800.0,920,iso13790,native,True,26.999999999999996,0.0,174.11672385657968,15.600000000000023,-101.56212000000002
12524400.0,920,iso13790,native,True,27.0,0.0,51.16090485528607,14.400000000000034,-101.56212000000002
12528000.0,920,iso13790,native,True,26.822882211310024,0.0,0.0,13.900000000000034,-101.56212000000002
12531600.0,920,iso13790,native,True,26.291535449385496,0.0,0.0,11.700000000000045,-101.56212000000002
12535200.0,920,iso13790,native,True,25.949048361824605,0.0,0.0,11.700000000000045,-101.56212000000002
12538800.0,920,iso13790,native,True,25.499636175286224,0.0,0.0,10.600000000000023,-101.56212000000002
12542400.0,920,iso13790,native,True,25.086252991556634,0.0,0.0,10.0,-101.56212000000002
12546000.0,920,iso13790,native,True,24.74453546595685,0.0,0.0,10.0,-64.30874927882357
12549600.0,920,iso13790,native,True,25.048221111459398,0.0,0.0,12.200000000000045,1082.9432487018921
12553200.0,920,iso13790,native,True,25.305483317451255,0.0,0.0,15.0,1097.1107466624826
12556800.0,920,iso13790,native,True,25.4935581743412,0.0,0.0,18.30000000000001,582.2600329593912
12560400.0,920,iso13790,native,True,26.141088065430424,0.0,0.0,21.100000000000023,1587.53133275606
12564000.0,920,iso13790,native,True,26.999999999999996,0.0,42.391143351467385,23.900000000000034,2844.537603636044
12567600.0,920,iso13790,native,True,26.99999999999999,0.0,178.04975387437935,23.30000000000001,2764.2494204761024
12571200.0,920,iso13790,native,True,27.0,0.0,295.6815455777159,23.30000000000001,2527.9866392998256
12574800.0,920,iso13790,native,True,26.999999999999986,0.0,487.2575541654545,20.0,4231.484613256924
12578400.0,920,iso13790,native,True,27.0,0.0,693.6532497517757,22.200000000000045,3825.7986778669147
12582000.0,920,iso13790,native,True,27.0,0.0,788.7992212520564,21.700000000000045,3361.239295874457
12585600.0,920,iso13790,native,True,27.000000000000018,0.0,933.1520270066752,23.30000000000001,3160.7470657134254
12589200.0,920,iso13790,native,True,27.000000000000018,0.0,890.2443190962867,22.200000000000045,2015.6006189656323
12592800.0,920,iso13790,native,True,26.99999999999999,0.0,745.1194515502091,19.400000000000034,1089.5509160260776
12596400.0,920,iso13790,native,True,27.000000000000004,0.0,610.8850935934665,18.30000000000001,414.6729548989934
12600000.0,920,iso13790,native,True,26.999999999999996,0.0,422.8882486146097,16.100000000000023,-92.75667987279408
12603600.0,920,iso13790,native,True,27.0,0.0,286.1363556565357,15.0,-101.56212000000002
12607200.0,920,iso13790,native,True,27.0,0.0,152.85651385674444,13.900000000000034,-101.56212000000002
12610800.0,920,iso13790,native,True,26.96409936470064,0.0,0.0,11.700000000000045,-101.56212000000002
12614400.0,920,iso13790,native,True,26.604525683528728,0.0,0.0,11.700000000000045,-101.56212000000002
12618000.0,920,iso13790,native,True,26.25408702911561,0.0,0.0,11.700000000000045,-101.56212000000002
12621600.0,920,iso13790,native,True,26.028177362747044,0.0,0.0,12.800000000000011,-101.56212000000002
12625200.0,920,iso13790,native,True,25.604700566873127,0.0,0.0,11.700000000000045,-101.56212000000002
12628800.0,920,iso13790,native,True,25.279662629122566,0.0,0.0,11.700000000000045,-101.56212000000002
12632400.0,920,iso13790,native,True,25.019302113338647,0.0,0.0,12.200000000000045,-90.77403600000002
12636000.0,920,iso13790,native,True,24.78403968312876,0.0,0.0,12.200000000000045,76.44126599999998
12639600.0,920,iso13790,native,True,24.877724598307807,0.0,0.0,12.800000000000011,868.6072793109881
12643200.0,920,iso13790,native,True,25.15503761422919,0.0,0.0,14.400000000000034,1365.8277505352405
12646800.0,920,iso13790,native,True,25.090044525513008,0.0,0.0,14.400000000000034,982.640322
12650400.0,920,iso13790,native,True,25.83258110478323,0.0,0.0,16.700000000000045,2406.415926747435
12654000.0,920,iso13790,native,True,26.27961633547634,0.0,0.0,17.80000000000001,2386.9622782756146
12657600.0,920,iso13790,native,True,26.999999999999996,0.0,156.41146553841023,20.0,4327.017545737728
12661200.0,920,iso13790,native,True,27.00000000000001,0.0,394.0980514750849,22.200000000000045,3910.619364368692
12664800.0,920,iso13790,native,True,27.0,0.0,682.4575729649572,23.30000000000001,4605.3373417351495
12668400.0,920,iso13790,native,True,26.999999999999996,0.0,709.8616927966814,23.30000000000001,2763.4647438455095
12672000.0,920,iso13790,native,True,27.00000000000001,0.0,929.2809577295418,25.600000000000023,3287.521048676814
12675600.0,920,iso13790,native,True,26.999999999999996,0.0,926.5505609466777,25.600000000000023,1975.655986171713
12679200.0,920,iso13790,native,True,26.999999999999996,0.0,852.0814033720759,22.200000000000045,1739.368675456373
12682800.0,920,iso13790,native,True,26.999999999999996,0.0,643.2676741232228,18.900000000000034,463.87443566595414
12686400.0,920,iso13790,native,True,26.999999999999996,0.0,455.4268859412452,16.700000000000045,-88.4644694383543
12690000.0,920,iso13790,native,True,27.00000000000001,0.0,302.4428771217759,15.0,-101.56212000000002
12693600.0,920,iso13790,native,True,27.0,0.0,167.8538672289447,13.900000000000034,-101.56212000000002
12697200.0,920,iso13790,native,True,27.00000000000001,0.0,83.50506316863262,14.400000000000034,-101.56212000000002
12700800.0,920,iso13790,native,True,26.865601085520485,0.0,0.0,13.300000000000011,-101.56212000000002
12704400.0,920,iso13790,native,True,26.433551986116058,0.0,0.0,12.200000000000045,-101.56212000000002
12708000.0,920,iso13790,native,True,26.33141160177141,0.0,0.0,14.400000000000034,-101.56212000000002
12711600.0,920,iso13790,native,True,26.05650538511981,0.0,0.0,14.400000000000034,-101.56212000000002
12715200.0,920,iso13790,native,True,25.788583204777776,0.0,0.0,14.400000000000034,-101.56212000000002
12718800.0,920,iso13790,native,True,25.413772837708,0.0,0.0,13.300000000000011,-96.16807800000001
12722400.0,920,iso13790,native,True,25.187543422661488,0.0,0.0,13.300000000000011,49.471055999999976
12726000.0,920,iso13790,native,True,25.100239390222217,0.0,0.0,13.900000000000034,302.99102999999997
12729600.0,920,iso13790,native,True,25.379737189735323,0.0,0.0,16.100000000000023,909.4151921953917
12733200.0,920,iso13790,native,True,25.85587948468332,0.0,0.0,17.80000000000001,1709.4362445825304
12736800.0,920,iso13790,native,True,26.604712101533966,0.0,0.0,19.400000000000034,2730.555844425347
12740400.0,920,iso13790,native,True,27.0,0.0,144.53588075408516,21.100000000000023,3493.519609266296
12744000.0,920,iso13790,native,True,27.0,0.0,421.50228956808087,22.80000000000001,4029.8090456321597
12747600.0,920,iso13790,native,True,27.000000000000004,0.0,694.2351462215353,23.900000000000034,4476.625651144472
12751200.0,920,iso13790,native,True,27.0,0.0,855.0553763281641,25.600000000000023,3505.3527673139515
12754800.0,920,iso13790,native,True,26.999999999999986,0.0,1070.1592656700636,25.0,4342.582729828549
12758400.0,920,iso13790,native,True,27.00000000000001,0.0,1056.307277892975,21.700000000000045,3406.9650161531954
12762000.0,920,iso13790,native,True,27.00000000000001,0.0,1039.166030676635,20.600000000000023,2580.8205676834687
12765600.0,920,iso13790,native,True,27.00000000000001,0.0,905.271885254243,20.0,1011.4332552650951
12769200.0,920,iso13790,native,True,26.99999999999998,0.0,798.6452920081002,19.400000000000034,596.2818550687485
12772800.0,920,iso13790,native,True,27.0,0.0,613.1338271723205,17.80000000000001,-100.59670161001614
12776400.0,920,iso13790,native,True,26.999999999999996,0.0,423.31660725428486,15.0,-101.56212000000002
12780000.0,920,iso13790,native,True,26.999999999999996,0.0,213.9953261282052,11.700000000000045,-101.56212000000002
12783600.0,920,iso13790,native,True,27.0,0.0,95.44637155007514,11.700000000000045,-101.56212000000002
12787200.0,920,iso13790,native,True,27.000000000000004,0.0,1.194187894081352,12.200000000000045,-101.56212000000002
12790800.0,920,iso13790,native,True,26.540496614134575,0.0,0.0,11.100000000000023,-101.56212000000002
12794400.0,920,iso13790,native,True,26.123884242642678,0.0,0.0,10.600000000000023,-101.56212000000002
12798000.0,920,iso13790,native,True,25.694641937130758,0.0,0.0,10.0,-101.56212000000002
12801600.0,920,iso13790,native,True,25.26106150513713,0.0,0.0,9.400000000000034,-101.56212000000002
12805200.0,920,iso13790,native,True,24.85256939848713,0.0,0.0,8.900000000000034,-49.03965032949785
12808800.0,920,iso13790,native,True,24.98662026515596,0.0,0.0,10.600000000000023,847.7101673408589
12812400.0,920,iso13790,native,True,25.21873250410168,0.0,0.0,13.300000000000011,1072.1865713033526
12816000.0,920,iso13790,native,True,25.305833244025106,0.0,0.0,15.600000000000023,698.4217896467718
12819600.0,920,iso13790,native,True,25.992780279729686,0.0,0.0,18.900000000000034,1775.1186277430152
12823200.0,920,iso13790,native,True,26.756009895996378,0.0,0.0,20.600000000000023,2699.0924847549127
12826800.0,920,iso13790,native,True,27.000000000000004,0.0,204.8568996920436,22.200000000000045,3612.5628675659955
12830400.0,920,iso13790,native,True,26.999999999999996,0.0,458.57576916049385,22.80000000000001,4139.062500153108
12834000.0,920,iso13790,native,True,27.000000000000014,0.0,752.560114901239,23.900000000000034,4760.557974276092
12837600.0,920,iso13790,native,True,27.0,0.0,967.707765438694,24.400000000000034,4556.276044484561
12841200.0,920,iso13790,native,True,27.0,0.0,989.1664594412573,24.400000000000034,2834.38902710884
12844800.0,920,iso13790,native,True,27.000000000000014,0.0,1099.037620438828,24.400000000000034,3047.454254017623
12848400.0,920,iso13790,native,True,27.0,0.0,1134.844523645379,24.400000000000034,2483.836139777635
12852000.0,920,iso13790,native,True,27.000000000000004,0.0,1009.443268422062,22.200000000000045,1333.765659226579
12855600.0,920,iso13790,native,True,27.000000000000025,0.0,734.8154519486075,16.700000000000045,420.85221403473446
12859200.0,920,iso13790,native,True,27.000000000000004,0.0,507.3071499222649,13.900000000000034,-94.24735387923943
12862800.0,920,iso13790,native,True,27.0,0.0,380.63450640913914,13.900000000000034,-101.56212000000002
12866400.0,920,iso13790,native,True,27.00000000000001,0.0,246.6886560092231,13.300000000000011,-101.56212000000002
12870000.0,920,iso13790,native,True,27.000000000000004,0.0,104.43121642635997,12.200000000000045,-101.56212000000002
12873600.0,920,iso13790,native,True,26.99377867259535,0.0,0.0,12.200000000000045,-101.56212000000002
12877200.0,920,iso13790,native,True,26.477970235527092,0.0,0.0,10.600000000000023,-101.56212000000002
12880800.0,920,iso13790,native,True,26.03973231885318,0.0,0.0,10.0,-101.56212000000002
12884400.0,920,iso13790,native,True,25.597384810634832,0.0,0.0,9.400000000000034,-101.56212000000002
12888000.0,920,iso13790,native,True,25.161543573710098,0.0,0.0,8.900000000000034,-101.56212000000002
12891600.0,920,iso13790,native,True,24.790700341234082,0.0,0.0,8.900000000000034,-62.26218451449975
12895200.0,920,iso13790,native,True,24.886983287891187,0.0,0.0,11.100000000000023,585.7995966638956
12898800.0,920,iso13790,native,True,25.23009220509304,0.0,0.0,14.400000000000034,1059.7333552098046
12902400.0,920,iso13790,native,True,25.517037197469612,0.0,0.0,17.200000000000045,1027.618607384391
12906000.0,920,iso13790,native,True,26.182985031035745,0.0,0.0,20.0,1895.143726406366
12909600.0,920,iso13790,native,True,26.98126721273542,0.0,0.0,21.700000000000045,2779.9927011305035
12913200.0,920,iso13790,native,True,27.000000000000004,0.0,189.32365167461018,22.80000000000001,2945.9028248272966
12916800.0,920,iso13790,native,True,27.0,0.0,535.4935954609674,25.0,4268.506733193432
12920400.0,920,iso13790,native,True,27.000000000000004,0.0,840.0073948728211,26.100000000000023,4821.659015560977
12924000.0,920,iso13790,native,True,27.0,0.0,1107.7027858395738,27.80000000000001,4663.739725143732
12927600.0,920,iso13790,native,True,27.000000000000018,0.0,1273.7006299693421,27.80000000000001,4182.995796019462
12931200.0,920,iso13790,native,True,27.000000000000014,0.0,1161.5092749547275,23.30000000000001,2682.909142671482
12934800.0,920,iso13790,native,True,26.99999999999999,0.0,1086.334982210386,22.80000000000001,1511.7377118024197
12938400.0,920,iso13790,native,True,26.999999999999996,0.0,1041.0969887579415,22.200000000000045,1349.955541689789
12942000.0,920,iso13790,native,True,26.999999999999996,0.0,839.3649719322592,19.400000000000034,383.8623214397428
12945600.0,920,iso13790,native,True,27.0,0.0,674.570907484389,18.30000000000001,-93.30296308246392
12949200.0,920,iso13790,native,True,26.999999999999996,0.0,533.3510890780525,17.200000000000045,-101.56212000000002
12952800.0,920,iso13790,native,True,27.0,0.0,363.4262727800961,15.0,-101.56212000000002
12956400.0,920,iso13790,native,True,27.000000000000004,0.0,288.9691457369217,16.100000000000023,-101.56212000000002
12960000.0,920,iso13790,native,True,27.0,0.0,163.32017906739267,15.0,-101.56212000000002
12963600.0,920,iso13790,native,True,27.0,0.0,90.14948244877147,15.600000000000023,-101.56212000000002
12967200.0,920,iso13790,native,True,26.85475034560208,0.0,0.0,13.900000000000034,-101.56212000000002
12970800.0,920,iso13790,native,True,26.606403334881506,0.0,0.0,14.400000000000034,-101.56212000000002
12974400.0,920,iso13790,native,True,26.27195361931627,0.0,0.0,13.900000000000034,-101.56212000000002
12978000.0,920,iso13790,native,True,25.935239937254554,0.0,0.0,13.300000000000011,-66.77951845912276
12981600.0,920,iso13790,native,True,25.957661346000176,0.0,0.0,14.400000000000034,469.6600941870353
12985200.0,920,iso13790,native,True,26.08768860758723,0.0,0.0,15.600000000000023,876.9233931008765
12988800.0,920,iso13790,native,True,26.126537067628018,0.0,0.0,16.100000000000023,913.2048801515834
12992400.0,920,iso13790,native,True,26.757874925296434,0.0,0.0,18.900000000000034,1874.4480017558576
12996000.0,920,iso13790,native,True,27.000000000000004,0.0,35.898729591694064,18.900000000000034,2192.9400153415513
12999600.0,920,iso13790,native,True,26.99999999999999,0.0,237.42158404807287,19.400000000000034,3186.9517011122807
13003200.0,920,iso13790,native,True,26.999999999999986,0.0,426.68247168625504,20.600000000000023,3378.696763119347
13006800.0,920,iso13790,native,True,27.000000000000018,0.0,705.4065400080506,21.700000000000045,4438.400778993044
13010400.0,920,iso13790,native,True,27.00000000000003,0.0,744.9713587733116,20.0,3449.045495088728
13014000.0,920,iso13790,native,True,26.99999999999999,0.0,754.7679493632675,18.900000000000034,2737.412317711408
13017600.0,920,iso13790,native,True,27.000000000000004,0.0,804.5999653029846,19.400000000000034,2469.2418694002017
13021200.0,920,iso13790,native,True,26.99999999999999,0.0,629.8154342843427,16.100000000000023,1251.8659569231515
13024800.0,920,iso13790,native,True,26.999999999999996,0.0,488.3395170988112,15.600000000000023,373.11357599999997
13028400.0,920,iso13790,native,True,26.999999999999996,0.0,374.0699163607041,15.600000000000023,71.04722399999999
13032000.0,920,iso13790,native,True,26.999999999999996,0.0,213.93966288583144,13.900000000000034,-96.16807800000001
13035600.0,920,iso13790,native,True,27.0,0.0,125.6757011797921,14.400000000000034,-101.56212000000002
13039200.0,920,iso13790,native,True,27.0,0.0,30.550235390643383,14.300000000000011,-101.56212000000002
13042800.0,920,iso13790,native,True,26.805487934075412,0.0,0.0,14.300000000000011,-101.56212000000002
13046400.0,920,iso13790,native,True,26.50548575856903,0.0,0.0,14.200000000000045,-101.56212000000002
13050000.0,920,iso13790,native,True,26.2105646702521,0.0,0.0,14.100000000000023,-101.56212000000002
13053600.0,920,iso13790,native,True,25.92059558329363,0.0,0.0,14.0,-101.56212000000002
13057200.0,920,iso13790,native,True,25.645964149317706,0.0,0.0,14.0,-101.56212000000002
13060800.0,920,iso13790,native,True,25.367798312744664,0.0,0.0,13.900000000000034,-101.56212000000002
13064400.0,920,iso13790,native,True,25.02395100505361,0.0,0.0,12.800000000000011,-4.066171320273874
13068000.0,920,iso13790,native,True,25.321959646206484,0.0,0.0,15.0,912.1007163304552
13071600.0,920,iso13790,native,True,25.55825020053151,0.0,0.0,17.200000000000045,967.7443492137296
13075200.0,920,iso13790,native,True,25.581773229615035,0.0,0.0,18.30000000000001,579.1304562670869
13078800.0,920,iso13790,native,True,26.2588422087962,0.0,0.0,21.100000000000023,1675.0547101075326
13082400.0,920,iso13790,native,True,26.999999999999996,0.0,53.59732688145777,23.30000000000001,2846.1379611572765
13086000.0,920,iso13790,native,True,27.000000000000004,0.0,307.909111653475,24.400000000000034,3495.826314410897
13089600.0,920,iso13790,native,True,27.00000000000001,0.0,607.2441413206184,26.700000000000045,3972.8678494647484
13093200.0,920,iso13790,native,True,27.0,0.0,882.0711793617693,27.200000000000045,4522.402568036118
13096800.0,920,iso13790,native,True,27.000000000000018,0.0,1155.2597773594796,28.900000000000034,4555.226018847037
13100400.0,920,iso13790,native,True,27.00000000000001,0.0,1360.6975231842923,28.900000000000034,4491.613447084749
13104000.0,920,iso13790,native,True,27.0,0.0,1484.8531016735515,29.400000000000034,3676.0969392250386
13107600.0,920,iso13790,native,True,27.000000000000053,0.0,1504.090197321198,28.30000000000001,2844.146963188226
13111200.0,920,iso13790,native,True,26.999999999999947,0.0,1420.7537834381076,27.200000000000045,1589.1015061678822
13114800.0,920,iso13790,native,True,26.999999999999996,0.0,1215.6035495159394,25.0,216.47146615382326
13118400.0,920,iso13790,native,True,27.00000000000001,0.0,984.9204402940093,21.100000000000023,-89.35858586982452
13122000.0,920,iso13790,native,True,27.0,0.0,806.115885478826,18.900000000000034,-101.56212000000002
13125600.0,920,iso13790,native,True,27.00000000000001,0.0,691.4647490077323,18.900000000000034,-101.56212000000002
13129200.0,920,iso13790,native,True,26.999999999999996,0.0,503.25555072505034,16.100000000000023,-101.56212000000002
13132800.0,920,iso13790,native,True,27.000000000000004,0.0,410.6514687919273,16.700000000000045,-101.56212000000002
13136400.0,920,iso13790,native,True,27.000000000000004,0.0,294.2986678591103,16.100000000000023,-101.56212000000002
13140000.0,920,iso13790,native,True,26.999999999999996,0.0,200.7357863745191,16.100000000000023,-101.56212000000002
13143600.0,920,iso13790,native,True,27.0,0.0,114.6845951908832,16.100000000000023,-101.56212000000002
13147200.0,920,iso13790,native,True,27.0,0.0,20.76294345634218,15.600000000000023,-101.56212000000002
13150800.0,920,iso13790,native,True,26.686159712556954,0.0,0.0,14.400000000000034,-85.37999400000001
13154400.0,920,iso13790,native,True,26.580342513945617,0.0,0.0,15.0,226.1399225462498
13158000.0,920,iso13790,native,True,26.931465353422258,0.0,0.0,17.80000000000001,929.8360288342592
13161600.0,920,iso13790,native,True,27.0,0.0,52.04735938967044,20.0,938.7129952215171
13165200.0,920,iso13790,native,True,27.000000000000004,0.0,202.4951972156763,22.200000000000045,1618.4427218330652
13168800.0,920,iso13790,native,True,27.0,0.0,390.306182467566,22.80000000000001,2692.4728999488966
13172400.0,920,iso13790,native,True,27.0,0.0,491.0522846959127,22.200000000000045,2712.7235502293606
13176000.0,920,iso13790,native,True,26.99999999999999,0.0,820.2661612562322,23.900000000000034,4437.682188707431
13179600.0,920,iso13790,native,True,26.99999999999999,0.0,1049.8313627799596,25.600000000000023,4273.24084169126
13183200.0,920,iso13790,native,True,27.0,0.0,966.2035988928393,23.900000000000034,2157.910412438542
13186800.0,920,iso13790,native,True,27.0,0.0,679.1860006984939,16.100000000000023,1144.461582
13190400.0,920,iso13790,native,True,27.0,0.0,853.4340079393077,18.30000000000001,2713.195964389828
13194000.0,920,iso13790,native,True,26.999999999999996,0.0,744.5685882053086,19.400000000000034,828.4719145626402
13197600.0,920,iso13790,native,True,27.000000000000014,0.0,767.2021058790938,20.600000000000023,1193.6438203796329
13201200.0,920,iso13790,native,True,27.0,0.0,613.538080281832,18.900000000000034,371.5414783288299
13204800.0,920,iso13790,native,True,27.000000000000004,0.0,463.5055658895695,17.80000000000001,-96.16807800000001
13208400.0,920,iso13790,native,True,27.0,0.0,368.2874104474429,17.80000000000001,-101.56212000000002
13212000.0,920,iso13790,native,True,27.000000000000004,0.0,248.4150356478832,16.700000000000045,-101.56212000000002
13215600.0,920,iso13790,native,True,27.0,0.0,145.08737697204887,16.100000000000023,-101.56212000000002
13219200.0,920,iso13790,native,True,27.0,0.0,81.23880528189345,16.700000000000045,-101.56212000000002
13222800.0,920,iso13790,native,True,26.91662073210562,0.0,0.0,15.600000000000023,-101.56212000000002
13226400.0,920,iso13790,native,True,26.531195879512133,0.0,0.0,14.400000000000034,-101.56212000000002
13230000.0,920,iso13790,native,True,26.251214111398593,0.0,0.0,14.400000000000034,-101.56212000000002
13233600.0,920,iso13790,native,True,25.86271928669104,0.0,0.0,13.300000000000011,-101.56212000000002
13237200.0,920,iso13790,native,True,25.60946835209479,0.0,0.0,13.300000000000011,3.7179610231778213
13240800.0,920,iso13790,native,True,25.904633285447407,0.0,0.0,15.600000000000023,883.9514094977363
13244400.0,920,iso13790,native,True,25.515201383897463,0.0,0.0,14.400000000000034,205.898274
13248000.0,920,iso13790,native,True,25.928737116967802,0.0,0.0,17.200000000000045,1063.13257470788
13251600.0,920,iso13790,native,True,26.4847802194992,0.0,0.0,18.900000000000034,1954.4074113222966
13255200.0,920,iso13790,native,True,26.999999999999996,0.0,103.4219498200145,21.700000000000045,2816.6369137357296
13258800.0,920,iso13790,native,True,27.000000000000004,0.0,373.3444028099679,23.900000000000034,3469.5086077137807
13262400.0,920,iso13790,native,True,27.00000000000001,0.0,492.1121292009803,25.600000000000023,2432.7524865979417
13266000.0,920,iso13790,native,True,27.00000000000001,0.0,772.7077272503553,27.80000000000001,3456.6471556261527
13269600.0,920,iso13790,native,True,26.99999999999997,0.0,863.7541077438282,28.900000000000034,2370.1981349066386
13273200.0,920,iso13790,native,True,27.0,0.0,1067.6259351387666,28.900000000000034,3377.894374117448
13276800.0,920,iso13790,native,True,26.999999999999986,0.0,913.9373042946667,23.900000000000034,1856.162071664726
13280400.0,920,iso13790,native,True,27.0,0.0,871.9559794536538,22.80000000000001,1450.0284209708805
13284000.0,920,iso13790,native,True,26.99999999999999,0.0,815.3321725728632,22.200000000000045,1041.4618706517426
13287600.0,920,iso13790,native,True,27.0,0.0,680.7066952494906,21.100000000000023,249.0443008109778
13291200.0,920,iso13790,native,True,27.0,0.0,578.7265705774813,21.100000000000023,-92.90854384739211
13294800.0,920,iso13790,native,True,27.000000000000004,0.0,465.1888355226871,20.0,-101.56212000000002
13298400.0,920,iso13790,native,True,27.000000000000004,0.0,353.25334667347386,18.900000000000034,-101.56212000000002
13302000.0,920,iso13790,native,True,27.000000000000004,0.0,242.44628628903368,17.80000000000001,-101.56212000000002
13305600.0,920,iso13790,native,True,27.0,0.0,114.94216825955864,16.100000000000023,-101.56212000000002
13309200.0,920,iso13790,native,True,27.000000000000004,0.0,3.2649469881913493,15.0,-101.56212000000002
13312800.0,920,iso13790,native,True,26.734029904232727,0.0,0.0,15.0,-101.56212000000002
13316400.0,920,iso13790,native,True,26.401069453055825,0.0,0.0,14.400000000000034,-101.56212000000002
13320000.0,920,iso13790,native,True,26.00876752947629,0.0,0.0,13.300000000000011,-101.56212000000002
13323600.0,920,iso13790,native,True,25.67164298300271,0.0,0.0,12.800000000000011,-73.38648085635296
13327200.0,920,iso13790,native,True,25.739102256916496,0.0,0.0,15.0,286.66156719443296
13330800.0,920,iso13790,native,True,25.963692020558373,0.0,0.0,18.30000000000001,393.9161754950547
13334400.0,920,iso13790,native,True,26.453435610459604,0.0,0.0,21.100000000000023,1105.5659604280117
13338000.0,920,iso13790,native,True,27.0,0.0,20.906371740756367,24.400000000000034,1443.1539472738866
13341600.0,920,iso13790,native,True,26.999999999999996,0.0,296.4453823252724,27.80000000000001,2371.4284559587663
13345200.0,920,iso13790,native,True,27.00000000000001,0.0,492.6902476114301,28.30000000000001,2781.4919726651956
13348800.0,920,iso13790,native,True,27.0,0.0,626.8305964994044,29.400000000000034,2271.961219340407
13352400.0,920,iso13790,native,True,26.999999999999986,0.0,928.7911103516648,30.0,3912.683784061109
13356000.0,920,iso13790,native,True,27.000000000000004,0.0,1211.999234734528,31.100000000000023,4427.903739346215
13359600.0,920,iso13790,native,True,26.999999999999964,0.0,1411.5835083743027,31.700000000000045,4096.014339589385
13363200.0,920,iso13790,native,True,26.999999999999996,0.0,1550.7318338578914,32.200000000000045,3510.174595979085
13366800.0,920,iso13790,native,True,27.000000000000025,0.0,1563.4470700466943,30.600000000000023,2714.2770470875485
13370400.0,920,iso13790,native,True,26.999999999999986,0.0,1404.3681026660397,30.0,522.6637910772193
13374000.0,920,iso13790,native,True,27.00000000000001,0.0,1277.0832930225915,28.30000000000001,208.81200066172352
13377600.0,920,iso13790,native,True,27.00000000000001,0.0,1049.9731927307369,23.900000000000034,-95.2432719536641
13381200.0,920,iso13790,native,True,27.0,0.0,918.697540201347,22.80000000000001,-101.56212000000002
13384800.0,920,iso13790,native,True,27.00000000000001,0.0,837.6481326089302,23.30000000000001,-101.56212000000002
13388400.0,920,iso13790,native,True,26.999999999999996,0.0,636.6218666815105,19.400000000000034,-101.56212000000002
13392000.0,920,iso13790,native,True,27.00000000000001,0.0,441.60860770273814,16.100000000000023,-101.56212000000002
13395600.0,920,iso13790,native,True,27.0,0.0,336.21895657617233,16.100000000000023,-101.56212000000002
13399200.0,920,iso13790,native,True,27.0,0.0,224.51143198968927,15.600000000000023,-101.56212000000002
13402800.0,920,iso13790,native,True,26.999999999999996,0.0,115.24456718175226,15.0,-101.56212000000002
13406400.0,920,iso13790,native,True,26.921585420455333,0.0,0.0,13.300000000000011,-101.56212000000002
13410000.0,920,iso13790,native,True,26.533644236022603,0.0,0.0,12.200000000000045,25.605465912796582
13413600.0,920,iso13790,native,True,26.999999999999996,0.0,1.4886352712648003,16.100000000000023,1059.4399136497354
13417200.0,920,iso13790,native,True,26.99999999999999,0.0,90.59334751074825,18.900000000000034,1117.2423064171671
13420800.0,920,iso13790,native,True,27.000000000000004,0.0,153.43223088408362,22.200000000000045,604.8356320853864
13424400.0,920,iso13790,native,True,27.0,0.0,368.14353038264784,25.600000000000023,1696.8977955170199
13428000.0,920,iso13790,native,True,26.999999999999996,0.0,585.7785105853606,26.700000000000045,2763.830252495724
13431600.0,920,iso13790,native,True,27.00000000000001,0.0,854.2345670274588,28.30000000000001,3640.036200816482
13435200.0,920,iso13790,native,True,27.000000000000014,0.0,1131.090059131929,29.400000000000034,4317.956383854483
13438800.0,920,iso13790,native,True,27.000000000000014,0.0,1363.3202000791596,30.0,4432.819091752984
13442400.0,920,iso13790,native,True,27.0,0.0,1584.6017030021396,30.600000000000023,4512.193813574062
13446000.0,920,iso13790,native,True,27.00000000000003,0.0,1744.927247693366,30.600000000000023,4248.228524082728
13449600.0,920,iso13790,native,True,27.00000000000003,0.0,1858.0333730401035,30.600000000000023,3802.483937353375
13453200.0,920,iso13790,native,True,26.999999999999986,0.0,1853.5484439029915,29.400000000000034,2900.3980552901176
13456800.0,920,iso13790,native,True,27.000000000000053,0.0,1748.3857352658656,28.900000000000034,1419.0608966528862
13460400.0,920,iso13790,native,True,26.999999999999986,0.0,1564.2721613342133,26.700000000000045,498.68801047727857
13464000.0,920,iso13790,native,True,26.999999999999964,0.0,1371.6925123871347,25.0,-87.56061948717678
13467600.0,920,iso13790,native,True,27.00000000000001,0.0,1222.1394967424103,23.900000000000034,-101.56212000000002
13471200.0,920,iso13790,native,True,27.000000000000018,0.0,1092.072609921364,23.30000000000001,-101.56212000000002
13474800.0,920,iso13790,native,True,27.00000000000001,0.0,920.8687460129182,21.100000000000023,-101.56212000000002
13478400.0,920,iso13790,native,True,26.999999999999996,0.0,812.7212940722663,21.100000000000023,-101.56212000000002
13482000.0,920,iso13790,native,True,27.000000000000018,0.0,663.007597946768,19.400000000000034,-101.56212000000002
13485600.0,920,iso13790,native,True,27.0,0.0,581.1527490640993,20.0,-101.56212000000002
13489200.0,920,iso13790,native,True,27.00000000000001,0.0,510.1559602511955,20.600000000000023,-101.56212000000002
13492800.0,920,iso13790,native,True,26.999999999999996,0.0,446.1896777600278,21.100000000000023,-101.56212000000002
13496400.0,920,iso13790,native,True,26.999999999999996,0.0,406.0258787573867,21.700000000000045,19.011402216109516
13500000.0,920,iso13790,native,True,26.999999999999996,0.0,391.9329558199001,19.400000000000034,1102.5393787898265
13503600.0,920,iso13790,native,True,26.99999999999999,0.0,457.19320098169527,21.700000000000045,1121.4704111314986
13507200.0,920,iso13790,native,True,26.999999999999986,0.0,490.0648032342044,24.400000000000034,578.6707185407022
13510800.0,920,iso13790,native,True,27.000000000000004,0.0,692.2212587431333,27.80000000000001,1674.1658864456883
13514400.0,920,iso13790,native,True,26.999999999999986,0.0,931.3301513666623,30.0,2747.4925942450063
13518000.0,920,iso13790,native,True,27.00000000000001,0.0,1201.4827079719237,31.700000000000045,3662.450781724336
13521600.0,920,iso13790,native,True,26.999999999999996,0.0,1435.2527200278798,32.200000000000045,4110.692935624352
13525200.0,920,iso13790,native,True,27.000000000000032,0.0,1668.9810963868574,32.80000000000001,4409.452167367718
13528800.0,920,iso13790,native,True,26.99999999999999,0.0,1890.2720730627143,32.80000000000001,4724.247567884259
13532400.0,920,iso13790,native,True,27.000000000000004,0.0,1946.1932935262575,33.900000000000034,3059.937281462745
13536000.0,920,iso13790,native,True,26.999999999999957,0.0,1958.4825288638608,32.200000000000045,2755.74854498588
13539600.0,920,iso13790,native,True,27.000000000000057,0.0,1879.490125812944,31.700000000000045,1506.6868542842642
13543200.0,920,iso13790,native,True,26.99999999999999,0.0,1787.980833256186,30.0,1212.2776326370497
13546800.0,920,iso13790,native,True,26.99999999999999,0.0,1556.323461242073,25.600000000000023,543.9445046866972
13550400.0,920,iso13790,native,True,27.000000000000004,0.0,1355.0829872925801,23.900000000000034,-83.93968701974086
13554000.0,920,iso13790,native,True,26.99999999999997,0.0,1166.3467603531667,21.700000000000045,-101.56212000000002
13557600.0,920,iso13790,native,True,27.0,0.0,974.7937231423962,19.400000000000034,-101.56212000000002
13561200.0,920,iso13790,native,True,27.000000000000018,0.0,867.9071439897376,20.0,-101.56212000000002
13564800.0,920,iso13790,native,True,27.00000000000001,0.0,723.6394400170791,18.900000000000034,-101.56212000000002
13568400.0,920,iso13790,native,True,27.00000000000001,0.0,550.5819889044105,16.700000000000045,-101.56212000000002
13572000.0,920,iso13790,native,True,27.0,0.0,422.9948745979761,16.100000000000023,-101.56212000000002
13575600.0,920,iso13790,native,True,26.999999999999996,0.0,319.09962591187684,16.100000000000023,-101.56212000000002
13579200.0,920,iso13790,native,True,27.000000000000004,0.0,173.29674515892754,14.400000000000034,-101.56212000000002
13582800.0,920,iso13790,native,True,27.0,0.0,135.70576767414423,16.100000000000023,-20.581016594358715
13586400.0,920,iso13790,native,True,26.999999999999996,0.0,202.65773543189928,18.900000000000034,576.3337049966559
13590000.0,920,iso13790,native,True,27.000000000000004,0.0,283.24775749438635,21.700000000000045,803.0012923571221
13593600.0,920,iso13790,native,True,27.00000000000001,0.0,358.7449962509306,25.0,561.0122500853936
13597200.0,920,iso13790,native,True,26.999999999999996,0.0,558.9346258105246,27.80000000000001,1676.4934547475777
13600800.0,920,iso13790,native,True,26.999999999999996,0.0,777.2442997784214,28.900000000000034,2758.484810042807
13604400.0,920,iso13790,native,True,26.99999999999999,0.0,1020.4166998801659,30.0,3530.1559636115367
13608000.0,920,iso13790,native,True,27.00000000000004,0.0,1268.8020574795817,30.600000000000023,4150.326137482922
13611600.0,920,iso13790,native,True,26.999999999999996,0.0,1540.3881995523054,31.700000000000045,4635.184143005954
13615200.0,920,iso13790,native,True,27.000000000000018,0.0,1650.58771503348,31.700000000000045,3685.765151700174
13618800.0,920,iso13790,native,True,26.999999999999996,0.0,1770.4023626465623,32.200000000000045,3346.191286271915
13622400.0,920,iso13790,native,True,26.999999999999936,0.0,1824.9044314866649,30.600000000000023,3239.531847856311
13626000.0,920,iso13790,native,True,26.999999999999986,0.0,1915.7527621934198,31.700000000000045,2922.589723119879
13629600.0,920,iso13790,native,True,26.99999999999999,0.0,1714.7002649704586,28.900000000000034,1037.0755884965697
13633200.0,920,iso13790,native,True,27.000000000000018,0.0,1475.3992405240697,25.0,271.43036242109395
13636800.0,920,iso13790,native,True,27.00000000000001,0.0,1355.4912268165474,25.600000000000023,-81.27992615275748
13640400.0,920,iso13790,native,True,26.99999999999998,0.0,1143.2910028718825,22.200000000000045,-101.56212000000002
13644000.0,920,iso13790,native,True,26.999999999999996,0.0,992.6307334085112,21.100000000000023,-101.56212000000002
13647600.0,920,iso13790,native,True,27.0,0.0,813.6939435402716,18.900000000000034,-101.56212000000002
13651200.0,920,iso13790,native,True,27.0,0.0,600.892506492519,15.600000000000023,-101.56212000000002
13654800.0,920,iso13790,native,True,27.00000000000001,0.0,443.67301950407335,14.400000000000034,-101.56212000000002
13658400.0,920,iso13790,native,True,27.0,0.0,343.70786352724645,15.0,-101.56212000000002
13662000.0,920,iso13790,native,True,27.000000000000004,0.0,188.07100638935756,13.300000000000011,-101.56212000000002
13665600.0,920,iso13790,native,True,27.0,0.0,83.03364682064878,13.300000000000011,-101.56212000000002
13669200.0,920,iso13790,native,True,26.790847999727337,0.0,0.0,11.100000000000023,94.95736886394826
13672800.0,920,iso13790,native,True,27.0,0.0,91.60033516714645,15.600000000000023,1183.7303702513539
13676400.0,920,iso13790,native,True,27.00000000000001,0.0,164.39138649844398,18.30000000000001,1141.1453952384384
13680000.0,920,iso13790,native,True,27.000000000000004,0.0,162.5419386796434,20.0,542.949603339326
13683600.0,920,iso13790,native,True,27.000000000000004,0.0,276.2176213732407,20.600000000000023,1654.253444261284
13687200.0,920,iso13790,native,True,27.00000000000001,0.0,478.87745716019907,22.200000000000045,2732.8807899292738
13690800.0,920,iso13790,native,True,27.000000000000014,0.0,730.0715290877603,23.900000000000034,3661.0210792210933
13694400.0,920,iso13790,native,True,27.00000000000001,0.0,976.413953516818,25.600000000000023,4060.2444603748727
13698000.0,920,iso13790,native,True,27.000000000000018,0.0,1222.3746681848386,26.700000000000045,4466.593563988039
13701600.0,920,iso13790,native,True,26.999999999999975,0.0,1380.5246141253122,26.100000000000023,4372.586914751854
13705200.0,920,iso13790,native,True,27.000000000000046,0.0,1464.9459909395387,27.200000000000045,3272.6137588523998
13708800.0,920,iso13790,native,True,27.0,0.0,1555.164413044231,26.100000000000023,3529.5473562498655
13712400.0,920,iso13790,native,True,27.0,0.0,1577.2528815007404,27.200000000000045,2458.738609203763
13716000.0,920,iso13790,native,True,27.000000000000018,0.0,1558.4052431098626,28.30000000000001,1567.4435154980285
13719600.0,920,iso13790,native,True,27.000000000000004,0.0,1350.6113556507078,25.0,536.2952331066456
13723200.0,920,iso13790,native,True,27.0,0.0,1129.7868981885204,22.200000000000045,-80.01010023102624
13726800.0,920,iso13790,native,True,26.999999999999986,0.0,914.323187831132,18.900000000000034,-101.56212000000002
13730400.0,920,iso13790,native,True,27.000000000000014,0.0,725.9567035177153,16.700000000000045,-101.56212000000002
13734000.0,920,iso13790,native,True,27.00000000000001,0.0,602.0245311169172,16.700000000000045,-101.56212000000002
13737600.0,920,iso13790,native,True,27.000000000000004,0.0,420.0584995635508,14.400000000000034,-101.56212000000002
13741200.0,920,iso13790,native,True,26.99999999999999,0.0,256.9613028022836,12.800000000000011,-101.56212000000002
13744800.0,920,iso13790,native,True,27.0,0.0,92.57227704172337,11.100000000000023,-101.56212000000002
13748400.0,920,iso13790,native,True,26.695794040438187,0.0,0.0,8.900000000000034,-101.56212000000002
13752000.0,920,iso13790,native,True,26.156276213867503,0.0,0.0,7.800000000000011,-101.56212000000002
13755600.0,920,iso13790,native,True,25.662801520744953,0.0,0.0,7.2000000000000455,-79.98595200000001
13759200.0,920,iso13790,native,True,26.038149625281534,0.0,0.0,12.800000000000011,542.5244432103648
13762800.0,920,iso13790,native,True,26.341239710535294,0.0,0.0,15.600000000000023,1038.6642256794778
13766400.0,920,iso13790,native,True,26.3360415327856,0.0,0.0,16.100000000000023,872.254035148279
13770000.0,920,iso13790,native,True,26.787673475387972,0.0,0.0,17.200000000000045,1870.2650859736339
13773600.0,920,iso13790,native,True,26.99999999999999,0.0,149.4876603433327,18.900000000000034,2859.927575845987
13777200.0,920,iso13790,native,True,26.999999999999996,0.0,418.41706748247594,21.100000000000023,3712.212567218099
13780800.0,920,iso13790,native,True,26.999999999999986,0.0,676.8641644699511,22.200000000000045,4327.066947671508
13784400.0,920,iso13790,native,True,27.000000000000014,0.0,930.729804088844,23.30000000000001,4653.208533446944
13788000.0,920,iso13790,native,True,26.999999999999996,0.0,1180.4656811331806,25.600000000000023,4513.488406467755
13791600.0,920,iso13790,native,True,27.000000000000014,0.0,1245.3941636301213,25.0,3509.869592300959
13795200.0,920,iso13790,native,True,27.00000000000001,0.0,1145.7475973863332,25.0,1395.7769115800718
13798800.0,920,iso13790,native,True,26.999999999999996,0.0,1063.289389358572,24.400000000000034,825.5899276865572
13802400.0,920,iso13790,native,True,26.999999999999996,0.0,1047.115001906364,23.30000000000001,1381.665682002617
13806000.0,920,iso13790,native,True,27.00000000000001,0.0,869.4194823068228,21.100000000000023,385.7628169618658
13809600.0,920,iso13790,native,True,26.999999999999996,0.0,664.2870918077866,18.30000000000001,-90.77403600000002
13813200.0,920,iso13790,native,True,26.99999999999999,0.0,509.01295759384453,16.700000000000045,-101.56212000000002
13816800.0,920,iso13790,native,True,27.0,0.0,369.9841352120329,15.600000000000023,-101.56212000000002
13820400.0,920,iso13790,native,True,27.0,0.0,249.03800319352962,15.0,-101.56212000000002
13824000.0,920,iso13790,native,True,27.000000000000004,0.0,118.73660038531307,13.900000000000034,-101.56212000000002
13827600.0,920,iso13790,native,True,26.968129840996795,0.0,0.0,12.800000000000011,-101.56212000000002
13831200.0,920,iso13790,native,True,26.57333069243959,0.0,0.0,12.200000000000045,-101.56212000000002
13834800.0,920,iso13790,native,True,26.06820380341146,0.0,0.0,10.600000000000023,-101.56212000000002
13838400.0,920,iso13790,native,True,25.640376068344914,0.0,0.0,10.0,-101.56212000000002
13842000.0,920,iso13790,native,True,25.38420003626777,0.0,0.0,10.0,213.93110253433804
13845600.0,920,iso13790,native,True,25.902260609944648,0.0,0.0,13.900000000000034,1338.2268913646435
13849200.0,920,iso13790,native,True,26.10380047964839,0.0,0.0,16.100000000000023,1158.745614758231
13852800.0,920,iso13790,native,True,26.083643665856247,0.0,0.0,17.80000000000001,473.41654856060484
13856400.0,920,iso13790,native,True,26.661704303502944,0.0,0.0,20.0,1603.8805155613886
13860000.0,920,iso13790,native,True,27.0,0.0,111.17649079270349,21.100000000000023,2694.227268250609
13863600.0,920,iso13790,native,True,27.00000000000001,0.0,364.42677350031136,22.200000000000045,3627.1182764925607
13867200.0,920,iso13790,native,True,27.00000000000001,0.0,639.6534859349206,23.900000000000034,4162.757033156645
13870800.0,920,iso13790,native,True,27.000000000000014,0.0,874.4331864340353,25.0,4248.235086188897
13874400.0,920,iso13790,native,True,26.999999999999964,0.0,1109.3142105266124,25.600000000000023,4539.071175567527
13878000.0,920,iso13790,native,True,26.99999999999998,0.0,1327.0963100693739,26.100000000000023,4658.55107851453
13881600.0,920,iso13790,native,True,27.000000000000018,0.0,1427.2304057802903,26.700000000000045,3646.169510744386
13885200.0,920,iso13790,native,True,27.000000000000046,0.0,1475.9174252303494,26.700000000000045,2947.4907953677525
13888800.0,920,iso13790,native,True,27.000000000000004,0.0,1414.6797130774519,26.100000000000023,1793.815267817533
13892400.0,920,iso13790,native,True,27.000000000000018,0.0,1265.7870742098885,24.400000000000034,782.7778216731768
13896000.0,920,iso13790,native,True,27.000000000000018,0.0,1074.4829238452758,22.80000000000001,-66.5149067519396
13899600.0,920,iso13790,native,True,26.99999999999998,0.0,881.9864052285661,20.0,-101.56212000000002
13903200.0,920,iso13790,native,True,27.000000000000025,0.0,736.5883486158913,18.900000000000034,-101.56212000000002
13906800.0,920,iso13790,native,True,26.999999999999996,0.0,562.4912951568053,16.700000000000045,-101.56212000000002
13910400.0,920,iso13790,native,True,27.0,0.0,433.9480429156695,16.100000000000023,-101.56212000000002
13914000.0,920,iso13790,native,True,27.00000000000001,0.0,346.9083100698588,16.700000000000045,-101.56212000000002
13917600.0,920,iso13790,native,True,27.000000000000004,0.0,220.8940495444684,15.600000000000023,-101.56212000000002
13921200.0,920,iso13790,native,True,27.0,0.0,79.40364052081736,13.900000000000034,-101.56212000000002
13924800.0,920,iso13790,native,True,26.8920413255033,0.0,0.0,13.300000000000011,-101.56212000000002
13928400.0,920,iso13790,native,True,26.493733588160236,0.0,0.0,11.700000000000045,141.3494120411816
13932000.0,920,iso13790,native,True,26.813111859315324,0.0,0.0,14.400000000000034,1064.9515788504482
13935600.0,920,iso13790,native,True,26.985477308039815,0.0,0.0,16.100000000000023,1144.9361952007062
13939200.0,920,iso13790,native,True,27.0,0.0,2.626465115647774,18.30000000000001,506.6611777685504
13942800.0,920,iso13790,native,True,27.0,0.0,165.81124020780734,20.600000000000023,1625.6334956816702
13946400.0,920,iso13790,native,True,26.99999999999999,0.0,393.411333635639,22.80000000000001,2705.067350895866
13950000.0,920,iso13790,native,True,27.0,0.0,668.9409034209372,25.0,3634.192999355896
13953600.0,920,iso13790,native,True,26.999999999999996,0.0,969.688598253321,27.200000000000045,4316.404757429824
13957200.0,920,iso13790,native,True,27.000000000000046,0.0,1220.5597408193223,28.30000000000001,4497.962363608568
13960800.0,920,iso13790,native,True,26.999999999999996,0.0,1491.6949034800716,30.0,4717.016990824758
13964400.0,920,iso13790,native,True,27.000000000000018,0.0,1650.7737303166716,30.600000000000023,4109.330106512298
13968000.0,920,iso13790,native,True,26.999999999999996,0.0,1671.2028506677295,30.0,2928.001544818414
13971600.0,920,iso13790,native,True,26.999999999999964,0.0,1724.132160541531,30.600000000000023,2489.3289921741653
13975200.0,920,iso13790,native,True,27.0,0.0,1555.5474955670195,27.80000000000001,1113.1552759128933
13978800.0,920,iso13790,native,True,26.999999999999996,0.0,1434.8980455959615,27.200000000000045,462.3858655647892
13982400.0,920,iso13790,native,True,26.99999999999997,0.0,1261.9571233916563,25.600000000000023,-74.88554694471435
13986000.0,920,iso13790,native,True,27.000000000000004,0.0,1089.5251801959682,23.30000000000001,-101.56212000000002
13989600.0,920,iso13790,native,True,26.999999999999975,0.0,968.7746923753388,22.80000000000001,-101.56212000000002
13993200.0,920,iso13790,native,True,27.0,0.0,836.4118028426942,21.700000000000045,-101.56212000000002
13996800.0,920,iso13790,native,True,27.0,0.0,689.0824641090157,20.0,-101.56212000000002
14000400.0,920,iso13790,native,True,27.00000000000001,0.0,573.9507640315888,19.400000000000034,-101.56212000000002
14004000.0,920,iso13790,native,True,27.000000000000004,0.0,434.21790659772637,17.80000000000001,-101.56212000000002
14007600.0,920,iso13790,native,True,27.0,0.0,323.83138113715097,17.200000000000045,-101.56212000000002
14011200.0,920,iso13790,native,True,26.999999999999996,0.0,203.24180751078927,16.100000000000023,-101.56212000000002
14014800.0,920,iso13790,native,True,27.00000000000001,0.0,175.9425397045095,17.80000000000001,-15.106240112516687
14018400.0,920,iso13790,native,True,26.99999999999999,0.0,281.83205810566574,20.600000000000023,876.7119799633167
14022000.0,920,iso13790,native,True,26.999999999999996,0.0,358.6886110202613,22.80000000000001,1003.590221393401
14025600.0,920,iso13790,native,True,27.00000000000001,0.0,464.0950470008397,26.700000000000045,743.5140037867745
14029200.0,920,iso13790,native,True,26.999999999999996,0.0,649.1879999640984,29.400000000000034,1591.592637479996
14032800.0,920,iso13790,native,True,26.999999999999996,0.0,897.0238613110427,31.700000000000045,2624.251138353765
14036400.0,920,iso13790,native,True,26.99999999999999,0.0,1134.6807689353002,33.30000000000001,3172.2304706866585
14040000.0,920,iso13790,native,True,27.000000000000014,0.0,1382.3434140213144,33.900000000000034,3858.296128812084
14043600.0,920,iso13790,native,True,27.000000000000004,0.0,1411.6484139375468,33.900000000000034,2292.3326161542
14047200.0,920,iso13790,native,True,27.000000000000025,0.0,1515.8476825844925,33.900000000000034,2439.1609414715763
14050800.0,920,iso13790,native,True,26.999999999999996,0.0,1713.1247634057347,32.80000000000001,3827.8783654180615
14054400.0,920,iso13790,native,True,26.999999999999964,0.0,1568.750839256087,31.700000000000045,1219.9781699999999
14058000.0,920,iso13790,native,True,26.999999999999996,0.0,1460.2807563191902,29.400000000000034,858.577356
14061600.0,920,iso13790,native,True,27.000000000000014,0.0,1354.3300965485057,28.30000000000001,464.81228999999996
14065200.0,920,iso13790,native,True,26.99999999999999,0.0,1214.1128581429916,26.700000000000045,108.80551799999998
14068800.0,920,iso13790,native,True,27.000000000000004,0.0,1097.931213536923,26.100000000000023,-85.37999400000001
14072400.0,920,iso13790,native,True,26.999999999999986,0.0,927.8795742176327,23.30000000000001,-101.56212000000002
14076000.0,920,iso13790,native,True,27.00000000000001,0.0,737.3439727374287,20.0,-101.56212000000002
14079600.0,920,iso13790,native,True,27.00000000000001,0.0,603.5585250997177,18.900000000000034,-101.56212000000002
14083200.0,920,iso13790,native,True,26.99999999999999,0.0,505.1696940985346,18.900000000000034,-101.56212000000002
14086800.0,920,iso13790,native,True,27.00000000000001,0.0,364.4311486185367,17.200000000000045,-101.56212000000002
14090400.0,920,iso13790,native,True,27.0,0.0,258.31691540541283,16.700000000000045,-101.56212000000002
14094000.0,920,iso13790,native,True,27.000000000000004,0.0,154.1942849100286,16.100000000000023,-101.56212000000002
14097600.0,920,iso13790,native,True,26.999999999999996,0.0,39.36570981910624,15.0,-101.56212000000002
14101200.0,920,iso13790,native,True,26.932036132451227,0.0,0.0,15.0,121.69077554823
14104800.0,920,iso13790,native,True,27.0,0.0,120.59670609597472,18.30000000000001,1173.5780565527
14108400.0,920,iso13790,native,True,27.000000000000004,0.0,215.21608993360695,21.100000000000023,1156.113379586788
14112000.0,920,iso13790,native,True,26.999999999999996,0.0,372.0991045669156,26.700000000000045,822.3556538484221
14115600.0,920,iso13790,native,True,27.00000000000001,0.0,587.2825115359072,30.0,1672.1914398805482
14119200.0,920,iso13790,native,True,27.000000000000004,0.0,849.2752726802961,32.80000000000001,2558.0642710662246
14122800.0,920,iso13790,native,True,26.999999999999986,0.0,1101.1579012587795,33.30000000000001,3494.1235494265293
14126400.0,920,iso13790,native,True,27.0,0.0,1363.0135263675393,34.400000000000034,3953.276316053075
14130000.0,920,iso13790,native,True,27.000000000000053,0.0,1677.5683389550602,35.60000000000002,4760.033289068417
14133600.0,920,iso13790,native,True,27.000000000000025,0.0,1790.5759995035917,35.60000000000002,3595.7805777950016
14137200.0,920,iso13790,native,True,27.00000000000003,0.0,1927.484198221734,35.60000000000002,3462.01450553765
14140800.0,920,iso13790,native,True,26.999999999999996,0.0,1836.5015544362507,34.400000000000034,1606.9525674290833
14144400.0,920,iso13790,native,True,26.999999999999986,0.0,1790.1200741719579,33.900000000000034,1122.0660369063314
14148000.0,920,iso13790,native,True,27.000000000000046,0.0,1721.062521134278,32.80000000000001,879.367739045615
14151600.0,920,iso13790,native,True,26.99999999999999,0.0,1533.7161304729073,30.0,130.381686
14155200.0,920,iso13790,native,True,27.000000000000004,0.0,1302.441416515551,25.600000000000023,-83.66200613949708
14158800.0,920,iso13790,native,True,26.99999999999998,0.0,1177.3581333005025,25.0,-101.56212000000002
14162400.0,920,iso13790,native,True,26.99999999999998,0.0,1076.479711354079,25.0,-101.56212000000002
14166000.0,920,iso13790,native,True,26.999999999999986,0.0,965.9654171351503,24.400000000000034,-101.56212000000002
14169600.0,920,iso13790,native,True,26.99999999999999,0.0,830.4792574087252,22.80000000000001,-101.56212000000002
14173200.0,920,iso13790,native,True,26.999999999999986,0.0,774.2473396319359,23.900000000000034,-101.56212000000002
14176800.0,920,iso13790,native,True,27.000000000000004,0.0,665.3603724012665,22.80000000000001,-101.56212000000002
14180400.0,920,iso13790,native,True,27.0,0.0,539.6221929624357,21.100000000000023,-101.56212000000002
14184000.0,920,iso13790,native,True,27.0,0.0,527.1110286503251,23.30000000000001,-101.56212000000002
14187600.0,920,iso13790,native,True,26.999999999999996,0.0,455.56133536096854,22.80000000000001,-61.360872428434426
14191200.0,920,iso13790,native,True,27.0,0.0,468.50772786634656,22.80000000000001,625.459736465182
14194800.0,920,iso13790,native,True,27.000000000000004,0.0,612.7299847183037,26.700000000000045,1066.814238978779
14198400.0,920,iso13790,native,True,27.000000000000018,0.0,719.167500886965,28.900000000000034,1203.7535106580865
14202000.0,920,iso13790,native,True,27.000000000000004,0.0,909.5633793922636,31.100000000000023,2020.703446379847
14205600.0,920,iso13790,native,True,26.99999999999998,0.0,1006.6991186339197,32.200000000000045,1736.734255732661
14209200.0,920,iso13790,native,True,26.99999999999997,0.0,1209.8577731569135,34.400000000000034,2353.766293051908
14212800.0,920,iso13790,native,True,27.000000000000014,0.0,1546.2640519998226,36.10000000000002,4074.4225444950994
14216400.0,920,iso13790,native,True,26.99999999999999,0.0,1750.405693622789,36.10000000000002,4089.152388676919
14220000.0,920,iso13790,native,True,27.000000000000004,0.0,1993.704093179692,35.60000000000002,4793.5010585250775
14223600.0,920,iso13790,native,True,27.0,0.0,2148.968238892393,36.700000000000045,3957.9074353027477
14227200.0,920,iso13790,native,True,26.999999999999986,0.0,2265.1202646125216,36.700000000000045,3607.0686345600216
14230800.0,920,iso13790,native,True,26.99999999999999,0.0,2200.3994063795617,35.60000000000002,2087.1019581350897
14234400.0,920,iso13790,native,True,27.00000000000003,0.0,2123.0781427422316,33.900000000000034,1562.3324766917967
14238000.0,920,iso13790,native,True,26.99999999999995,0.0,1969.7708627242348,32.80000000000001,482.4964854278747
14241600.0,920,iso13790,native,True,26.99999999999999,0.0,1692.8085592037457,27.80000000000001,-72.75169391982678
14245200.0,920,iso13790,native,True,26.999999999999996,0.0,1486.6381532076707,25.0,-101.56212000000002
14248800.0,920,iso13790,native,True,27.0,0.0,1263.3873068613786,21.700000000000045,-101.56212000000002
14252400.0,920,iso13790,native,True,26.99999999999998,0.0,1064.043375222844,19.400000000000034,-101.56212000000002
14256000.0,920,iso13790,native,True,26.99999999999999,0.0,867.2285717388348,17.200000000000045,-101.56212000000002
14259600.0,920,iso13790,native,True,26.99999999999999,0.0,688.2333121667862,15.600000000000023,-101.56212000000002
14263200.0,920,iso13790,native,True,27.00000000000001,0.0,559.4714544558733,15.600000000000023,-101.56212000000002
14266800.0,920,iso13790,native,True,26.999999999999996,0.0,340.5495230391312,12.200000000000045,-101.56212000000002
14270400.0,920,iso13790,native,True,26.999999999999996,0.0,200.63305419116747,11.700000000000045,-101.56212000000002
14274000.0,920,iso13790,native,True,27.0,0.0,120.77133613307856,11.700000000000045,272.0467693921172
14277600.0,920,iso13790,native,True,27.0,0.0,279.5135482717891,16.700000000000045,1258.3959444635968
14281200.0,920,iso13790,native,True,27.0,0.0,299.36864340619144,18.30000000000001,1039.6803246286865
14284800.0,920,iso13790,native,True,27.000000000000004,0.0,329.4328366586555,20.0,927.3701785945277
14288400.0,920,iso13790,native,True,27.0,0.0,400.45095257516266,21.100000000000023,1369.1512729602784
14292000.0,920,iso13790,native,True,27.0,0.0,513.8858035111966,21.700000000000045,2090.86663355625
14295600.0,920,iso13790,native,True,27.000000000000014,0.0,751.684390226032,22.80000000000001,3513.1523895743107
14299200.0,920,iso13790,native,True,27.00000000000001,0.0,1032.8457010985426,25.0,4295.994357318619
14302800.0,920,iso13790,native,True,26.99999999999999,0.0,1285.1715562390536,26.100000000000023,4710.7953200960455
14306400.0,920,iso13790,native,True,27.0,0.0,1635.578819571823,31.100000000000023,4827.505534612187
14310000.0,920,iso13790,native,True,26.999999999999996,0.0,1835.3704165543752,31.700000000000045,4594.1740097384045
14313600.0,920,iso13790,native,True,27.000000000000025,0.0,1987.8078568736762,32.80000000000001,4001.330894509014
14317200.0,920,iso13790,native,True,26.999999999999996,0.0,1937.4942077795984,30.0,2941.1060784209762
14320800.0,920,iso13790,native,True,26.999999999999996,0.0,1877.306981253178,28.900000000000034,2082.4327904269103
14324400.0,920,iso13790,native,True,27.000000000000025,0.0,1727.1640755462709,27.80000000000001,878.7913711589624
14328000.0,920,iso13790,native,True,26.999999999999996,0.0,1468.2906013588768,24.400000000000034,-44.48901785862258
14331600.0,920,iso13790,native,True,26.999999999999964,0.0,1272.4638218071034,22.200000000000045,-101.56212000000002
14335200.0,920,iso13790,native,True,26.999999999999996,0.0,1061.1840645149168,19.400000000000034,-101.56212000000002
14338800.0,920,iso13790,native,True,27.000000000000004,0.0,947.3616420119114,20.0,-101.56212000000002
14342400.0,920,iso13790,native,True,27.00000000000001,0.0,778.9800481557313,18.30000000000001,-101.56212000000002
14346000.0,920,iso13790,native,True,26.999999999999986,0.0,629.707196740727,17.200000000000045,-101.56212000000002
14349600.0,920,iso13790,native,True,27.000000000000004,0.0,502.2952919922922,16.700000000000045,-101.56212000000002
14353200.0,920,iso13790,native,True,27.000000000000004,0.0,396.3197625357398,16.700000000000045,-101.56212000000002
14356800.0,920,iso13790,native,True,27.000000000000004,0.0,298.8524720744627,16.700000000000045,-101.56212000000002
14360400.0,920,iso13790,native,True,26.999999999999996,0.0,178.32556658331268,15.600000000000023,-85.37999400000001
14364000.0,920,iso13790,native,True,27.0,0.0,119.2979645801527,16.100000000000023,44.07701399999998
14367600.0,920,iso13790,native,True,27.000000000000004,0.0,73.07630084843437,16.100000000000023,286.8089039999999
14371200.0,920,iso13790,native,True,27.0,0.0,32.71434562570719,15.600000000000023,551.116962
14374800.0,920,iso13790,native,True,26.99999999999999,0.0,70.04391707977564,16.700000000000045,961.064154
14378400.0,920,iso13790,native,True,27.000000000000004,0.0,292.23654162373487,18.30000000000001,2764.5743214361505
14382000.0,920,iso13790,native,True,26.999999999999996,0.0,482.8428461636837,21.700000000000045,2700.5833808650937
14385600.0,920,iso13790,native,True,26.99999999999999,0.0,742.8615228412363,22.200000000000045,4126.82375864088
14389200.0,920,iso13790,native,True,27.00000000000001,0.0,1035.7282030536323,24.400000000000034,4690.934413178318
14392800.0,920,iso13790,native,True,27.000000000000014,0.0,1310.8807067900586,26.700000000000045,4786.564656602939
14396400.0,920,iso13790,native,True,26.999999999999975,0.0,1547.9092248976071,28.900000000000034,4531.356813277371
14400000.0,920,iso13790,native,True,26.999999999999996,0.0,1595.475926515106,29.400000000000034,3080.4069469042724
14403600.0,920,iso13790,native,True,27.000000000000018,0.0,1701.2128124555725,30.0,3056.415075111926
14407200.0,920,iso13790,native,True,26.999999999999986,0.0,1657.0028139497874,29.400000000000034,1951.5993466404648
14410800.0,920,iso13790,native,True,26.999999999999975,0.0,1422.7327230985097,25.0,749.0404312490338
14414400.0,920,iso13790,native,True,27.00000000000001,0.0,1221.5388837173493,23.30000000000001,-66.17319922663813
14418000.0,920,iso13790,native,True,27.00000000000004,0.0,1088.778059088196,22.80000000000001,-101.56212000000002
14421600.0,920,iso13790,native,True,27.00000000000001,0.0,946.7807064916274,21.700000000000045,-101.56212000000002
14425200.0,920,iso13790,native,True,26.999999999999986,0.0,808.3252972789643,20.600000000000023,-101.56212000000002
14428800.0,920,iso13790,native,True,27.00000000000001,0.0,655.3925764405582,18.900000000000034,-101.56212000000002
14432400.0,920,iso13790,native,True,27.00000000000001,0.0,520.3282862041992,17.80000000000001,-101.56212000000002
14436000.0,920,iso13790,native,True,27.0,0.0,403.02839410679155,17.200000000000045,-101.56212000000002
14439600.0,920,iso13790,native,True,26.999999999999996,0.0,276.08049306736746,16.100000000000023,-101.56212000000002
14443200.0,920,iso13790,native,True,26.999999999999996,0.0,133.73140080207975,14.400000000000034,-101.56212000000002
14446800.0,920,iso13790,native,True,27.000000000000004,0.0,77.47090928582645,15.600000000000023,-90.77403600000002
14450400.0,920,iso13790,native,True,26.99999999999999,0.0,9.261179473672348,15.600000000000023,17.10680399999999
14454000.0,920,iso13790,native,True,27.000000000000004,0.0,22.644422658963308,17.200000000000045,346.143366
14457600.0,920,iso13790,native,True,27.00000000000001,0.0,121.75431547766185,18.900000000000034,1195.7765955288949
14461200.0,920,iso13790,native,True,27.0,0.0,250.231217816121,21.100000000000023,1635.7032699590975
14464800.0,920,iso13790,native,True,26.99999999999999,0.0,449.06831334144266,22.80000000000001,2602.0012845298247
14468400.0,920,iso13790,native,True,26.999999999999996,0.0,651.1042786410069,23.30000000000001,3406.860625427805
14472000.0,920,iso13790,native,True,27.00000000000001,0.0,877.7898287158566,23.900000000000034,4066.853424033589
14475600.0,920,iso13790,native,True,26.999999999999996,0.0,1087.2052076301043,24.400000000000034,4324.356894208929
14479200.0,920,iso13790,native,True,27.00000000000001,0.0,1348.7934316268645,27.200000000000045,4400.853424419731
14482800.0,920,iso13790,native,True,26.999999999999996,0.0,1476.1810981988644,27.200000000000045,3930.1704298154978
14486400.0,920,iso13790,native,True,26.999999999999996,0.0,1614.7799686942617,26.700000000000045,4103.420335318949
14490000.0,920,iso13790,native,True,27.0,0.0,1616.9101973181228,27.200000000000045,2668.988562371252
14493600.0,920,iso13790,native,True,26.99999999999997,0.0,1459.9921145628402,26.100000000000023,956.8674132250651
14497200.0,920,iso13790,native,True,26.999999999999975,0.0,1306.4909414734225,24.400000000000034,441.5382514857452
14500800.0,920,iso13790,native,True,27.0,0.0,1139.078269226454,23.30000000000001,-78.74545574026878
14504400.0,920,iso13790,native,True,26.999999999999996,0.0,980.9253178040544,21.700000000000045,-101.56212000000002
14508000.0,920,iso13790,native,True,27.0,0.0,854.5076857788406,21.100000000000023,-101.56212000000002
14511600.0,920,iso13790,native,True,26.99999999999998,0.0,751.6880275594973,21.100000000000023,-101.56212000000002
14515200.0,920,iso13790,native,True,27.000000000000004,0.0,606.8743835575044,19.400000000000034,-101.56212000000002
14518800.0,920,iso13790,native,True,26.999999999999996,0.0,511.7912961103968,19.400000000000034,-101.56212000000002
14522400.0,920,iso13790,native,True,26.999999999999996,0.0,391.82798306100943,18.30000000000001,-101.56212000000002
14526000.0,920,iso13790,native,True,27.000000000000004,0.0,258.85853660969775,16.700000000000045,-101.56212000000002
14529600.0,920,iso13790,native,True,27.000000000000004,0.0,187.20638763588124,17.200000000000045,-101.56212000000002
14533200.0,920,iso13790,native,True,27.000000000000004,0.0,99.82963734814788,16.700000000000045,-56.77603449904314
14536800.0,920,iso13790,native,True,27.0,0.0,72.09935705433902,17.80000000000001,49.471055999999976
14540400.0,920,iso13790,native,True,27.000000000000004,0.0,31.821352473274864,17.80000000000001,189.71614799999998
14544000.0,920,iso13790,native,True,27.0,0.0,86.79467540506,20.0,513.3586680000001
14547600.0,920,iso13790,native,True,26.999999999999996,0.0,255.38478562693948,22.80000000000001,1481.6725304832278
14551200.0,920,iso13790,native,True,26.999999999999996,0.0,473.94803525699575,24.400000000000034,2649.7467951701706
14554800.0,920,iso13790,native,True,26.999999999999996,0.0,740.839001465225,28.30000000000001,2978.0608629448097
14558400.0,920,iso13790,native,True,27.000000000000004,0.0,994.3277469403557,31.100000000000023,3234.0623186495354
14562000.0,920,iso13790,native,True,27.00000000000003,0.0,1094.9495151399105,27.80000000000001,3611.4781228970614
14565600.0,920,iso13790,native,True,27.00000000000001,0.0,818.9968693950949,21.100000000000023,1333.253052
14569200.0,920,iso13790,native,True,27.000000000000018,0.0,871.1619166834479,22.80000000000001,1478.892186
14572800.0,920,iso13790,native,True,27.000000000000014,0.0,860.135812475515,23.30000000000001,1182.219876
14576400.0,920,iso13790,native,True,26.999999999999996,0.0,766.4002874492251,21.700000000000045,815.4250199999999
14580000.0,920,iso13790,native,True,27.000000000000014,0.0,723.5543504313908,22.80000000000001,421.65995399999997
14583600.0,920,iso13790,native,True,27.0,0.0,612.8169460083075,21.700000000000045,124.98764399999999
14587200.0,920,iso13790,native,True,27.00000000000001,0.0,509.0883149980898,21.100000000000023,-79.98595200000001
14590800.0,920,iso13790,native,True,27.0,0.0,433.13998086743413,21.100000000000023,-101.56212000000002
14594400.0,920,iso13790,native,True,27.0,0.0,313.90094759522935,19.400000000000034,-101.56212000000002
14598000.0,920,iso13790,native,True,27.0,0.0,242.33921479684153,19.400000000000034,-101.56212000000002
14601600.0,920,iso13790,native,True,27.0,0.0,176.5228114031473,19.400000000000034,-101.56212000000002
14605200.0,920,iso13790,native,True,27.000000000000004,0.0,83.47650844184909,18.30000000000001,-101.56212000000002
14608800.0,920,iso13790,native,True,27.000000000000004,0.0,55.07004788939099,19.400000000000034,-101.56212000000002
14612400.0,920,iso13790,native,True,26.89962484506895,0.0,0.0,18.30000000000001,-101.56212000000002
14616000.0,920,iso13790,native,True,26.656805912685872,0.0,0.0,17.80000000000001,-101.56212000000002
14619600.0,920,iso13790,native,True,26.447434062970416,0.0,0.0,17.200000000000045,39.46468928753588
14623200.0,920,iso13790,native,True,26.77921757942068,0.0,0.0,18.30000000000001,1135.4236262933398
14626800.0,920,iso13790,native,True,26.999999999999996,0.0,34.547663499937414,21.100000000000023,1049.1479545554141
14630400.0,920,iso13790,native,True,27.000000000000004,0.0,96.09151091989291,23.900000000000034,510.98850911759297
14634000.0,920,iso13790,native,True,27.0,0.0,252.27100997559322,25.0,1587.2443682955914
14637600.0,920,iso13790,native,True,26.999999999999996,0.0,476.00671278499937,26.700000000000045,2555.0016121955255
14641200.0,920,iso13790,native,True,26.99999999999999,0.0,792.730497501698,29.400000000000034,3626.237836804243
14644800.0,920,iso13790,native,True,26.999999999999996,0.0,1025.9472148643385,30.600000000000023,3722.5855352543704
14648400.0,920,iso13790,native,True,27.0,0.0,1242.834617268516,31.700000000000045,3728.7516424799423
14652000.0,920,iso13790,native,True,27.00000000000001,0.0,1382.330571957702,31.700000000000045,3380.3458147738093
14655600.0,920,iso13790,native,True,26.999999999999975,0.0,1525.3652535046624,30.600000000000023,3711.643355326092
14659200.0,920,iso13790,native,True,27.000000000000046,0.0,1587.0806405339165,29.400000000000034,3256.6656297656805
14662800.0,920,iso13790,native,True,26.99999999999997,0.0,1535.2066308402323,29.400000000000034,1730.2230058031032
14666400.0,920,iso13790,native,True,27.00000000000001,0.0,1242.8530864715012,23.30000000000001,486.38845799999996
14670000.0,920,iso13790,native,True,26.999999999999996,0.0,1073.968215955336,21.700000000000045,98.50207109667363
14673600.0,920,iso13790,native,True,26.999999999999986,0.0,934.0559994791553,21.100000000000023,-82.13698862488572
14677200.0,920,iso13790,native,True,27.000000000000025,0.0,791.5609973171746,20.0,-101.56212000000002
14680800.0,920,iso13790,native,True,27.000000000000004,0.0,653.4227391287438,18.900000000000034,-101.56212000000002
14684400.0,920,iso13790,native,True,27.0,0.0,533.295672411021,18.30000000000001,-101.56212000000002
14688000.0,920,iso13790,native,True,26.999999999999996,0.0,453.9964321411219,18.900000000000034,-101.56212000000002
14691600.0,920,iso13790,native,True,26.999999999999996,0.0,317.36632891316503,17.200000000000045,-101.56212000000002
14695200.0,920,iso13790,native,True,27.000000000000004,0.0,215.0306919134879,16.700000000000045,-101.56212000000002
14698800.0,920,iso13790,native,True,26.999999999999996,0.0,114.38329326229517,16.100000000000023,-101.56212000000002
14702400.0,920,iso13790,native,True,27.0,0.0,2.7509412363994534,15.0,-101.56212000000002
14706000.0,920,iso13790,native,True,26.742451497576983,0.0,0.0,15.0,-73.34477044881496
14709600.0,920,iso13790,native,True,27.0,0.0,8.27998391559763,18.30000000000001,496.7735997516743
14713200.0,920,iso13790,native,True,27.0,0.0,124.98036378604684,22.200000000000045,694.7715268649833
14716800.0,920,iso13790,native,True,27.0,0.0,220.43090834181706,24.400000000000034,877.5804015370113
14720400.0,920,iso13790,native,True,27.000000000000018,0.0,385.72279495683557,25.600000000000023,1857.3128673448946
14724000.0,920,iso13790,native,True,27.000000000000014,0.0,559.655145619678,27.200000000000045,2260.53025230031
14727600.0,920,iso13790,native,True,26.999999999999996,0.0,831.4463686473566,27.80000000000001,3711.034073309416
14731200.0,920,iso13790,native,True,26.99999999999998,0.0,1066.4966935703878,28.30000000000001,4124.312165279655
14734800.0,920,iso13790,native,True,26.99999999999999,0.0,1165.8714646701437,28.900000000000034,3063.043486364614
14738400.0,920,iso13790,native,True,26.99999999999999,0.0,1344.1864842091622,28.30000000000001,3815.6274418200755
14742000.0,920,iso13790,native,True,27.00000000000004,0.0,1446.912561407826,27.80000000000001,3518.4178861417595
14745600.0,920,iso13790,native,True,27.0,0.0,1089.8195730922191,20.600000000000023,917.911818
14749200.0,920,iso13790,native,True,26.99999999999999,0.0,914.4212314163541,17.80000000000001,626.63355
14752800.0,920,iso13790,native,True,27.0,0.0,810.2216028662334,18.30000000000001,308.385072
14756400.0,920,iso13790,native,True,26.99999999999999,0.0,693.6094291500626,18.30000000000001,87.22934999999998
14760000.0,920,iso13790,native,True,27.0,0.0,563.5670218394673,17.80000000000001,-79.98595200000001
14763600.0,920,iso13790,native,True,26.999999999999996,0.0,459.66995148009397,17.80000000000001,-101.56212000000002
14767200.0,920,iso13790,native,True,26.99999999999999,0.0,364.974900428665,17.80000000000001,-101.56212000000002
14770800.0,920,iso13790,native,True,27.0,0.0,277.8824358436268,17.80000000000001,-101.56212000000002
14774400.0,920,iso13790,native,True,27.000000000000004,0.0,180.04729423020606,17.200000000000045,-101.56212000000002
14778000.0,920,iso13790,native,True,27.0,0.0,103.51538290261063,17.200000000000045,-101.56212000000002
14781600.0,920,iso13790,native,True,27.0,0.0,18.34875621459606,16.700000000000045,-101.56212000000002
14785200.0,920,iso13790,native,True,26.826553096235127,0.0,0.0,16.700000000000045,-101.56212000000002
14788800.0,920,iso13790,native,True,26.481873559876867,0.0,0.0,15.600000000000023,-101.56212000000002
14792400.0,920,iso13790,native,True,26.30031088790364,0.0,0.0,16.100000000000023,-62.11723939551449
14796000.0,920,iso13790,native,True,26.36925211117342,0.0,0.0,17.200000000000045,428.6622383036141
14799600.0,920,iso13790,native,True,26.42950927070491,0.0,0.0,18.30000000000001,525.6926948951129
14803200.0,920,iso13790,native,True,26.708158792605456,0.0,0.0,20.600000000000023,748.0298580093796
14806800.0,920,iso13790,native,True,27.0,0.0,65.26853774824252,22.200000000000045,1583.3325178404311
14810400.0,920,iso13790,native,True,27.0,0.0,281.57668908333153,24.400000000000034,2382.440848016923
14814000.0,920,iso13790,native,True,27.000000000000004,0.0,556.962539039716,26.100000000000023,3449.0221426490334
14817600.0,920,iso13790,native,True,26.999999999999996,0.0,825.7348590369176,27.200000000000045,4081.040611347186
14821200.0,920,iso13790,native,True,26.999999999999986,0.0,959.8142718104664,26.700000000000045,3599.6150119515232
14824800.0,920,iso13790,native,True,26.999999999999996,0.0,1040.7104922545925,26.700000000000045,2876.2315907573593
14828400.0,920,iso13790,native,True,27.0,0.0,1060.3214885351088,26.100000000000023,2221.5691747760598
14832000.0,920,iso13790,native,True,26.999999999999996,0.0,1045.6596450564775,23.900000000000034,2149.7293680943235
14835600.0,920,iso13790,native,True,26.99999999999999,0.0,1077.2175062236788,24.400000000000034,1932.0722920332046
14839200.0,920,iso13790,native,True,27.0,0.0,947.7326404516685,23.900000000000034,529.540794
14842800.0,920,iso13790,native,True,27.00000000000001,0.0,719.8821829954006,19.400000000000034,103.411476
14846400.0,920,iso13790,native,True,26.999999999999996,0.0,576.665332489012,18.30000000000001,-85.37999400000001
14850000.0,920,iso13790,native,True,27.000000000000004,0.0,460.72470916931235,17.80000000000001,-101.56212000000002
14853600.0,920,iso13790,native,True,27.0,0.0,365.94497696037405,17.80000000000001,-101.56212000000002
14857200.0,920,iso13790,native,True,26.999999999999996,0.0,261.03973954092504,17.200000000000045,-101.56212000000002
14860800.0,920,iso13790,native,True,27.0,0.0,178.00535462297407,17.200000000000045,-101.56212000000002
14864400.0,920,iso13790,native,True,27.000000000000004,0.0,119.3722705922078,17.80000000000001,-101.56212000000002
14868000.0,920,iso13790,native,True,27.0,0.0,51.99799834112171,17.80000000000001,-101.56212000000002
14871600.0,920,iso13790,native,True,26.96455491489019,0.0,0.0,17.80000000000001,-101.56212000000002
14875200.0,920,iso13790,native,True,26.696872385910467,0.0,0.0,17.200000000000045,-101.56212000000002
14878800.0,920,iso13790,native,True,26.499426432584695,0.0,0.0,17.200000000000045,-57.96166610232181
14882400.0,920,iso13790,native,True,26.616401591617667,0.0,0.0,17.80000000000001,647.3391989338717
14886000.0,920,iso13790,native,True,27.0,0.0,12.714802928054,21.700000000000045,794.6411476091973
14889600.0,920,iso13790,native,True,26.999999999999996,0.0,114.55819120332801,25.0,603.6523701396993
14893200.0,920,iso13790,native,True,27.000000000000004,0.0,258.65653263377214,25.600000000000023,1587.4277883452507
14896800.0,920,iso13790,native,True,26.99999999999999,0.0,232.4314852003979,23.30000000000001,1209.190086
14900400.0,920,iso13790,native,True,27.000000000000004,0.0,160.64516049107863,18.900000000000034,1365.6173039999999
14904000.0,920,iso13790,native,True,26.999999999999996,0.0,260.7221004005817,21.100000000000023,1451.921976
14907600.0,920,iso13790,native,True,26.999999999999996,0.0,310.24012918266334,21.100000000000023,1553.529166491518
14911200.0,920,iso13790,native,True,26.99999999999999,0.0,529.9826920504686,23.30000000000001,2678.148201658448
14914800.0,920,iso13790,native,True,27.0,0.0,863.4336774546666,25.600000000000023,4242.906741217926
14918400.0,920,iso13790,native,True,26.999999999999986,0.0,847.0423936825699,23.900000000000034,2665.083958406746
14922000.0,920,iso13790,native,True,26.999999999999996,0.0,923.7531212761602,23.900000000000034,2573.1503405222966
14925600.0,920,iso13790,native,True,26.999999999999996,0.0,700.9830272388709,20.0,768.2750671234866
14929200.0,920,iso13790,native,True,27.0,0.0,607.7765382145775,20.0,294.17801677910103
14932800.0,920,iso13790,native,True,26.999999999999996,0.0,422.3667310048479,17.200000000000045,-61.754133581502764
14936400.0,920,iso13790,native,True,27.0,0.0,324.7923221229589,17.200000000000045,-101.56212000000002
14940000.0,920,iso13790,native,True,26.999999999999996,0.0,221.8604897060008,16.700000000000045,-101.56212000000002
14943600.0,920,iso13790,native,True,27.0,0.0,170.91361699650574,17.80000000000001,-101.56212000000002
14947200.0,920,iso13790,native,True,27.00000000000001,0.0,81.6664605572136,17.200000000000045,-101.56212000000002
14950800.0,920,iso13790,native,True,26.930722038510797,0.0,0.0,16.100000000000023,-101.56212000000002
14954400.0,920,iso13790,native,True,26.50508422973362,0.0,0.0,14.400000000000034,-101.56212000000002
14958000.0,920,iso13790,native,True,26.17320854220538,0.0,0.0,13.900000000000034,-101.56212000000002
14961600.0,920,iso13790,native,True,25.7739928816321,0.0,0.0,12.800000000000011,-101.56212000000002
14965200.0,920,iso13790,native,True,25.455848810716656,0.0,0.0,12.200000000000045,27.805350925131435
14968800.0,920,iso13790,native,True,25.91265985581917,0.0,0.0,15.600000000000023,1089.1834954603985
14972400.0,920,iso13790,native,True,26.181828792714306,0.0,0.0,17.80000000000001,1129.0752107686408
14976000.0,920,iso13790,native,True,26.165551218197084,0.0,0.0,18.900000000000034,533.5582239906304
14979600.0,920,iso13790,native,True,26.702173706406597,0.0,0.0,20.600000000000023,1586.523456833318
14983200.0,920,iso13790,native,True,27.000000000000004,0.0,153.7829090287297,22.80000000000001,2634.859095049102
14986800.0,920,iso13790,native,True,27.00000000000001,0.0,442.06252147311056,25.0,3541.9287721922
14990400.0,920,iso13790,native,True,26.999999999999986,0.0,739.3939847893757,26.700000000000045,4211.7908381792895
14994000.0,920,iso13790,native,True,27.00000000000001,0.0,1016.3123908807222,28.30000000000001,4420.269877874826
14997600.0,920,iso13790,native,True,27.000000000000025,0.0,1165.4292663260737,28.900000000000034,3634.351011447728
15001200.0,920,iso13790,native,True,27.0,0.0,1348.0414141627477,32.200000000000045,2939.3113596671365
15004800.0,920,iso13790,native,True,27.000000000000018,0.0,1469.3754330715828,31.100000000000023,3258.5394987790046
15008400.0,920,iso13790,native,True,26.99999999999999,0.0,1428.6275341424555,28.900000000000034,2272.88191405099
15012000.0,920,iso13790,native,True,27.000000000000004,0.0,1312.7910755524842,27.200000000000045,1113.3588062243043
15015600.0,920,iso13790,native,True,27.000000000000018,0.0,1218.3044417545461,26.100000000000023,718.1170257179972
15019200.0,920,iso13790,native,True,27.0,0.0,1027.3178378046887,23.900000000000034,-71.31835277584972
15022800.0,920,iso13790,native,True,27.000000000000018,0.0,911.6858059881002,23.30000000000001,-101.56212000000002
15026400.0,920,iso13790,native,True,26.99999999999999,0.0,722.4503202142178,20.0,-101.56212000000002
15030000.0,920,iso13790,native,True,26.999999999999996,0.0,557.3466430243815,17.80000000000001,-101.56212000000002
15033600.0,920,iso13790,native,True,26.999999999999996,0.0,454.80962467929146,17.80000000000001,-101.56212000000002
15037200.0,920,iso13790,native,True,26.99999999999999,0.0,327.99081912482495,16.700000000000045,-101.56212000000002
15040800.0,920,iso13790,native,True,26.999999999999996,0.0,203.49534821979643,15.600000000000023,-101.56212000000002
15044400.0,920,iso13790,native,True,27.0,0.0,63.401792883374156,13.900000000000034,-101.56212000000002
15048000.0,920,iso13790,native,True,26.902773036463696,0.0,0.0,13.900000000000034,-101.56212000000002
15051600.0,920,iso13790,native,True,26.74728035690657,0.0,0.0,14.400000000000034,161.19110969721444
15055200.0,920,iso13790,native,True,27.00000000000001,0.0,46.76236737983765,16.700000000000045,1294.9454403388847
15058800.0,920,iso13790,native,True,27.000000000000004,0.0,130.21377154085786,19.400000000000034,1177.2849147287131
15062400.0,920,iso13790,native,True,26.999999999999996,0.0,179.06220441998428,22.80000000000001,456.4202222325709
15066000.0,920,iso13790,native,True,26.999999999999986,0.0,401.45247223121726,26.700000000000045,1545.4369232762285
15069600.0,920,iso13790,native,True,26.999999999999996,0.0,664.0348799359955,29.400000000000034,2629.03191608977
15073200.0,920,iso13790,native,True,27.000000000000014,0.0,945.4975688463907,31.100000000000023,3557.2788722612954
15076800.0,920,iso13790,native,True,27.00000000000003,0.0,1216.6583233574618,31.700000000000045,4249.494270374347
15080400.0,920,iso13790,native,True,27.000000000000025,0.0,1444.9469709097302,32.200000000000045,4300.936988522956
15084000.0,920,iso13790,native,True,27.00000000000003,0.0,1685.054499591096,32.80000000000001,4555.918914111105
15087600.0,920,iso13790,native,True,26.999999999999996,0.0,1869.4440901684059,33.30000000000001,4281.774375594618
15091200.0,920,iso13790,native,True,26.99999999999998,0.0,1985.0106297635552,33.30000000000001,3747.9220341285563
15094800.0,920,iso13790,native,True,26.999999999999996,0.0,1997.5296208463099,32.200000000000045,2927.9856758487363
15098400.0,920,iso13790,native,True,26.99999999999999,0.0,1851.8394004588952,31.100000000000023,1119.7361199599366
15102000.0,920,iso13790,native,True,26.999999999999996,0.0,1739.8862575971598,30.0,700.2788104320132
15105600.0,920,iso13790,native,True,26.999999999999943,0.0,1504.3762417079226,26.700000000000045,-58.476439895473916
15109200.0,920,iso13790,native,True,26.999999999999996,0.0,1337.4203490405678,25.0,-101.56212000000002
15112800.0,920,iso13790,native,True,26.99999999999999,0.0,1205.9564514518738,24.400000000000034,-101.56212000000002
15116400.0,920,iso13790,native,True,27.000000000000004,0.0,1051.202625999585,22.80000000000001,-101.56212000000002
15120000.0,920,iso13790,native,True,27.000000000000004,0.0,861.9731589380166,20.0,-101.56212000000002
15123600.0,920,iso13790,native,True,26.999999999999996,0.0,750.6958301449013,20.0,-101.56212000000002
15127200.0,920,iso13790,native,True,27.000000000000014,0.0,648.352394987253,20.0,-101.56212000000002
15130800.0,920,iso13790,native,True,27.000000000000004,0.0,521.711630805695,18.900000000000034,-101.56212000000002
15134400.0,920,iso13790,native,True,27.000000000000004,0.0,412.15898248145805,18.30000000000001,-101.56212000000002
15138000.0,920,iso13790,native,True,27.000000000000004,0.0,303.2390418902048,17.200000000000045,6.72996724497105
15141600.0,920,iso13790,native,True,27.000000000000004,0.0,427.20515847344615,21.100000000000023,886.0485656195126
15145200.0,920,iso13790,native,True,27.0,0.0,531.3663903660375,25.0,859.8414327739865
15148800.0,920,iso13790,native,True,26.99999999999999,0.0,642.9502129030376,28.900000000000034,729.511254681388
15152400.0,920,iso13790,native,True,26.999999999999986,0.0,815.229092801235,30.600000000000023,1738.8759507503103
15156000.0,920,iso13790,native,True,26.99999999999998,0.0,956.6681958535416,31.700000000000045,2025.374470518569
15159600.0,920,iso13790,native,True,27.000000000000014,0.0,1218.935493101251,32.80000000000001,3373.757603490952
15163200.0,920,iso13790,native,True,26.999999999999964,0.0,1455.8862122152455,33.30000000000001,3963.7695501391518
15166800.0,920,iso13790,native,True,27.000000000000057,0.0,1654.8187153025315,32.80000000000001,4266.976466617237
15170400.0,920,iso13790,native,True,26.999999999999986,0.0,1890.9132078532182,33.900000000000034,4480.594452823875
15174000.0,920,iso13790,native,True,27.0,0.0,2074.0310069235193,34.400000000000034,4325.4047501033365
15177600.0,920,iso13790,native,True,27.0,0.0,2218.06730963177,35.0,3956.9254095869096
15181200.0,920,iso13790,native,True,26.99999999999999,0.0,2214.98964989013,33.30000000000001,3097.2513005150995
15184800.0,920,iso13790,native,True,27.0,0.0,2141.088291587312,32.200000000000045,1995.2059287054499
15188400.0,920,iso13790,native,True,26.999999999999957,0.0,1955.6235336698658,30.0,792.531604993647
15192000.0,920,iso13790,native,True,27.000000000000018,0.0,1713.9949670458677,27.200000000000045,-57.45646914293695
15195600.0,920,iso13790,native,True,27.000000000000025,0.0,1501.2271536560254,24.400000000000034,-101.56212000000002
15199200.0,920,iso13790,native,True,26.999999999999975,0.0,1305.032647374725,22.200000000000045,-101.56212000000002
15202800.0,920,iso13790,native,True,27.0,0.0,1173.9009252779147,22.200000000000045,-101.56212000000002
15206400.0,920,iso13790,native,True,26.99999999999999,0.0,938.02031864589,18.30000000000001,-101.56212000000002
15210000.0,920,iso13790,native,True,27.000000000000018,0.0,808.4928942472352,18.30000000000001,-101.56212000000002
15213600.0,920,iso13790,native,True,26.999999999999996,0.0,656.8506057625151,17.200000000000045,-101.56212000000002
15217200.0,920,iso13790,native,True,26.999999999999996,0.0,527.2594940567056,16.700000000000045,-101.56212000000002
15220800.0,920,iso13790,native,True,27.0,0.0,369.03085929616066,15.0,-101.56212000000002
15224400.0,920,iso13790,native,True,27.0,0.0,239.12800905576933,13.900000000000034,-1.916669204214557
15228000.0,920,iso13790,native,True,27.0,0.0,389.0473030880273,18.900000000000034,1000.4925979530775
15231600.0,920,iso13790,native,True,27.000000000000004,0.0,436.8036975471593,21.100000000000023,969.7174646321668
15235200.0,920,iso13790,native,True,27.00000000000001,0.0,490.8629042611723,24.400000000000034,579.1557944070508
15238800.0,920,iso13790,native,True,26.999999999999986,0.0,637.6767102894883,26.100000000000023,1624.3999445469753
15242400.0,920,iso13790,native,True,26.99999999999999,0.0,897.577466998942,29.400000000000034,2688.4765087737123
15246000.0,920,iso13790,native,True,26.99999999999999,0.0,1259.938138296825,34.400000000000034,3601.7492315146083
15249600.0,920,iso13790,native,True,27.0,0.0,1563.7349218555892,36.10000000000002,4284.912517815237
15253200.0,920,iso13790,native,True,26.99999999999996,0.0,1850.4958248595158,37.200000000000045,4684.15579759072
15256800.0,920,iso13790,native,True,27.000000000000032,0.0,2116.3919469767575,38.30000000000001,4785.715186532567
15260400.0,920,iso13790,native,True,27.0,0.0,2323.4978061849893,38.900000000000034,4522.790106047922
15264000.0,920,iso13790,native,True,26.99999999999995,0.0,2483.038160498282,40.0,3921.95545667656
15267600.0,920,iso13790,native,True,26.999999999999904,0.0,2522.9770898236675,39.400000000000034,3044.2242746853008
15271200.0,920,iso13790,native,True,27.00000000000003,0.0,2463.4939531442237,38.30000000000001,1930.1664318594376
15274800.0,920,iso13790,native,True,27.00000000000003,0.0,2291.99256107079,36.10000000000002,729.7125009762536
15278400.0,920,iso13790,native,True,27.000000000000032,0.0,2036.1017954944691,32.200000000000045,-65.66601635493907
15282000.0,920,iso13790,native,True,26.999999999999996,0.0,1818.741619733946,28.900000000000034,-101.56212000000002
15285600.0,920,iso13790,native,True,27.0,0.0,1611.4682068362508,26.100000000000023,-101.56212000000002
15289200.0,920,iso13790,native,True,26.999999999999996,0.0,1468.8165140621807,25.600000000000023,-101.56212000000002
15292800.0,920,iso13790,native,True,27.000000000000004,0.0,1331.0898317445865,25.0,-101.56212000000002
15296400.0,920,iso13790,native,True,27.0,0.0,1152.841138559376,22.80000000000001,-101.56212000000002
15300000.0,920,iso13790,native,True,27.0,0.0,955.4516296426951,20.0,-101.56212000000002
15303600.0,920,iso13790,native,True,26.999999999999996,0.0,818.9344971644715,19.400000000000034,-101.56212000000002
15307200.0,920,iso13790,native,True,27.00000000000001,0.0,659.5331354811977,17.80000000000001,-101.56212000000002
15310800.0,920,iso13790,native,True,27.000000000000004,0.0,486.739198152293,15.600000000000023,-72.01218255107622
15314400.0,920,iso13790,native,True,27.000000000000004,0.0,578.2509858389693,20.0,645.562886490098
15318000.0,920,iso13790,native,True,26.999999999999986,0.0,653.6164349746224,22.80000000000001,999.9951264446804
15321600.0,920,iso13790,native,True,27.00000000000001,0.0,682.2004616633409,25.0,713.3318897133759
15325200.0,920,iso13790,native,True,27.00000000000001,0.0,787.8295830951342,25.600000000000023,1701.4429893554818
15328800.0,920,iso13790,native,True,27.000000000000004,0.0,962.9452960886942,26.700000000000045,2677.9779586152927
15332400.0,920,iso13790,native,True,27.00000000000003,0.0,1220.6097102000901,28.900000000000034,3623.4460712746986
15336000.0,920,iso13790,native,True,26.99999999999997,0.0,1470.8111634661589,30.600000000000023,4120.073034615807
15339600.0,920,iso13790,native,True,26.999999999999964,0.0,1730.5097846185618,32.80000000000001,4343.265714499433
15343200.0,920,iso13790,native,True,26.999999999999996,0.0,1947.1968462516286,33.900000000000034,4378.413080804374
15346800.0,920,iso13790,native,True,26.99999999999999,0.0,2102.8065076621465,33.900000000000034,4203.370614678384
15350400.0,920,iso13790,native,True,27.000000000000025,0.0,2161.5921171652894,33.900000000000034,3296.394138446143
15354000.0,920,iso13790,native,True,26.99999999999999,0.0,2210.894256922654,34.400000000000034,2742.9380383372327
15357600.0,920,iso13790,native,True,26.99999999999999,0.0,2121.7362371583195,33.900000000000034,1445.8163244963855
15361200.0,920,iso13790,native,True,26.99999999999999,0.0,1932.7243543501247,31.700000000000045,403.571414784032
15364800.0,920,iso13790,native,True,27.0,0.0,1718.4114469426092,28.900000000000034,-79.13575896934084
15368400.0,920,iso13790,native,True,27.000000000000078,0.0,1536.03336369135,26.700000000000045,-101.56212000000002
15372000.0,920,iso13790,native,True,27.000000000000004,0.0,1350.519630317748,24.400000000000034,-101.56212000000002
15375600.0,920,iso13790,native,True,27.000000000000004,0.0,1184.1595587630404,22.80000000000001,-101.56212000000002
15379200.0,920,iso13790,native,True,26.999999999999986,0.0,966.520762069342,19.400000000000034,-101.56212000000002
15382800.0,920,iso13790,native,True,27.000000000000004,0.0,860.298377097823,20.0,-101.56212000000002
15386400.0,920,iso13790,native,True,27.000000000000004,0.0,731.4206177652749,19.400000000000034,-101.56212000000002
15390000.0,920,iso13790,native,True,27.00000000000001,0.0,579.0453026151089,17.80000000000001,-101.56212000000002
15393600.0,920,iso13790,native,True,27.0,0.0,424.5173528467172,16.100000000000023,-101.56212000000002
15397200.0,920,iso13790,native,True,27.00000000000001,0.0,273.605252006959,13.900000000000034,78.5486265784549
15400800.0,920,iso13790,native,True,27.000000000000014,0.0,386.21762399598714,17.200000000000045,1188.41331096799
15404400.0,920,iso13790,native,True,26.999999999999996,0.0,452.9310122761067,20.0,1174.6816724381647
15408000.0,920,iso13790,native,True,26.999999999999996,0.0,438.52139985597864,21.700000000000045,540.9461262457959
15411600.0,920,iso13790,native,True,27.000000000000004,0.0,556.8081837424475,23.30000000000001,1505.1193243793828
15415200.0,920,iso13790,native,True,26.999999999999996,0.0,757.174729551926,25.0,2653.8246189347756
15418800.0,920,iso13790,native,True,27.000000000000014,0.0,974.5124678977498,27.200000000000045,3169.8669010056765
15422400.0,920,iso13790,native,True,26.99999999999999,0.0,1275.77608306395,30.0,4048.977350721664
15426000.0,920,iso13790,native,True,26.99999999999999,0.0,1566.7641608890356,31.700000000000045,4659.723730137193
15429600.0,920,iso13790,native,True,26.99999999999999,0.0,1806.6376164359272,33.30000000000001,4534.776622359333
15433200.0,920,iso13790,native,True,27.0,0.0,2017.1043678492447,34.400000000000034,4417.73429449148
15436800.0,920,iso13790,native,True,27.0,0.0,1972.5758135322023,33.30000000000001,2574.274786187032
15440400.0,920,iso13790,native,True,27.00000000000003,0.0,1955.113824526169,31.700000000000045,2302.0764251505802
15444000.0,920,iso13790,native,True,27.000000000000057,0.0,1809.937675176509,30.600000000000023,878.5118104769081
15447600.0,920,iso13790,native,True,26.99999999999999,0.0,1697.060506750032,30.0,450.79807062252365
15451200.0,920,iso13790,native,True,26.99999999999997,0.0,1474.6382329493495,26.700000000000045,-61.47637199402644
15454800.0,920,iso13790,native,True,26.999999999999975,0.0,1310.1895184682476,25.0,-101.56212000000002
15458400.0,920,iso13790,native,True,27.00000000000001,0.0,1133.6188056747544,22.80000000000001,-101.56212000000002
15462000.0,920,iso13790,native,True,27.000000000000004,0.0,955.50745089372,20.600000000000023,-101.56212000000002
15465600.0,920,iso13790,native,True,26.99999999999998,0.0,841.0070755688748,20.600000000000023,-101.56212000000002
15469200.0,920,iso13790,native,True,27.000000000000014,0.0,735.6993559760323,20.600000000000023,-101.56212000000002
15472800.0,920,iso13790,native,True,27.000000000000018,0.0,638.8462603038136,20.600000000000023,-101.56212000000002
15476400.0,920,iso13790,native,True,27.00000000000001,0.0,481.7852634359321,18.30000000000001,-101.56212000000002
15480000.0,920,iso13790,native,True,27.000000000000004,0.0,356.37267740022173,17.200000000000045,-101.56212000000002
15483600.0,920,iso13790,native,True,26.999999999999996,0.0,281.4754361934815,17.200000000000045,55.28284389841265
15487200.0,920,iso13790,native,True,27.000000000000004,0.0,377.05612390375404,20.600000000000023,752.7837652509685
15490800.0,920,iso13790,native,True,26.999999999999996,0.0,472.3891302448021,23.30000000000001,1067.1496435811514
15494400.0,920,iso13790,native,True,26.999999999999996,0.0,559.9258528793918,26.700000000000045,793.1884629280532
15498000.0,920,iso13790,native,True,26.99999999999999,0.0,713.2222113391721,28.900000000000034,1518.6646799580735
15501600.0,920,iso13790,native,True,26.99999999999999,0.0,743.8240227122229,30.600000000000023,700.355755859823
15505200.0,920,iso13790,native,True,26.99999999999998,0.0,1070.3981780160107,32.80000000000001,3072.8944590811952
15508800.0,920,iso13790,native,True,26.999999999999986,0.0,1330.1455195775793,32.80000000000001,4099.342384008072
15512400.0,920,iso13790,native,True,26.999999999999986,0.0,1597.016555140802,33.900000000000034,4460.962077330328
15516000.0,920,iso13790,native,True,27.000000000000025,0.0,1790.858397615286,33.900000000000034,4336.5742461353775
15519600.0,920,iso13790,native,True,27.000000000000025,0.0,1933.1044958052141,33.900000000000034,3929.389147825357
15523200.0,920,iso13790,native,True,26.999999999999996,0.0,1798.6327203140215,31.700000000000045,1778.8653532218107
15526800.0,920,iso13790,native,True,26.999999999999996,0.0,1586.3709356460072,27.200000000000045,878.3001893891081
15530400.0,920,iso13790,native,True,27.000000000000018,0.0,1549.868546282749,26.700000000000045,1242.9299670071482
15534000.0,920,iso13790,native,True,26.99999999999997,0.0,1352.3250769541469,25.0,146.51842638994768
15537600.0,920,iso13790,native,True,26.99999999999999,0.0,1198.5766112971933,23.900000000000034,-65.93601828950067
15541200.0,920,iso13790,native,True,27.00000000000001,0.0,1054.2013086044035,22.80000000000001,-101.56212000000002
15544800.0,920,iso13790,native,True,27.00000000000001,0.0,947.4939138837873,22.80000000000001,-101.56212000000002
15548400.0,920,iso13790,native,True,26.999999999999996,0.0,864.1325911658447,23.30000000000001,-101.56212000000002
15552000.0,920,iso13790,native,True,26.99999999999999,0.0,696.4498026764604,20.600000000000023,-101.56212000000002
15555600.0,920,iso13790,native,True,27.00000000000001,0.0,552.498999179483,18.900000000000034,-101.56212000000002
15559200.0,920,iso13790,native,True,26.999999999999996,0.0,458.2094791394472,18.900000000000034,-101.56212000000002
15562800.0,920,iso13790,native,True,26.999999999999996,0.0,338.9760219856836,17.80000000000001,-101.56212000000002
15566400.0,920,iso13790,native,True,27.00000000000001,0.0,253.97087578948643,17.80000000000001,-101.56212000000002
15570000.0,920,iso13790,native,True,27.00000000000001,0.0,224.11104996187308,18.900000000000034,55.43956925167409
15573600.0,920,iso13790,native,True,26.999999999999996,0.0,341.20923868016996,21.100000000000023,1152.5047947033586
15577200.0,920,iso13790,native,True,27.0,0.0,455.13688602041395,24.400000000000034,1169.9942115102328
15580800.0,920,iso13790,native,True,26.99999999999999,0.0,520.3604571519367,27.80000000000001,520.4971729725372
15584400.0,920,iso13790,native,True,27.000000000000014,0.0,717.2367393478801,30.600000000000023,1557.7282768660416
15588000.0,920,iso13790,native,True,27.000000000000018,0.0,954.4102623471633,32.80000000000001,2503.403868005641
15591600.0,920,iso13790,native,True,27.00000000000001,0.0,1085.122179188708,33.30000000000001,2352.766654713857
15595200.0,920,iso13790,native,True,26.999999999999996,0.0,1436.4564879725735,35.0,4200.884991113757
15598800.0,920,iso13790,native,True,27.0,0.0,1619.5529174578755,34.400000000000034,4096.865402061747
15602400.0,920,iso13790,native,True,27.000000000000057,0.0,1869.3283017385163,35.60000000000002,4378.0698701729525
15606000.0,920,iso13790,native,True,27.00000000000003,0.0,1980.4576562640402,36.10000000000002,3431.912318298025
15609600.0,920,iso13790,native,True,27.00000000000006,0.0,2139.0932929499436,36.700000000000045,3552.6861998501295
15613200.0,920,iso13790,native,True,26.999999999999996,0.0,2112.5207766215185,35.0,2520.1222620308004
15616800.0,920,iso13790,native,True,26.99999999999998,0.0,1991.0822056460318,32.80000000000001,1414.9872973089582
15620400.0,920,iso13790,native,True,27.00000000000003,0.0,1808.2473619304744,31.100000000000023,279.78137277602326
15624000.0,920,iso13790,native,True,27.000000000000018,0.0,1606.0918988227847,28.30000000000001,-64.11452186953122
15627600.0,920,iso13790,native,True,27.000000000000043,0.0,1492.8737859632317,28.30000000000001,-101.56212000000002
15631200.0,920,iso13790,native,True,26.999999999999986,0.0,1337.0344544967218,26.5,-101.56212000000002
15634800.0,920,iso13790,native,True,26.999999999999996,0.0,1180.8476289826945,24.700000000000045,-101.56212000000002
15638400.0,920,iso13790,native,True,26.99999999999999,0.0,1024.3412079598374,22.900000000000034,-101.56212000000002
15642000.0,920,iso13790,native,True,27.000000000000004,0.0,864.5850350845492,21.0,-101.56212000000002
15645600.0,920,iso13790,native,True,26.999999999999986,0.0,707.0372551778626,19.200000000000045,-101.56212000000002
15649200.0,920,iso13790,native,True,27.000000000000004,0.0,549.2791439037192,17.400000000000034,-101.56212000000002
15652800.0,920,iso13790,native,True,26.999999999999996,0.0,391.32758770329843,15.600000000000023,-101.56212000000002
15656400.0,920,iso13790,native,True,27.000000000000004,0.0,241.29540458281343,13.900000000000034,-50.493983393707886
15660000.0,920,iso13790,native,True,27.0,0.0,304.1117594210211,16.100000000000023,939.8660197338527
15663600.0,920,iso13790,native,True,26.99999999999999,0.0,357.3806673845971,18.30000000000001,1131.4011744303887
15667200.0,920,iso13790,native,True,26.99999999999999,0.0,379.9598110673338,21.100000000000023,612.6771077644103
15670800.0,920,iso13790,native,True,26.999999999999996,0.0,477.52162069230747,21.700000000000045,1617.1507958393004
15674400.0,920,iso13790,native,True,26.99999999999999,0.0,666.4828585778167,23.30000000000001,2664.592174320428
15678000.0,920,iso13790,native,True,26.99999999999998,0.0,887.0203468167559,24.400000000000034,3577.169484969351
15681600.0,920,iso13790,native,True,27.00000000000001,0.0,1147.338941977589,26.100000000000023,4255.520111484251
15685200.0,920,iso13790,native,True,27.00000000000001,0.0,1393.763190621867,27.200000000000045,4649.389052187506
15688800.0,920,iso13790,native,True,27.000000000000032,0.0,1654.4009099953296,29.400000000000034,4742.1231739941095
15692400.0,920,iso13790,native,True,27.000000000000018,0.0,1815.2654828750458,29.400000000000034,4485.490053059803
15696000.0,920,iso13790,native,True,27.0,0.0,1883.58381225828,29.400000000000034,3592.8675447304513
15699600.0,920,iso13790,native,True,26.99999999999998,0.0,1912.2337609578515,30.0,2723.526984391492
15703200.0,920,iso13790,native,True,27.0,0.0,1722.1282756891273,28.30000000000001,861.8129190476407
15706800.0,920,iso13790,native,True,27.000000000000025,0.0,1540.7084520081905,26.100000000000023,326.2981729543826
15710400.0,920,iso13790,native,True,26.99999999999997,0.0,1371.4627962898358,25.0,-76.46390921737549
15714000.0,920,iso13790,native,True,26.999999999999996,0.0,1171.2367321466238,22.200000000000045,-101.56212000000002
15717600.0,920,iso13790,native,True,27.000000000000014,0.0,968.0839856468752,19.400000000000034,-101.56212000000002
15721200.0,920,iso13790,native,True,27.000000000000014,0.0,861.7360973646521,20.0,-101.56212000000002
15724800.0,920,iso13790,native,True,27.000000000000004,0.0,768.2126913442025,20.600000000000023,-101.56212000000002
15728400.0,920,iso13790,native,True,27.0,0.0,568.2515528098492,17.200000000000045,-101.56212000000002
15732000.0,920,iso13790,native,True,27.000000000000004,0.0,428.03872043194684,16.100000000000023,-101.56212000000002
15735600.0,920,iso13790,native,True,27.000000000000004,0.0,273.4896710412146,14.400000000000034,-101.56212000000002
15739200.0,920,iso13790,native,True,27.000000000000004,0.0,154.67370939146528,13.900000000000034,-101.56212000000002
15742800.0,920,iso13790,native,True,27.00000000000001,0.0,88.70947391280514,14.400000000000034,70.53391417917214
15746400.0,920,iso13790,native,True,27.000000000000004,0.0,204.92033449304807,17.200000000000045,1184.8530976919865
15750000.0,920,iso13790,native,True,26.999999999999986,0.0,253.1547650126609,18.900000000000034,1168.1018567835918
15753600.0,920,iso13790,native,True,27.0,0.0,252.19726993206774,20.600000000000023,590.6978483054413
15757200.0,920,iso13790,native,True,27.000000000000004,0.0,386.65157061671766,21.700000000000045,1761.682267328582
15760800.0,920,iso13790,native,True,27.000000000000014,0.0,521.1010993686632,22.200000000000045,2430.89778688014
15764400.0,920,iso13790,native,True,27.000000000000004,0.0,748.5106608964506,23.900000000000034,3338.804348218061
15768000.0,920,iso13790,native,True,26.999999999999986,0.0,984.2913525269282,25.0,4018.534296908114
15771600.0,920,iso13790,native,True,27.000000000000014,0.0,1201.6378012611153,26.700000000000045,4038.557101587067
15775200.0,920,iso13790,native,True,26.999999999999975,0.0,1424.2521320914846,27.200000000000045,4503.8129602684485
15778800.0,920,iso13790,native,True,26.99999999999999,0.0,1639.7095420865182,28.900000000000034,4406.795957967577
15782400.0,920,iso13790,native,True,26.999999999999996,0.0,1753.7731039511139,29.400000000000034,3764.747009446206
15786000.0,920,iso13790,native,True,27.000000000000025,0.0,1673.1897362250413,27.80000000000001,2249.03572906467
15789600.0,920,iso13790,native,True,26.999999999999996,0.0,1655.9646469372387,27.80000000000001,1857.3523495776026
15793200.0,920,iso13790,native,True,27.000000000000053,0.0,1485.890241459038,26.100000000000023,669.3431635694697
15796800.0,920,iso13790,native,True,27.0,0.0,1290.9260004589496,24.400000000000034,-63.56236516545636
15800400.0,920,iso13790,native,True,27.000000000000018,0.0,1012.5578451088768,18.900000000000034,-101.56212000000002
15804000.0,920,iso13790,native,True,27.0,0.0,831.0836725053073,17.200000000000045,-101.56212000000002
15807600.0,920,iso13790,native,True,26.999999999999986,0.0,702.2833447858609,17.200000000000045,-101.56212000000002
15811200.0,920,iso13790,native,True,26.999999999999986,0.0,551.30977806726,16.100000000000023,-101.56212000000002
15814800.0,920,iso13790,native,True,27.000000000000004,0.0,437.1127750896617,16.100000000000023,-101.56212000000002
15818400.0,920,iso13790,native,True,27.0,0.0,332.08407161347014,16.100000000000023,-101.56212000000002
15822000.0,920,iso13790,native,True,26.99999999999999,0.0,220.7085160170107,15.600000000000023,-101.56212000000002
15825600.0,920,iso13790,native,True,26.999999999999996,0.0,129.48185838726724,15.600000000000023,-101.56212000000002
15829200.0,920,iso13790,native,True,26.999999999999996,0.0,30.165167247079708,14.400000000000034,97.6421376303407
15832800.0,920,iso13790,native,True,27.000000000000004,0.0,126.98042954063074,16.100000000000023,1279.2073200236619
15836400.0,920,iso13790,native,True,27.00000000000001,0.0,170.79155605158113,17.80000000000001,1177.4512610651122
15840000.0,920,iso13790,native,True,26.999999999999996,0.0,152.28878107708107,19.400000000000034,461.8647313743718
15843600.0,920,iso13790,native,True,27.0,0.0,314.11869791539556,22.200000000000045,1488.9263974896487
15847200.0,920,iso13790,native,True,26.999999999999996,0.0,485.6327639345414,22.80000000000001,2568.300674453616
15850800.0,920,iso13790,native,True,27.00000000000001,0.0,705.1290933414102,24.400000000000034,3273.145052589259
15854400.0,920,iso13790,native,True,27.000000000000004,0.0,955.5810976332721,25.600000000000023,4038.8124540329695
15858000.0,920,iso13790,native,True,26.999999999999986,0.0,1188.6988242097118,26.100000000000023,4490.07856554587
15861600.0,920,iso13790,native,True,27.000000000000014,0.0,1398.9737307992793,27.200000000000045,4416.246416141863
15865200.0,920,iso13790,native,True,27.00000000000003,0.0,1573.8985611201904,27.80000000000001,4272.298547733206
15868800.0,920,iso13790,native,True,27.000000000000025,0.0,1624.6525959486269,28.900000000000034,2932.0513512454663
15872400.0,920,iso13790,native,True,27.000000000000025,0.0,1573.2057475917961,26.700000000000045,2317.189522226769
15876000.0,920,iso13790,native,True,27.000000000000004,0.0,1418.628898985644,25.600000000000023,841.3663954483347
15879600.0,920,iso13790,native,True,26.999999999999986,0.0,1297.6350519786445,25.0,398.20501801510596
15883200.0,920,iso13790,native,True,26.99999999999999,0.0,1088.376346474547,22.200000000000045,-62.088847462192604
15886800.0,920,iso13790,native,True,26.999999999999986,0.0,940.5503520762715,21.100000000000023,-101.56212000000002
15890400.0,920,iso13790,native,True,26.999999999999986,0.0,765.7948324844094,18.900000000000034,-101.56212000000002
15894000.0,920,iso13790,native,True,27.00000000000001,0.0,654.3808693228173,18.900000000000034,-101.56212000000002
15897600.0,920,iso13790,native,True,26.999999999999996,0.0,501.6629136329011,17.200000000000045,-101.56212000000002
15901200.0,920,iso13790,native,True,27.000000000000014,0.0,384.53103643655265,16.700000000000045,-101.56212000000002
15904800.0,920,iso13790,native,True,27.0,0.0,237.76134729380257,15.0,-101.56212000000002
15908400.0,920,iso13790,native,True,27.000000000000004,0.0,123.14436537362798,14.400000000000034,-101.56212000000002
15912000.0,920,iso13790,native,True,27.000000000000004,0.0,48.912833075400805,15.0,-101.56212000000002
15915600.0,920,iso13790,native,True,26.790863674727053,0.0,0.0,13.900000000000034,-36.875769299329136
15919200.0,920,iso13790,native,True,27.0,0.0,41.18296498589828,16.700000000000045,931.1004374420329
15922800.0,920,iso13790,native,True,27.0,0.0,134.5989811665886,19.400000000000034,1127.6547284842852
15926400.0,920,iso13790,native,True,26.999999999999996,0.0,182.77213880275156,22.200000000000045,609.699840097964
15930000.0,920,iso13790,native,True,27.000000000000004,0.0,367.08999883175557,25.0,1596.489553463719
15933600.0,920,iso13790,native,True,27.00000000000001,0.0,623.9211915741024,27.80000000000001,2656.001553647364
15937200.0,920,iso13790,native,True,26.999999999999996,0.0,912.3559429952151,30.0,3571.9643412224714
15940800.0,920,iso13790,native,True,27.0,0.0,1133.412055462951,31.100000000000023,3662.4742363234536
15944400.0,920,iso13790,native,True,26.99999999999999,0.0,1418.019232642682,32.200000000000045,4427.78601579947
15948000.0,920,iso13790,native,True,26.999999999999957,0.0,1657.3546898192672,32.200000000000045,4753.188032880488
15951600.0,920,iso13790,native,True,26.999999999999986,0.0,1825.1738573700732,32.80000000000001,4186.471947196687
15955200.0,920,iso13790,native,True,27.00000000000003,0.0,1942.1748508140379,32.80000000000001,3724.5871056252
15958800.0,920,iso13790,native,True,27.00000000000003,0.0,1986.9980135457195,32.80000000000001,2917.976514854068
15962400.0,920,iso13790,native,True,26.999999999999996,0.0,1888.5830127267095,31.100000000000023,1710.5164284603145
15966000.0,920,iso13790,native,True,26.999999999999996,0.0,1711.6888842266465,30.0,318.6144706914587
15969600.0,920,iso13790,native,True,26.999999999999975,0.0,1474.8558975505343,26.100000000000023,-69.16459944505232
15973200.0,920,iso13790,native,True,26.99999999999996,0.0,1306.4100342372028,24.400000000000034,-101.56212000000002
15976800.0,920,iso13790,native,True,27.00000000000001,0.0,1158.370374194098,23.30000000000001,-101.56212000000002
15980400.0,920,iso13790,native,True,27.000000000000014,0.0,1014.3577638240847,22.200000000000045,-101.56212000000002
15984000.0,920,iso13790,native,True,26.99999999999999,0.0,859.2698164380926,20.600000000000023,-101.56212000000002
15987600.0,920,iso13790,native,True,27.0,0.0,684.5121276508924,18.30000000000001,-101.56212000000002
15991200.0,920,iso13790,native,True,27.0,0.0,607.8515586346516,19.400000000000034,-101.56212000000002
15994800.0,920,iso13790,native,True,27.0,0.0,512.6900187453678,19.400000000000034,-101.56212000000002
15998400.0,920,iso13790,native,True,27.0,0.0,410.38944210193307,18.900000000000034,-101.56212000000002
16002000.0,920,iso13790,native,True,27.000000000000018,0.0,322.40568896192855,18.30000000000001,23.90039909723157
16005600.0,920,iso13790,native,True,26.999999999999986,0.0,442.95295650704804,21.100000000000023,1119.0722309653388
16009200.0,920,iso13790,native,True,26.999999999999996,0.0,550.6602262559256,24.400000000000034,1176.0980164606087
16012800.0,920,iso13790,native,True,26.99999999999998,0.0,592.1488915796061,27.200000000000045,539.4936894418564
16016400.0,920,iso13790,native,True,27.000000000000025,0.0,795.486310197927,30.600000000000023,1553.0984440016462
16020000.0,920,iso13790,native,True,27.000000000000004,0.0,1055.1057454410209,33.30000000000001,2640.1202127125794
16023600.0,920,iso13790,native,True,27.00000000000001,0.0,1282.3244444248269,33.900000000000034,3380.956637007739
16027200.0,920,iso13790,native,True,27.0,0.0,1564.6670786410957,35.0,4213.823091941709
16030800.0,920,iso13790,native,True,26.999999999999996,0.0,1774.1329491114923,33.900000000000034,4612.942744745447
16034400.0,920,iso13790,native,True,27.000000000000004,0.0,1980.8438553299516,35.0,4342.903456669101
16038000.0,920,iso13790,native,True,26.99999999999999,0.0,2132.067351189891,36.10000000000002,3771.5658800547535
16041600.0,920,iso13790,native,True,26.999999999999986,0.0,2131.81958715268,33.900000000000034,3052.0816456492316
16045200.0,920,iso13790,native,True,26.99999999999995,0.0,2013.6112650854311,34.400000000000034,958.5869486388162
16048800.0,920,iso13790,native,True,26.99999999999999,0.0,2065.3816702189906,33.900000000000034,1981.3199745148784
16052400.0,920,iso13790,native,True,27.00000000000003,0.0,1907.006516248376,32.200000000000045,728.3062649184695
16056000.0,920,iso13790,native,True,27.000000000000025,0.0,1607.6796567190456,26.700000000000045,-58.181439741613914
16059600.0,920,iso13790,native,True,27.000000000000018,0.0,1414.6833980780016,24.400000000000034,-101.56212000000002
16063200.0,920,iso13790,native,True,26.999999999999996,0.0,1308.1998733904359,25.0,-101.56212000000002
16066800.0,920,iso13790,native,True,27.000000000000004,0.0,1146.567974380881,23.30000000000001,-101.56212000000002
16070400.0,920,iso13790,native,True,27.000000000000014,0.0,938.4749878739251,20.0,-101.56212000000002
16074000.0,920,iso13790,native,True,27.0,0.0,803.3208240569272,19.400000000000034,-101.56212000000002
16077600.0,920,iso13790,native,True,26.999999999999996,0.0,659.9520804268392,18.30000000000001,-101.56212000000002
16081200.0,920,iso13790,native,True,27.0,0.0,520.2353822271275,17.200000000000045,-101.56212000000002
16084800.0,920,iso13790,native,True,26.99999999999999,0.0,401.6124155090576,16.700000000000045,-101.56212000000002
16088400.0,920,iso13790,native,True,27.0,0.0,307.8662396034228,16.700000000000045,-60.38125473746889
16092000.0,920,iso13790,native,True,27.0,0.0,389.23872211128565,19.400000000000034,827.8694723107379
16095600.0,920,iso13790,native,True,27.000000000000004,0.0,473.8889902212094,22.200000000000045,1056.2963808706604
16099200.0,920,iso13790,native,True,27.000000000000014,0.0,554.8408383409077,25.600000000000023,802.7329134887608
16102800.0,920,iso13790,native,True,27.000000000000014,0.0,616.2736305652231,28.30000000000001,537.2068863907886
16106400.0,920,iso13790,native,True,26.999999999999996,0.0,895.3548742937238,30.0,2744.8107171773886
16110000.0,920,iso13790,native,True,26.99999999999999,0.0,1234.4850167223544,34.400000000000034,3525.1359949750467
16113600.0,920,iso13790,native,True,27.000000000000014,0.0,1411.7116778967259,35.0,3300.0398287311964
16117200.0,920,iso13790,native,True,26.999999999999947,0.0,1411.901182254609,32.200000000000045,2549.3744267089514
16120800.0,920,iso13790,native,True,27.0,0.0,1491.6508285518657,32.80000000000001,2242.8288543356302
16124400.0,920,iso13790,native,True,26.999999999999996,0.0,1637.0922586090885,33.900000000000034,2648.0913919155482
16128000.0,920,iso13790,native,True,26.999999999999964,0.0,1709.4263144121373,31.100000000000023,3265.434987926107
16131600.0,920,iso13790,native,True,26.999999999999996,0.0,1685.1221094758857,31.700000000000045,1808.3187454239662
16135200.0,920,iso13790,native,True,27.000000000000025,0.0,1593.5620641260416,28.900000000000034,1499.2316322369838
16138800.0,920,iso13790,native,True,26.99999999999999,0.0,1436.7466479953027,27.80000000000001,355.1829844897867
16142400.0,920,iso13790,native,True,27.0,0.0,1301.5408948496968,27.200000000000045,-77.24074605684925
16146000.0,920,iso13790,native,True,26.99999999999998,0.0,1122.6761045267497,24.400000000000034,-101.56212000000002
16149600.0,920,iso13790,native,True,27.000000000000014,0.0,1007.1224022553431,23.900000000000034,-101.56212000000002
16153200.0,920,iso13790,native,True,26.999999999999996,0.0,894.3181499061175,23.30000000000001,-101.56212000000002
16156800.0,920,iso13790,native,True,26.999999999999986,0.0,738.9909909013332,21.100000000000023,-101.56212000000002
16160400.0,920,iso13790,native,True,27.0,0.0,612.9316180207248,20.0,-101.56212000000002
16164000.0,920,iso13790,native,True,27.0,0.0,503.91368403189034,19.400000000000034,-101.56212000000002
16167600.0,920,iso13790,native,True,27.0,0.0,384.5828245934422,18.30000000000001,-101.56212000000002
16171200.0,920,iso13790,native,True,26.999999999999996,0.0,349.7369518949615,20.0,-101.56212000000002
16174800.0,920,iso13790,native,True,27.000000000000004,0.0,280.46795883396106,20.0,-92.78684820662889
16178400.0,920,iso13790,native,True,27.0,0.0,252.1477980658703,20.600000000000023,86.0267999331769
16182000.0,920,iso13790,native,True,27.000000000000004,0.0,245.5372307064585,20.600000000000023,483.50054991904597
16185600.0,920,iso13790,native,True,27.00000000000001,0.0,332.39429317626343,21.700000000000045,1241.1358794563835
16189200.0,920,iso13790,native,True,26.999999999999996,0.0,441.8208744567265,23.900000000000034,1433.7465822743457
16192800.0,920,iso13790,native,True,26.999999999999996,0.0,635.5123328928198,24.400000000000034,2777.282905409461
16196400.0,920,iso13790,native,True,27.000000000000014,0.0,800.5146530870428,24.400000000000034,3290.406993222596
16200000.0,920,iso13790,native,True,26.99999999999997,0.0,999.9226969700708,24.400000000000034,3967.023701756818
16203600.0,920,iso13790,native,True,26.99999999999999,0.0,1247.4947655473711,26.100000000000023,4373.406862246532
16207200.0,920,iso13790,native,True,26.99999999999998,0.0,1262.3794333263122,27.200000000000045,2476.176013111568
16210800.0,920,iso13790,native,True,27.000000000000018,0.0,1439.7666895104733,25.0,4241.224815301952
16214400.0,920,iso13790,native,True,27.00000000000001,0.0,1400.8961866969837,23.900000000000034,2767.1513553119353
16218000.0,920,iso13790,native,True,26.999999999999975,0.0,1307.4112035923215,24.400000000000034,1217.9744284528379
16221600.0,920,iso13790,native,True,27.00000000000001,0.0,1290.9176620372878,23.900000000000034,1552.4768404622102
16225200.0,920,iso13790,native,True,27.00000000000001,0.0,1124.3849474899778,22.80000000000001,393.20867899836423
16228800.0,920,iso13790,native,True,26.999999999999996,0.0,977.426592238832,22.200000000000045,-73.20979661876115
16232400.0,920,iso13790,native,True,26.999999999999996,0.0,856.6866847287921,21.700000000000045,-101.56212000000002
16236000.0,920,iso13790,native,True,27.000000000000018,0.0,725.4644686233809,20.600000000000023,-101.56212000000002
16239600.0,920,iso13790,native,True,27.000000000000004,0.0,629.4330802654165,20.600000000000023,-101.56212000000002
16243200.0,920,iso13790,native,True,27.0,0.0,523.3766758354242,20.0,-101.56212000000002
16246800.0,920,iso13790,native,True,26.99999999999999,0.0,439.2835452809933,20.0,-101.56212000000002
16250400.0,920,iso13790,native,True,27.0,0.0,344.2069363462953,19.400000000000034,-101.56212000000002
16254000.0,920,iso13790,native,True,26.999999999999996,0.0,255.4330138187957,18.900000000000034,-101.56212000000002
16257600.0,920,iso13790,native,True,27.000000000000004,0.0,152.47945296196178,17.80000000000001,-101.56212000000002
16261200.0,920,iso13790,native,True,27.000000000000004,0.0,53.266656968544744,16.700000000000045,-68.45232786243172
16264800.0,920,iso13790,native,True,27.0,0.0,60.03540108511192,18.30000000000001,203.5840201299871
16268400.0,920,iso13790,native,True,26.99999999999999,0.0,34.93851172787579,18.900000000000034,180.31105925175984
16272000.0,920,iso13790,native,True,27.0,0.0,130.70903014067505,20.600000000000023,986.0811035884501
16275600.0,920,iso13790,native,True,27.000000000000004,0.0,221.01583015911717,22.200000000000045,1236.160296
16279200.0,920,iso13790,native,True,26.999999999999996,0.0,398.6844464548917,23.30000000000001,2308.247178553675
16282800.0,920,iso13790,native,True,27.000000000000004,0.0,665.442182466252,24.400000000000034,3681.5199260928453
16286400.0,920,iso13790,native,True,26.999999999999996,0.0,893.810363884248,26.100000000000023,3802.8186693059197
16290000.0,920,iso13790,native,True,27.0,0.0,1061.0514970773702,28.30000000000001,3158.414268114369
16293600.0,920,iso13790,native,True,27.0,0.0,1243.378103212893,28.900000000000034,3499.939171762122
16297200.0,920,iso13790,native,True,27.000000000000004,0.0,1071.688769185373,26.100000000000023,1219.9781699999999
16300800.0,920,iso13790,native,True,27.000000000000018,0.0,1021.6773449112378,20.0,2555.8479452322536
16304400.0,920,iso13790,native,True,27.000000000000018,0.0,1067.162922294955,23.30000000000001,1666.875704144037
16308000.0,920,iso13790,native,True,27.00000000000001,0.0,1090.0074845133934,23.30000000000001,1860.7366280019774
16311600.0,920,iso13790,native,True,26.999999999999986,0.0,931.6521231690454,22.200000000000045,478.92473966623743
16315200.0,920,iso13790,native,True,27.0,0.0,777.467467407917,21.100000000000023,-75.34830245651649
16318800.0,920,iso13790,native,True,26.99999999999999,0.0,679.7873385336758,21.100000000000023,-101.56212000000002
16322400.0,920,iso13790,native,True,26.99999999999998,0.0,525.967161767897,18.900000000000034,-101.56212000000002
16326000.0,920,iso13790,native,True,26.999999999999996,0.0,416.07285839683493,18.30000000000001,-101.56212000000002
16329600.0,920,iso13790,native,True,27.0,0.0,295.93598883920305,17.200000000000045,-101.56212000000002
16333200.0,920,iso13790,native,True,27.0,0.0,195.32088540075756,16.700000000000045,-101.56212000000002
16336800.0,920,iso13790,native,True,27.000000000000004,0.0,113.99077767606045,16.700000000000045,-101.56212000000002
16340400.0,920,iso13790,native,True,27.0,0.0,6.676287200965747,15.600000000000023,-101.56212000000002
16344000.0,920,iso13790,native,True,26.760430426517253,0.0,0.0,15.600000000000023,-101.56212000000002
16347600.0,920,iso13790,native,True,26.57379525178811,0.0,0.0,15.600000000000023,90.27528472339877
16351200.0,920,iso13790,native,True,27.0,0.0,4.593619784793089,18.30000000000001,1117.6593975565656
16354800.0,920,iso13790,native,True,26.999999999999996,0.0,112.94276598870131,21.100000000000023,1177.8253128510166
16358400.0,920,iso13790,native,True,27.000000000000004,0.0,161.81531042366473,23.900000000000034,498.6267986723217
16362000.0,920,iso13790,native,True,27.0,0.0,321.15754325348155,25.600000000000023,1490.0180167576546
16365600.0,920,iso13790,native,True,27.0,0.0,522.7947527521561,27.200000000000045,2338.7023151240537
16369200.0,920,iso13790,native,True,27.0,0.0,669.5741641148605,27.80000000000001,2470.9208936449686
16372800.0,920,iso13790,native,True,27.000000000000018,0.0,942.5945989173678,27.80000000000001,4027.8324811190364
16376400.0,920,iso13790,native,True,27.000000000000004,0.0,1215.5187432642865,28.30000000000001,4714.646558589175
16380000.0,920,iso13790,native,True,27.000000000000043,0.0,1431.888432187898,27.80000000000001,4900.780159499471
16383600.0,920,iso13790,native,True,27.0,0.0,1466.4517346630498,28.900000000000034,2906.995632776011
16387200.0,920,iso13790,native,True,27.000000000000018,0.0,1530.2739672942037,27.80000000000001,3003.079809511465
16390800.0,920,iso13790,native,True,27.000000000000018,0.0,1501.2501136431267,27.80000000000001,1924.945900875766
16394400.0,920,iso13790,native,True,27.0,0.0,1168.70559645214,20.0,749.8924044713857
16398000.0,920,iso13790,native,True,26.99999999999999,0.0,969.2263149733557,18.30000000000001,103.411476
16401600.0,920,iso13790,native,True,26.99999999999999,0.0,785.2384262835867,16.700000000000045,-66.65784438942646
16405200.0,920,iso13790,native,True,26.999999999999986,0.0,655.154531720663,16.700000000000045,-101.56212000000002
16408800.0,920,iso13790,native,True,27.000000000000004,0.0,536.9067074153406,16.700000000000045,-101.56212000000002
16412400.0,920,iso13790,native,True,26.999999999999996,0.0,395.6384370102717,15.600000000000023,-101.56212000000002
16416000.0,920,iso13790,native,True,26.999999999999996,0.0,290.3675412166102,15.600000000000023,-101.56212000000002
16419600.0,920,iso13790,native,True,27.0,0.0,193.54831294706807,15.600000000000023,-101.56212000000002
16423200.0,920,iso13790,native,True,27.000000000000004,0.0,86.76732028532052,15.0,-101.56212000000002
16426800.0,920,iso13790,native,True,27.0,0.0,2.007775021647495,15.0,-101.56212000000002
16430400.0,920,iso13790,native,True,26.72991808806396,0.0,0.0,15.0,-101.56212000000002
16434000.0,920,iso13790,native,True,26.474339334895035,0.0,0.0,14.400000000000034,114.27612255359035
16437600.0,920,iso13790,native,True,26.79398138388214,0.0,0.0,15.600000000000023,1302.383766207332
16441200.0,920,iso13790,native,True,27.0,0.0,23.67647009945467,18.30000000000001,1188.074524669367
16444800.0,920,iso13790,native,True,27.0,0.0,51.87969730169399,21.100000000000023,424.88459426087456
16448400.0,920,iso13790,native,True,26.99999999999999,0.0,205.26165676072384,23.30000000000001,1365.8203383179257
16452000.0,920,iso13790,native,True,27.0,0.0,433.8055674482483,26.100000000000023,2275.2243421483913
16455600.0,920,iso13790,native,True,26.99999999999999,0.0,735.7470344055101,28.900000000000034,3348.126265781263
16459200.0,920,iso13790,native,True,26.999999999999975,0.0,974.0563405435732,29.400000000000034,3858.5306808701075
16462800.0,920,iso13790,native,True,27.000000000000025,0.0,1103.9675690479746,27.80000000000001,3755.1740593511886
16466400.0,920,iso13790,native,True,27.00000000000001,0.0,1318.870055113624,28.900000000000034,3982.8454005027515
16470000.0,920,iso13790,native,True,27.0,0.0,1598.7412142710332,30.0,4811.673928272946
16473600.0,920,iso13790,native,True,26.999999999999986,0.0,1262.1701946812882,23.30000000000001,1452.3087859339141
16477200.0,920,iso13790,native,True,27.000000000000004,0.0,1396.4446929098192,23.900000000000034,2861.865809164691
16480800.0,920,iso13790,native,True,27.00000000000001,0.0,1335.4009822824803,23.30000000000001,1897.1242601357542
16484400.0,920,iso13790,native,True,26.99999999999999,0.0,1166.8052880583527,22.80000000000001,411.1610443858457
16488000.0,920,iso13790,native,True,27.000000000000018,0.0,1033.7232332995338,22.80000000000001,-70.59529542705408
16491600.0,920,iso13790,native,True,26.999999999999975,0.0,877.1758316821061,21.100000000000023,-101.56212000000002
16495200.0,920,iso13790,native,True,26.99999999999999,0.0,772.5362627351222,21.100000000000023,-101.56212000000002
16498800.0,920,iso13790,native,True,26.999999999999986,0.0,661.5186000256484,20.600000000000023,-101.56212000000002
16502400.0,920,iso13790,native,True,27.0,0.0,552.886211575496,20.0,-101.56212000000002
16506000.0,920,iso13790,native,True,27.000000000000004,0.0,416.1750538768675,18.30000000000001,-101.56212000000002
16509600.0,920,iso13790,native,True,27.0,0.0,328.54394510859123,18.30000000000001,-101.56212000000002
16513200.0,920,iso13790,native,True,26.999999999999996,0.0,200.65525383016347,16.700000000000045,-101.56212000000002
16516800.0,920,iso13790,native,True,26.999999999999996,0.0,118.89687665761195,16.700000000000045,-101.56212000000002
16520400.0,920,iso13790,native,True,27.000000000000004,0.0,27.87933582896147,16.100000000000023,-82.57338886405623
16524000.0,920,iso13790,native,True,27.0,0.0,34.6077862131639,17.80000000000001,190.55987907798834
16527600.0,920,iso13790,native,True,26.999999999999996,0.0,37.53505345018995,18.900000000000034,321.91071426571096
16531200.0,920,iso13790,native,True,27.00000000000001,0.0,162.89686279424188,20.600000000000023,1338.171623471658
16534800.0,920,iso13790,native,True,27.000000000000004,0.0,266.37502758749986,21.700000000000045,1678.9465871337843
16538400.0,920,iso13790,native,True,27.00000000000001,0.0,493.80323767921954,24.400000000000034,2579.8282479360446
16542000.0,920,iso13790,native,True,26.999999999999986,0.0,727.2542286847221,25.600000000000023,3426.7371368664885
16545600.0,920,iso13790,native,True,27.000000000000004,0.0,955.596966043108,25.600000000000023,4164.864460988933
16549200.0,920,iso13790,native,True,26.999999999999996,0.0,1150.7503612522464,26.700000000000045,3986.795476481532
16552800.0,920,iso13790,native,True,27.0,0.0,1136.991632857153,26.700000000000045,2241.7232343864907
16556400.0,920,iso13790,native,True,26.999999999999986,0.0,1162.9772063341284,27.200000000000045,1787.3233512858023
16560000.0,920,iso13790,native,True,26.99999999999998,0.0,1233.8672835916198,27.200000000000045,2185.345756116367
16563600.0,920,iso13790,native,True,26.999999999999986,0.0,1217.8115502610085,27.80000000000001,1359.822109601603
16567200.0,920,iso13790,native,True,26.999999999999996,0.0,1126.529587076542,25.600000000000023,1052.2295780757688
16570800.0,920,iso13790,native,True,27.0,0.0,972.588800646928,23.30000000000001,420.67092723510495
16574400.0,920,iso13790,native,True,26.99999999999999,0.0,810.3388035744847,21.700000000000045,-77.15258221815546
16578000.0,920,iso13790,native,True,26.99999999999999,0.0,681.8639550778171,20.600000000000023,-101.56212000000002
16581600.0,920,iso13790,native,True,27.00000000000001,0.0,553.8632507249836,19.400000000000034,-101.56212000000002
16585200.0,920,iso13790,native,True,27.000000000000004,0.0,448.2570836335752,18.900000000000034,-101.56212000000002
16588800.0,920,iso13790,native,True,27.0,0.0,362.3366195004827,18.900000000000034,-101.56212000000002
16592400.0,920,iso13790,native,True,26.99999999999999,0.0,250.80030910457575,17.80000000000001,-101.56212000000002
16596000.0,920,iso13790,native,True,27.00000000000001,0.0,155.13945440415677,17.200000000000045,-101.56212000000002
16599600.0,920,iso13790,native,True,27.000000000000004,0.0,48.09330194849157,16.100000000000023,-101.56212000000002
16603200.0,920,iso13790,native,True,26.85603781329182,0.0,0.0,15.600000000000023,-101.56212000000002
16606800.0,920,iso13790,native,True,26.545681043677916,0.0,0.0,15.0,-72.34634081620553
16610400.0,920,iso13790,native,True,26.826266528320694,0.0,0.0,16.700000000000045,935.050690984034
16614000.0,920,iso13790,native,True,26.999999999999996,0.0,48.84483832012413,19.400000000000034,1126.588186619752
16617600.0,920,iso13790,native,True,27.000000000000004,0.0,85.85199256498025,21.700000000000045,576.7808773346361
16621200.0,920,iso13790,native,True,27.000000000000004,0.0,266.3734502240058,24.400000000000034,1533.2888887434385
16624800.0,920,iso13790,native,True,26.99999999999999,0.0,500.60417271266783,26.700000000000045,2515.5341424603675
16628400.0,920,iso13790,native,True,26.99999999999999,0.0,790.3991517945461,29.400000000000034,3362.7429722007723
16632000.0,920,iso13790,native,True,26.999999999999996,0.0,1068.4731288769221,29.400000000000034,4414.185352976075
16635600.0,920,iso13790,native,True,26.999999999999986,0.0,1055.2662267450894,28.900000000000034,2306.1342566719345
16639200.0,920,iso13790,native,True,26.99999999999998,0.0,1302.4734424156384,28.900000000000034,3935.6638471373853
16642800.0,920,iso13790,native,True,27.000000000000004,0.0,1007.3157197487186,22.80000000000001,1182.219876
16646400.0,920,iso13790,native,True,27.0,0.0,811.2708208045485,17.80000000000001,950.2760699999999
16650000.0,920,iso13790,native,True,26.999999999999996,0.0,811.6847592256295,16.700000000000045,1863.1823021717175
16653600.0,920,iso13790,native,True,27.0,0.0,656.2605774494675,17.200000000000045,285.64054619520834
16657200.0,920,iso13790,native,True,27.000000000000004,0.0,559.2260451443491,17.200000000000045,227.95370644557366
16660800.0,920,iso13790,native,True,27.000000000000004,0.0,427.4264316517781,16.700000000000045,-70.79358750646418
16664400.0,920,iso13790,native,True,26.999999999999996,0.0,308.4995313940498,16.100000000000023,-101.56212000000002
16668000.0,920,iso13790,native,True,27.0,0.0,213.7965344364405,16.100000000000023,-101.56212000000002
16671600.0,920,iso13790,native,True,27.0,0.0,111.91768663304599,15.600000000000023,-101.56212000000002
16675200.0,920,iso13790,native,True,27.0,0.0,29.425294183574596,15.600000000000023,-101.56212000000002
16678800.0,920,iso13790,native,True,26.708697814724495,0.0,0.0,14.400000000000034,-101.56212000000002
16682400.0,920,iso13790,native,True,26.371649291572457,0.0,0.0,13.900000000000034,-101.56212000000002
16686000.0,920,iso13790,native,True,26.08301825018853,0.0,0.0,13.900000000000034,-101.56212000000002
16689600.0,920,iso13790,native,True,25.686093888378473,0.0,0.0,12.800000000000011,-101.56212000000002
16693200.0,920,iso13790,native,True,25.301299412294778,0.0,0.0,11.700000000000045,-17.794351285922374
16696800.0,920,iso13790,native,True,25.664918850953462,0.0,0.0,14.400000000000034,1040.853849159995
16700400.0,920,iso13790,native,True,25.934576241434232,0.0,0.0,16.700000000000045,1149.5023626775608
16704000.0,920,iso13790,native,True,26.007828932791707,0.0,0.0,18.900000000000034,529.273869908944
16707600.0,920,iso13790,native,True,26.569283887142305,0.0,0.0,21.100000000000023,1496.1979247657525
16711200.0,920,iso13790,native,True,26.99999999999999,0.0,136.42749096243938,23.900000000000034,2576.7924360953593
16714800.0,920,iso13790,native,True,27.000000000000004,0.0,401.282723908472,25.0,3517.3127106808233
16718400.0,920,iso13790,native,True,27.000000000000014,0.0,703.9519272683478,26.700000000000045,4222.536204409691
16722000.0,920,iso13790,native,True,26.99999999999999,0.0,953.6990108679098,27.80000000000001,4273.1772560367335
16725600.0,920,iso13790,native,True,27.000000000000014,0.0,1162.5425461663078,27.80000000000001,4331.015288297957
16729200.0,920,iso13790,native,True,27.00000000000001,0.0,1337.069764240841,28.30000000000001,4032.825947460593
16732800.0,920,iso13790,native,True,27.000000000000014,0.0,1400.0918846252778,27.80000000000001,3204.4336521970463
16736400.0,920,iso13790,native,True,27.000000000000025,0.0,1354.0881514899327,27.80000000000001,1732.2560361156823
16740000.0,920,iso13790,native,True,26.999999999999964,0.0,1297.7901583897747,26.700000000000045,1332.9934801795282
16743600.0,920,iso13790,native,True,27.000000000000018,0.0,1191.3244034955903,25.600000000000023,709.6690637138972
16747200.0,920,iso13790,native,True,27.000000000000004,0.0,996.530926864428,23.30000000000001,-69.15474766906976
16750800.0,920,iso13790,native,True,26.99999999999999,0.0,864.2188928332855,22.200000000000045,-101.56212000000002
16754400.0,920,iso13790,native,True,26.99999999999998,0.0,721.1848356559121,20.600000000000023,-101.56212000000002
16758000.0,920,iso13790,native,True,26.99999999999999,0.0,607.7621470742719,20.0,-101.56212000000002
16761600.0,920,iso13790,native,True,27.0,0.0,484.3801685000291,18.900000000000034,-101.56212000000002
16765200.0,920,iso13790,native,True,27.000000000000004,0.0,377.8246743770326,18.30000000000001,-101.56212000000002
16768800.0,920,iso13790,native,True,27.00000000000001,0.0,278.4934482667437,17.80000000000001,-101.56212000000002
16772400.0,920,iso13790,native,True,26.999999999999996,0.0,165.83017630898658,16.700000000000045,-101.56212000000002
16776000.0,920,iso13790,native,True,27.000000000000004,0.0,54.35376283900356,15.600000000000023,-101.56212000000002
16779600.0,920,iso13790,native,True,26.856907732039865,0.0,0.0,14.400000000000034,84.66841118901925
16783200.0,920,iso13790,native,True,27.000000000000004,0.0,94.63864072492468,17.200000000000045,1294.9535460474985
16786800.0,920,iso13790,native,True,27.000000000000004,0.0,183.3108392660825,20.0,1202.4847832212372
16790400.0,920,iso13790,native,True,27.000000000000004,0.0,195.04908301450448,22.200000000000045,449.87794824821344
16794000.0,920,iso13790,native,True,27.0,0.0,352.4200601941446,24.400000000000034,1451.459276955925
16797600.0,920,iso13790,native,True,27.0,0.0,602.6431874751324,27.200000000000045,2563.781545166774
16801200.0,920,iso13790,native,True,27.000000000000018,0.0,872.9867823281209,28.900000000000034,3528.135899025727
16804800.0,920,iso13790,native,True,27.00000000000003,0.0,1133.2879674989224,29.400000000000034,4257.726916693628
16808400.0,920,iso13790,native,True,26.99999999999997,0.0,1411.482676748571,30.600000000000023,4691.102696628016
16812000.0,920,iso13790,native,True,26.999999999999996,0.0,1670.6098898063974,31.700000000000045,4839.469211556574
16815600.0,920,iso13790,native,True,26.999999999999975,0.0,1872.4971921294111,32.200000000000045,4634.449242693411
16819200.0,920,iso13790,native,True,26.999999999999996,0.0,1984.5260336102258,31.700000000000045,4079.7957739810936
16822800.0,920,iso13790,native,True,26.99999999999999,0.0,2019.8788465929879,31.100000000000023,3252.6242083487173
16826400.0,920,iso13790,native,True,26.99999999999996,0.0,1939.6319666450215,29.400000000000034,2170.4086007897918
16830000.0,920,iso13790,native,True,27.00000000000003,0.0,1775.8998432976905,27.80000000000001,939.6872391837427
16833600.0,920,iso13790,native,True,27.000000000000025,0.0,1545.9477207631342,25.600000000000023,-46.54121528005014
16837200.0,920,iso13790,native,True,26.99999999999999,0.0,1367.3198760965693,23.900000000000034,-101.56212000000002
16840800.0,920,iso13790,native,True,27.000000000000004,0.0,1225.597191269094,23.30000000000001,-101.56212000000002
16844400.0,920,iso13790,native,True,26.999999999999996,0.0,1076.1872799419773,22.200000000000045,-101.56212000000002
16848000.0,920,iso13790,native,True,26.99999999999999,0.0,916.1353535809208,20.600000000000023,-101.56212000000002
16851600.0,920,iso13790,native,True,26.99999999999999,0.0,769.3261841188071,19.400000000000034,-101.56212000000002
16855200.0,920,iso13790,native,True,27.00000000000001,0.0,596.1727325599793,17.200000000000045,-101.56212000000002
16858800.0,920,iso13790,native,True,27.0,0.0,453.71824994865,16.100000000000023,-101.56212000000002
16862400.0,920,iso13790,native,True,27.0,0.0,297.10752107837345,14.400000000000034,-101.56212000000002
16866000.0,920,iso13790,native,True,27.0,0.0,184.30660238274982,13.900000000000034,-22.98340655081735
16869600.0,920,iso13790,native,True,26.999999999999996,0.0,313.8320110385898,17.80000000000001,1068.8131067385889
16873200.0,920,iso13790,native,True,27.000000000000004,0.0,409.9385775790641,21.100000000000023,1172.1544364109961
16876800.0,920,iso13790,native,True,26.99999999999999,0.0,452.91920843230133,24.400000000000034,527.8991060040323
16880400.0,920,iso13790,native,True,26.99999999999999,0.0,610.9990593666189,26.700000000000045,1509.581935185135
16884000.0,920,iso13790,native,True,27.000000000000018,0.0,841.1116937260418,28.900000000000034,2606.2120041327844
16887600.0,920,iso13790,native,True,26.99999999999997,0.0,1106.2990307700604,30.600000000000023,3563.2676845068027
16891200.0,920,iso13790,native,True,26.99999999999997,0.0,1404.4476609937055,33.30000000000001,4067.0975426734217
16894800.0,920,iso13790,native,True,26.999999999999964,0.0,1654.1623402322987,33.900000000000034,4448.346635599576
16898400.0,920,iso13790,native,True,26.99999999999999,0.0,1813.4288916273729,35.0,3710.776104983699
16902000.0,920,iso13790,native,True,26.99999999999999,0.0,2071.1963231611808,35.60000000000002,4592.66585017972
16905600.0,920,iso13790,native,True,27.00000000000003,0.0,2186.316958538204,36.10000000000002,3717.556100892917
16909200.0,920,iso13790,native,True,26.999999999999986,0.0,2211.7664639311947,35.60000000000002,2830.0827945231176
16912800.0,920,iso13790,native,True,26.999999999999996,0.0,1964.0853490826398,30.0,1318.6484563279653
16916400.0,920,iso13790,native,True,26.999999999999986,0.0,1776.5346365642592,27.200000000000045,694.8719270721679
16920000.0,920,iso13790,native,True,27.000000000000014,0.0,1549.5550361188032,25.0,-70.93143388065904
16923600.0,920,iso13790,native,True,27.0,0.0,1352.545053262681,22.80000000000001,-101.56212000000002
16927200.0,920,iso13790,native,True,27.000000000000014,0.0,1156.857217888731,20.600000000000023,-101.56212000000002
16930800.0,920,iso13790,native,True,27.00000000000001,0.0,990.7217080589714,19.400000000000034,-101.56212000000002
16934400.0,920,iso13790,native,True,26.99999999999999,0.0,850.0423860499656,18.900000000000034,-101.56212000000002
16938000.0,920,iso13790,native,True,26.99999999999999,0.0,699.3506475806598,17.80000000000001,-101.56212000000002
16941600.0,920,iso13790,native,True,27.0,0.0,535.1639904425059,16.100000000000023,-101.56212000000002
16945200.0,920,iso13790,native,True,27.0,0.0,407.48417580248304,15.600000000000023,-101.56212000000002
16948800.0,920,iso13790,native,True,26.999999999999996,0.0,265.7924649867694,14.400000000000034,-101.56212000000002
16952400.0,920,iso13790,native,True,27.0,0.0,198.5321554348405,15.600000000000023,-94.72028840722285
16956000.0,920,iso13790,native,True,27.0,0.0,261.07788611497944,18.30000000000001,618.1321790855727
16959600.0,920,iso13790,native,True,27.00000000000001,0.0,357.2340369605999,21.100000000000023,1063.3347787615244
16963200.0,920,iso13790,native,True,26.999999999999996,0.0,442.83831917380587,25.0,689.9660551207708
16966800.0,920,iso13790,native,True,26.99999999999999,0.0,640.1805588258513,28.30000000000001,1619.567651557069
16970400.0,920,iso13790,native,True,26.999999999999996,0.0,865.4137909405148,30.0,2657.8560390341586
16974000.0,920,iso13790,native,True,26.99999999999999,0.0,1102.240652673889,30.600000000000023,3566.3100377224714
16977600.0,920,iso13790,native,True,27.000000000000014,0.0,1383.3423874894665,32.80000000000001,4042.5412921557804
16981200.0,920,iso13790,native,True,27.000000000000018,0.0,1639.754488375973,33.30000000000001,4553.147745364844
16984800.0,920,iso13790,native,True,26.99999999999999,0.0,1864.33536761824,34.400000000000034,4432.123931432388
16988400.0,920,iso13790,native,True,27.00000000000006,0.0,1972.616204528121,34.400000000000034,3652.9974063268346
16992000.0,920,iso13790,native,True,27.00000000000006,0.0,2075.9638718396122,34.400000000000034,3381.655559018137
16995600.0,920,iso13790,native,True,26.999999999999996,0.0,1951.4747595779284,31.700000000000045,1886.2441608370793
16999200.0,920,iso13790,native,True,26.99999999999996,0.0,1904.091145738743,31.100000000000023,1535.3958431996655
17002800.0,920,iso13790,native,True,26.99999999999999,0.0,1666.1182998767445,27.80000000000001,300.8243915694542
17006400.0,920,iso13790,native,True,27.0,0.0,1466.7480206122964,25.600000000000023,-83.44563232058525
17010000.0,920,iso13790,native,True,26.999999999999996,0.0,1310.72987038126,24.400000000000034,-101.56212000000002
17013600.0,920,iso13790,native,True,27.00000000000001,0.0,1147.5643173049198,22.80000000000001,-101.56212000000002
17017200.0,920,iso13790,native,True,26.99999999999999,0.0,1015.6263887592409,22.200000000000045,-101.56212000000002
17020800.0,920,iso13790,native,True,27.000000000000004,0.0,875.2156651455563,21.100000000000023,-101.56212000000002
17024400.0,920,iso13790,native,True,27.0,0.0,770.7334680508249,21.100000000000023,-101.56212000000002
17028000.0,920,iso13790,native,True,26.99999999999999,0.0,642.1256523053933,20.0,-101.56212000000002
17031600.0,920,iso13790,native,True,27.0,0.0,530.7638770335351,19.400000000000034,-101.56212000000002
17035200.0,920,iso13790,native,True,27.00000000000001,0.0,409.277351468208,18.30000000000001,-101.56212000000002
17038800.0,920,iso13790,native,True,26.999999999999996,0.0,312.2489874666966,17.80000000000001,-53.607193356785636
17042400.0,920,iso13790,native,True,26.999999999999996,0.0,398.1924582201133,20.0,948.1912443919485
17046000.0,920,iso13790,native,True,27.0,0.0,489.571528630599,22.80000000000001,1135.3677971512973
17049600.0,920,iso13790,native,True,27.000000000000014,0.0,542.1272928689242,26.100000000000023,551.3045403650516
17053200.0,920,iso13790,native,True,27.000000000000004,0.0,700.8397828516391,28.30000000000001,1505.0078033937311
17056800.0,920,iso13790,native,True,27.0,0.0,936.3117117710101,30.600000000000023,2586.3827500245643
17060400.0,920,iso13790,native,True,26.999999999999975,0.0,1217.8157161903753,32.80000000000001,3525.9717921413244
17064000.0,920,iso13790,native,True,26.99999999999997,0.0,1495.6638298609987,34.400000000000034,4106.45301550414
17067600.0,920,iso13790,native,True,26.999999999999996,0.0,1729.9108230651855,33.900000000000034,4627.938836622621
17071200.0,920,iso13790,native,True,26.99999999999999,0.0,1993.8074136200303,35.60000000000002,4705.429098795889
17074800.0,920,iso13790,native,True,27.000000000000018,0.0,2105.6665991874015,35.60000000000002,3814.9199356764775
17078400.0,920,iso13790,native,True,27.000000000000025,0.0,2211.210243425017,36.10000000000002,3341.7767733345736
17082000.0,920,iso13790,native,True,27.000000000000043,0.0,2022.0197926931553,32.80000000000001,1391.1683519135224
17085600.0,920,iso13790,native,True,27.00000000000003,0.0,1865.9006829469845,28.900000000000034,1206.267321972569
17089200.0,920,iso13790,native,True,26.99999999999999,0.0,1620.1003300370512,25.600000000000023,218.32842329771844
17092800.0,920,iso13790,native,True,27.000000000000053,0.0,1426.333140324015,23.900000000000034,-87.86162983043519
17096400.0,920,iso13790,native,True,26.999999999999975,0.0,1279.3260818631054,23.30000000000001,-101.56212000000002
17100000.0,920,iso13790,native,True,27.000000000000004,0.0,1190.6304808874982,24.400000000000034,-101.56212000000002
17103600.0,920,iso13790,native,True,26.999999999999996,0.0,1069.6210656055875,23.900000000000034,-101.56212000000002
17107200.0,920,iso13790,native,True,27.0,0.0,951.7991118360795,23.30000000000001,-101.56212000000002
17110800.0,920,iso13790,native,True,27.0,0.0,791.8570972671217,21.100000000000023,-101.56212000000002
17114400.0,920,iso13790,native,True,27.000000000000025,0.0,679.2882625217047,20.600000000000023,-101.56212000000002
17118000.0,920,iso13790,native,True,27.000000000000004,0.0,569.2292377890449,20.0,-101.56212000000002
17121600.0,920,iso13790,native,True,27.0,0.0,463.71994676316706,19.400000000000034,-101.56212000000002
17125200.0,920,iso13790,native,True,27.000000000000004,0.0,348.30664783451147,18.30000000000001,-94.70258646716556
17128800.0,920,iso13790,native,True,26.999999999999986,0.0,404.74662235618416,20.600000000000023,602.7791576832005
17132400.0,920,iso13790,native,True,27.000000000000004,0.0,486.7080907233126,22.80000000000001,1043.7797566634954
17136000.0,920,iso13790,native,True,27.0,0.0,527.7176151351082,25.0,720.9977776536116
17139600.0,920,iso13790,native,True,27.000000000000004,0.0,700.3492744252685,27.80000000000001,1600.9027735765555
17143200.0,920,iso13790,native,True,26.999999999999996,0.0,907.0405736542566,29.400000000000034,2579.110064508341
17146800.0,920,iso13790,native,True,26.999999999999996,0.0,1180.9877481827605,31.700000000000045,3480.4797455980997
17150400.0,920,iso13790,native,True,27.00000000000001,0.0,1333.6545800578415,31.700000000000045,3363.4824219043076
17154000.0,920,iso13790,native,True,27.000000000000053,0.0,1433.5756093799578,31.100000000000023,3091.121288191744
17157600.0,920,iso13790,native,True,27.000000000000018,0.0,1757.4114705287143,33.30000000000001,4507.472201207145
17161200.0,920,iso13790,native,True,26.999999999999996,0.0,1647.3064215568606,31.700000000000045,1976.243490042487
17164800.0,920,iso13790,native,True,26.99999999999999,0.0,1519.2960594358346,27.80000000000001,1496.5095990955488
17168400.0,920,iso13790,native,True,27.000000000000043,0.0,1474.2514820902086,26.700000000000045,1483.109286853823
17172000.0,920,iso13790,native,True,27.0,0.0,1236.6252025813983,22.80000000000001,429.1472465257219
17175600.0,920,iso13790,native,True,26.99999999999998,0.0,1082.225015999035,21.700000000000045,103.411476
17179200.0,920,iso13790,native,True,27.000000000000004,0.0,958.3193959706457,21.700000000000045,-90.77403600000002
17182800.0,920,iso13790,native,True,27.0,0.0,851.021244677891,21.700000000000045,-101.56212000000002
17186400.0,920,iso13790,native,True,27.000000000000018,0.0,702.5189877869772,20.0,-101.56212000000002
17190000.0,920,iso13790,native,True,27.00000000000004,0.0,571.5294619671084,18.900000000000034,-101.56212000000002
17193600.0,920,iso13790,native,True,27.0,0.0,425.4632265232985,17.200000000000045,-101.56212000000002
17197200.0,920,iso13790,native,True,27.000000000000004,0.0,346.96300216129754,17.80000000000001,-101.56212000000002
17200800.0,920,iso13790,native,True,27.000000000000004,0.0,228.80265619577162,16.700000000000045,-101.56212000000002
17204400.0,920,iso13790,native,True,27.0,0.0,144.78446652074416,16.700000000000045,-101.56212000000002
17208000.0,920,iso13790,native,True,27.0,0.0,67.51167213999713,16.700000000000045,-101.56212000000002
17211600.0,920,iso13790,native,True,27.000000000000004,0.0,2.3204008423871665,16.700000000000045,-43.181519124546426
17215200.0,920,iso13790,native,True,27.0,0.0,46.57604362687438,18.30000000000001,545.3118638377866
17218800.0,920,iso13790,native,True,26.999999999999996,0.0,154.01661228514322,21.100000000000023,975.5150792596969
17222400.0,920,iso13790,native,True,27.000000000000004,0.0,180.68678864828007,22.80000000000001,553.646188589751
17226000.0,920,iso13790,native,True,27.0,0.0,320.8012444493903,23.900000000000034,1590.0906144353316
17229600.0,920,iso13790,native,True,26.99999999999999,0.0,544.099695292702,26.700000000000045,2361.540256055868
17233200.0,920,iso13790,native,True,27.000000000000018,0.0,771.8133730250727,28.30000000000001,3042.7353310571575
17236800.0,920,iso13790,native,True,26.999999999999996,0.0,1060.598750607235,30.0,3957.9213367009434
17240400.0,920,iso13790,native,True,27.000000000000018,0.0,1255.0536560771352,31.700000000000045,3493.2324515689247
17244000.0,920,iso13790,native,True,27.000000000000025,0.0,1416.9688018257057,30.600000000000023,3842.405574160453
17247600.0,920,iso13790,native,True,27.00000000000003,0.0,1275.5605799944144,28.30000000000001,1527.438564
17251200.0,920,iso13790,native,True,26.999999999999996,0.0,1288.70044182565,25.0,2489.3387445961907
17254800.0,920,iso13790,native,True,26.99999999999997,0.0,1327.5897352702555,27.200000000000045,1756.100822222998
17258400.0,920,iso13790,native,True,26.999999999999996,0.0,1140.1144046789461,25.0,383.90166
17262000.0,920,iso13790,native,True,27.000000000000004,0.0,864.5698738650862,18.30000000000001,293.23845056678874
17265600.0,920,iso13790,native,True,26.999999999999996,0.0,758.7913551213037,19.400000000000034,-90.77403600000002
17269200.0,920,iso13790,native,True,26.99999999999999,0.0,618.5673325829117,18.30000000000001,-101.56212000000002
17272800.0,920,iso13790,native,True,27.0,0.0,532.422062215431,18.900000000000034,-101.56212000000002
17276400.0,920,iso13790,native,True,26.999999999999996,0.0,454.5234930982937,19.400000000000034,-101.56212000000002
17280000.0,920,iso13790,native,True,26.99999999999999,0.0,356.89281246073693,18.900000000000034,-101.56212000000002
17283600.0,920,iso13790,native,True,26.99999999999999,0.0,278.3075233322278,18.900000000000034,-101.56212000000002
17287200.0,920,iso13790,native,True,27.000000000000004,0.0,206.03144940506337,18.900000000000034,-101.56212000000002
17290800.0,920,iso13790,native,True,27.0,0.0,74.53012462244791,16.700000000000045,-101.56212000000002
17294400.0,920,iso13790,native,True,26.94723602667113,0.0,0.0,16.100000000000023,-101.56212000000002
17298000.0,920,iso13790,native,True,26.596558405147963,0.0,0.0,15.0,-67.17708841182358
17301600.0,920,iso13790,native,True,26.94785783389949,0.0,0.0,17.80000000000001,815.2677065893541
17305200.0,920,iso13790,native,True,27.000000000000004,0.0,86.23387987815529,21.100000000000023,865.3121883326501
17308800.0,920,iso13790,native,True,26.99999999999999,0.0,164.64359115301062,23.900000000000034,646.8910245375041
17312400.0,920,iso13790,native,True,27.00000000000001,0.0,334.0569200820507,26.100000000000023,1504.2532440488296
17316000.0,920,iso13790,native,True,27.0,0.0,527.2529011947236,27.80000000000001,2205.9478099658963
17319600.0,920,iso13790,native,True,27.000000000000014,0.0,834.2836644075371,30.600000000000023,3325.1193301349335
17323200.0,920,iso13790,native,True,27.000000000000004,0.0,995.0328561348347,30.0,3359.939323011041
17326800.0,920,iso13790,native,True,26.99999999999997,0.0,1236.3821052396852,31.100000000000023,3845.963008354067
17330400.0,920,iso13790,native,True,27.00000000000003,0.0,1458.4541800113411,30.600000000000023,4431.203274635784
17334000.0,920,iso13790,native,True,26.99999999999998,0.0,1405.6344009019604,29.400000000000034,2350.766971837272
17337600.0,920,iso13790,native,True,26.99999999999999,0.0,1058.7887247260649,19.400000000000034,1232.6712670003378
17341200.0,920,iso13790,native,True,26.99999999999999,0.0,1031.6688266142228,19.400000000000034,1462.4849758875926
17344800.0,920,iso13790,native,True,26.999999999999986,0.0,885.1674431180356,19.400000000000034,346.143366
17348400.0,920,iso13790,native,True,26.999999999999996,0.0,783.3669167566453,20.0,54.86509799999998
17352000.0,920,iso13790,native,True,26.999999999999996,0.0,655.5613317196058,19.400000000000034,-90.28422119160051
17355600.0,920,iso13790,native,True,27.000000000000018,0.0,541.3404775204916,18.900000000000034,-101.56212000000002
17359200.0,920,iso13790,native,True,27.00000000000001,0.0,447.9468187193241,18.900000000000034,-101.56212000000002
17362800.0,920,iso13790,native,True,26.999999999999996,0.0,329.53729863886053,17.80000000000001,-101.56212000000002
17366400.0,920,iso13790,native,True,27.000000000000004,0.0,260.0690150264698,18.30000000000001,-101.56212000000002
17370000.0,920,iso13790,native,True,27.000000000000004,0.0,137.6778293826992,16.700000000000045,-101.56212000000002
17373600.0,920,iso13790,native,True,27.0,0.0,60.975590936264354,16.700000000000045,-101.56212000000002
17377200.0,920,iso13790,native,True,26.965972135870288,0.0,0.0,16.700000000000045,-101.56212000000002
17380800.0,920,iso13790,native,True,26.78593396470189,0.0,0.0,17.200000000000045,-101.56212000000002
17384400.0,920,iso13790,native,True,26.571847621660847,0.0,0.0,17.200000000000045,-98.11931017868926
17388000.0,920,iso13790,native,True,26.61500723533651,0.0,0.0,17.80000000000001,430.3979663892182
17391600.0,920,iso13790,native,True,26.852254999936637,0.0,0.0,20.600000000000023,496.4841921933843
17395200.0,920,iso13790,native,True,27.0,0.0,36.91047671025664,21.100000000000023,1132.7075995414782
17398800.0,920,iso13790,native,True,26.999999999999996,0.0,195.24948846549137,23.30000000000001,1683.5591251222108
17402400.0,920,iso13790,native,True,27.000000000000025,0.0,456.0735825245826,26.100000000000023,2713.7541856337602
17406000.0,920,iso13790,native,True,27.00000000000001,0.0,710.9287754898442,27.80000000000001,3394.8883453791077
17409600.0,920,iso13790,native,True,26.999999999999986,0.0,926.5500625917261,29.400000000000034,3387.021445276063
17413200.0,920,iso13790,native,True,27.0,0.0,1073.6732382845817,30.0,3055.542272923669
17416800.0,920,iso13790,native,True,27.000000000000018,0.0,1084.703251967014,28.900000000000034,2146.300913468399
17420400.0,920,iso13790,native,True,26.99999999999998,0.0,1211.2406837275046,28.900000000000034,2697.2485622057206
17424000.0,920,iso13790,native,True,26.999999999999996,0.0,1216.174800392161,27.80000000000001,2131.551673331043
17427600.0,920,iso13790,native,True,27.000000000000043,0.0,1171.4183437848078,26.100000000000023,1672.0078731086287
17431200.0,920,iso13790,native,True,27.000000000000004,0.0,1009.4716925910383,24.400000000000034,410.87187
17434800.0,920,iso13790,native,True,27.000000000000018,0.0,877.7487534668494,22.80000000000001,173.53625683036796
17438400.0,920,iso13790,native,True,26.999999999999996,0.0,757.0426487803581,22.200000000000045,-96.16807800000001
17442000.0,920,iso13790,native,True,27.0,0.0,669.6911083743433,22.200000000000045,-101.56212000000002
17445600.0,920,iso13790,native,True,26.999999999999996,0.0,557.0537778968436,21.100000000000023,-101.56212000000002
17449200.0,920,iso13790,native,True,27.000000000000004,0.0,463.3361134954776,20.600000000000023,-101.56212000000002
17452800.0,920,iso13790,native,True,27.000000000000014,0.0,388.34968433047703,20.600000000000023,-101.56212000000002
17456400.0,920,iso13790,native,True,26.999999999999996,0.0,301.64864581302965,20.0,-101.56212000000002
17460000.0,920,iso13790,native,True,27.0,0.0,217.62204648686318,19.400000000000034,-101.56212000000002
17463600.0,920,iso13790,native,True,27.0,0.0,121.27609391392141,18.30000000000001,-101.56212000000002
17467200.0,920,iso13790,native,True,27.000000000000004,0.0,42.54185512393296,17.80000000000001,-101.56212000000002
17470800.0,920,iso13790,native,True,26.93362682898841,0.0,0.0,17.80000000000001,-101.56212000000002
17474400.0,920,iso13790,native,True,26.865683426816258,0.0,0.0,18.30000000000001,131.17433382152723
17478000.0,920,iso13790,native,True,27.0,0.0,18.969807585251118,20.0,584.1169049526387
17481600.0,920,iso13790,native,True,26.999999999999996,0.0,91.46468108734821,20.600000000000023,1147.0420393311867
17485200.0,920,iso13790,native,True,27.0,0.0,204.70890658049095,22.200000000000045,1496.4661443812342
17488800.0,920,iso13790,native,True,26.999999999999996,0.0,275.02597769268357,22.80000000000001,1478.892186
17492400.0,920,iso13790,native,True,26.999999999999996,0.0,461.9051594461075,24.400000000000034,2349.602983173483
17496000.0,920,iso13790,native,True,27.00000000000001,0.0,722.3935449723768,26.100000000000023,3431.8420408402844
17499600.0,920,iso13790,native,True,27.00000000000001,0.0,898.1196115422568,28.30000000000001,2959.016532040622
17503200.0,920,iso13790,native,True,27.00000000000001,0.0,589.3895535495182,18.900000000000034,1349.435178
17506800.0,920,iso13790,native,True,27.0,0.0,514.3463560856068,17.200000000000045,1193.00796
17510400.0,920,iso13790,native,True,27.00000000000001,0.0,452.08410140420244,16.700000000000045,966.458196
17514000.0,920,iso13790,native,True,27.0,0.0,369.0902337821152,16.100000000000023,685.9680119999999
17517600.0,920,iso13790,native,True,26.99999999999999,0.0,252.84170614913737,15.0,367.719534
17521200.0,920,iso13790,native,True,27.0,0.0,147.9771969043723,15.0,17.10680399999999
17524800.0,920,iso13790,native,True,26.999999999999996,0.0,54.21195403506877,15.0,-95.18435749505953
17528400.0,920,iso13790,native,True,26.83668817353136,0.0,0.0,14.400000000000034,-101.56212000000002
17532000.0,920,iso13790,native,True,26.496388034886337,0.0,0.0,13.900000000000034,-101.56212000000002
17535600.0,920,iso13790,native,True,26.257145275864776,0.0,0.0,14.400000000000034,-101.56212000000002
17539200.0,920,iso13790,native,True,25.98412580707587,0.0,0.0,14.400000000000034,-101.56212000000002
17542800.0,920,iso13790,native,True,25.71804244146596,0.0,0.0,14.400000000000034,-101.56212000000002
17546400.0,920,iso13790,native,True,25.458718966226762,0.0,0.0,14.400000000000034,-101.56212000000002
17550000.0,920,iso13790,native,True,25.20598364526452,0.0,0.0,14.400000000000034,-101.56212000000002
17553600.0,920,iso13790,native,True,24.907111815423555,0.0,0.0,13.900000000000034,-101.56212000000002
17557200.0,920,iso13790,native,True,24.708244872408848,0.0,0.0,14.400000000000034,-101.56212000000002
17560800.0,920,iso13790,native,True,24.405299322318353,0.0,0.0,13.300000000000011,27.89488799999998
17564400.0,920,iso13790,native,True,24.219922847107767,0.0,0.0,13.300000000000011,141.16977
17568000.0,920,iso13790,native,True,24.165437361760766,0.0,0.0,13.900000000000034,362.325492
17571600.0,920,iso13790,native,True,24.26723327918226,0.0,0.0,14.400000000000034,869.36544
17575200.0,920,iso13790,native,True,24.272044571435003,0.0,0.0,14.400000000000034,917.911818
17578800.0,920,iso13790,native,True,24.20183994241424,0.0,0.0,13.900000000000034,874.7594819999999
17582400.0,920,iso13790,native,True,24.47848923051251,0.0,0.0,15.0,1387.193472
17586000.0,920,iso13790,native,True,24.70529697710851,0.0,0.0,16.100000000000023,1392.5875139999998
17589600.0,920,iso13790,native,True,24.87199717854184,0.0,0.0,16.700000000000045,1311.676884
17593200.0,920,iso13790,native,True,25.649349924851297,0.0,0.0,16.700000000000045,3130.6032290859066
17596800.0,920,iso13790,native,True,25.291717518271835,0.0,0.0,16.100000000000023,912.517776
17600400.0,920,iso13790,native,True,25.199419366387158,0.0,0.0,16.100000000000023,615.845466
17604000.0,920,iso13790,native,True,24.98504904946728,0.0,0.0,15.600000000000023,297.596988
17607600.0,920,iso13790,native,True,24.807188575974564,0.0,0.0,15.600000000000023,146.95342276999003
17611200.0,920,iso13790,native,True,24.50510157773391,0.0,0.0,15.0,-96.16807800000001
17614800.0,920,iso13790,native,True,24.29107099508268,0.0,0.0,15.0,-101.56212000000002
17618400.0,920,iso13790,native,True,24.020174304893462,0.0,0.0,14.400000000000034,-101.56212000000002
17622000.0,920,iso13790,native,True,23.803985440646766,0.0,0.0,14.400000000000034,-101.56212000000002
17625600.0,920,iso13790,native,True,23.593288889000394,0.0,0.0,14.400000000000034,-101.56212000000002
17629200.0,920,iso13790,native,True,23.335387826831365,0.0,0.0,13.900000000000034,-101.56212000000002
17632800.0,920,iso13790,native,True,23.12389349255209,0.0,0.0,13.900000000000034,-101.56212000000002
17636400.0,920,iso13790,native,True,22.970329495634857,0.0,0.0,14.400000000000034,-101.56212000000002
17640000.0,920,iso13790,native,True,22.780812106324525,0.0,0.0,14.400000000000034,-101.56212000000002
17643600.0,920,iso13790,native,True,22.6591781845907,0.0,0.0,15.0,-101.56212000000002
17647200.0,920,iso13790,native,True,22.54108988021699,0.0,0.0,15.0,33.28892999999998
17650800.0,920,iso13790,native,True,22.59588601456191,0.0,0.0,16.100000000000023,238.262526
17654400.0,920,iso13790,native,True,23.106762780330776,0.0,0.0,17.80000000000001,1343.0049690748865
17658000.0,920,iso13790,native,True,23.139002807199446,0.0,0.0,17.80000000000001,858.577356
17661600.0,920,iso13790,native,True,23.382466968418978,0.0,0.0,18.30000000000001,1112.09733
17665200.0,920,iso13790,native,True,23.784423327479754,0.0,0.0,20.0,1284.706674
17668800.0,920,iso13790,native,True,23.935313188364926,0.0,0.0,18.900000000000034,1381.79943
17672400.0,920,iso13790,native,True,24.210765697182524,0.0,0.0,19.400000000000034,1387.193472
17676000.0,920,iso13790,native,True,24.294005699029768,0.0,0.0,18.30000000000001,1306.282842
17679600.0,920,iso13790,native,True,24.248168032245854,0.0,0.0,16.700000000000045,1144.461582
17683200.0,920,iso13790,native,True,24.412335760497697,0.0,0.0,17.200000000000045,1160.6437079999998
17686800.0,920,iso13790,native,True,24.51255268339056,0.0,0.0,18.30000000000001,788.45481
17690400.0,920,iso13790,native,True,24.55789266710712,0.0,0.0,18.30000000000001,739.7259404439284
17694000.0,920,iso13790,native,True,24.307393486732032,0.0,0.0,17.200000000000045,220.29470847883076
17697600.0,920,iso13790,native,True,23.99569116866235,0.0,0.0,16.100000000000023,-96.16807800000001
17701200.0,920,iso13790,native,True,23.76999062427365,0.0,0.0,15.600000000000023,-101.56212000000002
17704800.0,920,iso13790,native,True,23.643201197929862,0.0,0.0,16.100000000000023,-101.56212000000002
17708400.0,920,iso13790,native,True,23.36415212885576,0.0,0.0,15.0,-101.56212000000002
17712000.0,920,iso13790,native,True,23.116803960400993,0.0,0.0,14.400000000000034,-101.56212000000002
17715600.0,920,iso13790,native,True,22.75538203579237,0.0,0.0,12.800000000000011,-101.56212000000002
17719200.0,920,iso13790,native,True,22.53067716564241,0.0,0.0,12.800000000000011,-101.56212000000002
17722800.0,920,iso13790,native,True,22.248612210528186,0.0,0.0,12.200000000000045,-101.56212000000002
17726400.0,920,iso13790,native,True,22.021538812909355,0.0,0.0,12.200000000000045,-101.56212000000002
17730000.0,920,iso13790,native,True,21.80147284967774,0.0,0.0,12.200000000000045,-98.10266763645521
17733600.0,920,iso13790,native,True,21.781740378687307,0.0,0.0,12.800000000000011,271.0382391957338
17737200.0,920,iso13790,native,True,21.970059163935993,0.0,0.0,15.0,484.6697645834732
17740800.0,920,iso13790,native,True,22.588285978807892,0.0,0.0,17.200000000000045,1627.3159246649072
17744400.0,920,iso13790,native,True,23.05754302399341,0.0,0.0,20.0,1375.5618915042226
17748000.0,920,iso13790,native,True,23.90676405889476,0.0,0.0,21.700000000000045,2494.634777067703
17751600.0,920,iso13790,native,True,24.956530199919282,0.0,0.0,22.200000000000045,3790.079036182892
17755200.0,920,iso13790,native,True,25.93029822591631,0.0,0.0,23.30000000000001,3953.9250433275038
17758800.0,920,iso13790,native,True,27.0,0.0,75.62582790226034,25.0,4852.837249075497
17762400.0,920,iso13790,native,True,27.0,0.0,34.22018206234189,21.100000000000023,2718.523870235136
17766000.0,920,iso13790,native,True,26.090902511996546,0.0,0.0,13.300000000000011,793.848852
17769600.0,920,iso13790,native,True,26.80828183818469,0.0,0.0,18.30000000000001,1617.7330920307713
17773200.0,920,iso13790,native,True,27.000000000000004,0.0,156.24844820276977,20.600000000000023,2516.722207549738
17776800.0,920,iso13790,native,True,26.999999999999996,0.0,98.7956489376164,19.400000000000034,1217.3799447215065
17780400.0,920,iso13790,native,True,26.999999999999996,0.0,9.177833905125969,18.900000000000034,216.92047286912896
17784000.0,920,iso13790,native,True,26.63068476129471,0.0,0.0,17.200000000000045,-95.67458544814029
17787600.0,920,iso13790,native,True,26.250291418349562,0.0,0.0,15.600000000000023,-101.56212000000002
17791200.0,920,iso13790,native,True,25.829237478274646,0.0,0.0,13.900000000000034,-101.56212000000002
17794800.0,920,iso13790,native,True,25.670012533676008,0.0,0.0,15.0,-101.56212000000002
17798400.0,920,iso13790,native,True,25.364083613617222,0.0,0.0,14.400000000000034,-101.56212000000002
17802000.0,920,iso13790,native,True,25.061195228847215,0.0,0.0,13.900000000000034,-101.56212000000002
17805600.0,920,iso13790,native,True,24.74278773402395,0.0,0.0,13.300000000000011,-101.56212000000002
17809200.0,920,iso13790,native,True,24.364669046619202,0.0,0.0,12.200000000000045,-101.56212000000002
17812800.0,920,iso13790,native,True,24.083836887352923,0.0,0.0,12.200000000000045,-101.56212000000002
17816400.0,920,iso13790,native,True,23.75882204639867,0.0,0.0,11.700000000000045,-98.09869021113404
17820000.0,920,iso13790,native,True,23.984271134318917,0.0,0.0,13.900000000000034,660.4663134764769
17823600.0,920,iso13790,native,True,24.35876495990049,0.0,0.0,16.700000000000045,1061.0345765990216
17827200.0,920,iso13790,native,True,24.498466927589522,0.0,0.0,18.900000000000034,568.0025374852369
17830800.0,920,iso13790,native,True,25.21167848933878,0.0,0.0,21.700000000000045,1652.1501020875676
17834400.0,920,iso13790,native,True,26.05052848411123,0.0,0.0,23.900000000000034,2460.6821553719137
17838000.0,920,iso13790,native,True,27.0,0.0,45.34975983401531,26.100000000000023,3443.8492783104807
17841600.0,920,iso13790,native,True,27.0,0.0,242.0017846107515,25.0,3600.5664109511135
17845200.0,920,iso13790,native,True,27.000000000000004,0.0,276.8524104860382,25.600000000000023,1791.3204638441562
17848800.0,920,iso13790,native,True,27.000000000000004,0.0,459.9098650004251,25.0,2884.0984545184087
17852400.0,920,iso13790,native,True,26.999999999999996,0.0,127.94663709900841,15.0,1149.855624
17856000.0,920,iso13790,native,True,27.0,0.0,265.3743805520993,20.0,1166.03775
17859600.0,920,iso13790,native,True,27.0,0.0,313.1956906007474,20.600000000000023,1329.0188739724276
17863200.0,920,iso13790,native,True,27.0,0.0,317.3533405986341,20.600000000000023,1131.6121013866298
17866800.0,920,iso13790,native,True,26.999999999999996,0.0,218.5178793003974,20.0,209.88004793364146
17870400.0,920,iso13790,native,True,27.000000000000004,0.0,64.30718049391905,17.200000000000045,-95.6744407136716
17874000.0,920,iso13790,native,True,26.873110081470852,0.0,0.0,16.100000000000023,-101.56212000000002
17877600.0,920,iso13790,native,True,26.575073409764745,0.0,0.0,15.600000000000023,-101.56212000000002
17881200.0,920,iso13790,native,True,26.261394369460657,0.0,0.0,15.0,-101.56212000000002
17884800.0,920,iso13790,native,True,25.887884009433353,0.0,0.0,13.900000000000034,-101.56212000000002
17888400.0,920,iso13790,native,True,25.54847435419825,0.0,0.0,13.300000000000011,-101.56212000000002
17892000.0,920,iso13790,native,True,25.26551310771745,0.0,0.0,13.300000000000011,-101.56212000000002
17895600.0,920,iso13790,native,True,24.93718324681984,0.0,0.0,12.800000000000011,-101.56212000000002
17899200.0,920,iso13790,native,True,24.657049368684245,0.0,0.0,12.800000000000011,-101.56212000000002
17902800.0,920,iso13790,native,True,24.325929248571256,0.0,0.0,12.200000000000045,-87.69284341417686
17906400.0,920,iso13790,native,True,24.557906418714456,0.0,0.0,13.900000000000034,834.3785512119318
17910000.0,920,iso13790,native,True,24.964257697603696,0.0,0.0,17.200000000000045,1112.8269353204137
17913600.0,920,iso13790,native,True,25.203195396284514,0.0,0.0,20.600000000000023,520.8705288001622
17917200.0,920,iso13790,native,True,25.85610683128936,0.0,0.0,22.80000000000001,1570.5872166282754
17920800.0,920,iso13790,native,True,26.607910766099604,0.0,0.0,23.900000000000034,2475.8656456380454
17924400.0,920,iso13790,native,True,26.999999999999996,0.0,194.38188656741872,26.100000000000023,3412.900725883102
17928000.0,920,iso13790,native,True,26.999999999999996,0.0,389.1472367724067,26.700000000000045,3189.307531801239
17931600.0,920,iso13790,native,True,27.0,0.0,737.541866858861,27.200000000000045,4768.754126741479
17935200.0,920,iso13790,native,True,27.000000000000014,0.0,898.6323017830008,27.80000000000001,3747.100195494874
17938800.0,920,iso13790,native,True,27.000000000000014,0.0,1072.4865672134563,27.80000000000001,3731.1372558284415
17942400.0,920,iso13790,native,True,27.000000000000025,0.0,1224.1415387699253,27.80000000000001,3642.95414595663
17946000.0,920,iso13790,native,True,27.00000000000003,0.0,1302.2052087232523,27.80000000000001,2997.999111199229
17949600.0,920,iso13790,native,True,26.99999999999999,0.0,1252.4757552360356,26.700000000000045,1858.3500271619585
17953200.0,920,iso13790,native,True,26.999999999999996,0.0,1128.074607443945,25.600000000000023,703.5349906905959
17956800.0,920,iso13790,native,True,26.999999999999996,0.0,953.3741327394412,23.900000000000034,-98.60066376326058
17960400.0,920,iso13790,native,True,26.99999999999999,0.0,797.4738869866508,21.700000000000045,-101.56212000000002
17964000.0,920,iso13790,native,True,26.99999999999999,0.0,635.535786182153,19.400000000000034,-101.56212000000002
17967600.0,920,iso13790,native,True,27.00000000000001,0.0,523.3725445039631,18.900000000000034,-101.56212000000002
17971200.0,920,iso13790,native,True,27.00000000000001,0.0,413.68654982356435,18.30000000000001,-101.56212000000002
17974800.0,920,iso13790,native,True,27.0,0.0,293.74126490591664,17.200000000000045,-101.56212000000002
17978400.0,920,iso13790,native,True,26.999999999999996,0.0,175.56747444764844,16.100000000000023,-101.56212000000002
17982000.0,920,iso13790,native,True,27.000000000000004,0.0,76.75784442138698,15.600000000000023,-101.56212000000002
17985600.0,920,iso13790,native,True,26.92657652558049,0.0,0.0,15.0,-101.56212000000002
17989200.0,920,iso13790,native,True,26.58996717017306,0.0,0.0,14.400000000000034,-98.09100688177094
17992800.0,920,iso13790,native,True,26.783452357718787,0.0,0.0,16.700000000000045,551.1398157847606
17996400.0,920,iso13790,native,True,26.999999999999996,0.0,43.85517604926345,19.400000000000034,1041.4660564128624
18000000.0,920,iso13790,native,True,27.0,0.0,103.91670614378836,22.200000000000045,621.2717202088998
18003600.0,920,iso13790,native,True,27.0,0.0,307.9694236470752,25.600000000000023,1558.0569146080102
18007200.0,920,iso13790,native,True,27.00000000000001,0.0,556.1321733179034,27.80000000000001,2641.108348394381
18010800.0,920,iso13790,native,True,27.00000000000001,0.0,834.2208767898377,29.400000000000034,3585.3964983389765
18014400.0,920,iso13790,native,True,27.00000000000001,0.0,1105.044544349009,30.0,4289.177999963901
18018000.0,920,iso13790,native,True,27.000000000000004,0.0,1385.4450686644109,31.100000000000023,4689.735065986956
18021600.0,920,iso13790,native,True,26.999999999999936,0.0,1606.7734414897172,31.100000000000023,4730.1927140618
18025200.0,920,iso13790,native,True,26.999999999999986,0.0,1763.094434649757,31.100000000000023,4277.025894976905
18028800.0,920,iso13790,native,True,26.999999999999996,0.0,1884.8925325024452,31.700000000000045,3703.0822666863796
18032400.0,920,iso13790,native,True,27.000000000000025,0.0,1898.7257720997372,31.100000000000023,2810.173755045521
18036000.0,920,iso13790,native,True,27.000000000000018,0.0,1815.1490948267883,30.0,1689.270854368504
18039600.0,920,iso13790,native,True,27.000000000000018,0.0,1631.3544908052768,28.30000000000001,437.3051523243475
18043200.0,920,iso13790,native,True,27.0,0.0,1398.7638654055509,25.0,-99.5888986316503
18046800.0,920,iso13790,native,True,26.999999999999996,0.0,1247.5172224543855,23.900000000000034,-101.56212000000002
18050400.0,920,iso13790,native,True,27.00000000000001,0.0,1147.9268520013768,24.400000000000034,-101.56212000000002
18054000.0,920,iso13790,native,True,27.00000000000001,0.0,997.8319294435315,22.80000000000001,-101.56212000000002
18057600.0,920,iso13790,native,True,26.999999999999986,0.0,845.4012910856296,21.100000000000023,-101.56212000000002
18061200.0,920,iso13790,native,True,27.000000000000004,0.0,693.0638833695383,19.400000000000034,-101.56212000000002
18064800.0,920,iso13790,native,True,27.000000000000004,0.0,558.5471115773494,18.30000000000001,-101.56212000000002
18068400.0,920,iso13790,native,True,26.99999999999999,0.0,412.19262994127047,16.700000000000045,-101.56212000000002
18072000.0,920,iso13790,native,True,26.999999999999996,0.0,313.4509872769941,16.700000000000045,-101.56212000000002
18075600.0,920,iso13790,native,True,27.000000000000004,0.0,222.6368114428613,16.700000000000045,-101.56212000000002
18079200.0,920,iso13790,native,True,27.000000000000018,0.0,200.46850804314383,16.700000000000045,507.85057665525477
18082800.0,920,iso13790,native,True,27.000000000000004,0.0,305.41323888254533,20.0,1025.3400083832048
18086400.0,920,iso13790,native,True,26.999999999999996,0.0,364.52473469856204,23.30000000000001,624.6534220333632
18090000.0,920,iso13790,native,True,27.0,0.0,555.7717140394594,26.700000000000045,1561.9678571453373
18093600.0,920,iso13790,native,True,27.00000000000001,0.0,806.8308989404958,29.400000000000034,2644.185957036362
18097200.0,920,iso13790,native,True,26.99999999999999,0.0,1079.2963255142556,31.100000000000023,3587.787669532782
18100800.0,920,iso13790,native,True,27.000000000000014,0.0,1358.0003594922948,32.200000000000045,4296.407793090807
18104400.0,920,iso13790,native,True,26.999999999999986,0.0,1615.2808259082633,33.30000000000001,4508.5672221529485
18108000.0,920,iso13790,native,True,26.99999999999999,0.0,1846.6529859172779,33.30000000000001,4785.347819667695
18111600.0,920,iso13790,native,True,26.99999999999998,0.0,1985.1928419910412,33.30000000000001,4157.447862199845
18115200.0,920,iso13790,native,True,26.99999999999996,0.0,2064.3033466701595,32.80000000000001,3575.6579042892035
18118800.0,920,iso13790,native,True,27.000000000000018,0.0,2087.191202770126,32.80000000000001,2738.4861934487285
18122400.0,920,iso13790,native,True,26.999999999999964,0.0,1938.5539799322705,30.600000000000023,1367.2579190291167
18126000.0,920,iso13790,native,True,26.999999999999996,0.0,1758.7630523415694,28.900000000000034,405.3236513126832
18129600.0,920,iso13790,native,True,27.000000000000018,0.0,1453.4223189874958,23.30000000000001,-100.57647611247324
18133200.0,920,iso13790,native,True,27.00000000000001,0.0,1270.9030895284416,21.700000000000045,-101.56212000000002
18136800.0,920,iso13790,native,True,27.00000000000001,0.0,1186.2325406719128,23.30000000000001,-101.56212000000002
18140400.0,920,iso13790,native,True,26.99999999999998,0.0,1039.983017945491,22.200000000000045,-101.56212000000002
18144000.0,920,iso13790,native,True,26.99999999999999,0.0,882.8377485767843,20.600000000000023,-101.56212000000002
18147600.0,920,iso13790,native,True,26.99999999999999,0.0,774.1716559226442,20.600000000000023,-101.56212000000002
18151200.0,920,iso13790,native,True,27.0,0.0,638.7600333708713,19.400000000000034,-101.56212000000002
18154800.0,920,iso13790,native,True,26.999999999999996,0.0,558.8518987487746,20.0,-101.56212000000002
18158400.0,920,iso13790,native,True,27.0,0.0,421.6617862149898,18.30000000000001,-101.56212000000002
18162000.0,920,iso13790,native,True,27.0,0.0,301.4264092059022,17.200000000000045,-98.08373406141035
18165600.0,920,iso13790,native,True,27.00000000000001,0.0,344.23314803635236,19.400000000000034,536.0543762750578
18169200.0,920,iso13790,native,True,26.999999999999996,0.0,435.1285825544124,22.200000000000045,966.8208067975609
18172800.0,920,iso13790,native,True,27.000000000000014,0.0,501.60315145373386,25.600000000000023,592.5768161937667
18176400.0,920,iso13790,native,True,26.999999999999996,0.0,664.6119766924191,28.900000000000034,1244.24903911325
18180000.0,920,iso13790,native,True,26.999999999999986,0.0,935.7349995795435,31.700000000000045,2618.919400070472
18183600.0,920,iso13790,native,True,26.999999999999975,0.0,1151.0199028844122,32.80000000000001,3125.570293249133
18187200.0,920,iso13790,native,True,26.99999999999996,0.0,1427.9149500490869,32.200000000000045,4530.977854204304
18190800.0,920,iso13790,native,True,27.00000000000001,0.0,1285.9891224803941,22.80000000000001,3774.7883141293332
18194400.0,920,iso13790,native,True,27.00000000000003,0.0,1546.5790366942206,27.80000000000001,3799.352635987674
18198000.0,920,iso13790,native,True,26.99999999999996,0.0,1719.8554317304101,30.0,3616.901092604348
18201600.0,920,iso13790,native,True,26.999999999999996,0.0,1533.0533706541526,28.30000000000001,1095.1695732583173
18205200.0,920,iso13790,native,True,26.99999999999999,0.0,1507.389567341167,27.80000000000001,1315.9380891563694
18208800.0,920,iso13790,native,True,26.999999999999975,0.0,1416.2264960529842,26.700000000000045,943.996083610487
18212400.0,920,iso13790,native,True,27.00000000000001,0.0,1275.2293449019842,26.100000000000023,160.21317872683977
18216000.0,920,iso13790,native,True,26.999999999999996,0.0,1113.6608636073179,24.400000000000034,-101.56212000000002
18219600.0,920,iso13790,native,True,26.99999999999999,0.0,948.5820935639485,22.200000000000045,-101.56212000000002
18223200.0,920,iso13790,native,True,27.000000000000018,0.0,798.7749419004756,20.600000000000023,-101.56212000000002
18226800.0,920,iso13790,native,True,27.000000000000018,0.0,679.1229363153477,20.0,-101.56212000000002
18230400.0,920,iso13790,native,True,27.00000000000001,0.0,550.0117610778038,18.900000000000034,-101.56212000000002
18234000.0,920,iso13790,native,True,27.0,0.0,438.18703850032017,18.30000000000001,-101.56212000000002
18237600.0,920,iso13790,native,True,26.999999999999996,0.0,334.0096236244355,17.80000000000001,-101.56212000000002
18241200.0,920,iso13790,native,True,26.999999999999996,0.0,231.66831412281812,17.200000000000045,-101.56212000000002
18244800.0,920,iso13790,native,True,26.999999999999996,0.0,118.47804677703424,16.100000000000023,-101.56212000000002
18248400.0,920,iso13790,native,True,26.999999999999996,0.0,24.25183801053057,15.600000000000023,-101.56212000000002
18252000.0,920,iso13790,native,True,26.99999999999999,0.0,48.680885053068884,16.700000000000045,567.5887970017349
18255600.0,920,iso13790,native,True,27.000000000000004,0.0,116.7340688098609,18.30000000000001,1060.6398336772106
18259200.0,920,iso13790,native,True,27.00000000000001,0.0,141.8493648606427,20.600000000000023,564.7259295827544
18262800.0,920,iso13790,native,True,26.999999999999996,0.0,293.6469523937128,22.80000000000001,1512.7125138461638
18266400.0,920,iso13790,native,True,27.00000000000001,0.0,521.6416819951247,25.0,2610.0821459679273
18270000.0,920,iso13790,native,True,26.99999999999999,0.0,768.8079581311141,26.700000000000045,3407.782412455599
18273600.0,920,iso13790,native,True,27.000000000000014,0.0,1057.4858541124254,28.900000000000034,4065.826384647344
18277200.0,920,iso13790,native,True,26.999999999999996,0.0,1353.1669569680732,30.600000000000023,4616.993745510461
18280800.0,920,iso13790,native,True,26.999999999999964,0.0,1609.5512501661094,32.80000000000001,4413.411920143899
18284400.0,920,iso13790,native,True,26.99999999999996,0.0,1756.2929065409394,33.30000000000001,3791.1624967723274
18288000.0,920,iso13790,native,True,26.999999999999986,0.0,1770.3175879118858,33.900000000000034,2278.583590948119
18291600.0,920,iso13790,native,True,27.0,0.0,1727.0206229577993,30.600000000000023,2223.5538371180833
18295200.0,920,iso13790,native,True,27.000000000000018,0.0,1676.0949403931556,30.600000000000023,1356.7678081756421
18298800.0,920,iso13790,native,True,27.00000000000003,0.0,1516.0732905004925,28.900000000000034,388.2329484076497
18302400.0,920,iso13790,native,True,26.999999999999975,0.0,1331.3465513845574,26.700000000000045,-101.07091481311672
18306000.0,920,iso13790,native,True,27.00000000000001,0.0,1162.2464927734761,24.400000000000034,-101.56212000000002
18309600.0,920,iso13790,native,True,27.000000000000014,0.0,1031.692624067571,23.5,-101.56212000000002
18313200.0,920,iso13790,native,True,27.00000000000001,0.0,908.146557201077,22.700000000000045,-101.56212000000002
18316800.0,920,iso13790,native,True,26.99999999999999,0.0,785.8484325362615,21.80000000000001,-101.56212000000002
18320400.0,920,iso13790,native,True,27.0,0.0,666.9394827483219,20.900000000000034,-101.56212000000002
18324000.0,920,iso13790,native,True,26.99999999999998,0.0,551.1476081365463,20.0,-101.56212000000002
18327600.0,920,iso13790,native,True,27.000000000000004,0.0,441.17836955802204,19.200000000000045,-101.56212000000002
18331200.0,920,iso13790,native,True,26.999999999999996,0.0,331.367058340359,18.30000000000001,-101.56212000000002
18334800.0,920,iso13790,native,True,26.99999999999999,0.0,283.0587199296622,19.400000000000034,-101.56212000000002
18338400.0,920,iso13790,native,True,27.000000000000004,0.0,166.68011272445307,17.80000000000001,-101.56212000000002
18342000.0,920,iso13790,native,True,27.0,0.0,277.24433363168197,20.600000000000023,881.5038636888819
18345600.0,920,iso13790,native,True,27.0,0.0,231.39148989611817,20.0,605.057382
18349200.0,920,iso13790,native,True,27.000000000000004,0.0,304.38826208708383,21.700000000000045,1006.7689093949217
18352800.0,920,iso13790,native,True,26.999999999999996,0.0,482.55325158968236,21.700000000000045,2647.203571192025
18356400.0,920,iso13790,native,True,26.99999999999999,0.0,793.9120859716776,26.100000000000023,3470.3874130689255
18360000.0,920,iso13790,native,True,27.0,0.0,1052.9096309588117,27.0,4240.086926354863
18363600.0,920,iso13790,native,True,26.99999999999999,0.0,1300.173810265013,28.0,4541.812733315884
18367200.0,920,iso13790,native,True,27.0,0.0,1496.951013577713,28.0,4579.6991685747225
18370800.0,920,iso13790,native,True,26.999999999999947,0.0,1431.9578908629774,29.0,1857.9809143734303
18374400.0,920,iso13790,native,True,26.999999999999996,0.0,1315.9001773412344,29.0,443.23612199999997
18378000.0,920,iso13790,native,True,27.00000000000001,0.0,1222.7742076490945,26.100000000000023,869.3452524285792
18381600.0,920,iso13790,native,True,27.000000000000004,0.0,1070.8179977079583,19.0,1818.4216026086074
18385200.0,920,iso13790,native,True,27.00000000000001,0.0,969.3128720519813,20.0,700.1078719731136
18388800.0,920,iso13790,native,True,27.000000000000004,0.0,758.3237580479584,18.0,-101.56212000000002
18392400.0,920,iso13790,native,True,27.000000000000004,0.0,641.0800869562953,18.0,-101.56212000000002
18396000.0,920,iso13790,native,True,27.000000000000004,0.0,562.8074674295071,19.0,-101.56212000000002
18399600.0,920,iso13790,native,True,27.000000000000014,0.0,432.93494345034054,17.80000000000001,-101.56212000000002
18403200.0,920,iso13790,native,True,27.00000000000001,0.0,375.8560915043267,19.0,-101.56212000000002
18406800.0,920,iso13790,native,True,27.0,0.0,296.46272807082676,19.0,-101.56212000000002
18410400.0,920,iso13790,native,True,27.000000000000004,0.0,202.75275068725443,18.30000000000001,-101.56212000000002
18414000.0,920,iso13790,native,True,27.000000000000004,0.0,99.74227312028424,17.200000000000045,-101.56212000000002
18417600.0,920,iso13790,native,True,27.0,0.0,29.657645572515648,17.200000000000045,-101.56212000000002
18421200.0,920,iso13790,native,True,26.939312262945677,0.0,0.0,17.80000000000001,-101.56212000000002
18424800.0,920,iso13790,native,True,26.85096581371966,0.0,0.0,18.900000000000034,-101.56212000000002
18428400.0,920,iso13790,native,True,27.0,0.0,71.93185329289791,20.0,1191.5984071949476
18432000.0,920,iso13790,native,True,27.000000000000004,0.0,120.280436068986,22.80000000000001,544.2290937584849
18435600.0,920,iso13790,native,True,27.000000000000004,0.0,277.1133890583357,24.400000000000034,1557.4527603824763
18439200.0,920,iso13790,native,True,27.000000000000004,0.0,518.9330753284947,26.700000000000045,2609.0503629405885
18442800.0,920,iso13790,native,True,27.00000000000001,0.0,753.2378154056006,27.200000000000045,3509.1442325237977
18446400.0,920,iso13790,native,True,26.999999999999996,0.0,1048.4437574254027,28.900000000000034,4269.7258356090315
18450000.0,920,iso13790,native,True,27.000000000000018,0.0,1341.3132402287547,30.600000000000023,4662.641520590292
18453600.0,920,iso13790,native,True,26.999999999999986,0.0,1550.2427784042509,30.0,4772.745521578948
18457200.0,920,iso13790,native,True,27.000000000000004,0.0,1084.352815459925,21.700000000000045,583.481214
18460800.0,920,iso13790,native,True,27.00000000000001,0.0,1030.6627085346536,22.80000000000001,475.600374
18464400.0,920,iso13790,native,True,27.0,0.0,940.8372902342526,22.80000000000001,276.02082
18468000.0,920,iso13790,native,True,26.99999999999999,0.0,964.1531472109784,25.600000000000023,427.0539959999999
18471600.0,920,iso13790,native,True,26.99999999999999,0.0,822.2786252318632,22.200000000000045,486.28850469968916
18475200.0,920,iso13790,native,True,27.0,0.0,673.9421094140355,21.100000000000023,-101.56212000000002
18478800.0,920,iso13790,native,True,27.000000000000004,0.0,520.5912165158322,18.900000000000034,-101.56212000000002
18482400.0,920,iso13790,native,True,26.999999999999996,0.0,479.1122667297049,20.600000000000023,-101.56212000000002
18486000.0,920,iso13790,native,True,26.99999999999999,0.0,385.124359754594,20.0,-101.56212000000002
18489600.0,920,iso13790,native,True,27.0,0.0,261.8819522183992,18.30000000000001,-101.56212000000002
18493200.0,920,iso13790,native,True,27.0,0.0,154.1242902702162,17.200000000000045,-101.56212000000002
18496800.0,920,iso13790,native,True,27.0,0.0,79.67360575317053,17.200000000000045,-101.56212000000002
18500400.0,920,iso13790,native,True,27.0,0.0,28.93508025396293,17.80000000000001,-101.56212000000002
18504000.0,920,iso13790,native,True,26.657871249369375,0.0,0.0,15.600000000000023,-101.56212000000002
18507600.0,920,iso13790,native,True,26.573340792932512,0.0,0.0,17.200000000000045,-101.56212000000002
18511200.0,920,iso13790,native,True,26.310865483407465,0.0,0.0,16.700000000000045,-101.56212000000002
18514800.0,920,iso13790,native,True,26.847169360138977,0.0,0.0,19.400000000000034,1206.827727338685
18518400.0,920,iso13790,native,True,26.975391967152134,0.0,0.0,21.700000000000045,549.3302780280756
18522000.0,920,iso13790,native,True,27.0,0.0,162.34771021025304,23.900000000000034,1487.218524750193
18525600.0,920,iso13790,native,True,26.99999999999999,0.0,419.1668139641367,26.700000000000045,2527.3724725290763
18529200.0,920,iso13790,native,True,27.0,0.0,693.7985188718861,28.30000000000001,3474.8294284970657
18532800.0,920,iso13790,native,True,26.99999999999997,0.0,997.4474100885427,30.0,4214.538220100369
18536400.0,920,iso13790,native,True,26.99999999999996,0.0,1285.6349320759532,31.100000000000023,4651.705866667973
18540000.0,920,iso13790,native,True,27.0,0.0,1540.5136325527153,31.700000000000045,4792.621468846361
18543600.0,920,iso13790,native,True,27.000000000000046,0.0,1753.787482891149,32.200000000000045,4625.242463038016
18547200.0,920,iso13790,native,True,26.99999999999999,0.0,1900.723067119484,32.80000000000001,4005.2509615033405
18550800.0,920,iso13790,native,True,26.999999999999986,0.0,1961.0528098893653,32.80000000000001,3150.1408201490776
18554400.0,920,iso13790,native,True,26.99999999999999,0.0,1900.1562280624175,31.700000000000045,1978.3119196199536
18558000.0,920,iso13790,native,True,27.000000000000057,0.0,1687.0583749233174,28.30000000000001,707.027330166145
18561600.0,920,iso13790,native,True,26.999999999999996,0.0,1489.286844247815,26.700000000000045,-101.56212000000002
18565200.0,920,iso13790,native,True,27.00000000000001,0.0,1357.7750082161433,26.100000000000023,-101.56212000000002
18568800.0,920,iso13790,native,True,26.999999999999986,0.0,1235.4910586032058,25.600000000000023,-101.56212000000002
18572400.0,920,iso13790,native,True,27.000000000000014,0.0,1116.496896414605,25.0,-101.56212000000002
18576000.0,920,iso13790,native,True,26.999999999999986,0.0,1002.7698249049394,24.400000000000034,-101.56212000000002
18579600.0,920,iso13790,native,True,27.000000000000014,0.0,846.5939352203752,22.200000000000045,-101.56212000000002
18583200.0,920,iso13790,native,True,27.000000000000014,0.0,704.9748967026989,20.600000000000023,-101.56212000000002
18586800.0,920,iso13790,native,True,26.99999999999999,0.0,560.3396565456424,18.900000000000034,-101.56212000000002
18590400.0,920,iso13790,native,True,26.999999999999986,0.0,465.42064980151724,18.900000000000034,-101.56212000000002
18594000.0,920,iso13790,native,True,27.000000000000004,0.0,428.3710656389134,20.600000000000023,-101.56212000000002
18597600.0,920,iso13790,native,True,27.0,0.0,338.4569129352045,20.0,-101.56212000000002
18601200.0,920,iso13790,native,True,27.000000000000014,0.0,466.86250732115263,22.200000000000045,1215.7429006042466
18604800.0,920,iso13790,native,True,26.99999999999999,0.0,484.5815279588876,23.900000000000034,731.337966317603
18608400.0,920,iso13790,native,True,26.99999999999999,0.0,644.1811923470772,26.700000000000045,1519.2130900865534
18612000.0,920,iso13790,native,True,26.999999999999986,0.0,879.5023958046343,29.400000000000034,2541.4286258588318
18615600.0,920,iso13790,native,True,26.99999999999998,0.0,1084.8736427506099,29.400000000000034,3437.7084932156413
18619200.0,920,iso13790,native,True,27.000000000000018,0.0,1335.4216859550502,30.0,4229.154444384841
18622800.0,920,iso13790,native,True,26.999999999999986,0.0,1597.018693049084,31.100000000000023,4662.897455928076
18626400.0,920,iso13790,native,True,27.000000000000025,0.0,1816.1585806954645,31.100000000000023,4866.5390495858865
18630000.0,920,iso13790,native,True,26.99999999999996,0.0,1857.715788795977,32.200000000000045,3035.1683102374714
18633600.0,920,iso13790,native,True,27.000000000000057,0.0,1982.6075592625268,31.700000000000045,3562.1357177580003
18637200.0,920,iso13790,native,True,27.000000000000014,0.0,1819.829637488495,31.700000000000045,901.8926768666779
18640800.0,920,iso13790,native,True,26.99999999999999,0.0,1648.853965225916,30.0,135.775728
18644400.0,920,iso13790,native,True,27.000000000000025,0.0,1522.0563476768875,27.80000000000001,402.12272011711434
18648000.0,920,iso13790,native,True,26.999999999999986,0.0,1375.6804930733583,27.200000000000045,-101.56212000000002
18651600.0,920,iso13790,native,True,26.999999999999957,0.0,1259.8173081989532,26.700000000000045,-101.56212000000002
18655200.0,920,iso13790,native,True,27.0,0.0,1131.9493447900502,25.600000000000023,-101.56212000000002
18658800.0,920,iso13790,native,True,27.000000000000004,0.0,1021.2680228544889,25.0,-101.56212000000002
18662400.0,920,iso13790,native,True,26.999999999999996,0.0,915.186395719146,24.400000000000034,-101.56212000000002
18666000.0,920,iso13790,native,True,27.0,0.0,831.0700674627346,24.400000000000034,-101.56212000000002
18669600.0,920,iso13790,native,True,27.0,0.0,706.4139727546179,22.80000000000001,-101.56212000000002
18673200.0,920,iso13790,native,True,27.000000000000004,0.0,609.8937730330249,22.200000000000045,-101.56212000000002
18676800.0,920,iso13790,native,True,27.0,0.0,502.0572680194204,21.100000000000023,-101.56212000000002
18680400.0,920,iso13790,native,True,27.0,0.0,427.5340703477013,21.100000000000023,-101.56212000000002
18684000.0,920,iso13790,native,True,27.0,0.0,358.9939631095478,21.100000000000023,-101.56212000000002
18687600.0,920,iso13790,native,True,26.999999999999996,0.0,498.922640144112,23.900000000000034,1092.3672450010924
18691200.0,920,iso13790,native,True,26.999999999999986,0.0,575.9955323658315,27.200000000000045,707.1899063130222
18694800.0,920,iso13790,native,True,26.99999999999999,0.0,745.0158863200319,29.400000000000034,1618.1078376838934
18698400.0,920,iso13790,native,True,27.0,0.0,962.4197401742057,31.100000000000023,2585.057938622559
18702000.0,920,iso13790,native,True,26.999999999999986,0.0,1238.3646338075177,33.30000000000001,3455.571265738959
18705600.0,920,iso13790,native,True,27.000000000000018,0.0,1464.3364128392577,32.80000000000001,4160.738539067709
18709200.0,920,iso13790,native,True,26.99999999999999,0.0,1711.640711891047,33.30000000000001,4574.101090146421
18712800.0,920,iso13790,native,True,26.999999999999922,0.0,1926.1997102388102,33.30000000000001,4721.155067514335
18716400.0,920,iso13790,native,True,26.99999999999998,0.0,2117.722266521433,33.900000000000034,4545.55028058659
18720000.0,920,iso13790,native,True,27.000000000000014,0.0,2234.449595942429,33.900000000000034,4019.371443733373
18723600.0,920,iso13790,native,True,26.999999999999996,0.0,2256.454842572368,33.30000000000001,3139.299926271425
18727200.0,920,iso13790,native,True,27.00000000000006,0.0,2158.345406181054,32.200000000000045,1804.4825691372641
18730800.0,920,iso13790,native,True,27.00000000000003,0.0,1875.0096217007108,28.30000000000001,257.71698513415987
18734400.0,920,iso13790,native,True,26.99999999999999,0.0,1694.8500002684507,27.200000000000045,-101.56212000000002
18738000.0,920,iso13790,native,True,26.999999999999957,0.0,1568.1413859940105,27.200000000000045,-101.56212000000002
18741600.0,920,iso13790,native,True,26.999999999999996,0.0,1419.0915996325389,26.100000000000023,-101.56212000000002
18745200.0,920,iso13790,native,True,26.99999999999998,0.0,1274.1499608747517,25.0,-101.56212000000002
18748800.0,920,iso13790,native,True,26.99999999999999,0.0,1115.2517570393318,23.30000000000001,-101.56212000000002
18752400.0,920,iso13790,native,True,27.00000000000003,0.0,1007.2148877961322,23.30000000000001,-101.56212000000002
18756000.0,920,iso13790,native,True,26.99999999999999,0.0,907.8517520887605,23.30000000000001,-101.56212000000002
18759600.0,920,iso13790,native,True,27.000000000000014,0.0,801.6869044942464,22.80000000000001,-101.56212000000002
18763200.0,920,iso13790,native,True,27.000000000000018,0.0,682.7386479412622,21.700000000000045,-101.56212000000002
18766800.0,920,iso13790,native,True,27.000000000000004,0.0,580.2609147342741,21.100000000000023,-101.56212000000002
18770400.0,920,iso13790,native,True,27.00000000000001,0.0,517.19403229792,21.700000000000045,-101.56212000000002
18774000.0,920,iso13790,native,True,27.0,0.0,548.9048007324392,22.200000000000045,776.3179085495871
18777600.0,920,iso13790,native,True,27.00000000000001,0.0,609.7328635252602,24.400000000000034,904.0513534305267
18781200.0,920,iso13790,native,True,27.0,0.0,724.8789438269414,25.600000000000023,1680.1668544773706
18784800.0,920,iso13790,native,True,26.999999999999996,0.0,970.4469083348075,29.0,2643.8678130798075
18788400.0,920,iso13790,native,True,26.999999999999986,0.0,1219.0279642905768,31.100000000000023,3391.8489122822925
18792000.0,920,iso13790,native,True,26.99999999999999,0.0,1472.4334923773313,32.200000000000045,4078.924413002885
18795600.0,920,iso13790,native,True,26.99999999999999,0.0,1727.2956834312902,33.30000000000001,4489.633841539141
18799200.0,920,iso13790,native,True,26.99999999999998,0.0,1884.6841836079561,31.700000000000045,4602.064272334919
18802800.0,920,iso13790,native,True,26.99999999999999,0.0,1930.0412069841723,28.30000000000001,4301.346239281657
18806400.0,920,iso13790,native,True,27.0,0.0,1550.5252394887239,22.200000000000045,1032.227896906737
18810000.0,920,iso13790,native,True,27.000000000000014,0.0,1410.2079800199117,22.80000000000001,276.02082
18813600.0,920,iso13790,native,True,26.999999999999996,0.0,1198.2739621201108,20.0,108.80551799999998
18817200.0,920,iso13790,native,True,27.000000000000004,0.0,1131.186575080584,21.100000000000023,365.93705149336205
18820800.0,920,iso13790,native,True,26.999999999999975,0.0,1005.240638693249,21.700000000000045,-101.56212000000002
18824400.0,920,iso13790,native,True,27.00000000000001,0.0,862.0917773471446,20.600000000000023,-101.56212000000002
18828000.0,920,iso13790,native,True,27.000000000000004,0.0,719.6214931457549,19.400000000000034,-101.56212000000002
18831600.0,920,iso13790,native,True,27.000000000000004,0.0,633.2214010991495,20.0,-101.56212000000002
18835200.0,920,iso13790,native,True,27.0,0.0,507.7954278499519,18.900000000000034,-101.56212000000002
18838800.0,920,iso13790,native,True,26.999999999999996,0.0,431.8740065886002,19.400000000000034,-101.56212000000002
18842400.0,920,iso13790,native,True,26.999999999999996,0.0,350.84081385916653,19.400000000000034,-101.56212000000002
18846000.0,920,iso13790,native,True,26.999999999999996,0.0,294.04825642267474,20.0,-101.56212000000002
18849600.0,920,iso13790,native,True,27.0,0.0,145.60392280601926,17.200000000000045,-101.56212000000002
18853200.0,920,iso13790,native,True,27.00000000000001,0.0,57.05822022853326,16.700000000000045,-101.56212000000002
18856800.0,920,iso13790,native,True,26.999999999999996,0.0,84.37041888602721,20.0,-101.56212000000002
18860400.0,920,iso13790,native,True,27.000000000000014,0.0,171.42161296572988,20.600000000000023,1072.1109088936448
18864000.0,920,iso13790,native,True,27.0,0.0,190.32707993694117,22.200000000000045,593.5108581409922
18867600.0,920,iso13790,native,True,26.999999999999996,0.0,373.5497554843853,25.0,1585.222053763186
18871200.0,920,iso13790,native,True,26.99999999999999,0.0,613.2718886090506,27.200000000000045,2662.9047421371415
18874800.0,920,iso13790,native,True,26.999999999999986,0.0,949.4066012321041,31.100000000000023,3583.464648299347
18878400.0,920,iso13790,native,True,27.00000000000001,0.0,1244.2512543264452,32.80000000000001,4175.280845730722
18882000.0,920,iso13790,native,True,27.00000000000004,0.0,1487.7156976818467,32.200000000000045,4689.166795478293
18885600.0,920,iso13790,native,True,26.99999999999999,0.0,1756.2373301893476,33.900000000000034,4703.118677675119
18889200.0,920,iso13790,native,True,27.000000000000018,0.0,1683.1960237899045,33.30000000000001,2084.797736887711
18892800.0,920,iso13790,native,True,27.000000000000025,0.0,1857.7631126626713,32.80000000000001,3461.7816135615253
18896400.0,920,iso13790,native,True,26.999999999999932,0.0,1870.479718875643,30.600000000000023,3073.5344378794757
18900000.0,920,iso13790,native,True,26.999999999999964,0.0,1823.000622069513,30.0,2018.3166432075254
18903600.0,920,iso13790,native,True,27.000000000000018,0.0,1624.8797622253328,27.80000000000001,578.4318463628155
18907200.0,920,iso13790,native,True,26.999999999999996,0.0,1380.4531401934994,24.400000000000034,-101.56212000000002
18910800.0,920,iso13790,native,True,26.999999999999964,0.0,1193.9549683039806,22.200000000000045,-101.56212000000002
18914400.0,920,iso13790,native,True,26.999999999999986,0.0,1071.741110976718,22.200000000000045,-101.56212000000002
18918000.0,920,iso13790,native,True,27.000000000000004,0.0,944.56011057037,21.700000000000045,-101.56212000000002
18921600.0,920,iso13790,native,True,26.99999999999999,0.0,838.7969473147137,21.700000000000045,-101.56212000000002
18925200.0,920,iso13790,native,True,26.999999999999986,0.0,723.7900829481601,21.100000000000023,-101.56212000000002
18928800.0,920,iso13790,native,True,27.0,0.0,581.216223747882,19.400000000000034,-101.56212000000002
18932400.0,920,iso13790,native,True,27.00000000000001,0.0,473.41402486589095,18.900000000000034,-101.56212000000002
18936000.0,920,iso13790,native,True,27.0,0.0,417.9878027694778,20.0,-101.56212000000002
18939600.0,920,iso13790,native,True,27.000000000000004,0.0,277.3278804427374,17.80000000000001,-101.56212000000002
18943200.0,920,iso13790,native,True,26.999999999999996,0.0,229.78611712209496,18.900000000000034,-101.56212000000002
18946800.0,920,iso13790,native,True,26.999999999999996,0.0,345.69726267741913,21.100000000000023,1083.0358319494692
18950400.0,920,iso13790,native,True,27.0,0.0,389.1351676039847,23.900000000000034,592.6983060811149
18954000.0,920,iso13790,native,True,27.0,0.0,542.0746785312216,26.100000000000023,1498.1723890827036
18957600.0,920,iso13790,native,True,27.000000000000004,0.0,753.4285126468797,27.80000000000001,2549.774228617279
18961200.0,920,iso13790,native,True,26.99999999999998,0.0,1038.0865668610631,30.600000000000023,3419.4852804122906
18964800.0,920,iso13790,native,True,27.000000000000004,0.0,1299.3841351627318,31.700000000000045,4059.451688964286
18968400.0,920,iso13790,native,True,26.99999999999996,0.0,1563.2256853119293,32.200000000000045,4644.74319561757
18972000.0,920,iso13790,native,True,27.000000000000025,0.0,1798.7531546036378,33.30000000000001,4594.168434295745
18975600.0,920,iso13790,native,True,27.00000000000003,0.0,1936.722435336028,31.700000000000045,4507.580584233001
18979200.0,920,iso13790,native,True,26.99999999999999,0.0,2039.9126145455916,32.200000000000045,3734.845010581468
18982800.0,920,iso13790,native,True,26.99999999999999,0.0,2052.8325239209,31.100000000000023,3048.6209410887636
18986400.0,920,iso13790,native,True,27.00000000000003,0.0,1857.688975582649,26.700000000000045,1767.3297807846313
18990000.0,920,iso13790,native,True,26.999999999999996,0.0,1628.5687631402343,26.100000000000023,-36.83361600000002
18993600.0,920,iso13790,native,True,26.999999999999986,0.0,1399.1993840127398,22.80000000000001,-101.56212000000002
18997200.0,920,iso13790,native,True,27.000000000000032,0.0,1247.058949302452,22.200000000000045,-101.56212000000002
19000800.0,920,iso13790,native,True,27.000000000000014,0.0,1105.802566812537,21.700000000000045,-101.56212000000002
19004400.0,920,iso13790,native,True,27.000000000000014,0.0,936.8452068297171,20.0,-101.56212000000002
19008000.0,920,iso13790,native,True,26.99999999999999,0.0,769.3079243383199,18.30000000000001,-101.56212000000002
19011600.0,920,iso13790,native,True,26.99999999999999,0.0,671.0604546468937,18.900000000000034,-101.56212000000002
19015200.0,920,iso13790,native,True,26.999999999999996,0.0,567.2522353003536,18.900000000000034,-101.56212000000002
19018800.0,920,iso13790,native,True,27.0,0.0,454.0433622889936,18.30000000000001,-101.56212000000002
19022400.0,920,iso13790,native,True,26.999999999999996,0.0,363.3719986621702,18.30000000000001,-101.56212000000002
19026000.0,920,iso13790,native,True,27.000000000000004,0.0,265.20110475058357,17.80000000000001,-101.56212000000002
19029600.0,920,iso13790,native,True,27.0,0.0,168.3840830396641,17.200000000000045,-101.56212000000002
19033200.0,920,iso13790,native,True,27.0,0.0,119.39873654562707,17.200000000000045,162.74593799999997
19036800.0,920,iso13790,native,True,27.000000000000004,0.0,42.15055631133851,16.100000000000023,270.62677799999994
19040400.0,920,iso13790,native,True,26.97306702336183,0.0,0.0,15.600000000000023,427.0539959999999
19044000.0,920,iso13790,native,True,26.869109492460264,0.0,0.0,15.600000000000023,545.7229199999999
19047600.0,920,iso13790,native,True,26.667309419834265,0.0,0.0,14.400000000000034,664.391844
19051200.0,920,iso13790,native,True,26.649878680114693,0.0,0.0,14.400000000000034,944.882028
19054800.0,920,iso13790,native,True,27.000000000000004,0.0,15.087437126218308,17.200000000000045,1409.1703174985694
19058400.0,920,iso13790,native,True,26.9875802613077,0.0,0.0,17.200000000000045,941.0588059746527
19062000.0,920,iso13790,native,True,27.00000000000001,0.0,165.13195119824948,18.30000000000001,2279.1555187516237
19065600.0,920,iso13790,native,True,27.0,0.0,165.41548554836874,18.900000000000034,1338.5536353597129
19069200.0,920,iso13790,native,True,27.0,0.0,177.56122522717897,18.900000000000034,1217.514601974351
19072800.0,920,iso13790,native,True,26.99999999999999,0.0,105.28839197017778,18.900000000000034,340.749324
19076400.0,920,iso13790,native,True,27.0,0.0,14.783338073830215,18.30000000000001,-69.19786800000001
19080000.0,920,iso13790,native,True,26.735322989857263,0.0,0.0,17.200000000000045,-101.56212000000002
19083600.0,920,iso13790,native,True,26.468732496766695,0.0,0.0,16.700000000000045,-101.56212000000002
19087200.0,920,iso13790,native,True,26.13314344984675,0.0,0.0,15.600000000000023,-101.56212000000002
19090800.0,920,iso13790,native,True,25.59943963451014,0.0,0.0,12.800000000000011,-101.56212000000002
19094400.0,920,iso13790,native,True,25.355038317192733,0.0,0.0,13.300000000000011,-101.56212000000002
19098000.0,920,iso13790,native,True,25.140060092158546,0.0,0.0,13.900000000000034,-101.56212000000002
19101600.0,920,iso13790,native,True,24.88271777094963,0.0,0.0,13.900000000000034,-101.56212000000002
19105200.0,920,iso13790,native,True,24.684470562528116,0.0,0.0,14.400000000000034,-101.56212000000002
19108800.0,920,iso13790,native,True,24.398847855788514,0.0,0.0,13.900000000000034,-101.56212000000002
19112400.0,920,iso13790,native,True,24.097267401689667,0.0,0.0,13.300000000000011,-101.56212000000002
19116000.0,920,iso13790,native,True,23.914243047506385,0.0,0.0,13.900000000000034,-101.56212000000002
19119600.0,920,iso13790,native,True,23.93046869551651,0.0,0.0,15.600000000000023,76.44126599999998
19123200.0,920,iso13790,native,True,23.791981947399393,0.0,0.0,15.0,270.62677799999994
19126800.0,920,iso13790,native,True,23.910311753441675,0.0,0.0,15.600000000000023,745.302474
19130400.0,920,iso13790,native,True,24.871620219995147,0.0,0.0,18.30000000000001,2637.1251793370757
19134000.0,920,iso13790,native,True,25.989498822030505,0.0,0.0,21.700000000000045,3495.0859088475663
19137600.0,920,iso13790,native,True,27.000000000000004,0.0,14.637244275553638,22.80000000000001,4193.807343008621
19141200.0,920,iso13790,native,True,26.999999999999996,0.0,95.18408827062645,22.80000000000001,2631.1953582233336
19144800.0,920,iso13790,native,True,27.000000000000004,0.0,255.31256904597132,25.0,2220.8756389189307
19148400.0,920,iso13790,native,True,26.999999999999986,0.0,600.4780649234958,26.100000000000023,4190.737503214383
19152000.0,920,iso13790,native,True,27.0,0.0,658.3521830521449,26.100000000000023,2637.791592262224
19155600.0,920,iso13790,native,True,27.000000000000004,0.0,405.1462861584791,21.700000000000045,270.62677799999994
19159200.0,920,iso13790,native,True,26.999999999999996,0.0,298.2313431380923,20.0,103.411476
19162800.0,920,iso13790,native,True,26.999999999999996,0.0,164.13407002772658,17.200000000000045,125.4876288742937
19166400.0,920,iso13790,native,True,26.999999999999996,0.0,79.82298970896551,17.200000000000045,-101.56212000000002
19170000.0,920,iso13790,native,True,26.924692622136426,0.0,0.0,16.100000000000023,-101.56212000000002
19173600.0,920,iso13790,native,True,26.62534548775204,0.0,0.0,15.600000000000023,-101.56212000000002
19177200.0,920,iso13790,native,True,26.37345802533691,0.0,0.0,15.600000000000023,-101.56212000000002
19180800.0,920,iso13790,native,True,26.127969804106144,0.0,0.0,15.600000000000023,-101.56212000000002
19184400.0,920,iso13790,native,True,25.82564950226237,0.0,0.0,15.0,-101.56212000000002
19188000.0,920,iso13790,native,True,25.515766600176708,0.0,0.0,14.400000000000034,-101.56212000000002
19191600.0,920,iso13790,native,True,25.26158197496905,0.0,0.0,14.400000000000034,-101.56212000000002
19195200.0,920,iso13790,native,True,24.845671622589826,0.0,0.0,12.800000000000011,-101.56212000000002
19198800.0,920,iso13790,native,True,24.620419901918005,0.0,0.0,13.300000000000011,-101.56212000000002
19202400.0,920,iso13790,native,True,24.424104774970317,0.0,0.0,13.900000000000034,-101.56212000000002
19206000.0,920,iso13790,native,True,24.524684978480867,0.0,0.0,15.0,524.3786741116726
19209600.0,920,iso13790,native,True,24.868463731653453,0.0,0.0,17.80000000000001,881.6214292499375
19213200.0,920,iso13790,native,True,25.48418231726756,0.0,0.0,20.600000000000023,1608.411724661724
19216800.0,920,iso13790,native,True,26.34531645507208,0.0,0.0,22.80000000000001,2602.98300410468
19220400.0,920,iso13790,native,True,27.0,0.0,120.24468164800079,25.0,3519.746252454133
19224000.0,920,iso13790,native,True,26.999999999999996,0.0,447.7704829663538,26.700000000000045,4246.28052743318
19227600.0,920,iso13790,native,True,27.000000000000018,0.0,762.4421137522272,28.30000000000001,4576.37051115372
19231200.0,920,iso13790,native,True,27.00000000000001,0.0,1051.628523825163,29.400000000000034,4738.211203196436
19234800.0,920,iso13790,native,True,26.99999999999997,0.0,1186.3320692423233,29.400000000000034,3743.420120585205
19238400.0,920,iso13790,native,True,27.000000000000043,0.0,1293.3882443918155,28.30000000000001,3505.039492138236
19242000.0,920,iso13790,native,True,27.000000000000004,0.0,1281.0733674978014,26.700000000000045,2535.147787337271
19245600.0,920,iso13790,native,True,27.000000000000004,0.0,1234.334810369012,27.200000000000045,1296.1353225174996
19249200.0,920,iso13790,native,True,27.0,0.0,1045.1618349067007,23.900000000000034,433.3842737194025
19252800.0,920,iso13790,native,True,26.999999999999996,0.0,893.1860987708365,22.80000000000001,-101.56212000000002
19256400.0,920,iso13790,native,True,27.00000000000001,0.0,766.8918349200108,21.700000000000045,-101.56212000000002
19260000.0,920,iso13790,native,True,26.999999999999986,0.0,642.8787929195704,20.600000000000023,-101.56212000000002
19263600.0,920,iso13790,native,True,27.000000000000004,0.0,553.4777905580391,20.600000000000023,-101.56212000000002
19267200.0,920,iso13790,native,True,27.000000000000004,0.0,403.2705961385365,18.30000000000001,-101.56212000000002
19270800.0,920,iso13790,native,True,27.0,0.0,284.1615554347221,17.200000000000045,-101.56212000000002
19274400.0,920,iso13790,native,True,26.999999999999996,0.0,249.51969276712953,18.900000000000034,-101.56212000000002
19278000.0,920,iso13790,native,True,27.0,0.0,161.81995778331066,18.30000000000001,-101.56212000000002
19281600.0,920,iso13790,native,True,26.999999999999996,0.0,29.581801480305632,16.100000000000023,-101.56212000000002
19285200.0,920,iso13790,native,True,26.91111852508752,0.0,0.0,16.700000000000045,-101.56212000000002
19288800.0,920,iso13790,native,True,26.616847880557266,0.0,0.0,16.100000000000023,-101.56212000000002
19292400.0,920,iso13790,native,True,26.999999999999996,0.0,31.894627136434558,18.900000000000034,1130.7927515247823
19296000.0,920,iso13790,native,True,27.0,0.0,113.00704180948327,22.80000000000001,568.7458628709571
19299600.0,920,iso13790,native,True,27.0,0.0,236.41178738569263,23.30000000000001,1552.2854365200187
19303200.0,920,iso13790,native,True,27.00000000000001,0.0,455.430314455178,25.0,2602.278245359685
19306800.0,920,iso13790,native,True,27.000000000000018,0.0,752.3303822683181,27.80000000000001,3522.9285621285144
19310400.0,920,iso13790,native,True,27.00000000000001,0.0,1018.6747285108755,28.30000000000001,4297.525414065346
19314000.0,920,iso13790,native,True,27.0,0.0,1288.5843400621043,29.400000000000034,4640.593723033841
19317600.0,920,iso13790,native,True,26.99999999999999,0.0,1531.843042016716,30.0,4795.781993971935
19321200.0,920,iso13790,native,True,26.99999999999999,0.0,1697.6837163554694,30.0,4415.868480430931
19324800.0,920,iso13790,native,True,26.999999999999996,0.0,1797.3027904193243,30.0,3739.842309258664
19328400.0,920,iso13790,native,True,26.99999999999996,0.0,1774.8378437818171,30.0,2338.8302116125933
19332000.0,920,iso13790,native,True,27.000000000000018,0.0,1725.6579811613196,28.900000000000034,1823.434492380002
19335600.0,920,iso13790,native,True,26.999999999999996,0.0,1491.4997487332992,25.600000000000023,466.65165654430905
19339200.0,920,iso13790,native,True,27.000000000000018,0.0,1296.7725649645529,23.900000000000034,-101.56212000000002
19342800.0,920,iso13790,native,True,27.000000000000018,0.0,1113.4207259633395,21.700000000000045,-101.56212000000002
19346400.0,920,iso13790,native,True,27.00000000000001,0.0,943.8517425322473,20.0,-101.56212000000002
19350000.0,920,iso13790,native,True,26.99999999999999,0.0,793.4868310427885,18.900000000000034,-101.56212000000002
19353600.0,920,iso13790,native,True,26.99999999999999,0.0,647.3356518986291,17.80000000000001,-101.56212000000002
19357200.0,920,iso13790,native,True,26.999999999999996,0.0,505.0599058524,16.700000000000045,-101.56212000000002
19360800.0,920,iso13790,native,True,26.99999999999999,0.0,381.12752924018054,16.100000000000023,-101.56212000000002
19364400.0,920,iso13790,native,True,27.000000000000004,0.0,265.81452260400573,15.600000000000023,-101.56212000000002
19368000.0,920,iso13790,native,True,27.000000000000004,0.0,185.7456072027435,16.100000000000023,-101.56212000000002
19371600.0,920,iso13790,native,True,26.999999999999996,0.0,68.38393610314903,15.0,-101.56212000000002
19375200.0,920,iso13790,native,True,26.999999999999996,0.0,2.835190029104617,15.600000000000023,-101.56212000000002
19378800.0,920,iso13790,native,True,27.0,0.0,99.49908434783724,17.200000000000045,1121.1949968002125
19382400.0,920,iso13790,native,True,27.0,0.0,157.1568740493177,19.400000000000034,1005.6175402514954
19386000.0,920,iso13790,native,True,27.000000000000004,0.0,306.05874046228575,21.700000000000045,1726.62869971961
19389600.0,920,iso13790,native,True,27.0,0.0,497.51132242297973,23.30000000000001,2595.981899417399
19393200.0,920,iso13790,native,True,27.000000000000004,0.0,826.3982867323112,27.80000000000001,3493.230232702637
19396800.0,920,iso13790,native,True,27.0,0.0,1068.149149260093,28.30000000000001,4100.546460609789
19400400.0,920,iso13790,native,True,27.00000000000004,0.0,951.1274727352775,23.0,2637.7430883255674
19404000.0,920,iso13790,native,True,26.99999999999999,0.0,1113.9323400679864,20.600000000000023,4268.932431087224
19407600.0,920,iso13790,native,True,27.0,0.0,1008.1454054237374,25.0,551.116962
19411200.0,920,iso13790,native,True,27.000000000000014,0.0,1170.2844656186699,25.0,2634.5375921829186
19414800.0,920,iso13790,native,True,27.000000000000025,0.0,936.4738454281943,23.0,243.65656799999994
19418400.0,920,iso13790,native,True,26.99999999999999,0.0,823.8665367091138,22.200000000000045,103.411476
19422000.0,920,iso13790,native,True,27.00000000000001,0.0,717.8327638389123,20.600000000000023,314.97858885997357
19425600.0,920,iso13790,native,True,27.0,0.0,588.0638518633936,20.0,-101.56212000000002
19429200.0,920,iso13790,native,True,27.000000000000004,0.0,498.7773152802496,20.0,-101.56212000000002
19432800.0,920,iso13790,native,True,26.999999999999996,0.0,398.92425260685536,19.400000000000034,-101.56212000000002
19436400.0,920,iso13790,native,True,27.000000000000004,0.0,273.2433880938736,17.80000000000001,-101.56212000000002
19440000.0,920,iso13790,native,True,27.000000000000004,0.0,193.51558244797675,17.80000000000001,-101.56212000000002
19443600.0,920,iso13790,native,True,27.000000000000004,0.0,120.18871887316865,17.80000000000001,-101.56212000000002
19447200.0,920,iso13790,native,True,27.0,0.0,52.748898121053884,17.80000000000001,-101.56212000000002
19450800.0,920,iso13790,native,True,26.96701087313489,0.0,0.0,17.80000000000001,-101.56212000000002
19454400.0,920,iso13790,native,True,26.81489198824252,0.0,0.0,18.30000000000001,-101.56212000000002
19458000.0,920,iso13790,native,True,26.511156959556892,0.0,0.0,17.200000000000045,-101.56212000000002
19461600.0,920,iso13790,native,True,26.250261440243406,0.0,0.0,16.700000000000045,-101.56212000000002
19465200.0,920,iso13790,native,True,26.579557576094732,0.0,0.0,17.80000000000001,1094.0893595741827
19468800.0,920,iso13790,native,True,26.781527906295384,0.0,0.0,19.400000000000034,1010.6988488589385
19472400.0,920,iso13790,native,True,27.000000000000004,0.0,94.6911701578885,21.100000000000023,1835.7184785258469
19476000.0,920,iso13790,native,True,27.000000000000004,0.0,149.91365954922898,21.700000000000045,1453.6967176017547
19479600.0,920,iso13790,native,True,27.0,0.0,484.54849317018636,23.900000000000034,3609.3475631290717
19483200.0,920,iso13790,native,True,27.000000000000004,0.0,501.6034198337166,23.30000000000001,2241.818107955604
19486800.0,920,iso13790,native,True,27.000000000000004,0.0,547.0826693819357,24.400000000000034,1539.4036534126176
19490400.0,920,iso13790,native,True,27.0,0.0,646.0748015843627,22.80000000000001,2543.5324309314756
19494000.0,920,iso13790,native,True,27.000000000000018,0.0,660.4808891638753,23.30000000000001,1677.1449338581597
19497600.0,920,iso13790,native,True,27.00000000000001,0.0,622.5599862672348,25.0,437.84207999999995
19501200.0,920,iso13790,native,True,27.0,0.0,596.9192261192894,21.700000000000045,1385.881542219769
19504800.0,920,iso13790,native,True,27.00000000000001,0.0,622.3706844539885,21.100000000000023,1689.995586539504
19508400.0,920,iso13790,native,True,27.00000000000001,0.0,453.53256134862517,20.0,90.35175332780192
19512000.0,920,iso13790,native,True,27.00000000000001,0.0,284.628809571841,17.200000000000045,-101.56212000000002
19515600.0,920,iso13790,native,True,26.999999999999996,0.0,232.21454313548136,18.30000000000001,-101.56212000000002
19519200.0,920,iso13790,native,True,27.000000000000004,0.0,144.57361763599738,17.80000000000001,-101.56212000000002
19522800.0,920,iso13790,native,True,26.999999999999996,0.0,57.44116645785446,17.200000000000045,-101.56212000000002
19526400.0,920,iso13790,native,True,27.0,0.0,23.266646256298568,18.30000000000001,-101.56212000000002
19530000.0,920,iso13790,native,True,26.883286231254804,0.0,0.0,18.30000000000001,-101.56212000000002
19533600.0,920,iso13790,native,True,26.577813635909603,0.0,0.0,17.200000000000045,-101.56212000000002
19537200.0,920,iso13790,native,True,26.367781983139643,0.0,0.0,17.200000000000045,-101.56212000000002
19540800.0,920,iso13790,native,True,26.047460179931207,0.0,0.0,16.100000000000023,-101.56212000000002
19544400.0,920,iso13790,native,True,25.82295656579374,0.0,0.0,16.100000000000023,-101.56212000000002
19548000.0,920,iso13790,native,True,25.604156501804628,0.0,0.0,16.100000000000023,-101.56212000000002
19551600.0,920,iso13790,native,True,25.88899098260304,0.0,0.0,18.30000000000001,643.6868879318467
19555200.0,920,iso13790,native,True,26.10841721211117,0.0,0.0,20.0,767.1657887987566
19558800.0,920,iso13790,native,True,26.825847401144436,0.0,0.0,23.30000000000001,1632.2316924092527
19562400.0,920,iso13790,native,True,26.999999999999996,0.0,157.18300311660596,24.400000000000034,2481.4531708250197
19566000.0,920,iso13790,native,True,27.00000000000001,0.0,392.75412266540377,25.600000000000023,3140.3857393762087
19569600.0,920,iso13790,native,True,27.00000000000001,0.0,666.8209522231741,25.600000000000023,4238.827826275419
19573200.0,920,iso13790,native,True,26.99999999999999,0.0,769.9743713209535,25.0,3371.1221968808245
19576800.0,920,iso13790,native,True,26.99999999999998,0.0,485.24692911130836,18.900000000000034,914.2480579086948
19580400.0,920,iso13790,native,True,27.0,0.0,507.0262129066641,21.700000000000045,578.087172
19584000.0,920,iso13790,native,True,27.000000000000004,0.0,640.4021617811419,20.0,2693.181079334436
19587600.0,920,iso13790,native,True,27.00000000000001,0.0,519.6315672872341,20.0,734.7332582644052
19591200.0,920,iso13790,native,True,26.999999999999996,0.0,469.5889181616564,19.400000000000034,741.1544452455828
19594800.0,920,iso13790,native,True,26.999999999999996,0.0,408.0792528214045,20.0,280.1632153756298
19598400.0,920,iso13790,native,True,27.000000000000004,0.0,267.7673152172754,18.30000000000001,-101.56212000000002
19602000.0,920,iso13790,native,True,26.999999999999996,0.0,177.27203755397315,17.80000000000001,-101.56212000000002
19605600.0,920,iso13790,native,True,27.0,0.0,72.7353204546713,16.700000000000045,-101.56212000000002
19609200.0,920,iso13790,native,True,26.94136578378215,0.0,0.0,16.100000000000023,-101.56212000000002
19612800.0,920,iso13790,native,True,26.69415235510987,0.0,0.0,16.100000000000023,-101.56212000000002
19616400.0,920,iso13790,native,True,26.51628817110248,0.0,0.0,16.700000000000045,-101.56212000000002
19620000.0,920,iso13790,native,True,26.179490964686078,0.0,0.0,15.600000000000023,-101.56212000000002
19623600.0,920,iso13790,native,True,25.8758617595349,0.0,0.0,15.0,-101.56212000000002
19627200.0,920,iso13790,native,True,25.449077168940722,0.0,0.0,13.300000000000011,-101.56212000000002
19630800.0,920,iso13790,native,True,25.116083833770567,0.0,0.0,12.800000000000011,-101.56212000000002
19634400.0,920,iso13790,native,True,24.831404957670635,0.0,0.0,12.800000000000011,-101.56212000000002
19638000.0,920,iso13790,native,True,25.311012343497964,0.0,0.0,16.100000000000023,1044.0744900015466
19641600.0,920,iso13790,native,True,25.414152677593282,0.0,0.0,18.30000000000001,569.3086315260939
19645200.0,920,iso13790,native,True,26.055447573237284,0.0,0.0,20.600000000000023,1706.1454865665219
19648800.0,920,iso13790,native,True,26.609343512920542,0.0,0.0,22.200000000000045,2000.2662079151376
19652400.0,920,iso13790,native,True,27.000000000000004,0.0,29.64806747215345,22.200000000000045,2350.858352393464
19656000.0,920,iso13790,native,True,27.000000000000004,0.0,380.746402375238,23.900000000000034,4143.7395931189785
19659600.0,920,iso13790,native,True,26.999999999999996,0.0,692.2437595785498,25.600000000000023,4620.08983061426
19663200.0,920,iso13790,native,True,26.99999999999999,0.0,924.1198005577768,25.600000000000023,4644.84692943156
19666800.0,920,iso13790,native,True,26.999999999999986,0.0,1048.4113586441995,25.0,3947.1231390036105
19670400.0,920,iso13790,native,True,26.999999999999986,0.0,1011.5627231966569,26.100000000000023,1712.7335007816278
19674000.0,920,iso13790,native,True,26.999999999999996,0.0,991.5187736201974,22.200000000000045,2354.889677003885
19677600.0,920,iso13790,native,True,26.99999999999999,0.0,952.3714996061736,22.200000000000045,1535.3200767574367
19681200.0,920,iso13790,native,True,26.999999999999996,0.0,753.2797806939632,19.400000000000034,412.7757131400745
19684800.0,920,iso13790,native,True,27.000000000000004,0.0,546.1191759333803,16.700000000000045,-101.56212000000002
19688400.0,920,iso13790,native,True,27.000000000000004,0.0,451.40432384466095,17.200000000000045,-101.56212000000002
19692000.0,920,iso13790,native,True,26.99999999999999,0.0,320.57256420184956,16.100000000000023,-101.56212000000002
19695600.0,920,iso13790,native,True,26.999999999999996,0.0,174.65142868706528,14.400000000000034,-101.56212000000002
19699200.0,920,iso13790,native,True,27.0,0.0,96.28465491504976,15.0,-101.56212000000002
19702800.0,920,iso13790,native,True,27.0,0.0,10.761011014236972,15.0,-101.56212000000002
19706400.0,920,iso13790,native,True,26.758547184354008,0.0,0.0,15.0,-101.56212000000002
19710000.0,920,iso13790,native,True,26.488032615816376,0.0,0.0,15.0,-101.56212000000002
19713600.0,920,iso13790,native,True,26.045695726914772,0.0,0.0,13.300000000000011,-101.56212000000002
19717200.0,920,iso13790,native,True,25.581919163959338,0.0,0.0,11.700000000000045,-101.56212000000002
19720800.0,920,iso13790,native,True,25.31001728143055,0.0,0.0,12.200000000000045,-101.56212000000002
19724400.0,920,iso13790,native,True,25.69422920308694,0.0,0.0,15.0,1000.961561122802
19728000.0,920,iso13790,native,True,25.87218041911512,0.0,0.0,18.30000000000001,543.4744833464231
19731600.0,920,iso13790,native,True,26.55698357912492,0.0,0.0,21.700000000000045,1526.9828668798905
19735200.0,920,iso13790,native,True,26.999999999999996,0.0,86.6075816073009,22.80000000000001,2584.1578607343927
19738800.0,920,iso13790,native,True,26.999999999999996,0.0,377.53288461882164,25.0,3494.5513875375004
19742400.0,920,iso13790,native,True,26.999999999999986,0.0,691.0099381267341,27.200000000000045,4155.134607963991
19746000.0,920,iso13790,native,True,26.99999999999998,0.0,960.8515666395396,27.200000000000045,4723.212309096738
19749600.0,920,iso13790,native,True,27.000000000000032,0.0,1235.2264336368219,28.30000000000001,4885.545374876612
19753200.0,920,iso13790,native,True,27.000000000000018,0.0,1429.1074843220165,28.30000000000001,4614.040985877751
19756800.0,920,iso13790,native,True,27.000000000000025,0.0,1547.0098202450038,28.30000000000001,3906.413529186945
19760400.0,920,iso13790,native,True,26.999999999999996,0.0,1572.41734551343,27.80000000000001,2948.152754854316
19764000.0,920,iso13790,native,True,26.999999999999975,0.0,1452.4605922098356,26.700000000000045,1356.5391808992376
19767600.0,920,iso13790,native,True,27.0,0.0,1225.29894149205,23.30000000000001,318.76967870551096
19771200.0,920,iso13790,native,True,26.99999999999999,0.0,1091.660374054483,23.30000000000001,-101.56212000000002
19774800.0,920,iso13790,native,True,26.99999999999999,0.0,887.9756409304531,20.0,-101.56212000000002
19778400.0,920,iso13790,native,True,27.000000000000018,0.0,742.096738890429,18.900000000000034,-101.56212000000002
19782000.0,920,iso13790,native,True,27.00000000000001,0.0,632.5853757447547,18.900000000000034,-101.56212000000002
19785600.0,920,iso13790,native,True,27.0,0.0,514.131235490447,18.30000000000001,-101.56212000000002
19789200.0,920,iso13790,native,True,27.0,0.0,403.85664533636316,17.80000000000001,-101.56212000000002
19792800.0,920,iso13790,native,True,27.0,0.0,295.90767190628304,17.200000000000045,-101.56212000000002
19796400.0,920,iso13790,native,True,27.000000000000004,0.0,210.0739171398679,17.200000000000045,-101.56212000000002
19800000.0,920,iso13790,native,True,26.999999999999996,0.0,83.83827940558847,15.600000000000023,-101.56212000000002
19803600.0,920,iso13790,native,True,26.94973441314455,0.0,0.0,15.0,-101.56212000000002
19807200.0,920,iso13790,native,True,26.7374314505994,0.0,0.0,15.600000000000023,-101.56212000000002
19810800.0,920,iso13790,native,True,27.000000000000004,0.0,52.92431652503251,18.30000000000001,1076.2715712231454
19814400.0,920,iso13790,native,True,26.999999999999996,0.0,96.84519614198454,21.100000000000023,560.0285968911463
19818000.0,920,iso13790,native,True,26.999999999999996,0.0,278.2696157913573,23.900000000000034,1557.6024223388213
19821600.0,920,iso13790,native,True,27.00000000000001,0.0,530.1797995421692,26.700000000000045,2598.940741488473
19825200.0,920,iso13790,native,True,26.99999999999998,0.0,832.8134564075638,30.0,3370.741300760448
19828800.0,920,iso13790,native,True,26.999999999999996,0.0,1067.7969840861174,30.0,3980.6027268629036
19832400.0,920,iso13790,native,True,26.99999999999998,0.0,1327.1255401022581,31.100000000000023,4328.475737676672
19836000.0,920,iso13790,native,True,27.000000000000018,0.0,1565.4870856308612,32.200000000000045,4386.791244733025
19839600.0,920,iso13790,native,True,26.999999999999996,0.0,1732.8539040115031,32.200000000000045,4139.7072949452295
19843200.0,920,iso13790,native,True,27.00000000000003,0.0,1828.8338816543837,31.700000000000045,3613.0154745015584
19846800.0,920,iso13790,native,True,27.000000000000018,0.0,1876.1636151504413,31.700000000000045,2886.339581043478
19850400.0,920,iso13790,native,True,27.00000000000003,0.0,1713.257816969163,27.80000000000001,1692.986839558775
19854000.0,920,iso13790,native,True,26.99999999999997,0.0,1496.6179038527996,25.600000000000023,334.1876689565153
19857600.0,920,iso13790,native,True,27.0,0.0,1256.5147941808762,22.200000000000045,-101.56212000000002
19861200.0,920,iso13790,native,True,27.000000000000018,0.0,1147.013215302099,22.80000000000001,-101.56212000000002
19864800.0,920,iso13790,native,True,26.999999999999986,0.0,1047.6334974948193,23.30000000000001,-101.56212000000002
19868400.0,920,iso13790,native,True,27.0,0.0,897.7323153477176,21.700000000000045,-101.56212000000002
19872000.0,920,iso13790,native,True,26.99999999999999,0.0,777.9938285106705,21.100000000000023,-101.56212000000002
19875600.0,920,iso13790,native,True,27.000000000000025,0.0,666.5380054618228,20.600000000000023,-101.56212000000002
19879200.0,920,iso13790,native,True,27.000000000000004,0.0,557.5026343487557,20.0,-101.56212000000002
19882800.0,920,iso13790,native,True,27.00000000000001,0.0,452.934812973318,19.400000000000034,-101.56212000000002
19886400.0,920,iso13790,native,True,27.000000000000004,0.0,387.94564497115397,20.0,-101.56212000000002
19890000.0,920,iso13790,native,True,26.999999999999996,0.0,296.9906962687022,19.400000000000034,-101.56212000000002
19893600.0,920,iso13790,native,True,27.0,0.0,279.5430177901538,19.400000000000034,422.4457366181194
19897200.0,920,iso13790,native,True,27.0,0.0,392.3291159942143,22.200000000000045,1087.653731563576
19900800.0,920,iso13790,native,True,26.999999999999986,0.0,495.233671646978,26.700000000000045,645.2171523575635
19904400.0,920,iso13790,native,True,27.000000000000004,0.0,697.6915287665572,30.0,1573.803613787325
19908000.0,920,iso13790,native,True,27.000000000000004,0.0,928.5440310105955,31.700000000000045,2620.7717650114496
19911600.0,920,iso13790,native,True,27.000000000000004,0.0,1194.4999164519957,32.80000000000001,3623.8639514553515
19915200.0,920,iso13790,native,True,27.000000000000004,0.0,1494.3704326510895,34.400000000000034,4345.384491338718
19918800.0,920,iso13790,native,True,26.999999999999996,0.0,1677.6864990845586,34.400000000000034,4068.9015508703865
19922400.0,920,iso13790,native,True,26.999999999999964,0.0,1857.0396547045439,34.400000000000034,4066.180144512213
19926000.0,920,iso13790,native,True,27.000000000000053,0.0,1687.5023031990047,32.80000000000001,1212.4808113511758
19929600.0,920,iso13790,native,True,27.000000000000014,0.0,1569.6751525573072,27.80000000000001,1572.0008012379767
19933200.0,920,iso13790,native,True,26.99999999999998,0.0,1492.6347091198816,27.200000000000045,1088.5967478511357
19936800.0,920,iso13790,native,True,27.00000000000001,0.0,1382.7968181434114,26.700000000000045,523.0891967033057
19940400.0,920,iso13790,native,True,26.99999999999997,0.0,1216.3286948430402,24.400000000000034,212.90038243680664
19944000.0,920,iso13790,native,True,26.99999999999999,0.0,1030.4636856778388,22.200000000000045,-101.56212000000002
19947600.0,920,iso13790,native,True,26.999999999999996,0.0,939.1106064211338,22.80000000000001,-101.56212000000002
19951200.0,920,iso13790,native,True,27.000000000000014,0.0,809.1292962414717,21.700000000000045,-101.56212000000002
19954800.0,920,iso13790,native,True,26.99999999999999,0.0,696.5042974532674,21.100000000000023,-101.56212000000002
19958400.0,920,iso13790,native,True,27.0,0.0,606.3699317427753,21.100000000000023,-101.56212000000002
19962000.0,920,iso13790,native,True,27.000000000000004,0.0,458.44406705633247,18.900000000000034,-101.56212000000002
19965600.0,920,iso13790,native,True,26.99999999999999,0.0,421.9545974189573,20.600000000000023,-101.56212000000002
19969200.0,920,iso13790,native,True,27.0,0.0,350.2904807780938,20.600000000000023,-101.56212000000002
19972800.0,920,iso13790,native,True,26.999999999999996,0.0,284.3799134225495,20.600000000000023,-101.56212000000002
19976400.0,920,iso13790,native,True,27.0,0.0,206.02608169618532,20.0,-101.56212000000002
19980000.0,920,iso13790,native,True,26.999999999999996,0.0,189.7815846828497,20.0,319.2833164960008
19983600.0,920,iso13790,native,True,27.0,0.0,316.72009494043976,22.80000000000001,1073.1972287092192
19987200.0,920,iso13790,native,True,27.0,0.0,407.5291191709493,25.600000000000023,915.5828176345126
19990800.0,920,iso13790,native,True,27.000000000000014,0.0,621.3794696884402,29.400000000000034,1655.3993828728603
19994400.0,920,iso13790,native,True,26.99999999999999,0.0,820.6630170220551,30.0,2644.206859804076
19998000.0,920,iso13790,native,True,26.99999999999998,0.0,860.9373901764662,30.0,1749.0943754803825
20001600.0,920,iso13790,native,True,27.0,0.0,1165.5763002338251,31.100000000000023,3729.4438556294617
20005200.0,920,iso13790,native,True,26.999999999999996,0.0,1399.0626276568871,31.100000000000023,4295.153791925484
20008800.0,920,iso13790,native,True,26.99999999999999,0.0,1199.9322816161746,27.0,1612.189531247583
20012400.0,920,iso13790,native,True,26.99999999999998,0.0,1110.9443346104156,25.600000000000023,982.640322
20016000.0,920,iso13790,native,True,26.999999999999986,0.0,1057.896411685007,25.600000000000023,707.54418
20019600.0,920,iso13790,native,True,27.000000000000018,0.0,1170.5942364730877,25.600000000000023,2202.5332893373807
20023200.0,920,iso13790,native,True,27.000000000000004,0.0,986.8113699322888,24.400000000000034,292.20294599999994
20026800.0,920,iso13790,native,True,27.0,0.0,888.7796296715103,24.0,90.78352364157041
20030400.0,920,iso13790,native,True,26.99999999999999,0.0,743.0486773121949,22.200000000000045,-101.56212000000002
20034000.0,920,iso13790,native,True,26.999999999999996,0.0,642.2567291323127,21.700000000000045,-101.56212000000002
20037600.0,920,iso13790,native,True,26.999999999999996,0.0,560.7639746355865,21.700000000000045,-101.56212000000002
20041200.0,920,iso13790,native,True,27.0,0.0,403.05103962890695,18.900000000000034,-101.56212000000002
20044800.0,920,iso13790,native,True,27.000000000000004,0.0,288.2459744668473,17.80000000000001,-101.56212000000002
20048400.0,920,iso13790,native,True,27.00000000000001,0.0,290.07650847135363,20.600000000000023,-101.56212000000002
20052000.0,920,iso13790,native,True,27.0,0.0,161.01647010898824,18.30000000000001,-101.56212000000002
20055600.0,920,iso13790,native,True,26.999999999999996,0.0,126.38471840741752,19.400000000000034,-101.56212000000002
20059200.0,920,iso13790,native,True,27.000000000000004,0.0,55.09863951899294,18.900000000000034,-101.56212000000002
20062800.0,920,iso13790,native,True,26.999999999999996,0.0,0.7428773759774641,18.900000000000034,-101.56212000000002
20066400.0,920,iso13790,native,True,26.841270839659817,0.0,0.0,17.80000000000001,267.2187245430424
20070000.0,920,iso13790,native,True,27.000000000000004,0.0,86.28371490904885,21.100000000000023,938.8085528159759
20073600.0,920,iso13790,native,True,27.000000000000004,0.0,165.5145165386554,23.900000000000034,684.2055742507594
20077200.0,920,iso13790,native,True,27.0,0.0,346.8048993942636,26.100000000000023,1637.7016839673458
20080800.0,920,iso13790,native,True,27.00000000000001,0.0,540.6069862693885,26.700000000000045,2597.9538841839
20084400.0,920,iso13790,native,True,26.999999999999986,0.0,736.2242328041443,27.200000000000045,3137.7643778010633
20088000.0,920,iso13790,native,True,27.000000000000014,0.0,1020.445088310865,28.30000000000001,4176.060925900495
20091600.0,920,iso13790,native,True,26.99999999999999,0.0,1288.7495442097932,29.400000000000034,4577.937897631442
20095200.0,920,iso13790,native,True,27.00000000000001,0.0,1508.804520957023,30.0,4540.6164067932905
20098800.0,920,iso13790,native,True,26.999999999999975,0.0,1665.2844188123406,30.600000000000023,4027.2699576680175
20102400.0,920,iso13790,native,True,26.999999999999996,0.0,1798.8004940161627,31.100000000000023,3707.3591650879634
20106000.0,920,iso13790,native,True,27.0,0.0,1758.0013484173066,28.900000000000034,2712.8910929770846
20109600.0,920,iso13790,native,True,26.999999999999996,0.0,1515.8535855771602,27.80000000000001,119.59360199999999
20113200.0,920,iso13790,native,True,26.99999999999998,0.0,1348.385819148728,25.600000000000023,41.79862084519857
20116800.0,920,iso13790,native,True,27.0,0.0,1196.8745175639153,24.400000000000034,-101.56212000000002
20120400.0,920,iso13790,native,True,26.99999999999998,0.0,1090.1428754225478,24.400000000000034,-101.56212000000002
20124000.0,920,iso13790,native,True,26.99999999999999,0.0,912.1731703943849,21.700000000000045,-101.56212000000002
20127600.0,920,iso13790,native,True,26.999999999999986,0.0,809.0101906787957,21.700000000000045,-101.56212000000002
20131200.0,920,iso13790,native,True,26.999999999999996,0.0,681.6156790247275,20.600000000000023,-101.56212000000002
20134800.0,920,iso13790,native,True,27.000000000000014,0.0,571.3697977983855,20.0,-101.56212000000002
20138400.0,920,iso13790,native,True,26.99999999999999,0.0,483.42354233970565,20.0,-101.56212000000002
20142000.0,920,iso13790,native,True,27.0,0.0,337.51011560537955,17.80000000000001,-101.56212000000002
20145600.0,920,iso13790,native,True,27.000000000000004,0.0,252.62265961457908,17.80000000000001,-101.56212000000002
20149200.0,920,iso13790,native,True,27.000000000000018,0.0,189.3294631606052,18.30000000000001,-101.56212000000002
20152800.0,920,iso13790,native,True,27.0,0.0,141.4825849465955,18.30000000000001,112.70317835139963
20156400.0,920,iso13790,native,True,27.0,0.0,209.39734707994413,20.0,810.1518258218723
20160000.0,920,iso13790,native,True,27.00000000000001,0.0,227.36622227361352,20.600000000000023,846.8667102179502
20163600.0,920,iso13790,native,True,27.0,0.0,312.0607809154606,21.700000000000045,1349.1320254344596
20167200.0,920,iso13790,native,True,26.99999999999999,0.0,557.7484648270186,24.400000000000034,2666.951135871262
20170800.0,920,iso13790,native,True,26.999999999999986,0.0,797.6850200041603,26.700000000000045,3253.718092521735
20174400.0,920,iso13790,native,True,27.0,0.0,1014.15623092986,27.80000000000001,3633.5622438335604
20178000.0,920,iso13790,native,True,27.000000000000018,0.0,1198.8080289213356,27.80000000000001,3885.524093513075
20181600.0,920,iso13790,native,True,26.999999999999996,0.0,1273.9136927930697,27.200000000000045,3220.6761570824365
20185200.0,920,iso13790,native,True,27.000000000000018,0.0,1223.0717176958667,27.200000000000045,1632.590374125228
20188800.0,920,iso13790,native,True,26.999999999999996,0.0,1140.5524195811734,27.200000000000045,648.2097180000001
20192400.0,920,iso13790,native,True,27.00000000000001,0.0,882.3463673071548,21.100000000000023,238.262526
20196000.0,920,iso13790,native,True,26.99999999999998,0.0,778.3992109157998,21.100000000000023,44.07701399999998
20199600.0,920,iso13790,native,True,27.000000000000004,0.0,683.2397586257987,20.600000000000023,118.32853553675352
20203200.0,920,iso13790,native,True,27.0,0.0,564.0922952775709,20.0,-101.56212000000002
20206800.0,920,iso13790,native,True,27.0,0.0,458.99542337162245,19.400000000000034,-101.56212000000002
20210400.0,920,iso13790,native,True,27.0,0.0,361.0057140815911,18.900000000000034,-101.56212000000002
20214000.0,920,iso13790,native,True,27.0,0.0,314.60418644164633,20.0,-101.56212000000002
20217600.0,920,iso13790,native,True,27.000000000000004,0.0,182.24441152085438,17.80000000000001,-101.56212000000002
20221200.0,920,iso13790,native,True,26.999999999999996,0.0,92.08756292608601,17.200000000000045,-101.56212000000002
20224800.0,920,iso13790,native,True,26.964806203889104,0.0,0.0,16.100000000000023,-101.56212000000002
20228400.0,920,iso13790,native,True,26.716997267602885,0.0,0.0,16.100000000000023,-101.56212000000002
20232000.0,920,iso13790,native,True,26.475483956893772,0.0,0.0,16.100000000000023,-101.56212000000002
20235600.0,920,iso13790,native,True,26.124480292290666,0.0,0.0,15.0,-101.56212000000002
20239200.0,920,iso13790,native,True,25.91542620056792,0.0,0.0,13.900000000000034,348.05536236946045
20242800.0,920,iso13790,native,True,26.412983995836548,0.0,0.0,17.80000000000001,1095.0618721714395
20246400.0,920,iso13790,native,True,26.604679116907082,0.0,0.0,20.0,794.4120573415076
20250000.0,920,iso13790,native,True,26.841069540250565,0.0,0.0,19.400000000000034,1479.6750358914335
20253600.0,920,iso13790,native,True,26.849250174432903,0.0,0.0,20.0,820.8190619999999
20257200.0,920,iso13790,native,True,27.0,0.0,180.67615098326695,21.100000000000023,2563.775099975095
20260800.0,920,iso13790,native,True,27.00000000000001,0.0,511.42330864398565,23.30000000000001,4077.6515667329786
20264400.0,920,iso13790,native,True,27.00000000000001,0.0,813.1829940541189,25.0,4643.966650525603
20268000.0,920,iso13790,native,True,26.999999999999986,0.0,1089.6218791895642,26.700000000000045,4736.84611189489
20271600.0,920,iso13790,native,True,27.0,0.0,1264.6784653023694,27.80000000000001,4042.6243562511795
20275200.0,920,iso13790,native,True,27.000000000000004,0.0,1349.8833330996615,28.30000000000001,3112.8101811591237
20278800.0,920,iso13790,native,True,27.000000000000043,0.0,1353.5426376635346,28.900000000000034,1937.5670624833508
20282400.0,920,iso13790,native,True,27.000000000000018,0.0,1309.9597521227774,27.80000000000001,1462.1433082273331
20286000.0,920,iso13790,native,True,26.99999999999999,0.0,1053.1268665000628,23.30000000000001,197.15687857214618
20289600.0,920,iso13790,native,True,26.99999999999998,0.0,905.6481571326527,22.200000000000045,-101.56212000000002
20293200.0,920,iso13790,native,True,27.0,0.0,791.801919515251,21.700000000000045,-101.56212000000002
20296800.0,920,iso13790,native,True,26.999999999999986,0.0,615.5401170285709,18.900000000000034,-101.56212000000002
20300400.0,920,iso13790,native,True,26.99999999999999,0.0,548.7033101888128,20.0,-101.56212000000002
20304000.0,920,iso13790,native,True,26.99999999999999,0.0,462.5768323217538,20.0,-101.56212000000002
20307600.0,920,iso13790,native,True,27.0,0.0,365.63012324087566,19.400000000000034,-101.56212000000002
20311200.0,920,iso13790,native,True,26.999999999999996,0.0,275.1362414447198,18.900000000000034,-101.56212000000002
20314800.0,920,iso13790,native,True,27.00000000000001,0.0,152.8659178469172,17.200000000000045,-101.56212000000002
20318400.0,920,iso13790,native,True,27.000000000000004,0.0,96.25115198256498,17.80000000000001,-101.56212000000002
20322000.0,920,iso13790,native,True,26.993667096783884,0.0,0.0,16.700000000000045,-101.56212000000002
20325600.0,920,iso13790,native,True,26.902798495749074,0.0,0.0,16.700000000000045,296.2515239476016
20329200.0,920,iso13790,native,True,26.99999999999999,0.0,87.31513318794511,19.400000000000034,1047.2795104549537
20332800.0,920,iso13790,native,True,27.0,0.0,204.3669618424287,24.400000000000034,578.3970958679841
20336400.0,920,iso13790,native,True,27.0,0.0,402.1829991410928,27.200000000000045,1579.2731343119733
20340000.0,920,iso13790,native,True,27.00000000000001,0.0,667.7140950296381,30.0,2607.4707967593113
20343600.0,920,iso13790,native,True,26.999999999999975,0.0,944.1296412838925,31.700000000000045,3458.9645597050394
20347200.0,920,iso13790,native,True,27.000000000000018,0.0,1223.038408522599,32.200000000000045,4273.193500664825
20350800.0,920,iso13790,native,True,27.000000000000018,0.0,1479.3607563718242,31.700000000000045,4851.971805855275
20354400.0,920,iso13790,native,True,27.000000000000025,0.0,1605.167362774153,32.200000000000045,3731.2151859105516
20358000.0,920,iso13790,native,True,27.000000000000053,0.0,1736.286070352123,32.200000000000045,3551.573006246958
20361600.0,920,iso13790,native,True,27.000000000000025,0.0,1751.1774777582812,32.200000000000045,2430.519608362328
20365200.0,920,iso13790,native,True,27.0,0.0,1593.2918183807233,31.100000000000023,605.057382
20368800.0,920,iso13790,native,True,26.999999999999996,0.0,1467.0362029044322,28.900000000000034,471.0749070666261
20372400.0,920,iso13790,native,True,27.000000000000004,0.0,1315.9495067326752,27.80000000000001,-96.16807800000001
20376000.0,920,iso13790,native,True,27.0,0.0,1200.0855614889863,27.0,-101.56212000000002
20379600.0,920,iso13790,native,True,27.0,0.0,1117.5819276418013,27.200000000000045,-101.56212000000002
20383200.0,920,iso13790,native,True,27.000000000000004,0.0,989.9262049901482,25.600000000000023,-101.56212000000002
20386800.0,920,iso13790,native,True,27.00000000000001,0.0,872.912311975151,24.400000000000034,-101.56212000000002
20390400.0,920,iso13790,native,True,27.0,0.0,874.9527773774262,27.200000000000045,-101.56212000000002
20394000.0,920,iso13790,native,True,26.99999999999999,0.0,698.7927752871208,23.30000000000001,-101.56212000000002
20397600.0,920,iso13790,native,True,27.00000000000001,0.0,591.6773247466108,22.200000000000045,-101.56212000000002
20401200.0,920,iso13790,native,True,26.999999999999996,0.0,435.0544703399381,19.400000000000034,-101.56212000000002
20404800.0,920,iso13790,native,True,26.999999999999996,0.0,353.76593426991417,19.400000000000034,-101.56212000000002
20408400.0,920,iso13790,native,True,27.00000000000001,0.0,246.48967787169778,18.30000000000001,-101.56212000000002
20412000.0,920,iso13790,native,True,27.000000000000004,0.0,223.27367012726998,20.0,-96.16807800000001
20415600.0,920,iso13790,native,True,27.0,0.0,275.26378041578636,23.30000000000001,44.07701399999998
20419200.0,920,iso13790,native,True,27.0,0.0,198.58414105359077,21.100000000000023,243.65656799999994
20422800.0,920,iso13790,native,True,26.999999999999996,0.0,181.661040921854,21.0,394.68974399999996
20426400.0,920,iso13790,native,True,27.000000000000004,0.0,211.97289396521478,21.100000000000023,858.577356
20430000.0,920,iso13790,native,True,27.000000000000014,0.0,282.8407974902553,21.700000000000045,1315.4777802607377
20433600.0,920,iso13790,native,True,27.000000000000004,0.0,580.0767468455836,24.400000000000034,3142.324012335659
20437200.0,920,iso13790,native,True,27.00000000000001,0.0,868.1601661705465,25.600000000000023,4261.037169689953
20440800.0,920,iso13790,native,True,26.999999999999975,0.0,1076.564504061965,26.100000000000023,4262.943303412327
20444400.0,920,iso13790,native,True,26.99999999999995,0.0,1064.4294208767565,26.700000000000045,2174.5225585089656
20448000.0,920,iso13790,native,True,27.0,0.0,1289.239359512153,27.80000000000001,3501.5221617577567
20451600.0,920,iso13790,native,True,26.999999999999964,0.0,1335.8812049834494,27.200000000000045,2857.9284963971495
20455200.0,920,iso13790,native,True,26.99999999999998,0.0,1275.3048611299178,26.100000000000023,1764.5453825646987
20458800.0,920,iso13790,native,True,26.99999999999998,0.0,973.3105616751052,21.100000000000023,108.18601019029873
20462400.0,920,iso13790,native,True,26.99999999999999,0.0,755.0443061171015,17.80000000000001,-101.56212000000002
20466000.0,920,iso13790,native,True,27.000000000000004,0.0,618.9002525073162,17.200000000000045,-101.56212000000002
20469600.0,920,iso13790,native,True,26.99999999999999,0.0,492.3559826253364,16.700000000000045,-101.56212000000002
20473200.0,920,iso13790,native,True,27.0,0.0,336.9295741764232,15.0,-101.56212000000002
20476800.0,920,iso13790,native,True,27.00000000000001,0.0,297.1136985309963,17.200000000000045,-101.56212000000002
20480400.0,920,iso13790,native,True,27.00000000000001,0.0,228.9180082882367,17.80000000000001,-101.56212000000002
20484000.0,920,iso13790,native,True,27.0,0.0,135.01397279001452,17.200000000000045,-101.56212000000002
20487600.0,920,iso13790,native,True,27.00000000000001,0.0,29.583593412775777,16.100000000000023,-101.56212000000002
20491200.0,920,iso13790,native,True,26.963681675982784,0.0,0.0,17.200000000000045,-101.56212000000002
20494800.0,920,iso13790,native,True,26.628220945970984,0.0,0.0,16.100000000000023,-101.56212000000002
20498400.0,920,iso13790,native,True,26.43086768389748,0.0,0.0,15.600000000000023,162.27371005798472
20502000.0,920,iso13790,native,True,26.782787373845977,0.0,0.0,18.30000000000001,882.9358586540085
20505600.0,920,iso13790,native,True,27.0,0.0,3.0719790636106272,21.700000000000045,450.6065781835223
20509200.0,920,iso13790,native,True,27.0,0.0,232.22182874083458,25.600000000000023,1547.9858540093978
20512800.0,920,iso13790,native,True,27.000000000000004,0.0,515.7789635889843,28.900000000000034,2605.324257113078
20516400.0,920,iso13790,native,True,27.000000000000014,0.0,797.3485706764644,30.600000000000023,3466.2018461878024
20520000.0,920,iso13790,native,True,26.999999999999975,0.0,1082.3993173609356,31.700000000000045,4121.91789321196
20523600.0,920,iso13790,native,True,26.99999999999998,0.0,1356.391185872003,32.200000000000045,4597.27944499351
20527200.0,920,iso13790,native,True,27.000000000000018,0.0,1628.137099518517,33.30000000000001,4770.16869708308
20530800.0,920,iso13790,native,True,26.99999999999999,0.0,1822.3691491998693,33.30000000000001,4530.348888128309
20534400.0,920,iso13790,native,True,26.99999999999999,0.0,1956.2580039565282,33.30000000000001,3990.8559704723953
20538000.0,920,iso13790,native,True,27.000000000000025,0.0,1990.4407317880164,32.80000000000001,3040.3312899319985
20541600.0,920,iso13790,native,True,26.999999999999996,0.0,1817.8162316711148,28.900000000000034,1670.5419816619933
20545200.0,920,iso13790,native,True,27.0,0.0,1561.575889380562,26.100000000000023,113.43904385718172
20548800.0,920,iso13790,native,True,27.0,0.0,1364.104785841051,23.900000000000034,-101.56212000000002
20552400.0,920,iso13790,native,True,26.999999999999986,0.0,1175.3471835448868,21.700000000000045,-101.56212000000002
20556000.0,920,iso13790,native,True,27.00000000000001,0.0,1098.3483348410873,23.30000000000001,-101.56212000000002
20559600.0,920,iso13790,native,True,26.99999999999999,0.0,911.8615494869222,20.600000000000023,-101.56212000000002
20563200.0,920,iso13790,native,True,27.000000000000004,0.0,783.1303924274396,20.0,-101.56212000000002
20566800.0,920,iso13790,native,True,27.00000000000001,0.0,710.6969159390799,21.100000000000023,-101.56212000000002
20570400.0,920,iso13790,native,True,27.0,0.0,604.6440214600694,20.600000000000023,-101.56212000000002
20574000.0,920,iso13790,native,True,27.000000000000004,0.0,435.5498740276112,17.80000000000001,-101.56212000000002
20577600.0,920,iso13790,native,True,26.999999999999996,0.0,342.79130194073844,17.80000000000001,-101.56212000000002
20581200.0,920,iso13790,native,True,27.0,0.0,224.9658806759914,16.700000000000045,-101.56212000000002
20584800.0,920,iso13790,native,True,27.00000000000001,0.0,169.0645192738673,16.700000000000045,174.651223558549
20588400.0,920,iso13790,native,True,27.00000000000001,0.0,305.66375932273564,20.600000000000023,1006.5415982985838
20592000.0,920,iso13790,native,True,27.0,0.0,353.62851803066445,23.30000000000001,640.2681504111121
20595600.0,920,iso13790,native,True,27.00000000000001,0.0,545.4087685784215,26.700000000000045,1564.7621252644176
20599200.0,920,iso13790,native,True,26.999999999999986,0.0,808.6949627574496,30.0,2582.3217207628886
20602800.0,920,iso13790,native,True,27.000000000000004,0.0,1074.22001297351,31.700000000000045,3453.2530803867376
20606400.0,920,iso13790,native,True,27.000000000000018,0.0,1360.4473108637217,32.80000000000001,4271.2081096235115
20610000.0,920,iso13790,native,True,26.999999999999986,0.0,1646.4523879134792,33.900000000000034,4743.269641959746
20613600.0,920,iso13790,native,True,27.00000000000003,0.0,1565.8085413119077,33.900000000000034,1761.4926145552865
20617200.0,920,iso13790,native,True,26.999999999999996,0.0,1646.173834179989,32.200000000000045,2614.1433925036877
20620800.0,920,iso13790,native,True,26.99999999999999,0.0,1700.0368027634163,31.700000000000045,2521.134223832991
20624400.0,920,iso13790,native,True,27.00000000000001,0.0,1574.4161073670948,32.200000000000045,486.38845799999996
20628000.0,920,iso13790,native,True,27.000000000000018,0.0,1498.1508353286679,28.30000000000001,1326.5876447381397
20631600.0,920,iso13790,native,True,26.99999999999999,0.0,1291.9182951620867,26.700000000000045,-90.77403600000002
20635200.0,920,iso13790,native,True,27.0,0.0,1143.3078910130423,25.0,-101.56212000000002
20638800.0,920,iso13790,native,True,27.000000000000004,0.0,1027.4283004179292,24.400000000000034,-101.56212000000002
20642400.0,920,iso13790,native,True,27.000000000000025,0.0,901.7866720602834,23.30000000000001,-101.56212000000002
20646000.0,920,iso13790,native,True,27.000000000000004,0.0,810.8878342991011,23.30000000000001,-101.56212000000002
20649600.0,920,iso13790,native,True,26.999999999999996,0.0,679.9937634530135,21.700000000000045,-101.56212000000002
20653200.0,920,iso13790,native,True,27.000000000000014,0.0,595.4712934302552,21.700000000000045,-101.56212000000002
20656800.0,920,iso13790,native,True,27.00000000000001,0.0,485.2207392718002,20.600000000000023,-101.56212000000002
20660400.0,920,iso13790,native,True,27.0,0.0,390.7424139468085,20.0,-101.56212000000002
20664000.0,920,iso13790,native,True,26.99999999999999,0.0,317.2978171142353,20.0,-101.56212000000002
20667600.0,920,iso13790,native,True,27.0,0.0,166.98689391870784,17.200000000000045,-101.56212000000002
20671200.0,920,iso13790,native,True,27.000000000000004,0.0,128.40860177742806,18.30000000000001,-57.9471214850029
20674800.0,920,iso13790,native,True,26.999999999999996,0.0,151.34794633918827,19.400000000000034,461.54551040748265
20678400.0,920,iso13790,native,True,26.999999999999996,0.0,218.24294911339422,21.700000000000045,691.8945693851625
20682000.0,920,iso13790,native,True,27.00000000000001,0.0,342.1171408109157,22.80000000000001,1591.5587426233944
20685600.0,920,iso13790,native,True,27.000000000000004,0.0,590.4426694852121,26.100000000000023,2558.9625590059495
20689200.0,920,iso13790,native,True,27.000000000000004,0.0,862.2721655983654,28.30000000000001,3462.515146443361
20692800.0,920,iso13790,native,True,27.000000000000004,0.0,1163.7294968582955,30.600000000000023,4146.08522572879
20696400.0,920,iso13790,native,True,27.00000000000001,0.0,1173.563438994517,31.100000000000023,2125.991175370782
20700000.0,920,iso13790,native,True,27.0,0.0,1406.774569424037,30.600000000000023,3810.296253094545
20703600.0,920,iso13790,native,True,26.999999999999996,0.0,1474.7088639363499,31.700000000000045,2587.698426383281
20707200.0,920,iso13790,native,True,26.999999999999996,0.0,1529.6918878505785,30.0,2772.83477906983
20710800.0,920,iso13790,native,True,26.99999999999998,0.0,1318.4709339199583,27.80000000000001,513.3586680000001
20714400.0,920,iso13790,native,True,26.999999999999986,0.0,1338.0119492613005,27.200000000000045,1428.1472026491317
20718000.0,920,iso13790,native,True,27.000000000000004,0.0,1116.2790205969281,24.400000000000034,98.16423320622233
20721600.0,920,iso13790,native,True,27.00000000000001,0.0,877.995259423041,20.0,-101.56212000000002
20725200.0,920,iso13790,native,True,26.999999999999996,0.0,797.9455628054511,21.100000000000023,-101.56212000000002
20728800.0,920,iso13790,native,True,27.00000000000001,0.0,634.6390601254024,18.900000000000034,-101.56212000000002
20732400.0,920,iso13790,native,True,27.00000000000001,0.0,598.7828613375193,21.100000000000023,-101.56212000000002
20736000.0,920,iso13790,native,True,26.99999999999999,0.0,483.9800896886057,20.0,-101.56212000000002
20739600.0,920,iso13790,native,True,27.000000000000004,0.0,385.3150213800033,19.400000000000034,-101.56212000000002
20743200.0,920,iso13790,native,True,27.0,0.0,275.5058484246215,18.30000000000001,-101.56212000000002
20746800.0,920,iso13790,native,True,27.0,0.0,184.38928308916763,17.80000000000001,-101.56212000000002
20750400.0,920,iso13790,native,True,27.000000000000004,0.0,111.7951239083371,17.80000000000001,-101.56212000000002
20754000.0,920,iso13790,native,True,27.0,0.0,27.294292123561096,17.200000000000045,-101.56212000000002
20757600.0,920,iso13790,native,True,26.89712213423612,0.0,0.0,16.700000000000045,125.13674508271717
20761200.0,920,iso13790,native,True,27.0,0.0,65.26087309369558,18.900000000000034,922.6739268209402
20764800.0,920,iso13790,native,True,26.999999999999996,0.0,180.3995872776195,23.900000000000034,527.9180823445741
20768400.0,920,iso13790,native,True,27.000000000000004,0.0,362.2959149425931,26.100000000000023,1593.669102184248
20772000.0,920,iso13790,native,True,26.999999999999996,0.0,621.4576847791635,28.900000000000034,2596.1564483209863
20775600.0,920,iso13790,native,True,26.999999999999996,0.0,907.0413755647289,31.100000000000023,3439.91747662645
20779200.0,920,iso13790,native,True,27.0,0.0,1176.654350747623,32.200000000000045,4010.161330107168
20782800.0,920,iso13790,native,True,27.000000000000018,0.0,1414.9582959298396,32.200000000000045,4385.006185881807
20786400.0,920,iso13790,native,True,26.99999999999997,0.0,1661.806844154965,32.80000000000001,4632.268818626999
20790000.0,920,iso13790,native,True,26.99999999999999,0.0,1789.47963171621,31.700000000000045,4199.883285539801
20793600.0,920,iso13790,native,True,26.99999999999999,0.0,1706.4412196371186,30.0,2291.6819545875896
20797200.0,920,iso13790,native,True,27.00000000000001,0.0,1598.3472726123407,28.30000000000001,1341.1962711279568
20800800.0,920,iso13790,native,True,27.0,0.0,1463.74158835065,27.200000000000045,559.5599944450663
20804400.0,920,iso13790,native,True,27.000000000000046,0.0,1226.787762684038,23.30000000000001,26.05651014226543
20808000.0,920,iso13790,native,True,27.0,0.0,1072.1917015887846,22.200000000000045,-101.56212000000002
20811600.0,920,iso13790,native,True,27.0,0.0,944.9745255423117,21.700000000000045,-101.56212000000002
20815200.0,920,iso13790,native,True,27.000000000000018,0.0,788.9292351597599,20.0,-101.56212000000002
20818800.0,920,iso13790,native,True,26.999999999999996,0.0,683.5162333848286,20.0,-101.56212000000002
20822400.0,920,iso13790,native,True,27.00000000000001,0.0,554.0523425568392,18.900000000000034,-101.56212000000002
20826000.0,920,iso13790,native,True,26.99999999999999,0.0,409.3892565915331,17.200000000000045,-101.56212000000002
20829600.0,920,iso13790,native,True,26.999999999999996,0.0,267.15159884210993,15.600000000000023,-101.56212000000002
20833200.0,920,iso13790,native,True,27.00000000000001,0.0,154.46137080834643,15.0,-101.56212000000002
20836800.0,920,iso13790,native,True,27.000000000000004,0.0,31.75304723104259,13.900000000000034,-101.56212000000002
20840400.0,920,iso13790,native,True,26.736191143384833,0.0,0.0,13.300000000000011,-101.56212000000002
20844000.0,920,iso13790,native,True,26.45243138380648,0.0,0.0,12.800000000000011,127.27959843625095
20847600.0,920,iso13790,native,True,26.705200854141047,0.0,0.0,15.0,939.1466867575142
20851200.0,920,iso13790,native,True,26.699278572267257,0.0,0.0,16.700000000000045,546.8962891488517
20854800.0,920,iso13790,native,True,27.000000000000004,0.0,42.424896888122326,18.30000000000001,1577.6540855852195
20858400.0,920,iso13790,native,True,27.00000000000001,0.0,256.06949186320725,20.600000000000023,2582.894293228972
20862000.0,920,iso13790,native,True,27.0,0.0,501.72808685807075,22.200000000000045,3511.830421913183
20865600.0,920,iso13790,native,True,27.00000000000001,0.0,764.4450052874525,23.900000000000034,4102.314537570245
20869200.0,920,iso13790,native,True,26.99999999999997,0.0,1084.9849826038517,26.700000000000045,4676.521588468785
20872800.0,920,iso13790,native,True,27.00000000000001,0.0,1313.0734933848,27.80000000000001,4541.770521920616
20876400.0,920,iso13790,native,True,26.99999999999999,0.0,1257.2016561493829,25.600000000000023,2740.597062644963
20880000.0,920,iso13790,native,True,27.00000000000001,0.0,923.0928670611823,20.0,373.11357599999997
20883600.0,920,iso13790,native,True,26.99999999999998,0.0,984.4546094639751,25.600000000000023,205.898274
20887200.0,920,iso13790,native,True,27.000000000000014,0.0,935.5865343364522,22.200000000000045,1338.6506844911673
20890800.0,920,iso13790,native,True,27.000000000000014,0.0,693.9044673702635,19.400000000000034,-101.56212000000002
20894400.0,920,iso13790,native,True,26.999999999999996,0.0,591.8341748895524,19.400000000000034,-101.56212000000002
20898000.0,920,iso13790,native,True,27.0,0.0,515.6934799874065,20.0,-101.56212000000002
20901600.0,920,iso13790,native,True,26.999999999999996,0.0,414.4823040500344,19.400000000000034,-101.56212000000002
20905200.0,920,iso13790,native,True,27.000000000000004,0.0,334.84540311070896,19.400000000000034,-101.56212000000002
20908800.0,920,iso13790,native,True,27.0,0.0,181.79513962018925,16.700000000000045,-101.56212000000002
20912400.0,920,iso13790,native,True,27.0,0.0,51.30208973444752,15.0,-101.56212000000002
20916000.0,920,iso13790,native,True,27.0,0.0,1.9038339153695085,16.100000000000023,-101.56212000000002
20919600.0,920,iso13790,native,True,26.641897766689063,0.0,0.0,15.0,-101.56212000000002
20923200.0,920,iso13790,native,True,26.437415443278407,0.0,0.0,15.600000000000023,-101.56212000000002
20926800.0,920,iso13790,native,True,26.127233625583372,0.0,0.0,15.0,-101.56212000000002
20930400.0,920,iso13790,native,True,25.891022111200964,0.0,0.0,15.0,-50.548869934652046
20934000.0,920,iso13790,native,True,26.023859078659925,0.0,0.0,16.700000000000045,484.56664769157334
20937600.0,920,iso13790,native,True,26.23085435381352,0.0,0.0,18.30000000000001,821.8631588005738
20941200.0,920,iso13790,native,True,26.702639340807867,0.0,0.0,20.0,1566.8645586727046
20944800.0,920,iso13790,native,True,27.0,0.0,131.20233061520065,22.200000000000045,2444.093658090615
20948400.0,920,iso13790,native,True,26.999999999999996,0.0,361.7439396234164,24.400000000000034,2917.4275368523195
20952000.0,920,iso13790,native,True,27.000000000000014,0.0,657.0986045759244,25.600000000000023,4070.0487550492808
20955600.0,920,iso13790,native,True,26.999999999999986,0.0,641.967059129375,26.100000000000023,1798.67500551149
20959200.0,920,iso13790,native,True,27.0,0.0,586.1878273702001,26.100000000000023,594.2692979999999
20962800.0,920,iso13790,native,True,27.000000000000004,0.0,780.902115836916,25.600000000000023,2707.4473514902384
20966400.0,920,iso13790,native,True,27.000000000000018,0.0,690.554889339063,26.100000000000023,610.451424
20970000.0,920,iso13790,native,True,27.00000000000001,0.0,582.2890642528705,23.900000000000034,286.8089039999999
20973600.0,920,iso13790,native,True,27.0,0.0,498.8458232646661,22.80000000000001,151.957854
20977200.0,920,iso13790,native,True,27.0,0.0,361.5845501254295,20.600000000000023,-101.56212000000002
20980800.0,920,iso13790,native,True,26.999999999999996,0.0,277.03234879449656,20.0,-101.56212000000002
20984400.0,920,iso13790,native,True,27.0,0.0,147.68902659475248,17.80000000000001,-101.56212000000002
20988000.0,920,iso13790,native,True,27.0,0.0,51.439009846853885,16.900000000000034,-101.56212000000002
20991600.0,920,iso13790,native,True,26.855770330703933,0.0,0.0,16.100000000000023,-101.56212000000002
20995200.0,920,iso13790,native,True,26.516128346097673,0.0,0.0,15.200000000000045,-101.56212000000002
20998800.0,920,iso13790,native,True,26.162250376676184,0.0,0.0,14.300000000000011,-101.56212000000002
21002400.0,920,iso13790,native,True,25.794498089905762,0.0,0.0,13.400000000000034,-101.56212000000002
21006000.0,920,iso13790,native,True,25.423735423041997,0.0,0.0,12.600000000000023,-101.56212000000002
21009600.0,920,iso13790,native,True,25.031556455213867,0.0,0.0,11.700000000000045,-101.56212000000002
21013200.0,920,iso13790,native,True,24.479315800888838,0.0,0.0,9.400000000000034,-101.56212000000002
21016800.0,920,iso13790,native,True,24.27987757929884,0.0,0.0,10.0,156.4370809308051
21020400.0,920,iso13790,native,True,24.736741231234355,0.0,0.0,13.900000000000034,1066.1624089819557
21024000.0,920,iso13790,native,True,24.844292701841304,0.0,0.0,16.700000000000045,529.5847107021797
21027600.0,920,iso13790,native,True,25.41544169916343,0.0,0.0,18.900000000000034,1596.9418596481555
21031200.0,920,iso13790,native,True,26.40428182410766,0.0,0.0,22.200000000000045,2747.9286017180684
21034800.0,920,iso13790,native,True,26.99999999999999,0.0,111.64105203609923,23.30000000000001,3696.7313351139164
21038400.0,920,iso13790,native,True,27.0,0.0,475.6024904471946,26.100000000000023,4469.121377795886
21042000.0,920,iso13790,native,True,27.000000000000025,0.0,806.0194918733388,27.80000000000001,4856.462283677723
21045600.0,920,iso13790,native,True,27.00000000000001,0.0,1048.3405368965632,27.80000000000001,4776.865994671587
21049200.0,920,iso13790,native,True,27.000000000000004,0.0,1308.1647027782656,29.400000000000034,4642.674748536897
21052800.0,920,iso13790,native,True,27.00000000000001,0.0,1439.625683560167,28.900000000000034,4024.727558686658
21056400.0,920,iso13790,native,True,27.0,0.0,1510.7069602098218,29.400000000000034,3026.8917558028506
21060000.0,920,iso13790,native,True,26.99999999999998,0.0,1376.0100577913342,26.100000000000023,1724.4812142783219
21063600.0,920,iso13790,native,True,27.00000000000001,0.0,1031.6325239516912,20.600000000000023,-101.56212000000002
21067200.0,920,iso13790,native,True,27.00000000000001,0.0,860.7715958785985,18.900000000000034,-101.56212000000002
21070800.0,920,iso13790,native,True,26.999999999999996,0.0,709.2184634448531,17.80000000000001,-101.56212000000002
21074400.0,920,iso13790,native,True,27.0,0.0,594.4884251506185,17.80000000000001,-101.56212000000002
21078000.0,920,iso13790,native,True,27.0,0.0,488.96948106606044,17.80000000000001,-101.56212000000002
21081600.0,920,iso13790,native,True,27.000000000000014,0.0,359.40815350039134,16.700000000000045,-101.56212000000002
21085200.0,920,iso13790,native,True,27.0,0.0,264.9043093458563,16.700000000000045,-101.56212000000002
21088800.0,920,iso13790,native,True,27.0,0.0,127.73884477768,15.0,-101.56212000000002
21092400.0,920,iso13790,native,True,27.000000000000004,0.0,21.955012840955384,14.400000000000034,-101.56212000000002
21096000.0,920,iso13790,native,True,26.779916166279314,0.0,0.0,14.400000000000034,-101.56212000000002
21099600.0,920,iso13790,native,True,26.377989581485703,0.0,0.0,13.300000000000011,-101.56212000000002
21103200.0,920,iso13790,native,True,26.2264938152131,0.0,0.0,13.900000000000034,148.3329234032368
21106800.0,920,iso13790,native,True,26.661275508716017,0.0,0.0,17.200000000000045,1038.8218277102653
21110400.0,920,iso13790,native,True,26.775572065306292,0.0,0.0,19.400000000000034,616.1453443763796
21114000.0,920,iso13790,native,True,27.0,0.0,127.68781361293085,22.200000000000045,1700.402921352672
21117600.0,920,iso13790,native,True,26.999999999999996,0.0,402.0620467475758,25.600000000000023,2703.0393994190777
21121200.0,920,iso13790,native,True,27.0,0.0,702.084447533404,28.30000000000001,3538.0894835451186
21124800.0,920,iso13790,native,True,27.000000000000014,0.0,1033.2605257393138,30.600000000000023,4343.472229495499
21128400.0,920,iso13790,native,True,26.99999999999999,0.0,1330.4077160271095,31.700000000000045,4777.76640241476
21132000.0,920,iso13790,native,True,26.99999999999999,0.0,1601.5902451934107,32.200000000000045,5026.993743817007
21135600.0,920,iso13790,native,True,27.00000000000003,0.0,1731.0831370022063,30.600000000000023,4515.701699621777
21139200.0,920,iso13790,native,True,27.000000000000018,0.0,1738.4089407128483,31.700000000000045,2523.796506374806
21142800.0,920,iso13790,native,True,27.000000000000018,0.0,1681.0441943491128,28.900000000000034,2164.8446828698957
21146400.0,920,iso13790,native,True,27.000000000000004,0.0,1587.491621259347,27.80000000000001,1317.0242522224419
21150000.0,920,iso13790,native,True,26.999999999999986,0.0,1301.8260013599527,23.900000000000034,-101.56212000000002
21153600.0,920,iso13790,native,True,27.000000000000018,0.0,1085.5544819749887,20.600000000000023,-101.56212000000002
21157200.0,920,iso13790,native,True,26.999999999999986,0.0,892.6295424533465,18.30000000000001,-101.56212000000002
21160800.0,920,iso13790,native,True,27.000000000000004,0.0,784.4812040841443,18.900000000000034,-101.56212000000002
21164400.0,920,iso13790,native,True,27.00000000000001,0.0,671.5670067048999,18.900000000000034,-101.56212000000002
21168000.0,920,iso13790,native,True,27.000000000000004,0.0,517.4692630110704,17.200000000000045,-101.56212000000002
21171600.0,920,iso13790,native,True,26.999999999999996,0.0,399.0683740075485,16.700000000000045,-101.56212000000002
21175200.0,920,iso13790,native,True,26.999999999999996,0.0,398.9223080818425,20.0,-101.56212000000002
21178800.0,920,iso13790,native,True,27.0,0.0,177.03023645387356,15.0,-101.56212000000002
21182400.0,920,iso13790,native,True,27.000000000000004,0.0,85.02393840575172,15.0,-101.56212000000002
21186000.0,920,iso13790,native,True,26.999999999999996,0.0,32.918325998515044,16.100000000000023,-101.56212000000002
21189600.0,920,iso13790,native,True,26.743336466729485,0.0,0.0,15.0,-101.56212000000002
21193200.0,920,iso13790,native,True,27.000000000000004,0.0,83.86353052686061,18.900000000000034,1057.7719249618572
21196800.0,920,iso13790,native,True,27.0,0.0,153.37096306827064,22.80000000000001,465.98943153892003
21200400.0,920,iso13790,native,True,26.999999999999996,0.0,352.2272170907906,25.600000000000023,1617.9352671726328
21204000.0,920,iso13790,native,True,27.0,0.0,615.5801281658743,28.30000000000001,2704.20811841031
21207600.0,920,iso13790,native,True,27.000000000000018,0.0,914.0314381828505,30.600000000000023,3619.0649899145583
21211200.0,920,iso13790,native,True,27.000000000000014,0.0,1249.807188122338,32.80000000000001,4456.412318769996
21214800.0,920,iso13790,native,True,26.99999999999997,0.0,1441.842210842708,32.80000000000001,4118.000824204415
21218400.0,920,iso13790,native,True,26.999999999999964,0.0,1749.4060785343452,33.900000000000034,4961.610893638704
21222000.0,920,iso13790,native,True,26.99999999999996,0.0,1844.556204489526,32.80000000000001,3999.1359061148914
21225600.0,920,iso13790,native,True,26.999999999999996,0.0,1842.1707094709939,30.600000000000023,3125.899513292847
21229200.0,920,iso13790,native,True,26.99999999999999,0.0,1835.8781694175045,30.0,2425.5782085423584
21232800.0,920,iso13790,native,True,26.999999999999986,0.0,1698.9484569022118,27.200000000000045,1533.9978780157169
21236400.0,920,iso13790,native,True,26.999999999999957,0.0,1409.1282375825383,23.900000000000034,-101.56212000000002
21240000.0,920,iso13790,native,True,27.0,0.0,1116.258218485174,18.30000000000001,-101.56212000000002
21243600.0,920,iso13790,native,True,27.000000000000025,0.0,972.4209750403227,18.30000000000001,-101.56212000000002
21247200.0,920,iso13790,native,True,26.999999999999996,0.0,775.1037649217643,16.100000000000023,-101.56212000000002
21250800.0,920,iso13790,native,True,27.0,0.0,693.1883310434605,17.80000000000001,-101.56212000000002
21254400.0,920,iso13790,native,True,26.99999999999999,0.0,529.4964151170992,16.100000000000023,-101.56212000000002
21258000.0,920,iso13790,native,True,27.00000000000001,0.0,582.5763394555646,21.700000000000045,-101.56212000000002
21261600.0,920,iso13790,native,True,27.0,0.0,455.6261656012588,20.0,-101.56212000000002
21265200.0,920,iso13790,native,True,27.00000000000001,0.0,311.9444495830323,17.80000000000001,-101.56212000000002
21268800.0,920,iso13790,native,True,27.0,0.0,229.109531547994,17.80000000000001,-101.56212000000002
21272400.0,920,iso13790,native,True,27.0,0.0,152.9250099149356,17.80000000000001,-101.56212000000002
21276000.0,920,iso13790,native,True,27.000000000000004,0.0,50.3429924622377,16.700000000000045,-101.56212000000002
21279600.0,920,iso13790,native,True,27.0,0.0,190.33002442105848,20.0,1012.235846857448
21283200.0,920,iso13790,native,True,27.00000000000001,0.0,227.2562543696846,22.80000000000001,454.1272383103865
21286800.0,920,iso13790,native,True,26.999999999999996,0.0,434.4866906009397,26.100000000000023,1608.537184074006
21290400.0,920,iso13790,native,True,27.00000000000001,0.0,672.6750239930409,27.80000000000001,2774.242151958949
21294000.0,920,iso13790,native,True,27.00000000000003,0.0,949.6293736332732,29.400000000000034,3719.812660126114
21297600.0,920,iso13790,native,True,26.99999999999999,0.0,1208.9990224508356,30.0,4320.696653683274
21301200.0,920,iso13790,native,True,26.99999999999995,0.0,1456.6824598223252,30.600000000000023,4606.949025311015
21304800.0,920,iso13790,native,True,26.999999999999986,0.0,1670.2869822757425,30.0,4889.1145917618815
21308400.0,920,iso13790,native,True,26.999999999999964,0.0,1867.8281644205254,31.100000000000023,4555.167484098767
21312000.0,920,iso13790,native,True,27.000000000000057,0.0,1982.558506542947,31.100000000000023,4002.7528177094505
21315600.0,920,iso13790,native,True,26.99999999999996,0.0,1970.8878370475293,30.600000000000023,2766.6814774593427
21319200.0,920,iso13790,native,True,27.00000000000003,0.0,1824.2887537154772,27.80000000000001,1638.1882923821165
21322800.0,920,iso13790,native,True,26.99999999999999,0.0,1539.314980512023,25.0,-101.56212000000002
21326400.0,920,iso13790,native,True,26.999999999999964,0.0,1376.8629093550594,23.900000000000034,-101.56212000000002
21330000.0,920,iso13790,native,True,27.0,0.0,1252.1089529761127,23.900000000000034,-101.56212000000002
21333600.0,920,iso13790,native,True,27.000000000000004,0.0,1137.3708604661351,23.900000000000034,-101.56212000000002
21337200.0,920,iso13790,native,True,27.00000000000001,0.0,1031.844508798058,23.900000000000034,-101.56212000000002
21340800.0,920,iso13790,native,True,27.00000000000001,0.0,869.7624028189614,21.700000000000045,-101.56212000000002
21344400.0,920,iso13790,native,True,26.99999999999999,0.0,702.0206228777001,19.400000000000034,-101.56212000000002
21348000.0,920,iso13790,native,True,27.000000000000004,0.0,617.0336156397588,20.0,-101.56212000000002
21351600.0,920,iso13790,native,True,26.999999999999996,0.0,460.39331222322085,17.80000000000001,-101.56212000000002
21355200.0,920,iso13790,native,True,26.999999999999996,0.0,347.9052958995939,17.200000000000045,-101.56212000000002
21358800.0,920,iso13790,native,True,27.0,0.0,225.38294947746283,16.100000000000023,-101.56212000000002
21362400.0,920,iso13790,native,True,27.0,0.0,137.35296228959197,16.100000000000023,-101.56212000000002
21366000.0,920,iso13790,native,True,26.999999999999996,0.0,210.87298353637894,17.80000000000001,933.7482087947214
21369600.0,920,iso13790,native,True,26.99999999999999,0.0,316.94969293646426,22.80000000000001,636.4664037934183
21373200.0,920,iso13790,native,True,27.000000000000004,0.0,553.6361346342044,26.700000000000045,1868.725886899609
21376800.0,920,iso13790,native,True,27.00000000000003,0.0,770.7505680154391,28.30000000000001,2749.8090693637614
21380400.0,920,iso13790,native,True,27.0,0.0,1054.4638704290949,30.0,3790.6376041430203
21384000.0,920,iso13790,native,True,26.999999999999996,0.0,1300.562963934079,30.600000000000023,4257.9709115989435
21387600.0,920,iso13790,native,True,26.999999999999986,0.0,1497.3958568613234,30.0,4459.768235324049
21391200.0,920,iso13790,native,True,26.99999999999997,0.0,1456.3557058866209,30.600000000000023,2024.2545276662943
21394800.0,920,iso13790,native,True,26.99999999999997,0.0,1641.0726850687875,31.100000000000023,3255.7145909155383
21398400.0,920,iso13790,native,True,27.0,0.0,1498.78590025626,31.700000000000045,578.087172
21402000.0,920,iso13790,native,True,26.99999999999999,0.0,1597.0659447342614,29.400000000000034,2602.0318013345163
21405600.0,920,iso13790,native,True,26.999999999999996,0.0,1439.29910717531,27.200000000000045,1072.925503761899
21409200.0,920,iso13790,native,True,26.99999999999998,0.0,1221.2304485374677,25.0,-101.56212000000002
21412800.0,920,iso13790,native,True,27.000000000000004,0.0,1001.5529534659652,21.100000000000023,-101.56212000000002
21416400.0,920,iso13790,native,True,27.00000000000001,0.0,821.8998436981566,18.900000000000034,-101.56212000000002
21420000.0,920,iso13790,native,True,27.00000000000001,0.0,756.2303489385658,20.600000000000023,-101.56212000000002
21423600.0,920,iso13790,native,True,27.0,0.0,589.7451775893827,18.30000000000001,-101.56212000000002
21427200.0,920,iso13790,native,True,27.00000000000001,0.0,556.1627480442876,20.600000000000023,-101.56212000000002
21430800.0,920,iso13790,native,True,26.999999999999996,0.0,373.2260264275188,17.200000000000045,-101.56212000000002
21434400.0,920,iso13790,native,True,27.0,0.0,248.67080668103281,16.100000000000023,-101.56212000000002
21438000.0,920,iso13790,native,True,27.000000000000004,0.0,191.2851208284417,17.200000000000045,-101.56212000000002
21441600.0,920,iso13790,native,True,27.000000000000004,0.0,81.3370157223993,16.100000000000023,-101.56212000000002
21445200.0,920,iso13790,native,True,27.000000000000004,0.0,37.38571319171476,17.200000000000045,-101.56212000000002
21448800.0,920,iso13790,native,True,26.73333627803569,0.0,0.0,15.600000000000023,-101.56212000000002
21452400.0,920,iso13790,native,True,26.857175227731446,0.0,0.0,15.600000000000023,955.5187131014395
21456000.0,920,iso13790,native,True,27.000000000000004,0.0,8.260577360446707,17.80000000000001,872.3026507582473
21459600.0,920,iso13790,native,True,27.000000000000014,0.0,122.69001258739962,18.900000000000034,1678.5122484458525
21463200.0,920,iso13790,native,True,27.0,0.0,275.2626179541072,21.700000000000045,1890.8886139218578
21466800.0,920,iso13790,native,True,27.0,0.0,380.59489731915136,22.200000000000045,2104.053912183162
21470400.0,920,iso13790,native,True,27.000000000000014,0.0,296.9520645158917,21.700000000000045,653.60376
21474000.0,920,iso13790,native,True,26.999999999999996,0.0,733.0970036320317,22.200000000000045,4916.964268936688
21477600.0,920,iso13790,native,True,27.0,0.0,951.9007390428906,24.400000000000034,4260.564568628166
21481200.0,920,iso13790,native,True,26.999999999999986,0.0,860.9122550143617,25.0,1411.5779121367832
21484800.0,920,iso13790,native,True,26.999999999999996,0.0,917.3043584316565,25.0,1807.7017680902804
21488400.0,920,iso13790,native,True,27.0,0.0,996.513052673905,24.400000000000034,2412.396432117176
21492000.0,920,iso13790,native,True,27.000000000000014,0.0,771.3289350466681,22.80000000000001,27.89488799999998
21495600.0,920,iso13790,native,True,26.999999999999996,0.0,631.919180286462,21.100000000000023,-101.56212000000002
21499200.0,920,iso13790,native,True,26.999999999999996,0.0,481.94209572054655,18.900000000000034,-101.56212000000002
21502800.0,920,iso13790,native,True,27.0,0.0,375.58234212370826,18.30000000000001,-101.56212000000002
21506400.0,920,iso13790,native,True,27.00000000000001,0.0,243.91717597592358,16.700000000000045,-101.56212000000002
21510000.0,920,iso13790,native,True,27.000000000000004,0.0,75.92269659814586,13.900000000000034,-101.56212000000002
21513600.0,920,iso13790,native,True,26.943724995075584,0.0,0.0,13.900000000000034,-101.56212000000002
21517200.0,920,iso13790,native,True,26.756186317238363,0.0,0.0,15.0,-101.56212000000002
21520800.0,920,iso13790,native,True,26.422662978852845,0.0,0.0,14.400000000000034,-101.56212000000002
21524400.0,920,iso13790,native,True,26.208507254456354,0.0,0.0,15.0,-101.56212000000002
21528000.0,920,iso13790,native,True,25.720714461928083,0.0,0.0,12.800000000000011,-101.56212000000002
21531600.0,920,iso13790,native,True,25.588858176362958,0.0,0.0,14.400000000000034,-101.56212000000002
21535200.0,920,iso13790,native,True,25.280259357951962,0.0,0.0,13.900000000000034,-101.56212000000002
21538800.0,920,iso13790,native,True,25.653492909345555,0.0,0.0,16.100000000000023,1023.7125344425602
21542400.0,920,iso13790,native,True,25.844266783953955,0.0,0.0,19.400000000000034,507.3587112484739
21546000.0,920,iso13790,native,True,26.545003833153128,0.0,0.0,22.200000000000045,1653.2971398711327
21549600.0,920,iso13790,native,True,27.000000000000004,0.0,143.50318016223437,24.400000000000034,2873.5073807337326
21553200.0,920,iso13790,native,True,26.99999999999999,0.0,442.4929914450847,26.700000000000045,3591.7727717518164
21556800.0,920,iso13790,native,True,26.999999999999996,0.0,778.7819357013806,28.900000000000034,4351.408624747939
21560400.0,920,iso13790,native,True,26.999999999999986,0.0,1079.90317487631,30.600000000000023,4561.927128483011
21564000.0,920,iso13790,native,True,26.99999999999997,0.0,1360.8211106718766,31.100000000000023,4916.467677301439
21567600.0,920,iso13790,native,True,26.99999999999999,0.0,1584.3275637266522,31.700000000000045,4645.868678005706
21571200.0,920,iso13790,native,True,26.99999999999996,0.0,1728.347007364008,31.700000000000045,4060.9567419404248
21574800.0,920,iso13790,native,True,27.000000000000025,0.0,1719.0096732849513,30.600000000000023,2743.779030083165
21578400.0,920,iso13790,native,True,27.000000000000014,0.0,1575.708838680235,27.80000000000001,1461.017428252982
21582000.0,920,iso13790,native,True,27.000000000000004,0.0,1267.5105812859335,23.30000000000001,-101.56212000000002
21585600.0,920,iso13790,native,True,27.000000000000014,0.0,1147.2496215147428,23.30000000000001,-101.56212000000002
21589200.0,920,iso13790,native,True,27.00000000000003,0.0,1021.8647304018757,22.80000000000001,-101.56212000000002
21592800.0,920,iso13790,native,True,27.000000000000004,0.0,834.990654520181,20.0,-101.56212000000002
21596400.0,920,iso13790,native,True,27.000000000000014,0.0,725.8796144680092,20.0,-101.56212000000002
21600000.0,920,iso13790,native,True,27.000000000000004,0.0,607.7936573917812,19.400000000000034,-101.56212000000002
21603600.0,920,iso13790,native,True,26.999999999999996,0.0,480.1228005529824,18.30000000000001,-101.56212000000002
21607200.0,920,iso13790,native,True,27.00000000000001,0.0,354.84368524963116,17.200000000000045,-101.56212000000002
21610800.0,920,iso13790,native,True,27.000000000000004,0.0,264.27825620402,17.200000000000045,-101.56212000000002
21614400.0,920,iso13790,native,True,27.000000000000004,0.0,83.44197052902912,13.900000000000034,-101.56212000000002
21618000.0,920,iso13790,native,True,27.000000000000004,0.0,73.85391665213884,16.700000000000045,-101.56212000000002
21621600.0,920,iso13790,native,True,26.829398323868215,0.0,0.0,15.0,-101.56212000000002
21625200.0,920,iso13790,native,True,26.99999999999999,0.0,118.55611062484724,19.400000000000034,1021.2973280849112
21628800.0,920,iso13790,native,True,26.999999999999996,0.0,194.25799455103078,23.30000000000001,505.2515207156134
21632400.0,920,iso13790,native,True,26.999999999999996,0.0,339.8034235660699,24.400000000000034,1600.2036826205824
21636000.0,920,iso13790,native,True,26.99999999999999,0.0,590.1887643557792,26.700000000000045,2761.0587899736192
21639600.0,920,iso13790,native,True,26.999999999999996,0.0,688.9958437362804,28.30000000000001,1957.4012884436138
21643200.0,920,iso13790,native,True,27.000000000000018,0.0,1115.6533630020272,31.100000000000023,4508.349839157672
21646800.0,920,iso13790,native,True,27.00000000000001,0.0,1371.139231067046,31.700000000000045,4606.304904830488
21650400.0,920,iso13790,native,True,27.000000000000018,0.0,1409.780484628803,31.700000000000045,2828.5988531063
21654000.0,920,iso13790,native,True,26.99999999999999,0.0,1666.5580804706815,32.80000000000001,3998.796790467747
21657600.0,920,iso13790,native,True,26.99999999999999,0.0,1445.426580625876,32.0,400.0837859999999
21661200.0,920,iso13790,native,True,26.99999999999997,0.0,1336.4526254414504,29.400000000000034,497.17654200000004
21664800.0,920,iso13790,native,True,27.000000000000032,0.0,1195.548970445471,27.80000000000001,22.50084599999999
21668400.0,920,iso13790,native,True,26.999999999999975,0.0,1007.7666126893214,24.400000000000034,-101.56212000000002
21672000.0,920,iso13790,native,True,27.00000000000001,0.0,901.438412044488,23.900000000000034,-101.56212000000002
21675600.0,920,iso13790,native,True,27.0,0.0,829.6329580270753,24.400000000000034,-101.56212000000002
21679200.0,920,iso13790,native,True,26.999999999999996,0.0,752.3852823594706,24.400000000000034,-101.56212000000002
21682800.0,920,iso13790,native,True,27.0,0.0,648.8254661298121,23.30000000000001,-101.56212000000002
21686400.0,920,iso13790,native,True,27.000000000000004,0.0,563.4565282920031,22.80000000000001,-101.56212000000002
21690000.0,920,iso13790,native,True,26.999999999999996,0.0,496.1485486815831,22.80000000000001,-101.56212000000002
21693600.0,920,iso13790,native,True,27.000000000000004,0.0,416.50949585899815,22.200000000000045,-101.56212000000002
21697200.0,920,iso13790,native,True,27.00000000000001,0.0,309.4197606342597,20.600000000000023,-101.56212000000002
21700800.0,920,iso13790,native,True,27.0,0.0,113.77881934319541,16.100000000000023,-101.56212000000002
21704400.0,920,iso13790,native,True,27.0,0.0,132.25085965869877,19.400000000000034,-101.56212000000002
21708000.0,920,iso13790,native,True,27.000000000000004,0.0,27.979852426159148,17.80000000000001,-101.56212000000002
21711600.0,920,iso13790,native,True,27.0,0.0,192.98446548566744,21.700000000000045,988.6852975617423
21715200.0,920,iso13790,native,True,27.000000000000004,0.0,264.31371604754486,25.0,521.2019987089113
21718800.0,920,iso13790,native,True,26.999999999999996,0.0,452.0443482457054,27.200000000000045,1637.820882905709
21722400.0,920,iso13790,native,True,26.99999999999999,0.0,642.7490670596247,27.200000000000045,2749.2581648769697
21726000.0,920,iso13790,native,True,27.0,0.0,723.9602223944204,28.30000000000001,1931.1820426119525
21729600.0,920,iso13790,native,True,26.99999999999998,0.0,1110.5269286472137,30.600000000000023,4274.4325612745115
21733200.0,920,iso13790,native,True,27.000000000000004,0.0,1366.9544366879186,31.700000000000045,4407.576094186298
21736800.0,920,iso13790,native,True,26.999999999999975,0.0,1493.0189605773255,30.600000000000023,3937.8128070956855
21740400.0,920,iso13790,native,True,26.999999999999975,0.0,1363.7190758244656,30.0,1247.0500038521927
21744000.0,920,iso13790,native,True,27.000000000000014,0.0,1163.0029957681236,24.400000000000034,879.0330882192249
21747600.0,920,iso13790,native,True,26.999999999999996,0.0,1070.1946674280475,25.0,222.08039999999997
21751200.0,920,iso13790,native,True,26.99999999999999,0.0,940.6421280783817,23.900000000000034,-20.65149000000001
21754800.0,920,iso13790,native,True,26.99999999999999,0.0,782.6547649535248,21.700000000000045,-101.56212000000002
21758400.0,920,iso13790,native,True,27.000000000000014,0.0,639.6413067668313,20.0,-101.56212000000002
21762000.0,920,iso13790,native,True,26.999999999999996,0.0,563.9487676238776,20.600000000000023,-101.56212000000002
21765600.0,920,iso13790,native,True,26.999999999999986,0.0,495.6637328348816,21.100000000000023,-101.56212000000002
21769200.0,920,iso13790,native,True,27.0,0.0,439.3887300486469,21.700000000000045,-101.56212000000002
21772800.0,920,iso13790,native,True,26.999999999999996,0.0,374.1832206314986,21.700000000000045,-101.56212000000002
21776400.0,920,iso13790,native,True,27.0,0.0,296.4778413094364,21.100000000000023,-101.56212000000002
21780000.0,920,iso13790,native,True,27.0,0.0,256.1944658193928,21.700000000000045,-101.56212000000002
21783600.0,920,iso13790,native,True,27.000000000000004,0.0,187.96180656623886,21.100000000000023,-101.56212000000002
21787200.0,920,iso13790,native,True,27.0,0.0,138.65574408675863,21.100000000000023,-101.56212000000002
21790800.0,920,iso13790,native,True,26.999999999999996,0.0,93.30821586176812,21.100000000000023,-101.56212000000002
21794400.0,920,iso13790,native,True,27.000000000000004,0.0,19.087445659913072,20.0,-101.56212000000002
21798000.0,920,iso13790,native,True,26.999999999999996,0.0,89.85805696196853,23.30000000000001,65.65318199999999
21801600.0,920,iso13790,native,True,27.0,0.0,132.417796186743,23.30000000000001,642.8156759999999
21805200.0,920,iso13790,native,True,26.999999999999996,0.0,211.32957782345716,22.80000000000001,1413.2905873017198
21808800.0,920,iso13790,native,True,27.0,0.0,431.51918689430795,24.400000000000034,2603.6765644866946
21812400.0,920,iso13790,native,True,26.99999999999999,0.0,784.7018413052714,28.900000000000034,3606.9200658833565
21816000.0,920,iso13790,native,True,27.000000000000004,0.0,1029.022155793051,28.30000000000001,4382.75594044592
21819600.0,920,iso13790,native,True,27.000000000000004,0.0,1283.0447761931912,30.0,4348.66110937718
21823200.0,920,iso13790,native,True,27.000000000000018,0.0,1566.183316061922,31.700000000000045,4706.28850251948
21826800.0,920,iso13790,native,True,27.00000000000003,0.0,1727.8113058405254,31.100000000000023,4421.478040278695
21830400.0,920,iso13790,native,True,27.00000000000003,0.0,1856.2934406783647,31.700000000000045,3798.5679118237226
21834000.0,920,iso13790,native,True,26.99999999999999,0.0,1862.5902661034638,30.600000000000023,2897.1375608556637
21837600.0,920,iso13790,native,True,27.000000000000046,0.0,1695.3530656425355,27.80000000000001,1398.5244923829362
21841200.0,920,iso13790,native,True,27.000000000000018,0.0,1412.555917753685,24.400000000000034,-101.56212000000002
21844800.0,920,iso13790,native,True,26.999999999999975,0.0,1158.4524452079693,20.0,-101.56212000000002
21848400.0,920,iso13790,native,True,27.00000000000001,0.0,1005.6374044869359,19.400000000000034,-101.56212000000002
21852000.0,920,iso13790,native,True,27.000000000000025,0.0,946.5233980823193,21.700000000000045,-101.56212000000002
21855600.0,920,iso13790,native,True,26.999999999999975,0.0,840.6026124071042,21.700000000000045,-101.56212000000002
21859200.0,920,iso13790,native,True,27.000000000000004,0.0,692.9368147801177,20.0,-101.56212000000002
21862800.0,920,iso13790,native,True,26.999999999999996,0.0,595.2305586899017,20.0,-101.56212000000002
21866400.0,920,iso13790,native,True,27.000000000000004,0.0,505.3686434811275,20.0,-101.56212000000002
21870000.0,920,iso13790,native,True,27.00000000000001,0.0,339.9584653257649,17.200000000000045,-101.56212000000002
21873600.0,920,iso13790,native,True,26.999999999999986,0.0,235.80902001583445,16.700000000000045,-101.56212000000002
21877200.0,920,iso13790,native,True,26.999999999999996,0.0,118.71435929647352,15.600000000000023,-101.56212000000002
21880800.0,920,iso13790,native,True,27.0,0.0,17.941406093321604,15.0,-101.56212000000002
21884400.0,920,iso13790,native,True,26.99999999999999,0.0,175.41110113677286,19.400000000000034,957.7257135890635
21888000.0,920,iso13790,native,True,26.999999999999996,0.0,232.1428804469269,22.80000000000001,483.77496956979087
21891600.0,920,iso13790,native,True,27.0,0.0,409.66640881675454,25.0,1652.061745466154
21895200.0,920,iso13790,native,True,26.99999999999999,0.0,629.4350830388289,26.700000000000045,2666.792362226893
21898800.0,920,iso13790,native,True,27.00000000000001,0.0,899.0196220804266,28.30000000000001,3647.6119331275927
21902400.0,920,iso13790,native,True,27.00000000000003,0.0,1186.688706452944,29.400000000000034,4464.078146700685
21906000.0,920,iso13790,native,True,26.99999999999999,0.0,1444.453440482551,30.0,4788.673614773854
21909600.0,920,iso13790,native,True,26.99999999999999,0.0,1697.1641913285723,31.100000000000023,4883.261377062927
21913200.0,920,iso13790,native,True,26.99999999999997,0.0,1889.2916497036597,31.700000000000045,4589.250202494297
21916800.0,920,iso13790,native,True,27.000000000000053,0.0,1977.556117649745,31.100000000000023,3904.0763476380725
21920400.0,920,iso13790,native,True,26.99999999999999,0.0,1948.1181237582923,30.0,2723.274619042026
21924000.0,920,iso13790,native,True,26.999999999999936,0.0,1713.3468791016724,26.100000000000023,1092.5775713216124
21927600.0,920,iso13790,native,True,26.999999999999986,0.0,1381.8712856517361,21.100000000000023,-101.56212000000002
21931200.0,920,iso13790,native,True,26.99999999999999,0.0,1221.9331973520198,20.600000000000023,-101.56212000000002
21934800.0,920,iso13790,native,True,27.0,0.0,1100.8219222790149,21.100000000000023,-101.56212000000002
21938400.0,920,iso13790,native,True,27.0,0.0,978.2269404276094,21.100000000000023,-101.56212000000002
21942000.0,920,iso13790,native,True,26.99999999999999,0.0,815.2256334595103,19.400000000000034,-101.56212000000002
21945600.0,920,iso13790,native,True,27.00000000000001,0.0,688.636003222564,18.900000000000034,-101.56212000000002
21949200.0,920,iso13790,native,True,27.0,0.0,533.1678761720649,17.200000000000045,-101.56212000000002
21952800.0,920,iso13790,native,True,27.000000000000014,0.0,428.28570020584044,17.200000000000045,-101.56212000000002
21956400.0,920,iso13790,native,True,26.999999999999996,0.0,317.04490816704623,16.700000000000045,-101.56212000000002
21960000.0,920,iso13790,native,True,27.000000000000004,0.0,305.74920095425654,19.400000000000034,-101.56212000000002
21963600.0,920,iso13790,native,True,26.999999999999996,0.0,39.75813735978105,12.800000000000011,-101.56212000000002
21967200.0,920,iso13790,native,True,26.56624428492271,0.0,0.0,10.600000000000023,-101.56212000000002
21970800.0,920,iso13790,native,True,27.000000000000004,0.0,61.713653114479996,17.200000000000045,839.3484221533427
21974400.0,920,iso13790,native,True,27.0,0.0,133.75764099515357,21.100000000000023,507.60934662951047
21978000.0,920,iso13790,native,True,27.0,0.0,324.56653123710356,23.900000000000034,1659.481382790441
21981600.0,920,iso13790,native,True,27.00000000000001,0.0,545.0768499034459,25.600000000000023,2687.2899750988227
21985200.0,920,iso13790,native,True,27.000000000000014,0.0,757.3490922601349,25.600000000000023,3566.9988414124696
21988800.0,920,iso13790,native,True,27.00000000000001,0.0,1029.7969648052356,26.700000000000045,4359.5652476822725
21992400.0,920,iso13790,native,True,27.00000000000001,0.0,1288.220221903508,28.30000000000001,4526.6915536217375
21996000.0,920,iso13790,native,True,27.000000000000025,0.0,1544.2677959713278,29.400000000000034,4808.649055427723
21999600.0,920,iso13790,native,True,26.99999999999993,0.0,1725.6435969132901,30.0,4451.599564275075
22003200.0,920,iso13790,native,True,27.000000000000004,0.0,1782.8291431392374,30.600000000000023,3178.666979178089
22006800.0,920,iso13790,native,True,27.000000000000018,0.0,1700.3495343274583,27.200000000000045,2464.477746926788
22010400.0,920,iso13790,native,True,27.000000000000018,0.0,1431.1527911924798,25.600000000000023,-26.045532000000016
22014000.0,920,iso13790,native,True,27.00000000000003,0.0,1195.8957694874907,21.700000000000045,-101.56212000000002
22017600.0,920,iso13790,native,True,27.000000000000004,0.0,1052.2192477051449,21.100000000000023,-101.56212000000002
22021200.0,920,iso13790,native,True,26.999999999999975,0.0,803.4704664633916,16.700000000000045,-101.56212000000002
22024800.0,920,iso13790,native,True,27.00000000000001,0.0,605.3313601318739,14.400000000000034,-101.56212000000002
22028400.0,920,iso13790,native,True,27.000000000000004,0.0,427.3595429262689,12.800000000000011,-101.56212000000002
22032000.0,920,iso13790,native,True,27.0,0.0,281.80407027456965,12.200000000000045,-101.56212000000002
22035600.0,920,iso13790,native,True,26.999999999999996,0.0,78.62023041684745,9.400000000000034,-101.56212000000002
22039200.0,920,iso13790,native,True,26.554415199763852,0.0,0.0,6.7000000000000455,-101.56212000000002
22042800.0,920,iso13790,native,True,26.246407140322642,0.0,0.0,8.300000000000011,-101.56212000000002
22046400.0,920,iso13790,native,True,25.88175775006356,0.0,0.0,8.900000000000034,-101.56212000000002
22050000.0,920,iso13790,native,True,25.36292064537153,0.0,0.0,7.800000000000011,-101.56212000000002
22053600.0,920,iso13790,native,True,24.997502332712866,0.0,0.0,8.300000000000011,-101.56212000000002
22057200.0,920,iso13790,native,True,25.14097096466264,0.0,0.0,10.600000000000023,729.9101768285143
22060800.0,920,iso13790,native,True,25.108762895520155,0.0,0.0,11.700000000000045,767.9523541725649
22064400.0,920,iso13790,native,True,25.286598250512462,0.0,0.0,13.300000000000011,1142.5506527381951
22068000.0,920,iso13790,native,True,25.83464162408334,0.0,0.0,15.0,2194.6992163882037
22071600.0,920,iso13790,native,True,26.79718711092,0.0,0.0,17.200000000000045,3540.7459436167246
22075200.0,920,iso13790,native,True,26.99999999999999,0.0,218.20435319727383,18.900000000000034,4178.409864590179
22078800.0,920,iso13790,native,True,26.99999999999999,0.0,479.34790636997695,19.400000000000034,4711.160030552914
22082400.0,920,iso13790,native,True,27.0,0.0,690.1924908036215,20.0,4566.044525686301
22086000.0,920,iso13790,native,True,26.99999999999999,0.0,823.839086619115,18.900000000000034,4366.435895094581
22089600.0,920,iso13790,native,True,27.0,0.0,697.5990033509883,18.900000000000034,1567.6833233131415
22093200.0,920,iso13790,native,True,27.000000000000004,0.0,509.58310298645347,17.200000000000045,243.65656799999994
22096800.0,920,iso13790,native,True,26.99999999999999,0.0,369.5421800206311,16.100000000000023,-9.863406000000012
22100400.0,920,iso13790,native,True,27.0,0.0,251.50154302521574,15.600000000000023,-101.56212000000002
22104000.0,920,iso13790,native,True,26.999999999999996,0.0,24.790991839024116,11.100000000000023,-101.56212000000002
22107600.0,920,iso13790,native,True,26.705354739597745,0.0,0.0,11.100000000000023,-101.56212000000002
22111200.0,920,iso13790,native,True,26.284554121116802,0.0,0.0,10.600000000000023,-101.56212000000002
22114800.0,920,iso13790,native,True,25.851229971699034,0.0,0.0,10.0,-101.56212000000002
22118400.0,920,iso13790,native,True,25.413671395695467,0.0,0.0,9.400000000000034,-101.56212000000002
22122000.0,920,iso13790,native,True,24.982497427398265,0.0,0.0,8.900000000000034,-101.56212000000002
22125600.0,920,iso13790,native,True,24.65468950287048,0.0,0.0,9.400000000000034,-101.56212000000002
22129200.0,920,iso13790,native,True,24.242797590695403,0.0,0.0,8.900000000000034,-101.56212000000002
22132800.0,920,iso13790,native,True,23.881224568531714,0.0,0.0,8.900000000000034,-101.56212000000002
22136400.0,920,iso13790,native,True,23.46576861865006,0.0,0.0,8.300000000000011,-101.56212000000002
22140000.0,920,iso13790,native,True,23.17176179382908,0.0,0.0,8.900000000000034,-101.56212000000002
22143600.0,920,iso13790,native,True,23.372258634077582,0.0,0.0,10.600000000000023,893.2208584736843
22147200.0,920,iso13790,native,True,23.6246801717534,0.0,0.0,15.0,533.290072351244
22150800.0,920,iso13790,native,True,24.29318034888626,0.0,0.0,17.80000000000001,1728.249179224533
22154400.0,920,iso13790,native,True,25.08832136002453,0.0,0.0,19.400000000000034,2756.465288705948
22158000.0,920,iso13790,native,True,25.998736293391577,0.0,0.0,20.600000000000023,3546.133633150081
22161600.0,920,iso13790,native,True,27.0,0.0,4.465089879274584,21.700000000000045,4165.904797698964
22165200.0,920,iso13790,native,True,27.0,0.0,241.9065940824765,20.600000000000023,4571.400295578416
22168800.0,920,iso13790,native,True,27.00000000000001,0.0,41.57300517852207,19.400000000000034,680.5739699999999
22172400.0,920,iso13790,native,True,26.384411906244978,0.0,0.0,13.0,448.6301639999999
22176000.0,920,iso13790,native,True,26.35154955293694,0.0,0.0,15.0,308.385072
22179600.0,920,iso13790,native,True,26.33988968399873,0.0,0.0,15.0,754.970329736332
22183200.0,920,iso13790,native,True,26.03855749625289,0.0,0.0,13.300000000000011,621.1155844989582
22186800.0,920,iso13790,native,True,25.3568224618565,0.0,0.0,10.600000000000023,-101.56212000000002
22190400.0,920,iso13790,native,True,24.76837269715765,0.0,0.0,8.300000000000011,-101.56212000000002
22194000.0,920,iso13790,native,True,24.619967793976457,0.0,0.0,10.600000000000023,-101.56212000000002
22197600.0,920,iso13790,native,True,24.165863977816993,0.0,0.0,9.400000000000034,-101.56212000000002
22201200.0,920,iso13790,native,True,23.88201679422188,0.0,0.0,10.0,-101.56212000000002
22204800.0,920,iso13790,native,True,23.5575551413359,0.0,0.0,10.0,-101.56212000000002
22208400.0,920,iso13790,native,True,23.241336488526162,0.0,0.0,10.0,-101.56212000000002
22212000.0,920,iso13790,native,True,22.754456634907854,0.0,0.0,8.300000000000011,-101.56212000000002
22215600.0,920,iso13790,native,True,22.4154520565068,0.0,0.0,8.300000000000011,-101.56212000000002
22219200.0,920,iso13790,native,True,22.148128691579522,0.0,0.0,8.900000000000034,-101.56212000000002
22222800.0,920,iso13790,native,True,21.83977106711087,0.0,0.0,8.900000000000034,-101.56212000000002
22226400.0,920,iso13790,native,True,21.423621279207758,0.0,0.0,7.800000000000011,-101.56212000000002
22230000.0,920,iso13790,native,True,21.78426894538853,0.0,0.0,11.100000000000023,824.7952996973867
22233600.0,920,iso13790,native,True,21.986678120855498,0.0,0.0,14.400000000000034,541.2826699826229
22237200.0,920,iso13790,native,True,22.754245671871274,0.0,0.0,18.30000000000001,1611.5127668581085
22240800.0,920,iso13790,native,True,23.65052154933256,0.0,0.0,20.600000000000023,2642.4976843433824
22244400.0,920,iso13790,native,True,24.662359772436606,0.0,0.0,22.200000000000045,3479.6512911104414
22248000.0,920,iso13790,native,True,25.819843651684078,0.0,0.0,23.30000000000001,4323.185290810611
22251600.0,920,iso13790,native,True,26.923741587321434,0.0,0.0,23.900000000000034,4658.599261538023
22255200.0,920,iso13790,native,True,27.000000000000004,0.0,277.20695974257995,24.400000000000034,4739.751626054235
22258800.0,920,iso13790,native,True,27.0,0.0,528.4946279871863,25.0,4463.094484574702
22262400.0,920,iso13790,native,True,27.0,0.0,687.0547189558656,25.0,3766.4229589616825
22266000.0,920,iso13790,native,True,27.0,0.0,742.4018369414324,24.400000000000034,2767.8247242622083
22269600.0,920,iso13790,native,True,27.000000000000014,0.0,574.1253668810913,20.600000000000023,1177.2138981651592
22273200.0,920,iso13790,native,True,27.000000000000004,0.0,338.737568442743,17.200000000000045,-101.56212000000002
22276800.0,920,iso13790,native,True,27.0,0.0,202.17217721817016,15.600000000000023,-101.56212000000002
22280400.0,920,iso13790,native,True,27.0,0.0,159.7267492277948,17.200000000000045,-101.56212000000002
22284000.0,920,iso13790,native,True,26.999999999999996,0.0,37.5332308349135,15.600000000000023,-101.56212000000002
22287600.0,920,iso13790,native,True,26.619590300666825,0.0,0.0,13.300000000000011,-101.56212000000002
22291200.0,920,iso13790,native,True,26.193791144515373,0.0,0.0,12.200000000000045,-101.56212000000002
22294800.0,920,iso13790,native,True,26.045184632573072,0.0,0.0,13.900000000000034,-101.56212000000002
22298400.0,920,iso13790,native,True,25.354900615606034,0.0,0.0,10.0,-101.56212000000002
22302000.0,920,iso13790,native,True,25.33989822845843,0.0,0.0,13.300000000000011,-101.56212000000002
22305600.0,920,iso13790,native,True,24.830983815544112,0.0,0.0,11.100000000000023,-101.56212000000002
22309200.0,920,iso13790,native,True,24.510359179586583,0.0,0.0,11.100000000000023,-101.56212000000002
22312800.0,920,iso13790,native,True,24.260948811731573,0.0,0.0,11.700000000000045,-101.56212000000002
22316400.0,920,iso13790,native,True,24.54876810104661,0.0,0.0,14.400000000000034,722.1316306113486
22320000.0,920,iso13790,native,True,24.94445088074878,0.0,0.0,18.30000000000001,826.2765751878925
22323600.0,920,iso13790,native,True,25.439347185662946,0.0,0.0,21.100000000000023,1218.9359784437236
22327200.0,920,iso13790,native,True,26.01328111498263,0.0,0.0,21.700000000000045,2077.5939133529055
22330800.0,920,iso13790,native,True,26.839612260220225,0.0,0.0,24.400000000000034,2504.3626269996307
22334400.0,920,iso13790,native,True,26.96785820061321,0.0,0.0,25.0,1207.2559054541384
22338000.0,920,iso13790,native,True,27.000000000000004,0.0,158.1781209986124,26.700000000000045,1639.615830328856
22341600.0,920,iso13790,native,True,27.000000000000004,0.0,353.2755441773637,26.700000000000045,2594.7391196326203
22345200.0,920,iso13790,native,True,26.99999999999999,0.0,665.4348121751232,27.80000000000001,3968.5163285354106
22348800.0,920,iso13790,native,True,26.999999999999996,0.0,835.1117763214958,27.200000000000045,3767.563889995012
22352400.0,920,iso13790,native,True,26.99999999999998,0.0,817.5683580475135,25.600000000000023,2299.8335118333716
22356000.0,920,iso13790,native,True,27.0,0.0,624.0338610108001,24.400000000000034,-47.62170000000001
22359600.0,920,iso13790,native,True,26.99999999999999,0.0,561.1410732656424,24.400000000000034,-101.56212000000002
22363200.0,920,iso13790,native,True,27.00000000000001,0.0,393.1282804933941,20.600000000000023,-101.56212000000002
22366800.0,920,iso13790,native,True,27.0,0.0,306.0435926710111,20.0,-101.56212000000002
22370400.0,920,iso13790,native,True,27.000000000000004,0.0,174.3711045051481,17.80000000000001,-101.56212000000002
22374000.0,920,iso13790,native,True,27.0,0.0,2.083542496458585,14.400000000000034,-101.56212000000002
22377600.0,920,iso13790,native,True,26.777991552061195,0.0,0.0,15.0,-101.56212000000002
22381200.0,920,iso13790,native,True,26.391356958160067,0.0,0.0,13.900000000000034,-101.56212000000002
22384800.0,920,iso13790,native,True,25.986599202262564,0.0,0.0,12.800000000000011,-101.56212000000002
22388400.0,920,iso13790,native,True,25.616735996236486,0.0,0.0,12.200000000000045,-101.56212000000002
22392000.0,920,iso13790,native,True,25.367163624336744,0.0,0.0,12.800000000000011,-101.56212000000002
22395600.0,920,iso13790,native,True,24.718716453780115,0.0,0.0,9.400000000000034,-101.56212000000002
22399200.0,920,iso13790,native,True,24.305197926698355,0.0,0.0,8.900000000000034,-101.56212000000002
22402800.0,920,iso13790,native,True,24.967172518525004,0.0,0.0,15.600000000000023,794.6265600887687
22406400.0,920,iso13790,native,True,25.53374737314097,0.0,0.0,22.200000000000045,484.1566759528281
22410000.0,920,iso13790,native,True,26.315032908762596,0.0,0.0,25.0,1648.3645599129134
22413600.0,920,iso13790,native,True,27.0,0.0,53.053573414073455,25.600000000000023,2870.214716918165
22417200.0,920,iso13790,native,True,26.99999999999999,0.0,360.1776157848662,26.700000000000045,3866.292011429356
22420800.0,920,iso13790,native,True,27.0,0.0,667.4982263629007,27.200000000000045,4605.902477607833
22424400.0,920,iso13790,native,True,27.000000000000018,0.0,989.6861943058323,28.900000000000034,4903.890839798216
22428000.0,920,iso13790,native,True,27.000000000000004,0.0,1244.9614107037153,29.400000000000034,4845.940533737229
22431600.0,920,iso13790,native,True,26.999999999999975,0.0,1473.9148999761721,30.600000000000023,4524.112621562706
22435200.0,920,iso13790,native,True,26.999999999999936,0.0,1587.50724609357,30.0,3876.6566469767404
22438800.0,920,iso13790,native,True,26.99999999999999,0.0,1570.6924890415828,28.30000000000001,2780.9595391656453
22442400.0,920,iso13790,native,True,27.0,0.0,1298.5253773960073,22.80000000000001,1033.3914573493516
22446000.0,920,iso13790,native,True,27.0,0.0,1011.6536202948402,18.900000000000034,-101.56212000000002
22449600.0,920,iso13790,native,True,26.99999999999999,0.0,847.9869336244974,17.80000000000001,-101.56212000000002
22453200.0,920,iso13790,native,True,27.00000000000001,0.0,787.1438081600808,20.0,-101.56212000000002
22456800.0,920,iso13790,native,True,27.00000000000001,0.0,599.1113278910567,17.200000000000045,-101.56212000000002
22460400.0,920,iso13790,native,True,26.999999999999996,0.0,423.90695478337403,15.0,-101.56212000000002
22464000.0,920,iso13790,native,True,27.000000000000004,0.0,214.5382776414979,11.700000000000045,-101.56212000000002
22467600.0,920,iso13790,native,True,27.000000000000004,0.0,110.72480748262346,12.200000000000045,-101.56212000000002
22471200.0,920,iso13790,native,True,26.961805749807716,0.0,0.0,11.700000000000045,-101.56212000000002
22474800.0,920,iso13790,native,True,26.539221590234483,0.0,0.0,11.100000000000023,-101.56212000000002
22478400.0,920,iso13790,native,True,26.290824939071584,0.0,0.0,12.200000000000045,-101.56212000000002
22482000.0,920,iso13790,native,True,25.72980640574247,0.0,0.0,10.0,-101.56212000000002
22485600.0,920,iso13790,native,True,25.421470110918932,0.0,0.0,10.600000000000023,-101.56212000000002
22489200.0,920,iso13790,native,True,25.68731023309989,0.0,0.0,13.300000000000011,821.1440865251465
22492800.0,920,iso13790,native,True,25.785987432937393,0.0,0.0,15.600000000000023,664.5413989794722
22496400.0,920,iso13790,native,True,26.18042621545543,0.0,0.0,16.700000000000045,1624.674976400224
22500000.0,920,iso13790,native,True,26.999999999999996,0.0,2.5370701660716155,19.400000000000034,2697.8903492553286
22503600.0,920,iso13790,native,True,27.000000000000004,0.0,286.93583721433384,21.100000000000023,3795.796054346201
22507200.0,920,iso13790,native,True,26.999999999999996,0.0,542.2966306827315,23.900000000000034,3725.5783906251686
22510800.0,920,iso13790,native,True,26.999999999999996,0.0,780.6075238534141,24.400000000000034,4208.616221660993
22514400.0,920,iso13790,native,True,27.000000000000004,0.0,922.5108232306571,26.700000000000045,3068.5177087177117
22518000.0,920,iso13790,native,True,27.000000000000018,0.0,1194.0021346712624,27.80000000000001,4206.218735648198
22521600.0,920,iso13790,native,True,26.999999999999986,0.0,1307.0371567793088,27.200000000000045,3720.639726611705
22525200.0,920,iso13790,native,True,27.00000000000003,0.0,1244.1980992757403,24.400000000000034,2559.9768837383745
22528800.0,920,iso13790,native,True,26.999999999999996,0.0,1040.572451954952,21.100000000000023,997.1123159310537
22532400.0,920,iso13790,native,True,26.99999999999998,0.0,813.9617662864547,18.900000000000034,-101.56212000000002
22536000.0,920,iso13790,native,True,27.0,0.0,666.1667582002792,17.80000000000001,-101.56212000000002
22539600.0,920,iso13790,native,True,27.00000000000001,0.0,554.8931234668796,17.80000000000001,-101.56212000000002
22543200.0,920,iso13790,native,True,26.99999999999998,0.0,420.03912024428723,16.700000000000045,-101.56212000000002
22546800.0,920,iso13790,native,True,27.0,0.0,237.90470118578915,13.900000000000034,-101.56212000000002
22550400.0,920,iso13790,native,True,27.000000000000004,0.0,133.15279489443978,13.900000000000034,-101.56212000000002
22554000.0,920,iso13790,native,True,27.0,0.0,19.075998787763087,13.300000000000011,-101.56212000000002
22557600.0,920,iso13790,native,True,26.6269280984134,0.0,0.0,12.200000000000045,-101.56212000000002
22561200.0,920,iso13790,native,True,26.2360655968308,0.0,0.0,11.700000000000045,-101.56212000000002
22564800.0,920,iso13790,native,True,25.894987729727156,0.0,0.0,11.700000000000045,-101.56212000000002
22568400.0,920,iso13790,native,True,25.383880214121646,0.0,0.0,10.0,-101.56212000000002
22572000.0,920,iso13790,native,True,25.02126348135295,0.0,0.0,10.0,-101.56212000000002
22575600.0,920,iso13790,native,True,24.93019468345258,0.0,0.0,10.600000000000023,454.9977253469631
22579200.0,920,iso13790,native,True,24.905011701720277,0.0,0.0,12.800000000000011,340.749324
22582800.0,920,iso13790,native,True,25.37578181861033,0.0,0.0,16.100000000000023,1199.8583885185017
22586400.0,920,iso13790,native,True,26.242410914239446,0.0,0.0,18.30000000000001,2768.079053530914
22590000.0,920,iso13790,native,True,27.0,0.0,96.58470028028034,21.700000000000045,3597.2718124737894
22593600.0,920,iso13790,native,True,26.99999999999999,0.0,416.91863056797405,23.900000000000034,4274.060374970914
22597200.0,920,iso13790,native,True,27.000000000000014,0.0,716.4732687037803,25.600000000000023,4581.945870736431
22600800.0,920,iso13790,native,True,26.99999999999999,0.0,1014.0931726429014,27.200000000000045,4832.320266209667
22604400.0,920,iso13790,native,True,27.00000000000003,0.0,1230.5844453819989,27.80000000000001,4543.091267846601
22608000.0,920,iso13790,native,True,27.0,0.0,1336.7854885994184,27.200000000000045,3815.401595995266
22611600.0,920,iso13790,native,True,27.000000000000004,0.0,1326.653234463933,26.700000000000045,2469.5043519268706
22615200.0,920,iso13790,native,True,26.999999999999996,0.0,1112.1980433786048,22.80000000000001,932.4054767560642
22618800.0,920,iso13790,native,True,27.000000000000014,0.0,811.7998176404761,17.80000000000001,-101.56212000000002
22622400.0,920,iso13790,native,True,26.99999999999999,0.0,638.5851856613899,16.100000000000023,-101.56212000000002
22626000.0,920,iso13790,native,True,27.0,0.0,517.3812818451877,16.100000000000023,-101.56212000000002
22629600.0,920,iso13790,native,True,27.000000000000014,0.0,438.42219168921866,17.200000000000045,-101.56212000000002
22633200.0,920,iso13790,native,True,27.0,0.0,293.85362649529714,15.600000000000023,-101.56212000000002
22636800.0,920,iso13790,native,True,27.00000000000001,0.0,229.2684836265694,16.700000000000045,-101.56212000000002
22640400.0,920,iso13790,native,True,27.0,0.0,94.96403917849504,15.0,-101.56212000000002
22644000.0,920,iso13790,native,True,26.80269686851953,0.0,0.0,12.800000000000011,-101.56212000000002
22647600.0,920,iso13790,native,True,26.47516931908526,0.0,0.0,12.800000000000011,-101.56212000000002
22651200.0,920,iso13790,native,True,26.155962659318362,0.0,0.0,12.800000000000011,-101.56212000000002
22654800.0,920,iso13790,native,True,25.781796747635067,0.0,0.0,12.200000000000045,-101.56212000000002
22658400.0,920,iso13790,native,True,25.464962232948295,0.0,0.0,12.200000000000045,-101.56212000000002
22662000.0,920,iso13790,native,True,25.944012861113574,0.0,0.0,16.700000000000045,777.7428788709535
22665600.0,920,iso13790,native,True,26.193920908508552,0.0,0.0,20.0,553.1095747355024
22669200.0,920,iso13790,native,True,26.950025835559906,0.0,0.0,23.30000000000001,1661.509772133501
22672800.0,920,iso13790,native,True,26.99999999999999,0.0,279.5244709065304,26.700000000000045,2694.94245517299
22676400.0,920,iso13790,native,True,26.999999999999996,0.0,556.1491141032981,28.30000000000001,3449.6596579863067
22680000.0,920,iso13790,native,True,27.00000000000001,0.0,875.2531407023157,30.600000000000023,4072.1553034234744
22683600.0,920,iso13790,native,True,27.000000000000014,0.0,1086.9045032256818,30.600000000000023,4018.022529717487
22687200.0,920,iso13790,native,True,26.999999999999986,0.0,1384.020608618384,31.700000000000045,4691.292210463611
22690800.0,920,iso13790,native,True,27.0,0.0,1559.567197460267,31.700000000000045,4232.367497201158
22694400.0,920,iso13790,native,True,27.000000000000018,0.0,1583.0501005496699,30.0,3179.2439900156373
22698000.0,920,iso13790,native,True,26.999999999999975,0.0,1403.3963477294735,28.900000000000034,707.5239856017067
22701600.0,920,iso13790,native,True,27.0,0.0,1157.8078066446144,24.400000000000034,6.318719999999985
22705200.0,920,iso13790,native,True,26.99999999999998,0.0,937.5884147640495,20.600000000000023,-101.56212000000002
22708800.0,920,iso13790,native,True,27.00000000000001,0.0,789.0568875778175,19.400000000000034,-101.56212000000002
22712400.0,920,iso13790,native,True,26.999999999999986,0.0,646.8333232282712,18.30000000000001,-101.56212000000002
22716000.0,920,iso13790,native,True,26.999999999999996,0.0,475.6558981122665,16.100000000000023,-101.56212000000002
22719600.0,920,iso13790,native,True,27.0,0.0,432.56069342181684,18.30000000000001,-101.56212000000002
22723200.0,920,iso13790,native,True,27.0,0.0,343.61406457023463,18.30000000000001,-101.56212000000002
22726800.0,920,iso13790,native,True,27.000000000000004,0.0,261.80851045518847,18.30000000000001,-101.56212000000002
22730400.0,920,iso13790,native,True,26.99999999999999,0.0,204.30560062038347,18.900000000000034,-101.56212000000002
22734000.0,920,iso13790,native,True,26.999999999999996,0.0,137.97076659804708,18.900000000000034,-101.56212000000002
22737600.0,920,iso13790,native,True,27.0,0.0,91.74069597596899,19.400000000000034,-101.56212000000002
22741200.0,920,iso13790,native,True,26.999999999999996,0.0,23.236010340458538,18.900000000000034,-101.56212000000002
22744800.0,920,iso13790,native,True,26.99999999999999,0.0,3.952303007991871,20.0,-101.56212000000002
22748400.0,920,iso13790,native,True,26.999999999999996,0.0,0.9048745944253395,19.400000000000034,465.3765979320523
22752000.0,920,iso13790,native,True,27.000000000000004,0.0,98.5733700515526,22.200000000000045,732.309506934287
22755600.0,920,iso13790,native,True,27.0,0.0,366.6507656305982,27.200000000000045,1763.9775991442061
22759200.0,920,iso13790,native,True,27.00000000000001,0.0,613.6987738693698,29.400000000000034,2644.8844255489307
22762800.0,920,iso13790,native,True,27.000000000000004,0.0,709.1686214490861,29.400000000000034,2175.130367288755
22766400.0,920,iso13790,native,True,27.00000000000001,0.0,708.5965391159245,29.400000000000034,1111.1999353632839
22770000.0,920,iso13790,native,True,26.99999999999999,0.0,751.1427981212278,29.400000000000034,1117.491372
22773600.0,920,iso13790,native,True,27.0,0.0,554.2086071849071,22.80000000000001,712.938222
22777200.0,920,iso13790,native,True,27.0,0.0,539.8017910081599,23.900000000000034,416.26591199999996
22780800.0,920,iso13790,native,True,27.0,0.0,696.5837600898561,26.700000000000045,1410.429250584859
22784400.0,920,iso13790,native,True,27.000000000000004,0.0,668.1260908370576,25.600000000000023,1035.7469868632213
22788000.0,920,iso13790,native,True,26.999999999999996,0.0,521.1473535345481,23.900000000000034,-58.40978400000001
22791600.0,920,iso13790,native,True,26.99999999999999,0.0,380.6103490354965,21.100000000000023,-101.56212000000002
22795200.0,920,iso13790,native,True,27.000000000000004,0.0,301.05843468601745,20.600000000000023,-101.56212000000002
22798800.0,920,iso13790,native,True,26.99999999999999,0.0,188.85160333792336,18.900000000000034,-101.56212000000002
22802400.0,920,iso13790,native,True,27.0,0.0,73.50863671015216,17.200000000000045,-101.56212000000002
22806000.0,920,iso13790,native,True,26.85148305901624,0.0,0.0,15.600000000000023,-101.56212000000002
22809600.0,920,iso13790,native,True,26.415155749358888,0.0,0.0,13.900000000000034,-101.56212000000002
22813200.0,920,iso13790,native,True,26.177976709515974,0.0,0.0,14.400000000000034,-101.56212000000002
22816800.0,920,iso13790,native,True,25.90696853079061,0.0,0.0,14.400000000000034,-101.56212000000002
22820400.0,920,iso13790,native,True,25.705914106152914,0.0,0.0,15.0,-101.56212000000002
22824000.0,920,iso13790,native,True,25.3990731009154,0.0,0.0,14.400000000000034,-101.56212000000002
22827600.0,920,iso13790,native,True,24.979669764537654,0.0,0.0,12.800000000000011,-101.56212000000002
22831200.0,920,iso13790,native,True,24.58283047153999,0.0,0.0,11.700000000000045,-101.56212000000002
22834800.0,920,iso13790,native,True,24.526098044301854,0.0,0.0,12.800000000000011,252.36799695158763
22838400.0,920,iso13790,native,True,24.728671396848917,0.0,0.0,15.0,711.8191145249243
22842000.0,920,iso13790,native,True,25.143961510223104,0.0,0.0,15.600000000000023,1815.9894220690567
22845600.0,920,iso13790,native,True,25.81338981622138,0.0,0.0,17.80000000000001,2480.4302550749235
22849200.0,920,iso13790,native,True,26.46028493377298,0.0,0.0,18.900000000000034,2895.087873063993
22852800.0,920,iso13790,native,True,26.999999999999996,0.0,166.9059129561295,20.600000000000023,4209.520673765299
22856400.0,920,iso13790,native,True,27.0,0.0,408.55937766414746,21.700000000000045,4192.210508081801
22860000.0,920,iso13790,native,True,26.999999999999996,0.0,429.26651109511965,22.200000000000045,2281.5864453391678
22863600.0,920,iso13790,native,True,27.00000000000001,0.0,403.2428193761147,22.80000000000001,1012.114124302784
22867200.0,920,iso13790,native,True,27.000000000000014,0.0,315.3055183525853,21.700000000000045,329.96124
22870800.0,920,iso13790,native,True,27.000000000000004,0.0,148.20871935711955,17.80000000000001,103.411476
22874400.0,920,iso13790,native,True,27.000000000000004,0.0,40.54450584726347,16.700000000000045,-74.59191000000001
22878000.0,920,iso13790,native,True,26.779696613739166,0.0,0.0,15.600000000000023,-101.56212000000002
22881600.0,920,iso13790,native,True,26.397750340226118,0.0,0.0,14.400000000000034,-101.56212000000002
22885200.0,920,iso13790,native,True,25.95297544919297,0.0,0.0,12.800000000000011,-101.56212000000002
22888800.0,920,iso13790,native,True,25.468340421881503,0.0,0.0,11.100000000000023,-101.56212000000002
22892400.0,920,iso13790,native,True,25.0789663495719,0.0,0.0,10.600000000000023,-101.56212000000002
22896000.0,920,iso13790,native,True,24.791896388002797,0.0,0.0,11.100000000000023,-101.56212000000002
22899600.0,920,iso13790,native,True,24.356638736281834,0.0,0.0,10.0,-101.56212000000002
22903200.0,920,iso13790,native,True,24.198814023359574,0.0,0.0,11.700000000000045,-101.56212000000002
22906800.0,920,iso13790,native,True,23.84642410957531,0.0,0.0,11.100000000000023,-101.56212000000002
22910400.0,920,iso13790,native,True,23.37211758393317,0.0,0.0,9.400000000000034,-101.56212000000002
22914000.0,920,iso13790,native,True,23.108435654158065,0.0,0.0,10.0,-101.56212000000002
22917600.0,920,iso13790,native,True,22.740558205546634,0.0,0.0,9.400000000000034,-101.56212000000002
22921200.0,920,iso13790,native,True,22.98394079173028,0.0,0.0,11.700000000000045,770.7730261272868
22924800.0,920,iso13790,native,True,23.155301045132934,0.0,0.0,14.400000000000034,651.8628899565533
22928400.0,920,iso13790,native,True,23.781306111420594,0.0,0.0,17.200000000000045,1665.8058120643707
22932000.0,920,iso13790,native,True,24.588460683814937,0.0,0.0,19.400000000000034,2595.3793539758517
22935600.0,920,iso13790,native,True,25.82030873464613,0.0,0.0,23.30000000000001,3551.927054706228
22939200.0,920,iso13790,native,True,27.0,0.0,14.790138240373155,26.100000000000023,4065.762020893917
22942800.0,920,iso13790,native,True,27.000000000000004,0.0,352.6320580931227,27.80000000000001,4402.9309960311575
22946400.0,920,iso13790,native,True,26.999999999999996,0.0,358.6040779000866,27.80000000000001,1888.0708244468885
22950000.0,920,iso13790,native,True,26.99999999999999,0.0,495.29501519143554,28.30000000000001,2048.0286161130307
22953600.0,920,iso13790,native,True,27.0,0.0,512.5925385994592,27.200000000000045,1468.784108231197
22957200.0,920,iso13790,native,True,27.00000000000001,0.0,508.16701328963825,25.600000000000023,1262.162844823413
22960800.0,920,iso13790,native,True,26.999999999999996,0.0,428.23718506853254,24.400000000000034,422.9136519593021
22964400.0,920,iso13790,native,True,27.0,0.0,232.23892909481455,20.0,-101.56212000000002
22968000.0,920,iso13790,native,True,27.0,0.0,221.7686308364214,21.700000000000045,-101.56212000000002
22971600.0,920,iso13790,native,True,27.000000000000004,0.0,58.757951028101104,17.80000000000001,-101.56212000000002
22975200.0,920,iso13790,native,True,26.87103856703142,0.0,0.0,16.700000000000045,-101.56212000000002
22978800.0,920,iso13790,native,True,26.462160122133877,0.0,0.0,15.0,-101.56212000000002
22982400.0,920,iso13790,native,True,26.262244062269605,0.0,0.0,15.600000000000023,-101.56212000000002
22986000.0,920,iso13790,native,True,25.893443753413024,0.0,0.0,14.400000000000034,-101.56212000000002
22989600.0,920,iso13790,native,True,25.345854813607584,0.0,0.0,11.700000000000045,-101.56212000000002
22993200.0,920,iso13790,native,True,25.14301893162953,0.0,0.0,12.800000000000011,-101.56212000000002
22996800.0,920,iso13790,native,True,25.088907841266657,0.0,0.0,15.0,-101.56212000000002
23000400.0,920,iso13790,native,True,24.797741978663918,0.0,0.0,14.400000000000034,-101.56212000000002
23004000.0,920,iso13790,native,True,24.27798951732199,0.0,0.0,11.700000000000045,-101.56212000000002
23007600.0,920,iso13790,native,True,24.06432036861381,0.0,0.0,12.200000000000045,-31.43957400000002
23011200.0,920,iso13790,native,True,23.815520305978385,0.0,0.0,11.700000000000045,141.16977
23014800.0,920,iso13790,native,True,23.823773924398836,0.0,0.0,12.800000000000011,475.600374
23018400.0,920,iso13790,native,True,24.669093613458248,0.0,0.0,15.600000000000023,2369.4899684957204
23022000.0,920,iso13790,native,True,25.010171444380514,0.0,0.0,17.200000000000045,1925.0897781166184
23025600.0,920,iso13790,native,True,25.45962200141019,0.0,0.0,18.900000000000034,1933.0186092420065
23029200.0,920,iso13790,native,True,26.092419072645576,0.0,0.0,20.0,2535.671201224799
23032800.0,920,iso13790,native,True,27.000000000000004,0.0,55.36141233983012,21.100000000000023,4058.654453469183
23036400.0,920,iso13790,native,True,26.99999999999999,0.0,227.51099893268105,20.600000000000023,3787.397633697235
23040000.0,920,iso13790,native,True,26.999999999999996,0.0,242.9858058030715,20.600000000000023,2149.7021288355713
23043600.0,920,iso13790,native,True,27.0,0.0,258.64686335606086,18.900000000000034,2014.1386958776484
23047200.0,920,iso13790,native,True,27.000000000000004,0.0,79.35646468413458,15.600000000000023,626.914530793099
23050800.0,920,iso13790,native,True,26.65304463587082,0.0,0.0,13.300000000000011,-101.56212000000002
23054400.0,920,iso13790,native,True,26.17383827694936,0.0,0.0,11.700000000000045,-101.56212000000002
23058000.0,920,iso13790,native,True,25.771272556785146,0.0,0.0,11.100000000000023,-101.56212000000002
23061600.0,920,iso13790,native,True,25.48982848333832,0.0,0.0,11.700000000000045,-101.56212000000002
23065200.0,920,iso13790,native,True,25.167708889203766,0.0,0.0,11.700000000000045,-101.56212000000002
23068800.0,920,iso13790,native,True,24.906330084813856,0.0,0.0,12.200000000000045,-101.56212000000002
23072400.0,920,iso13790,native,True,24.496110902323615,0.0,0.0,11.100000000000023,-101.56212000000002
23076000.0,920,iso13790,native,True,24.13143647612799,0.0,0.0,10.600000000000023,-101.56212000000002
23079600.0,920,iso13790,native,True,23.752812624122708,0.0,0.0,10.0,-101.56212000000002
23083200.0,920,iso13790,native,True,23.32651884370974,0.0,0.0,9.0,-101.56212000000002
23086800.0,920,iso13790,native,True,22.980253087304213,0.0,0.0,8.900000000000034,-101.56212000000002
23090400.0,920,iso13790,native,True,22.6507552097536,0.0,0.0,8.900000000000034,-101.56212000000002
23094000.0,920,iso13790,native,True,22.314206226641325,0.0,0.0,8.0,119.59360199999999
23097600.0,920,iso13790,native,True,22.1578710558692,0.0,0.0,8.900000000000034,222.08039999999997
23101200.0,920,iso13790,native,True,22.125625680109806,0.0,0.0,10.0,475.600374
23104800.0,920,iso13790,native,True,22.751922560452552,0.0,0.0,13.300000000000011,1689.1412128539534
23108400.0,920,iso13790,native,True,23.661978843638956,0.0,0.0,16.100000000000023,2919.571779023179
23112000.0,920,iso13790,native,True,24.73583592703538,0.0,0.0,17.80000000000001,4053.4122037027882
23115600.0,920,iso13790,native,True,25.889246456297283,0.0,0.0,20.0,4533.611418370559
23119200.0,920,iso13790,native,True,26.949235554489825,0.0,0.0,21.700000000000045,4535.467782981261
23122800.0,920,iso13790,native,True,27.0,0.0,193.92397744628695,22.200000000000045,3950.4612429218987
23126400.0,920,iso13790,native,True,27.0,0.0,372.62672298746793,22.200000000000045,3695.2684785293877
23130000.0,920,iso13790,native,True,27.000000000000004,0.0,398.60602437016536,21.700000000000045,2366.5204916427
23133600.0,920,iso13790,native,True,27.000000000000004,0.0,155.33620978003128,17.200000000000045,396.2811261490732
23137200.0,920,iso13790,native,True,26.922357545868262,0.0,0.0,14.400000000000034,-101.56212000000002
23140800.0,920,iso13790,native,True,26.632438253190816,0.0,0.0,14.400000000000034,-101.56212000000002
23144400.0,920,iso13790,native,True,25.950449002075104,0.0,0.0,10.600000000000023,-101.56212000000002
23148000.0,920,iso13790,native,True,25.588681594584134,0.0,0.0,10.600000000000023,-101.56212000000002
23151600.0,920,iso13790,native,True,25.10996744971173,0.0,0.0,9.400000000000034,-101.56212000000002
23155200.0,920,iso13790,native,True,24.623440380580206,0.0,0.0,8.300000000000011,-101.56212000000002
23158800.0,920,iso13790,native,True,24.06877064368378,0.0,0.0,6.7000000000000455,-101.56212000000002
23162400.0,920,iso13790,native,True,23.82391078090322,0.0,0.0,8.300000000000011,-101.56212000000002
23166000.0,920,iso13790,native,True,23.40517925919152,0.0,0.0,7.800000000000011,-101.56212000000002
23169600.0,920,iso13790,native,True,22.858245602710806,0.0,0.0,6.100000000000023,-101.56212000000002
23173200.0,920,iso13790,native,True,22.408155607848975,0.0,0.0,5.600000000000023,-101.56212000000002
23176800.0,920,iso13790,native,True,22.061912221430457,0.0,0.0,6.100000000000023,-101.56212000000002
23180400.0,920,iso13790,native,True,22.20298144205801,0.0,0.0,8.300000000000011,700.3717423222353
23184000.0,920,iso13790,native,True,22.45486326658197,0.0,0.0,12.800000000000011,506.2502686468267
23187600.0,920,iso13790,native,True,23.0700874145331,0.0,0.0,15.600000000000023,1641.8333375636107
23191200.0,920,iso13790,native,True,23.919295057990354,0.0,0.0,18.30000000000001,2619.608542681106
23194800.0,920,iso13790,native,True,24.930951226559177,0.0,0.0,20.600000000000023,3446.8357613199173
23198400.0,920,iso13790,native,True,26.30086128631947,0.0,0.0,24.400000000000034,4243.398554846196
23202000.0,920,iso13790,native,True,26.999999999999996,0.0,131.11854156901785,25.600000000000023,4578.751811161126
23205600.0,920,iso13790,native,True,26.999999999999996,0.0,440.8843845809996,26.700000000000045,4631.706159211914
23209200.0,920,iso13790,native,True,26.999999999999996,0.0,671.3797412094501,27.200000000000045,4210.44435387699
23212800.0,920,iso13790,native,True,27.000000000000004,0.0,795.2090042450093,26.100000000000023,3602.1390835975512
23216400.0,920,iso13790,native,True,26.999999999999986,0.0,803.3707596904972,25.0,2389.0500362287603
23220000.0,920,iso13790,native,True,27.000000000000014,0.0,561.1308400766845,20.600000000000023,474.6925107839165
23223600.0,920,iso13790,native,True,27.0,0.0,419.83703210269744,19.400000000000034,-101.56212000000002
23227200.0,920,iso13790,native,True,27.0,0.0,274.7422960497774,17.200000000000045,-101.56212000000002
23230800.0,920,iso13790,native,True,27.0,0.0,143.3147614122775,15.600000000000023,-101.56212000000002
23234400.0,920,iso13790,native,True,27.000000000000004,0.0,73.08073195523349,16.100000000000023,-101.56212000000002
23238000.0,920,iso13790,native,True,27.000000000000004,0.0,15.013209420411048,16.700000000000045,-101.56212000000002
23241600.0,920,iso13790,native,True,26.815643566270275,0.0,0.0,16.700000000000045,-101.56212000000002
23245200.0,920,iso13790,native,True,26.586867226360482,0.0,0.0,16.700000000000045,-101.56212000000002
23248800.0,920,iso13790,native,True,26.300834237825487,0.0,0.0,16.100000000000023,-101.56212000000002
23252400.0,920,iso13790,native,True,25.954267577209727,0.0,0.0,15.0,-101.56212000000002
23256000.0,920,iso13790,native,True,25.882880646608363,0.0,0.0,16.700000000000045,-101.56212000000002
23259600.0,920,iso13790,native,True,25.38348047329245,0.0,0.0,13.900000000000034,-101.56212000000002
23263200.0,920,iso13790,native,True,25.351206094647555,0.0,0.0,16.100000000000023,-101.56212000000002
23266800.0,920,iso13790,native,True,25.51739614040789,0.0,0.0,17.200000000000045,617.3076447518515
23270400.0,920,iso13790,native,True,25.88613478404711,0.0,0.0,21.100000000000023,579.5396218771293
23274000.0,920,iso13790,native,True,26.827895061336484,0.0,0.0,25.600000000000023,1738.3238875083446
23277600.0,920,iso13790,native,True,27.0,0.0,83.4231254643761,26.100000000000023,1798.2373459053856
23281200.0,920,iso13790,native,True,26.99999999999999,0.0,376.37596765898064,28.30000000000001,2966.609051683685
23284800.0,920,iso13790,native,True,27.000000000000004,0.0,744.28663210037,30.0,4398.342577538124
23288400.0,920,iso13790,native,True,27.00000000000001,0.0,1023.9535893594881,30.600000000000023,4584.8124894219545
23292000.0,920,iso13790,native,True,26.999999999999996,0.0,1095.3732145731933,29.400000000000034,3299.1589965980966
23295600.0,920,iso13790,native,True,26.999999999999986,0.0,810.3184678605375,23.900000000000034,653.60376
23299200.0,920,iso13790,native,True,27.00000000000001,0.0,1032.667505743842,26.100000000000023,2547.5868278853964
23302800.0,920,iso13790,native,True,26.999999999999986,0.0,859.1902454005342,23.900000000000034,679.3967764892692
23306400.0,920,iso13790,native,True,27.0,0.0,544.1531798485648,17.0,-69.19786800000001
23310000.0,920,iso13790,native,True,27.0,0.0,394.2878820079498,15.600000000000023,-101.56212000000002
23313600.0,920,iso13790,native,True,26.999999999999996,0.0,271.3905251427216,15.0,-101.56212000000002
23317200.0,920,iso13790,native,True,27.000000000000004,0.0,171.80851700430892,15.0,-101.56212000000002
23320800.0,920,iso13790,native,True,27.00000000000001,0.0,62.48655408895013,14.400000000000034,-101.56212000000002
23324400.0,920,iso13790,native,True,26.975550904574312,0.0,0.0,15.0,-101.56212000000002
23328000.0,920,iso13790,native,True,26.699523321890286,0.0,0.0,15.0,-101.56212000000002
23331600.0,920,iso13790,native,True,26.430508263998856,0.0,0.0,15.0,-101.56212000000002
23335200.0,920,iso13790,native,True,26.105258828534705,0.0,0.0,14.400000000000034,-101.56212000000002
23338800.0,920,iso13790,native,True,25.66791473103826,0.0,0.0,12.800000000000011,-101.56212000000002
23342400.0,920,iso13790,native,True,25.011826930615445,0.0,0.0,9.400000000000034,-101.56212000000002
23346000.0,920,iso13790,native,True,24.590861885088724,0.0,0.0,8.900000000000034,-101.56212000000002
23349600.0,920,iso13790,native,True,24.157377485920524,0.0,0.0,8.300000000000011,-101.56212000000002
23353200.0,920,iso13790,native,True,24.00439773056986,0.0,0.0,8.300000000000011,517.5600970279263
23356800.0,920,iso13790,native,True,23.547993987684595,0.0,0.0,7.2000000000000455,227.474442
23360400.0,920,iso13790,native,True,23.320189990799786,0.0,0.0,7.800000000000011,297.596988
23364000.0,920,iso13790,native,True,23.129017178930503,0.0,0.0,8.0,486.38845799999996
23367600.0,920,iso13790,native,True,23.437108905943585,0.0,0.0,10.0,1399.4354903722838
23371200.0,920,iso13790,native,True,23.769643817042923,0.0,0.0,11.100000000000023,1973.6318035396794
23374800.0,920,iso13790,native,True,24.382362322566212,0.0,0.0,11.700000000000045,3076.0287572776297
23378400.0,920,iso13790,native,True,24.152829054018834,0.0,0.0,11.700000000000045,1337.4132022231138
23382000.0,920,iso13790,native,True,24.272811485387933,0.0,0.0,11.700000000000045,1608.4972544817879
23385600.0,920,iso13790,native,True,24.116828078710203,0.0,0.0,12.200000000000045,806.8368896968659
23389200.0,920,iso13790,native,True,23.829113048026876,0.0,0.0,11.700000000000045,368.3297001911455
23392800.0,920,iso13790,native,True,23.300179775181768,0.0,0.0,8.900000000000034,211.17942376911319
23396400.0,920,iso13790,native,True,22.73949609155717,0.0,0.0,7.2000000000000455,-101.56212000000002
23400000.0,920,iso13790,native,True,22.320368622540855,0.0,0.0,6.7000000000000455,-101.56212000000002
23403600.0,920,iso13790,native,True,21.95174386401229,0.0,0.0,6.7000000000000455,-101.56212000000002
23407200.0,920,iso13790,native,True,21.413789290155044,0.0,0.0,5.0,-101.56212000000002
23410800.0,920,iso13790,native,True,20.909381514835808,0.0,0.0,3.900000000000034,-101.56212000000002
23414400.0,920,iso13790,native,True,20.55802595213426,0.0,0.0,4.400000000000034,-101.56212000000002
23418000.0,920,iso13790,native,True,20.470062747587086,0.0,0.0,7.2000000000000455,-101.56212000000002
23421600.0,920,iso13790,native,True,20.04552184682632,0.0,0.0,6.100000000000023,-101.56212000000002
23425200.0,920,iso13790,native,True,19.999999999999996,78.89136387708248,0.0,6.100000000000023,-101.56212000000002
23428800.0,920,iso13790,native,True,20.000000000000004,131.41048291166976,0.0,7.2000000000000455,-101.56212000000002
23432400.0,920,iso13790,native,True,20.0,219.1478429248471,0.0,6.7000000000000455,-101.56212000000002
23436000.0,920,iso13790,native,True,19.999999999999996,288.6340960790337,0.0,6.7000000000000455,-101.56212000000002
23439600.0,920,iso13790,native,True,20.0,343.852609708775,0.0,6.7000000000000455,-15.25744800000001
23443200.0,920,iso13790,native,True,19.999999999999993,342.6808021074257,0.0,6.7000000000000455,535.0050998858987
23446800.0,920,iso13790,native,True,20.000000000000004,167.62995421402266,0.0,8.900000000000034,1835.1269894174213
23450400.0,920,iso13790,native,True,20.0,115.09739000264578,0.0,12.200000000000045,793.848852
23454000.0,920,iso13790,native,True,20.681259108083363,0.0,0.0,16.700000000000045,2360.932376052799
23457600.0,920,iso13790,native,True,21.834101066687044,0.0,0.0,19.400000000000034,3505.018876294875
23461200.0,920,iso13790,native,True,22.175612667717896,0.0,0.0,21.100000000000023,1876.0359493200224
23464800.0,920,iso13790,native,True,23.483016993306343,0.0,0.0,22.200000000000045,4008.166250439247
23468400.0,920,iso13790,native,True,23.816335624414545,0.0,0.0,23.30000000000001,2146.9749027527473
23472000.0,920,iso13790,native,True,23.89298297333297,0.0,0.0,21.700000000000045,1430.9668437391695
23475600.0,920,iso13790,native,True,23.72596813033204,0.0,0.0,20.600000000000023,438.90310652822376
23479200.0,920,iso13790,native,True,23.27255054669369,0.0,0.0,16.700000000000045,134.16537764268259
23482800.0,920,iso13790,native,True,22.984722431103773,0.0,0.0,15.600000000000023,-101.56212000000002
23486400.0,920,iso13790,native,True,22.64663079234064,0.0,0.0,13.900000000000034,-101.56212000000002
23490000.0,920,iso13790,native,True,22.452634440449497,0.0,0.0,13.900000000000034,-101.56212000000002
23493600.0,920,iso13790,native,True,22.147940558741784,0.0,0.0,12.800000000000011,-101.56212000000002
23497200.0,920,iso13790,native,True,21.82304179816654,0.0,0.0,11.700000000000045,-101.56212000000002
23500800.0,920,iso13790,native,True,21.59407750499466,0.0,0.0,11.700000000000045,-101.56212000000002
23504400.0,920,iso13790,native,True,21.2553040481354,0.0,0.0,10.600000000000023,-101.56212000000002
23508000.0,920,iso13790,native,True,21.012817547553034,0.0,0.0,10.600000000000023,-101.56212000000002
23511600.0,920,iso13790,native,True,20.829048745264032,0.0,0.0,11.100000000000023,-101.56212000000002
23515200.0,920,iso13790,native,True,20.725719946581695,0.0,0.0,12.200000000000045,-101.56212000000002
23518800.0,920,iso13790,native,True,20.537335869984833,0.0,0.0,12.200000000000045,-101.56212000000002
23522400.0,920,iso13790,native,True,20.301180430875565,0.0,0.0,11.700000000000045,-101.56212000000002
23526000.0,920,iso13790,native,True,20.613859115016254,0.0,0.0,13.900000000000034,657.3838116053354
23529600.0,920,iso13790,native,True,21.060192847079154,0.0,0.0,18.30000000000001,551.5662218427328
23533200.0,920,iso13790,native,True,21.924004921395746,0.0,0.0,21.700000000000045,1688.7205268294024
23536800.0,920,iso13790,native,True,22.92539972366078,0.0,0.0,24.400000000000034,2549.085318254924
23540400.0,920,iso13790,native,True,24.079517927140138,0.0,0.0,26.100000000000023,3489.5841270950937
23544000.0,920,iso13790,native,True,25.366474529633535,0.0,0.0,27.80000000000001,4194.4979240732
23547600.0,920,iso13790,native,True,26.561883207742977,0.0,0.0,27.80000000000001,4687.88065254675
23551200.0,920,iso13790,native,True,27.0,0.0,183.3416860079833,27.80000000000001,4674.095126327892
23554800.0,920,iso13790,native,True,27.0,0.0,450.77562385597474,28.900000000000034,4134.553743158371
23558400.0,920,iso13790,native,True,27.000000000000004,0.0,613.3316546950483,28.30000000000001,3513.3879985484805
23562000.0,920,iso13790,native,True,26.99999999999999,0.0,623.1528975685037,26.700000000000045,2216.021910106022
23565600.0,920,iso13790,native,True,26.999999999999986,0.0,427.880443682777,23.30000000000001,314.7180358581205
23569200.0,920,iso13790,native,True,26.999999999999996,0.0,343.64511254672357,22.80000000000001,-101.56212000000002
23572800.0,920,iso13790,native,True,27.000000000000004,0.0,261.4707136540667,21.700000000000045,-101.56212000000002
23576400.0,920,iso13790,native,True,26.999999999999996,0.0,160.30048561419915,20.0,-101.56212000000002
23580000.0,920,iso13790,native,True,26.999999999999996,0.0,87.62201481054487,19.400000000000034,-101.56212000000002
23583600.0,920,iso13790,native,True,27.0,0.0,13.536367144655316,18.700000000000045,-101.56212000000002
23587200.0,920,iso13790,native,True,26.798554848398666,0.0,0.0,18.100000000000023,-101.56212000000002
23590800.0,920,iso13790,native,True,26.542711125482633,0.0,0.0,17.5,-101.56212000000002
23594400.0,920,iso13790,native,True,26.2781240574193,0.0,0.0,16.900000000000034,-101.56212000000002
23598000.0,920,iso13790,native,True,25.994504312278636,0.0,0.0,16.200000000000045,-101.56212000000002
23601600.0,920,iso13790,native,True,25.710817818317185,0.0,0.0,15.600000000000023,-101.56212000000002
23605200.0,920,iso13790,native,True,25.35602658119685,0.0,0.0,14.400000000000034,-101.56212000000002
23608800.0,920,iso13790,native,True,25.16896892471994,0.0,0.0,15.0,-101.56212000000002
23612400.0,920,iso13790,native,True,25.31854713537503,0.0,0.0,18.30000000000001,-9.863406000000012
23616000.0,920,iso13790,native,True,25.68453424280211,0.0,0.0,21.100000000000023,554.1540666212395
23619600.0,920,iso13790,native,True,26.489169332390397,0.0,0.0,23.900000000000034,1830.066506786403
23623200.0,920,iso13790,native,True,27.0,0.0,95.19034455065054,25.600000000000023,2641.824415283064
23626800.0,920,iso13790,native,True,27.000000000000004,0.0,371.9238369972528,26.700000000000045,3507.54834710408
23630400.0,920,iso13790,native,True,26.99999999999999,0.0,605.01826269824,25.0,4381.772649375737
23634000.0,920,iso13790,native,True,26.99999999999999,0.0,917.9603910915903,27.200000000000045,4682.743778364312
23637600.0,920,iso13790,native,True,27.000000000000004,0.0,1130.2585889934799,27.200000000000045,4541.674499296626
23641200.0,920,iso13790,native,True,27.000000000000025,0.0,1284.8744080053148,28.30000000000001,3759.1940591339076
23644800.0,920,iso13790,native,True,27.000000000000004,0.0,1355.1011576622636,27.80000000000001,3125.9588141775353
23648400.0,920,iso13790,native,True,27.000000000000004,0.0,1238.4785618342055,26.100000000000023,1462.9600917372086
23652000.0,920,iso13790,native,True,27.0,0.0,940.0739847978848,21.100000000000023,-5.013491712992604
23655600.0,920,iso13790,native,True,27.00000000000001,0.0,826.5334243243487,21.100000000000023,-101.56212000000002
23659200.0,920,iso13790,native,True,26.99999999999999,0.0,758.4736435471817,22.200000000000045,-101.56212000000002
23662800.0,920,iso13790,native,True,26.999999999999996,0.0,638.708412584256,21.100000000000023,-101.56212000000002
23666400.0,920,iso13790,native,True,27.00000000000001,0.0,520.7002204598002,20.0,-101.56212000000002
23670000.0,920,iso13790,native,True,26.99999999999999,0.0,289.03121647612517,15.0,-101.56212000000002
23673600.0,920,iso13790,native,True,27.000000000000004,0.0,188.03292649721416,15.0,-101.56212000000002
23677200.0,920,iso13790,native,True,26.812775256047217,0.0,0.0,10.0,-101.56212000000002
23680800.0,920,iso13790,native,True,26.35078846863038,0.0,0.0,9.400000000000034,-101.56212000000002
23684400.0,920,iso13790,native,True,25.780180853431137,0.0,0.0,7.800000000000011,-101.56212000000002
23688000.0,920,iso13790,native,True,25.40416197859122,0.0,0.0,8.300000000000011,-101.56212000000002
23691600.0,920,iso13790,native,True,25.06090996108979,0.0,0.0,8.900000000000034,-101.56212000000002
23695200.0,920,iso13790,native,True,24.26860580123464,0.0,0.0,5.0,-101.56212000000002
23698800.0,920,iso13790,native,True,24.395938643417633,0.0,0.0,10.600000000000023,-101.56212000000002
23702400.0,920,iso13790,native,True,24.537461591319772,0.0,0.0,12.800000000000011,547.9467959945905
23706000.0,920,iso13790,native,True,25.11467626594629,0.0,0.0,15.600000000000023,1699.9677221311103
23709600.0,920,iso13790,native,True,26.006196526006338,0.0,0.0,18.30000000000001,2905.9011782417074
23713200.0,920,iso13790,native,True,26.97416456862214,0.0,0.0,20.0,3762.477156086355
23716800.0,920,iso13790,native,True,27.000000000000004,0.0,328.8656236592019,22.80000000000001,4362.036874271732
23720400.0,920,iso13790,native,True,27.0,0.0,640.7924895827658,25.0,4600.732492227291
23724000.0,920,iso13790,native,True,26.99999999999998,0.0,881.9047193503604,26.700000000000045,4231.360915222969
23727600.0,920,iso13790,native,True,27.0,0.0,1095.2039113980406,27.200000000000045,4232.711246100457
23731200.0,920,iso13790,native,True,27.00000000000003,0.0,1214.2187964712132,26.700000000000045,3724.9618303266952
23734800.0,920,iso13790,native,True,27.000000000000004,0.0,1151.2336908827485,24.400000000000034,2374.9061211200337
23738400.0,920,iso13790,native,True,27.000000000000014,0.0,918.696407672837,22.200000000000045,239.53866952552562
23742000.0,920,iso13790,native,True,27.00000000000001,0.0,674.9196750676172,17.80000000000001,-101.56212000000002
23745600.0,920,iso13790,native,True,27.00000000000001,0.0,530.4293473837538,16.700000000000045,-101.56212000000002
23749200.0,920,iso13790,native,True,27.00000000000001,0.0,389.6811114384272,15.600000000000023,-101.56212000000002
23752800.0,920,iso13790,native,True,26.999999999999996,0.0,317.4024647165698,16.700000000000045,-101.56212000000002
23756400.0,920,iso13790,native,True,27.0,0.0,158.28729860998192,14.400000000000034,-101.56212000000002
23760000.0,920,iso13790,native,True,27.000000000000004,0.0,30.985462189094008,13.300000000000011,-101.56212000000002
23763600.0,920,iso13790,native,True,26.66588022706253,0.0,0.0,12.200000000000045,-101.56212000000002
23767200.0,920,iso13790,native,True,26.210959392381024,0.0,0.0,11.100000000000023,-101.56212000000002
23770800.0,920,iso13790,native,True,26.033971042799596,0.0,0.0,12.800000000000011,-101.56212000000002
23774400.0,920,iso13790,native,True,25.662904347604044,0.0,0.0,12.200000000000045,-101.56212000000002
23778000.0,920,iso13790,native,True,25.296533023270715,0.0,0.0,11.700000000000045,-101.56212000000002
23781600.0,920,iso13790,native,True,25.094950169248023,0.0,0.0,12.800000000000011,-101.56212000000002
23785200.0,920,iso13790,native,True,24.81080819726825,0.0,0.0,12.800000000000011,-101.56212000000002
23788800.0,920,iso13790,native,True,24.919832503016767,0.0,0.0,13.900000000000034,653.4562343037212
23792400.0,920,iso13790,native,True,25.699903774572583,0.0,0.0,18.30000000000001,1787.6930887849744
23796000.0,920,iso13790,native,True,26.60590601359907,0.0,0.0,20.600000000000023,2948.483156987586
23799600.0,920,iso13790,native,True,27.000000000000004,0.0,152.99418091618153,21.700000000000045,3751.6296144170624
23803200.0,920,iso13790,native,True,27.0,0.0,422.8530826794076,22.200000000000045,4377.953476486582
23806800.0,920,iso13790,native,True,26.999999999999996,0.0,612.0832568710146,23.900000000000034,3652.66085116443
23810400.0,920,iso13790,native,True,27.000000000000004,0.0,408.0891361524718,19.400000000000034,1310.0873075195227
23814000.0,920,iso13790,native,True,26.99999999999999,0.0,473.349393082785,17.200000000000045,2537.73502467293
23817600.0,920,iso13790,native,True,27.000000000000004,0.0,525.6173104762875,16.700000000000045,2604.127730939308
23821200.0,920,iso13790,native,True,27.000000000000004,0.0,450.8326441270029,15.0,1797.9372456638466
23824800.0,920,iso13790,native,True,27.0,0.0,214.08211394379043,12.800000000000011,77.57035371435003
23828400.0,920,iso13790,native,True,26.99999999999999,0.0,31.211171450900142,10.600000000000023,-101.56212000000002
23832000.0,920,iso13790,native,True,26.650581810559633,0.0,0.0,10.0,-101.56212000000002
23835600.0,920,iso13790,native,True,26.255784321565535,0.0,0.0,10.0,-101.56212000000002
23839200.0,920,iso13790,native,True,25.934085473843478,0.0,0.0,10.600000000000023,-101.56212000000002
23842800.0,920,iso13790,native,True,25.62529107444367,0.0,0.0,11.100000000000023,-101.56212000000002
23846400.0,920,iso13790,native,True,25.347555683854647,0.0,0.0,11.700000000000045,-101.56212000000002
23850000.0,920,iso13790,native,True,25.02905055289797,0.0,0.0,11.700000000000045,-101.56212000000002
23853600.0,920,iso13790,native,True,24.603011057528715,0.0,0.0,10.600000000000023,-101.56212000000002
23857200.0,920,iso13790,native,True,24.27547552607252,0.0,0.0,10.600000000000023,-101.56212000000002
23860800.0,920,iso13790,native,True,23.777566300915954,0.0,0.0,8.900000000000034,-101.56212000000002
23864400.0,920,iso13790,native,True,23.24911776776861,0.0,0.0,7.2000000000000455,-101.56212000000002
23868000.0,920,iso13790,native,True,22.848577652758465,0.0,0.0,7.0,-101.56212000000002
23871600.0,920,iso13790,native,True,22.558246871466288,0.0,0.0,7.800000000000011,-101.56212000000002
23875200.0,920,iso13790,native,True,22.430168866840702,0.0,0.0,8.300000000000011,362.325492
23878800.0,920,iso13790,native,True,22.450499516771345,0.0,0.0,9.400000000000034,739.908432
23882400.0,920,iso13790,native,True,22.614134527588455,0.0,0.0,11.100000000000023,1036.9971558311127
23886000.0,920,iso13790,native,True,23.405112721747024,0.0,0.0,12.200000000000045,2974.0335808913646
23889600.0,920,iso13790,native,True,24.144183253169565,0.0,0.0,13.300000000000011,3574.5798015477085
23893200.0,920,iso13790,native,True,24.29971323220616,0.0,0.0,15.600000000000023,1804.7478910903133
23896800.0,920,iso13790,native,True,24.570211165111147,0.0,0.0,16.100000000000023,1800.944236346863
23900400.0,920,iso13790,native,True,24.881174553301705,0.0,0.0,16.700000000000045,1866.8149658063319
23904000.0,920,iso13790,native,True,24.709179139296033,0.0,0.0,16.100000000000023,875.7882158459406
23907600.0,920,iso13790,native,True,24.37769008385452,0.0,0.0,15.600000000000023,38.68297199999998
23911200.0,920,iso13790,native,True,24.101873018770107,0.0,0.0,15.0,-96.16807800000001
23914800.0,920,iso13790,native,True,23.96115527006911,0.0,0.0,15.600000000000023,-101.56212000000002
23918400.0,920,iso13790,native,True,23.89257802344241,0.0,0.0,16.700000000000045,-101.56212000000002
23922000.0,920,iso13790,native,True,23.443741805923985,0.0,0.0,13.900000000000034,-101.56212000000002
23925600.0,920,iso13790,native,True,23.166425973458626,0.0,0.0,13.300000000000011,-101.56212000000002
23929200.0,920,iso13790,native,True,22.71272897007274,0.0,0.0,11.100000000000023,-101.56212000000002
23932800.0,920,iso13790,native,True,22.267224150389488,0.0,0.0,9.400000000000034,-101.56212000000002
23936400.0,920,iso13790,native,True,21.91598617653805,0.0,0.0,8.900000000000034,-101.56212000000002
23940000.0,920,iso13790,native,True,21.518923047633784,0.0,0.0,8.0,-101.56212000000002
23943600.0,920,iso13790,native,True,21.182662933312386,0.0,0.0,7.800000000000011,-101.56212000000002
23947200.0,920,iso13790,native,True,20.755261406862076,0.0,0.0,6.7000000000000455,-101.56212000000002
23950800.0,920,iso13790,native,True,20.42639844694181,0.0,0.0,6.7000000000000455,-101.56212000000002
23954400.0,920,iso13790,native,True,20.10589030300545,0.0,0.0,6.7000000000000455,-101.56212000000002
23958000.0,920,iso13790,native,True,19.999999999999996,58.06071247500514,0.0,6.7000000000000455,-101.56212000000002
23961600.0,920,iso13790,native,True,20.0,165.2046373931519,0.0,5.0,151.957854
23965200.0,920,iso13790,native,True,20.000000000000004,217.29073613540604,0.0,5.0,335.35528199999993
23968800.0,920,iso13790,native,True,20.0,275.039694937742,0.0,4.400000000000034,486.38845799999996
23972400.0,920,iso13790,native,True,20.000000000000004,291.58903001910886,0.0,5.0,599.66334
23976000.0,920,iso13790,native,True,20.0,340.88234858934015,0.0,4.400000000000034,615.845466
23979600.0,920,iso13790,native,True,20.000000000000004,370.2730316687779,0.0,3.900000000000034,793.848852
23983200.0,920,iso13790,native,True,20.000000000000004,388.96209912724487,0.0,2.8000000000000114,1158.8634977762606
23986800.0,920,iso13790,native,True,20.0,436.8717741795675,0.0,2.2000000000000455,929.6014293186365
23990400.0,920,iso13790,native,True,20.000000000000004,504.8971508606265,0.0,1.7000000000000455,613.9774670311567
23994000.0,920,iso13790,native,True,20.000000000000004,617.8060105614,0.0,0.6000000000000227,200.50423199999997
23997600.0,920,iso13790,native,True,20.000000000000004,728.104807940718,0.0,0.0,-96.16807800000001
24001200.0,920,iso13790,native,True,20.000000000000007,822.543758927862,0.0,-0.5999999999999659,-101.56212000000002
24004800.0,920,iso13790,native,True,20.000000000000004,895.7369802699136,0.0,-0.5999999999999659,-101.56212000000002
24008400.0,920,iso13790,native,True,20.000000000000007,963.0538882478769,0.0,-0.5999999999999659,-101.56212000000002
24012000.0,920,iso13790,native,True,20.00000000000001,1024.9662623260192,0.0,-0.5999999999999659,-101.56212000000002
24015600.0,920,iso13790,native,True,20.000000000000004,1064.1731148842227,0.0,0.0,-101.56212000000002
24019200.0,920,iso13790,native,True,20.000000000000007,1131.4156797842365,0.0,-0.5999999999999659,-101.56212000000002
24022800.0,920,iso13790,native,True,20.000000000000004,1194.5902128248226,0.0,-1.099999999999966,-101.56212000000002
24026400.0,920,iso13790,native,True,20.000000000000018,1241.4856640895146,0.0,-1.099999999999966,-101.56212000000002
24030000.0,920,iso13790,native,True,20.000000000000014,1284.616116875807,0.0,-1.099999999999966,-101.56212000000002
24033600.0,920,iso13790,native,True,20.000000000000004,1324.2838438596204,0.0,-1.099999999999966,-101.56212000000002
24037200.0,920,iso13790,native,True,20.000000000000007,1360.7668497733173,0.0,-1.099999999999966,-101.56212000000002
24040800.0,920,iso13790,native,True,19.999999999999996,1394.3208197560602,0.0,-1.099999999999966,-101.56212000000002
24044400.0,920,iso13790,native,True,20.000000000000004,1425.1809112810388,0.0,-1.099999999999966,-101.56212000000002
24048000.0,920,iso13790,native,True,19.999999999999993,1398.1707729962616,0.0,-1.099999999999966,448.6301639999999
24051600.0,920,iso13790,native,True,19.999999999999996,1343.5682038444304,0.0,-0.5999999999999659,815.4250199999999
24055200.0,920,iso13790,native,True,19.999999999999996,1296.3788248771664,0.0,-0.5999999999999659,1041.974784
24058800.0,920,iso13790,native,True,20.0,1227.0362901049505,0.0,0.6000000000000227,1037.0957869746785
24062400.0,920,iso13790,native,True,19.999999999999993,1199.2473413990579,0.0,0.6000000000000227,944.882028
24066000.0,920,iso13790,native,True,19.999999999999996,1173.6962572642874,0.0,1.1000000000000227,761.4846
24069600.0,920,iso13790,native,True,19.999999999999986,1159.518789655091,0.0,1.1000000000000227,707.54418
24073200.0,920,iso13790,native,True,20.000000000000004,1126.5930456898466,0.0,1.7000000000000455,707.54418
24076800.0,920,iso13790,native,True,20.000000000000007,1152.4751648798274,0.0,1.1000000000000227,459.41824799999995
24080400.0,920,iso13790,native,True,20.000000000000004,1186.060295712901,0.0,1.1000000000000227,130.381686
24084000.0,920,iso13790,native,True,19.999999999999986,1227.1759395537704,0.0,1.1000000000000227,-101.56212000000002
24087600.0,920,iso13790,native,True,19.999999999999993,1270.5177119384844,0.0,0.6000000000000227,-101.56212000000002
24091200.0,920,iso13790,native,True,19.99999999999999,1299.1726745412354,0.0,0.6000000000000227,-101.56212000000002
24094800.0,920,iso13790,native,True,19.999999999999993,1325.5270751984613,0.0,0.6000000000000227,-101.56212000000002
24098400.0,920,iso13790,native,True,20.000000000000007,1334.9865391385292,0.0,1.1000000000000227,-101.56212000000002
24102000.0,920,iso13790,native,True,20.000000000000004,1354.8936687845487,0.0,1.1000000000000227,-101.56212000000002
24105600.0,920,iso13790,native,True,19.999999999999986,1373.2025557267352,0.0,1.1000000000000227,-101.56212000000002
24109200.0,920,iso13790,native,True,19.999999999999982,1390.0415147842493,0.0,1.1000000000000227,-101.56212000000002
24112800.0,920,iso13790,native,True,19.999999999999996,1405.528559028719,0.0,1.1000000000000227,-101.56212000000002
24116400.0,920,iso13790,native,True,19.99999999999999,1402.0373365608887,0.0,1.7000000000000455,-101.56212000000002
24120000.0,920,iso13790,native,True,19.999999999999986,1412.2749485163868,0.0,1.7000000000000455,-101.56212000000002
24123600.0,920,iso13790,native,True,19.999999999999993,1421.6906344130628,0.0,1.7000000000000455,-101.56212000000002
24127200.0,920,iso13790,native,True,19.999999999999986,1448.0852728335365,0.0,1.1000000000000227,-101.56212000000002
24130800.0,920,iso13790,native,True,19.999999999999986,1458.9122774613131,0.0,1.1000000000000227,-101.56212000000002
24134400.0,920,iso13790,native,True,20.000000000000018,1397.7984566696111,0.0,2.2000000000000455,281.41486199999997
24138000.0,920,iso13790,native,True,20.000000000000004,1306.1072400379228,0.0,3.3000000000000114,707.54418
24141600.0,920,iso13790,native,True,20.000000000000007,1226.1457004210438,0.0,3.900000000000034,901.729692
24145200.0,920,iso13790,native,True,20.000000000000004,1162.2775682205502,0.0,4.400000000000034,869.36544
24148800.0,920,iso13790,native,True,20.000000000000004,1091.3738192111944,0.0,5.0,912.517776
24152400.0,920,iso13790,native,True,20.000000000000004,1033.6055659042277,0.0,5.0,989.265389461189
24156000.0,920,iso13790,native,True,20.0,990.906647391657,0.0,5.600000000000023,739.908432
24159600.0,920,iso13790,native,True,20.000000000000004,955.1377799095065,0.0,5.600000000000023,739.908432
24163200.0,920,iso13790,native,True,20.000000000000004,956.8105188593308,0.0,5.0,572.69313
24166800.0,920,iso13790,native,True,19.999999999999993,985.4770426723912,0.0,5.0,103.411476
24170400.0,920,iso13790,native,True,20.000000000000007,1031.494314603973,0.0,4.400000000000034,-101.56212000000002
24174000.0,920,iso13790,native,True,20.000000000000004,1066.9714579206611,0.0,3.900000000000034,-101.56212000000002
24177600.0,920,iso13790,native,True,20.000000000000007,1088.3932027261121,0.0,3.900000000000034,-101.56212000000002
24181200.0,920,iso13790,native,True,19.999999999999986,1158.3439598867835,0.0,2.2000000000000455,-101.56212000000002
24184800.0,920,iso13790,native,True,19.999999999999993,1199.353598099432,0.0,1.7000000000000455,-101.56212000000002
24188400.0,920,iso13790,native,True,20.000000000000004,1211.084586532786,0.0,2.2000000000000455,-101.56212000000002
24192000.0,920,iso13790,native,True,20.000000000000004,1215.3459811665264,0.0,2.8000000000000114,-101.56212000000002
24195600.0,920,iso13790,native,True,20.0,1232.7137918268443,0.0,2.8000000000000114,-101.56212000000002
24199200.0,920,iso13790,native,True,20.000000000000004,1248.68722885506,0.0,2.8000000000000114,-101.56212000000002
24202800.0,920,iso13790,native,True,20.000000000000007,1263.3782394541827,0.0,2.8000000000000114,-101.56212000000002
24206400.0,920,iso13790,native,True,20.000000000000004,1276.8897831527809,0.0,2.8000000000000114,-101.56212000000002
24210000.0,920,iso13790,native,True,20.0,1307.0514436784097,0.0,2.2000000000000455,-101.56212000000002
24213600.0,920,iso13790,native,True,20.000000000000004,1336.1221105174438,0.0,1.7000000000000455,-101.56212000000002
24217200.0,920,iso13790,native,True,19.999999999999996,1336.8726471743544,0.0,2.2000000000000455,-101.56212000000002
24220800.0,920,iso13790,native,True,19.999999999999996,1224.8411749139343,0.0,3.900000000000034,630.271266883328
24224400.0,920,iso13790,native,True,19.99999999999999,1038.7929175260233,0.0,5.0,1800.2656173057132
24228000.0,920,iso13790,native,True,19.99999999999999,809.9168756909519,0.0,6.100000000000023,2759.5166537333807
24231600.0,920,iso13790,native,True,20.000000000000004,486.5499240104472,0.0,8.300000000000011,3859.6244350847937
24235200.0,920,iso13790,native,True,20.000000000000004,176.81599100397688,0.0,9.400000000000034,4584.782028439162
24238800.0,920,iso13790,native,True,20.413831806092173,0.0,0.0,10.600000000000023,4847.299052570898
24242400.0,920,iso13790,native,True,21.222058370545035,0.0,0.0,10.600000000000023,4734.148868538058
24246000.0,920,iso13790,native,True,21.806948778635295,0.0,0.0,10.600000000000023,4122.882240520188
24249600.0,920,iso13790,native,True,22.12444445295178,0.0,0.0,10.0,3351.5106397120608
24253200.0,920,iso13790,native,True,21.994915593634268,0.0,0.0,8.300000000000011,2185.3879971832844
24256800.0,920,iso13790,native,True,21.003919120963353,0.0,0.0,5.0,-101.56212000000002
24260400.0,920,iso13790,native,True,20.394298124609925,0.0,0.0,2.8000000000000114,-101.56212000000002
24264000.0,920,iso13790,native,True,20.000000000000004,57.13110506417853,0.0,1.1000000000000227,-101.56212000000002
24267600.0,920,iso13790,native,True,20.0,179.63078121851254,0.0,1.1000000000000227,-101.56212000000002
24271200.0,920,iso13790,native,True,19.999999999999996,242.04672241000978,0.0,2.8000000000000114,-101.56212000000002
24274800.0,920,iso13790,native,True,20.0,355.290695697385,0.0,2.2000000000000455,-101.56212000000002
24278400.0,920,iso13790,native,True,20.0,460.7734168254582,0.0,1.7000000000000455,-101.56212000000002
24282000.0,920,iso13790,native,True,19.999999999999996,546.5803458469422,0.0,1.7000000000000455,-101.56212000000002
24285600.0,920,iso13790,native,True,19.999999999999996,610.7191954947447,0.0,2.2000000000000455,-101.56212000000002
24289200.0,920,iso13790,native,True,20.000000000000004,695.6948549112633,0.0,1.7000000000000455,-101.56212000000002
24292800.0,920,iso13790,native,True,20.00000000000001,812.8899862805865,0.0,0.0,-101.56212000000002
24296400.0,920,iso13790,native,True,20.00000000000001,882.5719117171783,0.0,0.0,-101.56212000000002
24300000.0,920,iso13790,native,True,20.000000000000007,946.6594279698207,0.0,0.0,-101.56212000000002
24303600.0,920,iso13790,native,True,20.0,973.0877162953674,0.0,1.1000000000000227,-101.56212000000002
24307200.0,920,iso13790,native,True,19.999999999999996,893.8725061261049,0.0,3.3000000000000114,525.6753258393788
24310800.0,920,iso13790,native,True,19.999999999999993,692.0204016762232,0.0,6.100000000000023,1723.1978941602686
24314400.0,920,iso13790,native,True,19.999999999999996,404.5870501542535,0.0,9.400000000000034,2863.18844196335
24318000.0,920,iso13790,native,True,19.999999999999993,110.15970422074466,0.0,12.200000000000045,3526.1657306774246
24321600.0,920,iso13790,native,True,20.7292660758923,0.0,0.0,14.400000000000034,4207.709617158651
24325200.0,920,iso13790,native,True,21.894360326123532,0.0,0.0,16.700000000000045,4554.977496308941
24328800.0,920,iso13790,native,True,22.988052743164953,0.0,0.0,17.80000000000001,4764.913630173464
24332400.0,920,iso13790,native,True,23.842131568419347,0.0,0.0,17.80000000000001,4501.34082032994
24336000.0,920,iso13790,native,True,24.383312737548046,0.0,0.0,17.80000000000001,3583.5816679348673
24339600.0,920,iso13790,native,True,24.371546686533797,0.0,0.0,16.100000000000023,2213.0652529349113
24343200.0,920,iso13790,native,True,23.514405673161654,0.0,0.0,12.800000000000011,-101.56212000000002
24346800.0,920,iso13790,native,True,22.976096862111948,0.0,0.0,10.0,-101.56212000000002
24350400.0,920,iso13790,native,True,22.559024211589172,0.0,0.0,8.900000000000034,-101.56212000000002
24354000.0,920,iso13790,native,True,21.945906896604182,0.0,0.0,6.100000000000023,-101.56212000000002
24357600.0,920,iso13790,native,True,21.57155230222671,0.0,0.0,6.100000000000023,-101.56212000000002
24361200.0,920,iso13790,native,True,21.20670824606708,0.0,0.0,6.100000000000023,-101.56212000000002
24364800.0,920,iso13790,native,True,20.798575821339178,0.0,0.0,5.600000000000023,-101.56212000000002
24368400.0,920,iso13790,native,True,20.440666776244043,0.0,0.0,5.600000000000023,-101.56212000000002
24372000.0,920,iso13790,native,True,20.000000000000004,74.66942087637379,0.0,2.2000000000000455,-101.56212000000002
24375600.0,920,iso13790,native,True,20.000000000000004,137.65387304578917,0.0,3.900000000000034,-101.56212000000002
24379200.0,920,iso13790,native,True,20.0,316.4486455361017,0.0,1.1000000000000227,-101.56212000000002
24382800.0,920,iso13790,native,True,20.000000000000004,285.117351343723,0.0,5.600000000000023,-101.56212000000002
24386400.0,920,iso13790,native,True,20.000000000000004,425.14929814598656,0.0,3.3000000000000114,-101.56212000000002
24390000.0,920,iso13790,native,True,20.000000000000004,434.4022986825703,0.0,5.600000000000023,-101.56212000000002
24393600.0,920,iso13790,native,True,20.0,320.793778270343,0.0,8.900000000000034,654.6009175266887
24397200.0,920,iso13790,native,True,20.0,128.50392885829135,0.0,11.700000000000045,1738.932260961405
24400800.0,920,iso13790,native,True,20.54375573505256,0.0,0.0,15.0,2861.5786108499165
24404400.0,920,iso13790,native,True,21.835077859698824,0.0,0.0,18.900000000000034,3848.7193947737524
24408000.0,920,iso13790,native,True,23.0423283045384,0.0,0.0,20.600000000000023,4465.799481283678
24411600.0,920,iso13790,native,True,24.33130902183163,0.0,0.0,22.200000000000045,4932.956904159896
24415200.0,920,iso13790,native,True,25.407580456331644,0.0,0.0,22.80000000000001,4795.459404650461
24418800.0,920,iso13790,native,True,26.27069032445581,0.0,0.0,23.30000000000001,4208.76855580114
24422400.0,920,iso13790,native,True,26.742971057603523,0.0,0.0,22.200000000000045,3380.2289161724207
24426000.0,920,iso13790,native,True,26.63278763077172,0.0,0.0,19.400000000000034,2035.7836589683388
24429600.0,920,iso13790,native,True,25.827184329179357,0.0,0.0,16.100000000000023,-101.56212000000002
24433200.0,920,iso13790,native,True,25.377024781989604,0.0,0.0,13.900000000000034,-101.56212000000002
24436800.0,920,iso13790,native,True,25.11366233501553,0.0,0.0,13.900000000000034,-101.56212000000002
24440400.0,920,iso13790,native,True,24.741364614941432,0.0,0.0,12.800000000000011,-101.56212000000002
24444000.0,920,iso13790,native,True,24.171884716150906,0.0,0.0,10.0,-101.56212000000002
24447600.0,920,iso13790,native,True,24.018753708597153,0.0,0.0,11.700000000000045,-101.56212000000002
24451200.0,920,iso13790,native,True,23.902190332044444,0.0,0.0,13.300000000000011,-101.56212000000002
24454800.0,920,iso13790,native,True,23.492869865753097,0.0,0.0,11.700000000000045,-101.56212000000002
24458400.0,920,iso13790,native,True,23.33710936211509,0.0,0.0,12.800000000000011,-101.56212000000002
24462000.0,920,iso13790,native,True,23.150182906439937,0.0,0.0,13.300000000000011,-101.56212000000002
24465600.0,920,iso13790,native,True,22.402577736513265,0.0,0.0,8.300000000000011,-101.56212000000002
24469200.0,920,iso13790,native,True,21.72563458339084,0.0,0.0,5.0,-101.56212000000002
24472800.0,920,iso13790,native,True,21.444556404822936,0.0,0.0,6.100000000000023,-101.56212000000002
24476400.0,920,iso13790,native,True,21.198564737804162,0.0,0.0,7.2000000000000455,-101.56212000000002
24480000.0,920,iso13790,native,True,21.469678731077334,0.0,0.0,10.600000000000023,571.9705450693313
24483600.0,920,iso13790,native,True,22.05294651816098,0.0,0.0,13.300000000000011,1694.1756376438007
24487200.0,920,iso13790,native,True,23.130300123775385,0.0,0.0,17.80000000000001,2840.135228822848
24490800.0,920,iso13790,native,True,24.398465586795382,0.0,0.0,22.200000000000045,3613.605307871604
24494400.0,920,iso13790,native,True,25.56850294296252,0.0,0.0,23.900000000000034,4216.441512808207
24498000.0,920,iso13790,native,True,26.77736006393778,0.0,0.0,25.0,4702.258788063388
24501600.0,920,iso13790,native,True,27.0,0.0,257.7471187079944,26.700000000000045,4531.865030320124
24505200.0,920,iso13790,native,True,27.0,0.0,484.98084256087924,26.100000000000023,4315.39823139194
24508800.0,920,iso13790,native,True,27.000000000000004,0.0,605.064429457618,25.600000000000023,3359.776015480399
24512400.0,920,iso13790,native,True,27.0,0.0,575.2387541790415,23.900000000000034,1975.7160083454098
24516000.0,920,iso13790,native,True,26.999999999999996,0.0,349.22001579403343,21.100000000000023,-101.56212000000002
24519600.0,920,iso13790,native,True,27.0,0.0,272.18827245695223,20.600000000000023,-101.56212000000002
24523200.0,920,iso13790,native,True,27.0,0.0,194.8132458907207,20.0,-101.56212000000002
24526800.0,920,iso13790,native,True,26.999999999999996,0.0,104.58484495957102,18.900000000000034,-101.56212000000002
24530400.0,920,iso13790,native,True,27.000000000000004,0.0,28.521195496760175,18.30000000000001,-101.56212000000002
24534000.0,920,iso13790,native,True,26.49052535547012,0.0,0.0,14.400000000000034,-101.56212000000002
24537600.0,920,iso13790,native,True,25.9277674622691,0.0,0.0,11.700000000000045,-101.56212000000002
24541200.0,920,iso13790,native,True,25.415827172326658,0.0,0.0,10.0,-101.56212000000002
24544800.0,920,iso13790,native,True,24.873704035833683,0.0,0.0,8.300000000000011,-101.56212000000002
24548400.0,920,iso13790,native,True,24.659554425128608,0.0,0.0,10.0,-101.56212000000002
24552000.0,920,iso13790,native,True,24.199713266534477,0.0,0.0,8.900000000000034,-101.56212000000002
24555600.0,920,iso13790,native,True,23.89179209854722,0.0,0.0,9.400000000000034,-101.56212000000002
24559200.0,920,iso13790,native,True,23.43621296863506,0.0,0.0,8.300000000000011,-101.56212000000002
24562800.0,920,iso13790,native,True,23.258583047918385,0.0,0.0,10.0,-101.56212000000002
24566400.0,920,iso13790,native,True,23.348997369113466,0.0,0.0,11.100000000000023,690.0169165605529
24570000.0,920,iso13790,native,True,23.815342284674244,0.0,0.0,13.300000000000011,1659.0432017119717
24573600.0,920,iso13790,native,True,24.50539230396567,0.0,0.0,14.400000000000034,2867.7201105852605
24577200.0,920,iso13790,native,True,25.472420389524405,0.0,0.0,16.700000000000045,3738.812191332
24580800.0,920,iso13790,native,True,26.67709751834136,0.0,0.0,19.400000000000034,4535.681536325288
24584400.0,920,iso13790,native,True,27.0,0.0,219.55566097122156,21.100000000000023,4756.8121248399375
24588000.0,920,iso13790,native,True,27.0,0.0,478.31686484575147,21.700000000000045,4732.2721017535405
24591600.0,920,iso13790,native,True,27.0,0.0,673.8292886463297,22.200000000000045,4287.455354551267
24595200.0,920,iso13790,native,True,26.999999999999996,0.0,739.5945017733824,21.700000000000045,3236.512245256551
24598800.0,920,iso13790,native,True,26.999999999999986,0.0,618.8728192128259,18.30000000000001,1907.1612511551143
24602400.0,920,iso13790,native,True,26.999999999999996,0.0,337.3005011319914,15.0,-101.56212000000002
24606000.0,920,iso13790,native,True,26.999999999999996,0.0,214.69202424514287,14.400000000000034,-101.56212000000002
24609600.0,920,iso13790,native,True,27.0,0.0,68.08266257737291,12.800000000000011,-101.56212000000002
24613200.0,920,iso13790,native,True,26.711442235005784,0.0,0.0,11.100000000000023,-101.56212000000002
24616800.0,920,iso13790,native,True,26.290486962732423,0.0,0.0,10.600000000000023,-101.56212000000002
24620400.0,920,iso13790,native,True,25.741386050427987,0.0,0.0,8.900000000000034,-101.56212000000002
24624000.0,920,iso13790,native,True,24.99486303497172,0.0,0.0,5.600000000000023,-101.56212000000002
24627600.0,920,iso13790,native,True,24.172957071174544,0.0,0.0,2.2000000000000455,-101.56212000000002
24631200.0,920,iso13790,native,True,23.706012537277385,0.0,0.0,2.8000000000000114,-101.56212000000002
24634800.0,920,iso13790,native,True,23.318731189594992,0.0,0.0,3.900000000000034,-101.56212000000002
24638400.0,920,iso13790,native,True,22.790539675771026,0.0,0.0,3.3000000000000114,-101.56212000000002
24642000.0,920,iso13790,native,True,22.43921864204727,0.0,0.0,4.400000000000034,-101.56212000000002
24645600.0,920,iso13790,native,True,21.777890536523156,0.0,0.0,2.2000000000000455,-101.56212000000002
24649200.0,920,iso13790,native,True,21.53997637833917,0.0,0.0,4.400000000000034,-101.56212000000002
24652800.0,920,iso13790,native,True,21.80779413866328,0.0,0.0,8.900000000000034,462.72308682028944
24656400.0,920,iso13790,native,True,22.1663054318851,0.0,0.0,10.600000000000023,1461.3471326540148
24660000.0,920,iso13790,native,True,22.93712753881827,0.0,0.0,13.300000000000011,2619.823833068015
24663600.0,920,iso13790,native,True,23.78908847561907,0.0,0.0,14.400000000000034,3638.2886685709304
24667200.0,920,iso13790,native,True,24.664565428223476,0.0,0.0,16.700000000000045,3737.5784560108846
24670800.0,920,iso13790,native,True,25.08686520707699,0.0,0.0,16.100000000000023,3261.503480613997
24674400.0,920,iso13790,native,True,26.036294415708202,0.0,0.0,16.100000000000023,4441.561533972423
24678000.0,920,iso13790,native,True,26.751198193185026,0.0,0.0,16.100000000000023,4321.431265120697
24681600.0,920,iso13790,native,True,27.0,0.0,53.61646802595324,16.700000000000045,3379.120081275599
24685200.0,920,iso13790,native,True,26.83652407199587,0.0,0.0,13.300000000000011,1981.3599292855774
24688800.0,920,iso13790,native,True,25.94156224090028,0.0,0.0,10.600000000000023,-101.56212000000002
24692400.0,920,iso13790,native,True,25.222631030690742,0.0,0.0,7.2000000000000455,-101.56212000000002
24696000.0,920,iso13790,native,True,24.740419122232836,0.0,0.0,6.7000000000000455,-101.56212000000002
24699600.0,920,iso13790,native,True,24.194686556416553,0.0,0.0,5.600000000000023,-101.56212000000002
24703200.0,920,iso13790,native,True,23.68743002801752,0.0,0.0,5.0,-101.56212000000002
24706800.0,920,iso13790,native,True,23.30395483302792,0.0,0.0,5.600000000000023,-101.56212000000002
24710400.0,920,iso13790,native,True,22.819327486223994,0.0,0.0,5.0,-101.56212000000002
24714000.0,920,iso13790,native,True,22.510463864904217,0.0,0.0,6.100000000000023,-101.56212000000002
24717600.0,920,iso13790,native,True,22.12176661064275,0.0,0.0,6.100000000000023,-101.56212000000002
24721200.0,920,iso13790,native,True,21.51169219596553,0.0,0.0,3.900000000000034,-101.56212000000002
24724800.0,920,iso13790,native,True,21.208103582333738,0.0,0.0,5.0,-101.56212000000002
24728400.0,920,iso13790,native,True,20.530226499097235,0.0,0.0,2.2000000000000455,-101.56212000000002
24732000.0,920,iso13790,native,True,19.999999999999996,56.67951057231359,0.0,-0.5999999999999659,-101.56212000000002
24735600.0,920,iso13790,native,True,20.000000000000004,123.37635079058315,0.0,1.7000000000000455,-101.56212000000002
24739200.0,920,iso13790,native,True,20.091387417448946,0.0,0.0,8.300000000000011,562.7838518567235
24742800.0,920,iso13790,native,True,20.528486823750494,0.0,0.0,10.0,1641.273262899369
24746400.0,920,iso13790,native,True,21.23810724940219,0.0,0.0,12.200000000000045,2593.3253567067227
24750000.0,920,iso13790,native,True,22.06505231385982,0.0,0.0,13.300000000000011,3515.4146721991847
24753600.0,920,iso13790,native,True,22.80078234958853,0.0,0.0,13.900000000000034,3753.3985663124045
24757200.0,920,iso13790,native,True,23.67665676774504,0.0,0.0,15.0,4101.952904447863
24760800.0,920,iso13790,native,True,23.823330099455855,0.0,0.0,14.400000000000034,2686.561804338801
24764400.0,920,iso13790,native,True,23.708009251858,0.0,0.0,13.900000000000034,1417.6475131814884
24768000.0,920,iso13790,native,True,23.33593789023375,0.0,0.0,13.300000000000011,254.444652
24771600.0,920,iso13790,native,True,23.04475358741316,0.0,0.0,12.800000000000011,6.318719999999985
24775200.0,920,iso13790,native,True,22.50307317448245,0.0,0.0,10.0,-101.56212000000002
24778800.0,920,iso13790,native,True,22.0349490181856,0.0,0.0,8.300000000000011,-101.56212000000002
24782400.0,920,iso13790,native,True,21.598597607523573,0.0,0.0,7.2000000000000455,-101.56212000000002
24786000.0,920,iso13790,native,True,21.376638174726953,0.0,0.0,8.300000000000011,-101.56212000000002
24789600.0,920,iso13790,native,True,21.02008000416436,0.0,0.0,7.800000000000011,-101.56212000000002
24793200.0,920,iso13790,native,True,20.59680892297758,0.0,0.0,6.7000000000000455,-101.56212000000002
24796800.0,920,iso13790,native,True,20.271971473699715,0.0,0.0,6.7000000000000455,-101.56212000000002
24800400.0,920,iso13790,native,True,20.0,95.30808797560053,0.0,3.900000000000034,-101.56212000000002
24804000.0,920,iso13790,native,True,19.999999999999996,227.2537334222512,0.0,2.8000000000000114,-101.56212000000002
24807600.0,920,iso13790,native,True,20.000000000000004,439.2272575808629,0.0,-1.099999999999966,-101.56212000000002
24811200.0,920,iso13790,native,True,20.000000000000007,546.76697818159,0.0,-1.099999999999966,-101.56212000000002
24814800.0,920,iso13790,native,True,20.000000000000004,630.8938035465287,0.0,-0.5999999999999659,-101.56212000000002
24818400.0,920,iso13790,native,True,19.999999999999993,651.4898838612537,0.0,1.7000000000000455,-101.56212000000002
24822000.0,920,iso13790,native,True,20.000000000000007,656.9572217266353,0.0,3.900000000000034,-101.56212000000002
24825600.0,920,iso13790,native,True,19.999999999999993,578.7904909762967,0.0,6.100000000000023,568.6742913491343
24829200.0,920,iso13790,native,True,20.0,357.2154088087174,0.0,10.0,1665.7634271426152
24832800.0,920,iso13790,native,True,20.000000000000004,132.8931959890247,0.0,11.700000000000045,2673.5697230605588
24836400.0,920,iso13790,native,True,20.545103390491416,0.0,0.0,13.300000000000011,3774.84388951801
24840000.0,920,iso13790,native,True,21.6382811548581,0.0,0.0,15.0,4423.749644808003
24843600.0,920,iso13790,native,True,22.704619083313837,0.0,0.0,16.700000000000045,4562.822760167248
24847200.0,920,iso13790,native,True,23.851784837788674,0.0,0.0,18.900000000000034,4651.921074577069
24850800.0,920,iso13790,native,True,24.58136285718715,0.0,0.0,18.900000000000034,4092.0727235532363
24854400.0,920,iso13790,native,True,24.866576642691957,0.0,0.0,17.80000000000001,3003.8517179174773
24858000.0,920,iso13790,native,True,24.68683744928845,0.0,0.0,15.600000000000023,1695.306675082167
24861600.0,920,iso13790,native,True,23.756291798369613,0.0,0.0,11.100000000000023,-101.56212000000002
24865200.0,920,iso13790,native,True,23.410412594586433,0.0,0.0,10.600000000000023,-101.56212000000002
24868800.0,920,iso13790,native,True,22.9870377213147,0.0,0.0,9.400000000000034,-101.56212000000002
24872400.0,920,iso13790,native,True,22.670070058855128,0.0,0.0,9.400000000000034,-101.56212000000002
24876000.0,920,iso13790,native,True,22.129902934251888,0.0,0.0,7.2000000000000455,-101.56212000000002
24879600.0,920,iso13790,native,True,21.484498742483076,0.0,0.0,4.400000000000034,-101.56212000000002
24883200.0,920,iso13790,native,True,21.2573723107318,0.0,0.0,6.100000000000023,-101.56212000000002
24886800.0,920,iso13790,native,True,20.847952757355014,0.0,0.0,5.600000000000023,-101.56212000000002
24890400.0,920,iso13790,native,True,20.310094497167466,0.0,0.0,3.900000000000034,-101.56212000000002
24894000.0,920,iso13790,native,True,20.10010141290458,0.0,0.0,5.600000000000023,-101.56212000000002
24897600.0,920,iso13790,native,True,19.999999999999996,102.9752753226312,0.0,4.400000000000034,-101.56212000000002
24901200.0,920,iso13790,native,True,20.0,180.48454819887237,0.0,5.0,-101.56212000000002
24904800.0,920,iso13790,native,True,20.000000000000004,315.46839145748686,0.0,3.3000000000000114,-101.56212000000002
24908400.0,920,iso13790,native,True,20.0,333.52711697708725,0.0,5.600000000000023,-101.56212000000002
24912000.0,920,iso13790,native,True,19.999999999999996,258.2947321218757,0.0,8.300000000000011,530.0215308308873
24915600.0,920,iso13790,native,True,20.000000000000004,62.77079356340533,0.0,11.700000000000045,1637.957019769226
24919200.0,920,iso13790,native,True,20.576969376556576,0.0,0.0,13.300000000000011,2812.9582409776413
24922800.0,920,iso13790,native,True,21.657217354101917,0.0,0.0,15.600000000000023,3832.644958542957
24926400.0,920,iso13790,native,True,22.71348067109107,0.0,0.0,16.700000000000045,4435.410867642105
24930000.0,920,iso13790,native,True,23.74665940393093,0.0,0.0,17.80000000000001,4606.647121694594
24933600.0,920,iso13790,native,True,24.556555668659502,0.0,0.0,18.30000000000001,4222.266465866099
24937200.0,920,iso13790,native,True,25.281597184946197,0.0,0.0,18.30000000000001,4001.756336199524
24940800.0,920,iso13790,native,True,25.428934829931322,0.0,0.0,18.30000000000001,2352.288674363735
24944400.0,920,iso13790,native,True,25.136023814926872,0.0,0.0,15.0,1448.4369393089903
24948000.0,920,iso13790,native,True,24.224354012700125,0.0,0.0,10.600000000000023,-101.56212000000002
24951600.0,920,iso13790,native,True,23.612117499651344,0.0,0.0,7.800000000000011,-101.56212000000002
24955200.0,920,iso13790,native,True,23.059926544144027,0.0,0.0,6.100000000000023,-101.56212000000002
24958800.0,920,iso13790,native,True,22.604712812776434,0.0,0.0,5.600000000000023,-101.56212000000002
24962400.0,920,iso13790,native,True,21.959155034945027,0.0,0.0,3.3000000000000114,-101.56212000000002
24966000.0,920,iso13790,native,True,21.692024208765716,0.0,0.0,5.0,-101.56212000000002
24969600.0,920,iso13790,native,True,21.359242617084647,0.0,0.0,5.600000000000023,-101.56212000000002
24973200.0,920,iso13790,native,True,20.80839495640787,0.0,0.0,3.900000000000034,-101.56212000000002
24976800.0,920,iso13790,native,True,20.407047683296042,0.0,0.0,3.900000000000034,-101.56212000000002
24980400.0,920,iso13790,native,True,20.000000000000004,13.26474827581539,0.0,3.3000000000000114,-101.56212000000002
24984000.0,920,iso13790,native,True,20.000000000000004,138.3486964675959,0.0,2.8000000000000114,-101.56212000000002
24987600.0,920,iso13790,native,True,20.0,209.66920367203443,0.0,3.900000000000034,-101.56212000000002
24991200.0,920,iso13790,native,True,20.000000000000004,299.9194082902321,0.0,3.900000000000034,-101.56212000000002
24994800.0,920,iso13790,native,True,19.999999999999996,332.6750248241963,0.0,5.600000000000023,-101.56212000000002
24998400.0,920,iso13790,native,True,20.0,221.11293355495096,0.0,9.400000000000034,568.601211173814
25002000.0,920,iso13790,native,True,20.000000000000004,37.529832859722994,0.0,12.200000000000045,1662.389063997191
25005600.0,920,iso13790,native,True,20.713806584747555,0.0,0.0,14.400000000000034,2762.617495362212
25009200.0,920,iso13790,native,True,21.62016816635906,0.0,0.0,15.600000000000023,3581.632884621017
25012800.0,920,iso13790,native,True,22.80088267694164,0.0,0.0,17.80000000000001,4357.979970731701
25016400.0,920,iso13790,native,True,23.831674831805827,0.0,0.0,18.30000000000001,4673.60510518392
25020000.0,920,iso13790,native,True,24.75133276694851,0.0,0.0,19.400000000000034,4349.7640147313505
25023600.0,920,iso13790,native,True,25.613268929932428,0.0,0.0,20.0,4194.236964580869
25027200.0,920,iso13790,native,True,26.029818045711473,0.0,0.0,19.400000000000034,3259.527448352046
25030800.0,920,iso13790,native,True,25.747898370032868,0.0,0.0,17.200000000000045,1480.2201070573494
25034400.0,920,iso13790,native,True,24.924623910191247,0.0,0.0,13.300000000000011,-101.56212000000002
25038000.0,920,iso13790,native,True,24.37370231756626,0.0,0.0,10.600000000000023,-101.56212000000002
25041600.0,920,iso13790,native,True,23.873297625094622,0.0,0.0,8.900000000000034,-101.56212000000002
25045200.0,920,iso13790,native,True,23.69980659468217,0.0,0.0,10.600000000000023,-101.56212000000002
25048800.0,920,iso13790,native,True,22.80657546825606,0.0,0.0,5.0,-101.56212000000002
25052400.0,920,iso13790,native,True,22.729287890185063,0.0,0.0,8.300000000000011,-101.56212000000002
25056000.0,920,iso13790,native,True,22.338365437715872,0.0,0.0,7.800000000000011,-101.56212000000002
25059600.0,920,iso13790,native,True,21.997229142787482,0.0,0.0,7.800000000000011,-101.56212000000002
25063200.0,920,iso13790,native,True,21.664759469877723,0.0,0.0,7.800000000000011,-101.56212000000002
25066800.0,920,iso13790,native,True,21.393293532115795,0.0,0.0,8.300000000000011,-101.56212000000002
25070400.0,920,iso13790,native,True,21.036312229540513,0.0,0.0,7.800000000000011,-101.56212000000002
25074000.0,920,iso13790,native,True,20.728254804175894,0.0,0.0,7.800000000000011,-101.56212000000002
25077600.0,920,iso13790,native,True,20.364954878815453,0.0,0.0,7.2000000000000455,-101.56212000000002
25081200.0,920,iso13790,native,True,20.23740508448705,0.0,0.0,8.900000000000034,-101.56212000000002
25084800.0,920,iso13790,native,True,20.496706129647272,0.0,0.0,11.700000000000045,526.3005066204603
25088400.0,920,iso13790,native,True,21.20089915357687,0.0,0.0,15.0,1690.5834304327632
25092000.0,920,iso13790,native,True,22.098177141907847,0.0,0.0,17.80000000000001,2653.768201154383
25095600.0,920,iso13790,native,True,23.232536596118493,0.0,0.0,20.600000000000023,3562.546914593112
25099200.0,920,iso13790,native,True,24.49499689645648,0.0,0.0,22.80000000000001,4338.359083353777
25102800.0,920,iso13790,native,True,25.693545085004683,0.0,0.0,24.400000000000034,4576.854733862456
25106400.0,920,iso13790,native,True,26.789999481453464,0.0,0.0,25.0,4651.297826635682
25110000.0,920,iso13790,native,True,27.00000000000001,0.0,197.37327565123883,25.600000000000023,4200.548046629968
25113600.0,920,iso13790,native,True,27.000000000000004,0.0,315.71640405758137,24.400000000000034,3308.627168694222
25117200.0,920,iso13790,native,True,27.00000000000001,0.0,202.86396056118684,20.600000000000023,1601.7290134818863
25120800.0,920,iso13790,native,True,26.87756141956739,0.0,0.0,16.700000000000045,-101.56212000000002
25124400.0,920,iso13790,native,True,26.584143298658635,0.0,0.0,16.100000000000023,-101.56212000000002
25128000.0,920,iso13790,native,True,25.767874973741613,0.0,0.0,10.600000000000023,-101.56212000000002
25131600.0,920,iso13790,native,True,25.284608392472116,0.0,0.0,9.400000000000034,-101.56212000000002
25135200.0,920,iso13790,native,True,25.203591404666106,0.0,0.0,12.200000000000045,-101.56212000000002
25138800.0,920,iso13790,native,True,24.733262960856766,0.0,0.0,10.600000000000023,-101.56212000000002
25142400.0,920,iso13790,native,True,24.454975649052873,0.0,0.0,11.100000000000023,-101.56212000000002
25146000.0,920,iso13790,native,True,23.91265148437958,0.0,0.0,8.900000000000034,-101.56212000000002
25149600.0,920,iso13790,native,True,23.55946587673876,0.0,0.0,8.900000000000034,-101.56212000000002
25153200.0,920,iso13790,native,True,23.21525300582914,0.0,0.0,8.900000000000034,-101.56212000000002
25156800.0,920,iso13790,native,True,23.058479703994262,0.0,0.0,10.600000000000023,-101.56212000000002
25160400.0,920,iso13790,native,True,22.59148845193237,0.0,0.0,8.900000000000034,-101.56212000000002
25164000.0,920,iso13790,native,True,22.27186720199093,0.0,0.0,8.900000000000034,-101.56212000000002
25167600.0,920,iso13790,native,True,22.172469145978553,0.0,0.0,10.600000000000023,-8.251255093978102
25171200.0,920,iso13790,native,True,22.342685636031316,0.0,0.0,12.800000000000011,507.28670846403855
25174800.0,920,iso13790,native,True,23.062595153982052,0.0,0.0,16.100000000000023,1779.8798201882055
25178400.0,920,iso13790,native,True,24.02337674263731,0.0,0.0,20.0,2597.615585065257
25182000.0,920,iso13790,native,True,25.061686163240154,0.0,0.0,21.100000000000023,3751.6299997526617
25185600.0,920,iso13790,native,True,26.127775628179183,0.0,0.0,22.200000000000045,4282.063745103728
25189200.0,920,iso13790,native,True,26.999745232220267,0.0,0.0,22.80000000000001,4094.425745064066
25192800.0,920,iso13790,native,True,27.0,0.0,222.42728391949507,22.200000000000045,4166.235245587767
25196400.0,920,iso13790,native,True,27.0,0.0,332.02188652168866,21.700000000000045,3263.859365557162
25200000.0,920,iso13790,native,True,27.0,0.0,217.61890517233596,21.700000000000045,657.5410181725167
25203600.0,920,iso13790,native,True,27.0,0.0,87.06646963170371,18.30000000000001,371.48529384945493
25207200.0,920,iso13790,native,True,26.741043074777156,0.0,0.0,15.600000000000023,-101.56212000000002
25210800.0,920,iso13790,native,True,26.42314754864437,0.0,0.0,15.0,-101.56212000000002
25214400.0,920,iso13790,native,True,26.04552782328379,0.0,0.0,13.900000000000034,-101.56212000000002
25218000.0,920,iso13790,native,True,25.586487163699047,0.0,0.0,12.200000000000045,-101.56212000000002
25221600.0,920,iso13790,native,True,25.390240558262473,0.0,0.0,13.300000000000011,-101.56212000000002
25225200.0,920,iso13790,native,True,25.058741976577025,0.0,0.0,12.800000000000011,-101.56212000000002
25228800.0,920,iso13790,native,True,24.48119905526015,0.0,0.0,10.0,-101.56212000000002
25232400.0,920,iso13790,native,True,23.91026300520483,0.0,0.0,7.800000000000011,-101.56212000000002
25236000.0,920,iso13790,native,True,23.529192401696637,0.0,0.0,7.800000000000011,-101.56212000000002
25239600.0,920,iso13790,native,True,23.042176919591597,0.0,0.0,6.7000000000000455,-101.56212000000002
25243200.0,920,iso13790,native,True,22.592145758020777,0.0,0.0,6.100000000000023,-101.56212000000002
25246800.0,920,iso13790,native,True,22.316999400326647,0.0,0.0,7.2000000000000455,-101.56212000000002
25250400.0,920,iso13790,native,True,21.55121595487773,0.0,0.0,3.3000000000000114,-101.56212000000002
25254000.0,920,iso13790,native,True,21.444967187737547,0.0,0.0,5.600000000000023,142.68778806231143
25257600.0,920,iso13790,native,True,21.603193778399312,0.0,0.0,8.900000000000034,513.8186950926083
25261200.0,920,iso13790,native,True,22.014716959843078,0.0,0.0,10.600000000000023,1615.1374724602128
25264800.0,920,iso13790,native,True,22.710775901064437,0.0,0.0,12.200000000000045,2784.1307540904336
25268400.0,920,iso13790,native,True,23.59468574061237,0.0,0.0,13.900000000000034,3678.460122863862
25272000.0,920,iso13790,native,True,24.582951308870875,0.0,0.0,15.600000000000023,4266.355086566369
25275600.0,920,iso13790,native,True,25.751710308079378,0.0,0.0,17.80000000000001,4806.106567915711
25279200.0,920,iso13790,native,True,26.70777923612265,0.0,0.0,18.900000000000034,4675.678204884567
25282800.0,920,iso13790,native,True,26.999999999999996,0.0,143.7811753729032,20.0,4187.755972010445
25286400.0,920,iso13790,native,True,27.0,0.0,218.61567850080428,19.400000000000034,3049.878261077725
25290000.0,920,iso13790,native,True,27.000000000000004,0.0,138.01000235677037,17.200000000000045,1627.1203476659964
25293600.0,920,iso13790,native,True,26.57546504138965,0.0,0.0,13.300000000000011,-101.56212000000002
25297200.0,920,iso13790,native,True,25.80390878019701,0.0,0.0,8.900000000000034,-101.56212000000002
25300800.0,920,iso13790,native,True,25.28704944100928,0.0,0.0,7.800000000000011,-101.56212000000002
25304400.0,920,iso13790,native,True,25.16532218261265,0.0,0.0,10.600000000000023,-101.56212000000002
25308000.0,920,iso13790,native,True,24.529180223026987,0.0,0.0,7.800000000000011,-101.56212000000002
25311600.0,920,iso13790,native,True,24.479264043115307,0.0,0.0,11.100000000000023,-101.56212000000002
25315200.0,920,iso13790,native,True,24.167574904111454,0.0,0.0,11.100000000000023,-101.56212000000002
25318800.0,920,iso13790,native,True,23.811246987385356,0.0,0.0,10.600000000000023,-101.56212000000002
25322400.0,920,iso13790,native,True,23.556383638542943,0.0,0.0,11.100000000000023,-101.56212000000002
25326000.0,920,iso13790,native,True,22.858193561161304,0.0,0.0,7.2000000000000455,-101.56212000000002
25329600.0,920,iso13790,native,True,22.141729739734547,0.0,0.0,3.900000000000034,-101.56212000000002
25333200.0,920,iso13790,native,True,21.706508883649622,0.0,0.0,3.900000000000034,-101.56212000000002
25336800.0,920,iso13790,native,True,21.39797092097412,0.0,0.0,5.0,-101.56212000000002
25340400.0,920,iso13790,native,True,21.074220573586185,0.0,0.0,5.0,78.95057649664989
25344000.0,920,iso13790,native,True,21.256573100050225,0.0,0.0,8.300000000000011,572.2179293811718
25347600.0,920,iso13790,native,True,21.878633073084842,0.0,0.0,12.200000000000045,1598.395854135424
25351200.0,920,iso13790,native,True,22.871856598423236,0.0,0.0,16.700000000000045,2632.893259662913
25354800.0,920,iso13790,native,True,23.947197340130174,0.0,0.0,20.0,3375.592014929094
25358400.0,920,iso13790,native,True,25.170669465836124,0.0,0.0,22.200000000000045,4248.677250499872
25362000.0,920,iso13790,native,True,26.236827699678493,0.0,0.0,22.80000000000001,4555.660271473617
25365600.0,920,iso13790,native,True,27.0,0.0,38.566273783817834,22.80000000000001,4423.329608086026
25369200.0,920,iso13790,native,True,27.000000000000004,0.0,228.84906690805533,22.200000000000045,4007.329575208618
25372800.0,920,iso13790,native,True,27.0,0.0,228.5597488765815,20.600000000000023,2437.537863311024
25376400.0,920,iso13790,native,True,27.0,0.0,35.14776173265064,18.30000000000001,216.1918502917179
25380000.0,920,iso13790,native,True,26.593262018894187,0.0,0.0,15.600000000000023,-101.56212000000002
25383600.0,920,iso13790,native,True,26.100426107919947,0.0,0.0,13.300000000000011,-101.56212000000002
25387200.0,920,iso13790,native,True,25.866511187097075,0.0,0.0,13.900000000000034,-101.56212000000002
25390800.0,920,iso13790,native,True,25.59071325987831,0.0,0.0,13.900000000000034,-101.56212000000002
25394400.0,920,iso13790,native,True,25.143227236866117,0.0,0.0,12.200000000000045,-101.56212000000002
25398000.0,920,iso13790,native,True,24.726989644418765,0.0,0.0,11.100000000000023,-101.56212000000002
25401600.0,920,iso13790,native,True,24.293380958877794,0.0,0.0,10.0,-101.56212000000002
25405200.0,920,iso13790,native,True,23.895399785680514,0.0,0.0,9.400000000000034,-101.56212000000002
25408800.0,920,iso13790,native,True,23.387171711856148,0.0,0.0,7.800000000000011,-101.56212000000002
25412400.0,920,iso13790,native,True,22.95632157808807,0.0,0.0,7.2000000000000455,-101.56212000000002
25416000.0,920,iso13790,native,True,22.468616874926937,0.0,0.0,6.100000000000023,-101.56212000000002
25419600.0,920,iso13790,native,True,22.144051498178456,0.0,0.0,6.7000000000000455,-101.56212000000002
25423200.0,920,iso13790,native,True,21.601211318182568,0.0,0.0,5.0,-101.56212000000002
25426800.0,920,iso13790,native,True,21.396937069338442,0.0,0.0,6.7000000000000455,-72.02801116265698
25430400.0,920,iso13790,native,True,21.22414980372786,0.0,0.0,6.7000000000000455,391.59635137134745
25434000.0,920,iso13790,native,True,20.831048709748774,0.0,0.0,5.600000000000023,270.62677799999994
25437600.0,920,iso13790,native,True,20.532193290089765,0.0,0.0,5.0,389.295702
25441200.0,920,iso13790,native,True,20.35237244409191,0.0,0.0,5.600000000000023,437.84207999999995
25444800.0,920,iso13790,native,True,20.076720350970348,0.0,0.0,5.0,486.38845799999996
25448400.0,920,iso13790,native,True,20.000000000000004,44.08735364231153,0.0,5.0,470.2063319999999
25452000.0,920,iso13790,native,True,20.0,112.61820811599604,0.0,5.0,394.68974399999996
25455600.0,920,iso13790,native,True,19.999999999999996,184.03915944229016,0.0,5.0,281.41486199999997
25459200.0,920,iso13790,native,True,20.0,279.77758035875286,0.0,4.400000000000034,114.19955999999999
25462800.0,920,iso13790,native,True,19.999999999999996,361.8307639966105,0.0,4.400000000000034,-26.045532000000016
25466400.0,920,iso13790,native,True,20.000000000000004,439.3050023304821,0.0,4.400000000000034,-101.56212000000002
25470000.0,920,iso13790,native,True,19.999999999999996,522.3260288917986,0.0,3.900000000000034,-101.56212000000002
25473600.0,920,iso13790,native,True,20.0,587.474599141054,0.0,3.900000000000034,-101.56212000000002
25477200.0,920,iso13790,native,True,20.000000000000004,647.3927203543515,0.0,3.900000000000034,-101.56212000000002
25480800.0,920,iso13790,native,True,20.000000000000004,702.5003188173047,0.0,3.900000000000034,-101.56212000000002
25484400.0,920,iso13790,native,True,20.000000000000007,753.1836070589974,0.0,3.900000000000034,-101.56212000000002
25488000.0,920,iso13790,native,True,20.000000000000004,799.797790558882,0.0,3.900000000000034,-101.56212000000002
25491600.0,920,iso13790,native,True,20.0,827.8904818971415,0.0,4.400000000000034,-101.56212000000002
25495200.0,920,iso13790,native,True,20.000000000000007,879.7139466514952,0.0,3.900000000000034,-101.56212000000002
25498800.0,920,iso13790,native,True,19.999999999999993,901.3905742144025,0.0,4.400000000000034,-101.56212000000002
25502400.0,920,iso13790,native,True,20.000000000000004,932.5340132381402,0.0,4.400000000000034,-101.56212000000002
25506000.0,920,iso13790,native,True,20.00000000000001,961.1771031368721,0.0,4.400000000000034,-101.56212000000002
25509600.0,920,iso13790,native,True,20.000000000000004,987.5205842893998,0.0,4.400000000000034,-101.56212000000002
25513200.0,920,iso13790,native,True,20.000000000000007,992.9280603620498,0.0,5.0,-90.77403600000002
25516800.0,920,iso13790,native,True,20.000000000000004,984.6270144016061,0.0,5.0,178.92806399999995
25520400.0,920,iso13790,native,True,19.99999999999999,930.7986431621346,0.0,6.100000000000023,421.65995399999997
25524000.0,920,iso13790,native,True,20.000000000000004,759.3869576995809,0.0,7.800000000000011,1474.455216578499
25527600.0,920,iso13790,native,True,19.999999999999996,633.4783929275957,0.0,8.900000000000034,1631.8244062433869
25531200.0,920,iso13790,native,True,20.0,505.8409788495323,0.0,10.0,1733.6968926557838
25534800.0,920,iso13790,native,True,20.0,320.4362802274418,0.0,11.700000000000045,2195.4136511021375
25538400.0,920,iso13790,native,True,20.0,85.66514657288911,0.0,12.800000000000011,3072.05653896163
25542000.0,920,iso13790,native,True,20.0,100.71767006475696,0.0,12.800000000000011,1370.0962514498046
25545600.0,920,iso13790,native,True,20.0,119.42091753593263,0.0,13.900000000000034,324.56719799999996
25549200.0,920,iso13790,native,True,20.000000000000004,288.42721489661955,0.0,9.400000000000034,-31.43957400000002
25552800.0,920,iso13790,native,True,19.999999999999993,383.1529607178961,0.0,7.800000000000011,-101.56212000000002
25556400.0,920,iso13790,native,True,20.000000000000004,431.613767363528,0.0,7.800000000000011,-101.56212000000002
25560000.0,920,iso13790,native,True,20.000000000000004,476.18390106834727,0.0,7.800000000000011,-101.56212000000002
25563600.0,920,iso13790,native,True,20.0,484.66175872760647,0.0,8.900000000000034,-101.56212000000002
25567200.0,920,iso13790,native,True,19.99999999999999,517.1146321318308,0.0,8.900000000000034,-101.56212000000002
25570800.0,920,iso13790,native,True,19.999999999999993,546.9620285507331,0.0,8.900000000000034,-101.56212000000002
25574400.0,920,iso13790,native,True,20.000000000000004,592.1480188455829,0.0,8.300000000000011,-101.56212000000002
25578000.0,920,iso13790,native,True,19.999999999999993,602.5228224965155,0.0,8.900000000000034,-101.56212000000002
25581600.0,920,iso13790,native,True,19.999999999999996,625.513227499543,0.0,8.900000000000034,-101.56212000000002
25585200.0,920,iso13790,native,True,19.999999999999996,646.6578492225301,0.0,8.900000000000034,-101.56212000000002
25588800.0,920,iso13790,native,True,20.000000000000004,666.1048762648767,0.0,8.900000000000034,-101.56212000000002
25592400.0,920,iso13790,native,True,20.0,716.5045654605088,0.0,7.800000000000011,-101.56212000000002
25596000.0,920,iso13790,native,True,20.0,803.2301897050967,0.0,5.600000000000023,-101.56212000000002
25599600.0,920,iso13790,native,True,20.0,818.3595921206594,0.0,6.100000000000023,-96.16807800000001
25603200.0,920,iso13790,native,True,20.00000000000001,807.4975118533374,0.0,6.7000000000000455,87.22934999999998
25606800.0,920,iso13790,native,True,20.000000000000004,692.6281764476005,0.0,7.2000000000000455,1188.3990255853712
25610400.0,920,iso13790,native,True,19.999999999999996,674.4808844589338,0.0,8.0,632.027592
25614000.0,920,iso13790,native,True,20.000000000000004,278.3859787867319,0.0,11.700000000000045,3271.889198507279
25617600.0,920,iso13790,native,True,20.128138303253017,0.0,0.0,12.800000000000011,4323.1920779850125
25621200.0,920,iso13790,native,True,21.18896019363316,0.0,0.0,14.400000000000034,4585.884842119583
25624800.0,920,iso13790,native,True,22.17042950728048,0.0,0.0,15.600000000000023,4547.505783459762
25628400.0,920,iso13790,native,True,22.779905735540137,0.0,0.0,15.600000000000023,3830.10964339693
25632000.0,920,iso13790,native,True,22.870428970844962,0.0,0.0,15.600000000000023,2139.668964068189
25635600.0,920,iso13790,native,True,22.53765680592355,0.0,0.0,13.300000000000011,969.3144097431721
25639200.0,920,iso13790,native,True,21.948027060009586,0.0,0.0,11.100000000000023,-101.56212000000002
25642800.0,920,iso13790,native,True,21.648087110506818,0.0,0.0,10.600000000000023,-101.56212000000002
25646400.0,920,iso13790,native,True,21.332553145482258,0.0,0.0,10.0,-101.56212000000002
25650000.0,920,iso13790,native,True,20.957234985393058,0.0,0.0,8.900000000000034,-101.56212000000002
25653600.0,920,iso13790,native,True,20.616063457545156,0.0,0.0,8.300000000000011,-101.56212000000002
25657200.0,920,iso13790,native,True,19.999999999999996,36.87059118602522,0.0,3.900000000000034,-101.56212000000002
25660800.0,920,iso13790,native,True,19.999999999999996,126.21484674431369,0.0,4.400000000000034,-101.56212000000002
25664400.0,920,iso13790,native,True,20.000000000000004,234.37229757692373,0.0,3.900000000000034,-101.56212000000002
25668000.0,920,iso13790,native,True,20.000000000000004,340.374106088357,0.0,3.3000000000000114,-101.56212000000002
25671600.0,920,iso13790,native,True,19.999999999999996,341.6542025611091,0.0,6.100000000000023,-101.56212000000002
25675200.0,920,iso13790,native,True,20.000000000000004,438.10535402328287,0.0,5.0,-101.56212000000002
25678800.0,920,iso13790,native,True,20.000000000000007,502.15727056724745,0.0,5.0,-101.56212000000002
25682400.0,920,iso13790,native,True,20.0,543.3318925533546,0.0,5.600000000000023,-101.56212000000002
25686000.0,920,iso13790,native,True,19.999999999999996,566.3809342015358,0.0,6.100000000000023,32.42201425869861
25689600.0,920,iso13790,native,True,19.999999999999996,484.8362678833064,0.0,8.300000000000011,571.4327107297744
25693200.0,920,iso13790,native,True,19.999999999999996,297.80224359561174,0.0,11.100000000000023,1565.5379909931014
25696800.0,920,iso13790,native,True,20.000000000000007,33.60386730841589,0.0,13.300000000000011,2852.464454621991
25700400.0,920,iso13790,native,True,20.770804481289577,0.0,0.0,14.400000000000034,3602.3528476860815
25704000.0,920,iso13790,native,True,21.790206956871266,0.0,0.0,16.100000000000023,4087.3134072410808
25707600.0,920,iso13790,native,True,22.710194065418264,0.0,0.0,15.600000000000023,4599.386117404319
25711200.0,920,iso13790,native,True,23.537781740991175,0.0,0.0,16.100000000000023,4351.364028734257
25714800.0,920,iso13790,native,True,24.03684648578234,0.0,0.0,16.700000000000045,3329.4066559685466
25718400.0,920,iso13790,native,True,24.2373029437109,0.0,0.0,15.0,2758.575540116326
25722000.0,920,iso13790,native,True,23.559709095445285,0.0,0.0,13.900000000000034,38.68297199999998
25725600.0,920,iso13790,native,True,23.0913696228379,0.0,0.0,11.700000000000045,-101.56212000000002
25729200.0,920,iso13790,native,True,22.651488472700514,0.0,0.0,10.0,-101.56212000000002
25732800.0,920,iso13790,native,True,22.358288588217366,0.0,0.0,10.0,-101.56212000000002
25736400.0,920,iso13790,native,True,22.07253749359475,0.0,0.0,10.0,-101.56212000000002
25740000.0,920,iso13790,native,True,21.44716783684182,0.0,0.0,6.7000000000000455,-101.56212000000002
25743600.0,920,iso13790,native,True,20.858963349432358,0.0,0.0,4.400000000000034,-101.56212000000002
25747200.0,920,iso13790,native,True,20.647728744178124,0.0,0.0,6.100000000000023,-101.56212000000002
25750800.0,920,iso13790,native,True,20.0,29.130083359558874,0.0,2.2000000000000455,-101.56212000000002
25754400.0,920,iso13790,native,True,20.000000000000007,80.99158324808002,0.0,4.400000000000034,-101.56212000000002
25758000.0,920,iso13790,native,True,20.000000000000004,142.53092521903702,0.0,5.600000000000023,-101.56212000000002
25761600.0,920,iso13790,native,True,20.000000000000004,261.49644910172833,0.0,4.400000000000034,-101.56212000000002
25765200.0,920,iso13790,native,True,20.0,344.0137493937172,0.0,4.400000000000034,-101.56212000000002
25768800.0,920,iso13790,native,True,20.00000000000001,434.68522845386116,0.0,3.900000000000034,-101.56212000000002
25772400.0,920,iso13790,native,True,20.000000000000004,489.2445461090681,0.0,3.900000000000034,73.5046383773381
25776000.0,920,iso13790,native,True,20.000000000000004,400.1936016538506,0.0,7.2000000000000455,556.9366310993228
25779600.0,920,iso13790,native,True,19.999999999999996,220.74403634948823,0.0,10.0,1630.011878291541
25783200.0,920,iso13790,native,True,20.000000000000004,0.8791759306920051,0.0,11.700000000000045,2723.95928360477
25786800.0,920,iso13790,native,True,20.94646548334228,0.0,0.0,13.300000000000011,3709.859485128066
25790400.0,920,iso13790,native,True,21.977097464780428,0.0,0.0,15.0,4251.789771132481
25794000.0,920,iso13790,native,True,22.926652033662254,0.0,0.0,16.100000000000023,4368.706910336475
25797600.0,920,iso13790,native,True,23.660415988565294,0.0,0.0,16.100000000000023,4124.590785897509
25801200.0,920,iso13790,native,True,24.48716537089406,0.0,0.0,17.200000000000045,4016.7020179079555
25804800.0,920,iso13790,native,True,24.806210409493282,0.0,0.0,16.700000000000045,3006.2722659738715
25808400.0,920,iso13790,native,True,24.14344710910131,0.0,0.0,12.800000000000011,920.0322881285521
25812000.0,920,iso13790,native,True,23.38117273019,0.0,0.0,9.400000000000034,-101.56212000000002
25815600.0,920,iso13790,native,True,23.054192004925273,0.0,0.0,9.400000000000034,-101.56212000000002
25819200.0,920,iso13790,native,True,22.504266200975557,0.0,0.0,7.2000000000000455,-101.56212000000002
25822800.0,920,iso13790,native,True,21.97548874677405,0.0,0.0,5.600000000000023,-101.56212000000002
25826400.0,920,iso13790,native,True,21.81893211716785,0.0,0.0,7.800000000000011,-101.56212000000002
25830000.0,920,iso13790,native,True,21.375366070551955,0.0,0.0,6.7000000000000455,-101.56212000000002
25833600.0,920,iso13790,native,True,20.852054466528525,0.0,0.0,5.0,-101.56212000000002
25837200.0,920,iso13790,native,True,20.361917654057432,0.0,0.0,3.900000000000034,-101.56212000000002
25840800.0,920,iso13790,native,True,20.15060799422269,0.0,0.0,5.600000000000023,-101.56212000000002
25844400.0,920,iso13790,native,True,19.999999999999996,103.91274794064256,0.0,3.900000000000034,-101.56212000000002
25848000.0,920,iso13790,native,True,19.999999999999993,235.16756878060207,0.0,2.8000000000000114,-101.56212000000002
25851600.0,920,iso13790,native,True,20.000000000000004,233.68704756204943,0.0,6.100000000000023,-101.56212000000002
25855200.0,920,iso13790,native,True,19.999999999999996,356.541225854673,0.0,4.400000000000034,-101.56212000000002
25858800.0,920,iso13790,native,True,20.000000000000004,422.2984108054879,0.0,4.400000000000034,-10.883023153998145
25862400.0,920,iso13790,native,True,20.0,337.4300523165902,0.0,7.800000000000011,470.50599949997684
25866000.0,920,iso13790,native,True,19.999999999999996,212.17941461255498,0.0,9.400000000000034,1417.2145849369135
25869600.0,920,iso13790,native,True,20.000000000000004,38.56559521768473,0.0,11.100000000000023,2229.6606653596373
25873200.0,920,iso13790,native,True,20.716477534997836,0.0,0.0,12.800000000000011,3229.140209231644
25876800.0,920,iso13790,native,True,21.55930469315878,0.0,0.0,15.0,3409.1477541703684
25880400.0,920,iso13790,native,True,22.632481129796837,0.0,0.0,16.100000000000023,4350.487179767785
25884000.0,920,iso13790,native,True,23.4117596234765,0.0,0.0,16.100000000000023,4223.622303859012
25887600.0,920,iso13790,native,True,23.10855349656587,0.0,0.0,15.600000000000023,1352.0281977351367
25891200.0,920,iso13790,native,True,22.754658423528703,0.0,0.0,14.400000000000034,292.20294599999994
25894800.0,920,iso13790,native,True,22.559708196365232,0.0,0.0,12.800000000000011,493.71235154783534
25898400.0,920,iso13790,native,True,21.961212338016384,0.0,0.0,10.0,-101.56212000000002
25902000.0,920,iso13790,native,True,21.62248028085047,0.0,0.0,9.400000000000034,-101.56212000000002
25905600.0,920,iso13790,native,True,21.171996089808445,0.0,0.0,7.800000000000011,-101.56212000000002
25909200.0,920,iso13790,native,True,20.976117632416862,0.0,0.0,8.900000000000034,-101.56212000000002
25912800.0,920,iso13790,native,True,20.40321431171055,0.0,0.0,6.100000000000023,-101.56212000000002
25916400.0,920,iso13790,native,True,20.06805206866887,0.0,0.0,6.100000000000023,-101.56212000000002
25920000.0,920,iso13790,native,True,20.000000000000007,72.71683434471632,0.0,6.100000000000023,-101.56212000000002
25923600.0,920,iso13790,native,True,19.999999999999993,93.21770956335891,0.0,8.300000000000011,-101.56212000000002
25927200.0,920,iso13790,native,True,20.000000000000004,128.8700277757125,0.0,9.400000000000034,-101.56212000000002
25930800.0,920,iso13790,native,True,20.000000000000004,186.31566180533105,0.0,9.400000000000034,-101.56212000000002
25934400.0,920,iso13790,native,True,20.0,253.92835181790593,0.0,8.900000000000034,-101.56212000000002
25938000.0,920,iso13790,native,True,20.0,322.6405331881089,0.0,8.300000000000011,-101.56212000000002
25941600.0,920,iso13790,native,True,20.0,372.38761938037186,0.0,8.300000000000011,-101.56212000000002
25945200.0,920,iso13790,native,True,19.999999999999993,385.0837332162657,0.0,9.400000000000034,-96.16807800000001
25948800.0,920,iso13790,native,True,20.000000000000004,375.11402777915237,0.0,10.0,189.71614799999998
25952400.0,920,iso13790,native,True,20.000000000000004,413.34942552239744,0.0,8.300000000000011,464.81228999999996
25956000.0,920,iso13790,native,True,20.0,287.10476493935596,0.0,10.600000000000023,1123.2999298387374
25959600.0,920,iso13790,native,True,19.999999999999996,192.4101977747416,0.0,11.700000000000045,1360.5951426053098
25963200.0,920,iso13790,native,True,20.0,133.16974215017655,0.0,15.0,454.024206
25966800.0,920,iso13790,native,True,19.999999999999996,19.418319784134905,0.0,14.400000000000034,1594.3535953499404
25970400.0,920,iso13790,native,True,20.000000000000004,93.31585345971381,0.0,12.200000000000045,785.3384328885554
25974000.0,920,iso13790,native,True,20.030468139236465,0.0,0.0,12.800000000000011,1485.8961931243032
25977600.0,920,iso13790,native,True,20.397486393882048,0.0,0.0,13.300000000000011,1839.9460553636666
25981200.0,920,iso13790,native,True,20.194562401361708,0.0,0.0,12.200000000000045,848.6566843659879
25984800.0,920,iso13790,native,True,20.000000000000004,97.3992146307512,0.0,10.0,-101.56212000000002
25988400.0,920,iso13790,native,True,20.0,170.82002283488376,0.0,9.400000000000034,-101.56212000000002
25992000.0,920,iso13790,native,True,20.0,224.89770403950217,0.0,9.400000000000034,-101.56212000000002
25995600.0,920,iso13790,native,True,20.0,289.41283711664585,0.0,8.900000000000034,-101.56212000000002
25999200.0,920,iso13790,native,True,20.000000000000004,355.27614872328985,0.0,8.300000000000011,-101.56212000000002
26002800.0,920,iso13790,native,True,20.000000000000004,434.9170520365675,0.0,7.2000000000000455,-101.56212000000002
26006400.0,920,iso13790,native,True,20.000000000000004,465.77343989258486,0.0,7.800000000000011,-101.56212000000002
26010000.0,920,iso13790,native,True,20.000000000000004,492.8219910984354,0.0,8.300000000000011,-101.56212000000002
26013600.0,920,iso13790,native,True,20.000000000000004,528.9060691992024,0.0,8.300000000000011,-101.56212000000002
26017200.0,920,iso13790,native,True,20.000000000000004,562.0931392644376,0.0,8.300000000000011,-101.56212000000002
26020800.0,920,iso13790,native,True,19.999999999999996,592.6157874096681,0.0,8.300000000000011,-101.56212000000002
26024400.0,920,iso13790,native,True,20.000000000000007,620.6879265881618,0.0,8.300000000000011,-101.56212000000002
26028000.0,920,iso13790,native,True,20.000000000000004,646.506295764616,0.0,8.300000000000011,-101.56212000000002
26031600.0,920,iso13790,native,True,20.000000000000004,701.6380263072381,0.0,7.2000000000000455,-90.3603636523822
26035200.0,920,iso13790,native,True,20.000000000000004,663.4705823882421,0.0,7.800000000000011,375.7681666920643
26038800.0,920,iso13790,native,True,20.000000000000004,617.1150392343228,0.0,8.300000000000011,658.997802
26042400.0,920,iso13790,native,True,20.000000000000007,513.0233567587486,0.0,9.400000000000034,1170.0162382978488
26046000.0,920,iso13790,native,True,20.0,183.34924426411217,0.0,12.200000000000045,3118.951520232682
26049600.0,920,iso13790,native,True,20.59423482979065,0.0,0.0,15.600000000000023,3985.5148314294743
26053200.0,920,iso13790,native,True,21.719152016560557,0.0,0.0,17.80000000000001,4289.3562033736225
26056800.0,920,iso13790,native,True,22.488339927738895,0.0,0.0,17.80000000000001,3985.7833503495826
26060400.0,920,iso13790,native,True,23.1201445546496,0.0,0.0,17.200000000000045,3712.524200813836
26064000.0,920,iso13790,native,True,23.581033124859697,0.0,0.0,17.200000000000045,3038.1364027931595
26067600.0,920,iso13790,native,True,23.129638813330093,0.0,0.0,14.400000000000034,1077.6561477297298
26071200.0,920,iso13790,native,True,22.5375467778995,0.0,0.0,12.200000000000045,-101.56212000000002
26074800.0,920,iso13790,native,True,21.72500276098944,0.0,0.0,6.7000000000000455,-101.56212000000002
26078400.0,920,iso13790,native,True,21.949633557687747,0.0,0.0,12.200000000000045,-101.56212000000002
26082000.0,920,iso13790,native,True,20.973330783816916,0.0,0.0,5.0,-101.56212000000002
26085600.0,920,iso13790,native,True,20.71136500334625,0.0,0.0,6.100000000000023,-101.56212000000002
26089200.0,920,iso13790,native,True,20.36837414280215,0.0,0.0,6.100000000000023,-101.56212000000002
26092800.0,920,iso13790,native,True,20.000000000000007,5.191015797209287,0.0,5.600000000000023,-101.56212000000002
26096400.0,920,iso13790,native,True,20.000000000000004,135.1828660303553,0.0,4.400000000000034,-101.56212000000002
26100000.0,920,iso13790,native,True,20.000000000000004,192.371464129245,0.0,5.600000000000023,-101.56212000000002
26103600.0,920,iso13790,native,True,20.000000000000004,307.3355433494197,0.0,4.400000000000034,-101.56212000000002
26107200.0,920,iso13790,native,True,19.999999999999993,386.1726547224544,0.0,4.400000000000034,-101.56212000000002
26110800.0,920,iso13790,native,True,20.0,538.4873397038133,0.0,1.7000000000000455,-101.56212000000002
26114400.0,920,iso13790,native,True,20.000000000000004,553.0270800162099,0.0,3.900000000000034,-101.56212000000002
26118000.0,920,iso13790,native,True,20.000000000000004,630.9591462325944,0.0,3.3000000000000114,-76.86411584138048
26121600.0,920,iso13790,native,True,20.000000000000004,592.7722961649766,0.0,5.0,391.4567474221662
26125200.0,920,iso13790,native,True,20.0,416.6167535289287,0.0,7.2000000000000455,1710.421179644757
26128800.0,920,iso13790,native,True,20.000000000000004,180.5352740601855,0.0,9.400000000000034,2812.5809453850484
26132400.0,920,iso13790,native,True,20.165268531549756,0.0,0.0,11.100000000000023,3338.0881861940725
26136000.0,920,iso13790,native,True,21.066235989731968,0.0,0.0,12.200000000000045,4019.164304589908
26139600.0,920,iso13790,native,True,21.417775768155103,0.0,0.0,12.800000000000011,2887.1059813449865
26143200.0,920,iso13790,native,True,22.553607481159247,0.0,0.0,15.0,4141.76902696428
26146800.0,920,iso13790,native,True,23.199370495733366,0.0,0.0,15.600000000000023,3664.3176530979445
26150400.0,920,iso13790,native,True,23.269211557770618,0.0,0.0,15.0,2222.133692736684
26154000.0,920,iso13790,native,True,22.750573104082445,0.0,0.0,11.700000000000045,847.3155425714842
26157600.0,920,iso13790,native,True,22.247817836670762,0.0,0.0,10.600000000000023,-101.56212000000002
26161200.0,920,iso13790,native,True,21.85397886877613,0.0,0.0,9.400000000000034,-101.56212000000002
26164800.0,920,iso13790,native,True,21.565796747303576,0.0,0.0,9.400000000000034,-101.56212000000002
26168400.0,920,iso13790,native,True,21.116752610478102,0.0,0.0,7.800000000000011,-101.56212000000002
26172000.0,920,iso13790,native,True,20.627956798245055,0.0,0.0,6.100000000000023,-101.56212000000002
26175600.0,920,iso13790,native,True,20.287084936463653,0.0,0.0,6.100000000000023,-101.56212000000002
26179200.0,920,iso13790,native,True,19.999999999999996,12.689688575388377,0.0,6.100000000000023,-101.56212000000002
26182800.0,920,iso13790,native,True,20.0,153.28662651474875,0.0,4.400000000000034,-101.56212000000002
26186400.0,920,iso13790,native,True,20.000000000000004,244.4915458913281,0.0,4.400000000000034,-101.56212000000002
26190000.0,920,iso13790,native,True,20.0,375.6671246087646,0.0,2.8000000000000114,-101.56212000000002
26193600.0,920,iso13790,native,True,20.000000000000004,460.4485016603814,0.0,2.8000000000000114,-101.56212000000002
26197200.0,920,iso13790,native,True,20.000000000000004,556.1581012637153,0.0,2.2000000000000455,-101.56212000000002
26200800.0,920,iso13790,native,True,20.0,613.0002292948633,0.0,2.8000000000000114,-101.56212000000002
26204400.0,920,iso13790,native,True,20.000000000000004,626.006470161978,0.0,4.400000000000034,-47.649794737800775
26208000.0,920,iso13790,native,True,20.000000000000004,605.8775033346988,0.0,4.400000000000034,648.6673186913031
26211600.0,920,iso13790,native,True,19.999999999999993,571.4789880162056,0.0,5.0,906.1798904007856
26215200.0,920,iso13790,native,True,19.999999999999996,559.1111942475209,0.0,5.0,950.3937455627661
26218800.0,920,iso13790,native,True,19.999999999999996,597.8446211639244,0.0,5.0,470.2063319999999
26222400.0,920,iso13790,native,True,19.999999999999996,589.6436313301895,0.0,6.0,421.65995399999997
26226000.0,920,iso13790,native,True,20.000000000000004,604.2080279735707,0.0,6.0,405.47782800000004
26229600.0,920,iso13790,native,True,20.000000000000004,621.1779862590787,0.0,5.600000000000023,480.994416
26233200.0,920,iso13790,native,True,19.999999999999993,633.4310948808921,0.0,6.100000000000023,308.385072
26236800.0,920,iso13790,native,True,20.000000000000004,638.347342007869,0.0,6.7000000000000455,238.262526
26240400.0,920,iso13790,native,True,20.000000000000004,701.1237851002201,0.0,6.100000000000023,-58.40978400000001
26244000.0,920,iso13790,native,True,20.0,752.7013510469775,0.0,5.600000000000023,-101.56212000000002
26247600.0,920,iso13790,native,True,20.000000000000004,787.2095984699778,0.0,5.600000000000023,-101.56212000000002
26251200.0,920,iso13790,native,True,19.999999999999996,869.1962091742764,0.0,3.900000000000034,-101.56212000000002
26254800.0,920,iso13790,native,True,20.000000000000004,939.0102934527281,0.0,2.8000000000000114,-101.56212000000002
26258400.0,920,iso13790,native,True,19.999999999999993,1025.8567389424825,0.0,1.2000000000000455,-101.56212000000002
26262000.0,920,iso13790,native,True,20.0,1114.2051703022178,0.0,-0.2999999999999545,-101.56212000000002
26265600.0,920,iso13790,native,True,19.999999999999986,1209.1322393762882,0.0,-1.8999999999999773,-101.56212000000002
26269200.0,920,iso13790,native,True,20.000000000000004,1304.9125419428974,0.0,-3.3999999999999773,-101.56212000000002
26272800.0,920,iso13790,native,True,19.999999999999993,1406.6748148919144,0.0,-5.0,-101.56212000000002
26276400.0,920,iso13790,native,True,20.000000000000007,1511.69737245208,0.0,-6.599999999999966,-101.56212000000002
26280000.0,920,iso13790,native,True,19.999999999999993,1622.6742779196295,0.0,-8.299999999999955,-101.56212000000002
26283600.0,920,iso13790,native,True,19.999999999999993,1686.6372073462037,0.0,-8.299999999999955,-101.56212000000002
26287200.0,920,iso13790,native,True,19.999999999999996,1745.4648768388106,0.0,-8.299999999999955,-101.56212000000002
26290800.0,920,iso13790,native,True,19.999999999999993,1797.9256040859113,0.0,-8.299999999999955,-85.23327604829635
26294400.0,920,iso13790,native,True,20.00000000000001,1782.2613290994432,0.0,-7.7999999999999545,409.26529442811454
26298000.0,920,iso13790,native,True,20.0,1786.7475303753508,0.0,-6.699999999999989,205.898274
26301600.0,920,iso13790,native,True,19.999999999999993,1771.2180336347612,0.0,-6.099999999999966,389.295702
26305200.0,920,iso13790,native,True,20.00000000000001,1693.0511774734107,0.0,-5.0,907.123734
26308800.0,920,iso13790,native,True,19.999999999999986,1642.2894490963536,0.0,-3.2999999999999545,648.2097180000001
26312400.0,920,iso13790,native,True,20.000000000000007,1694.8079241327314,0.0,-5.0,437.84207999999995
26316000.0,920,iso13790,native,True,19.999999999999996,1712.2933750346886,0.0,-6.099999999999966,605.057382
26319600.0,920,iso13790,native,True,19.999999999999996,1752.0191293805592,0.0,-6.699999999999989,367.719534
26323200.0,920,iso13790,native,True,20.000000000000018,1776.5011199062917,0.0,-6.699999999999989,259.838694
26326800.0,920,iso13790,native,True,20.000000000000007,1837.189718777669,0.0,-7.199999999999989,-15.25744800000001
26330400.0,920,iso13790,native,True,20.000000000000007,1879.5145805567481,0.0,-7.199999999999989,-101.56212000000002
26334000.0,920,iso13790,native,True,19.999999999999996,1914.9987962547332,0.0,-7.199999999999989,-101.56212000000002
26337600.0,920,iso13790,native,True,20.0,1932.855088585264,0.0,-6.699999999999989,-101.56212000000002
26341200.0,920,iso13790,native,True,20.000000000000007,1960.484907760502,0.0,-6.699999999999989,-101.56212000000002
26344800.0,920,iso13790,native,True,20.000000000000014,1985.8964685685048,0.0,-6.699999999999989,-101.56212000000002
26348400.0,920,iso13790,native,True,20.00000000000001,2009.2678637485897,0.0,-6.699999999999989,-101.56212000000002
26352000.0,920,iso13790,native,True,19.999999999999993,2013.0279975766996,0.0,-6.099999999999966,-101.56212000000002
26355600.0,920,iso13790,native,True,20.000000000000004,2029.9347911249656,0.0,-6.099999999999966,-101.56212000000002
26359200.0,920,iso13790,native,True,19.999999999999993,2045.4842237721766,0.0,-6.099999999999966,-101.56212000000002
26362800.0,920,iso13790,native,True,19.99999999999999,2059.785271156473,0.0,-6.099999999999966,-101.56212000000002
26366400.0,920,iso13790,native,True,19.99999999999998,2072.9381598134414,0.0,-6.099999999999966,-101.56212000000002
26370000.0,920,iso13790,native,True,19.999999999999993,2085.0350695973175,0.0,-6.099999999999966,-101.56212000000002
26373600.0,920,iso13790,native,True,19.999999999999996,2096.160779708272,0.0,-6.099999999999966,-101.56212000000002
26377200.0,920,iso13790,native,True,19.999999999999993,2106.393262853515,0.0,-6.099999999999966,-101.56212000000002
26380800.0,920,iso13790,native,True,20.00000000000001,2085.8193366710584,0.0,-5.599999999999966,49.471055999999976
26384400.0,920,iso13790,native,True,20.000000000000007,2024.034890339271,0.0,-5.0,470.2063319999999
26388000.0,920,iso13790,native,True,20.0,1962.87210221582,0.0,-4.399999999999977,637.4216339999999
26391600.0,920,iso13790,native,True,20.000000000000007,1943.57335334108,0.0,-4.399999999999977,470.2063319999999
26395200.0,920,iso13790,native,True,19.999999999999986,1911.007996581924,0.0,-4.399999999999977,551.116962
26398800.0,920,iso13790,native,True,19.999999999999993,1870.1648925109566,0.0,-4.399999999999977,691.3620540000001
26402400.0,920,iso13790,native,True,20.000000000000004,1777.9581076842128,0.0,-3.8999999999999773,1142.876862973958
26406000.0,920,iso13790,native,True,19.999999999999993,1679.5958348040047,0.0,-2.7999999999999545,1244.8039012531924
26409600.0,920,iso13790,native,True,19.999999999999986,1627.9964606271963,0.0,-2.7999999999999545,1144.043002116693
26413200.0,920,iso13790,native,True,20.000000000000025,1666.9500180974642,0.0,-3.8999999999999773,568.7915468978008
26416800.0,920,iso13790,native,True,19.999999999999993,1722.6647104252206,0.0,-3.8999999999999773,-101.56212000000002
26420400.0,920,iso13790,native,True,20.00000000000001,1729.4318016614604,0.0,-3.2999999999999545,-101.56212000000002
26424000.0,920,iso13790,native,True,20.000000000000004,1749.104139223558,0.0,-3.2999999999999545,-101.56212000000002
26427600.0,920,iso13790,native,True,20.000000000000004,1767.1970843501383,0.0,-3.2999999999999545,-101.56212000000002
26431200.0,920,iso13790,native,True,20.00000000000001,1783.8374384676927,0.0,-3.2999999999999545,-101.56212000000002
26434800.0,920,iso13790,native,True,19.999999999999996,1849.3906786036716,0.0,-5.0,-101.56212000000002
26438400.0,920,iso13790,native,True,20.00000000000001,1889.3116692306683,0.0,-5.599999999999966,-101.56212000000002
26442000.0,920,iso13790,native,True,20.000000000000004,1877.109283096231,0.0,-4.399999999999977,-101.56212000000002
26445600.0,920,iso13790,native,True,19.999999999999996,1892.7836484729896,0.0,-4.399999999999977,-101.56212000000002
26449200.0,920,iso13790,native,True,20.0,1924.9344886687059,0.0,-5.0,-101.56212000000002
26452800.0,920,iso13790,native,True,19.999999999999993,1923.320668460588,0.0,-4.399999999999977,-101.56212000000002
26456400.0,920,iso13790,native,True,19.999999999999993,1935.2849555485316,0.0,-4.399999999999977,-101.56212000000002
26460000.0,920,iso13790,native,True,20.000000000000014,2014.2724367130868,0.0,-6.699999999999989,-101.56212000000002
26463600.0,920,iso13790,native,True,20.000000000000007,2067.8796345482115,0.0,-7.7999999999999545,-101.56212000000002
26467200.0,920,iso13790,native,True,20.000000000000004,2033.9462365188624,0.0,-6.699999999999989,157.35189599999995
26470800.0,920,iso13790,native,True,20.0,2000.3190801749226,0.0,-5.599999999999966,205.898274
26474400.0,920,iso13790,native,True,20.000000000000018,1901.8166127256814,0.0,-2.7999999999999545,319.173156
26478000.0,920,iso13790,native,True,20.000000000000004,1809.787614961853,0.0,-1.099999999999966,502.570584
26481600.0,920,iso13790,native,True,19.999999999999996,1710.3566002990544,0.0,0.0,777.6667259999999
26485200.0,920,iso13790,native,True,19.999999999999996,1510.4546426444372,0.0,1.1000000000000227,1885.8331836536736
26488800.0,920,iso13790,native,True,20.000000000000004,1406.4707781890575,0.0,1.7000000000000455,1600.3240294587201
26492400.0,920,iso13790,native,True,20.0,1321.5430156452003,0.0,2.2000000000000455,1367.6338481970602
26496000.0,920,iso13790,native,True,19.999999999999996,1245.9292448554993,0.0,1.1000000000000227,1684.9181293933473
26499600.0,920,iso13790,native,True,19.999999999999986,1388.8544092783588,0.0,-3.2999999999999545,747.1627256575945
26503200.0,920,iso13790,native,True,20.000000000000007,1487.4595600073915,0.0,-3.8999999999999773,-101.56212000000002
26506800.0,920,iso13790,native,True,19.999999999999993,1513.1100825691028,0.0,-3.2999999999999545,-101.56212000000002
26510400.0,920,iso13790,native,True,20.00000000000001,1600.3986521566699,0.0,-5.0,-101.56212000000002
26514000.0,920,iso13790,native,True,20.000000000000004,1675.089027868988,0.0,-6.099999999999966,-101.56212000000002
26517600.0,920,iso13790,native,True,19.999999999999982,1751.6411967799584,0.0,-7.199999999999989,-101.56212000000002
26521200.0,920,iso13790,native,True,20.000000000000007,1782.6126441387664,0.0,-6.699999999999989,-101.56212000000002
26524800.0,920,iso13790,native,True,20.0,1822.304668911276,0.0,-6.699999999999989,-101.56212000000002
26528400.0,920,iso13790,native,True,20.000000000000004,1808.5611660213233,0.0,-5.0,-101.56212000000002
26532000.0,920,iso13790,native,True,20.000000000000004,1834.025261306665,0.0,-5.0,-101.56212000000002
26535600.0,920,iso13790,native,True,19.999999999999996,1824.9310076894328,0.0,-3.8999999999999773,-101.56212000000002
26539200.0,920,iso13790,native,True,20.00000000000001,1808.7085801646263,0.0,-2.7999999999999545,-101.56212000000002
26542800.0,920,iso13790,native,True,19.999999999999993,1865.7372700881795,0.0,-4.399999999999977,-101.56212000000002
26546400.0,920,iso13790,native,True,19.999999999999993,1932.573492689742,0.0,-6.099999999999966,-101.56212000000002
26550000.0,920,iso13790,native,True,20.000000000000014,1923.4256057665589,0.0,-5.0,-101.56212000000002
26553600.0,920,iso13790,native,True,20.000000000000007,1885.0045066502273,0.0,-4.399999999999977,265.23273599999993
26557200.0,920,iso13790,native,True,20.000000000000004,1820.25266749479,0.0,-3.2999999999999545,513.3586680000001
26560800.0,920,iso13790,native,True,19.999999999999993,1775.2290818309314,0.0,-2.1999999999999886,389.295702
26564400.0,920,iso13790,native,True,19.999999999999996,1685.7139486763167,0.0,-1.099999999999966,739.908432
26568000.0,920,iso13790,native,True,20.000000000000007,1597.7516024336583,0.0,0.6000000000000227,680.5739699999999
26571600.0,920,iso13790,native,True,20.000000000000004,1333.6437325040786,0.0,2.8000000000000114,2209.369051967652
26575200.0,920,iso13790,native,True,19.999999999999996,1113.1953756499668,0.0,2.8000000000000114,3081.824152584601
26578800.0,920,iso13790,native,True,20.000000000000004,1003.236426536931,0.0,2.2000000000000455,2681.991971413477
26582400.0,920,iso13790,native,True,19.999999999999996,1025.182632184658,0.0,1.1000000000000227,1490.4730603782916
26586000.0,920,iso13790,native,True,19.99999999999999,1128.0362075352807,0.0,1.1000000000000227,-47.62170000000001
26589600.0,920,iso13790,native,True,19.999999999999986,1166.709955271219,0.0,1.1000000000000227,-101.56212000000002
26593200.0,920,iso13790,native,True,19.999999999999993,1232.6411258583055,0.0,0.0,-101.56212000000002
26596800.0,920,iso13790,native,True,20.000000000000007,1318.8722121981439,0.0,-1.6999999999999886,-101.56212000000002
26600400.0,920,iso13790,native,True,19.999999999999986,1360.0760390942335,0.0,-1.6999999999999886,-101.56212000000002
26604000.0,920,iso13790,native,True,20.000000000000007,1397.971819231335,0.0,-1.6999999999999886,-101.56212000000002
26607600.0,920,iso13790,native,True,20.00000000000001,1400.3111733967924,0.0,-0.5999999999999659,-101.56212000000002
26611200.0,920,iso13790,native,True,19.99999999999999,1459.632338237555,0.0,-1.6999999999999886,-101.56212000000002
26614800.0,920,iso13790,native,True,20.000000000000004,1471.8003565996567,0.0,-1.099999999999966,-101.56212000000002
26618400.0,920,iso13790,native,True,20.00000000000001,1496.4400081788397,0.0,-1.099999999999966,-101.56212000000002
26622000.0,920,iso13790,native,True,19.999999999999996,1519.1014668160153,0.0,-1.099999999999966,-101.56212000000002
26625600.0,920,iso13790,native,True,20.00000000000001,1539.9435516123183,0.0,-1.099999999999966,-101.56212000000002
26629200.0,920,iso13790,native,True,20.000000000000007,1674.3891178273575,0.0,-5.0,-101.56212000000002
26632800.0,920,iso13790,native,True,20.000000000000004,1660.3763520695597,0.0,-3.2999999999999545,-101.56212000000002
26636400.0,920,iso13790,native,True,19.999999999999993,1653.0788366928628,0.0,-2.1999999999999886,-101.56212000000002
26640000.0,920,iso13790,native,True,20.0,1531.370456499465,0.0,0.6000000000000227,463.4988027198392
26643600.0,920,iso13790,native,True,20.0,1414.6392291033992,0.0,2.2000000000000455,888.6202989485341
26647200.0,920,iso13790,native,True,20.00000000000001,1261.38082094609,0.0,3.900000000000034,1370.0577615681634
26650800.0,920,iso13790,native,True,20.000000000000004,1033.6054475859696,0.0,6.100000000000023,2155.7413511534514
26654400.0,920,iso13790,native,True,19.999999999999996,760.9797251220701,0.0,7.800000000000011,3084.833724238624
26658000.0,920,iso13790,native,True,20.000000000000004,468.64436958390206,0.0,8.300000000000011,4097.788648202368
26661600.0,920,iso13790,native,True,19.999999999999996,197.29479110586317,0.0,9.400000000000034,4312.165172778259
26665200.0,920,iso13790,native,True,20.0064438981081,0.0,0.0,10.0,3964.668810528783
26668800.0,920,iso13790,native,True,20.232970457837006,0.0,0.0,9.400000000000034,2949.561402523214
26672400.0,920,iso13790,native,True,19.999999999999996,99.26210077752327,0.0,6.100000000000023,1129.392206837455
26676000.0,920,iso13790,native,True,20.0,296.7890481926221,0.0,3.900000000000034,-101.56212000000002
26679600.0,920,iso13790,native,True,20.000000000000004,462.8076627373482,0.0,1.1000000000000227,-101.56212000000002
26683200.0,920,iso13790,native,True,19.999999999999996,520.2236553617074,0.0,2.2000000000000455,-101.56212000000002
26686800.0,920,iso13790,native,True,20.000000000000004,579.9507782163308,0.0,2.8000000000000114,-101.56212000000002
26690400.0,920,iso13790,native,True,20.000000000000004,633.5521792014622,0.0,3.3000000000000114,-101.56212000000002
26694000.0,920,iso13790,native,True,20.0,708.8363883860984,0.0,2.8000000000000114,-101.56212000000002
26697600.0,920,iso13790,native,True,20.0,734.3553256281524,0.0,3.900000000000034,-101.56212000000002
26701200.0,920,iso13790,native,True,20.000000000000004,800.2160268664704,0.0,3.3000000000000114,-101.56212000000002
26704800.0,920,iso13790,native,True,20.000000000000004,862.1196390861521,0.0,2.8000000000000114,-101.56212000000002
26708400.0,920,iso13790,native,True,20.000000000000004,893.0671300826662,0.0,3.3000000000000114,-101.56212000000002
26712000.0,920,iso13790,native,True,20.00000000000001,932.7371218279958,0.0,3.3000000000000114,-101.56212000000002
26715600.0,920,iso13790,native,True,20.000000000000004,936.7082451296487,0.0,4.400000000000034,-101.56212000000002
26719200.0,920,iso13790,native,True,20.000000000000004,997.5301726198595,0.0,3.3000000000000114,-101.56212000000002
26722800.0,920,iso13790,native,True,20.000000000000004,1043.5924305398516,0.0,2.8000000000000114,-101.56212000000002
26726400.0,920,iso13790,native,True,19.999999999999996,978.7108114692605,0.0,4.0,500.04366799489264
26730000.0,920,iso13790,native,True,20.000000000000004,795.3821064275742,0.0,6.100000000000023,1617.2460569625198
26733600.0,920,iso13790,native,True,19.999999999999996,547.3705832753675,0.0,8.900000000000034,2494.0194735691884
26737200.0,920,iso13790,native,True,20.000000000000004,213.57085923725944,0.0,12.200000000000045,3545.7940601188075
26740800.0,920,iso13790,native,True,20.32703466999325,0.0,0.0,13.900000000000034,4183.510037284753
26744400.0,920,iso13790,native,True,21.374680124922502,0.0,0.0,15.0,4576.59491581574
26748000.0,920,iso13790,native,True,22.29138629793216,0.0,0.0,15.600000000000023,4509.696305311935
26751600.0,920,iso13790,native,True,22.937815728608893,0.0,0.0,15.600000000000023,3926.9240212928676
26755200.0,920,iso13790,native,True,23.08436835907185,0.0,0.0,13.300000000000011,3020.9786308720186
26758800.0,920,iso13790,native,True,22.32486556537198,0.0,0.0,8.300000000000011,1097.6877941535886
26762400.0,920,iso13790,native,True,21.479779868014642,0.0,0.0,5.0,-101.56212000000002
26766000.0,920,iso13790,native,True,21.02625288157745,0.0,0.0,4.400000000000034,-101.56212000000002
26769600.0,920,iso13790,native,True,20.516447434808544,0.0,0.0,3.3000000000000114,-101.56212000000002
26773200.0,920,iso13790,native,True,20.34903757352323,0.0,0.0,5.600000000000023,-101.56212000000002
26776800.0,920,iso13790,native,True,20.00254911936099,0.0,0.0,5.600000000000023,-101.56212000000002
26780400.0,920,iso13790,native,True,20.000000000000004,129.71001063258498,0.0,4.400000000000034,-101.56212000000002
26784000.0,920,iso13790,native,True,20.000000000000007,187.33799659723678,0.0,5.600000000000023,-101.56212000000002
26787600.0,920,iso13790,native,True,19.999999999999993,284.97129715631746,0.0,5.0,-101.56212000000002
26791200.0,920,iso13790,native,True,19.999999999999996,361.31757222645615,0.0,5.0,-101.56212000000002
26794800.0,920,iso13790,native,True,20.000000000000004,413.79950090544946,0.0,5.600000000000023,-101.56212000000002
26798400.0,920,iso13790,native,True,20.000000000000007,493.2513532399821,0.0,5.0,-101.56212000000002
26802000.0,920,iso13790,native,True,20.0,535.1409862619487,0.0,5.600000000000023,-101.56212000000002
26805600.0,920,iso13790,native,True,19.999999999999993,587.1160544593516,0.0,5.600000000000023,-101.56212000000002
26809200.0,920,iso13790,native,True,19.999999999999996,602.4043418917561,0.0,6.7000000000000455,-101.56212000000002
26812800.0,920,iso13790,native,True,20.000000000000004,543.1229951567384,0.0,8.300000000000011,402.0682170176311
26816400.0,920,iso13790,native,True,20.000000000000004,331.4717171612339,0.0,12.200000000000045,1373.5209695282012
26820000.0,920,iso13790,native,True,20.0,132.9422802187786,0.0,15.0,1843.0686384177939
26823600.0,920,iso13790,native,True,20.075015533875074,0.0,0.0,16.100000000000023,2045.9091628121496
26827200.0,920,iso13790,native,True,20.431333175423276,0.0,0.0,17.80000000000001,1448.6301423592513
26830800.0,920,iso13790,native,True,20.401023772447772,0.0,0.0,16.700000000000045,858.8290305146436
26834400.0,920,iso13790,native,True,20.93926982457834,0.0,0.0,17.200000000000045,1819.306991994784
26838000.0,920,iso13790,native,True,20.696232110664358,0.0,0.0,15.600000000000023,636.9439558105055
26841600.0,920,iso13790,native,True,20.508259209420782,0.0,0.0,15.0,124.98764399999999
26845200.0,920,iso13790,native,True,19.999999999999996,10.636187973301324,0.0,11.100000000000023,-79.98595200000001
26848800.0,920,iso13790,native,True,20.0,66.29021400977615,0.0,11.100000000000023,-101.56212000000002
26852400.0,920,iso13790,native,True,20.000000000000004,116.61541064416133,0.0,11.100000000000023,-101.56212000000002
26856000.0,920,iso13790,native,True,20.0,177.67932714863093,0.0,10.600000000000023,-101.56212000000002
26859600.0,920,iso13790,native,True,20.00000000000001,258.10339319566395,0.0,9.400000000000034,-101.56212000000002
26863200.0,920,iso13790,native,True,20.000000000000004,204.67582257975238,0.0,12.800000000000011,-101.56212000000002
26866800.0,920,iso13790,native,True,20.000000000000004,364.75776223784345,0.0,8.300000000000011,-101.56212000000002
26870400.0,920,iso13790,native,True,20.00000000000001,443.63743478156357,0.0,7.2000000000000455,-101.56212000000002
26874000.0,920,iso13790,native,True,20.000000000000004,491.52859753300686,0.0,7.2000000000000455,-101.56212000000002
26877600.0,920,iso13790,native,True,20.000000000000004,550.3538964181288,0.0,6.7000000000000455,-101.56212000000002
26881200.0,920,iso13790,native,True,19.999999999999993,625.7632570767036,0.0,5.600000000000023,-101.56212000000002
26884800.0,920,iso13790,native,True,20.000000000000004,720.711577569393,0.0,3.900000000000034,-101.56212000000002
26888400.0,920,iso13790,native,True,20.000000000000004,687.1699546066127,0.0,6.7000000000000455,-101.56212000000002
26892000.0,920,iso13790,native,True,20.000000000000004,769.329936577962,0.0,5.0,-101.56212000000002
26895600.0,920,iso13790,native,True,20.000000000000007,889.5523288675813,0.0,2.2000000000000455,-101.56212000000002
26899200.0,920,iso13790,native,True,19.999999999999993,642.8208050712418,0.0,10.0,534.0087578064075
26902800.0,920,iso13790,native,True,19.999999999999993,677.2845379205877,0.0,8.900000000000034,249.05060999999992
26906400.0,920,iso13790,native,True,20.000000000000004,571.6156777495262,0.0,12.200000000000045,286.8089039999999
26910000.0,920,iso13790,native,True,20.0,308.51118453647297,0.0,15.0,1862.411172449629
26913600.0,920,iso13790,native,True,20.000000000000004,71.5143334969093,0.0,15.600000000000023,2884.3721452407317
26917200.0,920,iso13790,native,True,20.000000000000004,66.77799094641436,0.0,17.80000000000001,658.997802
26920800.0,920,iso13790,native,True,20.401423149690377,0.0,0.0,17.80000000000001,2008.2949779977673
26924400.0,920,iso13790,native,True,21.067269770557953,0.0,0.0,15.600000000000023,3345.7838425772834
26928000.0,920,iso13790,native,True,21.33790004519659,0.0,0.0,14.400000000000034,2681.6071829341245
26931600.0,920,iso13790,native,True,20.814340151090907,0.0,0.0,12.200000000000045,598.1986187507573
26935200.0,920,iso13790,native,True,20.35625838807124,0.0,0.0,10.600000000000023,-101.56212000000002
26938800.0,920,iso13790,native,True,20.25223832407067,0.0,0.0,11.700000000000045,-101.56212000000002
26942400.0,920,iso13790,native,True,19.999999999999993,115.24535003320699,0.0,7.2000000000000455,-101.56212000000002
26946000.0,920,iso13790,native,True,20.000000000000004,222.0154170637943,0.0,6.100000000000023,-101.56212000000002
26949600.0,920,iso13790,native,True,20.000000000000004,230.52986456706452,0.0,8.300000000000011,-101.56212000000002
26953200.0,920,iso13790,native,True,20.0,255.15808469074736,0.0,9.400000000000034,-101.56212000000002
26956800.0,920,iso13790,native,True,20.0,367.4926207769417,0.0,7.2000000000000455,-101.56212000000002
26960400.0,920,iso13790,native,True,20.000000000000004,421.4970653315,0.0,7.2000000000000455,-101.56212000000002
26964000.0,920,iso13790,native,True,20.0,471.16576630984343,0.0,7.2000000000000455,-101.56212000000002
26967600.0,920,iso13790,native,True,20.0,466.5979627778306,0.0,8.900000000000034,-101.56212000000002
26971200.0,920,iso13790,native,True,20.000000000000004,518.2359772497127,0.0,8.300000000000011,-101.56212000000002
26974800.0,920,iso13790,native,True,20.0,617.3076260986439,0.0,6.100000000000023,-101.56212000000002
26978400.0,920,iso13790,native,True,20.0,673.8930687672054,0.0,5.600000000000023,-101.56212000000002
26982000.0,920,iso13790,native,True,20.000000000000004,699.9493591344867,0.0,6.100000000000023,-101.56212000000002
26985600.0,920,iso13790,native,True,19.999999999999996,599.4342169271814,0.0,8.900000000000034,424.10831183078716
26989200.0,920,iso13790,native,True,20.000000000000004,427.61976729372384,0.0,11.100000000000023,1398.192438614558
26992800.0,920,iso13790,native,True,19.999999999999996,262.672306605522,0.0,13.900000000000034,1520.6687427866902
26996400.0,920,iso13790,native,True,19.999999999999996,129.0839581735269,0.0,14.400000000000034,1865.8254017629654
27000000.0,920,iso13790,native,True,20.000000000000004,76.19481604953914,0.0,12.200000000000045,2064.764153888992
27003600.0,920,iso13790,native,True,20.000000000000004,49.93374895661441,0.0,10.0,2077.3803561920527
27007200.0,920,iso13790,native,True,19.999999999999996,50.354578459461635,0.0,8.300000000000011,1847.6122669475121
27010800.0,920,iso13790,native,True,20.0407759983629,0.0,0.0,10.0,1496.8880881344223
27014400.0,920,iso13790,native,True,19.999999999999996,80.51424283903428,0.0,7.800000000000011,897.7042119610737
27018000.0,920,iso13790,native,True,19.999999999999996,210.93406862062034,0.0,6.7000000000000455,44.56512401104874
27021600.0,920,iso13790,native,True,20.000000000000004,319.42258247413685,0.0,5.600000000000023,-101.56212000000002
27025200.0,920,iso13790,native,True,19.999999999999996,424.1863703153614,0.0,4.400000000000034,-101.56212000000002
27028800.0,920,iso13790,native,True,20.000000000000004,508.42119533681256,0.0,3.900000000000034,-101.56212000000002
27032400.0,920,iso13790,native,True,20.000000000000004,592.4210046085179,0.0,3.3000000000000114,-101.56212000000002
27036000.0,920,iso13790,native,True,19.999999999999996,656.2283524175957,0.0,3.3000000000000114,-101.56212000000002
27039600.0,920,iso13790,native,True,20.00000000000001,697.1780408549615,0.0,3.900000000000034,-101.56212000000002
27043200.0,920,iso13790,native,True,20.0,766.0235181606137,0.0,3.3000000000000114,-101.56212000000002
27046800.0,920,iso13790,native,True,20.000000000000004,863.1862394282732,0.0,1.7000000000000455,-101.56212000000002
27050400.0,920,iso13790,native,True,20.0,999.4483006336603,0.0,-1.099999999999966,-101.56212000000002
27054000.0,920,iso13790,native,True,20.000000000000007,946.7339216169561,0.0,2.8000000000000114,-101.56212000000002
27057600.0,920,iso13790,native,True,20.000000000000004,1035.9160911348033,0.0,1.1000000000000227,-101.56212000000002
27061200.0,920,iso13790,native,True,20.000000000000004,1094.6131489226043,0.0,0.6000000000000227,-101.56212000000002
27064800.0,920,iso13790,native,True,19.999999999999996,1137.3905987653186,0.0,0.6000000000000227,-101.56212000000002
27068400.0,920,iso13790,native,True,20.00000000000001,1176.7336636256105,0.0,0.6000000000000227,-101.56212000000002
27072000.0,920,iso13790,native,True,19.999999999999996,1098.8057555986707,0.0,2.8000000000000114,385.9729714451686
27075600.0,920,iso13790,native,True,20.0,945.6467196735229,0.0,6.100000000000023,909.4623858949234
27079200.0,920,iso13790,native,True,20.000000000000004,820.9058187709533,0.0,6.7000000000000455,1515.2682194741308
27082800.0,920,iso13790,native,True,20.000000000000004,693.342019230192,0.0,7.2000000000000455,1869.5845683559894
27086400.0,920,iso13790,native,True,20.00000000000001,580.9604673175969,0.0,7.2000000000000455,2072.2054990629813
27090000.0,920,iso13790,native,True,19.999999999999996,456.5650528627285,0.0,8.300000000000011,2038.4820316849664
27093600.0,920,iso13790,native,True,19.999999999999996,365.34214364362214,0.0,8.900000000000034,1863.5706222930614
27097200.0,920,iso13790,native,True,20.000000000000004,330.33730656403503,0.0,8.900000000000034,1442.2030757727005
27100800.0,920,iso13790,native,True,20.000000000000004,358.5275409925587,0.0,8.300000000000011,851.6340956251943
27104400.0,920,iso13790,native,True,19.999999999999993,493.31399407828746,0.0,6.100000000000023,48.71113366024606
27108000.0,920,iso13790,native,True,20.0,583.5833807966441,0.0,5.0,-101.56212000000002
27111600.0,920,iso13790,native,True,20.000000000000004,668.4695682763786,0.0,3.900000000000034,-101.56212000000002
27115200.0,920,iso13790,native,True,19.999999999999996,739.6199035727454,0.0,3.3000000000000114,-101.56212000000002
27118800.0,920,iso13790,native,True,19.999999999999996,838.902437446242,0.0,1.7000000000000455,-101.56212000000002
27122400.0,920,iso13790,native,True,20.000000000000004,879.572225588249,0.0,2.2000000000000455,-101.56212000000002
27126000.0,920,iso13790,native,True,19.999999999999996,993.2118915333207,0.0,0.0,-101.56212000000002
27129600.0,920,iso13790,native,True,20.000000000000018,1048.416683674703,0.0,0.0,-101.56212000000002
27133200.0,920,iso13790,native,True,19.99999999999999,1081.4544721076616,0.0,0.6000000000000227,-101.56212000000002
27136800.0,920,iso13790,native,True,20.000000000000004,1143.0232558239263,0.0,0.0,-101.56212000000002
27140400.0,920,iso13790,native,True,20.000000000000007,1203.935341910897,0.0,-0.5999999999999659,-101.56212000000002
27144000.0,920,iso13790,native,True,20.000000000000004,1279.0225285469357,0.0,-1.6999999999999886,-101.56212000000002
27147600.0,920,iso13790,native,True,20.000000000000004,1338.204760142004,0.0,-2.1999999999999886,-101.56212000000002
27151200.0,920,iso13790,native,True,20.00000000000001,1334.1353908460283,0.0,-0.5999999999999659,-101.56212000000002
27154800.0,920,iso13790,native,True,19.999999999999993,1381.034584101928,0.0,-1.099999999999966,-101.56212000000002
27158400.0,920,iso13790,native,True,20.00000000000001,1249.402826811361,0.0,2.8000000000000114,378.0006802810783
27162000.0,920,iso13790,native,True,20.00000000000001,1124.4903665295003,0.0,3.900000000000034,1151.5461565724895
27165600.0,920,iso13790,native,True,20.0,960.4070823468222,0.0,4.400000000000034,2044.8025069831858
27169200.0,920,iso13790,native,True,20.00000000000001,752.9072270636095,0.0,3.900000000000034,3218.905986288524
27172800.0,920,iso13790,native,True,19.999999999999993,518.6385372973301,0.0,5.600000000000023,3505.0207223146467
27176400.0,920,iso13790,native,True,20.000000000000004,431.6290959004251,0.0,4.400000000000034,3073.308432777961
27180000.0,920,iso13790,native,True,20.0,396.27621505870013,0.0,5.0,2015.2540805319911
27183600.0,920,iso13790,native,True,20.000000000000004,405.8507580075273,0.0,4.400000000000034,1487.731279704542
27187200.0,920,iso13790,native,True,20.0,511.495085084183,0.0,3.900000000000034,330.08552790872614
27190800.0,920,iso13790,native,True,20.0,642.5707662289943,0.0,1.1000000000000227,245.31586562235753
27194400.0,920,iso13790,native,True,19.999999999999993,731.9050304188887,0.0,1.1000000000000227,-101.56212000000002
27198000.0,920,iso13790,native,True,20.000000000000007,832.7444881920562,0.0,0.0,-101.56212000000002
27201600.0,920,iso13790,native,True,20.000000000000007,918.5672864378491,0.0,-0.5999999999999659,-101.56212000000002
27205200.0,920,iso13790,native,True,20.000000000000004,1016.5652302084097,0.0,-1.6999999999999886,-101.56212000000002
27208800.0,920,iso13790,native,True,20.00000000000001,1064.3048646349773,0.0,-1.099999999999966,-101.56212000000002
27212400.0,920,iso13790,native,True,20.000000000000004,1139.3951575253213,0.0,-1.6999999999999886,-101.56212000000002
27216000.0,920,iso13790,native,True,20.000000000000004,1274.8152952821367,0.0,-4.399999999999977,-101.56212000000002
27219600.0,920,iso13790,native,True,19.999999999999993,1291.551756374207,0.0,-2.7999999999999545,-101.56212000000002
27223200.0,920,iso13790,native,True,20.000000000000004,1342.8073099306534,0.0,-2.7999999999999545,-101.56212000000002
27226800.0,920,iso13790,native,True,20.000000000000004,1404.7268897077665,0.0,-3.2999999999999545,-101.56212000000002
27230400.0,920,iso13790,native,True,20.000000000000004,1468.203031854639,0.0,-3.8999999999999773,-101.56212000000002
27234000.0,920,iso13790,native,True,20.00000000000001,1513.1344539170395,0.0,-3.8999999999999773,-101.56212000000002
27237600.0,920,iso13790,native,True,19.999999999999996,1586.9725250144834,0.0,-5.0,-101.56212000000002
27241200.0,920,iso13790,native,True,20.000000000000004,1597.7128854406042,0.0,-3.8999999999999773,-101.56212000000002
27244800.0,920,iso13790,native,True,19.999999999999993,1497.3117391022224,0.0,-1.099999999999966,416.64153227186847
27248400.0,920,iso13790,native,True,20.0,1284.115626358591,0.0,2.2000000000000455,1476.8878966605594
27252000.0,920,iso13790,native,True,20.000000000000004,1037.1623260398799,0.0,5.600000000000023,2138.745425805758
27255600.0,920,iso13790,native,True,20.000000000000007,776.1416884120879,0.0,7.2000000000000455,3024.832685145637
27259200.0,920,iso13790,native,True,20.000000000000007,485.4514274257363,0.0,8.900000000000034,3735.8532221288424
27262800.0,920,iso13790,native,True,20.0,227.14325176947256,0.0,9.400000000000034,4159.407746047311
27266400.0,920,iso13790,native,True,20.144286461795243,0.0,0.0,11.100000000000023,4238.868170144004
27270000.0,920,iso13790,native,True,20.652296845835103,0.0,0.0,10.600000000000023,3746.762878653759
27273600.0,920,iso13790,native,True,20.877854048076504,0.0,0.0,10.600000000000023,2687.619849547688
27277200.0,920,iso13790,native,True,20.24402761611517,0.0,0.0,8.300000000000011,558.9561518403128
27280800.0,920,iso13790,native,True,20.000000000000004,150.39729387878907,0.0,4.400000000000034,-101.56212000000002
27284400.0,920,iso13790,native,True,20.0,241.8341831519062,0.0,4.400000000000034,-101.56212000000002
27288000.0,920,iso13790,native,True,20.000000000000004,275.68121143479135,0.0,6.100000000000023,-101.56212000000002
27291600.0,920,iso13790,native,True,19.999999999999996,460.1918219064989,0.0,2.2000000000000455,-101.56212000000002
27295200.0,920,iso13790,native,True,20.000000000000004,509.9595216431776,0.0,3.3000000000000114,-101.56212000000002
27298800.0,920,iso13790,native,True,20.0,547.8733190948655,0.0,4.400000000000034,-101.56212000000002
27302400.0,920,iso13790,native,True,19.999999999999996,571.9290890423232,0.0,5.600000000000023,-101.56212000000002
27306000.0,920,iso13790,native,True,20.000000000000004,606.1715513764491,0.0,6.100000000000023,-101.56212000000002
27309600.0,920,iso13790,native,True,20.0,616.3580123368234,0.0,7.2000000000000455,-101.56212000000002
27313200.0,920,iso13790,native,True,19.999999999999993,665.1613891778882,0.0,6.7000000000000455,-101.56212000000002
27316800.0,920,iso13790,native,True,20.000000000000004,666.3255061050787,0.0,7.800000000000011,-101.56212000000002
27320400.0,920,iso13790,native,True,19.999999999999996,677.2727467623312,0.0,8.300000000000011,-101.56212000000002
27324000.0,920,iso13790,native,True,19.999999999999996,698.5482070614697,0.0,8.300000000000011,-101.56212000000002
27327600.0,920,iso13790,native,True,20.0,783.1434994073817,0.0,6.100000000000023,-101.56212000000002
27331200.0,920,iso13790,native,True,19.99999999999999,875.9343553861156,0.0,3.3000000000000114,81.83530799999998
27334800.0,920,iso13790,native,True,20.000000000000004,860.2836346568386,0.0,4.400000000000034,211.29231599999997
27338400.0,920,iso13790,native,True,20.000000000000004,656.8497641090764,0.0,7.800000000000011,1386.9286954994257
27342000.0,920,iso13790,native,True,20.000000000000004,528.0563712625521,0.0,11.100000000000023,1061.6714232610266
27345600.0,920,iso13790,native,True,20.0,443.3615879931284,0.0,11.700000000000045,1156.0260655734007
27349200.0,920,iso13790,native,True,20.0,429.4605197956844,0.0,11.700000000000045,691.3620540000001
27352800.0,920,iso13790,native,True,19.999999999999996,232.04050145693557,0.0,13.300000000000011,1871.4235576687847
27356400.0,920,iso13790,native,True,20.000000000000004,350.5526294966342,0.0,11.700000000000045,184.32210599999996
27360000.0,920,iso13790,native,True,20.000000000000004,420.2161257423153,0.0,10.0,49.471055999999976
27363600.0,920,iso13790,native,True,19.999999999999996,470.48575267195366,0.0,9.400000000000034,-69.19786800000001
27367200.0,920,iso13790,native,True,20.000000000000004,484.0608724329541,0.0,10.0,-101.56212000000002
27370800.0,920,iso13790,native,True,20.0,573.7316135406193,0.0,7.800000000000011,-101.56212000000002
27374400.0,920,iso13790,native,True,20.000000000000004,624.6267148290852,0.0,7.2000000000000455,-101.56212000000002
27378000.0,920,iso13790,native,True,20.000000000000004,672.7662393889138,0.0,6.7000000000000455,-101.56212000000002
27381600.0,920,iso13790,native,True,20.000000000000004,785.6407732659585,0.0,4.0,-101.56212000000002
27385200.0,920,iso13790,native,True,20.000000000000007,849.6254490712998,0.0,3.3000000000000114,-101.56212000000002
27388800.0,920,iso13790,native,True,20.000000000000004,907.562228807171,0.0,2.8000000000000114,-101.56212000000002
27392400.0,920,iso13790,native,True,19.999999999999996,949.6404394755332,0.0,2.8000000000000114,-101.56212000000002
27396000.0,920,iso13790,native,True,19.999999999999996,988.3404035364418,0.0,2.8000000000000114,-101.56212000000002
27399600.0,920,iso13790,native,True,19.999999999999993,1023.9333433151648,0.0,2.8000000000000114,-101.56212000000002
27403200.0,920,iso13790,native,True,20.0,1121.6966371635624,0.0,0.6000000000000227,-101.56212000000002
27406800.0,920,iso13790,native,True,20.000000000000004,1147.520615536399,0.0,1.1000000000000227,-101.56212000000002
27410400.0,920,iso13790,native,True,19.999999999999993,1182.478435560242,0.0,1.1000000000000227,-101.56212000000002
27414000.0,920,iso13790,native,True,20.000000000000007,1196.8947788118517,0.0,1.7000000000000455,-101.56212000000002
27417600.0,920,iso13790,native,True,19.999999999999993,1209.8393693934374,0.0,1.1000000000000227,211.29231599999997
27421200.0,920,iso13790,native,True,20.000000000000004,1029.3828550635144,0.0,3.3000000000000114,1466.421993865836
27424800.0,920,iso13790,native,True,20.000000000000004,844.2046992944743,0.0,4.400000000000034,2321.3464422845627
27428400.0,920,iso13790,native,True,20.000000000000004,883.8585601991765,0.0,4.400000000000034,819.465737107458
27432000.0,920,iso13790,native,True,20.000000000000004,497.70116671219074,0.0,6.7000000000000455,3746.953203295842
27435600.0,920,iso13790,native,True,20.000000000000004,345.23601182349404,0.0,6.100000000000023,3581.7963612817007
27439200.0,920,iso13790,native,True,19.999999999999996,267.73658365355607,0.0,7.2000000000000455,2436.812058720271
27442800.0,920,iso13790,native,True,19.999999999999993,104.14691839004982,0.0,6.7000000000000455,3291.7583916457943
27446400.0,920,iso13790,native,True,20.000000000000004,158.09613787664188,0.0,5.600000000000023,1811.8481937582308
27450000.0,920,iso13790,native,True,20.0,344.8509241263315,0.0,2.8000000000000114,440.5380857235681
27453600.0,920,iso13790,native,True,19.999999999999996,486.24411608544494,0.0,1.7000000000000455,-101.56212000000002
27457200.0,920,iso13790,native,True,20.0,602.5200970992709,0.0,0.6000000000000227,-101.56212000000002
27460800.0,920,iso13790,native,True,20.000000000000004,702.5400982477086,0.0,0.0,-101.56212000000002
27464400.0,920,iso13790,native,True,20.0,763.3465674956989,0.0,0.6000000000000227,-101.56212000000002
27468000.0,920,iso13790,native,True,20.0,850.4546251613683,0.0,0.0,-101.56212000000002
27471600.0,920,iso13790,native,True,20.000000000000004,917.1206758294378,0.0,0.0,-101.56212000000002
27475200.0,920,iso13790,native,True,20.0,978.4344466375816,0.0,0.0,-101.56212000000002
27478800.0,920,iso13790,native,True,20.000000000000007,1034.8256450517772,0.0,0.0,-101.56212000000002
27482400.0,920,iso13790,native,True,20.000000000000004,1104.4243697985155,0.0,-0.5999999999999659,-101.56212000000002
27486000.0,920,iso13790,native,True,20.000000000000007,1137.2519329872334,0.0,0.0,-101.56212000000002
27489600.0,920,iso13790,native,True,20.000000000000004,1180.8924790817723,0.0,0.0,-101.56212000000002
27493200.0,920,iso13790,native,True,20.000000000000004,1221.0293465633313,0.0,0.0,-101.56212000000002
27496800.0,920,iso13790,native,True,19.999999999999993,1207.6949722123359,0.0,1.7000000000000455,-101.56212000000002
27500400.0,920,iso13790,native,True,19.999999999999996,1233.5353491765475,0.0,1.7000000000000455,-101.56212000000002
27504000.0,920,iso13790,native,True,19.999999999999986,1244.2675732167327,0.0,1.7000000000000455,27.89488799999998
27507600.0,920,iso13790,native,True,20.000000000000004,1147.0119490483082,0.0,1.7000000000000455,1143.2265089529565
27511200.0,920,iso13790,native,True,20.0,1130.2387892345469,0.0,2.8000000000000114,540.328878
27514800.0,920,iso13790,native,True,20.000000000000004,988.8132696507431,0.0,3.3000000000000114,1651.0572870776577
27518400.0,920,iso13790,native,True,19.999999999999986,954.6531970332858,0.0,5.0,750.696516
27522000.0,920,iso13790,native,True,20.000000000000007,932.3065228834778,0.0,4.400000000000034,858.5033215493804
27525600.0,920,iso13790,native,True,20.0,624.1373815866081,0.0,5.600000000000023,3272.10822242075
27529200.0,920,iso13790,native,True,19.999999999999996,563.0867900023804,0.0,2.8000000000000114,3108.8035647079414
27532800.0,920,iso13790,native,True,20.000000000000004,510.6663516920647,0.0,2.8000000000000114,2383.6985313919463
27536400.0,920,iso13790,native,True,19.999999999999996,699.80141353703,0.0,1.7000000000000455,61.89008681337027
27540000.0,920,iso13790,native,True,19.999999999999996,758.1588452193828,0.0,2.2000000000000455,-101.56212000000002
27543600.0,920,iso13790,native,True,19.99999999999999,881.5461770897858,0.0,0.0,-101.56212000000002
27547200.0,920,iso13790,native,True,20.000000000000018,963.4509346837069,0.0,-0.5999999999999659,-101.56212000000002
27550800.0,920,iso13790,native,True,20.000000000000004,1025.3314319126737,0.0,-0.5999999999999659,-101.56212000000002
27554400.0,920,iso13790,native,True,20.000000000000004,1097.0229323999326,0.0,-1.099999999999966,-101.56212000000002
27558000.0,920,iso13790,native,True,19.999999999999993,1249.2934635350805,0.0,-4.399999999999977,-101.56212000000002
27561600.0,920,iso13790,native,True,20.000000000000007,1350.8417647439169,0.0,-5.599999999999966,-101.56212000000002
27565200.0,920,iso13790,native,True,19.999999999999993,1334.5773616415308,0.0,-2.7999999999999545,-101.56212000000002
27568800.0,920,iso13790,native,True,19.999999999999986,1382.3786070722385,0.0,-2.7999999999999545,-101.56212000000002
27572400.0,920,iso13790,native,True,20.000000000000004,1426.3421323945322,0.0,-2.7999999999999545,-101.56212000000002
27576000.0,920,iso13790,native,True,20.00000000000001,1449.04115843747,0.0,-2.1999999999999886,-101.56212000000002
27579600.0,920,iso13790,native,True,20.000000000000004,1468.587261131757,0.0,-1.6999999999999886,-101.56212000000002
27583200.0,920,iso13790,native,True,19.999999999999996,1512.5502995963166,0.0,-2.1999999999999886,-101.56212000000002
27586800.0,920,iso13790,native,True,20.000000000000018,1541.776649969145,0.0,-2.1999999999999886,-101.56212000000002
27590400.0,920,iso13790,native,True,19.999999999999986,1452.7667786361085,0.0,0.6000000000000227,227.474442
27594000.0,920,iso13790,native,True,20.000000000000018,1214.888450754478,0.0,4.400000000000034,1415.197683127363
27597600.0,920,iso13790,native,True,20.000000000000004,927.6569127600299,0.0,8.900000000000034,2090.520782760141
27601200.0,920,iso13790,native,True,20.000000000000004,662.6305580886104,0.0,10.600000000000023,2869.318058848154
27604800.0,920,iso13790,native,True,20.000000000000004,337.6317530743407,0.0,12.200000000000045,3893.6322222064214
27608400.0,920,iso13790,native,True,19.999999999999993,52.11139754871727,0.0,13.900000000000034,4023.6173662758924
27612000.0,920,iso13790,native,True,20.45440551132303,0.0,0.0,13.900000000000034,3632.0917513080644
27615600.0,920,iso13790,native,True,20.905486037920298,0.0,0.0,13.300000000000011,3200.033848093177
27619200.0,920,iso13790,native,True,20.860577609953072,0.0,0.0,10.600000000000023,2334.6556464552446
27622800.0,920,iso13790,native,True,20.376904777841016,0.0,0.0,9.400000000000034,514.3226454998575
27626400.0,920,iso13790,native,True,20.0,101.38708544471231,0.0,5.600000000000023,-101.56212000000002
27630000.0,920,iso13790,native,True,20.0,238.4349152727226,0.0,3.900000000000034,-101.56212000000002
27633600.0,920,iso13790,native,True,20.000000000000004,311.59659121999135,0.0,4.400000000000034,-101.56212000000002
27637200.0,920,iso13790,native,True,20.0,404.87067987032736,0.0,3.900000000000034,-101.56212000000002
27640800.0,920,iso13790,native,True,20.000000000000004,446.9351801894289,0.0,5.0,-101.56212000000002
27644400.0,920,iso13790,native,True,19.999999999999996,510.2781946718182,0.0,5.0,-101.56212000000002
27648000.0,920,iso13790,native,True,20.0,568.5357190541716,0.0,5.0,-101.56212000000002
27651600.0,920,iso13790,native,True,20.000000000000004,622.1160416026698,0.0,5.0,-101.56212000000002
27655200.0,920,iso13790,native,True,20.000000000000004,606.3667400900298,0.0,7.2000000000000455,-101.56212000000002
27658800.0,920,iso13790,native,True,19.999999999999996,688.486231168564,0.0,5.600000000000023,-101.56212000000002
27662400.0,920,iso13790,native,True,19.99999999999999,713.3709103719797,0.0,6.100000000000023,-101.56212000000002
27666000.0,920,iso13790,native,True,19.999999999999996,729.7299525050815,0.0,6.7000000000000455,-101.56212000000002
27669600.0,920,iso13790,native,True,19.999999999999993,693.1962206697835,0.0,8.900000000000034,-101.56212000000002
27673200.0,920,iso13790,native,True,20.000000000000004,856.6976698531245,0.0,3.900000000000034,-101.56212000000002
27676800.0,920,iso13790,native,True,20.0,907.4217938900431,0.0,2.8000000000000114,98.01743399999998
27680400.0,920,iso13790,native,True,20.000000000000007,817.7481009367294,0.0,3.900000000000034,963.3130432862466
27684000.0,920,iso13790,native,True,20.0,546.6239764066428,0.0,9.400000000000034,1810.0801373393738
27687600.0,920,iso13790,native,True,20.0,323.344524157176,0.0,12.200000000000045,2288.9758541399456
27691200.0,920,iso13790,native,True,20.021028375816876,0.0,0.0,14.400000000000034,3686.8762916596233
27694800.0,920,iso13790,native,True,20.85377541673462,0.0,0.0,14.400000000000034,4045.364907599687
27698400.0,920,iso13790,native,True,21.433162302470716,0.0,0.0,15.0,3362.689898388814
27702000.0,920,iso13790,native,True,21.859450011858254,0.0,0.0,14.400000000000034,3015.4464502736823
27705600.0,920,iso13790,native,True,21.58449476023205,0.0,0.0,13.300000000000011,1138.88790390215
27709200.0,920,iso13790,native,True,20.88133099829897,0.0,0.0,10.0,-96.16807800000001
27712800.0,920,iso13790,native,True,20.45364230141726,0.0,0.0,8.300000000000011,-101.56212000000002
27716400.0,920,iso13790,native,True,20.173090278372722,0.0,0.0,8.300000000000011,-101.56212000000002
27720000.0,920,iso13790,native,True,20.0,93.24186316899582,0.0,6.100000000000023,-101.56212000000002
27723600.0,920,iso13790,native,True,20.000000000000004,191.90189402892202,0.0,5.600000000000023,-101.56212000000002
27727200.0,920,iso13790,native,True,20.0,206.40596096461783,0.0,7.800000000000011,-101.56212000000002
27730800.0,920,iso13790,native,True,19.999999999999993,301.57085538020715,0.0,6.7000000000000455,-101.56212000000002
27734400.0,920,iso13790,native,True,20.000000000000004,349.6607066982751,0.0,7.2000000000000455,-101.56212000000002
27738000.0,920,iso13790,native,True,20.0,452.3898261959945,0.0,5.600000000000023,-101.56212000000002
27741600.0,920,iso13790,native,True,20.0,528.7434565904132,0.0,5.0,-101.56212000000002
27745200.0,920,iso13790,native,True,20.000000000000004,668.2813199256842,0.0,2.2000000000000455,-101.56212000000002
27748800.0,920,iso13790,native,True,19.999999999999996,781.1495731988404,0.0,0.6000000000000227,-101.56212000000002
27752400.0,920,iso13790,native,True,19.999999999999993,931.8562487192395,0.0,-2.1999999999999886,-101.56212000000002
27756000.0,920,iso13790,native,True,20.00000000000001,1007.7035859683028,0.0,-2.1999999999999886,-101.56212000000002
27759600.0,920,iso13790,native,True,19.999999999999993,1077.461524317636,0.0,-2.1999999999999886,-101.56212000000002
27763200.0,920,iso13790,native,True,20.000000000000004,1024.0999698861629,0.0,0.6000000000000227,243.65656799999994
27766800.0,920,iso13790,native,True,19.999999999999993,866.6253788122224,0.0,3.3000000000000114,1287.7745161730713
27770400.0,920,iso13790,native,True,19.999999999999993,665.0717103210474,0.0,5.600000000000023,2190.6996836742555
27774000.0,920,iso13790,native,True,19.999999999999993,446.75955128931975,0.0,6.7000000000000455,3064.72461633096
27777600.0,920,iso13790,native,True,20.000000000000004,354.7686658947763,0.0,7.800000000000011,2252.3527581631383
27781200.0,920,iso13790,native,True,20.000000000000004,24.85988566932278,0.0,10.0,3965.987766021252
27784800.0,920,iso13790,native,True,20.689909831700323,0.0,0.0,10.600000000000023,4118.665780004081
27788400.0,920,iso13790,native,True,21.12874877100448,0.0,0.0,11.100000000000023,3286.5461387823007
27792000.0,920,iso13790,native,True,21.26221865144918,0.0,0.0,10.0,2569.3556135029
27795600.0,920,iso13790,native,True,20.41184007383934,0.0,0.0,7.800000000000011,-52.24923707305607
27799200.0,920,iso13790,native,True,19.999999999999996,33.35017934630587,0.0,5.600000000000023,-101.56212000000002
27802800.0,920,iso13790,native,True,20.0,93.09752668669206,0.0,6.7000000000000455,-101.56212000000002
27806400.0,920,iso13790,native,True,20.000000000000004,190.4386121815403,0.0,6.100000000000023,-101.56212000000002
27810000.0,920,iso13790,native,True,19.999999999999996,281.2952079050413,0.0,5.600000000000023,-101.56212000000002
27813600.0,920,iso13790,native,True,20.0,353.65026911854517,0.0,5.600000000000023,-101.56212000000002
27817200.0,920,iso13790,native,True,20.000000000000004,455.66608920042734,0.0,4.400000000000034,-101.56212000000002
27820800.0,920,iso13790,native,True,20.000000000000007,504.85960134116493,0.0,5.0,-101.56212000000002
27824400.0,920,iso13790,native,True,20.000000000000004,545.8172668639586,0.0,5.600000000000023,-101.56212000000002
27828000.0,920,iso13790,native,True,19.999999999999996,564.4212249693798,0.0,6.7000000000000455,-101.56212000000002
27831600.0,920,iso13790,native,True,20.000000000000004,606.1872254557491,0.0,6.7000000000000455,-101.56212000000002
27835200.0,920,iso13790,native,True,20.000000000000004,727.362866503456,0.0,3.900000000000034,-101.56212000000002
27838800.0,920,iso13790,native,True,19.999999999999993,725.8012107567847,0.0,5.600000000000023,-101.56212000000002
27842400.0,920,iso13790,native,True,20.0,780.2040246202463,0.0,5.0,-101.56212000000002
27846000.0,920,iso13790,native,True,20.000000000000004,849.3045355609283,0.0,3.900000000000034,-101.56212000000002
27849600.0,920,iso13790,native,True,19.999999999999996,833.9650908671878,0.0,5.0,114.19955999999999
27853200.0,920,iso13790,native,True,20.000000000000004,680.4737355148969,0.0,6.7000000000000455,1329.9161558883452
27856800.0,920,iso13790,native,True,20.000000000000004,521.7280791909639,0.0,7.800000000000011,2041.697094026224
27860400.0,920,iso13790,native,True,20.0,296.64952889485147,0.0,9.400000000000034,2884.304009563797
27864000.0,920,iso13790,native,True,20.0,30.379361223237932,0.0,10.600000000000023,3810.6738138653914
27867600.0,920,iso13790,native,True,20.773129080934154,0.0,0.0,11.700000000000045,4150.617121632922
27871200.0,920,iso13790,native,True,21.558000368621975,0.0,0.0,12.800000000000011,4017.3849961211026
27874800.0,920,iso13790,native,True,22.221617250291544,0.0,0.0,13.300000000000011,3779.722925922575
27878400.0,920,iso13790,native,True,22.37687251806239,0.0,0.0,12.200000000000045,2747.0402751947777
27882000.0,920,iso13790,native,True,21.65724865473663,0.0,0.0,8.900000000000034,629.2866434630963
27885600.0,920,iso13790,native,True,21.142063009870146,0.0,0.0,7.800000000000011,-101.56212000000002
27889200.0,920,iso13790,native,True,20.65262418290095,0.0,0.0,6.100000000000023,-101.56212000000002
27892800.0,920,iso13790,native,True,20.132430856123133,0.0,0.0,4.400000000000034,-101.56212000000002
27896400.0,920,iso13790,native,True,20.000000000000004,67.21813233123142,0.0,4.400000000000034,-101.56212000000002
27900000.0,920,iso13790,native,True,20.0,147.59816527745335,0.0,5.0,-101.56212000000002
27903600.0,920,iso13790,native,True,20.0,285.22228980685145,0.0,3.3000000000000114,-101.56212000000002
27907200.0,920,iso13790,native,True,20.000000000000004,355.95817762038365,0.0,3.900000000000034,-101.56212000000002
27910800.0,920,iso13790,native,True,20.000000000000004,401.94961523466674,0.0,5.0,-101.56212000000002
27914400.0,920,iso13790,native,True,20.000000000000004,451.16940278963534,0.0,5.600000000000023,-101.56212000000002
27918000.0,920,iso13790,native,True,20.000000000000004,495.1070492563695,0.0,6.100000000000023,-101.56212000000002
27921600.0,920,iso13790,native,True,19.999999999999993,579.2382481702134,0.0,5.0,-101.56212000000002
27925200.0,920,iso13790,native,True,20.000000000000004,649.6942091122045,0.0,4.400000000000034,-101.56212000000002
27928800.0,920,iso13790,native,True,20.000000000000004,715.8241508872073,0.0,3.900000000000034,-101.56212000000002
27932400.0,920,iso13790,native,True,20.0,830.4656671688102,0.0,1.7000000000000455,-101.56212000000002
27936000.0,920,iso13790,native,True,20.0,818.0995910733853,0.0,2.2000000000000455,431.949179481321
27939600.0,920,iso13790,native,True,20.0,561.4088228288949,0.0,8.300000000000011,1400.3873744523942
27943200.0,920,iso13790,native,True,19.999999999999993,325.0173764392803,0.0,11.100000000000023,2323.1550073129765
27946800.0,920,iso13790,native,True,20.0,84.25064662212243,0.0,12.800000000000011,3044.98746465838
27950400.0,920,iso13790,native,True,20.681012684992194,0.0,0.0,14.400000000000034,3779.188926513293
27954000.0,920,iso13790,native,True,21.42056273258269,0.0,0.0,14.400000000000034,3868.467327103692
27957600.0,920,iso13790,native,True,22.227777992343764,0.0,0.0,15.0,3969.1541972636965
27961200.0,920,iso13790,native,True,22.80681774244591,0.0,0.0,14.400000000000034,3738.753792771466
27964800.0,920,iso13790,native,True,22.911047192834577,0.0,0.0,13.300000000000011,2551.762348014741
27968400.0,920,iso13790,native,True,22.341044199938636,0.0,0.0,11.100000000000023,606.7168006890618
27972000.0,920,iso13790,native,True,21.867579564297007,0.0,0.0,10.0,-101.56212000000002
27975600.0,920,iso13790,native,True,21.36304293454808,0.0,0.0,7.800000000000011,-101.56212000000002
27979200.0,920,iso13790,native,True,20.45804321497429,0.0,0.0,2.2000000000000455,-101.56212000000002
27982800.0,920,iso13790,native,True,20.379797484751798,0.0,0.0,5.600000000000023,-101.56212000000002
27986400.0,920,iso13790,native,True,20.0,8.588159059494933,0.0,5.0,-101.56212000000002
27990000.0,920,iso13790,native,True,19.999999999999993,107.1238377141255,0.0,5.0,-101.56212000000002
27993600.0,920,iso13790,native,True,19.999999999999993,313.02537228717597,0.0,1.1000000000000227,-101.56212000000002
27997200.0,920,iso13790,native,True,20.000000000000004,429.7596678690362,0.0,0.6000000000000227,-101.56212000000002
28000800.0,920,iso13790,native,True,20.000000000000004,511.13576411864307,0.0,1.1000000000000227,-101.56212000000002
28004400.0,920,iso13790,native,True,20.000000000000004,514.4228821904998,0.0,3.900000000000034,-101.56212000000002
28008000.0,920,iso13790,native,True,20.0,597.9408463948777,0.0,3.3000000000000114,-101.56212000000002
28011600.0,920,iso13790,native,True,20.000000000000004,693.818999586129,0.0,2.2000000000000455,-101.56212000000002
28015200.0,920,iso13790,native,True,19.999999999999996,757.3439209908156,0.0,2.2000000000000455,-101.56212000000002
28018800.0,920,iso13790,native,True,19.999999999999996,798.0338576106438,0.0,2.8000000000000114,-101.56212000000002
28022400.0,920,iso13790,native,True,20.000000000000004,741.6361818961784,0.0,5.0,318.0047314227411
28026000.0,920,iso13790,native,True,19.999999999999996,547.8157025150692,0.0,8.900000000000034,1238.9671504719354
28029600.0,920,iso13790,native,True,20.000000000000004,294.0458718885144,0.0,12.200000000000045,2253.28331466668
28033200.0,920,iso13790,native,True,20.000000000000007,42.85813632502726,0.0,13.900000000000034,3067.4563912972294
28036800.0,920,iso13790,native,True,20.618544073096736,0.0,0.0,13.900000000000034,3627.1760791199877
28040400.0,920,iso13790,native,True,21.50311382891109,0.0,0.0,15.0,3921.383641675077
28044000.0,920,iso13790,native,True,22.147242581377967,0.0,0.0,14.400000000000034,3850.202736136788
28047600.0,920,iso13790,native,True,22.61178215195608,0.0,0.0,13.900000000000034,3379.322947845308
28051200.0,920,iso13790,native,True,22.70888494663694,0.0,0.0,13.300000000000011,2264.2958853305286
28054800.0,920,iso13790,native,True,22.24670087347157,0.0,0.0,12.200000000000045,456.6720859900155
28058400.0,920,iso13790,native,True,21.53054214381379,0.0,0.0,8.300000000000011,-101.56212000000002
28062000.0,920,iso13790,native,True,20.76012715600384,0.0,0.0,3.900000000000034,-101.56212000000002
28065600.0,920,iso13790,native,True,20.475632172163436,0.0,0.0,5.0,-101.56212000000002
28069200.0,920,iso13790,native,True,20.0,19.12445703670283,0.0,3.3000000000000114,-101.56212000000002
28072800.0,920,iso13790,native,True,19.999999999999996,208.7658899583979,0.0,0.6000000000000227,-101.56212000000002
28076400.0,920,iso13790,native,True,20.000000000000004,257.635602502425,0.0,2.8000000000000114,-101.56212000000002
28080000.0,920,iso13790,native,True,19.999999999999993,384.407098739897,0.0,1.7000000000000455,-101.56212000000002
28083600.0,920,iso13790,native,True,19.999999999999993,461.56601775750727,0.0,2.2000000000000455,-101.56212000000002
28087200.0,920,iso13790,native,True,19.999999999999996,443.2396441187376,0.0,5.600000000000023,-101.56212000000002
28090800.0,920,iso13790,native,True,20.0,520.327896329748,0.0,5.0,-101.56212000000002
28094400.0,920,iso13790,native,True,20.0,577.7785810201891,0.0,5.0,-101.56212000000002
28098000.0,920,iso13790,native,True,20.000000000000004,630.6168409528126,0.0,5.0,-101.56212000000002
28101600.0,920,iso13790,native,True,20.0,646.6990188239972,0.0,6.100000000000023,-101.56212000000002
28105200.0,920,iso13790,native,True,20.000000000000007,686.1457000502477,0.0,6.100000000000023,-101.56212000000002
28108800.0,920,iso13790,native,True,20.0,611.4058567429313,0.0,8.300000000000011,355.2537825096551
28112400.0,920,iso13790,native,True,20.0,381.4237784414099,0.0,13.300000000000011,1159.6462179436
28116000.0,920,iso13790,native,True,19.999999999999996,105.51106471290663,0.0,17.80000000000001,1909.9595864973296
28119600.0,920,iso13790,native,True,20.779432201830087,0.0,0.0,20.0,3267.6562915670393
28123200.0,920,iso13790,native,True,21.648862742707554,0.0,0.0,21.100000000000023,3315.2325711174835
28126800.0,920,iso13790,native,True,22.728036270101303,0.0,0.0,21.100000000000023,4226.489624113485
28130400.0,920,iso13790,native,True,23.32979564967752,0.0,0.0,19.400000000000034,3829.770681933969
28134000.0,920,iso13790,native,True,23.07178804915027,0.0,0.0,18.900000000000034,1082.249451487916
28137600.0,920,iso13790,native,True,23.177606493141248,0.0,0.0,18.30000000000001,1056.3916815082855
28141200.0,920,iso13790,native,True,22.868949652862913,0.0,0.0,17.80000000000001,-90.77403600000002
28144800.0,920,iso13790,native,True,22.535602982280118,0.0,0.0,15.600000000000023,-101.56212000000002
28148400.0,920,iso13790,native,True,21.735905684391547,0.0,0.0,9.400000000000034,-101.56212000000002
28152000.0,920,iso13790,native,True,21.513791979066717,0.0,0.0,10.0,-101.56212000000002
28155600.0,920,iso13790,native,True,20.902617341287186,0.0,0.0,6.7000000000000455,-101.56212000000002
28159200.0,920,iso13790,native,True,20.328247246128544,0.0,0.0,4.400000000000034,-101.56212000000002
28162800.0,920,iso13790,native,True,20.014869530083473,0.0,0.0,5.0,-101.56212000000002
28166400.0,920,iso13790,native,True,20.000000000000004,62.636137546653515,0.0,6.100000000000023,-101.56212000000002
28170000.0,920,iso13790,native,True,20.0,199.22312784062518,0.0,4.400000000000034,-101.56212000000002
28173600.0,920,iso13790,native,True,20.000000000000004,301.5191132256262,0.0,3.900000000000034,-101.56212000000002
28177200.0,920,iso13790,native,True,19.999999999999996,434.64400923694797,0.0,2.2000000000000455,-101.56212000000002
28180800.0,920,iso13790,native,True,19.99999999999999,566.2698199174291,0.0,0.6000000000000227,-101.56212000000002
28184400.0,920,iso13790,native,True,20.0,686.9350626831399,0.0,-0.5999999999999659,-101.56212000000002
28188000.0,920,iso13790,native,True,20.000000000000007,753.2807297315358,0.0,0.0,-101.56212000000002
28191600.0,920,iso13790,native,True,20.000000000000007,845.4832710360499,0.0,-0.5999999999999659,-101.56212000000002
28195200.0,920,iso13790,native,True,19.999999999999993,873.2190395484649,0.0,0.6000000000000227,-20.65149000000001
28198800.0,920,iso13790,native,True,19.999999999999996,666.2190668695025,0.0,6.100000000000023,973.2399084163018
28202400.0,920,iso13790,native,True,20.000000000000004,524.8079254272927,0.0,8.900000000000034,1283.0458104656118
28206000.0,920,iso13790,native,True,19.999999999999996,377.2475067102125,0.0,8.300000000000011,2379.1570592582257
28209600.0,920,iso13790,native,True,20.000000000000004,169.84073906967217,0.0,8.900000000000034,3215.803475787344
28213200.0,920,iso13790,native,True,20.0,3.868435424069289,0.0,8.900000000000034,3434.703957273166
28216800.0,920,iso13790,native,True,20.438109220068636,0.0,0.0,10.0,2944.3812666133335
28220400.0,920,iso13790,native,True,20.788610706204114,0.0,0.0,10.600000000000023,2569.9133195997033
28224000.0,920,iso13790,native,True,20.789172020202948,0.0,0.0,8.900000000000034,2101.7038937741727
28227600.0,920,iso13790,native,True,20.000000000000004,24.649554981179172,0.0,6.100000000000023,-90.77403600000002
28231200.0,920,iso13790,native,True,19.999999999999996,179.49569565375594,0.0,3.900000000000034,-101.56212000000002
28234800.0,920,iso13790,native,True,19.999999999999996,289.9032688431773,0.0,3.3000000000000114,-101.56212000000002
28238400.0,920,iso13790,native,True,19.999999999999996,457.80524117882743,0.0,0.6000000000000227,-101.56212000000002
28242000.0,920,iso13790,native,True,19.999999999999996,619.6925216587155,0.0,-1.6999999999999886,-101.56212000000002
28245600.0,920,iso13790,native,True,19.999999999999993,731.8090231189844,0.0,-2.1999999999999886,-101.56212000000002
28249200.0,920,iso13790,native,True,20.000000000000004,823.7171398185176,0.0,-2.1999999999999886,-101.56212000000002
28252800.0,920,iso13790,native,True,20.000000000000007,893.467343659351,0.0,-1.6999999999999886,-101.56212000000002
28256400.0,920,iso13790,native,True,20.000000000000004,968.8247747869311,0.0,-1.6999999999999886,-101.56212000000002
28260000.0,920,iso13790,native,True,20.000000000000004,1052.9112143470024,0.0,-2.1999999999999886,-101.56212000000002
28263600.0,920,iso13790,native,True,20.000000000000004,1151.5536265239296,0.0,-3.2999999999999545,-101.56212000000002
28267200.0,920,iso13790,native,True,20.000000000000007,1267.869734394075,0.0,-5.0,-101.56212000000002
28270800.0,920,iso13790,native,True,20.000000000000007,1354.478098978669,0.0,-5.599999999999966,-101.56212000000002
28274400.0,920,iso13790,native,True,20.00000000000001,1420.6845743945632,0.0,-5.599999999999966,-101.56212000000002
28278000.0,920,iso13790,native,True,20.000000000000007,1496.3547421707294,0.0,-6.099999999999966,-101.56212000000002
28281600.0,920,iso13790,native,True,20.00000000000001,1543.0977619617133,0.0,-6.0,-15.25744800000001
28285200.0,920,iso13790,native,True,20.000000000000018,1535.053383739974,0.0,-5.599999999999966,430.67014075529397
28288800.0,920,iso13790,native,True,19.999999999999996,1463.2773346912418,0.0,-5.0,1159.6812533372977
28292400.0,920,iso13790,native,True,20.00000000000001,1463.2329538760287,0.0,-4.399999999999977,750.696516
28296000.0,920,iso13790,native,True,19.999999999999996,1490.1953075887018,0.0,-4.399999999999977,454.024206
28299600.0,920,iso13790,native,True,19.999999999999986,1467.7435178545195,0.0,-3.8999999999999773,658.997802
28303200.0,920,iso13790,native,True,20.00000000000001,1475.7096598967007,0.0,-3.8999999999999773,567.299088
28306800.0,920,iso13790,native,True,20.000000000000004,1520.6514207020782,0.0,-3.8999999999999773,157.35189599999995
28310400.0,920,iso13790,native,True,20.000000000000007,1542.91737374362,0.0,-3.8999999999999773,184.32210599999996
28314000.0,920,iso13790,native,True,20.000000000000004,1567.8772835740222,0.0,-3.8999999999999773,150.49402921226795
28317600.0,920,iso13790,native,True,20.00000000000001,1629.6396782484367,0.0,-4.399999999999977,-101.56212000000002
28321200.0,920,iso13790,native,True,20.00000000000001,1682.9170162339421,0.0,-5.0,-101.56212000000002
28324800.0,920,iso13790,native,True,20.000000000000004,1718.4684445123896,0.0,-5.0,-101.56212000000002
28328400.0,920,iso13790,native,True,19.999999999999993,1780.7237790117385,0.0,-6.0,-101.56212000000002
28332000.0,920,iso13790,native,True,20.000000000000004,1803.743451137395,0.0,-5.599999999999966,-101.56212000000002
28335600.0,920,iso13790,native,True,19.999999999999993,1848.6597600812192,0.0,-6.099999999999966,-101.56212000000002
28339200.0,920,iso13790,native,True,19.999999999999993,1878.7628476703337,0.0,-6.099999999999966,-101.56212000000002
28342800.0,920,iso13790,native,True,19.999999999999993,1906.4491106866699,0.0,-6.099999999999966,-101.56212000000002
28346400.0,920,iso13790,native,True,20.000000000000004,1931.9125837453926,0.0,-6.099999999999966,-101.56212000000002
28350000.0,920,iso13790,native,True,19.999999999999996,1955.3317234042765,0.0,-6.099999999999966,-101.56212000000002
28353600.0,920,iso13790,native,True,19.99999999999999,1994.6055491456482,0.0,-6.699999999999989,-101.56212000000002
28357200.0,920,iso13790,native,True,20.000000000000007,2017.2777363164985,0.0,-6.699999999999989,-101.56212000000002
28360800.0,920,iso13790,native,True,19.999999999999996,2038.1296883067837,0.0,-6.699999999999989,-101.56212000000002
28364400.0,920,iso13790,native,True,19.999999999999996,2072.086617837053,0.0,-7.199999999999989,-101.56212000000002
28368000.0,920,iso13790,native,True,20.000000000000004,2092.110199128309,0.0,-7.199999999999989,-101.56212000000002
28371600.0,920,iso13790,native,True,19.999999999999996,2064.908729043443,0.0,-7.199999999999989,351.53740799999997
28375200.0,920,iso13790,native,True,20.000000000000018,2056.2192467093982,0.0,-6.699999999999989,222.08039999999997
28378800.0,920,iso13790,native,True,20.000000000000004,1728.7747025131262,0.0,-5.599999999999966,3132.1500679232377
28382400.0,920,iso13790,native,True,20.00000000000001,1423.7658525736254,0.0,-3.8999999999999773,4069.184750238512
28386000.0,920,iso13790,native,True,19.999999999999993,1208.1110112971937,0.0,-3.2999999999999545,3998.4665793960926
28389600.0,920,iso13790,native,True,19.999999999999996,1324.5237439127616,0.0,-1.6999999999999886,507.96462599999995
28393200.0,920,iso13790,native,True,20.000000000000004,1195.6286738203592,0.0,-1.6999999999999886,1824.9482298625078
28396800.0,920,iso13790,native,True,20.000000000000007,1106.7309079537738,0.0,-1.6999999999999886,2052.2459780648173
28400400.0,920,iso13790,native,True,19.999999999999996,1342.7057207098337,0.0,-6.699999999999989,454.310532470864
28404000.0,920,iso13790,native,True,20.000000000000018,1472.40275196503,0.0,-7.7999999999999545,-101.56212000000002
28407600.0,920,iso13790,native,True,19.999999999999982,1527.1233744469482,0.0,-7.199999999999989,-101.56212000000002
28411200.0,920,iso13790,native,True,20.00000000000001,1623.41326243616,0.0,-8.299999999999955,-101.56212000000002
28414800.0,920,iso13790,native,True,20.000000000000007,1572.0400755949026,0.0,-4.399999999999977,-101.56212000000002
28418400.0,920,iso13790,native,True,19.99999999999999,1694.969725302533,0.0,-7.199999999999989,-101.56212000000002
28422000.0,920,iso13790,native,True,20.000000000000018,1810.298044676713,0.0,-9.399999999999977,-101.56212000000002
28425600.0,920,iso13790,native,True,20.000000000000007,1902.5256974054696,0.0,-10.599999999999966,-101.56212000000002
28429200.0,920,iso13790,native,True,19.999999999999993,1975.2308501664024,0.0,-11.099999999999966,-101.56212000000002
28432800.0,920,iso13790,native,True,20.0,2128.4336525635326,0.0,-14.399999999999977,-101.56212000000002
28436400.0,920,iso13790,native,True,19.999999999999996,2195.3695970952026,0.0,-14.399999999999977,-101.56212000000002
28440000.0,920,iso13790,native,True,19.999999999999986,2242.152518105597,0.0,-13.899999999999977,-101.56212000000002
28443600.0,920,iso13790,native,True,19.999999999999993,2346.635449166386,0.0,-15.599999999999966,-101.56212000000002
28447200.0,920,iso13790,native,True,19.999999999999996,2419.404847778827,0.0,-16.099999999999966,-101.56212000000002
28450800.0,920,iso13790,native,True,19.999999999999986,2475.1248414112147,0.0,-16.099999999999966,-101.56212000000002
28454400.0,920,iso13790,native,True,19.99999999999999,2511.5922834642943,0.0,-15.599999999999966,-101.56212000000002
28458000.0,920,iso13790,native,True,20.000000000000018,2276.0841005030056,0.0,-11.099999999999966,1360.9450300963897
28461600.0,920,iso13790,native,True,20.0,2026.7595490339743,0.0,-8.299999999999955,2445.2178612089006
28465200.0,920,iso13790,native,True,19.999999999999996,1776.325988686618,0.0,-7.199999999999989,3385.062841046282
28468800.0,920,iso13790,native,True,19.999999999999996,1444.8551181603052,0.0,-3.8999999999999773,4038.0957294799778
28472400.0,920,iso13790,native,True,20.000000000000004,1183.9095974556085,0.0,-2.1999999999999886,4096.237604560068
28476000.0,920,iso13790,native,True,20.0,1109.341890259155,0.0,-1.6999999999999886,2707.825616897796
28479600.0,920,iso13790,native,True,19.999999999999993,993.0969491662397,0.0,-1.6999999999999886,2742.4785405896855
28483200.0,920,iso13790,native,True,20.000000000000004,986.1402760645915,0.0,-3.2999999999999545,2233.132907182682
28486800.0,920,iso13790,native,True,19.999999999999996,1226.5998556812315,0.0,-5.599999999999966,-101.56212000000002
28490400.0,920,iso13790,native,True,20.000000000000004,1335.5869937003467,0.0,-6.699999999999989,-101.56212000000002
28494000.0,920,iso13790,native,True,20.000000000000004,1443.6824114233807,0.0,-7.7999999999999545,-101.56212000000002
28497600.0,920,iso13790,native,True,19.999999999999993,1565.7367758093353,0.0,-9.399999999999977,-101.56212000000002
28501200.0,920,iso13790,native,True,20.0,1544.5873380304126,0.0,-6.099999999999966,-101.56212000000002
28504800.0,920,iso13790,native,True,19.999999999999996,1599.102861697434,0.0,-6.099999999999966,-101.56212000000002
28508400.0,920,iso13790,native,True,20.000000000000007,1634.4625345837244,0.0,-5.599999999999966,-101.56212000000002
28512000.0,920,iso13790,native,True,20.000000000000004,1743.2184075563418,0.0,-7.7999999999999545,-101.56212000000002
28515600.0,920,iso13790,native,True,19.999999999999996,1743.6826459038691,0.0,-6.099999999999966,-101.56212000000002
28519200.0,920,iso13790,native,True,20.000000000000004,1749.699849230436,0.0,-5.0,-101.56212000000002
28522800.0,920,iso13790,native,True,20.000000000000004,1747.375656239453,0.0,-3.8999999999999773,-101.56212000000002
28526400.0,920,iso13790,native,True,19.999999999999993,1784.672796227626,0.0,-4.399999999999977,-101.56212000000002
28530000.0,920,iso13790,native,True,20.0,1807.7684193814885,0.0,-4.399999999999977,-101.56212000000002
28533600.0,920,iso13790,native,True,19.999999999999993,1829.009811822413,0.0,-4.399999999999977,-101.56212000000002
28537200.0,920,iso13790,native,True,20.0,1783.5179092568208,0.0,-2.1999999999999886,-101.56212000000002
28540800.0,920,iso13790,native,True,20.0,1776.2105661704902,0.0,-1.6999999999999886,-101.56212000000002
28544400.0,920,iso13790,native,True,20.000000000000004,1603.5149811000838,0.0,-0.5999999999999659,1335.366471428552
28548000.0,920,iso13790,native,True,20.000000000000007,1371.5167455116482,0.0,1.1000000000000227,2377.213614344468
28551600.0,920,iso13790,native,True,20.000000000000004,1200.3807197853787,0.0,1.7000000000000455,2572.798100195584
28555200.0,920,iso13790,native,True,20.000000000000004,852.9102358030642,0.0,4.400000000000034,3879.1054036307587
28558800.0,920,iso13790,native,True,20.000000000000004,558.9479685924872,0.0,5.600000000000023,4391.073106237632
28562400.0,920,iso13790,native,True,19.999999999999993,345.5717293974934,0.0,5.600000000000023,4295.060907287481
28566000.0,920,iso13790,native,True,19.999999999999996,161.96812753647148,0.0,6.7000000000000455,3808.507774522944
28569600.0,920,iso13790,native,True,20.0,115.19593658559523,0.0,6.7000000000000455,2647.9520709804888
28573200.0,920,iso13790,native,True,20.0,417.979803556626,0.0,2.8000000000000114,-101.56212000000002
28576800.0,920,iso13790,native,True,20.000000000000007,599.861821420783,0.0,-0.5999999999999659,-101.56212000000002
28580400.0,920,iso13790,native,True,19.999999999999996,723.4470142418608,0.0,-1.6999999999999886,-101.56212000000002
28584000.0,920,iso13790,native,True,19.999999999999993,844.9684828169078,0.0,-2.7999999999999545,-101.56212000000002
28587600.0,920,iso13790,native,True,20.00000000000001,964.5919131226402,0.0,-3.8999999999999773,-101.56212000000002
28591200.0,920,iso13790,native,True,19.999999999999986,1017.4417579524836,0.0,-2.7999999999999545,-101.56212000000002
28594800.0,920,iso13790,native,True,20.0,1137.9972570076961,0.0,-4.399999999999977,-101.56212000000002
28598400.0,920,iso13790,native,True,20.000000000000004,1230.7460771512278,0.0,-5.0,-101.56212000000002
28602000.0,920,iso13790,native,True,20.000000000000007,1302.6000220215903,0.0,-5.0,-101.56212000000002
28605600.0,920,iso13790,native,True,20.000000000000004,1336.171211711365,0.0,-3.8999999999999773,-101.56212000000002
28609200.0,920,iso13790,native,True,19.999999999999996,1373.9679101978743,0.0,-3.2999999999999545,-101.56212000000002
28612800.0,920,iso13790,native,True,20.000000000000004,1439.9135351608563,0.0,-3.8999999999999773,-101.56212000000002
28616400.0,920,iso13790,native,True,19.999999999999996,1422.088246665689,0.0,-1.6999999999999886,-101.56212000000002
28620000.0,920,iso13790,native,True,20.000000000000004,1437.2704901568538,0.0,-1.099999999999966,-101.56212000000002
28623600.0,920,iso13790,native,True,20.000000000000018,1449.9032947335077,0.0,-0.5999999999999659,-101.56212000000002
28627200.0,920,iso13790,native,True,19.999999999999993,1422.4801377085168,0.0,1.1000000000000227,-101.56212000000002
28630800.0,920,iso13790,native,True,20.00000000000001,1206.664460591717,0.0,3.900000000000034,1347.9560577398802
28634400.0,920,iso13790,native,True,19.999999999999996,904.3766160690959,0.0,7.800000000000011,2431.6180763943885
28638000.0,920,iso13790,native,True,19.999999999999996,565.6516518811226,0.0,11.100000000000023,3363.3543865256156
28641600.0,920,iso13790,native,True,20.0,249.01547155524912,0.0,12.800000000000011,4018.8037854775803
28645200.0,920,iso13790,native,True,20.157067174476406,0.0,0.0,13.900000000000034,4353.561627228885
28648800.0,920,iso13790,native,True,21.006077233541628,0.0,0.0,14.400000000000034,4253.266094601415
28652400.0,920,iso13790,native,True,21.688227011535997,0.0,0.0,15.0,3742.8879456074947
28656000.0,920,iso13790,native,True,21.67180619182782,0.0,0.0,12.200000000000045,2593.573802509777
28659600.0,920,iso13790,native,True,20.551501444131322,0.0,0.0,7.2000000000000455,-101.56212000000002
28663200.0,920,iso13790,native,True,20.072334290242292,0.0,0.0,5.600000000000023,-101.56212000000002
28666800.0,920,iso13790,native,True,20.0,125.36408118592698,0.0,3.900000000000034,-101.56212000000002
28670400.0,920,iso13790,native,True,20.0,207.60364223307636,0.0,4.400000000000034,-101.56212000000002
28674000.0,920,iso13790,native,True,20.000000000000004,244.1988674305557,0.0,6.100000000000023,-101.56212000000002
28677600.0,920,iso13790,native,True,20.000000000000004,348.4742146000519,0.0,5.0,-101.56212000000002
28681200.0,920,iso13790,native,True,20.0,419.7221617705413,0.0,5.0,-101.56212000000002
28684800.0,920,iso13790,native,True,20.000000000000007,517.7639373438717,0.0,3.900000000000034,-101.56212000000002
28688400.0,920,iso13790,native,True,20.000000000000004,601.013665136627,0.0,3.3000000000000114,-101.56212000000002
28692000.0,920,iso13790,native,True,20.000000000000004,613.882295867245,0.0,5.0,-101.56212000000002
28695600.0,920,iso13790,native,True,19.999999999999996,663.8219712293422,0.0,5.0,-101.56212000000002
28699200.0,920,iso13790,native,True,19.999999999999993,709.7522427648574,0.0,5.0,-101.56212000000002
28702800.0,920,iso13790,native,True,19.999999999999993,734.2601149198296,0.0,5.600000000000023,-101.56212000000002
28706400.0,920,iso13790,native,True,19.999999999999993,755.4698406250683,0.0,6.100000000000023,-101.56212000000002
28710000.0,920,iso13790,native,True,19.999999999999996,786.1838629786366,0.0,6.100000000000023,-101.56212000000002
28713600.0,920,iso13790,native,True,20.000000000000004,814.4320118986824,0.0,6.100000000000023,-101.56212000000002
28717200.0,920,iso13790,native,True,20.0,614.9936351519809,0.0,8.900000000000034,1315.379508669013
28720800.0,920,iso13790,native,True,20.000000000000004,354.88896637993,0.0,11.700000000000045,2439.7035389638945
28724400.0,920,iso13790,native,True,20.000000000000004,85.83189551429695,0.0,13.300000000000011,3335.123983247099
28728000.0,920,iso13790,native,True,20.438342979184533,0.0,0.0,12.200000000000045,3988.011789748722
28731600.0,920,iso13790,native,True,21.38971086280961,0.0,0.0,13.300000000000011,4358.757663789313
28735200.0,920,iso13790,native,True,22.00055390628158,0.0,0.0,12.200000000000045,4189.897624502398
28738800.0,920,iso13790,native,True,22.43577871818175,0.0,0.0,12.200000000000045,3430.936300889859
28742400.0,920,iso13790,native,True,22.400268633614136,0.0,0.0,10.0,2492.233795365093
28746000.0,920,iso13790,native,True,21.156872435439897,0.0,0.0,4.400000000000034,-101.56212000000002
28749600.0,920,iso13790,native,True,20.528122539959462,0.0,0.0,2.2000000000000455,-101.56212000000002
28753200.0,920,iso13790,native,True,20.15377560905012,0.0,0.0,2.8000000000000114,-101.56212000000002
28756800.0,920,iso13790,native,True,20.0,137.82668064312875,0.0,0.6000000000000227,-101.56212000000002
28760400.0,920,iso13790,native,True,20.0,257.4196744261426,0.0,0.6000000000000227,-101.56212000000002
28764000.0,920,iso13790,native,True,20.0,417.6600077569986,0.0,-1.099999999999966,-101.56212000000002
28767600.0,920,iso13790,native,True,19.999999999999996,544.6661440085086,0.0,-1.6999999999999886,-101.56212000000002
28771200.0,920,iso13790,native,True,19.999999999999996,680.5410239751184,0.0,-2.7999999999999545,-101.56212000000002
28774800.0,920,iso13790,native,True,19.999999999999996,795.630612605386,0.0,-3.2999999999999545,-101.56212000000002
28778400.0,920,iso13790,native,True,19.999999999999993,890.2731223506568,0.0,-3.2999999999999545,-101.56212000000002
28782000.0,920,iso13790,native,True,19.999999999999996,944.8032983578264,0.0,-2.1999999999999886,-101.56212000000002
28785600.0,920,iso13790,native,True,20.000000000000004,1069.8600383528162,0.0,-3.8999999999999773,-101.56212000000002
28789200.0,920,iso13790,native,True,20.000000000000004,1179.2863691876876,0.0,-5.0,-101.56212000000002
28792800.0,920,iso13790,native,True,19.999999999999993,1287.7857191577352,0.0,-6.099999999999966,-101.56212000000002
28796400.0,920,iso13790,native,True,20.0,1362.9185453185164,0.0,-6.099999999999966,-101.56212000000002
28800000.0,920,iso13790,native,True,20.000000000000018,1381.770481213397,0.0,-4.399999999999977,-101.56212000000002
28803600.0,920,iso13790,native,True,20.000000000000007,1145.230831105694,0.0,0.6000000000000227,1330.6330421249693
28807200.0,920,iso13790,native,True,19.999999999999996,923.5975409036948,0.0,2.8000000000000114,2405.8968150123724
28810800.0,920,iso13790,native,True,20.00000000000001,669.9011282707812,0.0,4.400000000000034,3347.1715310109066
28814400.0,920,iso13790,native,True,20.0,408.8163087772657,0.0,5.600000000000023,3999.7010298617824
28818000.0,920,iso13790,native,True,19.999999999999996,141.92142355292526,0.0,7.2000000000000455,4321.556299061264
28821600.0,920,iso13790,native,True,20.000000000000004,15.158965700056141,0.0,6.7000000000000455,3773.034108653246
28825200.0,920,iso13790,native,True,20.000000000000004,118.42843652748887,0.0,7.800000000000011,937.7182954407191
28828800.0,920,iso13790,native,True,19.999999999999993,36.520214271298286,0.0,7.800000000000011,1816.2040920320892
28832400.0,920,iso13790,native,True,20.0,239.5568210907539,0.0,6.100000000000023,-101.56212000000002
28836000.0,920,iso13790,native,True,19.999999999999996,459.4816416113247,0.0,1.1000000000000227,-101.56212000000002
28839600.0,920,iso13790,native,True,19.999999999999993,549.6786291886381,0.0,1.1000000000000227,-101.56212000000002
28843200.0,920,iso13790,native,True,19.999999999999993,632.634157054478,0.0,1.1000000000000227,-101.56212000000002
28846800.0,920,iso13790,native,True,19.999999999999993,723.7086806141142,0.0,0.6000000000000227,-101.56212000000002
28850400.0,920,iso13790,native,True,19.999999999999993,775.5734679922771,0.0,1.3000000000000114,-101.56212000000002
28854000.0,920,iso13790,native,True,20.000000000000007,818.2735541709591,0.0,2.0,-101.56212000000002
28857600.0,920,iso13790,native,True,20.00000000000001,852.5447266335993,0.0,2.7000000000000455,-101.56212000000002
28861200.0,920,iso13790,native,True,19.999999999999996,876.1078851601197,0.0,3.5,-101.56212000000002
28864800.0,920,iso13790,native,True,20.0,895.0199606934294,0.0,4.2000000000000455,-101.56212000000002
28868400.0,920,iso13790,native,True,20.000000000000004,907.4129415116587,0.0,4.900000000000034,-101.56212000000002
28872000.0,920,iso13790,native,True,19.999999999999993,913.8102127411001,0.0,5.600000000000023,-101.56212000000002
28875600.0,920,iso13790,native,True,20.00000000000001,1018.1466663061728,0.0,2.8000000000000114,-101.56212000000002
28879200.0,920,iso13790,native,True,20.00000000000001,1018.8326465275451,0.0,3.900000000000034,-101.56212000000002
28882800.0,920,iso13790,native,True,20.000000000000004,993.8703570585249,0.0,5.600000000000023,-101.56212000000002
28886400.0,920,iso13790,native,True,20.000000000000004,942.0974123781881,0.0,7.2000000000000455,93.37402236794665
28890000.0,920,iso13790,native,True,20.0,730.0887083475608,0.0,11.100000000000023,1014.6627186256444
28893600.0,920,iso13790,native,True,20.000000000000004,426.6838052081754,0.0,15.0,2179.8073792476603
28897200.0,920,iso13790,native,True,20.000000000000004,89.84808228200103,0.0,18.30000000000001,3114.8575472061775
28900800.0,920,iso13790,native,True,20.777709930673876,0.0,0.0,20.0,3708.458401241937
28904400.0,920,iso13790,native,True,21.87281890341194,0.0,0.0,21.100000000000023,4120.084522958121
28908000.0,920,iso13790,native,True,22.624977826162517,0.0,0.0,19.400000000000034,4147.000448154579
28911600.0,920,iso13790,native,True,23.233268291700924,0.0,0.0,18.900000000000034,3577.5269448085296
28915200.0,920,iso13790,native,True,23.29725220189581,0.0,0.0,16.700000000000045,2409.375685556556
28918800.0,920,iso13790,native,True,22.610594666820425,0.0,0.0,13.300000000000011,362.9378900751116
28922400.0,920,iso13790,native,True,21.87387599124572,0.0,0.0,8.900000000000034,-101.56212000000002
28926000.0,920,iso13790,native,True,21.278164976149466,0.0,0.0,6.100000000000023,-101.56212000000002
28929600.0,920,iso13790,native,True,20.920774471833987,0.0,0.0,6.100000000000023,-101.56212000000002
28933200.0,920,iso13790,native,True,20.393768744168543,0.0,0.0,4.400000000000034,-101.56212000000002
28936800.0,920,iso13790,native,True,20.000000000000004,28.111031786087846,0.0,3.3000000000000114,-101.56212000000002
28940400.0,920,iso13790,native,True,20.0,119.48908145372106,0.0,3.900000000000034,-101.56212000000002
28944000.0,920,iso13790,native,True,19.999999999999993,267.2282475949024,0.0,2.2000000000000455,-101.56212000000002
28947600.0,920,iso13790,native,True,20.000000000000004,379.7810570613597,0.0,1.7000000000000455,-101.56212000000002
28951200.0,920,iso13790,native,True,20.000000000000004,504.6044183524065,0.0,0.6000000000000227,-101.56212000000002
28954800.0,920,iso13790,native,True,20.000000000000004,644.9995394149663,0.0,-1.099999999999966,-101.56212000000002
28958400.0,920,iso13790,native,True,20.000000000000004,638.4769481286099,0.0,2.2000000000000455,-101.56212000000002
28962000.0,920,iso13790,native,True,19.999999999999993,753.7380435951836,0.0,0.6000000000000227,-101.56212000000002
28965600.0,920,iso13790,native,True,19.999999999999996,906.6454521177202,0.0,-2.1999999999999886,-101.56212000000002
28969200.0,920,iso13790,native,True,20.0,854.4609744632425,0.0,2.2000000000000455,-101.56212000000002
28972800.0,920,iso13790,native,True,20.000000000000004,852.1221815436814,0.0,3.3000000000000114,101.5853474056222
28976400.0,920,iso13790,native,True,20.000000000000004,660.6213443856055,0.0,7.2000000000000455,1162.7039493292507
28980000.0,920,iso13790,native,True,19.999999999999996,410.4840595524785,0.0,10.600000000000023,2188.300783149904
28983600.0,920,iso13790,native,True,20.0,108.00105778193785,0.0,13.900000000000034,3102.14272829755
28987200.0,920,iso13790,native,True,20.578901436345802,0.0,0.0,15.600000000000023,3626.184668664712
28990800.0,920,iso13790,native,True,21.631723056605253,0.0,0.0,17.200000000000045,4120.689347924271
28994400.0,920,iso13790,native,True,22.241226379018382,0.0,0.0,16.100000000000023,3832.2711506335863
28998000.0,920,iso13790,native,True,22.79602982599032,0.0,0.0,16.700000000000045,3187.421969968936
29001600.0,920,iso13790,native,True,23.00557792345061,0.0,0.0,15.0,2639.669172310514
29005200.0,920,iso13790,native,True,22.24870484149687,0.0,0.0,11.100000000000023,504.79134994751365
29008800.0,920,iso13790,native,True,21.907670540143076,0.0,0.0,11.100000000000023,-101.56212000000002
29012400.0,920,iso13790,native,True,21.198808992119137,0.0,0.0,6.7000000000000455,-101.56212000000002
29016000.0,920,iso13790,native,True,20.61691410079838,0.0,0.0,4.400000000000034,-101.56212000000002
29019600.0,920,iso13790,native,True,20.11750797108639,0.0,0.0,3.3000000000000114,-101.56212000000002
29023200.0,920,iso13790,native,True,19.999999999999996,126.45917624601574,0.0,1.7000000000000455,-101.56212000000002
29026800.0,920,iso13790,native,True,20.0,271.6204694706126,0.0,0.6000000000000227,-101.56212000000002
29030400.0,920,iso13790,native,True,20.000000000000007,315.44390588674605,0.0,2.8000000000000114,-101.56212000000002
29034000.0,920,iso13790,native,True,19.999999999999996,372.546334876496,0.0,3.900000000000034,-101.56212000000002
29037600.0,920,iso13790,native,True,20.0,514.7478899271667,0.0,1.7000000000000455,-101.56212000000002
29041200.0,920,iso13790,native,True,19.999999999999996,563.7075160814143,0.0,2.8000000000000114,-101.56212000000002
29044800.0,920,iso13790,native,True,19.999999999999993,665.90604718415,0.0,1.7000000000000455,-101.56212000000002
29048400.0,920,iso13790,native,True,20.0,702.7299497933237,0.0,2.8000000000000114,-101.56212000000002
29052000.0,920,iso13790,native,True,20.000000000000007,761.2531076370747,0.0,2.8000000000000114,-101.56212000000002
29055600.0,920,iso13790,native,True,20.000000000000004,847.591702827838,0.0,1.7000000000000455,-101.56212000000002
29059200.0,920,iso13790,native,True,20.000000000000004,871.2957695884277,0.0,2.2000000000000455,60.02229205275019
29062800.0,920,iso13790,native,True,20.0,679.1594044742827,0.0,7.2000000000000455,892.3648053574628
29066400.0,920,iso13790,native,True,20.0,445.6860185483661,0.0,10.600000000000023,1900.8938089125197
29070000.0,920,iso13790,native,True,20.000000000000004,230.13884824642244,0.0,13.300000000000011,2272.856155353686
29073600.0,920,iso13790,native,True,20.068085939303327,0.0,0.0,14.400000000000034,3205.3697000719603
29077200.0,920,iso13790,native,True,20.602990632364182,0.0,0.0,13.900000000000034,3172.84067728654
29080800.0,920,iso13790,native,True,21.219687484773107,0.0,0.0,14.400000000000034,3168.2466008974466
29084400.0,920,iso13790,native,True,21.538523195004284,0.0,0.0,15.0,2313.4106265545292
29088000.0,920,iso13790,native,True,21.004837831971088,0.0,0.0,11.700000000000045,718.647429846459
29091600.0,920,iso13790,native,True,20.408378929163582,0.0,0.0,8.900000000000034,-39.03005713310929
29095200.0,920,iso13790,native,True,20.000000000000004,44.70260795381293,0.0,6.100000000000023,-101.56212000000002
29098800.0,920,iso13790,native,True,20.000000000000004,132.4805347444524,0.0,6.100000000000023,-101.56212000000002
29102400.0,920,iso13790,native,True,20.000000000000004,278.2391470676983,0.0,3.900000000000034,-101.56212000000002
29106000.0,920,iso13790,native,True,20.0,413.23307375892597,0.0,2.2000000000000455,-101.56212000000002
29109600.0,920,iso13790,native,True,20.0,499.28481930773853,0.0,2.2000000000000455,-101.56212000000002
29113200.0,920,iso13790,native,True,20.0,610.9418711988109,0.0,1.1000000000000227,-101.56212000000002
29116800.0,920,iso13790,native,True,20.000000000000004,638.7300275263602,0.0,2.8000000000000114,-101.56212000000002
29120400.0,920,iso13790,native,True,19.999999999999993,720.1263055705687,0.0,2.2000000000000455,-101.56212000000002
29124000.0,920,iso13790,native,True,20.0,763.8042562013068,0.0,2.8000000000000114,-101.56212000000002
29127600.0,920,iso13790,native,True,20.0,835.1589573345728,0.0,2.2000000000000455,-101.56212000000002
29131200.0,920,iso13790,native,True,20.0,854.8224432026769,0.0,3.3000000000000114,-101.56212000000002
29134800.0,920,iso13790,native,True,19.999999999999993,912.3419825779339,0.0,2.8000000000000114,-101.56212000000002
29138400.0,920,iso13790,native,True,19.999999999999993,1004.2853068487283,0.0,1.1000000000000227,-101.56212000000002
29142000.0,920,iso13790,native,True,20.000000000000004,1000.4939091519334,0.0,2.8000000000000114,-101.56212000000002
29145600.0,920,iso13790,native,True,20.0,1037.7058870071214,0.0,2.2000000000000455,48.81837526894143
29149200.0,920,iso13790,native,True,20.0,771.6363209281807,0.0,8.300000000000011,1166.6244525774523
29152800.0,920,iso13790,native,True,20.000000000000004,542.5007074604509,0.0,12.200000000000045,1667.8777720107678
29156400.0,920,iso13790,native,True,19.999999999999996,253.4091190757002,0.0,13.900000000000034,3013.8750055783967
29160000.0,920,iso13790,native,True,19.999999999999996,43.26966483747205,0.0,15.600000000000023,2872.8644166985596
29163600.0,920,iso13790,native,True,20.79143779912605,0.0,0.0,15.600000000000023,3916.1089661716733
29167200.0,920,iso13790,native,True,21.108446230774238,0.0,0.0,15.0,2841.3801461256585
29170800.0,920,iso13790,native,True,20.694242168473092,0.0,0.0,9.400000000000034,1906.2821832961583
29174400.0,920,iso13790,native,True,20.07602680773238,0.0,0.0,6.100000000000023,658.7019518804556
29178000.0,920,iso13790,native,True,20.0,142.66849078854395,0.0,3.3000000000000114,305.1946333643375
29181600.0,920,iso13790,native,True,20.0,374.0860522092642,0.0,-0.5999999999999659,-101.56212000000002
29185200.0,920,iso13790,native,True,20.000000000000004,498.0627487554525,0.0,-1.099999999999966,-101.56212000000002
29188800.0,920,iso13790,native,True,19.999999999999996,651.1277213390819,0.0,-2.7999999999999545,-101.56212000000002
29192400.0,920,iso13790,native,True,19.999999999999993,753.7996799499656,0.0,-2.7999999999999545,-101.56212000000002
29196000.0,920,iso13790,native,True,20.000000000000004,848.2286265518178,0.0,-2.7999999999999545,-101.56212000000002
29199600.0,920,iso13790,native,True,20.000000000000004,949.8554261157462,0.0,-3.2999999999999545,-101.56212000000002
29203200.0,920,iso13790,native,True,20.000000000000004,1017.3369307546913,0.0,-2.7999999999999545,-101.56212000000002
29206800.0,920,iso13790,native,True,20.0,1090.6078050590704,0.0,-2.7999999999999545,-101.56212000000002
29210400.0,920,iso13790,native,True,20.00000000000001,1172.775206884738,0.0,-3.2999999999999545,-101.56212000000002
29214000.0,920,iso13790,native,True,20.000000000000018,1254.873575907331,0.0,-3.8999999999999773,-101.56212000000002
29217600.0,920,iso13790,native,True,19.999999999999986,1316.9321404830876,0.0,-3.8999999999999773,-101.56212000000002
29221200.0,920,iso13790,native,True,19.999999999999993,1374.008336942159,0.0,-3.8999999999999773,-101.56212000000002
29224800.0,920,iso13790,native,True,20.00000000000001,1426.5021744084972,0.0,-3.8999999999999773,-101.56212000000002
29228400.0,920,iso13790,native,True,19.999999999999982,1457.04665699911,0.0,-3.2999999999999545,-101.56212000000002
29232000.0,920,iso13790,native,True,19.999999999999993,1492.613704567722,0.0,-3.2999999999999545,-42.22765800000001
29235600.0,920,iso13790,native,True,19.999999999999993,1493.9056893932832,0.0,-2.7999999999999545,146.56381199999998
29239200.0,920,iso13790,native,True,19.999999999999993,1480.3479715812034,0.0,-2.1999999999999886,302.99102999999997
29242800.0,920,iso13790,native,True,19.999999999999993,1476.1626185758582,0.0,-2.1999999999999886,416.26591199999996
29246400.0,920,iso13790,native,True,20.000000000000007,1395.5118142177203,0.0,0.0,578.087172
29250000.0,920,iso13790,native,True,20.000000000000004,1313.09050936446,0.0,1.1000000000000227,890.9416080000001
29253600.0,920,iso13790,native,True,20.000000000000004,990.0649694376538,0.0,3.3000000000000114,3069.4423846484365
29257200.0,920,iso13790,native,True,19.999999999999993,1075.9063026568133,0.0,1.7000000000000455,1088.5813584901503
29260800.0,920,iso13790,native,True,19.999999999999996,1143.2226064843894,0.0,0.0,562.2037807188931
29264400.0,920,iso13790,native,True,19.999999999999996,1241.267839126917,0.0,-1.099999999999966,-60.770906383973625
29268000.0,920,iso13790,native,True,20.000000000000004,1318.5568615381906,0.0,-2.1999999999999886,-101.56212000000002
29271600.0,920,iso13790,native,True,19.999999999999993,1381.0928536920567,0.0,-2.7999999999999545,-101.56212000000002
29275200.0,920,iso13790,native,True,20.000000000000007,1407.4247153484507,0.0,-2.1999999999999886,-101.56212000000002
29278800.0,920,iso13790,native,True,20.0,1462.8259572152253,0.0,-2.7999999999999545,-101.56212000000002
29282400.0,920,iso13790,native,True,19.999999999999982,1500.33077187984,0.0,-2.7999999999999545,-101.56212000000002
29286000.0,920,iso13790,native,True,20.000000000000018,1534.824514759536,0.0,-2.7999999999999545,-101.56212000000002
29289600.0,920,iso13790,native,True,20.000000000000007,1599.0628951183703,0.0,-3.8999999999999773,-101.56212000000002
29293200.0,920,iso13790,native,True,20.00000000000001,1633.4882409455658,0.0,-3.8999999999999773,-101.56212000000002
29296800.0,920,iso13790,native,True,19.999999999999996,1647.4148596593045,0.0,-3.2999999999999545,-101.56212000000002
29300400.0,920,iso13790,native,True,19.999999999999996,1658.8928472181087,0.0,-2.7999999999999545,-101.56212000000002
29304000.0,920,iso13790,native,True,20.000000000000004,1680.6564434358006,0.0,-2.7999999999999545,-101.56212000000002
29307600.0,920,iso13790,native,True,20.0,1682.9378603443104,0.0,-2.1999999999999886,-101.56212000000002
29311200.0,920,iso13790,native,True,19.999999999999993,1698.4846556717368,0.0,-2.1999999999999886,-101.56212000000002
29314800.0,920,iso13790,native,True,20.000000000000004,1712.7832774733095,0.0,-2.1999999999999886,-101.56212000000002
29318400.0,920,iso13790,native,True,20.000000000000007,1704.0950151357504,0.0,-1.6999999999999886,-31.43957400000002
29322000.0,920,iso13790,native,True,20.000000000000004,1692.7304380058465,0.0,-1.6999999999999886,141.16977
29325600.0,920,iso13790,native,True,20.000000000000004,1672.8715097029703,0.0,-1.6999999999999886,302.99102999999997
29329200.0,920,iso13790,native,True,20.000000000000004,1639.8822891297634,0.0,-1.6999999999999886,513.3586680000001
29332800.0,920,iso13790,native,True,19.999999999999996,1594.2243313686133,0.0,-1.099999999999966,572.69313
29336400.0,920,iso13790,native,True,20.000000000000007,1541.320842260601,0.0,-0.5999999999999659,691.3620540000001
29340000.0,920,iso13790,native,True,20.000000000000014,1533.7027059072836,0.0,-1.099999999999966,588.875256
29343600.0,920,iso13790,native,True,20.000000000000018,1538.554238531026,0.0,-1.099999999999966,319.173156
29347200.0,920,iso13790,native,True,20.0,1548.5500999712822,0.0,-1.099999999999966,157.35189599999995
29350800.0,920,iso13790,native,True,19.999999999999993,1575.183434372338,0.0,-1.099999999999966,-79.98595200000001
29354400.0,920,iso13790,native,True,20.000000000000007,1577.604555810684,0.0,-0.5999999999999659,-101.56212000000002
29358000.0,920,iso13790,native,True,20.00000000000001,1622.6917321298226,0.0,-1.6999999999999886,-101.56212000000002
29361600.0,920,iso13790,native,True,19.999999999999996,1654.2825024281753,0.0,-2.1999999999999886,-101.56212000000002
29365200.0,920,iso13790,native,True,20.0,1704.6438569861532,0.0,-3.2999999999999545,-101.56212000000002
29368800.0,920,iso13790,native,True,19.999999999999993,1726.3062931925394,0.0,-3.2999999999999545,-101.56212000000002
29372400.0,920,iso13790,native,True,19.999999999999993,1778.7435275610017,0.0,-4.399999999999977,-101.56212000000002
29376000.0,920,iso13790,native,True,20.000000000000004,1820.0500719909403,0.0,-5.0,-101.56212000000002
29379600.0,920,iso13790,native,True,20.0,1826.8568908544141,0.0,-4.399999999999977,-101.56212000000002
29383200.0,920,iso13790,native,True,19.999999999999986,1882.0355471106589,0.0,-5.599999999999966,-101.56212000000002
29386800.0,920,iso13790,native,True,19.999999999999993,1805.389392907479,0.0,-2.1999999999999886,-101.56212000000002
29390400.0,920,iso13790,native,True,20.000000000000004,1811.1051743232294,0.0,-2.1999999999999886,-101.56212000000002
29394000.0,920,iso13790,native,True,20.000000000000004,1816.3620645725036,0.0,-2.1999999999999886,-101.56212000000002
29397600.0,920,iso13790,native,True,20.0,1723.6550090630196,0.0,1.1000000000000227,-101.56212000000002
29401200.0,920,iso13790,native,True,20.000000000000004,1679.843948478891,0.0,2.2000000000000455,-101.56212000000002
29404800.0,920,iso13790,native,True,20.00000000000001,1635.4447278361863,0.0,2.8000000000000114,7.9575805642219635
29408400.0,920,iso13790,native,True,20.000000000000004,1555.5376537437817,0.0,3.3000000000000114,426.2241916094748
29412000.0,920,iso13790,native,True,20.00000000000001,1437.675861973387,0.0,4.400000000000034,821.0187616836905
29415600.0,920,iso13790,native,True,20.000000000000004,1351.4964453903383,0.0,5.600000000000023,649.323473360873
29419200.0,920,iso13790,native,True,20.000000000000007,974.46124623617,0.0,10.0,2514.337915781236
29422800.0,920,iso13790,native,True,20.000000000000004,1039.9943047384602,0.0,3.900000000000034,1928.540513263103
29426400.0,920,iso13790,native,True,20.000000000000004,821.072216326698,0.0,2.8000000000000114,3434.461705846944
29430000.0,920,iso13790,native,True,20.000000000000004,802.7415094704404,0.0,1.7000000000000455,2291.345603161425
29433600.0,920,iso13790,native,True,20.000000000000004,837.7597557544425,0.0,1.7000000000000455,1078.2728063798772
29437200.0,920,iso13790,native,True,20.00000000000001,979.0436238401857,0.0,0.0,13.336995736958912
29440800.0,920,iso13790,native,True,19.999999999999993,1022.2342217720876,0.0,0.6000000000000227,-101.56212000000002
29444400.0,920,iso13790,native,True,19.99999999999999,1070.8226094188037,0.0,0.6000000000000227,-101.56212000000002
29448000.0,920,iso13790,native,True,20.00000000000001,1150.9798618887967,0.0,-0.5999999999999659,-101.56212000000002
29451600.0,920,iso13790,native,True,20.000000000000007,1197.8046104994714,0.0,-0.5999999999999659,-101.56212000000002
29455200.0,920,iso13790,native,True,20.000000000000004,1273.3840025373795,0.0,-1.6999999999999886,-101.56212000000002
29458800.0,920,iso13790,native,True,20.00000000000001,1333.0189228532909,0.0,-2.1999999999999886,-101.56212000000002
29462400.0,920,iso13790,native,True,20.000000000000007,1376.6589389875728,0.0,-2.1999999999999886,-101.56212000000002
29466000.0,920,iso13790,native,True,20.000000000000004,1449.3092846040038,0.0,-3.2999999999999545,-101.56212000000002
29469600.0,920,iso13790,native,True,20.000000000000025,1509.2061318636177,0.0,-3.8999999999999773,-101.56212000000002
29473200.0,920,iso13790,native,True,20.000000000000004,1550.8456225130499,0.0,-3.8999999999999773,-101.56212000000002
29476800.0,920,iso13790,native,True,20.00000000000001,1589.142089165308,0.0,-3.8999999999999773,-101.56212000000002
29480400.0,920,iso13790,native,True,19.999999999999993,1639.1430015492906,0.0,-4.399999999999977,-101.56212000000002
29484000.0,920,iso13790,native,True,20.000000000000004,1673.922475497824,0.0,-4.399999999999977,-101.56212000000002
29487600.0,920,iso13790,native,True,19.999999999999993,1705.9096814765517,0.0,-4.399999999999977,-101.56212000000002
29491200.0,920,iso13790,native,True,20.000000000000004,1728.8120166427288,0.0,-4.399999999999977,-36.83361600000002
29494800.0,920,iso13790,native,True,20.000000000000007,1721.9767034829235,0.0,-4.399999999999977,265.92050810321484
29498400.0,920,iso13790,native,True,20.000000000000007,1677.4008210419574,0.0,-3.2999999999999545,443.23612199999997
29502000.0,920,iso13790,native,True,19.99999999999999,1603.6290877636566,0.0,-2.7999999999999545,937.1255236722617
29505600.0,920,iso13790,native,True,20.000000000000004,1425.0924347112975,0.0,-2.7999999999999545,2343.5355391250387
29509200.0,920,iso13790,native,True,19.99999999999999,1486.0436724633219,0.0,-2.7999999999999545,664.391844
29512800.0,920,iso13790,native,True,20.000000000000007,1386.6741635066655,0.0,-2.1999999999999886,1366.7572855275023
29516400.0,920,iso13790,native,True,20.0,1355.607831189888,0.0,-2.7999999999999545,1355.5801874735757
29520000.0,920,iso13790,native,True,19.999999999999993,1377.489806545126,0.0,-2.7999999999999545,716.4325830425327
29523600.0,920,iso13790,native,True,19.999999999999996,1436.8821692493111,0.0,-3.2999999999999545,219.97202611730884
29527200.0,920,iso13790,native,True,20.000000000000007,1510.6023651739292,0.0,-3.8999999999999773,-101.56212000000002
29530800.0,920,iso13790,native,True,19.999999999999996,1566.908834564972,0.0,-4.399999999999977,-101.56212000000002
29534400.0,920,iso13790,native,True,20.000000000000018,1625.2225145548236,0.0,-5.0,-101.56212000000002
29538000.0,920,iso13790,native,True,20.00000000000001,1697.91990797064,0.0,-6.099999999999966,-101.56212000000002
29541600.0,920,iso13790,native,True,19.999999999999996,1757.860025799892,0.0,-6.699999999999989,-101.56212000000002
29545200.0,920,iso13790,native,True,20.000000000000004,1814.318388292679,0.0,-7.199999999999989,-101.56212000000002
29548800.0,920,iso13790,native,True,20.000000000000007,1887.5508419045223,0.0,-8.299999999999955,-101.56212000000002
29552400.0,920,iso13790,native,True,19.999999999999996,1947.9830626542068,0.0,-8.899999999999977,-101.56212000000002
29556000.0,920,iso13790,native,True,19.999999999999993,1972.380054066808,0.0,-8.299999999999955,-101.56212000000002
29559600.0,920,iso13790,native,True,20.00000000000001,2026.0017666307097,0.0,-8.899999999999977,-101.56212000000002
29563200.0,920,iso13790,native,True,20.000000000000032,2061.869921395281,0.0,-8.899999999999977,-101.56212000000002
29566800.0,920,iso13790,native,True,20.00000000000001,2109.6374787651216,0.0,-9.399999999999977,-101.56212000000002
29570400.0,920,iso13790,native,True,20.000000000000007,2142.362902472214,0.0,-9.399999999999977,-101.56212000000002
29574000.0,920,iso13790,native,True,19.999999999999993,2172.460967509341,0.0,-9.399999999999977,-101.56212000000002
29577600.0,920,iso13790,native,True,20.000000000000004,2154.05192321587,0.0,-8.299999999999955,33.28989978417566
29581200.0,920,iso13790,native,True,19.999999999999996,2007.5645255993684,0.0,-5.599999999999966,825.7523951531084
29584800.0,920,iso13790,native,True,20.0,1787.1406004910484,0.0,-3.2999999999999545,1916.77190243889
29588400.0,920,iso13790,native,True,20.000000000000004,1526.368201897446,0.0,-0.5999999999999659,2644.9348910105446
29592000.0,920,iso13790,native,True,19.999999999999996,1197.600602922421,0.0,2.2000000000000455,3595.8068070821205
29595600.0,920,iso13790,native,True,19.999999999999996,993.739652559379,0.0,4.400000000000034,2971.539435418594
29599200.0,920,iso13790,native,True,19.999999999999996,789.5209155302139,0.0,3.900000000000034,3526.9084633875295
29602800.0,920,iso13790,native,True,20.00000000000001,719.9142956757188,0.0,3.3000000000000114,2637.5879941142193
29606400.0,920,iso13790,native,True,20.000000000000004,727.9694351093057,0.0,1.7000000000000455,1905.5273082003532
29610000.0,920,iso13790,native,True,19.999999999999993,881.8953691472262,0.0,0.6000000000000227,126.92423350966774
29613600.0,920,iso13790,native,True,19.999999999999996,1018.848665056806,0.0,-1.6999999999999886,-101.56212000000002
29617200.0,920,iso13790,native,True,20.000000000000004,1098.918939601503,0.0,-2.1999999999999886,-101.56212000000002
29620800.0,920,iso13790,native,True,19.99999999999999,1161.3536587819453,0.0,-2.1999999999999886,-101.56212000000002
29624400.0,920,iso13790,native,True,20.000000000000004,1218.775810295933,0.0,-2.1999999999999886,-101.56212000000002
29628000.0,920,iso13790,native,True,19.99999999999999,1354.3506492295962,0.0,-5.0,-101.56212000000002
29631600.0,920,iso13790,native,True,19.99999999999999,1434.0158987788282,0.0,-5.599999999999966,-101.56212000000002
29635200.0,920,iso13790,native,True,19.999999999999993,1526.350652278817,0.0,-6.699999999999989,-101.56212000000002
29638800.0,920,iso13790,native,True,20.00000000000001,1619.1306211702085,0.0,-7.7999999999999545,-101.56212000000002
29642400.0,920,iso13790,native,True,19.999999999999993,1712.320061362124,0.0,-8.899999999999977,-101.56212000000002
29646000.0,920,iso13790,native,True,19.999999999999996,1773.372132928585,0.0,-8.899999999999977,-101.56212000000002
29649600.0,920,iso13790,native,True,19.999999999999986,1829.5226426089368,0.0,-8.899999999999977,-101.56212000000002
29653200.0,920,iso13790,native,True,20.000000000000004,1895.9441872525776,0.0,-9.399999999999977,-101.56212000000002
29656800.0,920,iso13790,native,True,20.000000000000007,1981.295744586527,0.0,-10.599999999999966,-101.56212000000002
29660400.0,920,iso13790,native,True,19.999999999999993,1997.427993011158,0.0,-9.399999999999977,-101.56212000000002
29664000.0,920,iso13790,native,True,20.000000000000007,1960.5918511502455,0.0,-7.199999999999989,32.94865401297322
29667600.0,920,iso13790,native,True,19.999999999999996,1812.087881286961,0.0,-5.0,1068.660446002369
29671200.0,920,iso13790,native,True,20.000000000000004,1555.9938740842895,0.0,-1.6999999999999886,2187.0252149069984
29674800.0,920,iso13790,native,True,19.999999999999996,1237.422076145422,0.0,1.7000000000000455,3191.387618511294
29678400.0,920,iso13790,native,True,20.000000000000007,918.7317542915674,0.0,3.900000000000034,3955.5853147251496
29682000.0,920,iso13790,native,True,19.999999999999996,683.770995820511,0.0,3.3000000000000114,4346.787072845216
29685600.0,920,iso13790,native,True,20.000000000000004,473.05336927330876,0.0,3.3000000000000114,4314.771736053651
29689200.0,920,iso13790,native,True,19.999999999999996,363.3526936127184,0.0,2.2000000000000455,3789.709300022834
29692800.0,920,iso13790,native,True,20.000000000000004,360.79349835593086,0.0,1.1000000000000227,2683.019928562532
29696400.0,920,iso13790,native,True,20.000000000000004,588.3569996185906,0.0,-1.6999999999999886,538.0306486248564
29700000.0,920,iso13790,native,True,19.999999999999996,761.0158792797615,0.0,-3.2999999999999545,-101.56212000000002
29703600.0,920,iso13790,native,True,20.00000000000001,908.6862866496971,0.0,-5.0,-101.56212000000002
29707200.0,920,iso13790,native,True,20.000000000000004,988.6618920913978,0.0,-4.399999999999977,-101.56212000000002
29710800.0,920,iso13790,native,True,19.999999999999996,1093.4000930067918,0.0,-5.0,-101.56212000000002
29714400.0,920,iso13790,native,True,19.999999999999993,1194.0157422348793,0.0,-5.599999999999966,-101.56212000000002
29718000.0,920,iso13790,native,True,20.000000000000007,1273.1049282908828,0.0,-5.599999999999966,-101.56212000000002
29721600.0,920,iso13790,native,True,19.999999999999996,1360.6235190598584,0.0,-6.099999999999966,-101.56212000000002
29725200.0,920,iso13790,native,True,19.999999999999993,1415.1294915966525,0.0,-5.599999999999966,-101.56212000000002
29728800.0,920,iso13790,native,True,19.999999999999993,1508.9805391589798,0.0,-6.699999999999989,-101.56212000000002
29732400.0,920,iso13790,native,True,20.000000000000004,1552.906210689457,0.0,-6.099999999999966,-101.56212000000002
29736000.0,920,iso13790,native,True,20.000000000000007,1591.9747789176477,0.0,-5.599999999999966,-101.56212000000002
29739600.0,920,iso13790,native,True,19.999999999999993,1639.1138476985604,0.0,-5.599999999999966,-101.56212000000002
29743200.0,920,iso13790,native,True,20.00000000000002,1664.7334688849473,0.0,-5.0,-101.56212000000002
29746800.0,920,iso13790,native,True,20.00000000000001,1719.4796524649162,0.0,-5.599999999999966,-101.56212000000002
29750400.0,920,iso13790,native,True,19.999999999999996,1729.6544449377673,0.0,-5.0,-12.241664879223933
29754000.0,920,iso13790,native,True,20.000000000000004,1687.4280949847234,0.0,-3.8999999999999773,346.143366
29757600.0,920,iso13790,native,True,20.000000000000004,1649.1717641686778,0.0,-3.2999999999999545,551.116962
29761200.0,920,iso13790,native,True,20.000000000000018,1526.1488311047103,0.0,-1.099999999999966,992.4695033467756
29764800.0,920,iso13790,native,True,20.000000000000007,1313.0919228618097,0.0,-1.099999999999966,2649.4961518391638
29768400.0,920,iso13790,native,True,19.999999999999986,1225.9737741689235,0.0,2.2000000000000455,1256.1677960790591
29772000.0,920,iso13790,native,True,19.999999999999996,809.4096789575792,0.0,7.2000000000000455,3312.592742984883
29775600.0,920,iso13790,native,True,19.999999999999996,857.4136408246573,0.0,8.300000000000011,635.3770920436979
29779200.0,920,iso13790,native,True,20.0,812.9634161723642,0.0,7.2000000000000455,1022.5362531154371
29782800.0,920,iso13790,native,True,20.000000000000004,939.5352060810685,0.0,4.400000000000034,89.83800236839727
29786400.0,920,iso13790,native,True,20.000000000000014,990.030018281668,0.0,3.900000000000034,-101.56212000000002
29790000.0,920,iso13790,native,True,20.0,1082.6569330258899,0.0,1.7000000000000455,-101.56212000000002
29793600.0,920,iso13790,native,True,19.99999999999999,1118.535981430139,0.0,1.7000000000000455,-101.56212000000002
29797200.0,920,iso13790,native,True,19.999999999999993,1234.2973039888361,0.0,-1.099999999999966,-101.56212000000002
29800800.0,920,iso13790,native,True,19.99999999999999,1328.2537296784105,0.0,-2.7999999999999545,-101.56212000000002
29804400.0,920,iso13790,native,True,20.00000000000002,1423.8557083162482,0.0,-4.399999999999977,-101.56212000000002
29808000.0,920,iso13790,native,True,20.000000000000004,1511.3892902236876,0.0,-5.599999999999966,-101.56212000000002
29811600.0,920,iso13790,native,True,20.000000000000004,1579.7772353562875,0.0,-6.099999999999966,-101.56212000000002
29815200.0,920,iso13790,native,True,19.999999999999993,1649.2024305359246,0.0,-6.699999999999989,-101.56212000000002
29818800.0,920,iso13790,native,True,20.00000000000001,1681.8703959683794,0.0,-6.099999999999966,-101.56212000000002
29822400.0,920,iso13790,native,True,20.0,1775.6130134487387,0.0,-7.7999999999999545,-101.56212000000002
29826000.0,920,iso13790,native,True,20.000000000000004,1823.725308660461,0.0,-7.7999999999999545,-101.56212000000002
29829600.0,920,iso13790,native,True,20.000000000000007,1835.4609456035307,0.0,-6.699999999999989,-101.56212000000002
29833200.0,920,iso13790,native,True,20.00000000000001,1870.9100476781123,0.0,-6.699999999999989,-101.56212000000002
29836800.0,920,iso13790,native,True,19.999999999999993,1844.8984406699785,0.0,-5.0,-18.46781672982521
29840400.0,920,iso13790,native,True,19.999999999999993,1655.1490504783208,0.0,-0.5999999999999659,748.2189075135983
29844000.0,920,iso13790,native,True,20.0,1366.4868540796049,0.0,3.3000000000000114,2020.334955891251
29847600.0,920,iso13790,native,True,20.0,1041.7994665863296,0.0,7.2000000000000455,2835.6262258491142
29851200.0,920,iso13790,native,True,20.00000000000001,832.5816154086522,0.0,8.300000000000011,2815.9655260059935
29854800.0,920,iso13790,native,True,20.0,590.975810054255,0.0,8.300000000000011,3541.604938917284
29858400.0,920,iso13790,native,True,20.000000000000004,483.1878731122615,0.0,8.900000000000034,2516.457298716374
29862000.0,920,iso13790,native,True,20.0,351.1831345318012,0.0,8.300000000000011,2746.5158114948754
29865600.0,920,iso13790,native,True,20.0,377.1875064979961,0.0,6.7000000000000455,1709.6542975691352
29869200.0,920,iso13790,native,True,19.999999999999993,627.2143817614176,0.0,2.2000000000000455,17.92945236067949
29872800.0,920,iso13790,native,True,19.999999999999996,733.3670019848665,0.0,1.1000000000000227,-101.56212000000002
29876400.0,920,iso13790,native,True,20.000000000000004,834.0890854589707,0.0,0.0,-101.56212000000002
29880000.0,920,iso13790,native,True,19.999999999999996,952.3178983415368,0.0,-1.6999999999999886,-101.56212000000002
29883600.0,920,iso13790,native,True,20.00000000000001,1037.7295914821605,0.0,-2.1999999999999886,-101.56212000000002
29887200.0,920,iso13790,native,True,20.000000000000004,1122.8117840870161,0.0,-2.7999999999999545,-101.56212000000002
29890800.0,920,iso13790,native,True,20.00000000000001,1202.3936913973587,0.0,-3.2999999999999545,-101.56212000000002
29894400.0,920,iso13790,native,True,19.999999999999986,1282.114142175954,0.0,-3.8999999999999773,-101.56212000000002
29898000.0,920,iso13790,native,True,20.00000000000001,1356.7647747794128,0.0,-4.399999999999977,-101.56212000000002
29901600.0,920,iso13790,native,True,20.000000000000018,1399.4358923964535,0.0,-3.8999999999999773,-101.56212000000002
29905200.0,920,iso13790,native,True,19.999999999999996,1449.8882801056545,0.0,-3.8999999999999773,-101.56212000000002
29908800.0,920,iso13790,native,True,20.000000000000004,1496.290100908392,0.0,-3.8999999999999773,-101.56212000000002
29912400.0,920,iso13790,native,True,20.000000000000007,1538.9665543246197,0.0,-3.8999999999999773,-101.56212000000002
29916000.0,920,iso13790,native,True,19.999999999999996,1628.4655870962742,0.0,-5.599999999999966,-101.56212000000002
29919600.0,920,iso13790,native,True,19.99999999999999,1687.4540687906444,0.0,-6.099999999999966,-101.56212000000002
29923200.0,920,iso13790,native,True,20.000000000000007,1686.9603840013024,0.0,-5.0,7.946633715764278
29926800.0,920,iso13790,native,True,19.999999999999993,1515.975058423485,0.0,-1.099999999999966,845.0487587708699
29930400.0,920,iso13790,native,True,20.000000000000004,1274.2418644841352,0.0,2.2000000000000455,1915.18711839552
29934000.0,920,iso13790,native,True,20.000000000000004,1019.6983872625722,0.0,3.900000000000034,2894.764667084971
29937600.0,920,iso13790,native,True,19.999999999999996,736.5040502720047,0.0,6.100000000000023,3503.0106051858666
29941200.0,920,iso13790,native,True,20.000000000000004,535.4659100451897,0.0,6.7000000000000455,3467.439271697065
29944800.0,920,iso13790,native,True,19.999999999999996,362.25743546855665,0.0,6.7000000000000455,3470.819434849266
29948400.0,920,iso13790,native,True,19.999999999999996,347.7790097905896,0.0,6.7000000000000455,2033.681049394211
29952000.0,920,iso13790,native,True,20.0,456.1207994046106,0.0,3.900000000000034,1077.9588646865336
29955600.0,920,iso13790,native,True,20.0,626.4024741250443,0.0,1.7000000000000455,20.210302607417184
29959200.0,920,iso13790,native,True,19.999999999999996,771.7529965240634,0.0,-0.5999999999999659,-101.56212000000002
29962800.0,920,iso13790,native,True,20.0,863.8030264133248,0.0,-1.099999999999966,-101.56212000000002
29966400.0,920,iso13790,native,True,19.999999999999993,969.7696725498262,0.0,-2.1999999999999886,-101.56212000000002
29970000.0,920,iso13790,native,True,20.0,1075.0870983989987,0.0,-3.2999999999999545,-101.56212000000002
29973600.0,920,iso13790,native,True,20.00000000000001,1100.000420229091,0.0,-1.6999999999999886,-101.56212000000002
29977200.0,920,iso13790,native,True,20.000000000000004,1158.7763557520157,0.0,-1.6999999999999886,-101.56212000000002
29980800.0,920,iso13790,native,True,19.999999999999986,1260.1265096299908,0.0,-3.2999999999999545,-101.56212000000002
29984400.0,920,iso13790,native,True,20.000000000000004,1349.9909598251234,0.0,-4.399999999999977,-101.56212000000002
29988000.0,920,iso13790,native,True,20.000000000000004,1407.9849880162865,0.0,-4.399999999999977,-101.56212000000002
29991600.0,920,iso13790,native,True,20.00000000000001,1479.0578594479541,0.0,-5.0,-101.56212000000002
29995200.0,920,iso13790,native,True,19.999999999999993,1548.7109981409044,0.0,-5.599999999999966,-101.56212000000002
29998800.0,920,iso13790,native,True,19.99999999999999,1631.837462501281,0.0,-6.699999999999989,-101.56212000000002
30002400.0,920,iso13790,native,True,19.999999999999993,1683.6344636443398,0.0,-6.699999999999989,-101.56212000000002
30006000.0,920,iso13790,native,True,19.999999999999996,1698.7589801251233,0.0,-5.599999999999966,-101.56212000000002
30009600.0,920,iso13790,native,True,20.000000000000004,1710.364241812504,0.0,-5.0,-9.926490197606888
30013200.0,920,iso13790,native,True,20.000000000000007,1567.4425567525009,0.0,-1.6999999999999886,716.7130737119563
30016800.0,920,iso13790,native,True,20.000000000000007,1312.3402716691885,0.0,2.2000000000000455,1822.5092679356057
30020400.0,920,iso13790,native,True,20.000000000000004,1018.0602385553015,0.0,6.100000000000023,2576.455748662305
30024000.0,920,iso13790,native,True,20.000000000000004,823.8132087574855,0.0,6.100000000000023,2984.5149352156113
30027600.0,920,iso13790,native,True,20.000000000000004,549.4456428953988,0.0,6.7000000000000455,3920.738859851945
30031200.0,920,iso13790,native,True,19.999999999999996,386.3286913343788,0.0,6.7000000000000455,3539.0337817585137
30034800.0,920,iso13790,native,True,19.999999999999996,339.9035399503085,0.0,5.600000000000023,2681.7738777148793
30038400.0,920,iso13790,native,True,20.000000000000004,345.46296727767964,0.0,4.400000000000034,1970.219417199664
30042000.0,920,iso13790,native,True,19.999999999999996,566.8881239705743,0.0,1.1000000000000227,241.4484398328791
30045600.0,920,iso13790,native,True,20.000000000000004,694.658262778989,0.0,0.0,-101.56212000000002
30049200.0,920,iso13790,native,True,20.0,791.5673053096116,0.0,-0.5999999999999659,-101.56212000000002
30052800.0,920,iso13790,native,True,19.999999999999996,932.2754004580734,0.0,-2.7999999999999545,-101.56212000000002
30056400.0,920,iso13790,native,True,19.999999999999996,1027.154509844436,0.0,-3.2999999999999545,-101.56212000000002
30060000.0,920,iso13790,native,True,19.999999999999996,1120.9440277523495,0.0,-3.8999999999999773,-101.56212000000002
30063600.0,920,iso13790,native,True,19.999999999999996,1193.7551180298028,0.0,-3.8999999999999773,-101.56212000000002
30067200.0,920,iso13790,native,True,20.0,1260.7205743126551,0.0,-3.8999999999999773,-101.56212000000002
30070800.0,920,iso13790,native,True,19.999999999999996,1289.795747426536,0.0,-2.7999999999999545,-101.56212000000002
30074400.0,920,iso13790,native,True,19.99999999999999,1355.9713573042848,0.0,-3.2999999999999545,-101.56212000000002
30078000.0,920,iso13790,native,True,19.999999999999993,1455.8757999789827,0.0,-5.0,-101.56212000000002
30081600.0,920,iso13790,native,True,20.000000000000004,1527.3901089192252,0.0,-5.599999999999966,-101.56212000000002
30085200.0,920,iso13790,native,True,20.0,1612.2283195857535,0.0,-6.699999999999989,-101.56212000000002
30088800.0,920,iso13790,native,True,19.999999999999996,1698.1136051332478,0.0,-7.7999999999999545,-101.56212000000002
30092400.0,920,iso13790,native,True,19.99999999999999,1702.1990798248464,0.0,-6.099999999999966,-101.56212000000002
30096000.0,920,iso13790,native,True,20.000000000000007,1751.8245403345118,0.0,-6.699999999999989,-2.5232278810374353
30099600.0,920,iso13790,native,True,20.0,1647.2389523384738,0.0,-3.8999999999999773,573.2298805059286
30103200.0,920,iso13790,native,True,20.000000000000004,1406.4529095950184,0.0,0.0,1715.9378927468092
30106800.0,920,iso13790,native,True,19.99999999999999,1215.4371942962323,0.0,1.7000000000000455,2235.503535837197
30110400.0,920,iso13790,native,True,19.999999999999993,975.337720142273,0.0,3.3000000000000114,2989.9383790348693
30114000.0,920,iso13790,native,True,20.000000000000004,717.1214653519417,0.0,5.0,3517.3652660398584
30117600.0,920,iso13790,native,True,19.999999999999993,481.9580462450292,0.0,5.600000000000023,3905.5887229289783
30121200.0,920,iso13790,native,True,20.000000000000004,362.8370719608039,0.0,6.100000000000023,3081.113251716361
30124800.0,920,iso13790,native,True,20.0,376.43207830696934,0.0,5.600000000000023,1789.3444032861337
30128400.0,920,iso13790,native,True,19.999999999999996,549.971886317012,0.0,3.900000000000034,65.82390857581163
30132000.0,920,iso13790,native,True,20.000000000000004,652.0917180982473,0.0,2.8000000000000114,-101.56212000000002
30135600.0,920,iso13790,native,True,19.999999999999993,747.1943288689764,0.0,1.7000000000000455,-101.56212000000002
30139200.0,920,iso13790,native,True,19.999999999999993,827.7408625281695,0.0,1.1000000000000227,-101.56212000000002
30142800.0,920,iso13790,native,True,20.000000000000007,903.1512559979354,0.0,0.6000000000000227,-101.56212000000002
30146400.0,920,iso13790,native,True,19.999999999999996,996.7699929717622,0.0,-0.5999999999999659,-101.56212000000002
30150000.0,920,iso13790,native,True,19.999999999999996,1153.5173682561433,0.0,-3.8999999999999773,-101.56212000000002
30153600.0,920,iso13790,native,True,19.999999999999993,1238.49238510322,0.0,-4.399999999999977,-101.56212000000002
30157200.0,920,iso13790,native,True,20.000000000000004,1323.1729599444461,0.0,-5.0,-101.56212000000002
30160800.0,920,iso13790,native,True,20.000000000000004,1387.6064181003217,0.0,-5.0,-101.56212000000002
30164400.0,920,iso13790,native,True,20.000000000000007,1429.1319496530289,0.0,-4.399999999999977,-101.56212000000002
30168000.0,920,iso13790,native,True,20.000000000000004,1465.993072996908,0.0,-3.8999999999999773,-101.56212000000002
30171600.0,920,iso13790,native,True,20.000000000000014,1543.6158870203183,0.0,-5.0,-101.56212000000002
30175200.0,920,iso13790,native,True,19.999999999999993,1640.5999539078398,0.0,-6.699999999999989,-101.56212000000002
30178800.0,920,iso13790,native,True,20.000000000000004,1691.6934589564412,0.0,-6.699999999999989,-101.56212000000002
30182400.0,920,iso13790,native,True,20.000000000000004,1679.48621334182,0.0,-5.0,-12.666869901713394
30186000.0,920,iso13790,native,True,19.999999999999993,1474.125698735208,0.0,0.0,861.3286430890209
30189600.0,920,iso13790,native,True,20.000000000000007,1216.5034865345751,0.0,3.900000000000034,1858.621833879659
30193200.0,920,iso13790,native,True,19.999999999999996,919.47514623579,0.0,8.300000000000011,2427.0628231760797
30196800.0,920,iso13790,native,True,20.000000000000004,637.8851432826855,0.0,10.600000000000023,3040.121518326023
30200400.0,920,iso13790,native,True,19.999999999999996,474.7647920661851,0.0,11.700000000000045,2519.959622346607
30204000.0,920,iso13790,native,True,20.000000000000004,367.04518115536376,0.0,10.0,2637.6727873767736
30207600.0,920,iso13790,native,True,20.0,275.39837034234154,0.0,9.400000000000034,2408.2458235111626
30211200.0,920,iso13790,native,True,19.999999999999996,347.8284171408943,0.0,9.400000000000034,627.1424323643007
30214800.0,920,iso13790,native,True,20.000000000000004,453.2810979644215,0.0,7.800000000000011,5.4530438810507675
30218400.0,920,iso13790,native,True,20.000000000000004,500.38038686310307,0.0,7.800000000000011,-101.56212000000002
30222000.0,920,iso13790,native,True,19.999999999999996,506.91563111865196,0.0,8.900000000000034,-101.56212000000002
30225600.0,920,iso13790,native,True,19.999999999999993,537.5818537192037,0.0,8.900000000000034,-101.56212000000002
30229200.0,920,iso13790,native,True,20.000000000000004,583.5209307850595,0.0,8.300000000000011,-101.56212000000002
30232800.0,920,iso13790,native,True,20.0,644.8372155268195,0.0,7.2000000000000455,-101.56212000000002
30236400.0,920,iso13790,native,True,20.000000000000004,723.8681068035272,0.0,5.600000000000023,-101.56212000000002
30240000.0,920,iso13790,native,True,19.999999999999986,828.6749756472066,0.0,3.3000000000000114,-101.56212000000002
30243600.0,920,iso13790,native,True,20.000000000000004,920.8077284265581,0.0,1.7000000000000455,-101.56212000000002
30247200.0,920,iso13790,native,True,20.000000000000007,1052.443651860568,0.0,-1.099999999999966,-101.56212000000002
30250800.0,920,iso13790,native,True,20.000000000000007,1095.9722559563238,0.0,-0.5999999999999659,-101.56212000000002
30254400.0,920,iso13790,native,True,20.00000000000001,1147.2132868939827,0.0,-0.5999999999999659,-101.56212000000002
30258000.0,920,iso13790,native,True,19.999999999999996,1194.3404347511062,0.0,-0.5999999999999659,-101.56212000000002
30261600.0,920,iso13790,native,True,20.0,1270.1979479301838,0.0,-1.6999999999999886,-101.56212000000002
30265200.0,920,iso13790,native,True,20.000000000000004,1247.32583905506,0.0,0.6000000000000227,-101.56212000000002
30268800.0,920,iso13790,native,True,20.000000000000004,1269.885616045283,0.0,0.6000000000000227,-22.527072485448187
30272400.0,920,iso13790,native,True,19.999999999999996,1122.24433363681,0.0,5.0,389.5423896848171
30276000.0,920,iso13790,native,True,19.99999999999999,898.1097874969768,0.0,9.400000000000034,1118.1018945469655
30279600.0,920,iso13790,native,True,20.0,757.6344127995732,0.0,10.600000000000023,1381.809607328864
30283200.0,920,iso13790,native,True,19.999999999999996,502.056501136646,0.0,12.200000000000045,2538.992549154792
30286800.0,920,iso13790,native,True,19.999999999999996,258.3961676195474,0.0,12.800000000000011,3262.960212626528
30290400.0,920,iso13790,native,True,20.0,117.66934529742412,0.0,12.200000000000045,3031.435893733459
30294000.0,920,iso13790,native,True,19.999999999999993,93.19151989233286,0.0,10.600000000000023,2233.436697787783
30297600.0,920,iso13790,native,True,20.0,183.2462040383455,0.0,8.900000000000034,942.0755308269744
30301200.0,920,iso13790,native,True,20.0,344.34739981949616,0.0,6.100000000000023,96.52521911933478
30304800.0,920,iso13790,native,True,20.0,531.2466325112182,0.0,2.2000000000000455,-101.56212000000002
30308400.0,920,iso13790,native,True,19.999999999999996,640.3376321555878,0.0,1.1000000000000227,-101.56212000000002
30312000.0,920,iso13790,native,True,20.000000000000004,766.2634632780878,0.0,-0.5999999999999659,-101.56212000000002
30315600.0,920,iso13790,native,True,20.00000000000001,858.7542200131472,0.0,-1.099999999999966,-101.56212000000002
30319200.0,920,iso13790,native,True,20.000000000000004,917.8331684711101,0.0,-0.5999999999999659,-101.56212000000002
30322800.0,920,iso13790,native,True,19.999999999999986,1015.890050858382,0.0,-1.6999999999999886,-101.56212000000002
30326400.0,920,iso13790,native,True,20.00000000000001,1081.4187823169107,0.0,-1.6999999999999886,-101.56212000000002
30330000.0,920,iso13790,native,True,20.0,1141.6865435196987,0.0,-1.6999999999999886,-101.56212000000002
30333600.0,920,iso13790,native,True,20.000000000000004,1262.1436422412817,0.0,-3.8999999999999773,-101.56212000000002
30337200.0,920,iso13790,native,True,19.999999999999993,1240.8557085864384,0.0,-1.099999999999966,-101.56212000000002
30340800.0,920,iso13790,native,True,20.000000000000004,1269.257662063553,0.0,-0.5999999999999659,-101.56212000000002
30344400.0,920,iso13790,native,True,19.999999999999986,1321.3655598645748,0.0,-1.099999999999966,-101.56212000000002
30348000.0,920,iso13790,native,True,20.000000000000018,1390.5968255802447,0.0,-2.1999999999999886,-101.56212000000002
30351600.0,920,iso13790,native,True,20.0,1462.1281688116162,0.0,-3.2999999999999545,-101.56212000000002
30355200.0,920,iso13790,native,True,19.999999999999996,1364.3488966369493,0.0,1.1000000000000227,-13.59707925369852
30358800.0,920,iso13790,native,True,19.99999999999999,1183.006786531134,0.0,5.0,763.80412094751
30362400.0,920,iso13790,native,True,19.999999999999993,880.5314214878323,0.0,9.400000000000034,1996.0573655741869
30366000.0,920,iso13790,native,True,19.999999999999993,554.813900844538,0.0,12.800000000000011,2937.711689055993
30369600.0,920,iso13790,native,True,20.0,204.087930232661,0.0,16.100000000000023,3607.036254391013
30373200.0,920,iso13790,native,True,20.3224260360217,0.0,0.0,17.200000000000045,4007.6929675820256
30376800.0,920,iso13790,native,True,21.179232424054042,0.0,0.0,17.200000000000045,4062.37636937061
30380400.0,920,iso13790,native,True,21.880334364500044,0.0,0.0,17.80000000000001,3533.7970265070094
30384000.0,920,iso13790,native,True,21.97221508297271,0.0,0.0,16.100000000000023,2305.2246597696308
30387600.0,920,iso13790,native,True,21.11507339027103,0.0,0.0,10.600000000000023,410.5945805223846
30391200.0,920,iso13790,native,True,20.44610909052365,0.0,0.0,7.2000000000000455,-101.56212000000002
30394800.0,920,iso13790,native,True,20.08524548429737,0.0,0.0,6.7000000000000455,-101.56212000000002
30398400.0,920,iso13790,native,True,20.0,178.99532398968557,0.0,2.8000000000000114,-101.56212000000002
30402000.0,920,iso13790,native,True,20.000000000000004,279.5664847005965,0.0,2.8000000000000114,-101.56212000000002
30405600.0,920,iso13790,native,True,20.000000000000004,324.77025503916826,0.0,4.400000000000034,-101.56212000000002
30409200.0,920,iso13790,native,True,19.999999999999993,449.5006624310668,0.0,2.8000000000000114,-101.56212000000002
30412800.0,920,iso13790,native,True,20.0,560.8682838958773,0.0,1.7000000000000455,-101.56212000000002
30416400.0,920,iso13790,native,True,20.000000000000004,656.3739928458646,0.0,1.1000000000000227,-101.56212000000002
30420000.0,920,iso13790,native,True,19.999999999999993,713.0285995724801,0.0,1.7000000000000455,-101.56212000000002
30423600.0,920,iso13790,native,True,20.000000000000004,713.5553053559238,0.0,3.900000000000034,-101.56212000000002
30427200.0,920,iso13790,native,True,20.00000000000001,943.6557627047246,0.0,-2.1999999999999886,-101.56212000000002
30430800.0,920,iso13790,native,True,19.999999999999993,773.2231275549166,0.0,6.100000000000023,-101.56212000000002
30434400.0,920,iso13790,native,True,19.999999999999996,835.0257938846215,0.0,5.0,-101.56212000000002
30438000.0,920,iso13790,native,True,20.000000000000004,867.2109768367139,0.0,5.0,-101.56212000000002
30441600.0,920,iso13790,native,True,20.000000000000014,905.4112744155892,0.0,4.400000000000034,-10.820060163722815
30445200.0,920,iso13790,native,True,19.999999999999993,880.0725006605154,0.0,5.600000000000023,139.8914993552048
30448800.0,920,iso13790,native,True,20.0,802.2765948654935,0.0,6.7000000000000455,685.0545045291108
30452400.0,920,iso13790,native,True,20.000000000000004,551.0859584967474,0.0,8.300000000000011,2460.4963905888517
30456000.0,920,iso13790,native,True,20.0,385.16516289340245,0.0,8.300000000000011,2873.495069993442
30459600.0,920,iso13790,native,True,20.00000000000001,134.64291847433122,0.0,8.900000000000034,3833.594692706317
30463200.0,920,iso13790,native,True,19.999999999999996,4.676610480686677,0.0,8.300000000000011,3526.0614595457428
30466800.0,920,iso13790,native,True,20.0,7.471715850872648,0.0,7.800000000000011,2202.407740081713
30470400.0,920,iso13790,native,True,20.000000000000004,19.979250689476032,0.0,6.100000000000023,1967.06328820357
30474000.0,920,iso13790,native,True,20.000000000000004,210.67683728316194,0.0,4.400000000000034,214.58496939208018
30477600.0,920,iso13790,native,True,20.0,374.9128729152786,0.0,2.2000000000000455,-101.56212000000002
30481200.0,920,iso13790,native,True,20.000000000000004,446.3062631807321,0.0,2.8000000000000114,-101.56212000000002
30484800.0,920,iso13790,native,True,19.999999999999996,557.9303467968277,0.0,1.7000000000000455,-101.56212000000002
30488400.0,920,iso13790,native,True,20.000000000000004,603.4230720039019,0.0,2.8000000000000114,-101.56212000000002
30492000.0,920,iso13790,native,True,19.999999999999993,669.9190765457491,0.0,2.8000000000000114,-101.56212000000002
30495600.0,920,iso13790,native,True,20.000000000000007,748.8113436692034,0.0,2.2000000000000455,-101.56212000000002
30499200.0,920,iso13790,native,True,20.000000000000007,840.4351735908792,0.0,1.1000000000000227,-101.56212000000002
30502800.0,920,iso13790,native,True,19.99999999999999,950.2961856591207,0.0,-0.5999999999999659,-101.56212000000002
30506400.0,920,iso13790,native,True,19.99999999999998,1078.2607422153096,0.0,-2.7999999999999545,-101.56212000000002
30510000.0,920,iso13790,native,True,19.999999999999996,1211.6682830830746,0.0,-5.0,-101.56212000000002
30513600.0,920,iso13790,native,True,20.00000000000001,1267.3189972018506,0.0,-4.399999999999977,-101.56212000000002
30517200.0,920,iso13790,native,True,20.000000000000004,1331.950338929581,0.0,-4.399999999999977,-101.56212000000002
30520800.0,920,iso13790,native,True,20.0,1376.6136820332576,0.0,-3.8999999999999773,-101.56212000000002
30524400.0,920,iso13790,native,True,20.0,1411.163459227444,0.0,-3.2999999999999545,-101.56212000000002
30528000.0,920,iso13790,native,True,20.000000000000004,1433.782058200558,0.0,-2.7999999999999545,-23.821544238154868
30531600.0,920,iso13790,native,True,19.99999999999999,1236.2165056297592,0.0,2.2000000000000455,819.3120257709726
30535200.0,920,iso13790,native,True,20.000000000000007,956.0167361395505,0.0,6.7000000000000455,1923.6861119653197
30538800.0,920,iso13790,native,True,20.000000000000004,646.9205233309118,0.0,10.0,2904.6950915442785
30542400.0,920,iso13790,native,True,20.000000000000004,339.96039966849054,0.0,12.200000000000045,3607.4266865997447
30546000.0,920,iso13790,native,True,20.0,79.39032010916262,0.0,12.800000000000011,3983.4928282133546
30549600.0,920,iso13790,native,True,20.25743772668042,0.0,0.0,12.200000000000045,3569.459794627128
30553200.0,920,iso13790,native,True,20.72442582219171,0.0,0.0,12.200000000000045,3150.1476297202744
30556800.0,920,iso13790,native,True,20.685856785324333,0.0,0.0,10.600000000000023,2074.85472912322
30560400.0,920,iso13790,native,True,20.000000000000004,71.46527764077487,0.0,5.600000000000023,240.08721578773984
30564000.0,920,iso13790,native,True,20.0,242.27827924119873,0.0,3.3000000000000114,-101.56212000000002
30567600.0,920,iso13790,native,True,20.0,348.9758899020688,0.0,2.8000000000000114,-101.56212000000002
30571200.0,920,iso13790,native,True,20.0,486.1490269692738,0.0,1.1000000000000227,-101.56212000000002
30574800.0,920,iso13790,native,True,20.000000000000004,574.2050251203669,0.0,1.1000000000000227,-101.56212000000002
30578400.0,920,iso13790,native,True,20.000000000000004,705.4403086128766,0.0,-0.5999999999999659,-101.56212000000002
30582000.0,920,iso13790,native,True,20.000000000000004,835.3282142017316,0.0,-2.1999999999999886,-101.56212000000002
30585600.0,920,iso13790,native,True,19.999999999999986,836.1624774911319,0.0,0.6000000000000227,-101.56212000000002
30589200.0,920,iso13790,native,True,20.0,949.9384797587438,0.0,-1.099999999999966,-101.56212000000002
30592800.0,920,iso13790,native,True,20.000000000000014,1034.2106709660213,0.0,-1.6999999999999886,-101.56212000000002
30596400.0,920,iso13790,native,True,19.999999999999993,1098.2685325433806,0.0,-1.6999999999999886,-101.56212000000002
30600000.0,920,iso13790,native,True,20.000000000000007,1171.962587813553,0.0,-2.1999999999999886,-101.56212000000002
30603600.0,920,iso13790,native,True,20.000000000000004,1228.5330020996332,0.0,-2.1999999999999886,-101.56212000000002
30607200.0,920,iso13790,native,True,20.00000000000001,1280.5616640842572,0.0,-2.1999999999999886,-101.56212000000002
30610800.0,920,iso13790,native,True,20.000000000000007,1346.1480983757433,0.0,-2.7999999999999545,-101.56212000000002
30614400.0,920,iso13790,native,True,20.0,1285.1948526365704,0.0,0.6000000000000227,-28.777851638715134
30618000.0,920,iso13790,native,True,20.000000000000004,1120.2229871547302,0.0,3.900000000000034,869.9431466906624
30621600.0,920,iso13790,native,True,20.000000000000004,834.9531793689681,0.0,8.300000000000011,1995.33337068143
30625200.0,920,iso13790,native,True,20.000000000000004,500.585652129079,0.0,12.200000000000045,2990.946438335116
30628800.0,920,iso13790,native,True,19.999999999999993,164.98932252124197,0.0,15.0,3710.464009389065
30632400.0,920,iso13790,native,True,20.443958803176752,0.0,0.0,16.100000000000023,4108.998223904413
30636000.0,920,iso13790,native,True,21.209832208031454,0.0,0.0,15.600000000000023,4082.0057428320006
30639600.0,920,iso13790,native,True,21.812321301346557,0.0,0.0,15.600000000000023,3558.00157090315
30643200.0,920,iso13790,native,True,21.922169619379492,0.0,0.0,14.400000000000034,2369.4848003522343
30646800.0,920,iso13790,native,True,21.002533587713472,0.0,0.0,9.400000000000034,231.78766257781976
30650400.0,920,iso13790,native,True,20.341817889598293,0.0,0.0,6.100000000000023,-101.56212000000002
30654000.0,920,iso13790,native,True,20.000000000000004,47.93868166420858,0.0,4.400000000000034,-101.56212000000002
30657600.0,920,iso13790,native,True,20.000000000000004,162.38052969256916,0.0,3.900000000000034,-101.56212000000002
30661200.0,920,iso13790,native,True,20.000000000000004,274.1621929496527,0.0,3.3000000000000114,-101.56212000000002
30664800.0,920,iso13790,native,True,20.000000000000004,396.0348958186131,0.0,2.2000000000000455,-101.56212000000002
30668400.0,920,iso13790,native,True,19.999999999999996,483.4673960468285,0.0,2.2000000000000455,-101.56212000000002
30672000.0,920,iso13790,native,True,20.000000000000004,546.1454929652471,0.0,2.8000000000000114,-101.56212000000002
30675600.0,920,iso13790,native,True,20.000000000000004,634.974914786626,0.0,2.2000000000000455,-101.56212000000002
30679200.0,920,iso13790,native,True,19.99999999999999,718.0032052416838,0.0,1.7000000000000455,-101.56212000000002
30682800.0,920,iso13790,native,True,20.000000000000004,768.3793809546358,0.0,2.2000000000000455,-101.56212000000002
30686400.0,920,iso13790,native,True,20.0,825.9182266349079,0.0,2.2000000000000455,-101.56212000000002
30690000.0,920,iso13790,native,True,19.999999999999993,911.3515351049128,0.0,1.1000000000000227,-101.56212000000002
30693600.0,920,iso13790,native,True,20.000000000000004,1030.2981066119098,0.0,-1.099999999999966,-101.56212000000002
30697200.0,920,iso13790,native,True,20.000000000000007,1090.3837397220182,0.0,-1.099999999999966,-101.56212000000002
30700800.0,920,iso13790,native,True,20.000000000000004,1104.7256249723716,0.0,0.0,-18.070645562204298
30704400.0,920,iso13790,native,True,20.000000000000004,938.3868338502037,0.0,4.400000000000034,751.3020136780164
30708000.0,920,iso13790,native,True,20.000000000000004,696.2597146360152,0.0,7.2000000000000455,2099.0756725235087
30711600.0,920,iso13790,native,True,20.0,405.4047447664186,0.0,10.0,3111.457311736646
30715200.0,920,iso13790,native,True,20.0,133.5391038229757,0.0,11.100000000000023,3856.30836208537
30718800.0,920,iso13790,native,True,20.489255161648778,0.0,0.0,12.200000000000045,4282.7281636869175
30722400.0,920,iso13790,native,True,21.26269038029907,0.0,0.0,12.200000000000045,4305.112115498752
30726000.0,920,iso13790,native,True,21.81986789226941,0.0,0.0,12.200000000000045,3764.8457724671634
30729600.0,920,iso13790,native,True,21.87913625553496,0.0,0.0,11.700000000000045,2346.443668461073
30733200.0,920,iso13790,native,True,21.195236470467798,0.0,0.0,8.300000000000011,599.8685202196284
30736800.0,920,iso13790,native,True,20.2182141108395,0.0,0.0,2.8000000000000114,-101.56212000000002
30740400.0,920,iso13790,native,True,20.000000000000004,87.65299407307121,0.0,1.7000000000000455,-101.56212000000002
30744000.0,920,iso13790,native,True,20.0,271.3996198916384,0.0,-0.5999999999999659,-101.56212000000002
30747600.0,920,iso13790,native,True,19.999999999999993,403.6204904675354,0.0,-1.099999999999966,-101.56212000000002
30751200.0,920,iso13790,native,True,20.0,531.7537885184694,0.0,-1.6999999999999886,-101.56212000000002
30754800.0,920,iso13790,native,True,19.999999999999993,603.6374050727507,0.0,-0.5999999999999659,-101.56212000000002
30758400.0,920,iso13790,native,True,20.00000000000001,709.1845850893557,0.0,-1.099999999999966,-101.56212000000002
30762000.0,920,iso13790,native,True,20.0,812.785688219921,0.0,-1.6999999999999886,-101.56212000000002
30765600.0,920,iso13790,native,True,20.00000000000001,959.6485722863939,0.0,-3.8999999999999773,-101.56212000000002
30769200.0,920,iso13790,native,True,20.0,962.6464370915011,0.0,-1.099999999999966,-101.56212000000002
30772800.0,920,iso13790,native,True,20.000000000000004,1060.677445958998,0.0,-2.1999999999999886,-101.56212000000002
30776400.0,920,iso13790,native,True,19.999999999999996,1176.4312369975573,0.0,-3.8999999999999773,-101.56212000000002
30780000.0,920,iso13790,native,True,20.000000000000007,1277.301505572285,0.0,-5.0,-101.56212000000002
30783600.0,920,iso13790,native,True,20.00000000000001,1312.9037851304502,0.0,-3.8999999999999773,-101.56212000000002
30787200.0,920,iso13790,native,True,19.999999999999986,1346.5947926416231,0.0,-3.2999999999999545,-42.22765800000001
30790800.0,920,iso13790,native,True,20.00000000000001,1282.0914710915204,0.0,-0.5999999999999659,270.62677799999994
30794400.0,920,iso13790,native,True,19.999999999999986,1183.676316616285,0.0,2.2000000000000455,561.905046
30798000.0,920,iso13790,native,True,20.000000000000004,1096.1126534749403,0.0,3.900000000000034,772.2726839999999
30801600.0,920,iso13790,native,True,19.999999999999982,1001.5074753658693,0.0,5.600000000000023,874.7594819999999
30805200.0,920,iso13790,native,True,20.000000000000007,909.3969134185431,0.0,7.2000000000000455,874.7594819999999
30808800.0,920,iso13790,native,True,19.999999999999996,854.7567601536686,0.0,7.800000000000011,756.090558
30812400.0,920,iso13790,native,True,20.000000000000004,834.9409588150623,0.0,7.800000000000011,540.328878
30816000.0,920,iso13790,native,True,19.999999999999986,887.6839405661799,0.0,6.100000000000023,249.05060999999992
30819600.0,920,iso13790,native,True,19.999999999999993,966.1125010678844,0.0,4.400000000000034,-42.9095057637782
30823200.0,920,iso13790,native,True,20.00000000000001,1074.2063378006485,0.0,1.7000000000000455,-101.56212000000002
30826800.0,920,iso13790,native,True,19.999999999999982,1143.277807280545,0.0,0.6000000000000227,-101.56212000000002
30830400.0,920,iso13790,native,True,20.000000000000004,1167.3691427112396,0.0,1.1000000000000227,-101.56212000000002
30834000.0,920,iso13790,native,True,19.99999999999999,1215.5125001758968,0.0,0.6000000000000227,-101.56212000000002
30837600.0,920,iso13790,native,True,19.999999999999996,1233.8044776410702,0.0,1.1000000000000227,-101.56212000000002
30841200.0,920,iso13790,native,True,19.99999999999999,1244.1001126976346,0.0,1.7000000000000455,-101.56212000000002
30844800.0,920,iso13790,native,True,20.000000000000004,1119.226952664354,0.0,6.7000000000000455,-101.56212000000002
30848400.0,920,iso13790,native,True,20.000000000000007,1116.4504087408723,0.0,6.7000000000000455,-101.56212000000002
30852000.0,920,iso13790,native,True,20.000000000000004,1113.8967794789426,0.0,6.7000000000000455,-101.56212000000002
30855600.0,920,iso13790,native,True,20.00000000000001,1194.310989581553,0.0,3.900000000000034,-101.56212000000002
30859200.0,920,iso13790,native,True,19.999999999999996,1353.300040250129,0.0,-1.099999999999966,-101.56212000000002
30862800.0,920,iso13790,native,True,19.999999999999996,1387.4534825854184,0.0,-1.099999999999966,-101.56212000000002
30866400.0,920,iso13790,native,True,20.000000000000004,1451.3788834085578,0.0,-2.1999999999999886,-101.56212000000002
30870000.0,920,iso13790,native,True,20.00000000000001,1485.5163772432165,0.0,-2.1999999999999886,-101.56212000000002
30873600.0,920,iso13790,native,True,20.0,1474.1734708993788,0.0,-1.099999999999966,0.005646631945644742
30877200.0,920,iso13790,native,True,20.000000000000004,1299.8706508048638,0.0,3.3000000000000114,621.0090728361105
30880800.0,920,iso13790,native,True,20.000000000000004,1064.8371250814685,0.0,7.2000000000000455,1443.840577573948
30884400.0,920,iso13790,native,True,20.000000000000007,880.8956463714562,0.0,11.100000000000023,1173.0600070384155
30888000.0,920,iso13790,native,True,19.999999999999996,650.1325612811601,0.0,12.800000000000011,2046.6796643041962
30891600.0,920,iso13790,native,True,20.000000000000004,534.9300295136799,0.0,15.0,1161.588854952105
30895200.0,920,iso13790,native,True,20.0,220.97520116896024,0.0,15.0,3366.696972494446
30898800.0,920,iso13790,native,True,20.000000000000004,71.95533614023441,0.0,14.400000000000034,3028.642008748271
30902400.0,920,iso13790,native,True,20.000000000000004,22.5436007910949,0.0,13.300000000000011,2213.540976610215
30906000.0,920,iso13790,native,True,20.000000000000004,176.09884795644024,0.0,10.600000000000023,461.8086262117277
30909600.0,920,iso13790,native,True,19.999999999999996,358.9290397207673,0.0,6.7000000000000455,-101.56212000000002
30913200.0,920,iso13790,native,True,19.999999999999996,449.7069334621168,0.0,5.600000000000023,-101.56212000000002
30916800.0,920,iso13790,native,True,19.999999999999996,623.8178563799044,0.0,1.7000000000000455,-101.56212000000002
30920400.0,920,iso13790,native,True,19.999999999999993,729.0487379457586,0.0,0.6000000000000227,-101.56212000000002
30924000.0,920,iso13790,native,True,19.999999999999996,786.3964292424088,0.0,1.1000000000000227,-101.56212000000002
30927600.0,920,iso13790,native,True,20.000000000000004,850.3470827979158,0.0,1.1000000000000227,-101.56212000000002
30931200.0,920,iso13790,native,True,19.999999999999993,891.428571688486,0.0,1.7000000000000455,-101.56212000000002
30934800.0,920,iso13790,native,True,20.0,992.9092334032232,0.0,0.0,-101.56212000000002
30938400.0,920,iso13790,native,True,19.999999999999993,1065.873214732863,0.0,-0.5999999999999659,-101.56212000000002
30942000.0,920,iso13790,native,True,20.000000000000004,1134.3098206298573,0.0,-1.099999999999966,-101.56212000000002
30945600.0,920,iso13790,native,True,20.000000000000007,1218.558845096131,0.0,-2.1999999999999886,-101.56212000000002
30949200.0,920,iso13790,native,True,20.000000000000014,1238.8743161273285,0.0,-1.099999999999966,-101.56212000000002
30952800.0,920,iso13790,native,True,20.000000000000004,1199.4515994342266,0.0,1.7000000000000455,-101.56212000000002
30956400.0,920,iso13790,native,True,19.999999999999996,1211.174719836321,0.0,2.2000000000000455,-101.56212000000002
30960000.0,920,iso13790,native,True,20.00000000000001,1195.1660664108597,0.0,3.3000000000000114,-47.094413156114044
30963600.0,920,iso13790,native,True,19.999999999999993,1081.8719441903738,0.0,5.600000000000023,523.1881565831767
30967200.0,920,iso13790,native,True,20.000000000000004,922.1995193288433,0.0,7.800000000000011,1166.2922076085808
30970800.0,920,iso13790,native,True,19.999999999999996,674.4692402444488,0.0,11.100000000000023,1944.0067858305388
30974400.0,920,iso13790,native,True,20.0,425.8758000730828,0.0,14.400000000000034,2224.1000889404754
30978000.0,920,iso13790,native,True,19.999999999999996,163.0489145118985,0.0,15.0,3233.216028470027
30981600.0,920,iso13790,native,True,20.357693464528964,0.0,0.0,15.0,3984.192220704652
30985200.0,920,iso13790,native,True,20.227092652346872,0.0,0.0,13.300000000000011,1952.910185528027
30988800.0,920,iso13790,native,True,20.07592216042848,0.0,0.0,13.900000000000034,526.7705322330022
30992400.0,920,iso13790,native,True,20.000000000000004,97.72563399534394,0.0,11.100000000000023,146.1381948665827
30996000.0,920,iso13790,native,True,20.0,205.65638495813735,0.0,9.400000000000034,-101.56212000000002
30999600.0,920,iso13790,native,True,19.999999999999996,289.451196476588,0.0,8.300000000000011,-101.56212000000002
31003200.0,920,iso13790,native,True,19.999999999999993,374.37685211372195,0.0,7.2000000000000455,-101.56212000000002
31006800.0,920,iso13790,native,True,20.0,460.3425621176295,0.0,6.100000000000023,-101.56212000000002
31010400.0,920,iso13790,native,True,20.0,529.5299354876222,0.0,5.600000000000023,-101.56212000000002
31014000.0,920,iso13790,native,True,20.000000000000004,649.9392327026402,0.0,3.3000000000000114,-101.56212000000002
31017600.0,920,iso13790,native,True,20.000000000000004,723.907808284582,0.0,2.8000000000000114,-101.56212000000002
31021200.0,920,iso13790,native,True,20.000000000000004,830.9795588815922,0.0,1.1000000000000227,-101.56212000000002
31024800.0,920,iso13790,native,True,19.999999999999993,891.350858561039,0.0,1.1000000000000227,-101.56212000000002
31028400.0,920,iso13790,native,True,19.999999999999996,946.8752520843012,0.0,1.1000000000000227,-101.56212000000002
31032000.0,920,iso13790,native,True,19.999999999999993,980.2069827214684,0.0,1.7000000000000455,-101.56212000000002
31035600.0,920,iso13790,native,True,20.000000000000004,1024.3112192112544,0.0,1.7000000000000455,-101.56212000000002
31039200.0,920,iso13790,native,True,20.000000000000004,1050.0954744838425,0.0,2.2000000000000455,-101.56212000000002
31042800.0,920,iso13790,native,True,20.000000000000004,1099.7958358229264,0.0,1.7000000000000455,-101.56212000000002
31046400.0,920,iso13790,native,True,19.999999999999996,1115.670313370738,0.0,2.2000000000000455,-63.32661586799887
31050000.0,920,iso13790,native,True,20.000000000000004,1042.402965650891,0.0,3.3000000000000114,612.9404207956322
31053600.0,920,iso13790,native,True,19.999999999999993,795.85840895127,0.0,7.2000000000000455,1760.29249317507
31057200.0,920,iso13790,native,True,19.999999999999996,507.35199751803134,0.0,10.0,2874.480442901162
31060800.0,920,iso13790,native,True,20.0,213.73597140875492,0.0,12.200000000000045,3574.2113551531043
31064400.0,920,iso13790,native,True,20.179636710941345,0.0,0.0,13.300000000000011,3960.742619474111
31068000.0,920,iso13790,native,True,20.910453193310666,0.0,0.0,13.300000000000011,3958.482618938515
31071600.0,920,iso13790,native,True,21.478580842528814,0.0,0.0,13.900000000000034,3378.8947128113305
31075200.0,920,iso13790,native,True,21.661850854893842,0.0,0.0,13.300000000000011,2424.38530189406
31078800.0,920,iso13790,native,True,20.871215528623658,0.0,0.0,8.300000000000011,673.4248244938881
31082400.0,920,iso13790,native,True,20.417563713064187,0.0,0.0,7.800000000000011,-101.56212000000002
31086000.0,920,iso13790,native,True,20.0,47.54943936435496,0.0,5.0,-101.56212000000002
31089600.0,920,iso13790,native,True,20.000000000000004,160.69200427643952,0.0,4.400000000000034,-101.56212000000002
31093200.0,920,iso13790,native,True,20.000000000000004,316.3303144403617,0.0,2.2000000000000455,-101.56212000000002
31096800.0,920,iso13790,native,True,19.999999999999993,424.94096742951115,0.0,1.7000000000000455,-101.56212000000002
31100400.0,920,iso13790,native,True,19.999999999999993,546.1386680384376,0.0,0.6000000000000227,-101.56212000000002
31104000.0,920,iso13790,native,True,19.999999999999993,600.4363929750718,0.0,1.7000000000000455,-101.56212000000002
31107600.0,920,iso13790,native,True,19.999999999999993,692.7653786724069,0.0,1.1000000000000227,-101.56212000000002
31111200.0,920,iso13790,native,True,20.0,796.7471610270903,0.0,0.0,-101.56212000000002
31114800.0,920,iso13790,native,True,20.000000000000004,849.9902219176984,0.0,0.6000000000000227,-101.56212000000002
31118400.0,920,iso13790,native,True,20.0,912.4072087115766,0.0,0.6000000000000227,-101.56212000000002
31122000.0,920,iso13790,native,True,20.000000000000007,1005.2828320796491,0.0,-0.5999999999999659,-101.56212000000002
31125600.0,920,iso13790,native,True,20.0,1143.6118642907877,0.0,-3.2999999999999545,-101.56212000000002
31129200.0,920,iso13790,native,True,20.000000000000004,1242.830685764637,0.0,-4.399999999999977,-101.56212000000002
31132800.0,920,iso13790,native,True,20.000000000000007,1238.506008170739,0.0,-2.1999999999999886,-43.01813406206568
31136400.0,920,iso13790,native,True,19.999999999999986,1108.5873984444818,0.0,1.1000000000000227,752.0441537815786
31140000.0,920,iso13790,native,True,19.999999999999996,869.2361169617661,0.0,5.0,1847.2862434413564
31143600.0,920,iso13790,native,True,20.000000000000004,583.6069028650371,0.0,8.300000000000011,2831.1673695657196
31147200.0,920,iso13790,native,True,19.999999999999996,294.7112803885679,0.0,10.600000000000023,3540.625340713005
31150800.0,920,iso13790,native,True,20.000000000000004,21.990039003937124,0.0,12.200000000000045,3933.7451079627344
31154400.0,920,iso13790,native,True,20.617225278376353,0.0,0.0,12.200000000000045,3896.7107895015833
31158000.0,920,iso13790,native,True,21.05072097002169,0.0,0.0,11.700000000000045,3358.5830535596597
31161600.0,920,iso13790,native,True,20.99922859390859,0.0,0.0,10.0,2209.332253259652
31165200.0,920,iso13790,native,True,20.27847730812461,0.0,0.0,7.2000000000000455,324.6557144646236
31168800.0,920,iso13790,native,True,20.000000000000004,89.21963542981455,0.0,5.0,-101.56212000000002
31172400.0,920,iso13790,native,True,19.999999999999996,246.30975195833113,0.0,2.8000000000000114,-101.56212000000002
31176000.0,920,iso13790,native,True,20.000000000000004,373.9905434241293,0.0,1.7000000000000455,-101.56212000000002
31179600.0,920,iso13790,native,True,19.999999999999996,499.2787957535458,0.0,0.6000000000000227,-101.56212000000002
31183200.0,920,iso13790,native,True,20.000000000000004,672.615449652791,0.0,-2.1999999999999886,-101.56212000000002
31186800.0,920,iso13790,native,True,19.999999999999993,787.0108091289878,0.0,-2.7999999999999545,-101.56212000000002
31190400.0,920,iso13790,native,True,19.99999999999999,893.5524774751083,0.0,-3.2999999999999545,-101.56212000000002
31194000.0,920,iso13790,native,True,20.000000000000007,998.0682264996028,0.0,-3.8999999999999773,-101.56212000000002
31197600.0,920,iso13790,native,True,20.00000000000001,1095.5234683236856,0.0,-4.399999999999977,-101.56212000000002
31201200.0,920,iso13790,native,True,19.999999999999993,1159.1683284845037,0.0,-3.8999999999999773,-101.56212000000002
31204800.0,920,iso13790,native,True,20.0,1243.6896583302341,0.0,-4.399999999999977,-101.56212000000002
31208400.0,920,iso13790,native,True,20.000000000000004,1360.466935950976,0.0,-6.099999999999966,-101.56212000000002
31212000.0,920,iso13790,native,True,20.0,1397.2505894546969,0.0,-5.0,-101.56212000000002
31215600.0,920,iso13790,native,True,19.999999999999996,1473.4716198885349,0.0,-5.599999999999966,-101.56212000000002
31219200.0,920,iso13790,native,True,19.999999999999993,1456.3592851840965,0.0,-3.2999999999999545,-44.135098655366846
31222800.0,920,iso13790,native,True,19.999999999999993,1270.915411478205,0.0,1.1000000000000227,884.4923855422893
31226400.0,920,iso13790,native,True,20.000000000000004,1023.4240284740434,0.0,5.0,1851.1680885359494
31230000.0,920,iso13790,native,True,20.0,746.8369305347487,0.0,7.2000000000000455,2942.8864090376396
31233600.0,920,iso13790,native,True,19.999999999999996,459.59784671122395,0.0,10.0,3369.5277995865563
31237200.0,920,iso13790,native,True,20.000000000000004,206.66703209849663,0.0,10.600000000000023,3874.0628959002456
31240800.0,920,iso13790,native,True,20.0,35.24401190285964,0.0,10.600000000000023,3599.651501552803
31244400.0,920,iso13790,native,True,20.325290493937406,0.0,0.0,10.600000000000023,3183.5672161454713
31248000.0,920,iso13790,native,True,20.231026705531235,0.0,0.0,8.900000000000034,2047.1073610073024
31251600.0,920,iso13790,native,True,20.0,134.01769155477766,0.0,5.600000000000023,467.39676322609563
31255200.0,920,iso13790,native,True,20.000000000000004,356.168841482356,0.0,1.7000000000000455,-101.56212000000002
31258800.0,920,iso13790,native,True,20.000000000000004,500.62279837658775,0.0,0.0,-101.56212000000002
31262400.0,920,iso13790,native,True,19.999999999999996,562.8611106263983,0.0,1.1000000000000227,-101.56212000000002
31266000.0,920,iso13790,native,True,20.000000000000004,695.0071396103583,0.0,-0.5999999999999659,-101.56212000000002
31269600.0,920,iso13790,native,True,20.000000000000004,793.2187059964639,0.0,-1.099999999999966,-101.56212000000002
31273200.0,920,iso13790,native,True,19.99999999999999,890.0731347947378,0.0,-1.6999999999999886,-101.56212000000002
31276800.0,920,iso13790,native,True,20.000000000000004,980.4821450252233,0.0,-2.1999999999999886,-101.56212000000002
31280400.0,920,iso13790,native,True,19.999999999999993,1084.939520667346,0.0,-3.2999999999999545,-101.56212000000002
31284000.0,920,iso13790,native,True,20.000000000000004,1141.575806916736,0.0,-2.7999999999999545,-101.56212000000002
31287600.0,920,iso13790,native,True,19.999999999999993,1237.3861360836324,0.0,-3.8999999999999773,-101.56212000000002
31291200.0,920,iso13790,native,True,19.999999999999996,1333.362644258983,0.0,-5.0,-101.56212000000002
31294800.0,920,iso13790,native,True,20.0,1396.9780242238028,0.0,-5.0,-101.56212000000002
31298400.0,920,iso13790,native,True,19.999999999999996,1455.486047242242,0.0,-5.0,-101.56212000000002
31302000.0,920,iso13790,native,True,20.0,1476.7827916116175,0.0,-3.8999999999999773,-101.56212000000002
31305600.0,920,iso13790,native,True,20.000000000000007,1514.9472871456123,0.0,-3.8999999999999773,-41.190833477714065
31309200.0,920,iso13790,native,True,19.999999999999993,1376.5301457650519,0.0,1.1000000000000227,238.262526
31312800.0,920,iso13790,native,True,20.0,1252.6548853008292,0.0,3.3000000000000114,782.1837243639928
31316400.0,920,iso13790,native,True,20.000000000000004,1090.1221922781347,0.0,4.400000000000034,1647.2777106343538
31320000.0,920,iso13790,native,True,20.000000000000004,1010.680215175342,0.0,6.7000000000000455,863.9713979999999
31323600.0,920,iso13790,native,True,20.000000000000004,1009.9880662695164,0.0,5.600000000000023,669.785886
31327200.0,920,iso13790,native,True,20.0,1021.1088034514842,0.0,4.400000000000034,583.481214
31330800.0,920,iso13790,native,True,19.999999999999993,871.9975402184015,0.0,5.0,1688.6269013433107
31334400.0,920,iso13790,native,True,20.00000000000001,901.6679982123254,0.0,4.400000000000034,779.3591440630419
31338000.0,920,iso13790,native,True,20.00000000000001,989.408181232028,0.0,3.3000000000000114,8.033238040280708
31341600.0,920,iso13790,native,True,20.000000000000007,1025.7150740846969,0.0,3.3000000000000114,-101.56212000000002
31345200.0,920,iso13790,native,True,20.000000000000004,1037.0005433419797,0.0,3.900000000000034,-101.56212000000002
31348800.0,920,iso13790,native,True,20.0,1078.5633915165663,0.0,3.3000000000000114,-101.56212000000002
31352400.0,920,iso13790,native,True,19.99999999999998,1118.119902341303,0.0,2.8000000000000114,-101.56212000000002
31356000.0,920,iso13790,native,True,19.999999999999993,1208.3214339749115,0.0,0.6000000000000227,-101.56212000000002
31359600.0,920,iso13790,native,True,19.999999999999993,1241.9698210053982,0.0,0.6000000000000227,-101.56212000000002
31363200.0,920,iso13790,native,True,20.000000000000007,1290.651639609669,0.0,0.0,-101.56212000000002
31366800.0,920,iso13790,native,True,20.0,1321.9764995034277,0.0,0.0,-101.56212000000002
31370400.0,920,iso13790,native,True,20.00000000000001,1368.5213352071007,0.0,-0.5999999999999659,-101.56212000000002
31374000.0,920,iso13790,native,True,19.999999999999996,1412.6598549924179,0.0,-1.099999999999966,-101.56212000000002
31377600.0,920,iso13790,native,True,19.999999999999993,1474.561563726046,0.0,-2.1999999999999886,-101.56212000000002
31381200.0,920,iso13790,native,True,20.000000000000018,1557.086693314481,0.0,-3.8999999999999773,-101.56212000000002
31384800.0,920,iso13790,native,True,19.999999999999993,1609.661171222366,0.0,-4.399999999999977,-101.56212000000002
31388400.0,920,iso13790,native,True,20.000000000000004,1646.807592141825,0.0,-4.399999999999977,-101.56212000000002
31392000.0,920,iso13790,native,True,19.999999999999993,1678.799454927104,0.0,-4.399999999999977,-79.98595200000001
31395600.0,920,iso13790,native,True,20.000000000000007,1697.136072380727,0.0,-4.399999999999977,38.68297199999998
31399200.0,920,iso13790,native,True,19.999999999999993,1688.7492115902335,0.0,-3.8999999999999773,189.71614799999998
31402800.0,920,iso13790,native,True,20.000000000000007,1668.5850324125945,0.0,-3.2999999999999545,308.385072
31406400.0,920,iso13790,native,True,19.99999999999999,1678.8968913986907,0.0,-3.8999999999999773,378.5076179999999
31410000.0,920,iso13790,native,True,19.999999999999993,1677.7294317167382,0.0,-3.8999999999999773,378.5076179999999
31413600.0,920,iso13790,native,True,20.00000000000001,1665.437591074882,0.0,-3.2999999999999545,313.77911399999994
31417200.0,920,iso13790,native,True,19.999999999999986,1694.6815142586204,0.0,-3.8999999999999773,195.11018999999996
31420800.0,920,iso13790,native,True,20.00000000000001,1715.8859728005511,0.0,-3.8999999999999773,71.04722399999999
31424400.0,920,iso13790,native,True,20.00000000000001,1744.558989130904,0.0,-3.8999999999999773,-69.19786800000001
31428000.0,920,iso13790,native,True,20.00000000000001,1768.5941637333813,0.0,-3.8999999999999773,-101.56212000000002
31431600.0,920,iso13790,native,True,19.99999999999999,1804.187777126241,0.0,-4.399999999999977,-101.56212000000002
31435200.0,920,iso13790,native,True,19.999999999999996,1825.716641214824,0.0,-4.399999999999977,-101.56212000000002
31438800.0,920,iso13790,native,True,20.0,1863.2519520461337,0.0,-5.0,-101.56212000000002
31442400.0,920,iso13790,native,True,20.00000000000001,1902.0600911702227,0.0,-5.599999999999966,-101.56212000000002
31446000.0,920,iso13790,native,True,20.000000000000007,1939.0830545945564,0.0,-6.099999999999966,-101.56212000000002
31449600.0,920,iso13790,native,True,20.00000000000001,1979.661403732014,0.0,-6.699999999999989,-101.56212000000002
31453200.0,920,iso13790,native,True,19.999999999999996,2018.3124559654832,0.0,-7.199999999999989,-101.56212000000002
31456800.0,920,iso13790,native,True,19.999999999999996,2060.38818290016,0.0,-7.7999999999999545,-101.56212000000002
31460400.0,920,iso13790,native,True,19.999999999999993,2118.1512863431803,0.0,-8.899999999999977,-101.56212000000002
31464000.0,920,iso13790,native,True,19.999999999999993,2146.621222471483,0.0,-8.899999999999977,-101.56212000000002
31467600.0,920,iso13790,native,True,19.999999999999993,2187.5845267423856,0.0,-9.399999999999977,-101.56212000000002
31471200.0,920,iso13790,native,True,19.999999999999996,2214.0519764004953,0.0,-9.399999999999977,-101.56212000000002
31474800.0,920,iso13790,native,True,20.000000000000014,2238.3944884579987,0.0,-9.399999999999977,-101.56212000000002
31478400.0,920,iso13790,native,True,20.000000000000007,2274.05040386102,0.0,-10.0,-57.19175145540326
31482000.0,920,iso13790,native,True,20.000000000000007,2215.634447996631,0.0,-8.899999999999977,409.80501982034673
31485600.0,920,iso13790,native,True,20.0,2096.985097164411,0.0,-8.299999999999955,1308.42697769771
31489200.0,920,iso13790,native,True,20.000000000000007,1930.4786618077683,0.0,-9.399999999999977,2690.947931801734
31492800.0,920,iso13790,native,True,19.999999999999996,1741.2257100921458,0.0,-8.299999999999955,3029.570478276221
31496400.0,920,iso13790,native,True,20.00000000000001,1730.5380348778708,0.0,-8.299999999999955,1785.9289519083866
31500000.0,920,iso13790,native,True,20.00000000000001,1505.539459745405,0.0,-8.299999999999955,3430.383337977034
31503600.0,920,iso13790,native,True,20.000000000000004,1606.775478887262,0.0,-9.399999999999977,1343.9317242741827
31507200.0,920,iso13790,native,True,19.999999999999996,1649.545608698478,0.0,-10.0,948.5268734980793
31510800.0,920,iso13790,native,True,19.999999999999986,1764.487549754692,0.0,-10.599999999999966,83.48251322329185
31514400.0,920,iso13790,native,True,20.000000000000004,1905.90516675133,0.0,-12.799999999999955,-101.56212000000002
31518000.0,920,iso13790,native,True,19.999999999999996,2011.7905003403068,0.0,-13.899999999999977,-101.56212000000002
31521600.0,920,iso13790,native,True,20.000000000000014,2066.7842859690936,0.0,-13.299999999999955,-101.56212000000002
31525200.0,920,iso13790,native,True,20.000000000000004,2181.0602965168982,0.0,-15.0,-101.56212000000002
31528800.0,920,iso13790,native,True,19.999999999999993,2280.5714281185033,0.0,-16.099999999999966,-101.56212000000002
31532400.0,920,iso13790,native,True,20.000000000000004,2412.4655855754527,0.0,-18.299999999999983,-101.56212000000002
31536000.0,920,iso13790,native,True,19.999999999999993,2516.973274025176,0.0,-21.049999999999983,-101.56212000000002
