timestamp_s,case,implementation,run_mode,formal_ashrae_result,zone_temperature_C,heating_load_W,cooling_load_W,outdoor_temperature_C,solar_gain_W
3600.0,685,iso13790,native,True,19.89999999999999,1435.7087280478336,0.0,-17.99999999999997,-101.56212000000002
7200.0,685,iso13790,native,True,19.899999999999995,2264.6248608756905,0.0,-16.599999999999966,-101.56212000000002
10800.0,685,iso13790,native,True,19.899999999999984,2637.7843048501195,0.0,-15.299999999999955,-101.56212000000002
14400.0,685,iso13790,native,True,19.899999999999984,2791.606203886547,0.0,-14.399999999999977,-101.56212000000002
18000.0,685,iso13790,native,True,19.899999999999984,2812.0853389083113,0.0,-13.0,-101.56212000000002
21600.0,685,iso13790,native,True,19.9,2742.074386163544,0.0,-11.099999999999966,-101.56212000000002
25200.0,685,iso13790,native,True,19.900000000000002,2644.821321725186,0.0,-9.699999999999989,-101.56212000000002
28800.0,685,iso13790,native,True,19.900000000000002,2500.53114031983,0.0,-7.699999999999989,-57.02742596714751
32400.0,685,iso13790,native,True,19.899999999999995,2262.5453433853572,0.0,-5.899999999999977,322.66295544308934
36000.0,685,iso13790,native,True,19.900000000000006,1867.905215392252,0.0,-2.1999999999999886,593.7498029594683
39600.0,685,iso13790,native,True,19.899999999999988,1436.083429600766,0.0,1.400000000000034,738.4965738932887
43200.0,685,iso13790,native,True,19.900000000000002,1071.7464558551856,0.0,2.8000000000000114,998.0008444415523
46800.0,685,iso13790,native,True,19.900000000000006,670.278976655575,0.0,4.400000000000034,1497.931691191557
50400.0,685,iso13790,native,True,19.900000000000002,292.50845239557776,0.0,3.3000000000000114,2140.6478392666777
54000.0,685,iso13790,native,True,19.9671639751155,0.0,0.0,3.900000000000034,2090.014616016134
57600.0,685,iso13790,native,True,20.1,0.0,107.44553351492577,2.2000000000000455,2341.201855417254
61200.0,685,iso13790,native,True,19.900000000000002,168.75500647947845,0.0,-0.5999999999999659,743.0979123994086
64800.0,685,iso13790,native,True,19.900000000000002,851.6334218298499,0.0,-2.1999999999999886,-101.56212000000002
68400.0,685,iso13790,native,True,19.9,1456.6450650806182,0.0,-5.0,-101.56212000000002
72000.0,685,iso13790,native,True,19.9,1799.6882066649368,0.0,-5.599999999999966,-101.56212000000002
75600.0,685,iso13790,native,True,19.899999999999995,1998.926692046581,0.0,-6.099999999999966,-101.56212000000002
79200.0,685,iso13790,native,True,19.89999999999999,2102.999943593177,0.0,-6.099999999999966,-101.56212000000002
82800.0,685,iso13790,native,True,19.899999999999988,2156.8792876000575,0.0,-6.099999999999966,-101.56212000000002
86400.0,685,iso13790,native,True,19.900000000000006,2139.6037672816274,0.0,-5.0,-101.56212000000002
90000.0,685,iso13790,native,True,19.900000000000006,2128.6222726864544,0.0,-5.0,-101.56212000000002
93600.0,685,iso13790,native,True,19.899999999999995,2147.574821095995,0.0,-5.599999999999966,-101.56212000000002
97200.0,685,iso13790,native,True,19.9,2133.8604918781557,0.0,-5.0,-101.56212000000002
100800.0,685,iso13790,native,True,19.899999999999995,2195.455857020896,0.0,-6.699999999999989,-101.56212000000002
104400.0,685,iso13790,native,True,19.89999999999999,2185.324378484119,0.0,-5.599999999999966,-101.56212000000002
108000.0,685,iso13790,native,True,19.900000000000002,2198.5728417937116,0.0,-6.099999999999966,-101.56212000000002
111600.0,685,iso13790,native,True,19.900000000000013,2136.5510355845977,0.0,-4.399999999999977,-101.56212000000002
115200.0,685,iso13790,native,True,19.89999999999999,2021.1174189677447,0.0,-2.7999999999999545,-31.664151044776546
118800.0,685,iso13790,native,True,19.90000000000001,1842.1823055713749,0.0,-1.6999999999999886,258.0306357902953
122400.0,685,iso13790,native,True,19.900000000000002,1468.0073724120355,0.0,2.2000000000000455,613.2309755434064
126000.0,685,iso13790,native,True,19.899999999999995,1088.6910544879963,0.0,5.600000000000023,529.2416363078587
129600.0,685,iso13790,native,True,19.900000000000002,667.004553519491,0.0,8.900000000000034,996.6176989003244
133200.0,685,iso13790,native,True,19.899999999999995,304.6478198727754,0.0,9.400000000000034,1206.7276440641504
136800.0,685,iso13790,native,True,19.899999999999995,14.8955841642247,0.0,9.400000000000034,1535.1657782471123
140400.0,685,iso13790,native,True,20.10000000000001,0.0,314.54942767867345,10.0,2273.446501052415
144000.0,685,iso13790,native,True,20.099999999999994,0.0,425.20610208352673,7.800000000000011,1651.3666508208914
147600.0,685,iso13790,native,True,20.1,0.0,133.85994089793556,6.7000000000000455,680.5483164369992
151200.0,685,iso13790,native,True,19.899999999999995,354.25420250631225,0.0,5.0,-101.56212000000002
154800.0,685,iso13790,native,True,19.9,935.3265613867519,0.0,1.1000000000000227,-101.56212000000002
158400.0,685,iso13790,native,True,19.90000000000001,1288.5454917818636,0.0,0.0,-101.56212000000002
162000.0,685,iso13790,native,True,19.900000000000006,1543.253808848782,0.0,-1.6999999999999886,-101.56212000000002
165600.0,685,iso13790,native,True,19.899999999999995,1653.6295038821854,0.0,-1.099999999999966,-101.56212000000002
169200.0,685,iso13790,native,True,19.899999999999988,1639.853191194615,0.0,0.6000000000000227,-101.56212000000002
172800.0,685,iso13790,native,True,19.900000000000002,1654.2094340348945,0.0,0.0,-101.56212000000002
176400.0,685,iso13790,native,True,19.899999999999995,1687.3910374865925,0.0,-0.5999999999999659,-101.56212000000002
180000.0,685,iso13790,native,True,19.900000000000002,1705.6809088206744,0.0,-0.5999999999999659,-101.56212000000002
183600.0,685,iso13790,native,True,19.900000000000006,1735.6811292642979,0.0,-1.099999999999966,-101.56212000000002
187200.0,685,iso13790,native,True,19.899999999999988,1776.7764538676731,0.0,-1.6999999999999886,-101.56212000000002
190800.0,685,iso13790,native,True,19.899999999999995,1799.163305914564,0.0,-1.6999999999999886,-101.56212000000002
194400.0,685,iso13790,native,True,19.90000000000001,1786.115379187639,0.0,-1.099999999999966,-101.56212000000002
198000.0,685,iso13790,native,True,19.899999999999988,1778.2488325624186,0.0,-1.099999999999966,-101.56212000000002
201600.0,685,iso13790,native,True,19.900000000000002,1739.82918451481,0.0,-0.5999999999999659,-34.84589128986534
205200.0,685,iso13790,native,True,19.9,1499.2466848668041,0.0,3.3000000000000114,202.1292434232888
208800.0,685,iso13790,native,True,19.9,1164.1510640968268,0.0,5.600000000000023,546.9656425053709
212400.0,685,iso13790,native,True,19.899999999999995,924.8549535548511,0.0,6.100000000000023,481.79245360193636
216000.0,685,iso13790,native,True,19.899999999999995,770.4153815421337,0.0,6.7000000000000455,555.649776406199
219600.0,685,iso13790,native,True,19.899999999999995,536.0114646049415,0.0,5.600000000000023,1457.8601088072046
223200.0,685,iso13790,native,True,19.899999999999995,136.60861617610232,0.0,4.600000000000023,2319.897788041201
226800.0,685,iso13790,native,True,20.1,0.0,90.09802299164404,2.3000000000000114,2464.533088965816
230400.0,685,iso13790,native,True,19.899999999999995,23.35411932512981,0.0,-0.2999999999999545,1334.0700636724694
234000.0,685,iso13790,native,True,19.899999999999995,670.4553706055849,0.0,-3.0,114.60811657509522
237600.0,685,iso13790,native,True,19.90000000000001,1363.0038729370908,0.0,-5.7999999999999545,-101.56212000000002
241200.0,685,iso13790,native,True,19.899999999999995,1752.6916781494797,0.0,-5.599999999999966,-101.56212000000002
244800.0,685,iso13790,native,True,19.899999999999988,2019.7654870594,0.0,-7.199999999999989,-101.56212000000002
248400.0,685,iso13790,native,True,19.900000000000013,2226.6959687000776,0.0,-8.799999999999955,-101.56212000000002
252000.0,685,iso13790,native,True,19.900000000000013,2381.9584457480128,0.0,-9.899999999999977,-101.56212000000002
255600.0,685,iso13790,native,True,19.900000000000002,2525.9709465051146,0.0,-11.399999999999977,-101.56212000000002
259200.0,685,iso13790,native,True,19.900000000000023,2644.3688605465723,0.0,-12.399999999999977,-101.56212000000002
262800.0,685,iso13790,native,True,19.899999999999995,2752.685941482459,0.0,-13.5,-101.56212000000002
266400.0,685,iso13790,native,True,19.899999999999995,2921.669997762968,0.0,-16.19999999999999,-101.56212000000002
270000.0,685,iso13790,native,True,19.900000000000002,3014.156059701297,0.0,-16.19999999999999,-101.56212000000002
273600.0,685,iso13790,native,True,19.899999999999995,3000.4423120334764,0.0,-14.699999999999989,-101.56212000000002
277200.0,685,iso13790,native,True,19.900000000000002,2970.0322856049866,0.0,-14.199999999999989,-101.56212000000002
280800.0,685,iso13790,native,True,19.9,2916.4059351155724,0.0,-13.299999999999955,-101.56212000000002
284400.0,685,iso13790,native,True,19.899999999999995,2825.381583206513,0.0,-11.799999999999955,-101.56212000000002
288000.0,685,iso13790,native,True,19.900000000000002,2654.3832209469533,0.0,-9.099999999999966,-52.18129501297083
291600.0,685,iso13790,native,True,19.899999999999977,2392.181568685285,0.0,-5.899999999999977,90.10327823983063
295200.0,685,iso13790,native,True,19.89999999999999,1950.8091670816668,0.0,-0.5,357.9498920028534
298800.0,685,iso13790,native,True,19.899999999999988,1439.2901203709011,0.0,3.3000000000000114,718.332264
302400.0,685,iso13790,native,True,19.90000000000001,1065.3516716793827,0.0,3.8000000000000114,837.001188
306000.0,685,iso13790,native,True,19.900000000000002,717.587526651449,0.0,8.0,653.60376
309600.0,685,iso13790,native,True,19.899999999999995,509.8166842629786,0.0,9.600000000000023,572.69313
313200.0,685,iso13790,native,True,19.9,344.5796483291022,0.0,11.100000000000023,601.2151160107359
316800.0,685,iso13790,native,True,19.900000000000002,336.41672627085126,0.0,10.0,410.4666420307632
320400.0,685,iso13790,native,True,19.899999999999995,491.2854563069949,0.0,7.2000000000000455,352.8883678260893
324000.0,685,iso13790,native,True,19.900000000000002,679.8602793312732,0.0,7.2000000000000455,-101.56212000000002
327600.0,685,iso13790,native,True,19.899999999999988,894.5046153088161,0.0,6.100000000000023,-101.56212000000002
331200.0,685,iso13790,native,True,19.9,962.495946193777,0.0,7.2000000000000455,-101.56212000000002
334800.0,685,iso13790,native,True,19.89999999999999,1040.8267883667124,0.0,6.100000000000023,-101.56212000000002
338400.0,685,iso13790,native,True,19.900000000000002,1103.948432599202,0.0,5.600000000000023,-101.56212000000002
342000.0,685,iso13790,native,True,19.899999999999995,1162.190916148783,0.0,5.0,-101.56212000000002
345600.0,685,iso13790,native,True,19.9,988.1405068157478,0.0,10.0,-101.56212000000002
349200.0,685,iso13790,native,True,19.899999999999995,1094.085043068216,0.0,5.0,-101.56212000000002
352800.0,685,iso13790,native,True,19.900000000000002,928.2439557323579,0.0,10.600000000000023,-101.56212000000002
356400.0,685,iso13790,native,True,19.900000000000006,811.4810572098237,0.0,11.100000000000023,-101.56212000000002
360000.0,685,iso13790,native,True,19.899999999999995,819.9128219660735,0.0,9.400000000000034,-101.56212000000002
363600.0,685,iso13790,native,True,19.899999999999995,827.4274084955024,0.0,9.400000000000034,-101.56212000000002
367200.0,685,iso13790,native,True,19.899999999999995,831.3177548301455,0.0,9.400000000000034,-101.56212000000002
370800.0,685,iso13790,native,True,19.899999999999995,1014.0085246020456,0.0,5.0,-101.56212000000002
374400.0,685,iso13790,native,True,19.900000000000002,900.564218391814,0.0,10.0,-49.11214375582082
378000.0,685,iso13790,native,True,19.899999999999995,829.7162075704795,0.0,8.900000000000034,142.75048425171974
381600.0,685,iso13790,native,True,19.899999999999988,581.4912684451513,0.0,12.800000000000011,254.32779348523965
385200.0,685,iso13790,native,True,19.899999999999995,402.997746404739,0.0,12.800000000000011,375.6352702447871
388800.0,685,iso13790,native,True,19.899999999999995,202.24893439543996,0.0,15.0,369.9588400227617
392400.0,685,iso13790,native,True,20.10000000000001,0.0,54.939870018730005,14.400000000000034,1455.1807442837076
396000.0,685,iso13790,native,True,20.10000000000001,0.0,555.2011307525881,12.800000000000011,2522.0357976551327
399600.0,685,iso13790,native,True,20.1,0.0,864.1277733444865,10.0,2518.21282073608
403200.0,685,iso13790,native,True,20.099999999999994,0.0,962.4643621181098,8.300000000000011,2585.8290288390713
406800.0,685,iso13790,native,True,20.100000000000005,0.0,550.6988618459798,5.600000000000023,850.5353148963928
410400.0,685,iso13790,native,True,19.9,88.97929606182464,0.0,5.600000000000023,-101.56212000000002
414000.0,685,iso13790,native,True,19.9,681.9045098076376,0.0,3.900000000000034,-101.56212000000002
417600.0,685,iso13790,native,True,19.900000000000002,1016.6525801079388,0.0,3.3000000000000114,-101.56212000000002
421200.0,685,iso13790,native,True,19.899999999999995,1256.765836094138,0.0,1.7000000000000455,-101.56212000000002
424800.0,685,iso13790,native,True,19.900000000000002,1453.8449673973296,0.0,0.0,-101.56212000000002
428400.0,685,iso13790,native,True,19.89999999999999,1534.3856887131094,0.0,0.6000000000000227,-101.56212000000002
432000.0,685,iso13790,native,True,19.90000000000001,1599.6082779904586,0.0,0.0,-101.56212000000002
435600.0,685,iso13790,native,True,19.900000000000002,1634.4859590831875,0.0,0.0,-101.56212000000002
439200.0,685,iso13790,native,True,19.899999999999988,1607.3731643677297,0.0,1.1000000000000227,-101.56212000000002
442800.0,685,iso13790,native,True,19.899999999999988,1611.830298853782,0.0,0.6000000000000227,-101.56212000000002
446400.0,685,iso13790,native,True,19.899999999999995,1639.7018152753928,0.0,0.0,-101.56212000000002
450000.0,685,iso13790,native,True,19.90000000000001,1679.8803565935934,0.0,-0.5999999999999659,-101.56212000000002
453600.0,685,iso13790,native,True,19.900000000000002,1677.1548506979555,0.0,0.0,-101.56212000000002
457200.0,685,iso13790,native,True,19.89999999999999,1699.2700167574267,0.0,-0.5999999999999659,-101.56212000000002
460800.0,685,iso13790,native,True,19.90000000000001,1702.2059740966567,0.0,-0.5999999999999659,-55.083853079993
464400.0,685,iso13790,native,True,19.899999999999995,1639.5371661367444,0.0,-0.5999999999999659,219.40105403428655
468000.0,685,iso13790,native,True,19.90000000000001,1469.8036315094503,0.0,0.0,553.8386790582905
471600.0,685,iso13790,native,True,19.899999999999995,1368.9572293023396,0.0,0.0,355.7904444270462
475200.0,685,iso13790,native,True,19.89999999999999,1295.3707429004837,0.0,1.1000000000000227,392.1050074766041
478800.0,685,iso13790,native,True,19.899999999999995,995.7913769022977,0.0,1.7000000000000455,1498.2739322641328
482400.0,685,iso13790,native,True,19.900000000000002,445.3237285935487,0.0,1.1000000000000227,2676.625741585889
486000.0,685,iso13790,native,True,20.10000000000001,0.0,182.5553357780028,1.7000000000000455,3560.742895602849
489600.0,685,iso13790,native,True,20.100000000000016,0.0,660.2452682302411,0.6000000000000227,3635.522571334147
493200.0,685,iso13790,native,True,20.10000000000002,0.0,406.3555033002152,-0.5999999999999659,1405.9472410228275
496800.0,685,iso13790,native,True,19.899999999999995,387.14100024610735,0.0,-1.6999999999999886,-101.56212000000002
500400.0,685,iso13790,native,True,19.899999999999988,1145.4413539504703,0.0,-3.2999999999999545,-101.56212000000002
504000.0,685,iso13790,native,True,19.899999999999995,1586.1513073718031,0.0,-4.399999999999977,-101.56212000000002
507600.0,685,iso13790,native,True,19.900000000000013,1886.154249686722,0.0,-6.099999999999966,-101.56212000000002
511200.0,685,iso13790,native,True,19.900000000000013,2114.423888855942,0.0,-7.7999999999999545,-101.56212000000002
514800.0,685,iso13790,native,True,19.9,2235.7498561697425,0.0,-7.7999999999999545,-101.56212000000002
518400.0,685,iso13790,native,True,19.90000000000001,2343.730212747218,0.0,-8.899999999999977,-101.56212000000002
522000.0,685,iso13790,native,True,19.900000000000002,2401.670142898716,0.0,-8.899999999999977,-101.56212000000002
525600.0,685,iso13790,native,True,19.900000000000016,2407.0282570827403,0.0,-8.299999999999955,-101.56212000000002
529200.0,685,iso13790,native,True,19.900000000000013,2503.13527386318,0.0,-10.599999999999966,-101.56212000000002
532800.0,685,iso13790,native,True,19.899999999999995,2622.8520424686403,0.0,-12.199999999999989,-101.56212000000002
536400.0,685,iso13790,native,True,19.899999999999984,2757.6011930668215,0.0,-13.899999999999977,-101.56212000000002
540000.0,685,iso13790,native,True,19.900000000000002,2785.3418662442177,0.0,-12.799999999999955,-101.56212000000002
543600.0,685,iso13790,native,True,19.899999999999984,2797.6655239259044,0.0,-12.799999999999955,-101.56212000000002
547200.0,685,iso13790,native,True,19.900000000000002,2387.831648469294,0.0,-2.7999999999999545,-74.59191000000001
550800.0,685,iso13790,native,True,19.90000000000001,2025.668821788458,0.0,-0.5999999999999659,103.411476
554400.0,685,iso13790,native,True,19.899999999999995,1701.5228528814596,0.0,1.1000000000000227,270.62677799999994
558000.0,685,iso13790,native,True,19.899999999999995,1407.509352154541,0.0,2.8000000000000114,400.0837859999999
561600.0,685,iso13790,native,True,19.899999999999988,1127.93779580117,0.0,5.0,464.81228999999996
565200.0,685,iso13790,native,True,19.90000000000001,943.1378778634887,0.0,5.600000000000023,470.2063319999999
568800.0,685,iso13790,native,True,19.899999999999995,882.4262559621249,0.0,5.0,410.87187
572400.0,685,iso13790,native,True,19.899999999999995,884.9448960018195,0.0,5.0,297.596988
576000.0,685,iso13790,native,True,19.899999999999995,962.3054231580845,0.0,4.400000000000034,135.775728
579600.0,685,iso13790,native,True,19.899999999999995,1043.5083486841743,0.0,5.0,-53.01574200000001
583200.0,685,iso13790,native,True,19.899999999999995,1099.6993407452578,0.0,5.600000000000023,-101.56212000000002
586800.0,685,iso13790,native,True,19.9,1159.9911359140647,0.0,5.0,-101.56212000000002
590400.0,685,iso13790,native,True,19.899999999999995,1216.9538492021072,0.0,4.400000000000034,-101.56212000000002
594000.0,685,iso13790,native,True,19.899999999999984,1337.8937002725793,0.0,2.2000000000000455,-101.56212000000002
597600.0,685,iso13790,native,True,19.900000000000006,1519.5567835447944,0.0,-0.5999999999999659,-101.56212000000002
601200.0,685,iso13790,native,True,19.9,1594.154379238284,0.0,0.0,-101.56212000000002
604800.0,685,iso13790,native,True,19.90000000000001,1561.8555308020905,0.0,1.7000000000000455,-101.56212000000002
608400.0,685,iso13790,native,True,19.899999999999995,1541.984812481609,0.0,1.7000000000000455,-101.56212000000002
612000.0,685,iso13790,native,True,19.899999999999988,1556.335356668816,0.0,1.1000000000000227,-101.56212000000002
615600.0,685,iso13790,native,True,19.9,1634.6831884526598,0.0,-0.5999999999999659,-101.56212000000002
619200.0,685,iso13790,native,True,19.9,1723.5629190845243,0.0,-1.6999999999999886,-101.56212000000002
622800.0,685,iso13790,native,True,19.900000000000002,1837.3149644448195,0.0,-3.2999999999999545,-101.56212000000002
626400.0,685,iso13790,native,True,19.9,1899.1692298704666,0.0,-3.2999999999999545,-101.56212000000002
630000.0,685,iso13790,native,True,19.9,1976.3607311264373,0.0,-4.399999999999977,-101.56212000000002
633600.0,685,iso13790,native,True,19.89999999999999,1941.0211932307939,0.0,-2.7999999999999545,-45.355680109958264
637200.0,685,iso13790,native,True,19.90000000000001,1670.9927681348042,0.0,2.2000000000000455,121.57472500984616
640800.0,685,iso13790,native,True,19.89999999999999,1353.2783066812524,0.0,5.0,253.35081225288837
644400.0,685,iso13790,native,True,19.900000000000002,1000.5868703936334,0.0,7.2000000000000455,600.3134480974829
648000.0,685,iso13790,native,True,19.899999999999995,754.9121658128973,0.0,7.800000000000011,501.39470771466404
651600.0,685,iso13790,native,True,19.900000000000002,332.79464454403274,0.0,10.600000000000023,1440.5536363559513
655200.0,685,iso13790,native,True,20.1,0.0,263.4666952880698,10.600000000000023,2764.0420789952004
658800.0,685,iso13790,native,True,20.099999999999987,0.0,930.0387795527649,7.800000000000011,3837.0048972335617
662400.0,685,iso13790,native,True,20.100000000000023,0.0,1480.9675166960826,6.7000000000000455,4255.010405189366
666000.0,685,iso13790,native,True,20.100000000000016,0.0,1228.821816065072,4.400000000000034,1806.8386985242678
669600.0,685,iso13790,native,True,20.10000000000001,0.0,155.7343568938277,0.6000000000000227,-101.56212000000002
673200.0,685,iso13790,native,True,19.900000000000006,707.834741824948,0.0,-0.5999999999999659,-101.56212000000002
676800.0,685,iso13790,native,True,19.90000000000001,1243.7279417393772,0.0,-1.6999999999999886,-101.56212000000002
680400.0,685,iso13790,native,True,19.90000000000001,1498.5631732629206,0.0,-1.099999999999966,-101.56212000000002
684000.0,685,iso13790,native,True,19.899999999999988,1674.5505164219571,0.0,-2.1999999999999886,-101.56212000000002
687600.0,685,iso13790,native,True,19.899999999999995,1747.1666249667517,0.0,-1.6999999999999886,-101.56212000000002
691200.0,685,iso13790,native,True,19.900000000000002,1829.0032991772166,0.0,-2.7999999999999545,-101.56212000000002
694800.0,685,iso13790,native,True,19.899999999999995,1893.9399335976086,0.0,-3.2999999999999545,-101.56212000000002
698400.0,685,iso13790,native,True,19.89999999999998,1928.4843146499193,0.0,-3.2999999999999545,-101.56212000000002
702000.0,685,iso13790,native,True,19.899999999999977,1946.3681470714453,0.0,-3.2999999999999545,-101.56212000000002
705600.0,685,iso13790,native,True,19.899999999999984,1955.6267139450813,0.0,-3.2999999999999545,-101.56212000000002
709200.0,685,iso13790,native,True,19.900000000000016,1985.0576630809708,0.0,-3.8999999999999773,-101.56212000000002
712800.0,685,iso13790,native,True,19.899999999999995,1976.7680645118382,0.0,-3.2999999999999545,-101.56212000000002
716400.0,685,iso13790,native,True,19.899999999999995,2041.1718451160298,0.0,-5.0,-101.56212000000002
720000.0,685,iso13790,native,True,19.899999999999995,1906.6330788055561,0.0,-1.099999999999966,-48.99744836957972
723600.0,685,iso13790,native,True,19.899999999999988,1705.9732326702801,0.0,0.6000000000000227,171.52423298129744
727200.0,685,iso13790,native,True,19.90000000000001,1447.0805440623878,0.0,2.8000000000000114,300.2543831649033
730800.0,685,iso13790,native,True,19.9,1225.7828191428418,0.0,3.900000000000034,385.58461336704585
734400.0,685,iso13790,native,True,19.900000000000002,1112.718632191826,0.0,3.3000000000000114,422.31502743706596
738000.0,685,iso13790,native,True,19.900000000000002,839.0312634195748,0.0,3.3000000000000114,1438.6231528489586
741600.0,685,iso13790,native,True,19.900000000000002,274.48342382279014,0.0,3.900000000000034,2585.7202855814107
745200.0,685,iso13790,native,True,20.100000000000005,0.0,345.75634122753627,4.400000000000034,3430.702248259362
748800.0,685,iso13790,native,True,20.099999999999998,0.0,831.3859695051314,3.900000000000034,3474.718198584041
752400.0,685,iso13790,native,True,20.100000000000005,0.0,599.8315119021049,2.8000000000000114,1331.441549125496
756000.0,685,iso13790,native,True,19.899999999999995,177.48178733449646,0.0,1.1000000000000227,-101.56212000000002
759600.0,685,iso13790,native,True,19.899999999999995,896.2047252718776,0.0,0.0,-101.56212000000002
763200.0,685,iso13790,native,True,19.899999999999995,1245.6920043027135,0.0,0.6000000000000227,-101.56212000000002
766800.0,685,iso13790,native,True,19.900000000000002,1519.9567453787267,0.0,-1.6999999999999886,-101.56212000000002
770400.0,685,iso13790,native,True,19.9,1666.2062087181976,0.0,-1.6999999999999886,-101.56212000000002
774000.0,685,iso13790,native,True,19.899999999999995,1787.0896080685732,0.0,-2.7999999999999545,-101.56212000000002
777600.0,685,iso13790,native,True,19.899999999999995,1917.410143898248,0.0,-4.399999999999977,-101.56212000000002
781200.0,685,iso13790,native,True,19.900000000000002,1987.8420158117162,0.0,-4.399999999999977,-101.56212000000002
784800.0,685,iso13790,native,True,19.900000000000002,2048.942750385244,0.0,-5.0,-101.56212000000002
788400.0,685,iso13790,native,True,19.9,2081.6865226759264,0.0,-5.0,-101.56212000000002
792000.0,685,iso13790,native,True,19.89999999999999,2123.2759029450044,0.0,-5.599999999999966,-101.56212000000002
795600.0,685,iso13790,native,True,19.90000000000001,2166.449975360759,0.0,-6.099999999999966,-101.56212000000002
799200.0,685,iso13790,native,True,19.899999999999995,2214.365481824063,0.0,-6.699999999999989,-101.56212000000002
802800.0,685,iso13790,native,True,19.900000000000002,2195.1140042013,0.0,-5.599999999999966,-101.56212000000002
806400.0,685,iso13790,native,True,19.899999999999995,2146.3445358835447,0.0,-5.0,-42.999088546124234
810000.0,685,iso13790,native,True,19.90000000000001,1941.572336153503,0.0,-1.6999999999999886,119.47869790947023
813600.0,685,iso13790,native,True,19.9,1643.325305290793,0.0,1.7000000000000455,220.01936283350017
817200.0,685,iso13790,native,True,19.900000000000013,1341.7710849565008,0.0,4.400000000000034,288.04016657563415
820800.0,685,iso13790,native,True,19.900000000000002,1094.9708896457503,0.0,6.100000000000023,312.76836254969123
824400.0,685,iso13790,native,True,19.9,691.3215240592925,0.0,7.2000000000000455,1392.7882400053177
828000.0,685,iso13790,native,True,19.89999999999999,41.06033939947997,0.0,7.2000000000000455,2689.383897164497
831600.0,685,iso13790,native,True,20.099999999999987,0.0,649.2878650254019,6.7000000000000455,3748.160673412533
835200.0,685,iso13790,native,True,20.099999999999994,0.0,1274.611752286035,6.100000000000023,4157.041677569736
838800.0,685,iso13790,native,True,20.099999999999987,0.0,1181.060159197002,3.3000000000000114,2390.377287135955
842400.0,685,iso13790,native,True,20.1,0.0,221.22774445347946,0.6000000000000227,-101.56212000000002
846000.0,685,iso13790,native,True,19.899999999999995,694.4598686602794,0.0,-1.099999999999966,-101.56212000000002
849600.0,685,iso13790,native,True,19.9,1258.2614323208736,0.0,-2.1999999999999886,-101.56212000000002
853200.0,685,iso13790,native,True,19.900000000000002,1507.0135456668347,0.0,-1.099999999999966,-101.56212000000002
856800.0,685,iso13790,native,True,19.899999999999995,1724.094503252607,0.0,-3.2999999999999545,-101.56212000000002
860400.0,685,iso13790,native,True,19.89999999999999,1885.7234993480986,0.0,-4.399999999999977,-101.56212000000002
864000.0,685,iso13790,native,True,19.90000000000001,1996.0753844074295,0.0,-5.0,-101.56212000000002
867600.0,685,iso13790,native,True,19.900000000000016,2078.954505265571,0.0,-5.599999999999966,-101.56212000000002
871200.0,685,iso13790,native,True,19.9,2143.5045230283927,0.0,-6.099999999999966,-101.56212000000002
874800.0,685,iso13790,native,True,19.900000000000006,2177.8487503276365,0.0,-6.099999999999966,-101.56212000000002
878400.0,685,iso13790,native,True,19.899999999999995,2175.097517156087,0.0,-5.599999999999966,-101.56212000000002
882000.0,685,iso13790,native,True,19.90000000000001,2148.1091560351974,0.0,-5.0,-101.56212000000002
885600.0,685,iso13790,native,True,19.900000000000002,2087.8563846922148,0.0,-3.8999999999999773,-101.56212000000002
889200.0,685,iso13790,native,True,19.90000000000001,2054.6253105171772,0.0,-3.8999999999999773,-101.56212000000002
892800.0,685,iso13790,native,True,19.900000000000002,1997.8348672419966,0.0,-3.2999999999999545,-29.37392457072626
896400.0,685,iso13790,native,True,19.90000000000001,1835.939937005674,0.0,-1.6999999999999886,232.69300026842595
900000.0,685,iso13790,native,True,19.899999999999995,1550.512748268177,0.0,1.1000000000000227,436.67173262277913
903600.0,685,iso13790,native,True,19.9,1089.9477690660926,0.0,7.2000000000000455,556.8064684566591
907200.0,685,iso13790,native,True,19.9,773.3589234193826,0.0,7.800000000000011,668.9351106757373
910800.0,685,iso13790,native,True,19.9,279.9540253548501,0.0,10.600000000000023,1613.9275500012627
914400.0,685,iso13790,native,True,20.1,0.0,305.46417598806534,11.700000000000045,2484.25697288527
918000.0,685,iso13790,native,True,20.099999999999994,0.0,593.5381708309083,12.200000000000045,1438.3105742510954
921600.0,685,iso13790,native,True,20.10000000000001,0.0,377.27072331148776,10.0,904.0823084545312
925200.0,685,iso13790,native,True,20.099999999999994,0.0,16.313876546873423,8.300000000000011,466.3326114780099
928800.0,685,iso13790,native,True,19.9,331.0358673121604,0.0,7.800000000000011,-101.56212000000002
932400.0,685,iso13790,native,True,19.9,667.6353979292956,0.0,7.2000000000000455,-101.56212000000002
936000.0,685,iso13790,native,True,19.9,908.7071659812162,0.0,5.600000000000023,-101.56212000000002
939600.0,685,iso13790,native,True,19.899999999999995,1085.7510799070085,0.0,4.400000000000034,-101.56212000000002
943200.0,685,iso13790,native,True,19.899999999999984,1109.8239734332224,0.0,6.100000000000023,-101.56212000000002
946800.0,685,iso13790,native,True,19.900000000000002,1188.9441549813505,0.0,4.400000000000034,-101.56212000000002
950400.0,685,iso13790,native,True,19.90000000000001,1253.58600194043,0.0,3.900000000000034,-101.56212000000002
954000.0,685,iso13790,native,True,19.900000000000002,1333.1469483219819,0.0,2.8000000000000114,-101.56212000000002
957600.0,685,iso13790,native,True,19.900000000000002,1491.350070928934,0.0,0.0,-101.56212000000002
961200.0,685,iso13790,native,True,19.899999999999995,1623.6092171662845,0.0,-1.099999999999966,-101.56212000000002
964800.0,685,iso13790,native,True,19.899999999999988,1784.4567788717127,0.0,-3.2999999999999545,-101.56212000000002
968400.0,685,iso13790,native,True,19.899999999999995,1941.6111437693396,0.0,-5.0,-101.56212000000002
972000.0,685,iso13790,native,True,19.899999999999988,2050.7580425452747,0.0,-5.599999999999966,-101.56212000000002
975600.0,685,iso13790,native,True,19.899999999999988,2128.907045846627,0.0,-6.099999999999966,-101.56212000000002
979200.0,685,iso13790,native,True,19.89999999999999,2096.016628343189,0.0,-4.399999999999977,-79.98595200000001
982800.0,685,iso13790,native,True,19.899999999999988,1878.4113954449635,0.0,-0.5999999999999659,103.411476
986400.0,685,iso13790,native,True,19.9,1572.29861013322,0.0,2.2000000000000455,308.385072
990000.0,685,iso13790,native,True,19.9,1184.8071712883213,0.0,6.100000000000023,459.41824799999995
993600.0,685,iso13790,native,True,19.899999999999995,887.7580950968426,0.0,7.800000000000011,437.84207999999995
997200.0,685,iso13790,native,True,19.899999999999995,709.6617582077362,0.0,7.800000000000011,556.5110040000001
1000800.0,685,iso13790,native,True,19.900000000000002,588.1564931946212,0.0,8.900000000000034,389.295702
1004400.0,685,iso13790,native,True,19.900000000000002,583.2252092622294,0.0,8.300000000000011,346.143366
1008000.0,685,iso13790,native,True,19.900000000000006,628.8182934042741,0.0,8.300000000000011,151.957854
1011600.0,685,iso13790,native,True,19.899999999999995,882.3632742173936,0.0,4.400000000000034,-36.83361600000002
1015200.0,685,iso13790,native,True,19.900000000000002,1154.440552687838,0.0,2.2000000000000455,-101.56212000000002
1018800.0,685,iso13790,native,True,19.900000000000002,1309.6059023063005,0.0,2.2000000000000455,-101.56212000000002
1022400.0,685,iso13790,native,True,19.89999999999999,1389.9359306834547,0.0,2.2000000000000455,-101.56212000000002
1026000.0,685,iso13790,native,True,19.899999999999995,1567.0308019020702,0.0,-1.099999999999966,-101.56212000000002
1029600.0,685,iso13790,native,True,19.900000000000006,1709.9966167595949,0.0,-2.1999999999999886,-101.56212000000002
1033200.0,685,iso13790,native,True,19.899999999999995,1765.517282848701,0.0,-1.6999999999999886,-101.56212000000002
1036800.0,685,iso13790,native,True,19.899999999999988,1793.3343658214203,0.0,-1.6999999999999886,-101.56212000000002
1040400.0,685,iso13790,native,True,19.89999999999999,1713.2907897640068,0.0,0.6000000000000227,-101.56212000000002
1044000.0,685,iso13790,native,True,19.9,1556.7209818168926,0.0,3.3000000000000114,-101.56212000000002
1047600.0,685,iso13790,native,True,19.9,1491.1932951967194,0.0,2.8000000000000114,-101.56212000000002
1051200.0,685,iso13790,native,True,19.900000000000002,1458.1955179181632,0.0,2.8000000000000114,-101.56212000000002
1054800.0,685,iso13790,native,True,19.90000000000001,1420.5809267094617,0.0,3.3000000000000114,-101.56212000000002
1058400.0,685,iso13790,native,True,19.90000000000001,1420.712775435455,0.0,2.8000000000000114,-101.56212000000002
1062000.0,685,iso13790,native,True,19.899999999999995,1446.3450655819988,0.0,2.2000000000000455,-101.56212000000002
1065600.0,685,iso13790,native,True,19.899999999999995,1403.2808191748957,0.0,3.3000000000000114,-42.27792280542337
1069200.0,685,iso13790,native,True,19.899999999999984,1243.2252044518789,0.0,5.600000000000023,111.7954981115083
1072800.0,685,iso13790,native,True,19.900000000000002,1021.5841206961665,0.0,7.800000000000011,207.51144036661015
1076400.0,685,iso13790,native,True,19.899999999999988,808.9244472240193,0.0,9.400000000000034,270.31637082511645
1080000.0,685,iso13790,native,True,19.899999999999995,680.8217350352331,0.0,9.400000000000034,295.011506138129
1083600.0,685,iso13790,native,True,19.900000000000002,352.43039683040024,0.0,10.0,1422.7347701920044
1087200.0,685,iso13790,native,True,20.1,0.0,178.6727751462785,9.400000000000034,2660.5839817764904
1090800.0,685,iso13790,native,True,20.10000000000002,0.0,865.3322883083948,9.400000000000034,3508.9738582428017
1094400.0,685,iso13790,native,True,20.099999999999973,0.0,1398.5646520690364,9.400000000000034,3719.586295232209
1098000.0,685,iso13790,native,True,20.099999999999994,0.0,1326.2411178816183,8.300000000000011,2094.568497012857
1101600.0,685,iso13790,native,True,20.099999999999994,0.0,529.8993256485949,7.2000000000000455,-101.56212000000002
1105200.0,685,iso13790,native,True,19.899999999999995,202.14108116860447,0.0,6.7000000000000455,-101.56212000000002
1108800.0,685,iso13790,native,True,19.900000000000002,623.4750965207646,0.0,6.7000000000000455,-101.56212000000002
1112400.0,685,iso13790,native,True,19.900000000000006,866.2399668652437,0.0,6.100000000000023,-101.56212000000002
1116000.0,685,iso13790,native,True,19.899999999999988,1108.0084382917553,0.0,3.3000000000000114,-101.56212000000002
1119600.0,685,iso13790,native,True,19.89999999999999,1304.0613095898018,0.0,1.7000000000000455,-101.56212000000002
1123200.0,685,iso13790,native,True,19.900000000000013,1363.3540256682593,0.0,2.8000000000000114,-101.56212000000002
1126800.0,685,iso13790,native,True,19.9,1277.0362735587173,0.0,5.600000000000023,-101.56212000000002
1130400.0,685,iso13790,native,True,19.899999999999995,1181.992613034887,0.0,6.7000000000000455,-101.56212000000002
1134000.0,685,iso13790,native,True,19.899999999999995,1110.2186429081798,0.0,7.2000000000000455,-101.56212000000002
1137600.0,685,iso13790,native,True,19.900000000000002,1092.665977117393,0.0,6.7000000000000455,-101.56212000000002
1141200.0,685,iso13790,native,True,19.900000000000002,1084.5051547008297,0.0,6.7000000000000455,-101.56212000000002
1144800.0,685,iso13790,native,True,19.900000000000002,1080.2802481871313,0.0,6.7000000000000455,-101.56212000000002
1148400.0,685,iso13790,native,True,19.9,1078.092988847525,0.0,6.7000000000000455,-101.56212000000002
1152000.0,685,iso13790,native,True,19.900000000000002,1062.806247978492,0.0,6.7000000000000455,-33.210110980393694
1155600.0,685,iso13790,native,True,19.900000000000013,908.5284605001482,0.0,8.300000000000011,304.1300282241667
1159200.0,685,iso13790,native,True,19.9,626.4054568597817,0.0,10.0,671.8502266286079
1162800.0,685,iso13790,native,True,19.900000000000002,343.25344821006723,0.0,12.200000000000045,601.6878878680594
1166400.0,685,iso13790,native,True,19.900000000000002,173.4265582864197,0.0,12.800000000000011,628.8109384263133
1170000.0,685,iso13790,native,True,19.900000000000002,6.471411341459859,0.0,13.300000000000011,885.2499765257626
1173600.0,685,iso13790,native,True,20.1,0.0,163.07951069122123,13.300000000000011,1327.8644826515836
1177200.0,685,iso13790,native,True,20.1,0.0,427.4679926045721,12.800000000000011,1741.9001406637592
1180800.0,685,iso13790,native,True,20.10000000000001,0.0,348.03506804556395,12.200000000000045,504.6839329773477
1184400.0,685,iso13790,native,True,19.900000000000002,17.100731757626484,0.0,10.0,84.71428280365367
1188000.0,685,iso13790,native,True,19.899999999999995,401.7762909076486,0.0,8.900000000000034,-101.56212000000002
1191600.0,685,iso13790,native,True,19.899999999999995,702.2202832612962,0.0,7.2000000000000455,-101.56212000000002
1195200.0,685,iso13790,native,True,19.9,926.6119677102856,0.0,5.600000000000023,-101.56212000000002
1198800.0,685,iso13790,native,True,19.89999999999999,1160.7211260747754,0.0,2.8000000000000114,-101.56212000000002
1202400.0,685,iso13790,native,True,19.9,1356.915014207634,0.0,1.1000000000000227,-101.56212000000002
1206000.0,685,iso13790,native,True,19.899999999999995,1482.1666184050082,0.0,0.6000000000000227,-101.56212000000002
1209600.0,685,iso13790,native,True,19.90000000000001,1617.74333192039,0.0,-1.099999999999966,-101.56212000000002
1213200.0,685,iso13790,native,True,19.90000000000001,1691.0816179223268,0.0,-1.099999999999966,-101.56212000000002
1216800.0,685,iso13790,native,True,19.899999999999995,1753.687020430909,0.0,-1.6999999999999886,-101.56212000000002
1220400.0,685,iso13790,native,True,19.899999999999995,1787.209768299698,0.0,-1.6999999999999886,-101.56212000000002
1224000.0,685,iso13790,native,True,19.899999999999984,1825.0961399188752,0.0,-2.1999999999999886,-101.56212000000002
1227600.0,685,iso13790,native,True,19.899999999999995,1825.1049935348674,0.0,-1.6999999999999886,-101.56212000000002
1231200.0,685,iso13790,native,True,19.90000000000001,1799.545545831252,0.0,-1.099999999999966,-101.56212000000002
1234800.0,685,iso13790,native,True,19.900000000000002,1855.0086223771293,0.0,-2.7999999999999545,-101.56212000000002
1238400.0,685,iso13790,native,True,19.899999999999995,1849.5697230564506,0.0,-2.1999999999999886,-40.40653397626303
1242000.0,685,iso13790,native,True,19.899999999999995,1575.2523195273516,0.0,3.3000000000000114,128.0083426233108
1245600.0,685,iso13790,native,True,19.900000000000002,1215.2195689163657,0.0,7.2000000000000455,229.68837764683855
1249200.0,685,iso13790,native,True,19.89999999999999,876.3086453544719,0.0,10.0,298.46804289437046
1252800.0,685,iso13790,native,True,19.899999999999995,588.0915743407362,0.0,12.200000000000045,329.1862053803494
1256400.0,685,iso13790,native,True,19.9,219.57922114520548,0.0,12.800000000000011,1226.0859708930545
1260000.0,685,iso13790,native,True,20.10000000000001,0.0,362.3587176472366,13.300000000000011,2567.2186117215774
1263600.0,685,iso13790,native,True,20.100000000000023,0.0,1122.9314742845331,12.800000000000011,3655.9022685636282
1267200.0,685,iso13790,native,True,20.1,0.0,1689.7050029266702,10.600000000000023,4100.963986471631
1270800.0,685,iso13790,native,True,20.099999999999984,0.0,1701.4879326367652,8.900000000000034,2757.908204340747
1274400.0,685,iso13790,native,True,20.100000000000005,0.0,854.7904671356903,7.800000000000011,-101.56212000000002
1278000.0,685,iso13790,native,True,19.900000000000002,127.27608554532682,0.0,4.400000000000034,-101.56212000000002
1281600.0,685,iso13790,native,True,19.900000000000002,703.954100522868,0.0,3.900000000000034,-101.56212000000002
1285200.0,685,iso13790,native,True,19.9,1073.236963493238,0.0,2.2000000000000455,-101.56212000000002
1288800.0,685,iso13790,native,True,19.900000000000002,1267.5663191108981,0.0,2.2000000000000455,-101.56212000000002
1292400.0,685,iso13790,native,True,19.900000000000002,1483.1478782170184,0.0,-0.5999999999999659,-101.56212000000002
1296000.0,685,iso13790,native,True,19.899999999999995,1575.305271461626,0.0,0.0,-101.56212000000002
1299600.0,685,iso13790,native,True,19.900000000000002,1506.9280565521624,0.0,2.8000000000000114,-101.56212000000002
1303200.0,685,iso13790,native,True,19.900000000000002,1445.8100530639335,0.0,3.3000000000000114,-101.56212000000002
1306800.0,685,iso13790,native,True,19.900000000000002,1273.6287754192633,0.0,6.7000000000000455,-101.56212000000002
1310400.0,685,iso13790,native,True,19.899999999999995,1428.6743029160973,0.0,0.6000000000000227,-101.56212000000002
1314000.0,685,iso13790,native,True,19.900000000000002,1590.0500406556173,0.0,-1.099999999999966,-101.56212000000002
1317600.0,685,iso13790,native,True,19.900000000000002,1676.7446356087748,0.0,-1.099999999999966,-101.56212000000002
1321200.0,685,iso13790,native,True,19.900000000000002,1721.626945285887,0.0,-1.099999999999966,-101.56212000000002
1324800.0,685,iso13790,native,True,19.9,1686.95391959059,0.0,0.0,-40.04173027627804
1328400.0,685,iso13790,native,True,19.90000000000001,1585.3313030185202,0.0,0.0,307.2041344188199
1332000.0,685,iso13790,native,True,19.899999999999995,1392.0741092314342,0.0,-1.099999999999966,939.4020107393144
1335600.0,685,iso13790,native,True,19.899999999999988,1171.6650818932096,0.0,0.0,829.6694672934672
1339200.0,685,iso13790,native,True,19.899999999999988,983.0775315766899,0.0,1.1000000000000227,1045.1516949445102
1342800.0,685,iso13790,native,True,19.899999999999995,674.4536673163383,0.0,2.2000000000000455,1671.5551585206224
1346400.0,685,iso13790,native,True,19.899999999999995,320.86485034100536,0.0,2.2000000000000455,2119.3991045955418
1350000.0,685,iso13790,native,True,19.936725538248172,0.0,0.0,1.7000000000000455,2586.4631651335512
1353600.0,685,iso13790,native,True,20.10000000000001,0.0,230.1168870806457,1.7000000000000455,2703.83563201966
1357200.0,685,iso13790,native,True,20.100000000000005,0.0,11.667152028307262,1.7000000000000455,820.7133576558444
1360800.0,685,iso13790,native,True,19.900000000000002,609.9314005738445,0.0,0.0,-101.56212000000002
1364400.0,685,iso13790,native,True,19.89999999999999,1097.4865940538257,0.0,0.6000000000000227,-101.56212000000002
1368000.0,685,iso13790,native,True,19.9,1328.2538283112458,0.0,1.1000000000000227,-101.56212000000002
1371600.0,685,iso13790,native,True,19.900000000000002,1516.6040187777244,0.0,-0.5999999999999659,-101.56212000000002
1375200.0,685,iso13790,native,True,19.900000000000002,1637.7948938389156,0.0,-1.099999999999966,-101.56212000000002
1378800.0,685,iso13790,native,True,19.899999999999988,1726.100165064865,0.0,-1.6999999999999886,-101.56212000000002
1382400.0,685,iso13790,native,True,19.899999999999988,1793.4593332862,0.0,-2.1999999999999886,-101.56212000000002
1386000.0,685,iso13790,native,True,19.899999999999995,1829.2578745582612,0.0,-2.1999999999999886,-101.56212000000002
1389600.0,685,iso13790,native,True,19.899999999999995,1827.2595484177828,0.0,-1.6999999999999886,-101.56212000000002
1393200.0,685,iso13790,native,True,19.900000000000002,1825.2987055237463,0.0,-1.6999999999999886,-101.56212000000002
1396800.0,685,iso13790,native,True,19.9,1684.669740807901,0.0,1.7000000000000455,-101.56212000000002
1400400.0,685,iso13790,native,True,19.900000000000002,1700.01110870952,0.0,-0.5999999999999659,-101.56212000000002
1404000.0,685,iso13790,native,True,19.90000000000001,1712.214395078736,0.0,-0.5999999999999659,-101.56212000000002
1407600.0,685,iso13790,native,True,19.90000000000001,1693.8943755689822,0.0,0.0,-101.56212000000002
1411200.0,685,iso13790,native,True,19.900000000000002,1880.7938680825189,0.0,-5.0,-63.80382600000001
1414800.0,685,iso13790,native,True,19.900000000000013,1815.6050352817867,0.0,-2.1999999999999886,178.92806399999995
1418400.0,685,iso13790,native,True,19.899999999999995,1582.3518205261978,0.0,0.0,495.72680147148975
1422000.0,685,iso13790,native,True,19.9,1314.6292311985676,0.0,0.0,943.8817972175631
1425600.0,685,iso13790,native,True,19.900000000000002,1220.6039019327566,0.0,-1.099999999999966,604.5909225499839
1429200.0,685,iso13790,native,True,19.899999999999995,1112.932347892869,0.0,-2.1999999999999886,1376.4791104795474
1432800.0,685,iso13790,native,True,19.899999999999995,786.2552251070854,0.0,-2.7999999999999545,2224.3349522526673
1436400.0,685,iso13790,native,True,19.900000000000002,347.3636976146783,0.0,-4.399999999999977,3202.381482530672
1440000.0,685,iso13790,native,True,19.9,332.70943354655765,0.0,-5.599999999999966,1681.4648602257416
1443600.0,685,iso13790,native,True,19.9,866.3977443649461,0.0,-6.699999999999989,457.66697651927484
1447200.0,685,iso13790,native,True,19.90000000000001,1519.7184618264757,0.0,-8.299999999999955,-101.56212000000002
1450800.0,685,iso13790,native,True,19.899999999999988,1994.4942249982523,0.0,-9.399999999999977,-101.56212000000002
1454400.0,685,iso13790,native,True,19.900000000000013,2242.326328194727,0.0,-9.399999999999977,-101.56212000000002
1458000.0,685,iso13790,native,True,19.900000000000013,2395.2682222031294,0.0,-10.0,-101.56212000000002
1461600.0,685,iso13790,native,True,19.899999999999995,2500.1964451054737,0.0,-10.599999999999966,-101.56212000000002
1465200.0,685,iso13790,native,True,19.90000000000001,2576.161414706827,0.0,-11.099999999999966,-101.56212000000002
1468800.0,685,iso13790,native,True,19.899999999999995,2641.0529645194274,0.0,-11.699999999999989,-101.56212000000002
1472400.0,685,iso13790,native,True,19.90000000000001,2675.7592645038035,0.0,-11.699999999999989,-101.56212000000002
1476000.0,685,iso13790,native,True,19.90000000000001,2693.7269233236757,0.0,-11.699999999999989,-101.56212000000002
1479600.0,685,iso13790,native,True,19.899999999999988,2703.0288876244663,0.0,-11.699999999999989,-101.56212000000002
1483200.0,685,iso13790,native,True,19.899999999999984,2728.376014907728,0.0,-12.199999999999989,-101.56212000000002
1486800.0,685,iso13790,native,True,19.899999999999995,2721.8932268278822,0.0,-11.699999999999989,-101.56212000000002
1490400.0,685,iso13790,native,True,19.900000000000013,2717.6107511999194,0.0,-11.699999999999989,-101.56212000000002
1494000.0,685,iso13790,native,True,19.9,2715.393687985962,0.0,-11.699999999999989,-101.56212000000002
1497600.0,685,iso13790,native,True,19.900000000000002,2605.5378381969067,0.0,-9.399999999999977,-32.68358588668143
1501200.0,685,iso13790,native,True,19.899999999999988,2457.5006899371615,0.0,-8.299999999999955,116.26432468572261
1504800.0,685,iso13790,native,True,19.899999999999995,2154.620434324658,0.0,-3.8999999999999773,212.73507573684884
1508400.0,685,iso13790,native,True,19.89999999999999,1755.9273975280878,0.0,1.1000000000000227,276.3439894339639
1512000.0,685,iso13790,native,True,19.9,1410.0271304268092,0.0,3.900000000000034,301.4493383572802
1515600.0,685,iso13790,native,True,19.899999999999995,899.7579460683718,0.0,7.2000000000000455,1202.2119724129209
1519200.0,685,iso13790,native,True,20.1,0.0,2.089105684502106,13.300000000000011,2596.2507680485446
1522800.0,685,iso13790,native,True,20.099999999999998,0.0,970.9895194416107,12.800000000000011,3800.6853093443415
1526400.0,685,iso13790,native,True,20.100000000000037,0.0,1756.656730304505,11.700000000000045,4475.472702115334
1530000.0,685,iso13790,native,True,20.100000000000005,0.0,2062.390379960953,11.700000000000045,3482.3463691778306
1533600.0,685,iso13790,native,True,20.100000000000012,0.0,1251.6914724465796,10.0,-101.56212000000002
1537200.0,685,iso13790,native,True,20.099999999999998,0.0,307.38988185275554,11.100000000000023,-101.56212000000002
1540800.0,685,iso13790,native,True,19.899999999999995,149.9651593349874,0.0,10.600000000000023,-101.56212000000002
1544400.0,685,iso13790,native,True,19.9,408.5614752692127,0.0,11.100000000000023,-101.56212000000002
1548000.0,685,iso13790,native,True,19.900000000000002,562.0434800379273,0.0,10.600000000000023,-101.56212000000002
1551600.0,685,iso13790,native,True,19.900000000000002,642.4283282450305,0.0,10.600000000000023,-101.56212000000002
1555200.0,685,iso13790,native,True,19.899999999999995,733.3195118592284,0.0,9.400000000000034,-101.56212000000002
1558800.0,685,iso13790,native,True,19.9,712.7906222700962,0.0,11.100000000000023,-101.56212000000002
1562400.0,685,iso13790,native,True,19.89999999999999,719.5447267520368,0.0,10.600000000000023,-101.56212000000002
1566000.0,685,iso13790,native,True,19.899999999999995,793.7745768203331,0.0,8.900000000000034,-101.56212000000002
1569600.0,685,iso13790,native,True,19.89999999999999,880.5224037193111,0.0,7.800000000000011,-101.56212000000002
1573200.0,685,iso13790,native,True,19.90000000000001,1067.0839510603287,0.0,4.400000000000034,-101.56212000000002
1576800.0,685,iso13790,native,True,19.90000000000001,1054.9907107623962,0.0,7.2000000000000455,-101.56212000000002
1580400.0,685,iso13790,native,True,19.90000000000001,903.9288773056602,0.0,10.600000000000023,-101.56212000000002
1584000.0,685,iso13790,native,True,19.899999999999995,853.7979760038289,0.0,9.400000000000034,-29.600173212463453
1587600.0,685,iso13790,native,True,19.9,663.2278950975007,0.0,12.200000000000045,165.9120732153282
1591200.0,685,iso13790,native,True,19.9,485.21900677503606,0.0,12.800000000000011,255.79990351542654
1594800.0,685,iso13790,native,True,19.899999999999995,270.8686162259661,0.0,15.0,335.6378577848958
1598400.0,685,iso13790,native,True,19.899999999999995,140.43729972398128,0.0,15.0,348.97908053459776
1602000.0,685,iso13790,native,True,20.1,0.0,69.79628476577662,15.600000000000023,1150.457092502435
1605600.0,685,iso13790,native,True,20.100000000000005,0.0,588.5211416850888,15.600000000000023,2312.4871320197867
1609200.0,685,iso13790,native,True,20.10000000000001,0.0,1237.7636251011372,15.0,3382.677222570526
1612800.0,685,iso13790,native,True,20.100000000000037,0.0,1682.5378866322787,12.200000000000045,3650.918599951689
1616400.0,685,iso13790,native,True,20.10000000000001,0.0,1668.5969508648072,11.700000000000045,2391.054316602988
1620000.0,685,iso13790,native,True,20.100000000000012,0.0,899.9261867170509,10.600000000000023,-101.56212000000002
1623600.0,685,iso13790,native,True,20.1,0.0,56.58353686054889,9.400000000000034,-101.56212000000002
1627200.0,685,iso13790,native,True,19.9,693.5874098660245,0.0,0.6000000000000227,-101.56212000000002
1630800.0,685,iso13790,native,True,19.9,1254.660343643459,0.0,-2.1999999999999886,-101.56212000000002
1634400.0,685,iso13790,native,True,19.90000000000001,1595.4875976651904,0.0,-3.2999999999999545,-101.56212000000002
1638000.0,685,iso13790,native,True,19.900000000000002,1843.780669851972,0.0,-5.0,-101.56212000000002
1641600.0,685,iso13790,native,True,19.900000000000002,2000.1106218082584,0.0,-5.599999999999966,-101.56212000000002
1645200.0,685,iso13790,native,True,19.899999999999995,2082.155128789394,0.0,-5.599999999999966,-101.56212000000002
1648800.0,685,iso13790,native,True,19.90000000000001,2124.6300601461107,0.0,-5.599999999999966,-101.56212000000002
1652400.0,685,iso13790,native,True,19.899999999999995,2121.9818520739464,0.0,-5.0,-101.56212000000002
1656000.0,685,iso13790,native,True,19.9,2119.499301918989,0.0,-5.0,-101.56212000000002
1659600.0,685,iso13790,native,True,19.900000000000013,2118.2140708742645,0.0,-5.0,-101.56212000000002
1663200.0,685,iso13790,native,True,19.899999999999995,2117.548699085082,0.0,-5.0,-101.56212000000002
1666800.0,685,iso13790,native,True,19.9,2092.5664983758447,0.0,-4.399999999999977,-101.56212000000002
1670400.0,685,iso13790,native,True,19.900000000000002,2062.8580194204733,0.0,-4.399999999999977,-25.92259665280988
1674000.0,685,iso13790,native,True,19.90000000000001,1997.5244255803213,0.0,-4.399999999999977,157.55508292355938
1677600.0,685,iso13790,native,True,19.900000000000002,1800.3137150936436,0.0,-1.6999999999999886,271.08281714057694
1681200.0,685,iso13790,native,True,19.899999999999995,1544.6533738090388,0.0,1.1000000000000227,346.59100569556085
1684800.0,685,iso13790,native,True,19.9,1362.8223440392485,0.0,1.7000000000000455,383.8289590245304
1688400.0,685,iso13790,native,True,19.899999999999995,1035.0578247237513,0.0,3.3000000000000114,1160.9654563215472
1692000.0,685,iso13790,native,True,19.9,375.9953570651398,0.0,5.600000000000023,2460.470069013105
1695600.0,685,iso13790,native,True,20.1,0.0,393.96300686757525,6.7000000000000455,3541.6158198965795
1699200.0,685,iso13790,native,True,20.1,0.0,1127.7631761465143,7.2000000000000455,4025.789927045512
1702800.0,685,iso13790,native,True,20.099999999999998,0.0,1245.991619424639,5.600000000000023,2705.347743997207
1706400.0,685,iso13790,native,True,20.1,0.0,455.25318963336633,3.900000000000034,-49.193400971615205
1710000.0,685,iso13790,native,True,19.899999999999995,489.103501657492,0.0,0.6000000000000227,-101.56212000000002
1713600.0,685,iso13790,native,True,19.900000000000002,1058.4594457622422,0.0,0.0,-101.56212000000002
1717200.0,685,iso13790,native,True,19.900000000000006,1424.1368884062274,0.0,-1.6999999999999886,-101.56212000000002
1720800.0,685,iso13790,native,True,19.90000000000001,1616.5996963839525,0.0,-1.6999999999999886,-101.56212000000002
1724400.0,685,iso13790,native,True,19.899999999999988,1761.408020308802,0.0,-2.7999999999999545,-101.56212000000002
1728000.0,685,iso13790,native,True,19.899999999999995,1858.9454539472667,0.0,-3.2999999999999545,-101.56212000000002
1731600.0,685,iso13790,native,True,19.900000000000002,1980.1743758137977,0.0,-5.0,-101.56212000000002
1735200.0,685,iso13790,native,True,19.900000000000002,2070.722458132025,0.0,-5.599999999999966,-101.56212000000002
1738800.0,685,iso13790,native,True,19.899999999999995,2139.2427430532543,0.0,-6.099999999999966,-101.56212000000002
1742400.0,685,iso13790,native,True,19.90000000000001,2175.64240137678,0.0,-6.099999999999966,-101.56212000000002
1746000.0,685,iso13790,native,True,19.9,2219.1244556834827,0.0,-6.699999999999989,-101.56212000000002
1749600.0,685,iso13790,native,True,19.89999999999999,2242.7469319549045,0.0,-6.699999999999989,-101.56212000000002
1753200.0,685,iso13790,native,True,19.899999999999984,2209.807250470526,0.0,-5.599999999999966,-101.56212000000002
1756800.0,685,iso13790,native,True,19.899999999999988,2014.8755926551707,0.0,-1.6999999999999886,-25.768180646878392
1760400.0,685,iso13790,native,True,19.90000000000001,1670.7264084481137,0.0,2.8000000000000114,163.72660483783093
1764000.0,685,iso13790,native,True,19.899999999999995,1269.2949609318514,0.0,6.7000000000000455,283.59383706957954
1767600.0,685,iso13790,native,True,19.9,858.3056688378426,0.0,10.600000000000023,364.9359099371177
1771200.0,685,iso13790,native,True,19.900000000000002,528.4942517708056,0.0,12.800000000000011,396.8853157659879
1774800.0,685,iso13790,native,True,19.9,123.72294844777932,0.0,14.400000000000034,1165.6599699221413
1778400.0,685,iso13790,native,True,20.099999999999994,0.0,401.8641420967069,15.600000000000023,2094.0922122052552
1782000.0,685,iso13790,native,True,20.1,0.0,1116.682188044159,15.600000000000023,3312.379114908471
1785600.0,685,iso13790,native,True,20.100000000000023,0.0,1677.4619267802445,15.0,3422.192053870813
1789200.0,685,iso13790,native,True,20.10000000000001,0.0,1233.5734903396105,11.100000000000023,571.5544218225269
1792800.0,685,iso13790,native,True,20.099999999999994,0.0,300.7620021965055,8.300000000000011,-56.79654025822055
1796400.0,685,iso13790,native,True,19.899999999999995,451.2653522561344,0.0,3.3000000000000114,-101.56212000000002
1800000.0,685,iso13790,native,True,19.900000000000002,873.7231337788728,0.0,3.900000000000034,-101.56212000000002
1803600.0,685,iso13790,native,True,19.900000000000002,1161.127406124602,0.0,2.2000000000000455,-101.56212000000002
1807200.0,685,iso13790,native,True,19.9,1333.599171073896,0.0,1.7000000000000455,-101.56212000000002
1810800.0,685,iso13790,native,True,19.89999999999998,1448.4528653211346,0.0,1.1000000000000227,-101.56212000000002
1814400.0,685,iso13790,native,True,19.899999999999995,1509.0248659280198,0.0,1.1000000000000227,-101.56212000000002
1818000.0,685,iso13790,native,True,19.899999999999988,1540.3833524688362,0.0,1.1000000000000227,-101.56212000000002
1821600.0,685,iso13790,native,True,19.89999999999998,1577.1492730703142,0.0,0.6000000000000227,-101.56212000000002
1825200.0,685,iso13790,native,True,19.9,1597.1095073009221,0.0,0.6000000000000227,-101.56212000000002
1828800.0,685,iso13790,native,True,19.900000000000002,1656.7185073132634,0.0,-0.5999999999999659,-101.56212000000002
1832400.0,685,iso13790,native,True,19.9,1665.1638229683028,0.0,0.0,-101.56212000000002
1836000.0,685,iso13790,native,True,19.899999999999995,1693.0621900734245,0.0,-0.5999999999999659,-101.56212000000002
1839600.0,685,iso13790,native,True,19.899999999999995,1708.6168983914865,0.0,-0.5999999999999659,-101.56212000000002
1843200.0,685,iso13790,native,True,19.899999999999995,1631.069072511417,0.0,1.1000000000000227,-25.29389703171556
1846800.0,685,iso13790,native,True,19.900000000000002,1408.1743244805741,0.0,4.400000000000034,129.3935298635484
1850400.0,685,iso13790,native,True,19.9,1080.7580976700126,0.0,8.300000000000011,232.28718686147377
1854000.0,685,iso13790,native,True,19.899999999999995,713.1919903146338,0.0,12.200000000000045,301.9355964619312
1857600.0,685,iso13790,native,True,19.900000000000006,408.9610260046116,0.0,14.400000000000034,327.8427367705543
1861200.0,685,iso13790,native,True,19.9,15.4080733579453,0.0,16.100000000000023,1091.1789258489375
1864800.0,685,iso13790,native,True,20.09999999999998,0.0,554.3508797457339,16.100000000000023,2502.1751600440816
1868400.0,685,iso13790,native,True,20.100000000000005,0.0,1368.4533153881234,16.100000000000023,3731.790315217254
1872000.0,685,iso13790,native,True,20.100000000000044,0.0,2089.7420430898665,15.0,4458.992001136465
1875600.0,685,iso13790,native,True,20.10000000000005,0.0,2160.786216783252,11.100000000000023,3226.8197285969622
1879200.0,685,iso13790,native,True,20.10000000000001,0.0,1159.5093080809884,6.7000000000000455,62.12140455665576
1882800.0,685,iso13790,native,True,20.1,0.0,4.310146343421748,4.400000000000034,-101.56212000000002
1886400.0,685,iso13790,native,True,19.900000000000002,619.0428296156027,0.0,3.3000000000000114,-101.56212000000002
1890000.0,685,iso13790,native,True,19.900000000000006,985.2202697854334,0.0,3.3000000000000114,-101.56212000000002
1893600.0,685,iso13790,native,True,19.9,1265.1308750387661,0.0,1.1000000000000227,-101.56212000000002
1897200.0,685,iso13790,native,True,19.899999999999995,1504.4563336033034,0.0,-1.099999999999966,-101.56212000000002
1900800.0,685,iso13790,native,True,19.9,1587.2630836152089,0.0,0.0,-101.56212000000002
1904400.0,685,iso13790,native,True,19.9,1628.0947782111475,0.0,0.0,-101.56212000000002
1908000.0,685,iso13790,native,True,19.900000000000002,1764.2096812885793,0.0,-2.7999999999999545,-101.56212000000002
1911600.0,685,iso13790,native,True,19.9,1770.057533454465,0.0,-1.099999999999966,-101.56212000000002
1915200.0,685,iso13790,native,True,19.900000000000002,1749.4041451053877,0.0,-0.5999999999999659,-101.56212000000002
1918800.0,685,iso13790,native,True,19.90000000000002,1737.785465070011,0.0,-0.5999999999999659,-101.56212000000002
1922400.0,685,iso13790,native,True,19.89999999999999,1776.9395835704136,0.0,-1.6999999999999886,-101.56212000000002
1926000.0,685,iso13790,native,True,19.900000000000002,1729.4408468178726,0.0,0.0,-101.56212000000002
1929600.0,685,iso13790,native,True,19.899999999999988,1639.0713742005971,0.0,1.1000000000000227,-17.244747218791005
1933200.0,685,iso13790,native,True,19.899999999999988,1374.223755199238,0.0,5.0,188.22614367498386
1936800.0,685,iso13790,native,True,19.899999999999988,916.9047959533156,0.0,9.400000000000034,670.2549799797986
1940400.0,685,iso13790,native,True,19.899999999999995,422.05719179736826,0.0,12.800000000000011,835.0052663330072
1944000.0,685,iso13790,native,True,19.928236063245304,0.0,0.0,15.0,1077.652926894988
1947600.0,685,iso13790,native,True,20.099999999999994,0.0,300.69378587469896,16.100000000000023,1230.6605742729066
1951200.0,685,iso13790,native,True,20.1,0.0,791.1512887272146,16.700000000000045,2429.9169191647657
1954800.0,685,iso13790,native,True,20.099999999999994,0.0,1289.2056974367604,16.700000000000045,2687.9180246994656
1958400.0,685,iso13790,native,True,20.099999999999987,0.0,1303.1396087903274,16.100000000000023,1432.0589984230407
1962000.0,685,iso13790,native,True,20.1,0.0,749.3376716430671,12.800000000000011,341.4476707465524
1965600.0,685,iso13790,native,True,20.099999999999998,0.0,33.74361151737272,8.900000000000034,-94.14318270016088
1969200.0,685,iso13790,native,True,19.9,454.6815089837921,0.0,6.7000000000000455,-101.56212000000002
1972800.0,685,iso13790,native,True,19.899999999999988,848.6614306276955,0.0,4.400000000000034,-101.56212000000002
1976400.0,685,iso13790,native,True,19.899999999999995,1077.4196028648687,0.0,3.900000000000034,-101.56212000000002
1980000.0,685,iso13790,native,True,19.9,1266.5822849505748,0.0,2.2000000000000455,-101.56212000000002
1983600.0,685,iso13790,native,True,19.900000000000006,1343.024613217586,0.0,2.8000000000000114,-101.56212000000002
1987200.0,685,iso13790,native,True,19.900000000000013,1381.4877061724605,0.0,2.8000000000000114,-101.56212000000002
1990800.0,685,iso13790,native,True,19.899999999999995,1426.0380129137295,0.0,2.2000000000000455,-101.56212000000002
1994400.0,685,iso13790,native,True,19.90000000000001,1425.5757960923506,0.0,2.8000000000000114,-101.56212000000002
1998000.0,685,iso13790,native,True,19.90000000000001,1403.6935018664424,0.0,3.3000000000000114,-101.56212000000002
2001600.0,685,iso13790,native,True,19.899999999999995,1366.8008761583737,0.0,3.900000000000034,-101.56212000000002
2005200.0,685,iso13790,native,True,19.9,1326.058341634914,0.0,4.400000000000034,-101.56212000000002
2008800.0,685,iso13790,native,True,19.900000000000002,1254.7639231038427,0.0,5.600000000000023,-101.56212000000002
2012400.0,685,iso13790,native,True,19.900000000000006,1215.6312627194648,0.0,5.600000000000023,-101.56212000000002
2016000.0,685,iso13790,native,True,19.899999999999995,1243.0702159946452,0.0,3.900000000000034,5.20178527901129
2019600.0,685,iso13790,native,True,19.900000000000002,1057.4863563461722,0.0,7.2000000000000455,249.31730842214515
2023200.0,685,iso13790,native,True,19.899999999999995,757.2913621301493,0.0,8.900000000000034,682.0078025328382
2026800.0,685,iso13790,native,True,19.9,358.75719104390396,0.0,13.300000000000011,637.9994778399932
2030400.0,685,iso13790,native,True,19.900000000000002,14.39834975591086,0.0,14.400000000000034,1080.6889697061658
2034000.0,685,iso13790,native,True,20.099999999999994,0.0,280.5591758022427,15.600000000000023,1299.8656777776546
2037600.0,685,iso13790,native,True,20.099999999999987,0.0,679.4994021557342,15.0,2229.8199305558733
2041200.0,685,iso13790,native,True,20.099999999999994,0.0,1066.6229934597757,14.400000000000034,2516.244077262571
2044800.0,685,iso13790,native,True,20.100000000000012,0.0,1164.7117241520584,13.300000000000011,2026.9154489256764
2048400.0,685,iso13790,native,True,20.10000000000001,0.0,1044.183194639021,12.200000000000045,1801.2086777074162
2052000.0,685,iso13790,native,True,20.100000000000005,0.0,422.1871075682935,8.900000000000034,-64.57580920803636
2055600.0,685,iso13790,native,True,19.900000000000002,273.54510821627787,0.0,6.100000000000023,-101.56212000000002
2059200.0,685,iso13790,native,True,19.899999999999995,686.1906786313775,0.0,6.100000000000023,-101.56212000000002
2062800.0,685,iso13790,native,True,19.900000000000006,969.626667690415,0.0,4.400000000000034,-101.56212000000002
2066400.0,685,iso13790,native,True,19.900000000000002,1209.8509409959172,0.0,2.2000000000000455,-101.56212000000002
2070000.0,685,iso13790,native,True,19.89999999999999,1383.4613698860258,0.0,1.1000000000000227,-101.56212000000002
2073600.0,685,iso13790,native,True,19.89999999999999,1475.3783805147893,0.0,1.1000000000000227,-101.56212000000002
2077200.0,685,iso13790,native,True,19.899999999999995,1543.4958107827315,0.0,0.6000000000000227,-101.56212000000002
2080800.0,685,iso13790,native,True,19.900000000000002,1649.4938211640542,0.0,-1.099999999999966,-101.56212000000002
2084400.0,685,iso13790,native,True,19.90000000000001,1707.5190358652105,0.0,-1.099999999999966,-101.56212000000002
2088000.0,685,iso13790,native,True,19.899999999999984,1737.5590361294117,0.0,-1.099999999999966,-101.56212000000002
2091600.0,685,iso13790,native,True,19.900000000000002,1662.772566592292,0.0,1.1000000000000227,-101.56212000000002
2095200.0,685,iso13790,native,True,19.9,1800.6561697495727,0.0,-3.2999999999999545,-101.56212000000002
2098800.0,685,iso13790,native,True,19.89999999999999,1880.1907528755546,0.0,-3.2999999999999545,-101.56212000000002
2102400.0,685,iso13790,native,True,19.89999999999999,1858.6203161894082,0.0,-2.1999999999999886,-16.68320702432252
2106000.0,685,iso13790,native,True,19.90000000000001,1568.1217951476199,0.0,3.3000000000000114,166.95644290507107
2109600.0,685,iso13790,native,True,19.900000000000002,1244.3836968401451,0.0,5.600000000000023,358.5621127178851
2113200.0,685,iso13790,native,True,19.899999999999995,849.902737439468,0.0,6.100000000000023,1188.1634556655863
2116800.0,685,iso13790,native,True,19.899999999999995,392.24513500720707,0.0,8.900000000000034,1218.9228880664805
2120400.0,685,iso13790,native,True,19.900000000000002,61.274146751176254,0.0,10.0,1406.3830560929016
2124000.0,685,iso13790,native,True,20.1,0.0,136.37339303272162,11.100000000000023,1403.8064174351184
2127600.0,685,iso13790,native,True,20.10000000000001,0.0,568.913823532982,11.700000000000045,2671.5384603162206
2131200.0,685,iso13790,native,True,20.1,0.0,792.1671933464867,9.400000000000034,2151.106810921099
2134800.0,685,iso13790,native,True,20.099999999999994,0.0,382.2803547995779,7.800000000000011,348.79349043049376
2138400.0,685,iso13790,native,True,19.899999999999995,245.31148897391824,0.0,5.600000000000023,-72.06157735974426
2142000.0,685,iso13790,native,True,19.89999999999999,758.1745696630493,0.0,3.900000000000034,-101.56212000000002
2145600.0,685,iso13790,native,True,19.900000000000002,986.3311333757682,0.0,5.0,-101.56212000000002
2149200.0,685,iso13790,native,True,19.89999999999999,1057.242116212352,0.0,6.100000000000023,-101.56212000000002
2152800.0,685,iso13790,native,True,19.900000000000002,1137.0844796411789,0.0,5.0,-101.56212000000002
2156400.0,685,iso13790,native,True,19.9,1205.094936416802,0.0,4.400000000000034,-101.56212000000002
2160000.0,685,iso13790,native,True,19.9,1286.5850917255834,0.0,3.3000000000000114,-101.56212000000002
2163600.0,685,iso13790,native,True,19.899999999999995,1375.9800650000307,0.0,2.2000000000000455,-101.56212000000002
2167200.0,685,iso13790,native,True,19.899999999999995,1489.9988545541894,0.0,0.6000000000000227,-101.56212000000002
2170800.0,685,iso13790,native,True,19.899999999999995,1621.798127360653,0.0,-1.099999999999966,-101.56212000000002
2174400.0,685,iso13790,native,True,19.89999999999999,1808.1569006201835,0.0,-3.8999999999999773,-101.56212000000002
2178000.0,685,iso13790,native,True,19.900000000000013,1954.992395388063,0.0,-5.0,-101.56212000000002
2181600.0,685,iso13790,native,True,19.899999999999988,2057.6855964411443,0.0,-5.599999999999966,-101.56212000000002
2185200.0,685,iso13790,native,True,19.899999999999995,2157.131215639624,0.0,-6.699999999999989,-101.56212000000002
2188800.0,685,iso13790,native,True,19.9,2236.169277239347,0.0,-7.7999999999999545,-6.659214364860091
2192400.0,685,iso13790,native,True,19.90000000000001,2226.9980351119593,0.0,-7.7999999999999545,172.61086102108848
2196000.0,685,iso13790,native,True,19.899999999999984,2036.835947249423,0.0,-7.199999999999989,812.1375954997603
2199600.0,685,iso13790,native,True,19.9,1836.3627093331531,0.0,-7.199999999999989,811.1917884733721
2203200.0,685,iso13790,native,True,19.899999999999995,1704.3846069218805,0.0,-5.599999999999966,630.7830081373475
2206800.0,685,iso13790,native,True,19.90000000000001,1530.146471213952,0.0,-4.399999999999977,1027.7073500230579
2210400.0,685,iso13790,native,True,19.89999999999999,1187.8839499024232,0.0,-6.099999999999966,2268.229671173357
2214000.0,685,iso13790,native,True,19.899999999999995,577.4345249104438,0.0,-5.599999999999966,3329.404492815044
2217600.0,685,iso13790,native,True,19.899999999999995,11.229080638402644,0.0,-5.599999999999966,3722.843199576367
2221200.0,685,iso13790,native,True,20.1,0.0,87.77704662213527,-5.0,2607.5618256354082
2224800.0,685,iso13790,native,True,19.9,479.8703246650206,0.0,-5.0,23.43137689513847
2228400.0,685,iso13790,native,True,19.899999999999995,1224.9690880890137,0.0,-4.399999999999977,-101.56212000000002
2232000.0,685,iso13790,native,True,19.899999999999995,1608.8297001255398,0.0,-3.8999999999999773,-101.56212000000002
2235600.0,685,iso13790,native,True,19.900000000000002,1806.6303344527698,0.0,-3.8999999999999773,-101.56212000000002
2239200.0,685,iso13790,native,True,19.89999999999999,1884.3951706459904,0.0,-3.2999999999999545,-101.56212000000002
2242800.0,685,iso13790,native,True,19.89999999999999,1911.2240669745706,0.0,-3.0,-101.56212000000002
2246400.0,685,iso13790,native,True,19.899999999999995,1912.2389014780342,0.0,-2.6999999999999886,-101.56212000000002
2250000.0,685,iso13790,native,True,19.900000000000002,1945.0588205332983,0.0,-3.5,-101.56212000000002
2253600.0,685,iso13790,native,True,19.9,1951.2130978207729,0.0,-3.1999999999999886,-101.56212000000002
2257200.0,685,iso13790,native,True,19.899999999999988,1896.3553799880176,0.0,-1.7999999999999545,-101.56212000000002
2260800.0,685,iso13790,native,True,19.900000000000006,1853.0427118543987,0.0,-1.5,-101.56212000000002
2264400.0,685,iso13790,native,True,19.899999999999995,1772.575660886511,0.0,-0.0999999999999659,-101.56212000000002
2268000.0,685,iso13790,native,True,19.899999999999995,1716.0048880115655,0.0,0.20000000000004547,-101.56212000000002
2271600.0,685,iso13790,native,True,19.899999999999995,1628.674037021859,0.0,1.6000000000000227,-101.56212000000002
2275200.0,685,iso13790,native,True,19.89999999999999,1551.748068717756,0.0,1.900000000000034,-20.425813927379693
2278800.0,685,iso13790,native,True,19.900000000000006,1326.3467570367172,0.0,3.3000000000000114,533.4874686329848
2282400.0,685,iso13790,native,True,19.899999999999995,1042.6199176455482,0.0,4.2000000000000455,726.219256283705
2286000.0,685,iso13790,native,True,19.9,880.3361085402913,0.0,5.0,486.7382149279229
2289600.0,685,iso13790,native,True,19.9,744.3090259789183,0.0,5.300000000000011,854.0969446784416
2293200.0,685,iso13790,native,True,19.9,514.0674646225784,0.0,4.800000000000011,1441.8657895184297
2296800.0,685,iso13790,native,True,19.899999999999995,202.70785670098763,0.0,4.7000000000000455,1945.3806364418556
2300400.0,685,iso13790,native,True,19.899999999999995,26.80966431564644,0.0,4.100000000000023,1751.8450602005441
2304000.0,685,iso13790,native,True,19.9,24.609673764230838,0.0,3.5,1594.8232325894978
2307600.0,685,iso13790,native,True,19.899999999999995,275.3934240046005,0.0,1.8000000000000114,840.6294248074964
2311200.0,685,iso13790,native,True,19.899999999999995,760.6562129654643,0.0,0.10000000000002274,52.35804991151306
2314800.0,685,iso13790,native,True,19.9,1216.6982392592731,0.0,-1.0,-101.56212000000002
2318400.0,685,iso13790,native,True,19.89999999999999,1483.2729183073718,0.0,-1.099999999999966,-101.56212000000002
2322000.0,685,iso13790,native,True,19.899999999999995,1641.9969263358055,0.0,-1.599999999999966,-101.56212000000002
2325600.0,685,iso13790,native,True,19.89999999999999,1770.2647695024234,0.0,-2.6999999999999886,-101.56212000000002
2329200.0,685,iso13790,native,True,19.900000000000013,1957.7900324853872,0.0,-5.599999999999966,-101.56212000000002
2332800.0,685,iso13790,native,True,19.899999999999995,2060.245506895048,0.0,-5.599999999999966,-101.56212000000002
2336400.0,685,iso13790,native,True,19.899999999999988,2133.818762813838,0.0,-6.099999999999966,-101.56212000000002
2340000.0,685,iso13790,native,True,19.900000000000016,2127.6651958478406,0.0,-5.0,-101.56212000000002
2343600.0,685,iso13790,native,True,19.900000000000002,2167.610781499036,0.0,-6.099999999999966,-101.56212000000002
2347200.0,685,iso13790,native,True,19.900000000000013,2169.7972595370534,0.0,-5.599999999999966,-101.56212000000002
2350800.0,685,iso13790,native,True,19.9,2170.002914764131,0.0,-5.599999999999966,-101.56212000000002
2354400.0,685,iso13790,native,True,19.900000000000002,2235.810007062032,0.0,-7.199999999999989,-101.56212000000002
2358000.0,685,iso13790,native,True,19.899999999999988,2387.8189747653923,0.0,-10.0,-101.56212000000002
2361600.0,685,iso13790,native,True,19.900000000000013,2417.6296627569777,0.0,-9.399999999999977,40.57952455756464
2365200.0,685,iso13790,native,True,19.9,2380.132665278966,0.0,-9.399999999999977,182.29212403344144
2368800.0,685,iso13790,native,True,19.90000000000001,2088.3138120336152,0.0,-5.599999999999966,636.0408796546172
2372400.0,685,iso13790,native,True,19.899999999999988,1789.5888134786132,0.0,-3.2999999999999545,512.544243707431
2376000.0,685,iso13790,native,True,19.899999999999988,1499.2932489484067,0.0,-2.1999999999999886,1023.1595098271139
2379600.0,685,iso13790,native,True,19.89999999999999,1232.1276195616863,0.0,-2.7999999999999545,1306.861609266753
2383200.0,685,iso13790,native,True,19.899999999999995,912.1426692535595,0.0,-1.6999999999999886,1754.8059798151137
2386800.0,685,iso13790,native,True,19.9,776.1511016680906,0.0,-1.6999999999999886,1259.7109801897168
2390400.0,685,iso13790,native,True,19.9,990.3849002189595,0.0,-2.1999999999999886,362.325492
2394000.0,685,iso13790,native,True,19.899999999999988,1327.937247724006,0.0,-2.7999999999999545,76.44126599999998
2397600.0,685,iso13790,native,True,19.899999999999995,1651.5618015441532,0.0,-4.399999999999977,-101.56212000000002
2401200.0,685,iso13790,native,True,19.899999999999995,1833.7855850912586,0.0,-4.0,-101.56212000000002
2404800.0,685,iso13790,native,True,19.900000000000002,1968.4457779344154,0.0,-5.0,-101.56212000000002
2408400.0,685,iso13790,native,True,19.900000000000002,2040.0127591897465,0.0,-5.0,-101.56212000000002
2412000.0,685,iso13790,native,True,19.89999999999998,2122.232591449612,0.0,-6.099999999999966,-101.56212000000002
2415600.0,685,iso13790,native,True,19.90000000000001,2302.3436799581114,0.0,-9.399999999999977,-101.56212000000002
2419200.0,685,iso13790,native,True,19.899999999999988,2336.0012066067275,0.0,-7.7999999999999545,-101.56212000000002
2422800.0,685,iso13790,native,True,19.9,2465.437848037794,0.0,-10.599999999999966,-101.56212000000002
2426400.0,685,iso13790,native,True,19.899999999999995,2582.804415133912,0.0,-11.699999999999989,-101.56212000000002
2430000.0,685,iso13790,native,True,19.899999999999995,2805.74891197541,0.0,-15.599999999999966,-101.56212000000002
2433600.0,685,iso13790,native,True,19.90000000000001,2858.5868180402945,0.0,-13.899999999999977,-101.56212000000002
2437200.0,685,iso13790,native,True,19.9,2858.1541723297464,0.0,-13.299999999999955,-101.56212000000002
2440800.0,685,iso13790,native,True,19.899999999999995,2836.2871872445617,0.0,-12.799999999999955,-101.56212000000002
2444400.0,685,iso13790,native,True,19.899999999999995,2914.378578047228,0.0,-15.0,-101.56212000000002
2448000.0,685,iso13790,native,True,19.899999999999995,2724.5148040926497,0.0,-10.0,38.73782532397475
2451600.0,685,iso13790,native,True,19.900000000000006,2515.657622673528,0.0,-8.899999999999977,202.68320197710614
2455200.0,685,iso13790,native,True,19.900000000000013,2282.629104480798,0.0,-7.199999999999989,333.730146667848
2458800.0,685,iso13790,native,True,19.90000000000001,2054.302900290143,0.0,-5.599999999999966,421.21934728625126
2462400.0,685,iso13790,native,True,19.900000000000013,1840.3979182023159,0.0,-3.8999999999999773,465.1442095764313
2466000.0,685,iso13790,native,True,19.9,1577.554624620369,0.0,-2.7999999999999545,932.7892489501038
2469600.0,685,iso13790,native,True,19.900000000000002,1075.176613692941,0.0,-2.1999999999999886,2215.824974086786
2473200.0,685,iso13790,native,True,19.899999999999995,411.07556314392895,0.0,-2.7999999999999545,3300.882752861303
2476800.0,685,iso13790,native,True,20.099999999999998,0.0,188.54357144754468,-2.1999999999999886,3835.6733889287366
2480400.0,685,iso13790,native,True,20.1,0.0,340.8118648891564,-3.8999999999999773,2795.3088331800013
2484000.0,685,iso13790,native,True,19.899999999999995,401.70626628339784,0.0,-7.199999999999989,51.36265837438272
2487600.0,685,iso13790,native,True,19.900000000000002,1414.1150296629648,0.0,-10.0,-101.56212000000002
2491200.0,685,iso13790,native,True,19.90000000000001,1942.9721088934741,0.0,-9.399999999999977,-101.56212000000002
2494800.0,685,iso13790,native,True,19.9,2264.928488438861,0.0,-10.599999999999966,-101.56212000000002
2498400.0,685,iso13790,native,True,19.900000000000002,2454.3617881681976,0.0,-11.099999999999966,-101.56212000000002
2502000.0,685,iso13790,native,True,19.900000000000013,2553.358836531352,0.0,-11.099999999999966,-101.56212000000002
2505600.0,685,iso13790,native,True,19.900000000000016,2604.6101998274808,0.0,-11.099999999999966,-101.56212000000002
2509200.0,685,iso13790,native,True,19.899999999999995,2631.143336755723,0.0,-11.099999999999966,-101.56212000000002
2512800.0,685,iso13790,native,True,19.900000000000002,2575.072787920825,0.0,-9.399999999999977,-101.56212000000002
2516400.0,685,iso13790,native,True,19.900000000000006,2592.170785822538,0.0,-10.599999999999966,-101.56212000000002
2520000.0,685,iso13790,native,True,19.9,2578.607901745582,0.0,-10.0,-101.56212000000002
2523600.0,685,iso13790,native,True,19.899999999999995,2640.2816709424164,0.0,-11.699999999999989,-101.56212000000002
2527200.0,685,iso13790,native,True,19.900000000000002,2630.1907826527936,0.0,-10.599999999999966,-101.56212000000002
2530800.0,685,iso13790,native,True,19.899999999999995,2643.4602597757953,0.0,-11.099999999999966,-101.56212000000002
2534400.0,685,iso13790,native,True,19.9,2674.260455631019,0.0,-12.199999999999989,5.473277403697992
2538000.0,685,iso13790,native,True,19.899999999999995,2449.8020590097226,0.0,-7.7999999999999545,222.01990800646956
2541600.0,685,iso13790,native,True,19.90000000000001,2192.1618478493915,0.0,-6.099999999999966,363.2319851826295
2545200.0,685,iso13790,native,True,19.899999999999995,1944.3498612716633,0.0,-4.399999999999977,455.6987640977294
2548800.0,685,iso13790,native,True,19.899999999999995,1703.4204595921212,0.0,-2.1999999999999886,477.5687093888804
2552400.0,685,iso13790,native,True,19.90000000000001,1397.8441373462192,0.0,0.0,878.2531100808129
2556000.0,685,iso13790,native,True,19.900000000000002,858.2014428298374,0.0,1.7000000000000455,2057.566077889383
2559600.0,685,iso13790,native,True,19.899999999999995,116.99823525131976,0.0,2.2000000000000455,3273.0154870392935
2563200.0,685,iso13790,native,True,20.099999999999994,0.0,495.3317469453093,1.7000000000000455,3785.162507454816
2566800.0,685,iso13790,native,True,20.099999999999994,0.0,541.994463095743,-1.6999999999999886,2567.2762375313728
2570400.0,685,iso13790,native,True,19.9,214.65908250005901,0.0,-4.399999999999977,50.85085911794542
2574000.0,685,iso13790,native,True,19.9,1082.2210531728574,0.0,-4.399999999999977,-101.56212000000002
2577600.0,685,iso13790,native,True,19.900000000000002,1695.0734591805542,0.0,-7.7999999999999545,-101.56212000000002
2581200.0,685,iso13790,native,True,19.89999999999999,1879.0358091019443,0.0,-4.399999999999977,-101.56212000000002
2584800.0,685,iso13790,native,True,19.9,2017.2508609774818,0.0,-5.599999999999966,-101.56212000000002
2588400.0,685,iso13790,native,True,19.9,2066.390999235077,0.0,-5.0,-101.56212000000002
2592000.0,685,iso13790,native,True,19.899999999999995,2090.719585332539,0.0,-5.0,-101.56212000000002
2595600.0,685,iso13790,native,True,19.90000000000001,2127.9523734413065,0.0,-5.599999999999966,-101.56212000000002
2599200.0,685,iso13790,native,True,19.9,2148.3395672720817,0.0,-5.599999999999966,-101.56212000000002
2602800.0,685,iso13790,native,True,19.900000000000013,2179.4255841005984,0.0,-6.099999999999966,-101.56212000000002
2606400.0,685,iso13790,native,True,19.900000000000016,2196.44529821905,0.0,-6.099999999999966,-101.56212000000002
2610000.0,685,iso13790,native,True,19.9,2295.5948630031144,0.0,-8.299999999999955,-101.56212000000002
2613600.0,685,iso13790,native,True,19.899999999999984,2375.6386277829074,0.0,-8.899999999999977,-101.56212000000002
2617200.0,685,iso13790,native,True,19.899999999999988,2393.5515862081156,0.0,-8.299999999999955,-101.56212000000002
2620800.0,685,iso13790,native,True,19.899999999999995,2356.027641483021,0.0,-7.7999999999999545,19.910259339744357
2624400.0,685,iso13790,native,True,19.900000000000013,2071.537178422203,0.0,-4.399999999999977,528.4999765014923
2628000.0,685,iso13790,native,True,19.90000000000001,1706.7865274842686,0.0,-2.1999999999999886,723.7029564733886
2631600.0,685,iso13790,native,True,19.900000000000002,1308.8189066362033,0.0,1.7000000000000455,791.5574830528942
2635200.0,685,iso13790,native,True,19.899999999999988,1003.5698469270103,0.0,2.8000000000000114,965.8697560663909
2638800.0,685,iso13790,native,True,19.9,686.0992246665143,0.0,5.0,1156.6470142734834
2642400.0,685,iso13790,native,True,19.899999999999995,451.40128114549583,0.0,5.0,1330.9936060642447
2646000.0,685,iso13790,native,True,19.900000000000002,277.61485918337894,0.0,5.0,1450.3558153111449
2649600.0,685,iso13790,native,True,20.100000000000005,0.0,63.82204985893528,4.400000000000034,2934.0393990890907
2653200.0,685,iso13790,native,True,20.1,0.0,52.10354359106592,1.7000000000000455,1231.8133607998361
2656800.0,685,iso13790,native,True,19.900000000000002,513.0733888239419,0.0,-0.5999999999999659,70.18960487868878
2660400.0,685,iso13790,native,True,19.900000000000002,1226.6145958335087,0.0,-4.399999999999977,-101.56212000000002
2664000.0,685,iso13790,native,True,19.900000000000002,1769.8268587502998,0.0,-7.7999999999999545,-101.56212000000002
2667600.0,685,iso13790,native,True,19.90000000000001,1942.3738243577625,0.0,-5.0,-101.56212000000002
2671200.0,685,iso13790,native,True,19.89999999999999,2038.8340199620768,0.0,-5.2999999999999545,-101.56212000000002
2674800.0,685,iso13790,native,True,19.899999999999974,2105.752973779134,0.0,-5.699999999999989,-101.56212000000002
2678400.0,685,iso13790,native,True,19.899999999999988,2157.563509761253,0.0,-6.099999999999966,-101.56212000000002
2682000.0,685,iso13790,native,True,19.9,2201.5523275801365,0.0,-6.5,-101.56212000000002
2685600.0,685,iso13790,native,True,19.900000000000034,2241.491795182914,0.0,-6.899999999999977,-101.56212000000002
2689200.0,685,iso13790,native,True,19.900000000000002,2279.334889990011,0.0,-7.2999999999999545,-101.56212000000002
2692800.0,685,iso13790,native,True,19.900000000000006,2320.198969038028,0.0,-7.7999999999999545,-101.56212000000002
2696400.0,685,iso13790,native,True,19.899999999999995,2317.6431106173513,0.0,-7.199999999999989,-101.56212000000002
2700000.0,685,iso13790,native,True,19.899999999999995,2339.846104188001,0.0,-7.7999999999999545,-101.56212000000002
2703600.0,685,iso13790,native,True,19.900000000000006,2327.814549846591,0.0,-7.199999999999989,-101.56212000000002
2707200.0,685,iso13790,native,True,19.899999999999995,2277.9961156353274,0.0,-6.699999999999989,4.418891744414751
2710800.0,685,iso13790,native,True,19.899999999999988,2132.0331773462294,0.0,-5.0,162.24515675645972
2714400.0,685,iso13790,native,True,19.899999999999984,1960.5004869870033,0.0,-3.8999999999999773,271.84398669605457
2718000.0,685,iso13790,native,True,19.90000000000001,1767.853331421673,0.0,-2.1999999999999886,342.69201670805217
2721600.0,685,iso13790,native,True,19.899999999999988,1582.5850394969311,0.0,-0.5999999999999659,369.1675154650334
2725200.0,685,iso13790,native,True,19.89999999999999,1327.482300546056,0.0,1.1000000000000227,766.2657169756936
2728800.0,685,iso13790,native,True,19.899999999999995,1009.7782375287059,0.0,-3.2999999999999545,2216.8195149242597
2732400.0,685,iso13790,native,True,19.899999999999995,356.0758376666749,0.0,-3.2999999999999545,3511.209702559602
2736000.0,685,iso13790,native,True,20.09999999999999,0.0,290.4439049998787,-3.8999999999999773,4371.247438872958
2739600.0,685,iso13790,native,True,20.1,0.0,687.3012043375558,-4.399999999999977,3919.2244625200583
2743200.0,685,iso13790,native,True,20.099999999999998,0.0,18.293615942453336,-6.699999999999989,502.0692350300425
2746800.0,685,iso13790,native,True,19.899999999999988,968.093236092538,0.0,-7.199999999999989,-101.56212000000002
2750400.0,685,iso13790,native,True,19.900000000000002,1641.1760726150103,0.0,-7.7999999999999545,-101.56212000000002
2754000.0,685,iso13790,native,True,19.900000000000002,2035.9158133164976,0.0,-8.899999999999977,-101.56212000000002
2757600.0,685,iso13790,native,True,19.900000000000002,2287.481968144058,0.0,-10.0,-101.56212000000002
2761200.0,685,iso13790,native,True,19.899999999999988,2419.757123758893,0.0,-10.0,-101.56212000000002
2764800.0,685,iso13790,native,True,19.900000000000002,2463.599028206499,0.0,-9.399999999999977,-101.56212000000002
2768400.0,685,iso13790,native,True,19.899999999999995,2509.8224207709277,0.0,-10.0,-101.56212000000002
2772000.0,685,iso13790,native,True,19.899999999999995,2510.2263704743664,0.0,-9.399999999999977,-101.56212000000002
2775600.0,685,iso13790,native,True,19.90000000000001,2603.7685867095292,0.0,-11.699999999999989,-101.56212000000002
2779200.0,685,iso13790,native,True,19.899999999999988,2656.4569193935113,0.0,-11.699999999999989,-101.56212000000002
2782800.0,685,iso13790,native,True,19.9,2749.434607315946,0.0,-13.299999999999955,-101.56212000000002
2786400.0,685,iso13790,native,True,19.899999999999995,2755.3646852415877,0.0,-12.199999999999989,-101.56212000000002
2790000.0,685,iso13790,native,True,19.9,2801.5660460348063,0.0,-13.299999999999955,-101.56212000000002
2793600.0,685,iso13790,native,True,19.899999999999995,2692.804554398417,0.0,-10.599999999999966,13.60197658532623
2797200.0,685,iso13790,native,True,19.899999999999995,2372.9221243368665,0.0,-5.599999999999966,182.86930584769797
2800800.0,685,iso13790,native,True,19.900000000000002,1986.125206440075,0.0,-1.6999999999999886,303.7032489928829
2804400.0,685,iso13790,native,True,19.899999999999995,1628.700567664395,0.0,1.1000000000000227,380.3518438860213
2808000.0,685,iso13790,native,True,19.9,1259.4737001430703,0.0,5.0,412.87674909186575
2811600.0,685,iso13790,native,True,19.90000000000001,869.3924941686518,0.0,7.800000000000011,758.5720610063048
2815200.0,685,iso13790,native,True,19.899999999999995,406.78063470762345,0.0,5.600000000000023,2164.598528983228
2818800.0,685,iso13790,native,True,20.099999999999994,0.0,140.92907330501836,2.8000000000000114,3395.906912284175
2822400.0,685,iso13790,native,True,20.100000000000016,0.0,725.4005683459659,0.6000000000000227,4170.233176021043
2826000.0,685,iso13790,native,True,20.100000000000005,0.0,882.1879699984852,-2.7999999999999545,3568.8792323544167
2829600.0,685,iso13790,native,True,20.099999999999994,0.0,61.21295551188881,-6.099999999999966,356.2959571509604
2833200.0,685,iso13790,native,True,19.899999999999995,1012.9780859128653,0.0,-8.299999999999955,-101.56212000000002
2836800.0,685,iso13790,native,True,19.899999999999984,1641.8133482581575,0.0,-7.199999999999989,-101.56212000000002
2840400.0,685,iso13790,native,True,19.900000000000013,2035.1341777067832,0.0,-8.899999999999977,-101.56212000000002
2844000.0,685,iso13790,native,True,19.9,2241.908132160936,0.0,-8.899999999999977,-101.56212000000002
2847600.0,685,iso13790,native,True,19.900000000000002,2369.487688344842,0.0,-9.399999999999977,-101.56212000000002
2851200.0,685,iso13790,native,True,19.899999999999995,2461.100417950786,0.0,-10.0,-101.56212000000002
2854800.0,685,iso13790,native,True,19.89999999999998,2534.278166092428,0.0,-10.599999999999966,-101.56212000000002
2858400.0,685,iso13790,native,True,19.899999999999988,2548.6365466899424,0.0,-10.0,-101.56212000000002
2862000.0,685,iso13790,native,True,19.899999999999995,2554.9584090780727,0.0,-10.0,-101.56212000000002
2865600.0,685,iso13790,native,True,19.900000000000002,2582.8690087594155,0.0,-10.599999999999966,-101.56212000000002
2869200.0,685,iso13790,native,True,19.900000000000016,2618.9614947547457,0.0,-11.099999999999966,-101.56212000000002
2872800.0,685,iso13790,native,True,19.900000000000006,2683.742266425852,0.0,-12.199999999999989,-101.56212000000002
2876400.0,685,iso13790,native,True,19.900000000000002,2719.317513418759,0.0,-12.199999999999989,-101.56212000000002
2880000.0,685,iso13790,native,True,19.90000000000001,2691.1476923237583,0.0,-11.699999999999989,24.26269571506767
2883600.0,685,iso13790,native,True,19.900000000000023,2432.9579281698043,0.0,-7.199999999999989,207.78442876122432
2887200.0,685,iso13790,native,True,19.900000000000006,2046.4750308291525,0.0,-3.2999999999999545,474.9251334766601
2890800.0,685,iso13790,native,True,19.900000000000002,1535.3410180952174,0.0,2.2000000000000455,647.5313385660122
2894400.0,685,iso13790,native,True,19.900000000000006,1068.276942186774,0.0,3.900000000000034,1107.0701641656815
2898000.0,685,iso13790,native,True,19.9,712.8008581001873,0.0,5.0,1071.8294053794086
2901600.0,685,iso13790,native,True,19.899999999999995,448.19710074271734,0.0,3.900000000000034,1696.1007851579488
2905200.0,685,iso13790,native,True,19.9,43.538142718785956,0.0,2.2000000000000455,2859.0248894159154
2908800.0,685,iso13790,native,True,20.1,0.0,186.48728884016808,1.1000000000000227,2545.1372208319235
2912400.0,685,iso13790,native,True,19.921224955075544,0.0,0.0,0.0,1121.2097027718319
2916000.0,685,iso13790,native,True,19.899999999999995,583.2623458047713,0.0,-0.5999999999999659,139.97379896219877
2919600.0,685,iso13790,native,True,19.90000000000001,1231.3874780143428,0.0,-3.8999999999999773,-101.56212000000002
2923200.0,685,iso13790,native,True,19.9,1611.2262414159936,0.0,-3.8999999999999773,-101.56212000000002
2926800.0,685,iso13790,native,True,19.899999999999995,1783.2333044351817,0.0,-3.2999999999999545,-101.56212000000002
2930400.0,685,iso13790,native,True,19.899999999999995,1940.9777437451266,0.0,-5.0,-101.56212000000002
2934000.0,685,iso13790,native,True,19.899999999999988,2070.961572368614,0.0,-6.099999999999966,-101.56212000000002
2937600.0,685,iso13790,native,True,19.900000000000016,2185.462009994881,0.0,-7.199999999999989,-101.56212000000002
2941200.0,685,iso13790,native,True,19.899999999999995,2291.946603611884,0.0,-8.299999999999955,-101.56212000000002
2944800.0,685,iso13790,native,True,19.90000000000001,2373.7499021032095,0.0,-8.899999999999977,-101.56212000000002
2948400.0,685,iso13790,native,True,19.900000000000006,2487.01842771908,0.0,-10.599999999999966,-101.56212000000002
2952000.0,685,iso13790,native,True,19.900000000000013,2548.807631587563,0.0,-10.599999999999966,-101.56212000000002
2955600.0,685,iso13790,native,True,19.899999999999988,2671.1346286456055,0.0,-12.799999999999955,-101.56212000000002
2959200.0,685,iso13790,native,True,19.900000000000013,2693.3705762457043,0.0,-11.699999999999989,-101.56212000000002
2962800.0,685,iso13790,native,True,19.90000000000001,2793.182761731309,0.0,-13.899999999999977,-101.56212000000002
2966400.0,685,iso13790,native,True,19.899999999999995,2662.8320548259176,0.0,-10.0,23.77311375723383
2970000.0,685,iso13790,native,True,19.899999999999988,2332.6320822833964,0.0,-5.599999999999966,289.3663306004986
2973600.0,685,iso13790,native,True,19.899999999999984,1944.6921622467319,0.0,-2.7999999999999545,539.8748928634977
2977200.0,685,iso13790,native,True,19.900000000000006,1590.076090528176,0.0,0.0,510.94112429957374
2980800.0,685,iso13790,native,True,19.9,1307.163428477527,0.0,1.7000000000000455,650.5295283336511
2984400.0,685,iso13790,native,True,19.900000000000002,1038.5984122802217,0.0,2.8000000000000114,900.2478716794319
2988000.0,685,iso13790,native,True,19.899999999999995,570.1273785207059,0.0,4.400000000000034,1973.3281845153806
2991600.0,685,iso13790,native,True,20.1,0.0,1.2777725210764677,4.400000000000034,2969.390685787828
2995200.0,685,iso13790,native,True,20.099999999999994,0.0,290.42455566901634,5.0,1857.6754059683515
2998800.0,685,iso13790,native,True,19.900000000000002,86.26589208729786,0.0,3.900000000000034,135.775728
3002400.0,685,iso13790,native,True,19.9,712.222530506145,0.0,2.2000000000000455,-83.64481990249772
3006000.0,685,iso13790,native,True,19.900000000000002,1237.9795261350096,0.0,-1.6999999999999886,-101.56212000000002
3009600.0,685,iso13790,native,True,19.899999999999988,1585.9255412841374,0.0,-3.2999999999999545,-101.56212000000002
3013200.0,685,iso13790,native,True,19.899999999999995,1814.1926023852093,0.0,-4.399999999999977,-101.56212000000002
3016800.0,685,iso13790,native,True,19.900000000000002,1913.8742332013028,0.0,-3.8999999999999773,-101.56212000000002
3020400.0,685,iso13790,native,True,19.90000000000001,2034.3606237268086,0.0,-5.599999999999966,-101.56212000000002
3024000.0,685,iso13790,native,True,19.9,2145.0557379337647,0.0,-6.699999999999989,-101.56212000000002
3027600.0,685,iso13790,native,True,19.899999999999995,2249.5702928855185,0.0,-7.7999999999999545,-101.56212000000002
3031200.0,685,iso13790,native,True,19.9,2281.078223073048,0.0,-7.199999999999989,-101.56212000000002
3034800.0,685,iso13790,native,True,19.900000000000002,2275.747064927217,0.0,-6.699999999999989,-101.56212000000002
3038400.0,685,iso13790,native,True,19.9,2292.592239794833,0.0,-7.199999999999989,-101.56212000000002
3042000.0,685,iso13790,native,True,19.90000000000001,2347.408563521382,0.0,-8.299999999999955,-101.56212000000002
3045600.0,685,iso13790,native,True,19.899999999999995,2402.4628900501752,0.0,-8.899999999999977,-101.56212000000002
3049200.0,685,iso13790,native,True,19.899999999999995,2386.907222219031,0.0,-7.7999999999999545,-101.56212000000002
3052800.0,685,iso13790,native,True,19.899999999999988,2255.938535071506,0.0,-5.599999999999966,45.91279931278843
3056400.0,685,iso13790,native,True,19.89999999999999,1917.489590415408,0.0,-0.5999999999999659,229.12472626804816
3060000.0,685,iso13790,native,True,19.899999999999988,1585.970532527333,0.0,1.7000000000000455,343.22757508383256
3063600.0,685,iso13790,native,True,19.899999999999988,1269.820990357288,0.0,4.400000000000034,398.0354702364965
3067200.0,685,iso13790,native,True,19.90000000000001,970.6835400302824,0.0,7.2000000000000455,430.9776536841973
3070800.0,685,iso13790,native,True,19.9,713.8561835621343,0.0,8.300000000000011,655.0327478336008
3074400.0,685,iso13790,native,True,19.900000000000002,298.85014747958337,0.0,7.2000000000000455,2054.260425654065
3078000.0,685,iso13790,native,True,20.1,0.0,341.56875083628836,7.2000000000000455,3292.4065099753543
3081600.0,685,iso13790,native,True,20.100000000000016,0.0,1053.887400027824,6.7000000000000455,4084.9663888067116
3085200.0,685,iso13790,native,True,20.099999999999994,0.0,1399.7288877079066,5.600000000000023,3591.734769977167
3088800.0,685,iso13790,native,True,20.099999999999998,0.0,753.508815275055,3.3000000000000114,448.9912230923492
3092400.0,685,iso13790,native,True,19.899999999999995,166.704749049024,0.0,2.8000000000000114,-101.56212000000002
3096000.0,685,iso13790,native,True,19.900000000000002,862.8382428675076,0.0,0.6000000000000227,-101.56212000000002
3099600.0,685,iso13790,native,True,19.89999999999999,1297.1133323487165,0.0,-1.099999999999966,-101.56212000000002
3103200.0,685,iso13790,native,True,19.90000000000001,1479.9203733030135,0.0,0.0,-101.56212000000002
3106800.0,685,iso13790,native,True,19.90000000000001,1597.1605496306017,0.0,-0.5999999999999659,-101.56212000000002
3110400.0,685,iso13790,native,True,19.9,1704.1372248249886,0.0,-1.6999999999999886,-101.56212000000002
3114000.0,685,iso13790,native,True,19.89999999999998,1806.7267216878492,0.0,-2.7999999999999545,-101.56212000000002
3117600.0,685,iso13790,native,True,19.899999999999995,1927.57639492118,0.0,-4.399999999999977,-101.56212000000002
3121200.0,685,iso13790,native,True,19.900000000000002,1972.573699894867,0.0,-3.8999999999999773,-101.56212000000002
3124800.0,685,iso13790,native,True,19.900000000000016,2015.4742207563602,0.0,-4.399999999999977,-101.56212000000002
3128400.0,685,iso13790,native,True,19.89999999999999,2018.0789293870894,0.0,-3.8999999999999773,-101.56212000000002
3132000.0,685,iso13790,native,True,19.89999999999999,1993.863371330939,0.0,-3.2999999999999545,-101.56212000000002
3135600.0,685,iso13790,native,True,19.899999999999988,1980.2152752567774,0.0,-3.2999999999999545,-101.56212000000002
3139200.0,685,iso13790,native,True,19.899999999999995,1839.1335549530188,0.0,-1.099999999999966,109.35882464780371
3142800.0,685,iso13790,native,True,19.900000000000002,1573.2178864231305,0.0,0.0,641.9300055501403
3146400.0,685,iso13790,native,True,19.9,1327.14452613829,0.0,2.8000000000000114,193.7642974050097
3150000.0,685,iso13790,native,True,19.900000000000013,1089.8705595054191,0.0,3.3000000000000114,942.3459188599072
3153600.0,685,iso13790,native,True,19.899999999999995,629.7428879479365,0.0,8.900000000000034,884.6868626516061
3157200.0,685,iso13790,native,True,19.9,345.67945336983195,0.0,9.400000000000034,1000.8856950479967
3160800.0,685,iso13790,native,True,19.939162189138358,0.0,0.0,8.900000000000034,2013.2662734248422
3164400.0,685,iso13790,native,True,20.1,0.0,384.28718300668015,8.300000000000011,2510.3581682004387
3168000.0,685,iso13790,native,True,20.099999999999994,0.0,733.3048798680389,7.800000000000011,2799.173550752351
3171600.0,685,iso13790,native,True,20.1,0.0,506.0453747540488,5.600000000000023,1049.3957810513236
3175200.0,685,iso13790,native,True,19.89999999999999,186.76972214981785,0.0,2.8000000000000114,-58.761881145291994
3178800.0,685,iso13790,native,True,19.900000000000002,800.7586371798819,0.0,2.2000000000000455,-101.56212000000002
3182400.0,685,iso13790,native,True,19.899999999999995,1171.6718404890053,0.0,1.1000000000000227,-101.56212000000002
3186000.0,685,iso13790,native,True,19.900000000000002,1386.2651208214204,0.0,0.6000000000000227,-101.56212000000002
3189600.0,685,iso13790,native,True,19.899999999999995,1568.094553754098,0.0,-1.099999999999966,-101.56212000000002
3193200.0,685,iso13790,native,True,19.900000000000002,1710.547327447706,0.0,-2.1999999999999886,-101.56212000000002
3196800.0,685,iso13790,native,True,19.899999999999995,1810.9715676204762,0.0,-2.7999999999999545,-101.56212000000002
3200400.0,685,iso13790,native,True,19.899999999999977,1884.6047984581944,0.0,-3.2999999999999545,-101.56212000000002
3204000.0,685,iso13790,native,True,19.900000000000002,1993.4583717431137,0.0,-5.0,-101.56212000000002
3207600.0,685,iso13790,native,True,19.899999999999984,2098.131106976018,0.0,-6.099999999999966,-101.56212000000002
3211200.0,685,iso13790,native,True,19.9,2154.358661799379,0.0,-6.099999999999966,-101.56212000000002
3214800.0,685,iso13790,native,True,19.899999999999995,2183.4680028065336,0.0,-6.099999999999966,-101.56212000000002
3218400.0,685,iso13790,native,True,19.899999999999984,2223.175816289868,0.0,-6.699999999999989,-101.56212000000002
3222000.0,685,iso13790,native,True,19.90000000000001,2244.8443455416264,0.0,-6.699999999999989,-101.56212000000002
3225600.0,685,iso13790,native,True,19.899999999999995,2243.7752491113056,0.0,-6.699999999999989,-42.22765800000001
3229200.0,685,iso13790,native,True,19.899999999999988,2160.0551363474874,0.0,-6.099999999999966,195.11018999999996
3232800.0,685,iso13790,native,True,19.899999999999995,2050.1528933192762,0.0,-6.099999999999966,329.96124
3236400.0,685,iso13790,native,True,19.89999999999999,1966.4145046109443,0.0,-6.699999999999989,475.600374
3240000.0,685,iso13790,native,True,19.9,1815.7036368661943,0.0,-5.0,551.116962
3243600.0,685,iso13790,native,True,19.9,1344.5417318253446,0.0,-3.8999999999999773,2158.6069270833427
3247200.0,685,iso13790,native,True,19.899999999999988,940.6063751584736,0.0,-2.7999999999999545,1476.0713570004184
3250800.0,685,iso13790,native,True,19.899999999999988,1039.7721331402538,0.0,-2.7999999999999545,498.60640845532885
3254400.0,685,iso13790,native,True,19.9,1019.436815362908,0.0,-3.2999999999999545,1690.1376566074473
3258000.0,685,iso13790,native,True,19.900000000000002,1104.8216078415894,0.0,-3.8999999999999773,440.7207902588865
3261600.0,685,iso13790,native,True,19.899999999999995,1454.3821295558052,0.0,-3.8999999999999773,-74.59191000000001
3265200.0,685,iso13790,native,True,19.900000000000013,1767.5770797025316,0.0,-5.0,-101.56212000000002
3268800.0,685,iso13790,native,True,19.90000000000001,1936.0218342266269,0.0,-5.0,-101.56212000000002
3272400.0,685,iso13790,native,True,19.900000000000013,1998.5889560885248,0.0,-4.399999999999977,-101.56212000000002
3276000.0,685,iso13790,native,True,19.899999999999995,2009.3373270044842,0.0,-3.8999999999999773,-101.56212000000002
3279600.0,685,iso13790,native,True,19.899999999999995,1603.3466293291772,0.0,6.100000000000023,-101.56212000000002
3283200.0,685,iso13790,native,True,19.89999999999999,1444.4437819945551,0.0,4.400000000000034,-101.56212000000002
3286800.0,685,iso13790,native,True,19.899999999999984,1521.3672207479135,0.0,0.6000000000000227,-101.56212000000002
3290400.0,685,iso13790,native,True,19.900000000000002,1592.8685393591038,0.0,0.0,-101.56212000000002
3294000.0,685,iso13790,native,True,19.90000000000001,1791.1420255699334,0.0,-3.8999999999999773,-101.56212000000002
3297600.0,685,iso13790,native,True,19.90000000000001,1786.0384235002475,0.0,-1.099999999999966,-101.56212000000002
3301200.0,685,iso13790,native,True,19.9,1708.402079825107,0.0,0.6000000000000227,-101.56212000000002
3304800.0,685,iso13790,native,True,19.9,2030.5195868269288,0.0,-8.299999999999955,-101.56212000000002
3308400.0,685,iso13790,native,True,19.899999999999988,2373.9151095568673,0.0,-12.199999999999989,-101.56212000000002
3312000.0,685,iso13790,native,True,19.9,2565.68384319078,0.0,-12.799999999999955,-15.25744800000001
3315600.0,685,iso13790,native,True,19.900000000000006,2602.1653121777126,0.0,-12.799999999999955,227.474442
3319200.0,685,iso13790,native,True,19.899999999999995,2514.5388255950043,0.0,-12.799999999999955,556.5110040000001
3322800.0,685,iso13790,native,True,19.900000000000006,2376.941151389501,0.0,-12.799999999999955,750.696516
3326400.0,685,iso13790,native,True,19.899999999999995,2178.3477887471045,0.0,-10.599999999999966,781.2113932476432
3330000.0,685,iso13790,native,True,19.9,1996.8360900859561,0.0,-10.599999999999966,1118.2712625360507
3333600.0,685,iso13790,native,True,19.89999999999999,1957.4598670207918,0.0,-11.699999999999989,815.4250199999999
3337200.0,685,iso13790,native,True,19.899999999999984,1820.2299887870352,0.0,-11.099999999999966,1501.7507609997615
3340800.0,685,iso13790,native,True,19.89999999999998,1777.08642525138,0.0,-11.699999999999989,956.6327963902021
3344400.0,685,iso13790,native,True,19.9,1957.0774055699908,0.0,-12.799999999999955,619.264326415294
3348000.0,685,iso13790,native,True,19.900000000000002,2297.9165375981556,0.0,-14.399999999999977,8.004503513982243
3351600.0,685,iso13790,native,True,19.900000000000002,2621.302491882077,0.0,-15.0,-101.56212000000002
3355200.0,685,iso13790,native,True,19.899999999999995,2782.517692350467,0.0,-14.399999999999977,-101.56212000000002
3358800.0,685,iso13790,native,True,19.899999999999995,2864.868207634455,0.0,-14.399999999999977,-101.56212000000002
3362400.0,685,iso13790,native,True,19.900000000000002,2932.139295076879,0.0,-15.0,-101.56212000000002
3366000.0,685,iso13790,native,True,19.9,2992.715229665752,0.0,-15.599999999999966,-101.56212000000002
3369600.0,685,iso13790,native,True,19.9,3025.1873098694878,0.0,-15.599999999999966,-101.56212000000002
3373200.0,685,iso13790,native,True,19.899999999999977,3017.360566003432,0.0,-15.0,-101.56212000000002
3376800.0,685,iso13790,native,True,19.899999999999977,3036.834790693395,0.0,-15.599999999999966,-101.56212000000002
3380400.0,685,iso13790,native,True,19.899999999999984,3048.0282701615447,0.0,-15.599999999999966,-101.56212000000002
3384000.0,685,iso13790,native,True,19.899999999999984,3029.1854675870304,0.0,-15.0,-101.56212000000002
3387600.0,685,iso13790,native,True,19.899999999999995,3042.9566128792358,0.0,-15.599999999999966,-101.56212000000002
3391200.0,685,iso13790,native,True,19.899999999999984,3051.197574075834,0.0,-15.599999999999966,-101.56212000000002
3394800.0,685,iso13790,native,True,19.90000000000001,2961.019322837034,0.0,-13.299999999999955,-101.56212000000002
3398400.0,685,iso13790,native,True,19.899999999999988,2832.142876714072,0.0,-12.199999999999989,56.63937129606776
3402000.0,685,iso13790,native,True,19.899999999999984,2464.705908395712,0.0,-6.699999999999989,287.5704799128978
3405600.0,685,iso13790,native,True,19.899999999999988,1989.5802860554818,0.0,-1.6999999999999886,446.3842304257358
3409200.0,685,iso13790,native,True,19.899999999999995,1708.0452028044847,0.0,-2.1999999999999886,551.2691640504424
3412800.0,685,iso13790,native,True,19.899999999999988,1560.8438859079256,0.0,-2.7999999999999545,601.6388655905357
3416400.0,685,iso13790,native,True,19.89999999999999,1349.997645569044,0.0,0.0,663.5047434228786
3420000.0,685,iso13790,native,True,19.899999999999988,850.3593534624988,0.0,2.8000000000000114,1921.6496059584758
3423600.0,685,iso13790,native,True,19.899999999999995,231.25092068507007,0.0,2.2000000000000455,2795.607581702782
3427200.0,685,iso13790,native,True,20.1,0.0,385.3550189854363,3.900000000000034,3467.9559543062433
3430800.0,685,iso13790,native,True,20.100000000000005,0.0,409.66690777035626,-0.5999999999999659,2207.5792066387103
3434400.0,685,iso13790,native,True,19.899999999999995,261.2688230647008,0.0,-2.1999999999999886,-14.876693489673315
3438000.0,685,iso13790,native,True,19.900000000000002,1001.7972416214897,0.0,-1.6999999999999886,-101.56212000000002
3441600.0,685,iso13790,native,True,19.900000000000002,1328.1450260808222,0.0,0.0,-101.56212000000002
3445200.0,685,iso13790,native,True,19.9,1469.3100782253912,0.0,0.6000000000000227,-101.56212000000002
3448800.0,685,iso13790,native,True,19.9,1360.60379771716,0.0,5.0,-101.56212000000002
3452400.0,685,iso13790,native,True,19.900000000000002,1341.3436673760987,0.0,3.900000000000034,-101.56212000000002
3456000.0,685,iso13790,native,True,19.900000000000006,1218.43434650214,0.0,6.7000000000000455,-101.56212000000002
3459600.0,685,iso13790,native,True,19.899999999999995,1219.423103126485,0.0,5.0,-101.56212000000002
3463200.0,685,iso13790,native,True,19.9,1268.2535784441175,0.0,3.900000000000034,-101.56212000000002
3466800.0,685,iso13790,native,True,19.900000000000002,1295.5712617357876,0.0,3.900000000000034,-101.56212000000002
3470400.0,685,iso13790,native,True,19.899999999999995,1309.7137895579701,0.0,3.900000000000034,-101.56212000000002
3474000.0,685,iso13790,native,True,19.9,1386.8423730101122,0.0,2.2000000000000455,-101.56212000000002
3477600.0,685,iso13790,native,True,19.900000000000006,1429.9217129386122,0.0,2.2000000000000455,-101.56212000000002
3481200.0,685,iso13790,native,True,19.9,1517.9247679122386,0.0,0.6000000000000227,-101.56212000000002
3484800.0,685,iso13790,native,True,19.899999999999995,1595.0837949590532,0.0,-1.099999999999966,97.25766096645017
3488400.0,685,iso13790,native,True,19.899999999999995,1427.8991277751597,0.0,1.1000000000000227,524.6654051314093
3492000.0,685,iso13790,native,True,19.899999999999995,1059.634264263652,0.0,5.0,765.7212053514795
3495600.0,685,iso13790,native,True,19.899999999999995,607.0167185135384,0.0,6.7000000000000455,1474.7275710830816
3499200.0,685,iso13790,native,True,19.899999999999995,362.92243568367917,0.0,7.800000000000011,747.2751823876088
3502800.0,685,iso13790,native,True,19.899999999999995,333.5539243041787,0.0,6.7000000000000455,1042.5288636993785
3506400.0,685,iso13790,native,True,19.900000000000002,119.65750881255336,0.0,7.2000000000000455,1687.2958694514884
3510000.0,685,iso13790,native,True,19.900000000000002,20.590995595662285,0.0,7.800000000000011,1015.2345300004748
3513600.0,685,iso13790,native,True,19.900000000000002,203.9335013987145,0.0,6.7000000000000455,608.055242438466
3517200.0,685,iso13790,native,True,19.900000000000002,539.3369109005088,0.0,3.900000000000034,322.6751895262659
3520800.0,685,iso13790,native,True,19.90000000000001,930.5816380142851,0.0,1.1000000000000227,70.00901344609461
3524400.0,685,iso13790,native,True,19.899999999999984,1234.3258024746488,0.0,0.6000000000000227,-101.56212000000002
3528000.0,685,iso13790,native,True,19.899999999999988,1419.6277487187297,0.0,0.6000000000000227,-101.56212000000002
3531600.0,685,iso13790,native,True,19.90000000000001,1564.8351407085975,0.0,-0.5999999999999659,-101.56212000000002
3535200.0,685,iso13790,native,True,19.89999999999999,1642.2329889714763,0.0,-0.5999999999999659,-101.56212000000002
3538800.0,685,iso13790,native,True,19.899999999999995,1727.4714959118237,0.0,-1.6999999999999886,-101.56212000000002
3542400.0,685,iso13790,native,True,19.9,1749.0001008984395,0.0,-1.099999999999966,-101.56212000000002
3546000.0,685,iso13790,native,True,19.89999999999998,1828.8409436023683,0.0,-2.7999999999999545,-101.56212000000002
3549600.0,685,iso13790,native,True,19.899999999999995,1918.493614906068,0.0,-3.8999999999999773,-101.56212000000002
3553200.0,685,iso13790,native,True,19.899999999999995,1987.4766377104563,0.0,-4.399999999999977,-101.56212000000002
3556800.0,685,iso13790,native,True,19.9,2024.1158582002522,0.0,-4.399999999999977,-101.56212000000002
3560400.0,685,iso13790,native,True,19.900000000000013,2022.5527567125932,0.0,-3.8999999999999773,-101.56212000000002
3564000.0,685,iso13790,native,True,19.899999999999995,2065.9864107799976,0.0,-5.0,-101.56212000000002
3567600.0,685,iso13790,native,True,19.900000000000002,2114.9351991306935,0.0,-5.599999999999966,-100.53516734507626
3571200.0,685,iso13790,native,True,19.90000000000001,2037.7828862949495,0.0,-3.8999999999999773,61.892677144114934
3574800.0,685,iso13790,native,True,19.90000000000001,1822.2398263915154,0.0,-1.099999999999966,215.43387328619008
3578400.0,685,iso13790,native,True,19.9,1496.19118816117,0.0,2.8000000000000114,335.45100434029104
3582000.0,685,iso13790,native,True,19.900000000000002,1170.4079465879834,0.0,5.600000000000023,411.797728806235
3585600.0,685,iso13790,native,True,19.9,872.1274415313598,0.0,8.300000000000011,419.00772979086264
3589200.0,685,iso13790,native,True,19.900000000000002,756.5189110520693,0.0,7.2000000000000455,420.04210188220884
3592800.0,685,iso13790,native,True,19.89999999999999,485.5373738229682,0.0,5.0,1884.8958975853213
3596400.0,685,iso13790,native,True,19.899999999999995,329.87228566311825,0.0,1.7000000000000455,1514.8250902072277
3600000.0,685,iso13790,native,True,19.9,618.9581519204153,0.0,0.6000000000000227,259.838694
3603600.0,685,iso13790,native,True,19.900000000000002,1125.3766210193332,0.0,-2.1999999999999886,60.25913999999999
3607200.0,685,iso13790,native,True,19.899999999999995,1525.3763510817882,0.0,-3.8999999999999773,-90.77403600000002
3610800.0,685,iso13790,native,True,19.90000000000001,1782.251880570763,0.0,-4.399999999999977,-101.56212000000002
3614400.0,685,iso13790,native,True,19.900000000000002,1942.5075092790414,0.0,-5.0,-101.56212000000002
3618000.0,685,iso13790,native,True,19.9,2051.2220963240848,0.0,-5.599999999999966,-101.56212000000002
3621600.0,685,iso13790,native,True,19.899999999999984,2108.6158444604503,0.0,-5.599999999999966,-101.56212000000002
3625200.0,685,iso13790,native,True,19.899999999999988,2138.328930712007,0.0,-5.599999999999966,-101.56212000000002
3628800.0,685,iso13790,native,True,19.900000000000016,2174.243017754949,0.0,-6.099999999999966,-101.56212000000002
3632400.0,685,iso13790,native,True,19.900000000000013,2193.762252663863,0.0,-6.099999999999966,-101.56212000000002
3636000.0,685,iso13790,native,True,19.89999999999999,2183.336032374801,0.0,-5.599999999999966,-101.56212000000002
3639600.0,685,iso13790,native,True,19.899999999999995,2222.1811968949205,0.0,-6.699999999999989,-101.56212000000002
3643200.0,685,iso13790,native,True,19.900000000000016,2310.030048497862,0.0,-8.299999999999955,-101.56212000000002
3646800.0,685,iso13790,native,True,19.900000000000006,2428.2809881009416,0.0,-10.0,-101.56212000000002
3650400.0,685,iso13790,native,True,19.900000000000006,2492.649617453033,0.0,-10.0,-101.56212000000002
3654000.0,685,iso13790,native,True,19.9,2570.9998301427745,0.0,-11.099999999999966,-100.87161734756322
3657600.0,685,iso13790,native,True,19.89999999999999,2524.091554626222,0.0,-10.0,112.71733752133076
3661200.0,685,iso13790,native,True,19.899999999999988,2337.6013183448417,0.0,-7.199999999999989,167.87977635912353
3664800.0,685,iso13790,native,True,19.900000000000006,2060.3821546390163,0.0,-3.8999999999999773,318.81629568597367
3668400.0,685,iso13790,native,True,19.899999999999988,1801.353289008741,0.0,-2.1999999999999886,394.76365812381323
3672000.0,685,iso13790,native,True,19.899999999999995,1624.7850561889195,0.0,-1.6999999999999886,427.5009886304115
3675600.0,685,iso13790,native,True,19.899999999999995,1529.5456803230081,0.0,-1.6999999999999886,416.52392394341024
3679200.0,685,iso13790,native,True,19.899999999999984,1149.4398617771785,0.0,-0.5999999999999659,1804.2249003452716
3682800.0,685,iso13790,native,True,19.9,410.4468695919319,0.0,0.6000000000000227,3115.309797080489
3686400.0,685,iso13790,native,True,20.099999999999994,0.0,302.37971432857086,0.0,4058.835923335088
3690000.0,685,iso13790,native,True,20.099999999999987,0.0,833.8190383988403,0.0,3928.0576038077397
3693600.0,685,iso13790,native,True,20.10000000000001,0.0,351.9369536554219,-2.7999999999999545,927.4925470671483
3697200.0,685,iso13790,native,True,19.9,560.7340627407034,0.0,-3.2999999999999545,-101.56212000000002
3700800.0,685,iso13790,native,True,19.900000000000002,1332.7203174842996,0.0,-5.599999999999966,-101.56212000000002
3704400.0,685,iso13790,native,True,19.899999999999995,1781.8123601460818,0.0,-6.699999999999989,-101.56212000000002
3708000.0,685,iso13790,native,True,19.900000000000016,2127.217649730142,0.0,-9.399999999999977,-101.56212000000002
3711600.0,685,iso13790,native,True,19.900000000000002,2290.5065932018474,0.0,-8.899999999999977,-101.56212000000002
3715200.0,685,iso13790,native,True,19.899999999999995,2374.115957128971,0.0,-8.899999999999977,-101.56212000000002
3718800.0,685,iso13790,native,True,19.90000000000001,2327.0626671565506,0.0,-6.699999999999989,-101.56212000000002
3722400.0,685,iso13790,native,True,19.9,2319.158633602529,0.0,-7.199999999999989,-101.56212000000002
3726000.0,685,iso13790,native,True,19.900000000000002,2315.992965731017,0.0,-7.199999999999989,-101.56212000000002
3729600.0,685,iso13790,native,True,19.899999999999995,2293.822635764338,0.0,-6.699999999999989,-101.56212000000002
3733200.0,685,iso13790,native,True,19.899999999999995,2301.95007079157,0.0,-7.199999999999989,-101.56212000000002
3736800.0,685,iso13790,native,True,19.900000000000016,2307.083989968497,0.0,-7.199999999999989,-101.56212000000002
3740400.0,685,iso13790,native,True,19.9,2288.3090929589753,0.0,-6.699999999999989,-97.20964909028467
3744000.0,685,iso13790,native,True,19.90000000000001,2129.7081303309474,0.0,-3.8999999999999773,58.72263277357898
3747600.0,685,iso13790,native,True,19.900000000000006,1876.0210733133654,0.0,-1.099999999999966,187.95756724775066
3751200.0,685,iso13790,native,True,19.899999999999988,1560.9435979912098,0.0,2.2000000000000455,297.1674519806388
3754800.0,685,iso13790,native,True,19.899999999999988,1220.185469241627,0.0,5.600000000000023,367.89886849517586
3758400.0,685,iso13790,native,True,19.899999999999995,909.9648642831586,0.0,8.300000000000011,394.2498941524299
3762000.0,685,iso13790,native,True,19.89999999999999,662.1164398670162,0.0,10.0,434.1876291247372
3765600.0,685,iso13790,native,True,19.899999999999995,223.06449730236716,0.0,11.100000000000023,1670.9351150655716
3769200.0,685,iso13790,native,True,20.100000000000016,0.0,454.39462450744384,12.800000000000011,2795.101932811155
3772800.0,685,iso13790,native,True,20.099999999999994,0.0,980.0738058928889,12.800000000000011,2566.4364404822404
3776400.0,685,iso13790,native,True,20.100000000000005,0.0,844.6962128746331,10.600000000000023,1209.3117707516162
3780000.0,685,iso13790,native,True,20.099999999999998,0.0,276.9436724001713,7.800000000000011,417.09474941713086
3783600.0,685,iso13790,native,True,19.9,274.62400510902023,0.0,6.100000000000023,-101.56212000000002
3787200.0,685,iso13790,native,True,19.9,731.9184085564085,0.0,5.0,-101.56212000000002
3790800.0,685,iso13790,native,True,19.900000000000002,1040.50721971697,0.0,3.3000000000000114,-101.56212000000002
3794400.0,685,iso13790,native,True,19.90000000000001,1203.4149021569842,0.0,3.3000000000000114,-101.56212000000002
3798000.0,685,iso13790,native,True,19.900000000000002,1308.2846272841407,0.0,2.8000000000000114,-101.56212000000002
3801600.0,685,iso13790,native,True,19.90000000000001,1318.3334293766582,0.0,3.900000000000034,-101.56212000000002
3805200.0,685,iso13790,native,True,19.900000000000002,1321.4978997153794,0.0,3.900000000000034,-101.56212000000002
3808800.0,685,iso13790,native,True,19.900000000000002,1368.305343471559,0.0,2.8000000000000114,-101.56212000000002
3812400.0,685,iso13790,native,True,19.900000000000002,1349.4065126804228,0.0,3.900000000000034,-101.56212000000002
3816000.0,685,iso13790,native,True,19.900000000000006,1362.2223543160796,0.0,3.3000000000000114,-101.56212000000002
3819600.0,685,iso13790,native,True,19.900000000000006,1460.3071062209258,0.0,1.1000000000000227,-101.56212000000002
3823200.0,685,iso13790,native,True,19.900000000000002,1515.161877253106,0.0,1.1000000000000227,-101.56212000000002
3826800.0,685,iso13790,native,True,19.9,1564.0919646907378,0.0,0.6000000000000227,-101.56212000000002
3830400.0,685,iso13790,native,True,19.899999999999995,1517.447690408213,0.0,1.1000000000000227,151.33696234600004
3834000.0,685,iso13790,native,True,19.89999999999999,1333.3060651109142,0.0,2.2000000000000455,508.27342027741895
3837600.0,685,iso13790,native,True,19.900000000000002,941.6212405937276,0.0,4.400000000000034,1220.7760625891192
3841200.0,685,iso13790,native,True,19.9,395.57568846712246,0.0,7.800000000000011,1640.570939003102
3844800.0,685,iso13790,native,True,20.018974220078192,0.0,0.0,11.700000000000045,1205.087426360961
3848400.0,685,iso13790,native,True,20.1,0.0,100.19993065848098,8.300000000000011,1650.6329478189143
3852000.0,685,iso13790,native,True,20.1,0.0,248.22676105722772,8.900000000000034,1605.1915920757585
3855600.0,685,iso13790,native,True,20.099999999999998,0.0,541.6812648980477,10.0,2463.4254707216323
3859200.0,685,iso13790,native,True,20.100000000000005,0.0,887.1759166093492,9.400000000000034,2852.086384129817
3862800.0,685,iso13790,native,True,20.099999999999994,0.0,821.2876030923421,7.800000000000011,1696.0721861984696
3866400.0,685,iso13790,native,True,20.1,0.0,99.22493104394965,3.900000000000034,44.17501537098142
3870000.0,685,iso13790,native,True,19.900000000000002,592.9592420722357,0.0,2.2000000000000455,-101.56212000000002
3873600.0,685,iso13790,native,True,19.9,1039.4551185934279,0.0,1.7000000000000455,-101.56212000000002
3877200.0,685,iso13790,native,True,19.900000000000006,1316.70417708301,0.0,0.6000000000000227,-101.56212000000002
3880800.0,685,iso13790,native,True,19.899999999999984,1462.2755253404073,0.0,0.6000000000000227,-101.56212000000002
3884400.0,685,iso13790,native,True,19.899999999999995,1586.9141494219825,0.0,-0.5999999999999659,-101.56212000000002
3888000.0,685,iso13790,native,True,19.900000000000002,1653.6634236712835,0.0,-0.5999999999999659,-101.56212000000002
3891600.0,685,iso13790,native,True,19.900000000000002,1733.3891002355751,0.0,-1.6999999999999886,-101.56212000000002
3895200.0,685,iso13790,native,True,19.899999999999995,1797.2328585645052,0.0,-2.1999999999999886,-101.56212000000002
3898800.0,685,iso13790,native,True,19.899999999999995,1921.5498082537224,0.0,-4.399999999999977,-101.56212000000002
3902400.0,685,iso13790,native,True,19.90000000000001,2014.6228785362014,0.0,-5.0,-101.56212000000002
3906000.0,685,iso13790,native,True,19.900000000000013,2088.5566537694267,0.0,-5.599999999999966,-101.56212000000002
3909600.0,685,iso13790,native,True,19.900000000000002,2078.668700348986,0.0,-4.399999999999977,-101.56212000000002
3913200.0,685,iso13790,native,True,19.90000000000001,2095.744271593204,0.0,-5.0,-100.49975203246109
3916800.0,685,iso13790,native,True,19.900000000000016,1927.1842765668132,0.0,-1.6999999999999886,106.35764872850086
3920400.0,685,iso13790,native,True,19.899999999999995,1621.5115821899462,0.0,1.7000000000000455,299.4057130052389
3924000.0,685,iso13790,native,True,19.899999999999995,1235.6156596544122,0.0,5.600000000000023,447.5713927592974
3927600.0,685,iso13790,native,True,19.899999999999995,849.1415065335714,0.0,8.900000000000034,546.739511084867
3931200.0,685,iso13790,native,True,19.9,548.2537697573832,0.0,10.600000000000023,591.2089081842735
3934800.0,685,iso13790,native,True,19.900000000000002,339.1906675903723,0.0,11.700000000000045,581.2731688199262
3938400.0,685,iso13790,native,True,20.1,0.0,7.470486605315712,12.800000000000011,1753.7669961550346
3942000.0,685,iso13790,native,True,20.10000000000001,0.0,703.1905360080735,13.900000000000034,2923.5841736580137
3945600.0,685,iso13790,native,True,20.099999999999994,0.0,1403.059278121364,13.900000000000034,3660.9960779999424
3949200.0,685,iso13790,native,True,20.10000000000001,0.0,1674.345403988963,11.100000000000023,3213.5899025504877
3952800.0,685,iso13790,native,True,20.100000000000005,0.0,1038.8637112649176,7.800000000000011,487.6085220770963
3956400.0,685,iso13790,native,True,20.1,0.0,80.96568907761309,6.100000000000023,-101.56212000000002
3960000.0,685,iso13790,native,True,19.900000000000002,531.0392071336219,0.0,4.400000000000034,-101.56212000000002
3963600.0,685,iso13790,native,True,19.900000000000002,982.7915927649912,0.0,2.2000000000000455,-101.56212000000002
3967200.0,685,iso13790,native,True,19.899999999999988,1220.7422104097743,0.0,2.2000000000000455,-101.56212000000002
3970800.0,685,iso13790,native,True,19.899999999999988,1364.4621113611547,0.0,1.7000000000000455,-101.56212000000002
3974400.0,685,iso13790,native,True,19.900000000000006,1419.2616153086512,0.0,2.2000000000000455,-101.56212000000002
3978000.0,685,iso13790,native,True,19.900000000000002,1512.4059716911538,0.0,0.6000000000000227,-101.56212000000002
3981600.0,685,iso13790,native,True,19.90000000000001,1473.2531563152986,0.0,2.8000000000000114,-101.56212000000002
3985200.0,685,iso13790,native,True,19.900000000000002,1313.4002651772798,0.0,6.100000000000023,-101.56212000000002
3988800.0,685,iso13790,native,True,19.9,1245.0613497607487,0.0,5.600000000000023,-101.56212000000002
3992400.0,685,iso13790,native,True,19.900000000000002,1235.24591630084,0.0,5.0,-101.56212000000002
3996000.0,685,iso13790,native,True,19.90000000000001,1186.1067862242573,0.0,6.100000000000023,-101.56212000000002
3999600.0,685,iso13790,native,True,19.9,1203.7984890789978,0.0,5.0,-101.56212000000002
4003200.0,685,iso13790,native,True,19.900000000000006,1096.2880522756702,0.0,6.7000000000000455,134.5799886239398
4006800.0,685,iso13790,native,True,19.899999999999995,896.90361159834,0.0,7.2000000000000455,533.9923694784918
4010400.0,685,iso13790,native,True,19.899999999999995,548.3706268356405,0.0,10.0,853.9680058159586
4014000.0,685,iso13790,native,True,19.9,248.60452795397484,0.0,11.100000000000023,942.7437279486086
4017600.0,685,iso13790,native,True,20.093040675136393,0.0,0.0,14.400000000000034,894.9455910546084
4021200.0,685,iso13790,native,True,20.1,0.0,325.541343366625,16.700000000000045,1211.6897077050583
4024800.0,685,iso13790,native,True,20.100000000000005,0.0,707.5554874695721,17.200000000000045,1874.0794397864593
4028400.0,685,iso13790,native,True,20.099999999999994,0.0,1152.8368612817883,18.30000000000001,2341.002430039599
4032000.0,685,iso13790,native,True,20.10000000000001,0.0,1147.8449513135874,15.0,1491.7306833664186
4035600.0,685,iso13790,native,True,20.1,0.0,794.9439282025915,11.100000000000023,1251.3047893540781
4039200.0,685,iso13790,native,True,20.100000000000005,0.0,209.66273745917945,8.900000000000034,-38.08268192503541
4042800.0,685,iso13790,native,True,19.900000000000002,399.9131125133313,0.0,5.600000000000023,-101.56212000000002
4046400.0,685,iso13790,native,True,19.900000000000002,822.3453591471721,0.0,4.400000000000034,-101.56212000000002
4050000.0,685,iso13790,native,True,19.90000000000001,1043.2641706609536,0.0,4.400000000000034,-101.56212000000002
4053600.0,685,iso13790,native,True,19.899999999999995,1157.635159039389,0.0,4.400000000000034,-101.56212000000002
4057200.0,685,iso13790,native,True,19.899999999999995,1237.377147717097,0.0,3.900000000000034,-101.56212000000002
4060800.0,685,iso13790,native,True,19.900000000000002,1349.3932614264138,0.0,2.2000000000000455,-101.56212000000002
4064400.0,685,iso13790,native,True,19.9,1320.195727051848,0.0,4.400000000000034,-101.56212000000002
4068000.0,685,iso13790,native,True,19.899999999999995,1411.874081949877,0.0,1.7000000000000455,-101.56212000000002
4071600.0,685,iso13790,native,True,19.899999999999995,1558.7831665747974,0.0,-0.5999999999999659,-101.56212000000002
4075200.0,685,iso13790,native,True,19.899999999999988,1589.8243782921966,0.0,0.6000000000000227,-101.56212000000002
4078800.0,685,iso13790,native,True,19.899999999999995,1603.6714849889838,0.0,0.6000000000000227,-101.56212000000002
4082400.0,685,iso13790,native,True,19.899999999999995,1545.139591483195,0.0,2.2000000000000455,-101.56212000000002
4086000.0,685,iso13790,native,True,19.899999999999995,1557.0423070888828,0.0,1.1000000000000227,-101.56212000000002
4089600.0,685,iso13790,native,True,19.900000000000002,1429.9238535794982,0.0,3.3000000000000114,115.6481379842977
4093200.0,685,iso13790,native,True,19.899999999999995,917.108779848853,0.0,9.400000000000034,879.1412461051805
4096800.0,685,iso13790,native,True,19.899999999999995,534.9766080083084,0.0,10.0,685.9680119999999
4100400.0,685,iso13790,native,True,19.9,266.6714429848551,0.0,11.100000000000023,950.2760699999999
4104000.0,685,iso13790,native,True,19.9,90.7763166629026,0.0,13.300000000000011,481.0315026464447
4107600.0,685,iso13790,native,True,20.100000000000005,0.0,311.9838560585216,15.0,2229.202472323801
4111200.0,685,iso13790,native,True,20.10000000000001,0.0,787.2606427723144,16.100000000000023,1749.3612671320875
4114800.0,685,iso13790,native,True,20.099999999999987,0.0,975.6789496598388,16.700000000000045,1708.5666303921685
4118400.0,685,iso13790,native,True,20.100000000000005,0.0,1211.3655841635825,15.600000000000023,2619.5573772754287
4122000.0,685,iso13790,native,True,20.100000000000016,0.0,1189.2692155839602,15.0,1356.9326604499038
4125600.0,685,iso13790,native,True,20.10000000000001,0.0,632.209345189445,12.800000000000011,127.70697578586928
4129200.0,685,iso13790,native,True,19.899999999999995,196.9971302954579,0.0,4.400000000000034,-101.56212000000002
4132800.0,685,iso13790,native,True,19.89999999999999,830.3874589861708,0.0,1.7000000000000455,-101.56212000000002
4136400.0,685,iso13790,native,True,19.899999999999995,822.4774386090368,0.0,10.0,-101.56212000000002
4140000.0,685,iso13790,native,True,19.899999999999995,848.1750136338387,0.0,8.900000000000034,-101.56212000000002
4143600.0,685,iso13790,native,True,19.9,818.3474777007422,0.0,10.0,-101.56212000000002
4147200.0,685,iso13790,native,True,19.899999999999995,776.2299958830519,0.0,10.600000000000023,-101.56212000000002
4150800.0,685,iso13790,native,True,19.900000000000002,802.589434459231,0.0,9.400000000000034,-101.56212000000002
4154400.0,685,iso13790,native,True,19.900000000000002,838.9904321015016,0.0,8.900000000000034,-101.56212000000002
4158000.0,685,iso13790,native,True,19.90000000000001,928.5686558545129,0.0,7.2000000000000455,-101.56212000000002
4161600.0,685,iso13790,native,True,19.900000000000002,887.7548918169099,0.0,9.400000000000034,-101.56212000000002
4165200.0,685,iso13790,native,True,19.9,907.7188318705216,0.0,8.300000000000011,-101.56212000000002
4168800.0,685,iso13790,native,True,19.9,1030.961939339089,0.0,5.600000000000023,-101.56212000000002
4172400.0,685,iso13790,native,True,19.900000000000006,1193.0093260193382,0.0,3.3000000000000114,-95.75298978157431
4176000.0,685,iso13790,native,True,19.900000000000002,1023.0068227050957,0.0,8.300000000000011,154.98737921796607
4179600.0,685,iso13790,native,True,19.899999999999995,687.4096650279391,0.0,12.800000000000011,222.09981785294423
4183200.0,685,iso13790,native,True,19.899999999999995,432.04936387410487,0.0,13.900000000000034,306.6237743942736
4186800.0,685,iso13790,native,True,19.899999999999988,137.98829243503783,0.0,13.900000000000034,1013.8763880019353
4190400.0,685,iso13790,native,True,20.073622969462193,0.0,0.0,14.400000000000034,515.598974998607
4194000.0,685,iso13790,native,True,20.100000000000005,0.0,98.14374587247353,13.900000000000034,977.8454985992379
4197600.0,685,iso13790,native,True,20.100000000000005,0.0,401.5763159153682,14.400000000000034,1723.800674365378
4201200.0,685,iso13790,native,True,20.099999999999994,0.0,833.7611021121232,14.400000000000034,2478.258891963956
4204800.0,685,iso13790,native,True,20.100000000000016,0.0,1121.3921110445679,11.700000000000045,2746.154181541975
4208400.0,685,iso13790,native,True,20.10000000000001,0.0,898.9410623543375,8.900000000000034,1327.694698222752
4212000.0,685,iso13790,native,True,20.099999999999994,0.0,355.14219358411,8.900000000000034,365.8078548837256
4215600.0,685,iso13790,native,True,19.900000000000002,195.04161367169635,0.0,7.2000000000000455,-101.56212000000002
4219200.0,685,iso13790,native,True,19.900000000000002,713.3180083524934,0.0,4.400000000000034,-101.56212000000002
4222800.0,685,iso13790,native,True,19.900000000000006,1007.3515046795338,0.0,3.900000000000034,-101.56212000000002
4226400.0,685,iso13790,native,True,19.899999999999995,1185.1384334096124,0.0,3.3000000000000114,-101.56212000000002
4230000.0,685,iso13790,native,True,19.9,1278.2913454397192,0.0,3.3000000000000114,-101.56212000000002
4233600.0,685,iso13790,native,True,19.899999999999995,1347.0486092457875,0.0,2.8000000000000114,-101.56212000000002
4237200.0,685,iso13790,native,True,19.900000000000002,1363.0395081540992,0.0,3.3000000000000114,-101.56212000000002
4240800.0,685,iso13790,native,True,19.899999999999995,1390.923239325877,0.0,2.8000000000000114,-101.56212000000002
4244400.0,685,iso13790,native,True,19.899999999999995,1406.2851110309964,0.0,2.8000000000000114,-101.56212000000002
4248000.0,685,iso13790,native,True,19.900000000000002,1459.4072223356973,0.0,1.7000000000000455,-101.56212000000002
4251600.0,685,iso13790,native,True,19.899999999999995,1513.5844449733297,0.0,1.1000000000000227,-101.56212000000002
4255200.0,685,iso13790,native,True,19.900000000000002,1612.550786095483,0.0,-0.5999999999999659,-101.56212000000002
4258800.0,685,iso13790,native,True,19.900000000000013,1732.5604821577379,0.0,-2.1999999999999886,-101.19605590681697
4262400.0,685,iso13790,native,True,19.899999999999988,1629.943185853292,0.0,0.6000000000000227,153.18406017642423
4266000.0,685,iso13790,native,True,19.9,1362.3226534441376,0.0,2.2000000000000455,652.4552216679501
4269600.0,685,iso13790,native,True,19.9,1008.0634769530617,0.0,4.400000000000034,862.3873788007577
4273200.0,685,iso13790,native,True,19.9,663.8006090725352,0.0,6.7000000000000455,1003.1539505877518
4276800.0,685,iso13790,native,True,19.9,437.5437413536498,0.0,7.2000000000000455,1007.8972560451277
4280400.0,685,iso13790,native,True,19.900000000000002,307.0263525874195,0.0,6.7000000000000455,1163.5760862766608
4284000.0,685,iso13790,native,True,19.9,384.54414471800015,0.0,4.400000000000034,804.636936
4287600.0,685,iso13790,native,True,19.9,521.4290613324769,0.0,4.400000000000034,632.027592
4291200.0,685,iso13790,native,True,19.900000000000002,209.5130030586357,0.0,5.600000000000023,2374.3256750387764
4294800.0,685,iso13790,native,True,20.1,0.0,51.7832426040284,4.400000000000034,1994.8540195421333
4298400.0,685,iso13790,native,True,19.899999999999995,259.68511266108595,0.0,2.2000000000000455,132.67199129207995
4302000.0,685,iso13790,native,True,19.899999999999995,875.0537616289937,0.0,0.6000000000000227,-101.56212000000002
4305600.0,685,iso13790,native,True,19.899999999999995,1258.268200822028,0.0,0.0,-101.56212000000002
4309200.0,685,iso13790,native,True,19.9,1502.9413406981976,0.0,-1.099999999999966,-101.56212000000002
4312800.0,685,iso13790,native,True,19.900000000000006,1631.647941297303,0.0,-1.099999999999966,-101.56212000000002
4316400.0,685,iso13790,native,True,19.900000000000006,1722.917851015276,0.0,-1.6999999999999886,-101.56212000000002
4320000.0,685,iso13790,native,True,19.900000000000002,1746.6426517343132,0.0,-1.099999999999966,-101.56212000000002
4323600.0,685,iso13790,native,True,19.900000000000002,1757.8135657696362,0.0,-1.099999999999966,-101.56212000000002
4327200.0,685,iso13790,native,True,19.900000000000002,1788.2345484545233,0.0,-1.6999999999999886,-101.56212000000002
4330800.0,685,iso13790,native,True,19.900000000000002,1780.4574961676783,0.0,-1.099999999999966,-101.56212000000002
4334400.0,685,iso13790,native,True,19.899999999999988,1799.957446485025,0.0,-1.6999999999999886,-101.56212000000002
4338000.0,685,iso13790,native,True,19.900000000000006,1831.6956890636368,0.0,-2.1999999999999886,-101.56212000000002
4341600.0,685,iso13790,native,True,19.899999999999995,1918.859976667232,0.0,-3.8999999999999773,-101.56212000000002
4345200.0,685,iso13790,native,True,19.899999999999988,1940.4336419143922,0.0,-3.2999999999999545,-91.59747987906306
4348800.0,685,iso13790,native,True,19.900000000000006,1854.401484570707,0.0,-2.1999999999999886,146.6903783182427
4352400.0,685,iso13790,native,True,19.900000000000006,1661.4566248363496,0.0,0.0,235.33145752930966
4356000.0,685,iso13790,native,True,19.900000000000002,1386.6812338702434,0.0,3.3000000000000114,338.13794318506694
4359600.0,685,iso13790,native,True,19.900000000000016,1162.242602131405,0.0,4.400000000000034,408.87978760449846
4363200.0,685,iso13790,native,True,19.9,978.0668473786508,0.0,5.600000000000023,435.36652138840725
4366800.0,685,iso13790,native,True,19.899999999999984,860.5815829349617,0.0,6.100000000000023,412.1593958382597
4370400.0,685,iso13790,native,True,19.9,520.1030315023328,0.0,6.7000000000000455,1656.8950118413002
4374000.0,685,iso13790,native,True,20.1,0.0,18.90595407414168,6.7000000000000455,2694.391183685066
4377600.0,685,iso13790,native,True,20.1,0.0,275.041544978586,6.100000000000023,1710.5742386652348
4381200.0,685,iso13790,native,True,20.1,0.0,199.23609988552465,5.600000000000023,1559.7952277670734
4384800.0,685,iso13790,native,True,19.9,193.83795107362548,0.0,3.3000000000000114,185.3116194023147
4388400.0,685,iso13790,native,True,19.899999999999995,740.2657300582744,0.0,2.8000000000000114,-101.56212000000002
4392000.0,685,iso13790,native,True,19.899999999999995,1094.0735655421668,0.0,2.2000000000000455,-101.56212000000002
4395600.0,685,iso13790,native,True,19.9,1298.8849972584858,0.0,1.7000000000000455,-101.56212000000002
4399200.0,685,iso13790,native,True,19.899999999999988,1430.481130171902,0.0,1.1000000000000227,-101.56212000000002
4402800.0,685,iso13790,native,True,19.899999999999995,1499.7207912871627,0.0,1.1000000000000227,-101.56212000000002
4406400.0,685,iso13790,native,True,19.9,1556.0980222488965,0.0,0.6000000000000227,-101.56212000000002
4410000.0,685,iso13790,native,True,19.9,1610.848882760481,0.0,0.0,-101.56212000000002
4413600.0,685,iso13790,native,True,19.90000000000001,1685.4744658772174,0.0,-1.099999999999966,-101.56212000000002
4417200.0,685,iso13790,native,True,19.900000000000013,1750.7841643228562,0.0,-1.6999999999999886,-101.56212000000002
4420800.0,685,iso13790,native,True,19.89999999999998,1830.8761209112242,0.0,-2.7999999999999545,-101.56212000000002
4424400.0,685,iso13790,native,True,19.899999999999995,1940.0786831554728,0.0,-4.399999999999977,-101.56212000000002
4428000.0,685,iso13790,native,True,19.899999999999995,2024.215387755005,0.0,-5.0,-101.56212000000002
4431600.0,685,iso13790,native,True,19.9,2041.7049267387583,0.0,-4.399999999999977,-89.28498109943457
4435200.0,685,iso13790,native,True,19.899999999999995,1910.6906642536412,0.0,-2.1999999999999886,136.1235656082339
4438800.0,685,iso13790,native,True,19.899999999999988,1828.28605769806,0.0,-3.2999999999999545,232.86848399999997
4442400.0,685,iso13790,native,True,19.900000000000002,1688.1028829019401,0.0,-2.1999999999999886,421.65995399999997
4446000.0,685,iso13790,native,True,19.900000000000002,1482.624052164277,0.0,-1.099999999999966,691.3620540000001
4449600.0,685,iso13790,native,True,19.900000000000013,1230.549260002907,0.0,0.0,961.064154
4453200.0,685,iso13790,native,True,19.899999999999995,1026.2650031800742,0.0,0.6000000000000227,982.640322
4456800.0,685,iso13790,native,True,19.899999999999995,931.6210932273876,0.0,0.6000000000000227,907.123734
4460400.0,685,iso13790,native,True,19.899999999999995,953.8273851788576,0.0,0.0,739.908432
4464000.0,685,iso13790,native,True,19.9,1044.2541915826355,0.0,0.0,491.7824999999999
4467600.0,685,iso13790,native,True,19.900000000000006,1216.3703720704498,0.0,-0.5999999999999659,195.11018999999996
4471200.0,685,iso13790,native,True,19.900000000000013,1475.042271624303,0.0,-2.1999999999999886,-74.59191000000001
4474800.0,685,iso13790,native,True,19.899999999999988,1684.7851899989291,0.0,-2.7999999999999545,-101.56212000000002
4478400.0,685,iso13790,native,True,19.899999999999988,1819.277356989635,0.0,-3.2999999999999545,-101.56212000000002
4482000.0,685,iso13790,native,True,19.900000000000013,1844.661874184468,0.0,-2.1999999999999886,-101.56212000000002
4485600.0,685,iso13790,native,True,19.899999999999995,1900.9349143983623,0.0,-3.2999999999999545,-101.56212000000002
4489200.0,685,iso13790,native,True,19.90000000000001,1977.2748365538425,0.0,-4.399999999999977,-101.56212000000002
4492800.0,685,iso13790,native,True,19.9,2043.4720585604314,0.0,-5.0,-101.56212000000002
4496400.0,685,iso13790,native,True,19.89999999999998,2103.4920465984424,0.0,-5.599999999999966,-101.56212000000002
4500000.0,685,iso13790,native,True,19.900000000000002,2226.0146670696035,0.0,-7.7999999999999545,-101.56212000000002
4503600.0,685,iso13790,native,True,19.900000000000002,2268.8833348786998,0.0,-7.199999999999989,-101.56212000000002
4507200.0,685,iso13790,native,True,19.899999999999995,2269.4336984628767,0.0,-6.699999999999989,-101.56212000000002
4510800.0,685,iso13790,native,True,19.899999999999995,2268.7923274638847,0.0,-6.699999999999989,-101.56212000000002
4514400.0,685,iso13790,native,True,19.900000000000016,2288.991730665971,0.0,-7.199999999999989,-101.56212000000002
4518000.0,685,iso13790,native,True,19.90000000000001,2279.8439350793815,0.0,-6.699999999999989,-101.56212000000002
4521600.0,685,iso13790,native,True,19.9,2248.490720091296,0.0,-6.699999999999989,22.50084599999999
4525200.0,685,iso13790,native,True,19.899999999999988,2128.8057108133003,0.0,-6.099999999999966,308.385072
4528800.0,685,iso13790,native,True,19.900000000000002,1941.8548306209907,0.0,-5.0,470.2063319999999
4532400.0,685,iso13790,native,True,19.90000000000001,1735.4171191237763,0.0,-3.8999999999999773,648.2097180000001
4536000.0,685,iso13790,native,True,19.9,1578.256767146521,0.0,-3.8999999999999773,745.302474
4539600.0,685,iso13790,native,True,19.900000000000002,1442.4484271237063,0.0,-3.8999999999999773,934.093944
4543200.0,685,iso13790,native,True,19.900000000000002,1334.4089124439681,0.0,-3.2999999999999545,853.183314
4546800.0,685,iso13790,native,True,19.899999999999995,1325.9007318527474,0.0,-3.2999999999999545,680.5739699999999
4550400.0,685,iso13790,native,True,19.900000000000002,1425.9224519102568,0.0,-3.8999999999999773,427.0539959999999
4554000.0,685,iso13790,native,True,19.899999999999984,1553.4608624309744,0.0,-3.2999999999999545,141.16977
4557600.0,685,iso13790,native,True,19.900000000000002,1748.9563941218557,0.0,-4.399999999999977,-53.01574200000001
4561200.0,685,iso13790,native,True,19.90000000000001,1892.957297114947,0.0,-4.399999999999977,-101.56212000000002
4564800.0,685,iso13790,native,True,19.899999999999995,1999.8203647223856,0.0,-5.0,-101.56212000000002
4568400.0,685,iso13790,native,True,19.900000000000002,2080.89330394525,0.0,-5.599999999999966,-101.56212000000002
4572000.0,685,iso13790,native,True,19.89999999999998,2123.976805886782,0.0,-5.599999999999966,-101.56212000000002
4575600.0,685,iso13790,native,True,19.899999999999995,2146.2813922010714,0.0,-5.599999999999966,-101.56212000000002
4579200.0,685,iso13790,native,True,19.900000000000002,2202.997788331217,0.0,-6.699999999999989,-101.56212000000002
4582800.0,685,iso13790,native,True,19.899999999999988,2279.567238492914,0.0,-7.7999999999999545,-101.56212000000002
4586400.0,685,iso13790,native,True,19.900000000000002,2366.4147333189057,0.0,-8.899999999999977,-101.56212000000002
4590000.0,685,iso13790,native,True,19.899999999999995,2413.4140547045836,0.0,-8.899999999999977,-101.56212000000002
4593600.0,685,iso13790,native,True,19.9,2482.915062695106,0.0,-10.0,-101.56212000000002
4597200.0,685,iso13790,native,True,19.9,2566.1031827857582,0.0,-11.099999999999966,-101.56212000000002
4600800.0,685,iso13790,native,True,19.899999999999995,2656.3772025705653,0.0,-12.199999999999989,-101.56212000000002
4604400.0,685,iso13790,native,True,19.9,2683.0714238010387,0.0,-11.699999999999989,-94.08876491763755
4608000.0,685,iso13790,native,True,19.900000000000002,2340.5682416161185,0.0,-4.399999999999977,168.88118098088674
4611600.0,685,iso13790,native,True,19.9,1971.4384436585303,0.0,-2.1999999999999886,392.83189446397114
4615200.0,685,iso13790,native,True,19.900000000000006,1662.2738319503867,0.0,-1.099999999999966,554.1810730031411
4618800.0,685,iso13790,native,True,19.899999999999995,1360.3849096806423,0.0,1.1000000000000227,669.8217728102875
4622400.0,685,iso13790,native,True,19.899999999999988,1146.728714686231,0.0,1.7000000000000455,719.8998395257355
4626000.0,685,iso13790,native,True,19.900000000000002,983.8770375631665,0.0,2.8000000000000114,710.4469375978732
4629600.0,685,iso13790,native,True,19.900000000000002,682.4731876154094,0.0,3.900000000000034,1538.0567429971386
4633200.0,685,iso13790,native,True,19.900000000000006,101.85176292733713,0.0,5.600000000000023,2609.5836418144954
4636800.0,685,iso13790,native,True,20.100000000000005,0.0,355.0919168416756,6.100000000000023,2673.673809363117
4640400.0,685,iso13790,native,True,20.1,0.0,207.32180880454385,3.3000000000000114,1119.4900523224962
4644000.0,685,iso13790,native,True,19.9,242.0419773957345,0.0,3.3000000000000114,289.05563809051625
4647600.0,685,iso13790,native,True,19.9,818.6261744965402,0.0,1.1000000000000227,-101.56212000000002
4651200.0,685,iso13790,native,True,19.900000000000002,1228.1290043794447,0.0,0.0,-101.56212000000002
4654800.0,685,iso13790,native,True,19.899999999999995,1396.9997415457417,0.0,1.1000000000000227,-101.56212000000002
4658400.0,685,iso13790,native,True,19.9,1527.5564549533124,0.0,0.0,-101.56212000000002
4662000.0,685,iso13790,native,True,19.9,1572.5465661361595,0.0,0.6000000000000227,-101.56212000000002
4665600.0,685,iso13790,native,True,19.900000000000002,1459.2191227502403,0.0,3.900000000000034,-101.56212000000002
4669200.0,685,iso13790,native,True,19.899999999999984,1484.7736218728219,0.0,1.7000000000000455,-101.56212000000002
4672800.0,685,iso13790,native,True,19.89999999999999,1526.7167815398009,0.0,1.1000000000000227,-101.56212000000002
4676400.0,685,iso13790,native,True,19.900000000000002,1434.5664719865279,0.0,3.900000000000034,-101.56212000000002
4680000.0,685,iso13790,native,True,19.900000000000006,1451.479352510443,0.0,2.2000000000000455,-101.56212000000002
4683600.0,685,iso13790,native,True,19.9,1373.0463062169606,0.0,4.400000000000034,-101.56212000000002
4687200.0,685,iso13790,native,True,19.900000000000002,1418.7036976869235,0.0,2.2000000000000455,-101.56212000000002
4690800.0,685,iso13790,native,True,19.900000000000002,1374.0599591436599,0.0,3.900000000000034,-89.24982210495529
4694400.0,685,iso13790,native,True,19.900000000000002,1293.3680732773992,0.0,3.900000000000034,164.19512615647562
4698000.0,685,iso13790,native,True,19.900000000000002,1022.3612575729819,0.0,7.2000000000000455,423.29619801147055
4701600.0,685,iso13790,native,True,19.89999999999999,645.2905780522044,0.0,10.0,784.0983480085282
4705200.0,685,iso13790,native,True,19.9,403.861688994213,0.0,10.600000000000023,587.7939804395813
4708800.0,685,iso13790,native,True,19.9,214.66346988015204,0.0,11.700000000000045,824.2434235883892
4712400.0,685,iso13790,native,True,19.9,46.05648169128966,0.0,11.700000000000045,975.0894878256089
4716000.0,685,iso13790,native,True,20.1,0.0,139.2906549951048,12.200000000000045,1475.798247829934
4719600.0,685,iso13790,native,True,20.099999999999998,0.0,449.226831646593,11.700000000000045,2021.4679455748253
4723200.0,685,iso13790,native,True,20.100000000000023,0.0,951.9467313008042,12.200000000000045,3162.9952141110352
4726800.0,685,iso13790,native,True,20.10000000000001,0.0,1095.9431975178272,12.200000000000045,1725.551211118278
4730400.0,685,iso13790,native,True,20.099999999999987,0.0,719.8997243701366,11.100000000000023,865.2030428386437
4734000.0,685,iso13790,native,True,20.1,0.0,166.43057350842054,10.600000000000023,-101.56212000000002
4737600.0,685,iso13790,native,True,19.899999999999988,819.2788319840286,0.0,-3.8999999999999773,-101.56212000000002
4741200.0,685,iso13790,native,True,19.9,1558.0204030725351,0.0,-7.7999999999999545,-101.56212000000002
4744800.0,685,iso13790,native,True,19.90000000000001,2013.3970712637422,0.0,-9.399999999999977,-101.56212000000002
4748400.0,685,iso13790,native,True,19.900000000000002,2276.7501783818343,0.0,-10.0,-101.56212000000002
4752000.0,685,iso13790,native,True,19.900000000000002,2389.5634783333007,0.0,-9.399999999999977,-101.56212000000002
4755600.0,685,iso13790,native,True,19.899999999999988,2471.4937743504706,0.0,-10.0,-101.56212000000002
4759200.0,685,iso13790,native,True,19.899999999999995,2515.0211350258446,0.0,-10.0,-101.56212000000002
4762800.0,685,iso13790,native,True,19.899999999999995,2537.5555096580224,0.0,-10.0,-101.56212000000002
4766400.0,685,iso13790,native,True,19.899999999999974,2573.859423773489,0.0,-10.599999999999966,-101.56212000000002
4770000.0,685,iso13790,native,True,19.90000000000001,2614.29717878881,0.0,-11.099999999999966,-101.56212000000002
4773600.0,685,iso13790,native,True,19.899999999999984,2636.158343629138,0.0,-11.099999999999966,-101.56212000000002
4777200.0,685,iso13790,native,True,19.89999999999998,2621.52940217761,0.0,-10.599999999999966,-75.41216203367641
4780800.0,685,iso13790,native,True,19.900000000000002,2550.109187245905,0.0,-10.0,89.49150996697298
4784400.0,685,iso13790,native,True,19.899999999999995,2334.1500925306163,0.0,-8.899999999999977,604.4227539922244
4788000.0,685,iso13790,native,True,19.90000000000001,1996.3794851674622,0.0,-7.199999999999989,955.5498061246799
4791600.0,685,iso13790,native,True,19.90000000000002,1655.1926880804012,0.0,-5.599999999999966,1158.164229490979
4795200.0,685,iso13790,native,True,19.900000000000006,1349.774010798842,0.0,-4.399999999999977,1373.110235966236
4798800.0,685,iso13790,native,True,19.9,1117.2364049531823,0.0,-2.1999999999999886,1121.4015952396371
4802400.0,685,iso13790,native,True,19.9,855.6855805296228,0.0,-1.099999999999966,1757.4583225105305
4806000.0,685,iso13790,native,True,19.899999999999995,464.57288760282694,0.0,0.6000000000000227,2159.71990866937
4809600.0,685,iso13790,native,True,20.099999999999998,0.0,26.828166943465966,1.7000000000000455,3255.9709248709523
4813200.0,685,iso13790,native,True,20.1,0.0,431.62519875967325,0.6000000000000227,3153.5144780959595
4816800.0,685,iso13790,native,True,20.06004457196817,0.0,0.0,-2.1999999999999886,652.2224930348534
4820400.0,685,iso13790,native,True,19.900000000000002,818.2564063602691,0.0,-3.8999999999999773,-101.56212000000002
4824000.0,685,iso13790,native,True,19.900000000000016,1417.877262583149,0.0,-4.399999999999977,-101.56212000000002
4827600.0,685,iso13790,native,True,19.899999999999988,1753.8685929563323,0.0,-5.0,-101.56212000000002
4831200.0,685,iso13790,native,True,19.899999999999988,1974.0940473093922,0.0,-6.099999999999966,-101.56212000000002
4834800.0,685,iso13790,native,True,19.899999999999995,2114.7816688344046,0.0,-6.699999999999989,-101.56212000000002
4838400.0,685,iso13790,native,True,19.900000000000002,2188.7280479118645,0.0,-6.699999999999989,-101.56212000000002
4842000.0,685,iso13790,native,True,19.90000000000001,2227.010530078704,0.0,-6.699999999999989,-101.56212000000002
4845600.0,685,iso13790,native,True,19.900000000000016,2222.1918660173674,0.0,-6.099999999999966,-101.56212000000002
4849200.0,685,iso13790,native,True,19.899999999999995,2243.223391590977,0.0,-6.699999999999989,-101.56212000000002
4852800.0,685,iso13790,native,True,19.90000000000001,2255.2230950291287,0.0,-6.699999999999989,-101.56212000000002
4856400.0,685,iso13790,native,True,19.9,2281.966857978727,0.0,-7.199999999999989,-101.56212000000002
4860000.0,685,iso13790,native,True,19.899999999999995,2296.7385613256292,0.0,-7.199999999999989,-101.56212000000002
4863600.0,685,iso13790,native,True,19.899999999999995,2277.222520248002,0.0,-6.699999999999989,-69.53598472702475
4867200.0,685,iso13790,native,True,19.899999999999988,2047.947646411777,0.0,-3.2999999999999545,285.7256294464766
4870800.0,685,iso13790,native,True,19.899999999999995,1665.8632445589744,0.0,0.6000000000000227,482.63580488594084
4874400.0,685,iso13790,native,True,19.899999999999995,1156.166736516421,0.0,6.100000000000023,712.9156721725315
4878000.0,685,iso13790,native,True,19.899999999999995,632.1869453496856,0.0,9.400000000000034,1089.5933934830086
4881600.0,685,iso13790,native,True,19.900000000000002,139.27493358394506,0.0,13.900000000000034,950.4932656298315
4885200.0,685,iso13790,native,True,20.10000000000001,0.0,106.29212922922164,15.600000000000023,874.3920341320818
4888800.0,685,iso13790,native,True,20.09999999999999,0.0,356.9602154191121,15.600000000000023,1313.7992005413623
4892400.0,685,iso13790,native,True,20.099999999999994,0.0,553.564744589703,14.400000000000034,1539.011577568156
4896000.0,685,iso13790,native,True,20.100000000000016,0.0,938.1843213072527,15.600000000000023,2505.6766107788567
4899600.0,685,iso13790,native,True,20.10000000000001,0.0,1091.0847864589155,14.400000000000034,1771.6766254014601
4903200.0,685,iso13790,native,True,20.10000000000001,0.0,505.72720467224633,7.800000000000011,442.57599770155105
4906800.0,685,iso13790,native,True,19.9,267.1288968358707,0.0,3.3000000000000114,-101.56212000000002
4910400.0,685,iso13790,native,True,19.899999999999995,848.2015031875787,0.0,2.2000000000000455,-101.56212000000002
4914000.0,685,iso13790,native,True,19.900000000000006,1196.2332956209905,0.0,1.1000000000000227,-101.56212000000002
4917600.0,685,iso13790,native,True,19.899999999999995,1378.4492880615255,0.0,1.1000000000000227,-101.56212000000002
4921200.0,685,iso13790,native,True,19.9,1472.7835958145938,0.0,1.1000000000000227,-101.56212000000002
4924800.0,685,iso13790,native,True,19.900000000000002,1566.7902090028874,0.0,0.0,-101.56212000000002
4928400.0,685,iso13790,native,True,19.9,1572.3266701708312,0.0,1.1000000000000227,-101.56212000000002
4932000.0,685,iso13790,native,True,19.90000000000001,1593.6865194579393,0.0,0.6000000000000227,-101.56212000000002
4935600.0,685,iso13790,native,True,19.900000000000002,1630.3086723003594,0.0,0.0,-101.56212000000002
4939200.0,685,iso13790,native,True,19.899999999999995,1650.3797366061215,0.0,0.0,-101.56212000000002
4942800.0,685,iso13790,native,True,19.9,1660.7706464916516,0.0,0.0,-101.56212000000002
4946400.0,685,iso13790,native,True,19.9,1641.5123488500697,0.0,0.6000000000000227,-101.56212000000002
4950000.0,685,iso13790,native,True,19.89999999999999,1582.9063250932284,0.0,1.7000000000000455,-90.18900720756251
4953600.0,685,iso13790,native,True,19.90000000000001,1394.437871753219,0.0,3.3000000000000114,337.6209291287823
4957200.0,685,iso13790,native,True,19.899999999999995,1122.1275885618045,0.0,5.0,503.4065846735076
4960800.0,685,iso13790,native,True,19.9,809.452328818462,0.0,7.800000000000011,635.5400967104133
4964400.0,685,iso13790,native,True,19.899999999999995,273.96972394911165,0.0,11.100000000000023,1659.4093119432455
4968000.0,685,iso13790,native,True,20.10000000000001,0.0,121.79238878453368,13.300000000000011,1225.8708800837223
4971600.0,685,iso13790,native,True,20.1,0.0,387.77940576482473,15.0,1295.0834931108793
4975200.0,685,iso13790,native,True,20.100000000000005,0.0,641.8877837349299,15.600000000000023,1670.181738935676
4978800.0,685,iso13790,native,True,20.09999999999999,0.0,856.1304076624241,15.0,1896.7221790638473
4982400.0,685,iso13790,native,True,20.100000000000016,0.0,801.482849994008,13.300000000000011,1266.7266606907901
4986000.0,685,iso13790,native,True,20.099999999999994,0.0,636.5188718760757,12.200000000000045,1321.0464411836108
4989600.0,685,iso13790,native,True,20.1,0.0,257.04838496931006,11.100000000000023,87.47629702541315
4993200.0,685,iso13790,native,True,19.899999999999995,195.41565402726397,0.0,9.400000000000034,-101.56212000000002
4996800.0,685,iso13790,native,True,19.9,549.2906727807859,0.0,8.300000000000011,-101.56212000000002
5000400.0,685,iso13790,native,True,19.899999999999995,779.7009169506086,0.0,7.2000000000000455,-101.56212000000002
5004000.0,685,iso13790,native,True,19.899999999999995,921.5549760426672,0.0,6.7000000000000455,-101.56212000000002
5007600.0,685,iso13790,native,True,19.899999999999995,1041.0891458723452,0.0,5.600000000000023,-101.56212000000002
5011200.0,685,iso13790,native,True,19.900000000000006,1154.2860216799472,0.0,4.400000000000034,-101.56212000000002
5014800.0,685,iso13790,native,True,19.9,1260.2810130594362,0.0,3.3000000000000114,-101.56212000000002
5018400.0,685,iso13790,native,True,19.900000000000006,1292.5553740289888,0.0,3.900000000000034,-101.56212000000002
5022000.0,685,iso13790,native,True,19.90000000000001,1308.152446476767,0.0,3.900000000000034,-101.56212000000002
5025600.0,685,iso13790,native,True,19.900000000000002,1386.0340563702948,0.0,2.2000000000000455,-101.56212000000002
5029200.0,685,iso13790,native,True,19.9,1474.6724211445708,0.0,1.1000000000000227,-101.56212000000002
5032800.0,685,iso13790,native,True,19.899999999999984,1522.5988866002338,0.0,1.1000000000000227,-101.56212000000002
5036400.0,685,iso13790,native,True,19.9,1519.3812729723873,0.0,1.7000000000000455,-85.18349611321264
5040000.0,685,iso13790,native,True,19.899999999999988,1410.3764647390958,0.0,3.3000000000000114,98.01743399999998
5043600.0,685,iso13790,native,True,19.899999999999995,1143.8633084897485,0.0,5.600000000000023,502.2451112714102
5047200.0,685,iso13790,native,True,19.899999999999988,717.6087377504257,0.0,8.900000000000034,910.791194121186
5050800.0,685,iso13790,native,True,19.899999999999995,264.14701335479555,0.0,10.0,1475.3686462409814
5054400.0,685,iso13790,native,True,20.100000000000005,0.0,21.860471531477078,8.300000000000011,1860.560701183837
5058000.0,685,iso13790,native,True,20.1,0.0,248.14664320026037,8.300000000000011,1759.3572727059916
5061600.0,685,iso13790,native,True,20.099999999999994,0.0,282.8450852300999,8.300000000000011,1438.4633373354498
5065200.0,685,iso13790,native,True,19.99753231013487,0.0,0.0,5.0,761.4846
5068800.0,685,iso13790,native,True,19.899999999999995,527.5653307941601,0.0,0.6000000000000227,324.56719799999996
5072400.0,685,iso13790,native,True,19.89999999999999,941.6822911428955,0.0,0.6000000000000227,114.19955999999999
5076000.0,685,iso13790,native,True,19.900000000000002,1225.076410269792,0.0,0.6000000000000227,-58.40978400000001
5079600.0,685,iso13790,native,True,19.9,1408.016877630049,0.0,0.6000000000000227,-101.56212000000002
5083200.0,685,iso13790,native,True,19.899999999999988,1509.5486558697128,0.0,0.6000000000000227,-101.56212000000002
5086800.0,685,iso13790,native,True,19.899999999999995,1562.112263964116,0.0,0.6000000000000227,-101.56212000000002
5090400.0,685,iso13790,native,True,19.899999999999984,1544.1555793042432,0.0,1.7000000000000455,-101.56212000000002
5094000.0,685,iso13790,native,True,19.9,1487.6522633017103,0.0,2.8000000000000114,-101.56212000000002
5097600.0,685,iso13790,native,True,19.899999999999995,1411.193125994902,0.0,3.900000000000034,-101.56212000000002
5101200.0,685,iso13790,native,True,19.89999999999999,1324.4027407928488,0.0,5.0,-101.56212000000002
5104800.0,685,iso13790,native,True,19.900000000000006,1232.2638068417543,0.0,6.100000000000023,-101.56212000000002
5108400.0,685,iso13790,native,True,19.900000000000002,1137.3558972537364,0.0,7.2000000000000455,-101.56212000000002
5112000.0,685,iso13790,native,True,19.90000000000001,1041.014472438023,0.0,8.300000000000011,-101.56212000000002
5115600.0,685,iso13790,native,True,19.899999999999995,1099.9698887019304,0.0,5.600000000000023,-101.56212000000002
5119200.0,685,iso13790,native,True,19.899999999999995,1184.768933966734,0.0,4.400000000000034,-101.56212000000002
5122800.0,685,iso13790,native,True,19.899999999999995,1224.9390249409007,0.0,4.400000000000034,-72.81007021496237
5126400.0,685,iso13790,native,True,19.899999999999995,1103.58269174891,0.0,6.100000000000023,254.59849695391833
5130000.0,685,iso13790,native,True,19.9,819.8122708249819,0.0,7.2000000000000455,838.2427573453336
5133600.0,685,iso13790,native,True,19.899999999999995,454.0647166389091,0.0,11.100000000000023,666.2342058073203
5137200.0,685,iso13790,native,True,19.9,117.27181995782166,0.0,12.800000000000011,1137.576027368726
5140800.0,685,iso13790,native,True,20.099999999999998,0.0,136.92381603526937,15.0,953.2900351388812
5144400.0,685,iso13790,native,True,20.10000000000002,0.0,277.9481961909267,14.400000000000034,1038.7518036600727
5148000.0,685,iso13790,native,True,20.10000000000001,0.0,628.7211085809987,14.400000000000034,2320.2025844023688
5151600.0,685,iso13790,native,True,20.10000000000001,0.0,767.4504023484294,14.400000000000034,1134.839077430296
5155200.0,685,iso13790,native,True,20.100000000000005,0.0,519.3281204630732,13.300000000000011,712.938222
5158800.0,685,iso13790,native,True,20.1,0.0,180.9017842258025,12.200000000000045,249.05060999999992
5162400.0,685,iso13790,native,True,19.899999999999995,99.40569973837692,0.0,11.700000000000045,-36.83361600000002
5166000.0,685,iso13790,native,True,19.899999999999995,710.9370619201959,0.0,2.8000000000000114,-101.56212000000002
5169600.0,685,iso13790,native,True,19.899999999999995,1193.8660297295144,0.0,-0.5999999999999659,-101.56212000000002
5173200.0,685,iso13790,native,True,19.899999999999995,1495.3492427937836,0.0,-1.6999999999999886,-101.56212000000002
5176800.0,685,iso13790,native,True,19.899999999999988,1698.6359361960108,0.0,-2.7999999999999545,-101.56212000000002
5180400.0,685,iso13790,native,True,19.90000000000001,1851.0857047926377,0.0,-3.8999999999999773,-101.56212000000002
5184000.0,685,iso13790,native,True,19.900000000000016,1932.0477151843306,0.0,-3.8999999999999773,-101.56212000000002
5187600.0,685,iso13790,native,True,19.900000000000002,1994.4936763898806,0.0,-4.399999999999977,-101.56212000000002
5191200.0,685,iso13790,native,True,19.900000000000002,2052.386354800231,0.0,-5.0,-101.56212000000002
5194800.0,685,iso13790,native,True,19.900000000000002,2083.469297251924,0.0,-5.0,-101.56212000000002
5198400.0,685,iso13790,native,True,19.899999999999995,2099.561122233013,0.0,-5.0,-101.56212000000002
5202000.0,685,iso13790,native,True,19.900000000000023,2107.8919561501903,0.0,-5.0,-101.56212000000002
5205600.0,685,iso13790,native,True,19.899999999999995,2112.2048786333103,0.0,-5.0,-101.56212000000002
5209200.0,685,iso13790,native,True,19.900000000000016,2112.2037001004537,0.0,-5.0,-90.77403600000002
5212800.0,685,iso13790,native,True,19.900000000000002,2035.617454962184,0.0,-5.599999999999966,389.80071071581864
5216400.0,685,iso13790,native,True,19.900000000000016,1842.462400338637,0.0,-3.8999999999999773,432.448038
5220000.0,685,iso13790,native,True,19.900000000000006,1618.7072885209566,0.0,-1.6999999999999886,546.0619636547999
5223600.0,685,iso13790,native,True,19.89999999999999,1185.828062780303,0.0,1.1000000000000227,1415.412066896679
5227200.0,685,iso13790,native,True,19.899999999999995,865.3906374158132,0.0,1.7000000000000455,1072.8576694104686
5230800.0,685,iso13790,native,True,19.900000000000002,579.2502845346439,0.0,5.0,1255.331963385388
5234400.0,685,iso13790,native,True,19.9,296.18820313896924,0.0,6.7000000000000455,1400.9551738877335
5238000.0,685,iso13790,native,True,19.899999999999995,48.71622053626023,0.0,6.7000000000000455,1761.9570937958188
5241600.0,685,iso13790,native,True,19.926640160426125,0.0,0.0,6.100000000000023,1254.0532595034376
5245200.0,685,iso13790,native,True,19.900000000000002,209.63642637348164,0.0,5.0,672.3682255366717
5248800.0,685,iso13790,native,True,19.899999999999995,476.37760949606655,0.0,2.8000000000000114,825.1962001727182
5252400.0,685,iso13790,native,True,19.900000000000002,856.1053426454288,0.0,1.1000000000000227,-101.56212000000002
5256000.0,685,iso13790,native,True,19.899999999999995,1202.3630150529316,0.0,1.1000000000000227,-101.56212000000002
5259600.0,685,iso13790,native,True,19.899999999999995,1402.154125226789,0.0,0.6000000000000227,-101.56212000000002
5263200.0,685,iso13790,native,True,19.89999999999999,1461.3442953705437,0.0,1.7000000000000455,-101.56212000000002
5266800.0,685,iso13790,native,True,19.900000000000002,1469.4181006957,0.0,2.2000000000000455,-101.56212000000002
5270400.0,685,iso13790,native,True,19.900000000000002,1427.5024818683912,0.0,3.3000000000000114,-101.56212000000002
5274000.0,685,iso13790,native,True,19.89999999999998,1288.7885702104998,0.0,6.100000000000023,-101.56212000000002
5277600.0,685,iso13790,native,True,19.9,1437.6341762534462,0.0,0.6000000000000227,-101.56212000000002
5281200.0,685,iso13790,native,True,19.899999999999995,1504.3502634863905,0.0,1.1000000000000227,-101.56212000000002
5284800.0,685,iso13790,native,True,19.900000000000002,1583.1324614199575,0.0,0.0,-101.56212000000002
5288400.0,685,iso13790,native,True,19.899999999999984,1375.4727038726637,0.0,6.100000000000023,-101.56212000000002
5292000.0,685,iso13790,native,True,19.899999999999995,1277.1966220628499,0.0,5.600000000000023,-101.56212000000002
5295600.0,685,iso13790,native,True,19.899999999999984,1359.7756553242427,0.0,2.2000000000000455,-67.3581917770422
5299200.0,685,iso13790,native,True,19.899999999999995,1068.8045668855084,0.0,8.900000000000034,219.9334039992724
5302800.0,685,iso13790,native,True,19.900000000000002,746.7143675411606,0.0,10.600000000000023,431.50542407633833
5306400.0,685,iso13790,native,True,19.9,422.13156905687964,0.0,12.800000000000011,580.7098915893358
5310000.0,685,iso13790,native,True,19.900000000000002,180.3717873871315,0.0,13.300000000000011,703.9703954978443
5313600.0,685,iso13790,native,True,19.982589622710286,0.0,0.0,14.400000000000034,753.6102407284814
5317200.0,685,iso13790,native,True,20.100000000000005,0.0,137.0721817717307,15.600000000000023,738.0722170988397
5320800.0,685,iso13790,native,True,20.100000000000005,0.0,379.2055728926611,16.100000000000023,1349.2014598836845
5324400.0,685,iso13790,native,True,20.099999999999994,0.0,706.5111406703019,16.700000000000045,1734.4029318268429
5328000.0,685,iso13790,native,True,20.099999999999977,0.0,1175.6864203691148,17.200000000000045,2783.1904887439773
5331600.0,685,iso13790,native,True,20.099999999999998,0.0,1134.6009533546628,16.100000000000023,824.7694118295468
5335200.0,685,iso13790,native,True,20.100000000000005,0.0,632.9339127045117,15.0,228.08190151312533
5338800.0,685,iso13790,native,True,20.10000000000001,0.0,163.41134457773114,13.900000000000034,-101.56212000000002
5342400.0,685,iso13790,native,True,19.899999999999995,83.80890638188913,0.0,13.900000000000034,-101.56212000000002
5346000.0,685,iso13790,native,True,19.900000000000002,343.560690578688,0.0,11.700000000000045,-101.56212000000002
5349600.0,685,iso13790,native,True,19.89999999999999,527.2806285047379,0.0,10.600000000000023,-101.56212000000002
5353200.0,685,iso13790,native,True,19.899999999999995,603.8999475510406,0.0,11.100000000000023,-101.56212000000002
5356800.0,685,iso13790,native,True,19.899999999999995,642.6399291924286,0.0,11.100000000000023,-101.56212000000002
5360400.0,685,iso13790,native,True,19.899999999999995,662.695849101321,0.0,11.100000000000023,-101.56212000000002
5364000.0,685,iso13790,native,True,19.900000000000002,718.2480972009971,0.0,10.0,-101.56212000000002
5367600.0,685,iso13790,native,True,19.900000000000002,703.8765038555453,0.0,11.100000000000023,-101.56212000000002
5371200.0,685,iso13790,native,True,19.900000000000002,739.567568159754,0.0,10.0,-101.56212000000002
5374800.0,685,iso13790,native,True,19.899999999999995,805.2520784404203,0.0,8.900000000000034,-101.56212000000002
5378400.0,685,iso13790,native,True,19.900000000000002,911.1021086282337,0.0,7.2000000000000455,-101.56212000000002
5382000.0,685,iso13790,native,True,19.9,817.3404768534423,0.0,10.600000000000023,-43.14812923518073
5385600.0,685,iso13790,native,True,19.899999999999995,622.1430367167894,0.0,12.800000000000011,153.79932831032457
5389200.0,685,iso13790,native,True,19.9,344.36517258983605,0.0,13.900000000000034,619.0314529364827
5392800.0,685,iso13790,native,True,19.899999999999995,15.42704854582119,0.0,16.100000000000023,711.7548369886739
5396400.0,685,iso13790,native,True,20.1,0.0,88.10429306617941,16.700000000000045,421.4051587232209
5400000.0,685,iso13790,native,True,20.1,0.0,350.6782675760558,17.80000000000001,1228.6886199046826
5403600.0,685,iso13790,native,True,20.099999999999984,0.0,669.647005711057,18.900000000000034,1268.256178107769
5407200.0,685,iso13790,native,True,20.099999999999998,0.0,826.6931818276199,19.400000000000034,1090.012671802159
5410800.0,685,iso13790,native,True,20.1,0.0,1020.9907803820101,18.30000000000001,1985.3983776185753
5414400.0,685,iso13790,native,True,20.099999999999984,0.0,1161.2513786326263,18.900000000000034,1384.2355835506419
5418000.0,685,iso13790,native,True,20.10000000000003,0.0,1079.7854001390785,18.30000000000001,1212.7593707094763
5421600.0,685,iso13790,native,True,20.1,0.0,787.4414167590263,17.200000000000045,359.0954192827017
5425200.0,685,iso13790,native,True,20.1,0.0,383.1659037533046,16.700000000000045,-101.56212000000002
5428800.0,685,iso13790,native,True,20.099999999999994,0.0,30.306662930941474,15.0,-101.56212000000002
5432400.0,685,iso13790,native,True,19.9,105.51096208085895,0.0,15.0,-101.56212000000002
5436000.0,685,iso13790,native,True,19.899999999999995,241.88831800291078,0.0,14.400000000000034,-101.56212000000002
5439600.0,685,iso13790,native,True,19.9,334.134691629847,0.0,13.900000000000034,-101.56212000000002
5443200.0,685,iso13790,native,True,19.9,382.8174878040217,0.0,13.900000000000034,-101.56212000000002
5446800.0,685,iso13790,native,True,19.900000000000002,432.65859594929213,0.0,13.300000000000011,-101.56212000000002
5450400.0,685,iso13790,native,True,19.899999999999995,480.1046371782108,0.0,12.800000000000011,-101.56212000000002
5454000.0,685,iso13790,native,True,19.900000000000002,530.2317674146886,0.0,12.200000000000045,-101.56212000000002
5457600.0,685,iso13790,native,True,19.9,577.8258839887775,0.0,11.700000000000045,-101.56212000000002
5461200.0,685,iso13790,native,True,19.899999999999995,628.0296737159758,0.0,11.100000000000023,-101.56212000000002
5464800.0,685,iso13790,native,True,19.899999999999995,630.4942988074665,0.0,11.700000000000045,-101.56212000000002
5468400.0,685,iso13790,native,True,19.900000000000002,605.6592395921238,0.0,12.200000000000045,-79.98595200000001
5472000.0,685,iso13790,native,True,19.899999999999995,602.7830060730074,0.0,10.600000000000023,168.13997999999998
5475600.0,685,iso13790,native,True,19.899999999999995,570.0500718750354,0.0,8.900000000000034,480.994416
5479200.0,685,iso13790,native,True,19.900000000000002,611.5818922329273,0.0,6.100000000000023,530.1791319367652
5482800.0,685,iso13790,native,True,19.9,418.9603063799242,0.0,7.800000000000011,1214.584128
5486400.0,685,iso13790,native,True,19.899999999999995,240.27784540212383,0.0,7.800000000000011,1058.15691
5490000.0,685,iso13790,native,True,19.9,100.43134917663431,0.0,7.2000000000000455,1525.175132374198
5493600.0,685,iso13790,native,True,19.899999999999995,199.812761266305,0.0,3.900000000000034,998.8224479999999
5497200.0,685,iso13790,native,True,19.899999999999995,543.1209568364923,0.0,0.6000000000000227,675.179928
5500800.0,685,iso13790,native,True,19.89999999999999,751.9551229230418,0.0,1.7000000000000455,583.481214
5504400.0,685,iso13790,native,True,19.900000000000002,915.6672520880857,0.0,2.2000000000000455,276.02082
5508000.0,685,iso13790,native,True,19.899999999999988,1109.5404582184146,0.0,2.2000000000000455,-20.65149000000001
5511600.0,685,iso13790,native,True,19.899999999999995,1273.5688448895228,0.0,2.2000000000000455,-101.56212000000002
5515200.0,685,iso13790,native,True,19.899999999999995,1391.810775591039,0.0,1.7000000000000455,-101.56212000000002
5518800.0,685,iso13790,native,True,19.89999999999998,1453.951626947093,0.0,1.7000000000000455,-101.56212000000002
5522400.0,685,iso13790,native,True,19.9,1486.1223168922877,0.0,1.7000000000000455,-101.56212000000002
5526000.0,685,iso13790,native,True,19.9,1502.7772752484166,0.0,1.7000000000000455,-101.56212000000002
5529600.0,685,iso13790,native,True,19.899999999999988,1511.3996466777185,0.0,1.7000000000000455,-101.56212000000002
5533200.0,685,iso13790,native,True,19.9,1515.8634998723796,0.0,1.7000000000000455,-101.56212000000002
5536800.0,685,iso13790,native,True,19.9,1518.1744633360636,0.0,1.7000000000000455,-101.56212000000002
5540400.0,685,iso13790,native,True,19.899999999999988,1544.0085966851284,0.0,1.1000000000000227,-101.56212000000002
5544000.0,685,iso13790,native,True,19.899999999999988,1579.026083656474,0.0,0.6000000000000227,-101.56212000000002
5547600.0,685,iso13790,native,True,19.899999999999995,1622.718877111881,0.0,0.0,-101.56212000000002
5551200.0,685,iso13790,native,True,19.9,1691.6196328583055,0.0,-1.099999999999966,-101.56212000000002
5554800.0,685,iso13790,native,True,19.90000000000001,1718.4244259135035,0.0,-1.099999999999966,-48.90925113581623
5558400.0,685,iso13790,native,True,19.900000000000002,1666.0441951816922,0.0,-1.099999999999966,230.85018841528037
5562000.0,685,iso13790,native,True,19.90000000000001,1495.6032114797683,0.0,-1.099999999999966,709.3752674044579
5565600.0,685,iso13790,native,True,19.9,1318.4706477381847,0.0,-2.7999999999999545,1110.40781426434
5569200.0,685,iso13790,native,True,19.89999999999999,966.6396570995001,0.0,-0.5999999999999659,1639.3610320922942
5572800.0,685,iso13790,native,True,19.899999999999995,838.8440270993179,0.0,1.7000000000000455,497.3064400971559
5576400.0,685,iso13790,native,True,19.900000000000006,907.2382668233977,0.0,2.8000000000000114,480.7643087061631
5580000.0,685,iso13790,native,True,19.899999999999995,807.3231099230555,0.0,3.900000000000034,918.9101041215081
5583600.0,685,iso13790,native,True,19.899999999999995,383.32503823277676,0.0,5.0,2154.1448113654346
5587200.0,685,iso13790,native,True,20.1,0.0,183.9916142798184,5.0,3122.319771775423
5590800.0,685,iso13790,native,True,20.1,0.0,526.0998892158732,2.8000000000000114,2853.093603026859
5594400.0,685,iso13790,native,True,20.1,0.0,204.54194904087763,1.1000000000000227,1007.3301920911185
5598000.0,685,iso13790,native,True,19.899999999999995,457.0485761988289,0.0,0.6000000000000227,-101.56212000000002
5601600.0,685,iso13790,native,True,19.900000000000002,1041.864419372306,0.0,0.0,-101.56212000000002
5605200.0,685,iso13790,native,True,19.9,1370.3763655549506,0.0,-0.5999999999999659,-101.56212000000002
5608800.0,685,iso13790,native,True,19.89999999999999,1541.560519475617,0.0,-0.5999999999999659,-101.56212000000002
5612400.0,685,iso13790,native,True,19.899999999999995,1630.1835785282983,0.0,-0.5999999999999659,-101.56212000000002
5616000.0,685,iso13790,native,True,19.9,1721.233444148278,0.0,-1.6999999999999886,-101.56212000000002
5619600.0,685,iso13790,native,True,19.899999999999995,1770.4083579968553,0.0,-1.6999999999999886,-101.56212000000002
5623200.0,685,iso13790,native,True,19.899999999999988,1841.0356832013115,0.0,-2.7999999999999545,-101.56212000000002
5626800.0,685,iso13790,native,True,19.899999999999995,1900.1691706822871,0.0,-3.2999999999999545,-101.56212000000002
5630400.0,685,iso13790,native,True,19.900000000000002,1911.177783099504,0.0,-2.7999999999999545,-101.56212000000002
5634000.0,685,iso13790,native,True,19.90000000000001,1961.1198885525591,0.0,-3.8999999999999773,-101.56212000000002
5637600.0,685,iso13790,native,True,19.900000000000013,2009.5445142051428,0.0,-4.399999999999977,-101.56212000000002
5641200.0,685,iso13790,native,True,19.900000000000002,2019.0535509413378,0.0,-4.399999999999977,-21.945928428794204
5644800.0,685,iso13790,native,True,19.899999999999995,1911.664096867891,0.0,-3.8999999999999773,360.4823980517054
5648400.0,685,iso13790,native,True,19.899999999999995,1741.5960589650922,0.0,-2.1999999999999886,279.72432766002714
5652000.0,685,iso13790,native,True,19.899999999999995,1526.3027516226034,0.0,0.6000000000000227,385.4340997858341
5655600.0,685,iso13790,native,True,19.9,1318.6784569756064,0.0,2.2000000000000455,426.79481586204565
5659200.0,685,iso13790,native,True,19.899999999999988,1197.21516304842,0.0,2.2000000000000455,448.3885918019865
5662800.0,685,iso13790,native,True,19.900000000000002,1058.3676854947362,0.0,3.900000000000034,461.6409397769786
5666400.0,685,iso13790,native,True,19.899999999999995,842.9492728509618,0.0,5.0,911.3324834428197
5670000.0,685,iso13790,native,True,19.899999999999995,344.1856142335595,0.0,5.0,2428.1610054550115
5673600.0,685,iso13790,native,True,20.1,0.0,360.5918539469075,5.0,3668.075205354118
5677200.0,685,iso13790,native,True,20.100000000000026,0.0,1026.2843619379228,3.900000000000034,4192.2046775937215
5680800.0,685,iso13790,native,True,20.099999999999987,0.0,1099.3994156973072,2.8000000000000114,2708.8409968379938
5684400.0,685,iso13790,native,True,20.100000000000005,0.0,248.90590577755398,1.1000000000000227,-101.56212000000002
5688000.0,685,iso13790,native,True,19.900000000000002,588.8660645755459,0.0,1.1000000000000227,-101.56212000000002
5691600.0,685,iso13790,native,True,19.900000000000006,1064.0116444432542,0.0,1.1000000000000227,-101.56212000000002
5695200.0,685,iso13790,native,True,19.899999999999984,1330.528794220722,0.0,0.6000000000000227,-101.56212000000002
5698800.0,685,iso13790,native,True,19.899999999999995,1539.2395245321654,0.0,-1.099999999999966,-101.56212000000002
5702400.0,685,iso13790,native,True,19.9,1650.4397278952224,0.0,-1.099999999999966,-101.56212000000002
5706000.0,685,iso13790,native,True,19.900000000000006,1687.4772926308208,0.0,-0.5999999999999659,-101.56212000000002
5709600.0,685,iso13790,native,True,19.899999999999995,1635.9186513058278,0.0,1.1000000000000227,-101.56212000000002
5713200.0,685,iso13790,native,True,19.9,1626.6084679580035,0.0,0.6000000000000227,-101.56212000000002
5716800.0,685,iso13790,native,True,19.900000000000002,1647.3525616979891,0.0,0.0,-101.56212000000002
5720400.0,685,iso13790,native,True,19.900000000000002,1659.2034599588917,0.0,0.0,-101.56212000000002
5724000.0,685,iso13790,native,True,19.899999999999984,1640.7010070204728,0.0,0.6000000000000227,-101.56212000000002
5727600.0,685,iso13790,native,True,19.89999999999998,1593.3897424875433,0.0,1.1000000000000227,-23.865693945141196
5731200.0,685,iso13790,native,True,19.900000000000002,1438.1632983957948,0.0,2.8000000000000114,206.5568464185479
5734800.0,685,iso13790,native,True,19.9,1239.5633406822406,0.0,3.900000000000034,368.2802199072695
5738400.0,685,iso13790,native,True,19.9,1036.89902326354,0.0,5.0,499.01356109844653
5742000.0,685,iso13790,native,True,19.899999999999995,846.1279852612661,0.0,6.100000000000023,585.8129081197186
5745600.0,685,iso13790,native,True,19.899999999999995,672.0033823251495,0.0,6.7000000000000455,754.6489463512535
5749200.0,685,iso13790,native,True,19.9,497.43886334447393,0.0,7.800000000000011,809.9190628941059
5752800.0,685,iso13790,native,True,19.899999999999995,350.19896979558985,0.0,7.800000000000011,1032.492709197537
5756400.0,685,iso13790,native,True,19.899999999999995,23.82966029744822,0.0,7.2000000000000455,2189.486278391677
5760000.0,685,iso13790,native,True,20.1,0.0,487.2100448609988,7.2000000000000455,3204.9153704280466
5763600.0,685,iso13790,native,True,20.10000000000001,0.0,746.5249223005678,5.600000000000023,2521.516803602458
5767200.0,685,iso13790,native,True,20.100000000000005,0.0,423.3341268729217,3.3000000000000114,1304.6714956041671
5770800.0,685,iso13790,native,True,19.899999999999995,202.35468663390233,0.0,2.8000000000000114,-101.56212000000002
5774400.0,685,iso13790,native,True,19.9,815.5938051516174,0.0,2.2000000000000455,-101.56212000000002
5778000.0,685,iso13790,native,True,19.900000000000002,1154.7143618064156,0.0,1.7000000000000455,-101.56212000000002
5781600.0,685,iso13790,native,True,19.900000000000002,1401.012309554447,0.0,0.0,-101.56212000000002
5785200.0,685,iso13790,native,True,19.900000000000002,1601.4785522297932,0.0,-1.6999999999999886,-101.56212000000002
5788800.0,685,iso13790,native,True,19.9,1819.280337012454,0.0,-4.399999999999977,-101.56212000000002
5792400.0,685,iso13790,native,True,19.899999999999995,1871.3390052505185,0.0,-2.7999999999999545,-101.56212000000002
5796000.0,685,iso13790,native,True,19.9,1915.8573815239515,0.0,-3.2999999999999545,-101.56212000000002
5799600.0,685,iso13790,native,True,19.900000000000002,1964.4688421245776,0.0,-3.8999999999999773,-101.56212000000002
5803200.0,685,iso13790,native,True,19.900000000000027,2011.2782874743439,0.0,-4.399999999999977,-101.56212000000002
5806800.0,685,iso13790,native,True,19.90000000000001,2015.9066696626,0.0,-3.8999999999999773,-101.56212000000002
5810400.0,685,iso13790,native,True,19.89999999999999,1992.738779495581,0.0,-3.2999999999999545,-101.56212000000002
5814000.0,685,iso13790,native,True,19.899999999999995,1961.3748049900817,0.0,-3.2999999999999545,-13.392338491150088
5817600.0,685,iso13790,native,True,19.899999999999988,1777.2642217843031,0.0,-0.5999999999999659,194.56414049267872
5821200.0,685,iso13790,native,True,19.9,1428.3282587612582,0.0,3.900000000000034,344.0603480941443
5824800.0,685,iso13790,native,True,19.900000000000002,1055.5260911084963,0.0,7.2000000000000455,463.2230468504864
5828400.0,685,iso13790,native,True,19.900000000000002,682.3796598155047,0.0,10.600000000000023,538.4471061325805
5832000.0,685,iso13790,native,True,19.9,353.7606348145772,0.0,13.300000000000011,569.2433224982619
5835600.0,685,iso13790,native,True,19.899999999999995,106.6789714042644,0.0,15.0,556.0881404463777
5839200.0,685,iso13790,native,True,20.10000000000001,0.0,18.71669852140478,14.400000000000034,899.2263190244153
5842800.0,685,iso13790,native,True,20.100000000000005,0.0,491.95565243202935,15.0,2295.388843531301
5846400.0,685,iso13790,native,True,20.100000000000005,0.0,1171.3347743957238,14.400000000000034,3440.70395798205
5850000.0,685,iso13790,native,True,20.100000000000026,0.0,1708.3095975318909,12.800000000000011,3783.533991969094
5853600.0,685,iso13790,native,True,20.099999999999977,0.0,1441.5628093309099,10.600000000000023,1341.776329541177
5857200.0,685,iso13790,native,True,20.100000000000005,0.0,565.184568855876,9.400000000000034,-101.56212000000002
5860800.0,685,iso13790,native,True,19.900000000000002,114.09736756344289,0.0,8.300000000000011,-101.56212000000002
5864400.0,685,iso13790,native,True,19.900000000000002,574.9301880133784,0.0,6.7000000000000455,-101.56212000000002
5868000.0,685,iso13790,native,True,19.9,841.1079777481254,0.0,6.100000000000023,-101.56212000000002
5871600.0,685,iso13790,native,True,19.9,955.3836327634638,0.0,6.7000000000000455,-101.56212000000002
5875200.0,685,iso13790,native,True,19.89999999999999,992.9018201737047,0.0,7.2000000000000455,-101.56212000000002
5878800.0,685,iso13790,native,True,19.900000000000002,986.7611786372514,0.0,7.800000000000011,-101.56212000000002
5882400.0,685,iso13790,native,True,19.899999999999995,961.9391300162973,0.0,8.300000000000011,-101.56212000000002
5886000.0,685,iso13790,native,True,19.9,923.5245758973056,0.0,8.900000000000034,-101.56212000000002
5889600.0,685,iso13790,native,True,19.900000000000002,927.163308503145,0.0,8.300000000000011,-101.56212000000002
5893200.0,685,iso13790,native,True,19.900000000000002,950.6901039255699,0.0,7.800000000000011,-101.56212000000002
5896800.0,685,iso13790,native,True,19.900000000000002,943.2649191676211,0.0,8.300000000000011,-101.56212000000002
5900400.0,685,iso13790,native,True,19.899999999999988,898.8792778310101,0.0,8.900000000000034,-29.23502390864317
5904000.0,685,iso13790,native,True,19.899999999999995,687.4709095566313,0.0,10.600000000000023,483.01080414856585
5907600.0,685,iso13790,native,True,19.899999999999995,354.1254052600954,0.0,13.300000000000011,622.5341657326022
5911200.0,685,iso13790,native,True,19.899999999999995,3.347012129472321,0.0,16.100000000000023,797.1840506559847
5914800.0,685,iso13790,native,True,20.099999999999994,0.0,283.4557931029463,17.200000000000045,1170.1940523746166
5918400.0,685,iso13790,native,True,20.100000000000005,0.0,481.44614300366976,18.30000000000001,696.4884531629185
5922000.0,685,iso13790,native,True,20.099999999999994,0.0,552.572492761743,18.900000000000034,777.824184446027
5925600.0,685,iso13790,native,True,20.09999999999998,0.0,722.506295160091,19.400000000000034,1254.0106812719623
5929200.0,685,iso13790,native,True,20.099999999999984,0.0,1075.9207958574377,19.400000000000034,2167.7950955428173
5932800.0,685,iso13790,native,True,20.1,0.0,1503.3674725470198,18.30000000000001,2868.8805890417257
5936400.0,685,iso13790,native,True,20.10000000000002,0.0,1710.8554378174408,17.80000000000001,2375.9501469339334
5940000.0,685,iso13790,native,True,20.10000000000003,0.0,1238.3830547972982,15.0,511.6761673389249
5943600.0,685,iso13790,native,True,20.10000000000001,0.0,476.523196092823,12.800000000000011,-101.56212000000002
5947200.0,685,iso13790,native,True,19.899999999999995,38.722975888151936,0.0,11.100000000000023,-101.56212000000002
5950800.0,685,iso13790,native,True,19.899999999999995,370.57587967935694,0.0,10.600000000000023,-101.56212000000002
5954400.0,685,iso13790,native,True,19.899999999999995,543.3044078083525,0.0,10.600000000000023,-101.56212000000002
5958000.0,685,iso13790,native,True,19.900000000000002,632.7269986139984,0.0,10.600000000000023,-101.56212000000002
5961600.0,685,iso13790,native,True,19.899999999999995,728.2970755583838,0.0,9.400000000000034,-101.56212000000002
5965200.0,685,iso13790,native,True,19.900000000000002,825.1665678727702,0.0,8.300000000000011,-101.56212000000002
5968800.0,685,iso13790,native,True,19.900000000000002,852.7166034651767,0.0,8.900000000000034,-101.56212000000002
5972400.0,685,iso13790,native,True,19.9,890.5055982038525,0.0,8.300000000000011,-101.56212000000002
5976000.0,685,iso13790,native,True,19.899999999999995,976.88136688779,0.0,6.7000000000000455,-101.56212000000002
5979600.0,685,iso13790,native,True,19.899999999999995,958.8621469876392,0.0,8.300000000000011,-101.56212000000002
5983200.0,685,iso13790,native,True,19.900000000000002,1036.9076942801523,0.0,6.100000000000023,-101.56212000000002
5986800.0,685,iso13790,native,True,19.900000000000002,1084.2472726825536,0.0,5.600000000000023,-16.222350101109235
5990400.0,685,iso13790,native,True,19.900000000000002,806.7981612517012,0.0,11.700000000000045,171.6633416098711
5994000.0,685,iso13790,native,True,19.899999999999995,530.091543709286,0.0,13.300000000000011,298.9725444838873
5997600.0,685,iso13790,native,True,19.899999999999995,244.71871565990483,0.0,15.600000000000023,417.68814961401756
6001200.0,685,iso13790,native,True,19.899999999999995,16.31561931649807,0.0,16.700000000000045,477.8807918617499
6004800.0,685,iso13790,native,True,20.099999999999994,0.0,191.86846660764738,16.700000000000045,1097.8961049522773
6008400.0,685,iso13790,native,True,20.099999999999994,0.0,536.4310117328738,16.700000000000045,1567.9236667194423
6012000.0,685,iso13790,native,True,20.10000000000001,0.0,790.2950427707838,18.30000000000001,1256.3047653451588
6015600.0,685,iso13790,native,True,20.100000000000016,0.0,857.550300351614,18.30000000000001,1170.0161041549145
6019200.0,685,iso13790,native,True,20.100000000000005,0.0,906.1936393202557,15.600000000000023,1838.0501346837352
6022800.0,685,iso13790,native,True,20.10000000000001,0.0,818.7049496620814,14.400000000000034,1046.0369234276568
6026400.0,685,iso13790,native,True,20.100000000000005,0.0,373.9005345260307,12.800000000000011,49.471055999999976
6030000.0,685,iso13790,native,True,19.899999999999995,203.4804572484618,0.0,7.800000000000011,-101.56212000000002
6033600.0,685,iso13790,native,True,19.900000000000006,737.1067358641346,0.0,3.900000000000034,-101.56212000000002
6037200.0,685,iso13790,native,True,19.9,1065.7625470871776,0.0,2.8000000000000114,-101.56212000000002
6040800.0,685,iso13790,native,True,19.900000000000002,1192.7782997538836,0.0,3.900000000000034,-101.56212000000002
6044400.0,685,iso13790,native,True,19.900000000000002,1235.9658143070512,0.0,4.400000000000034,-101.56212000000002
6048000.0,685,iso13790,native,True,19.900000000000002,1302.567129616449,0.0,3.3000000000000114,-101.56212000000002
6051600.0,685,iso13790,native,True,19.89999999999999,1404.7855062842618,0.0,1.7000000000000455,-101.56212000000002
6055200.0,685,iso13790,native,True,19.9,1415.4995439726176,0.0,2.8000000000000114,-101.56212000000002
6058800.0,685,iso13790,native,True,19.899999999999988,1509.346767870825,0.0,0.6000000000000227,-101.56212000000002
6062400.0,685,iso13790,native,True,19.90000000000001,1586.6454791005017,0.0,0.0,-101.56212000000002
6066000.0,685,iso13790,native,True,19.900000000000002,1652.4127744240088,0.0,-0.5999999999999659,-101.56212000000002
6069600.0,685,iso13790,native,True,19.900000000000002,1708.1038978901272,0.0,-1.099999999999966,-101.56212000000002
6073200.0,685,iso13790,native,True,19.899999999999995,1718.5031704029955,0.0,-1.099999999999966,-8.07851737181469
6076800.0,685,iso13790,native,True,19.899999999999988,1510.3823233693977,0.0,2.2000000000000455,297.19988624066673
6080400.0,685,iso13790,native,True,19.899999999999995,1170.9884307117388,0.0,5.600000000000023,479.04410743534004
6084000.0,685,iso13790,native,True,19.9,860.8537718076692,0.0,7.2000000000000455,641.6826442748334
6087600.0,685,iso13790,native,True,19.900000000000002,605.0520760335991,0.0,8.300000000000011,745.0074086040871
6091200.0,685,iso13790,native,True,19.900000000000002,400.2208243531145,0.0,9.400000000000034,787.7852030430565
6094800.0,685,iso13790,native,True,19.900000000000002,287.7385614508588,0.0,9.400000000000034,776.383154586103
6098400.0,685,iso13790,native,True,19.899999999999995,183.9788577158727,0.0,9.400000000000034,1004.9395959034414
6102000.0,685,iso13790,native,True,20.10000000000001,0.0,101.00633161034514,9.400000000000034,2188.7407809529673
6105600.0,685,iso13790,native,True,20.099999999999987,0.0,480.19386312216204,8.300000000000011,2421.657680638391
6109200.0,685,iso13790,native,True,20.100000000000005,0.0,470.26859068705437,7.2000000000000455,1475.890445357185
6112800.0,685,iso13790,native,True,20.003367060872897,0.0,0.0,3.900000000000034,499.3572324127756
6116400.0,685,iso13790,native,True,19.899999999999995,592.3796431886323,0.0,2.2000000000000455,-101.56212000000002
6120000.0,685,iso13790,native,True,19.900000000000002,1039.155056789155,0.0,1.7000000000000455,-101.56212000000002
6123600.0,685,iso13790,native,True,19.900000000000002,1296.017388495033,0.0,1.1000000000000227,-101.56212000000002
6127200.0,685,iso13790,native,True,19.89999999999999,1475.2772875612218,0.0,0.0,-101.56212000000002
6130800.0,685,iso13790,native,True,19.89999999999999,1570.1190626472335,0.0,0.0,-101.56212000000002
6134400.0,685,iso13790,native,True,19.900000000000002,1643.856949905664,0.0,-0.5999999999999659,-101.56212000000002
6138000.0,685,iso13790,native,True,19.900000000000002,1728.312230188177,0.0,-1.6999999999999886,-101.56212000000002
6141600.0,685,iso13790,native,True,19.899999999999995,1794.6045326143014,0.0,-2.1999999999999886,-101.56212000000002
6145200.0,685,iso13790,native,True,19.899999999999988,1854.488484850645,0.0,-2.7999999999999545,-101.56212000000002
6148800.0,685,iso13790,native,True,19.9,1907.1337664564135,0.0,-3.2999999999999545,-101.56212000000002
6152400.0,685,iso13790,native,True,19.89999999999998,1935.3148407342376,0.0,-3.2999999999999545,-101.56212000000002
6156000.0,685,iso13790,native,True,19.899999999999988,1949.9043512274218,0.0,-3.2999999999999545,-101.56212000000002
6159600.0,685,iso13790,native,True,19.900000000000002,1888.984533925432,0.0,-2.1999999999999886,10.972329435016617
6163200.0,685,iso13790,native,True,19.9,1541.4615573873616,0.0,3.900000000000034,231.52009055390107
6166800.0,685,iso13790,native,True,19.899999999999988,1213.3290147218083,0.0,5.600000000000023,387.21478603287824
6170400.0,685,iso13790,native,True,19.899999999999995,922.0963398750001,0.0,7.2000000000000455,521.9016558164834
6174000.0,685,iso13790,native,True,19.9,660.566721044877,0.0,8.900000000000034,602.5059648706244
6177600.0,685,iso13790,native,True,19.900000000000002,479.8360280500597,0.0,9.400000000000034,645.5365747313097
6181200.0,685,iso13790,native,True,19.899999999999995,388.2715228723802,0.0,9.400000000000034,598.5485598728264
6184800.0,685,iso13790,native,True,19.900000000000002,301.54517419789164,0.0,9.400000000000034,824.3140693707671
6188400.0,685,iso13790,native,True,19.910208229125924,0.0,0.0,9.400000000000034,1903.628957831476
6192000.0,685,iso13790,native,True,20.100000000000016,0.0,470.2029046536312,9.400000000000034,2815.31748417678
6195600.0,685,iso13790,native,True,20.099999999999998,0.0,962.3852670548048,8.900000000000034,3229.8271228200715
6199200.0,685,iso13790,native,True,20.1,0.0,784.0099206246592,6.7000000000000455,1262.2339711048683
6202800.0,685,iso13790,native,True,20.100000000000005,0.0,0.9922044935573864,4.400000000000034,-95.08180415241983
6206400.0,685,iso13790,native,True,19.900000000000002,640.2674516155994,0.0,2.8000000000000114,-101.56212000000002
6210000.0,685,iso13790,native,True,19.899999999999988,1062.8353042525098,0.0,1.7000000000000455,-101.56212000000002
6213600.0,685,iso13790,native,True,19.9,1283.639060301303,0.0,1.7000000000000455,-101.56212000000002
6217200.0,685,iso13790,native,True,19.900000000000002,1422.588217537619,0.0,1.1000000000000227,-101.56212000000002
6220800.0,685,iso13790,native,True,19.899999999999995,1495.6345832681066,0.0,1.1000000000000227,-101.56212000000002
6224400.0,685,iso13790,native,True,19.899999999999995,1533.4511231489923,0.0,1.1000000000000227,-101.56212000000002
6228000.0,685,iso13790,native,True,19.899999999999995,1528.391237982914,0.0,1.7000000000000455,-101.56212000000002
6231600.0,685,iso13790,native,True,19.900000000000006,1594.467060508546,0.0,0.0,-101.56212000000002
6235200.0,685,iso13790,native,True,19.900000000000002,1722.1626771995013,0.0,-2.1999999999999886,-101.56212000000002
6238800.0,685,iso13790,native,True,19.899999999999988,1816.98490357123,0.0,-2.7999999999999545,-101.56212000000002
6242400.0,685,iso13790,native,True,19.899999999999995,1912.3556721599305,0.0,-3.8999999999999773,-101.56212000000002
6246000.0,685,iso13790,native,True,19.89999999999999,1923.4917796676893,0.0,-3.2999999999999545,-26.045532000000016
6249600.0,685,iso13790,native,True,19.9,1822.5612444293981,0.0,-2.1999999999999886,208.04587955605624
6253200.0,685,iso13790,native,True,19.900000000000013,1589.357445485005,0.0,-1.099999999999966,675.179928
6256800.0,685,iso13790,native,True,19.9,1081.4907433437947,0.0,1.7000000000000455,1622.9631361966774
6260400.0,685,iso13790,native,True,19.899999999999995,657.5479406077108,0.0,3.900000000000034,1215.617470600931
6264000.0,685,iso13790,native,True,19.900000000000002,212.99372636666146,0.0,6.7000000000000455,2038.6117003179857
6267600.0,685,iso13790,native,True,20.1,0.0,136.2622697508795,6.100000000000023,2320.8756488840972
6271200.0,685,iso13790,native,True,20.099999999999994,0.0,308.7778348570343,7.2000000000000455,1652.5079557735685
6274800.0,685,iso13790,native,True,20.099999999999994,0.0,363.57737689067903,7.800000000000011,1867.3076440233176
6278400.0,685,iso13790,native,True,20.100000000000005,0.0,338.56310884860227,7.2000000000000455,1559.1279359378946
6282000.0,685,iso13790,native,True,20.1,0.0,31.921514279698304,3.900000000000034,1035.9063643606883
6285600.0,685,iso13790,native,True,19.899999999999995,370.52164061137483,0.0,2.2000000000000455,383.69680059329005
6289200.0,685,iso13790,native,True,19.9,847.5781701632068,0.0,1.7000000000000455,-101.56212000000002
6292800.0,685,iso13790,native,True,19.899999999999988,1196.8368899049087,0.0,1.1000000000000227,-101.56212000000002
6296400.0,685,iso13790,native,True,19.9,1399.293217227369,0.0,0.6000000000000227,-101.56212000000002
6300000.0,685,iso13790,native,True,19.90000000000001,1529.6700985278792,0.0,0.0,-101.56212000000002
6303600.0,685,iso13790,native,True,19.900000000000013,1598.2785457999416,0.0,0.0,-101.56212000000002
6307200.0,685,iso13790,native,True,19.89999999999999,1658.4352825443884,0.0,-0.5999999999999659,-101.56212000000002
6310800.0,685,iso13790,native,True,19.899999999999995,1666.0526077606085,0.0,0.0,-101.56212000000002
6314400.0,685,iso13790,native,True,19.89999999999999,1693.522319269553,0.0,-0.5999999999999659,-101.56212000000002
6318000.0,685,iso13790,native,True,19.900000000000002,1729.3865548243916,0.0,-1.099999999999966,-101.56212000000002
6321600.0,685,iso13790,native,True,19.900000000000013,1773.5177150795212,0.0,-1.6999999999999886,-101.56212000000002
6325200.0,685,iso13790,native,True,19.899999999999995,1818.0076821773555,0.0,-2.1999999999999886,-101.56212000000002
6328800.0,685,iso13790,native,True,19.900000000000002,1841.9667014186905,0.0,-2.1999999999999886,-101.56212000000002
6332400.0,685,iso13790,native,True,19.899999999999995,1819.3179562731225,0.0,-1.6999999999999886,-31.43957400000002
6336000.0,685,iso13790,native,True,19.899999999999995,1687.8585611829737,0.0,-0.5999999999999659,270.62677799999994
6339600.0,685,iso13790,native,True,19.89999999999999,1504.1034282550481,0.0,-0.5999999999999659,588.875256
6343200.0,685,iso13790,native,True,19.899999999999984,1254.6484857405326,0.0,0.6000000000000227,853.183314
6346800.0,685,iso13790,native,True,19.9,950.9433903053086,0.0,2.8000000000000114,1047.368826
6350400.0,685,iso13790,native,True,19.9,556.7850011736687,0.0,4.400000000000034,1706.2968325669983
6354000.0,685,iso13790,native,True,19.900000000000002,320.3885785297283,0.0,4.400000000000034,1345.0718911280494
6357600.0,685,iso13790,native,True,19.900000000000002,264.34146181571845,0.0,5.600000000000023,1062.5620138542627
6361200.0,685,iso13790,native,True,19.899999999999995,78.16254590040961,0.0,5.600000000000023,2026.4606292970902
6364800.0,685,iso13790,native,True,20.1,0.0,88.64028241352528,6.7000000000000455,1653.9681748645685
6368400.0,685,iso13790,native,True,20.1,0.0,0.2617462783736703,5.0,1221.7739898653929
6372000.0,685,iso13790,native,True,19.899999999999995,146.56465206609505,0.0,3.900000000000034,1055.4971786048914
6375600.0,685,iso13790,native,True,19.9,619.6253547424814,0.0,1.7000000000000455,-88.7769429986514
6379200.0,685,iso13790,native,True,19.900000000000002,1097.3344577291564,0.0,0.6000000000000227,-101.56212000000002
6382800.0,685,iso13790,native,True,19.899999999999995,1348.706511226663,0.0,0.6000000000000227,-101.56212000000002
6386400.0,685,iso13790,native,True,19.899999999999988,1548.650237210668,0.0,-1.099999999999966,-101.56212000000002
6390000.0,685,iso13790,native,True,19.9,1679.9494438231284,0.0,-1.6999999999999886,-101.56212000000002
6393600.0,685,iso13790,native,True,19.899999999999995,1769.5668292181795,0.0,-2.1999999999999886,-101.56212000000002
6397200.0,685,iso13790,native,True,19.900000000000002,1841.5263162398421,0.0,-2.7999999999999545,-101.56212000000002
6400800.0,685,iso13790,native,True,19.900000000000002,1879.8917295376427,0.0,-2.7999999999999545,-101.56212000000002
6404400.0,685,iso13790,native,True,19.899999999999988,1899.7537331775743,0.0,-2.7999999999999545,-101.56212000000002
6408000.0,685,iso13790,native,True,19.9,1885.3986773481968,0.0,-2.1999999999999886,-101.56212000000002
6411600.0,685,iso13790,native,True,19.9,1876.8554221785093,0.0,-2.1999999999999886,-101.56212000000002
6415200.0,685,iso13790,native,True,19.9,1872.4325279440568,0.0,-2.1999999999999886,-101.56212000000002
6418800.0,685,iso13790,native,True,19.900000000000016,1858.972747850715,0.0,-2.1999999999999886,-47.62170000000001
6422400.0,685,iso13790,native,True,19.900000000000002,1807.7324641784805,0.0,-2.1999999999999886,124.98764399999999
6426000.0,685,iso13790,native,True,19.900000000000002,1680.8848962244413,0.0,-1.6999999999999886,378.5076179999999
6429600.0,685,iso13790,native,True,19.90000000000001,1500.421395182852,0.0,-1.099999999999966,615.845466
6433200.0,685,iso13790,native,True,19.899999999999995,1227.064526649375,0.0,0.6000000000000227,961.064154
6436800.0,685,iso13790,native,True,19.899999999999995,983.8288978328369,0.0,1.1000000000000227,1074.339036
6440400.0,685,iso13790,native,True,19.9,812.1975098690632,0.0,1.7000000000000455,1085.1271199999999
6444000.0,685,iso13790,native,True,19.900000000000002,693.2286122564955,0.0,2.8000000000000114,998.8224479999999
6447600.0,685,iso13790,native,True,19.899999999999995,681.2227322724324,0.0,2.8000000000000114,815.4250199999999
6451200.0,685,iso13790,native,True,19.899999999999995,758.7355443402422,0.0,2.8000000000000114,551.116962
6454800.0,685,iso13790,native,True,19.9,764.0021508319452,0.0,3.3000000000000114,822.1128644157484
6458400.0,685,iso13790,native,True,19.900000000000002,878.7509656503689,0.0,2.2000000000000455,287.90590339004086
6462000.0,685,iso13790,native,True,19.900000000000002,1171.0052940456724,0.0,0.6000000000000227,-101.56212000000002
6465600.0,685,iso13790,native,True,19.899999999999995,1436.121810778977,0.0,-0.5999999999999659,-101.56212000000002
6469200.0,685,iso13790,native,True,19.900000000000002,1596.1287739977747,0.0,-1.099999999999966,-101.56212000000002
6472800.0,685,iso13790,native,True,19.900000000000006,1704.5293659306883,0.0,-1.6999999999999886,-101.56212000000002
6476400.0,685,iso13790,native,True,19.89999999999999,1806.929735480725,0.0,-2.7999999999999545,-101.56212000000002
6480000.0,685,iso13790,native,True,19.899999999999995,1861.9808730160923,0.0,-2.7999999999999545,-101.56212000000002
6483600.0,685,iso13790,native,True,19.899999999999995,1890.4811757659304,0.0,-2.7999999999999545,-101.56212000000002
6487200.0,685,iso13790,native,True,19.90000000000001,1925.7673975454732,0.0,-3.2999999999999545,-101.56212000000002
6490800.0,685,iso13790,native,True,19.90000000000001,1990.1307614158516,0.0,-4.399999999999977,-101.56212000000002
6494400.0,685,iso13790,native,True,19.899999999999988,2074.7653814156993,0.0,-5.599999999999966,-101.56212000000002
6498000.0,685,iso13790,native,True,19.900000000000002,2071.528876269348,0.0,-4.399999999999977,-101.56212000000002
6501600.0,685,iso13790,native,True,19.9,2137.4371165062016,0.0,-6.099999999999966,-101.56212000000002
6505200.0,685,iso13790,native,True,19.90000000000001,2053.187726785205,0.0,-3.8999999999999773,49.01458718305039
6508800.0,685,iso13790,native,True,19.899999999999988,1718.9133773155147,0.0,1.7000000000000455,207.52183072170504
6512400.0,685,iso13790,native,True,19.89999999999999,1253.4296096829858,0.0,7.2000000000000455,357.9339082813377
6516000.0,685,iso13790,native,True,19.9,867.5256768657624,0.0,9.400000000000034,457.4716737101479
6519600.0,685,iso13790,native,True,19.899999999999995,588.7764365102192,0.0,10.600000000000023,505.1647797088931
6523200.0,685,iso13790,native,True,19.900000000000002,375.8430569168242,0.0,11.700000000000045,571.2773386878974
6526800.0,685,iso13790,native,True,19.899999999999995,195.7144817434666,0.0,13.300000000000011,531.2001501242219
6530400.0,685,iso13790,native,True,19.9,106.1233503690388,0.0,13.300000000000011,529.7976204606119
6534000.0,685,iso13790,native,True,20.1,0.0,175.5879743480908,13.300000000000011,1908.7783225810938
6537600.0,685,iso13790,native,True,20.100000000000012,0.0,684.819282389962,13.300000000000011,2410.728081748024
6541200.0,685,iso13790,native,True,20.100000000000005,0.0,810.7320274873668,12.200000000000045,1580.575160144234
6544800.0,685,iso13790,native,True,20.100000000000012,0.0,854.9479331014529,10.0,2559.197966868875
6548400.0,685,iso13790,native,True,20.1,0.0,429.87485082592667,8.300000000000011,5.594569082714898
6552000.0,685,iso13790,native,True,19.900000000000002,214.41352483238032,0.0,7.2000000000000455,-101.56212000000002
6555600.0,685,iso13790,native,True,19.9,674.0714949596544,0.0,5.600000000000023,-101.56212000000002
6559200.0,685,iso13790,native,True,19.9,1009.4479699826504,0.0,3.3000000000000114,-101.56212000000002
6562800.0,685,iso13790,native,True,19.9,1253.0359663955646,0.0,1.7000000000000455,-101.56212000000002
6566400.0,685,iso13790,native,True,19.89999999999999,1406.7448130151417,0.0,1.1000000000000227,-101.56212000000002
6570000.0,685,iso13790,native,True,19.900000000000002,1577.7707152240444,0.0,-1.099999999999966,-101.56212000000002
6573600.0,685,iso13790,native,True,19.899999999999995,1670.38755548234,0.0,-1.099999999999966,-101.56212000000002
6577200.0,685,iso13790,native,True,19.899999999999988,1763.5050254893058,0.0,-2.1999999999999886,-101.56212000000002
6580800.0,685,iso13790,native,True,19.899999999999995,1768.5811719209848,0.0,-1.099999999999966,-101.56212000000002
6584400.0,685,iso13790,native,True,19.90000000000001,1793.8090024793362,0.0,-1.6999999999999886,-101.56212000000002
6588000.0,685,iso13790,native,True,19.900000000000002,1807.9811580746898,0.0,-1.6999999999999886,-101.56212000000002
6591600.0,685,iso13790,native,True,19.9,1687.1204818348765,0.0,0.6000000000000227,61.4324784944026
6595200.0,685,iso13790,native,True,19.899999999999995,1308.478836116042,0.0,6.7000000000000455,233.13957681534038
6598800.0,685,iso13790,native,True,19.900000000000002,817.1382634074866,0.0,12.200000000000045,382.94507811913587
6602400.0,685,iso13790,native,True,19.9,459.19348624701706,0.0,13.300000000000011,501.4112128863025
6606000.0,685,iso13790,native,True,19.9,172.81030268309073,0.0,14.400000000000034,671.0863334353069
6609600.0,685,iso13790,native,True,20.100000000000005,0.0,9.193546490477921,16.100000000000023,599.0381071042144
6613200.0,685,iso13790,native,True,20.10000000000001,0.0,182.20058005939387,17.200000000000045,601.1087831027821
6616800.0,685,iso13790,native,True,20.1,0.0,296.3727269524951,17.200000000000045,708.507202923794
6620400.0,685,iso13790,native,True,20.1,0.0,601.75718966081,16.100000000000023,2033.9144554721856
6624000.0,685,iso13790,native,True,20.100000000000016,0.0,1161.6985123127217,15.0,3190.475295521253
6627600.0,685,iso13790,native,True,20.099999999999962,0.0,1722.7037686304418,14.400000000000034,3745.5392220630656
6631200.0,685,iso13790,native,True,20.09999999999999,0.0,1806.5735859705712,12.800000000000011,2646.88722156844
6634800.0,685,iso13790,native,True,20.100000000000016,0.0,962.1789923623775,8.900000000000034,-13.947846068391655
6638400.0,685,iso13790,native,True,20.05458761598325,0.0,0.0,6.7000000000000455,-101.56212000000002
6642000.0,685,iso13790,native,True,19.900000000000002,531.9748765747433,0.0,5.600000000000023,-101.56212000000002
6645600.0,685,iso13790,native,True,19.899999999999995,841.4390557534824,0.0,5.600000000000023,-101.56212000000002
6649200.0,685,iso13790,native,True,19.899999999999984,1050.9259774162867,0.0,4.400000000000034,-101.56212000000002
6652800.0,685,iso13790,native,True,19.900000000000002,1161.6017221644074,0.0,4.400000000000034,-101.56212000000002
6656400.0,685,iso13790,native,True,19.900000000000002,1194.2614825822986,0.0,5.0,-101.56212000000002
6660000.0,685,iso13790,native,True,19.899999999999988,1185.4203448672802,0.0,5.600000000000023,-101.56212000000002
6663600.0,685,iso13790,native,True,19.89999999999999,1204.3694118021547,0.0,5.0,-101.56212000000002
6667200.0,685,iso13790,native,True,19.9,1239.928747722852,0.0,4.400000000000034,-101.56212000000002
6670800.0,685,iso13790,native,True,19.899999999999995,1325.1502087178617,0.0,2.8000000000000114,-101.56212000000002
6674400.0,685,iso13790,native,True,19.899999999999995,1417.4031987491278,0.0,1.7000000000000455,-101.56212000000002
6678000.0,685,iso13790,native,True,19.899999999999988,1478.3507097185548,0.0,0.6000000000000227,62.71896404374258
6681600.0,685,iso13790,native,True,19.899999999999995,1322.7254615619877,0.0,3.3000000000000114,315.6313056379199
6685200.0,685,iso13790,native,True,19.9,1018.776328660604,0.0,6.7000000000000455,502.8994139362146
6688800.0,685,iso13790,native,True,19.9,655.0986685461643,0.0,10.0,671.4705817808303
6692400.0,685,iso13790,native,True,19.9,349.0969446286219,0.0,11.700000000000045,744.6399534466384
6696000.0,685,iso13790,native,True,19.900000000000002,96.65294269481275,0.0,13.300000000000011,810.348304807422
6699600.0,685,iso13790,native,True,20.099999999999998,0.0,38.87371214588958,14.400000000000034,792.5878744401133
6703200.0,685,iso13790,native,True,20.1,0.0,154.5048195053295,15.0,696.8496870315239
6706800.0,685,iso13790,native,True,20.1,0.0,461.9694909157485,15.600000000000023,1841.2764270002117
6710400.0,685,iso13790,native,True,20.1,0.0,905.4301280617134,14.400000000000034,2572.941920760761
6714000.0,685,iso13790,native,True,20.100000000000005,0.0,1038.7813992566971,11.700000000000045,2095.7622758316274
6717600.0,685,iso13790,native,True,20.100000000000016,0.0,852.1630462832294,11.700000000000045,1249.6634448375921
6721200.0,685,iso13790,native,True,20.1,0.0,248.81007143159385,9.400000000000034,-95.349477995375
6724800.0,685,iso13790,native,True,19.9,252.26637923359277,0.0,8.900000000000034,-101.56212000000002
6728400.0,685,iso13790,native,True,19.899999999999995,555.011196572444,0.0,8.900000000000034,-101.56212000000002
6732000.0,685,iso13790,native,True,19.9,711.7439969538834,0.0,8.900000000000034,-101.56212000000002
6735600.0,685,iso13790,native,True,19.9,792.8855039541949,0.0,8.900000000000034,-101.56212000000002
6739200.0,685,iso13790,native,True,19.9,880.0621253856393,0.0,7.800000000000011,-101.56212000000002
6742800.0,685,iso13790,native,True,19.899999999999988,882.0626590221261,0.0,8.900000000000034,-101.56212000000002
6746400.0,685,iso13790,native,True,19.89999999999999,860.5290479053746,0.0,9.400000000000034,-101.56212000000002
6750000.0,685,iso13790,native,True,19.9,868.9861160846518,0.0,8.900000000000034,-101.56212000000002
6753600.0,685,iso13790,native,True,19.89999999999999,874.2906883134452,0.0,8.900000000000034,-101.56212000000002
6757200.0,685,iso13790,native,True,19.89999999999999,877.0368970431373,0.0,8.900000000000034,-101.56212000000002
6760800.0,685,iso13790,native,True,19.9,903.0963594663534,0.0,8.300000000000011,-101.56212000000002
6764400.0,685,iso13790,native,True,19.899999999999995,885.1198368314248,0.0,8.300000000000011,55.76405739084657
6768000.0,685,iso13790,native,True,19.899999999999995,759.1380384725801,0.0,8.900000000000034,380.102140181488
6771600.0,685,iso13790,native,True,19.9,462.5674456494421,0.0,11.100000000000023,808.0566913950508
6775200.0,685,iso13790,native,True,19.900000000000002,175.87346888061523,0.0,11.100000000000023,1104.6660231753294
6778800.0,685,iso13790,native,True,20.1,0.0,55.12481807195539,13.300000000000011,1082.2196460550192
6782400.0,685,iso13790,native,True,20.1,0.0,174.34072084247785,13.300000000000011,877.8247547075738
6786000.0,685,iso13790,native,True,20.099999999999998,0.0,242.94748412739176,14.400000000000034,849.0134414079773
6789600.0,685,iso13790,native,True,20.10000000000001,0.0,245.4060425568962,14.400000000000034,701.5234015787531
6793200.0,685,iso13790,native,True,20.100000000000012,0.0,459.7407246150336,13.900000000000034,1942.1582459649792
6796800.0,685,iso13790,native,True,20.100000000000005,0.0,1028.0536508390817,13.900000000000034,3208.002277626801
6800400.0,685,iso13790,native,True,20.100000000000037,0.0,1585.040124355818,12.200000000000045,3847.5781053350283
6804000.0,685,iso13790,native,True,20.09999999999998,0.0,1755.3362985729234,11.100000000000023,3022.5002928367194
6807600.0,685,iso13790,native,True,20.099999999999994,0.0,1012.0557866789516,8.900000000000034,83.44144344265885
6811200.0,685,iso13790,native,True,20.100000000000005,0.0,75.03281980703449,7.800000000000011,-101.56212000000002
6814800.0,685,iso13790,native,True,19.900000000000002,461.1543651287195,0.0,6.100000000000023,-101.56212000000002
6818400.0,685,iso13790,native,True,19.899999999999988,803.8485564176801,0.0,5.600000000000023,-101.56212000000002
6822000.0,685,iso13790,native,True,19.899999999999995,1076.6343299222985,0.0,3.3000000000000114,-101.56212000000002
6825600.0,685,iso13790,native,True,19.899999999999995,1242.6495677149362,0.0,2.8000000000000114,-101.56212000000002
6829200.0,685,iso13790,native,True,19.900000000000002,1419.8613026434946,0.0,0.6000000000000227,-101.56212000000002
6832800.0,685,iso13790,native,True,19.90000000000001,1564.9560529705782,0.0,-0.5999999999999659,-101.56212000000002
6836400.0,685,iso13790,native,True,19.899999999999995,1662.8270307712612,0.0,-1.099999999999966,-101.56212000000002
6840000.0,685,iso13790,native,True,19.900000000000002,1714.4217181247432,0.0,-1.099999999999966,-101.56212000000002
6843600.0,685,iso13790,native,True,19.899999999999995,1695.9634174094524,0.0,0.0,-101.56212000000002
6847200.0,685,iso13790,native,True,19.900000000000013,1684.3695903374978,0.0,0.0,-101.56212000000002
6850800.0,685,iso13790,native,True,19.899999999999995,1635.3142940134596,0.0,0.0,106.3428050462108
6854400.0,685,iso13790,native,True,19.899999999999995,1344.2396425098093,0.0,5.0,239.11282891384184
6858000.0,685,iso13790,native,True,19.900000000000002,1012.0977846263783,0.0,7.800000000000011,414.0238448024523
6861600.0,685,iso13790,native,True,19.899999999999995,607.4882746646593,0.0,10.0,942.6995339414693
6865200.0,685,iso13790,native,True,19.899999999999995,263.78571984956255,0.0,11.700000000000045,830.5079596709445
6868800.0,685,iso13790,native,True,19.9,0.25222351120462017,0.0,12.200000000000045,1215.156588137534
6872400.0,685,iso13790,native,True,20.10000000000001,0.0,298.26532369412456,13.900000000000034,1604.1230561423822
6876000.0,685,iso13790,native,True,20.10000000000001,0.0,386.06790946455396,12.200000000000045,1106.703288
6879600.0,685,iso13790,native,True,20.100000000000005,0.0,293.45659862161165,11.700000000000045,934.093944
6883200.0,685,iso13790,native,True,20.100000000000005,0.0,119.62697149810327,10.600000000000023,680.5739699999999
6886800.0,685,iso13790,native,True,19.9,49.6658815198731,0.0,10.0,378.5076179999999
6890400.0,685,iso13790,native,True,19.9,134.27910122020484,0.0,9.400000000000034,948.1543424345607
6894000.0,685,iso13790,native,True,19.899999999999995,321.9716552066024,0.0,8.900000000000034,-77.07969903670272
6897600.0,685,iso13790,native,True,19.900000000000002,657.0342638802819,0.0,7.2000000000000455,-101.56212000000002
6901200.0,685,iso13790,native,True,19.899999999999988,882.6874507587139,0.0,6.100000000000023,-101.56212000000002
6904800.0,685,iso13790,native,True,19.899999999999995,1022.0787528747554,0.0,5.600000000000023,-101.56212000000002
6908400.0,685,iso13790,native,True,19.90000000000001,1164.9756724660654,0.0,3.900000000000034,-101.56212000000002
6912000.0,685,iso13790,native,True,19.900000000000002,1311.910585198991,0.0,2.2000000000000455,-101.56212000000002
6915600.0,685,iso13790,native,True,19.9,1366.4913450246327,0.0,2.8000000000000114,-101.56212000000002
6919200.0,685,iso13790,native,True,19.899999999999988,1393.6365734074063,0.0,2.8000000000000114,-101.56212000000002
6922800.0,685,iso13790,native,True,19.900000000000002,1407.6898202930993,0.0,2.8000000000000114,-101.56212000000002
6926400.0,685,iso13790,native,True,19.89999999999998,1505.30362727058,0.0,0.6000000000000227,-101.56212000000002
6930000.0,685,iso13790,native,True,19.899999999999995,1559.9145873006826,0.0,0.6000000000000227,-101.56212000000002
6933600.0,685,iso13790,native,True,19.899999999999995,1543.017828967771,0.0,1.7000000000000455,-101.56212000000002
6937200.0,685,iso13790,native,True,19.900000000000002,1480.2707984078052,0.0,2.2000000000000455,50.21530097313408
6940800.0,685,iso13790,native,True,19.90000000000001,1277.0829723139182,0.0,3.900000000000034,417.0964709931769
6944400.0,685,iso13790,native,True,19.899999999999995,978.5089676315746,0.0,5.600000000000023,718.5346481090819
6948000.0,685,iso13790,native,True,19.900000000000002,662.1419525721199,0.0,6.7000000000000455,1036.3689382074126
6951600.0,685,iso13790,native,True,19.899999999999995,211.5836191365816,0.0,9.400000000000034,1633.3140461896298
6955200.0,685,iso13790,native,True,20.1,0.0,153.92806381267852,8.900000000000034,2132.7144079151067
6958800.0,685,iso13790,native,True,20.1,0.0,364.57296832556233,10.0,1441.162713957916
6962400.0,685,iso13790,native,True,20.09999999999999,0.0,374.59761410353303,11.700000000000045,1143.9955871866873
6966000.0,685,iso13790,native,True,20.099999999999994,0.0,477.77013111967494,10.600000000000023,2046.9513440160067
6969600.0,685,iso13790,native,True,20.1,0.0,659.8079417063122,10.0,2107.5201019267497
6973200.0,685,iso13790,native,True,20.1,0.0,576.6270152158767,9.400000000000034,1328.839964934193
6976800.0,685,iso13790,native,True,20.10000000000001,0.0,325.1354235296932,8.300000000000011,1140.3246807423664
6980400.0,685,iso13790,native,True,19.9,76.65804464544442,0.0,7.2000000000000455,-40.82097699833307
6984000.0,685,iso13790,native,True,19.9,547.9822769167195,0.0,6.7000000000000455,-101.56212000000002
6987600.0,685,iso13790,native,True,19.900000000000002,802.5191494407486,0.0,6.7000000000000455,-101.56212000000002
6991200.0,685,iso13790,native,True,19.9,958.9321425809457,0.0,6.100000000000023,-101.56212000000002
6994800.0,685,iso13790,native,True,19.900000000000002,1061.5510852785262,0.0,5.600000000000023,-101.56212000000002
6998400.0,685,iso13790,native,True,19.899999999999995,1115.6038224210781,0.0,5.600000000000023,-101.56212000000002
7002000.0,685,iso13790,native,True,19.9,1143.587247323618,0.0,5.600000000000023,-101.56212000000002
7005600.0,685,iso13790,native,True,19.899999999999995,1182.7121673139357,0.0,5.0,-101.56212000000002
7009200.0,685,iso13790,native,True,19.90000000000001,1228.7166628818293,0.0,4.400000000000034,-101.56212000000002
7012800.0,685,iso13790,native,True,19.900000000000016,1319.3456454203183,0.0,2.8000000000000114,-101.56212000000002
7016400.0,685,iso13790,native,True,19.899999999999995,1414.398141656447,0.0,1.7000000000000455,-101.56212000000002
7020000.0,685,iso13790,native,True,19.899999999999984,1490.2829750440928,0.0,1.1000000000000227,-101.56212000000002
7023600.0,685,iso13790,native,True,19.899999999999995,1463.425136853881,0.0,1.7000000000000455,104.24019602263532
7027200.0,685,iso13790,native,True,19.89999999999999,1174.3673432411622,0.0,5.600000000000023,497.1258999559727
7030800.0,685,iso13790,native,True,19.89999999999999,734.2683106930634,0.0,8.900000000000034,910.5106169922618
7034400.0,685,iso13790,native,True,19.9,334.7953854089563,0.0,10.0,1176.0686897632793
7038000.0,685,iso13790,native,True,19.89999999999999,46.33500424681205,0.0,11.700000000000045,1020.6763092653632
7041600.0,685,iso13790,native,True,20.099999999999998,0.0,117.4720882569221,12.800000000000011,1217.3511793541525
7045200.0,685,iso13790,native,True,20.100000000000005,0.0,319.1398826873713,14.400000000000034,1104.3758481581774
7048800.0,685,iso13790,native,True,20.099999999999998,0.0,490.1958757378079,15.0,1379.2007525755187
7052400.0,685,iso13790,native,True,20.10000000000001,0.0,786.8470076198367,14.400000000000034,2287.883326458529
7056000.0,685,iso13790,native,True,20.1,0.0,1124.329853741282,15.600000000000023,2249.626322502723
7059600.0,685,iso13790,native,True,20.099999999999994,0.0,1281.6027019734674,14.400000000000034,2421.814087783366
7063200.0,685,iso13790,native,True,20.1,0.0,867.9788662209647,12.800000000000011,227.77039013120836
7066800.0,685,iso13790,native,True,20.1,0.0,190.63220477124165,11.700000000000045,-101.56212000000002
7070400.0,685,iso13790,native,True,19.899999999999995,209.29974919472667,0.0,10.600000000000023,-101.56212000000002
7074000.0,685,iso13790,native,True,19.899999999999995,554.2554377516926,0.0,8.300000000000011,-101.56212000000002
7077600.0,685,iso13790,native,True,19.899999999999995,782.2712054330548,0.0,7.2000000000000455,-101.56212000000002
7081200.0,685,iso13790,native,True,19.900000000000002,992.6925420618952,0.0,5.0,-101.56212000000002
7084800.0,685,iso13790,native,True,19.899999999999995,1241.212169724498,0.0,1.7000000000000455,-101.56212000000002
7088400.0,685,iso13790,native,True,19.89999999999999,1355.4543842902497,0.0,2.2000000000000455,-101.56212000000002
7092000.0,685,iso13790,native,True,19.899999999999995,1413.671963682295,0.0,2.2000000000000455,-101.56212000000002
7095600.0,685,iso13790,native,True,19.899999999999995,1509.5121756544252,0.0,0.6000000000000227,-101.56212000000002
7099200.0,685,iso13790,native,True,19.899999999999988,1471.7550208210014,0.0,2.8000000000000114,-101.56212000000002
7102800.0,685,iso13790,native,True,19.899999999999995,1493.3013857182623,0.0,1.7000000000000455,-101.56212000000002
7106400.0,685,iso13790,native,True,19.899999999999988,1530.754073702122,0.0,1.1000000000000227,-99.73876285549741
7110000.0,685,iso13790,native,True,19.899999999999995,1461.8417770341687,0.0,2.2000000000000455,112.52571309824748
7113600.0,685,iso13790,native,True,19.899999999999995,1087.185399301541,0.0,8.900000000000034,249.0026225065414
7117200.0,685,iso13790,native,True,19.899999999999995,670.273176038936,0.0,12.800000000000011,388.15442390200997
7120800.0,685,iso13790,native,True,19.899999999999995,313.0255861780061,0.0,15.0,493.6504596235078
7124400.0,685,iso13790,native,True,19.986572527403656,0.0,0.0,17.80000000000001,561.2216006710398
7128000.0,685,iso13790,native,True,20.1,0.0,217.49868924282129,18.900000000000034,584.5664170888467
7131600.0,685,iso13790,native,True,20.10000000000001,0.0,401.3815188531453,20.0,569.5498171199779
7135200.0,685,iso13790,native,True,20.1,0.0,509.9849438732123,20.600000000000023,516.9361771295394
7138800.0,685,iso13790,native,True,20.100000000000023,0.0,808.6883013423019,20.600000000000023,1722.6756287775418
7142400.0,685,iso13790,native,True,20.100000000000033,0.0,1392.2133759287776,20.600000000000023,2873.224827596599
7146000.0,685,iso13790,native,True,20.1,0.0,1567.683365696728,18.900000000000034,1720.4381232300416
7149600.0,685,iso13790,native,True,20.100000000000012,0.0,1234.9015673567674,18.30000000000001,689.0511100096144
7153200.0,685,iso13790,native,True,20.10000000000001,0.0,655.4091388553552,16.100000000000023,-48.3260458536844
7156800.0,685,iso13790,native,True,20.100000000000005,0.0,88.21534729384392,12.800000000000011,-101.56212000000002
7160400.0,685,iso13790,native,True,19.900000000000002,215.11453500758958,0.0,11.700000000000045,-101.56212000000002
7164000.0,685,iso13790,native,True,19.9,460.78328649291643,0.0,10.600000000000023,-101.56212000000002
7167600.0,685,iso13790,native,True,19.899999999999995,639.2807886881317,0.0,9.400000000000034,-101.56212000000002
7171200.0,685,iso13790,native,True,19.9,754.4445706621743,0.0,8.900000000000034,-101.56212000000002
7174800.0,685,iso13790,native,True,19.899999999999995,884.7987583529616,0.0,7.2000000000000455,-101.56212000000002
7178400.0,685,iso13790,native,True,19.9,975.9647563382566,0.0,6.7000000000000455,-101.56212000000002
7182000.0,685,iso13790,native,True,19.9,1048.725969348519,0.0,6.100000000000023,-101.56212000000002
7185600.0,685,iso13790,native,True,19.900000000000002,1108.0378857792134,0.0,5.600000000000023,-101.56212000000002
7189200.0,685,iso13790,native,True,19.9,1119.1388719295396,0.0,6.100000000000023,-101.56212000000002
7192800.0,685,iso13790,native,True,19.900000000000002,1213.6473764228972,0.0,3.900000000000034,-98.42034063245345
7196400.0,685,iso13790,native,True,19.899999999999995,1201.4527365853073,0.0,4.400000000000034,114.87717595150144
7200000.0,685,iso13790,native,True,19.900000000000006,861.963032139539,0.0,10.600000000000023,327.0543900408751
7203600.0,685,iso13790,native,True,19.9,481.4949060976384,0.0,11.700000000000045,880.0353023958339
7207200.0,685,iso13790,native,True,19.900000000000002,35.530360755243336,0.0,15.0,996.0382761558694
7210800.0,685,iso13790,native,True,20.10000000000001,0.0,302.4426353526795,18.30000000000001,982.2387494611664
7214400.0,685,iso13790,native,True,20.10000000000001,0.0,663.3026380998095,20.0,1323.7701649098526
7218000.0,685,iso13790,native,True,20.10000000000001,0.0,946.0229786157879,21.100000000000023,1292.7971570337922
7221600.0,685,iso13790,native,True,20.10000000000001,0.0,1269.2118236811318,20.0,2378.610463712214
7225200.0,685,iso13790,native,True,20.100000000000012,0.0,1449.7741228764598,21.100000000000023,1405.3019332398865
7228800.0,685,iso13790,native,True,20.099999999999994,0.0,1241.9985714350905,20.0,901.9144177761113
7232400.0,685,iso13790,native,True,20.099999999999994,0.0,1125.4733208169434,18.900000000000034,1470.9400442032577
7236000.0,685,iso13790,native,True,20.100000000000016,0.0,875.3863049817991,17.200000000000045,467.0819569524057
7239600.0,685,iso13790,native,True,20.1,0.0,418.9163318344865,15.600000000000023,-13.107301210987622
7243200.0,685,iso13790,native,True,19.981715229792954,0.0,0.0,12.800000000000011,-101.56212000000002
7246800.0,685,iso13790,native,True,19.899999999999995,264.7530425156419,0.0,12.200000000000045,-101.56212000000002
7250400.0,685,iso13790,native,True,19.9,485.5551408311708,0.0,10.600000000000023,-101.56212000000002
7254000.0,685,iso13790,native,True,19.9,602.8298581348638,0.0,10.600000000000023,-101.56212000000002
7257600.0,685,iso13790,native,True,19.900000000000002,823.6889492591026,0.0,6.7000000000000455,-101.56212000000002
7261200.0,685,iso13790,native,True,19.899999999999995,879.553517286892,0.0,8.300000000000011,-101.56212000000002
7264800.0,685,iso13790,native,True,19.900000000000002,811.0661397388654,0.0,10.600000000000023,-101.56212000000002
7268400.0,685,iso13790,native,True,19.9,795.9865804675851,0.0,10.0,-101.56212000000002
7272000.0,685,iso13790,native,True,19.900000000000002,813.9290933314745,0.0,9.400000000000034,-101.56212000000002
7275600.0,685,iso13790,native,True,19.899999999999995,844.8610412370738,0.0,8.900000000000034,-101.56212000000002
7279200.0,685,iso13790,native,True,19.900000000000002,906.697720368194,0.0,7.800000000000011,-100.24644398369236
7282800.0,685,iso13790,native,True,19.900000000000006,871.3457622077616,0.0,8.300000000000011,134.75165556527566
7286400.0,685,iso13790,native,True,19.900000000000002,684.9995491896436,0.0,10.600000000000023,306.27913368727985
7290000.0,685,iso13790,native,True,19.899999999999995,370.86242907845684,0.0,12.800000000000011,769.608919477559
7293600.0,685,iso13790,native,True,19.900000000000002,85.45977316686869,0.0,14.400000000000034,671.7871330532762
7297200.0,685,iso13790,native,True,20.099999999999998,0.0,21.356044936869537,15.0,656.9816422740963
7300800.0,685,iso13790,native,True,20.099999999999994,0.0,266.741043275477,16.100000000000023,1162.6772070748375
7304400.0,685,iso13790,native,True,20.099999999999998,0.0,553.1984022117643,16.700000000000045,1417.6201723117174
7308000.0,685,iso13790,native,True,20.099999999999998,0.0,854.1378006397543,17.200000000000045,1855.5609920930056
7311600.0,685,iso13790,native,True,20.099999999999998,0.0,1036.5937528771528,17.200000000000045,1645.4635637208328
7315200.0,685,iso13790,native,True,20.10000000000001,0.0,776.975550494288,13.300000000000011,869.36544
7318800.0,685,iso13790,native,True,20.10000000000001,0.0,385.9963941366041,12.800000000000011,356.9314499999999
7322400.0,685,iso13790,native,True,19.900000000000002,2.3565687401658635,0.0,10.600000000000023,49.471055999999976
7326000.0,685,iso13790,native,True,19.900000000000002,378.0721192715781,0.0,9.400000000000034,-101.56212000000002
7329600.0,685,iso13790,native,True,19.899999999999995,643.853015935527,0.0,8.300000000000011,-101.56212000000002
7333200.0,685,iso13790,native,True,19.899999999999995,783.4872283107771,0.0,8.300000000000011,-101.56212000000002
7336800.0,685,iso13790,native,True,19.89999999999999,1036.4534083974133,0.0,3.900000000000034,-101.56212000000002
7340400.0,685,iso13790,native,True,19.9,1311.07446472171,0.0,0.6000000000000227,-101.56212000000002
7344000.0,685,iso13790,native,True,19.899999999999995,1459.3609896219004,0.0,0.6000000000000227,-101.56212000000002
7347600.0,685,iso13790,native,True,19.9,1536.129809351772,0.0,0.6000000000000227,-101.56212000000002
7351200.0,685,iso13790,native,True,19.90000000000001,1600.5112196635914,0.0,0.0,-101.56212000000002
7354800.0,685,iso13790,native,True,19.900000000000002,1634.9534173810891,0.0,0.0,-101.56212000000002
7358400.0,685,iso13790,native,True,19.899999999999995,1628.1466151204002,0.0,0.6000000000000227,-101.56212000000002
7362000.0,685,iso13790,native,True,19.9,1648.148869672079,0.0,0.0,-101.56212000000002
7365600.0,685,iso13790,native,True,19.900000000000002,1684.2534471132071,0.0,-0.5999999999999659,-101.56212000000002
7369200.0,685,iso13790,native,True,19.90000000000001,1664.9614848938925,0.0,-0.5999999999999659,87.22934999999998
7372800.0,685,iso13790,native,True,19.900000000000002,1456.9995555318974,0.0,0.0,780.140807005517
7376400.0,685,iso13790,native,True,19.899999999999995,1135.2565190508421,0.0,1.1000000000000227,1061.429788668607
7380000.0,685,iso13790,native,True,19.89999999999999,846.0208736860662,0.0,3.900000000000034,873.9738204606044
7383600.0,685,iso13790,native,True,19.9,548.4498157441553,0.0,8.900000000000034,714.4572995422302
7387200.0,685,iso13790,native,True,19.899999999999995,446.20710251447565,0.0,8.900000000000034,541.3125716802085
7390800.0,685,iso13790,native,True,19.900000000000006,369.83397909299674,0.0,10.0,568.5799471269031
7394400.0,685,iso13790,native,True,19.900000000000006,286.31572767974177,0.0,8.900000000000034,968.4228945673951
7398000.0,685,iso13790,native,True,20.060663799991836,0.0,0.0,11.100000000000023,1604.5769337533538
7401600.0,685,iso13790,native,True,20.100000000000005,0.0,396.0661274633585,9.400000000000034,2519.926404228384
7405200.0,685,iso13790,native,True,20.099999999999998,0.0,709.9758312638271,8.900000000000034,2421.799683251818
7408800.0,685,iso13790,native,True,20.099999999999998,0.0,923.6094861477768,8.900000000000034,2748.0536407041805
7412400.0,685,iso13790,native,True,20.09999999999999,0.0,481.4153999513986,6.7000000000000455,265.7557015771661
7416000.0,685,iso13790,native,True,19.9,215.2638473886545,0.0,5.600000000000023,-101.56212000000002
7419600.0,685,iso13790,native,True,19.900000000000013,747.2827763898699,0.0,3.900000000000034,-101.56212000000002
7423200.0,685,iso13790,native,True,19.900000000000002,1095.668477813277,0.0,2.2000000000000455,-101.56212000000002
7426800.0,685,iso13790,native,True,19.9,1234.0100695100837,0.0,3.3000000000000114,-101.56212000000002
7430400.0,685,iso13790,native,True,19.899999999999995,1348.7616619423509,0.0,2.2000000000000455,-101.56212000000002
7434000.0,685,iso13790,native,True,19.900000000000013,1475.9077247021978,0.0,0.6000000000000227,-101.56212000000002
7437600.0,685,iso13790,native,True,19.900000000000006,1593.9716204634744,0.0,-0.5999999999999659,-101.56212000000002
7441200.0,685,iso13790,native,True,19.900000000000002,1677.848563386727,0.0,-1.099999999999966,-101.56212000000002
7444800.0,685,iso13790,native,True,19.90000000000001,1722.1984552908427,0.0,-1.099999999999966,-101.56212000000002
7448400.0,685,iso13790,native,True,19.900000000000002,1745.1586592535264,0.0,-1.099999999999966,-101.56212000000002
7452000.0,685,iso13790,native,True,19.899999999999995,1801.4440888619195,0.0,-2.1999999999999886,-97.84191044706738
7455600.0,685,iso13790,native,True,19.900000000000002,1715.5009352532234,0.0,-0.5999999999999659,147.62526540058826
7459200.0,685,iso13790,native,True,19.900000000000006,1459.099406634954,0.0,2.8000000000000114,295.01603230755615
7462800.0,685,iso13790,native,True,19.899999999999995,1128.7231321766003,0.0,6.100000000000023,452.08888400267836
7466400.0,685,iso13790,native,True,19.899999999999995,832.9425011510814,0.0,7.800000000000011,567.9330279086846
7470000.0,685,iso13790,native,True,19.9,622.7295493335366,0.0,8.300000000000011,640.8016152299249
7473600.0,685,iso13790,native,True,19.899999999999995,470.8613097953595,0.0,8.900000000000034,669.5592312306651
7477200.0,685,iso13790,native,True,19.900000000000002,345.6593362834871,0.0,10.0,649.0433187142769
7480800.0,685,iso13790,native,True,19.899999999999995,318.45358063610223,0.0,9.400000000000034,592.2123470224296
7484400.0,685,iso13790,native,True,19.9,39.56783290816243,0.0,10.600000000000023,1681.7500553676082
7488000.0,685,iso13790,native,True,20.1,0.0,476.4077275128707,10.600000000000023,2875.1218908506394
7491600.0,685,iso13790,native,True,20.1,0.0,1066.7891324226105,10.0,3443.9667666275127
7495200.0,685,iso13790,native,True,20.099999999999994,0.0,1256.5047776795816,8.900000000000034,2673.3385374812146
7498800.0,685,iso13790,native,True,20.100000000000005,0.0,600.5659105256586,6.7000000000000455,65.93567608756095
7502400.0,685,iso13790,native,True,19.9,185.17056038486814,0.0,5.600000000000023,-101.56212000000002
7506000.0,685,iso13790,native,True,19.9,596.1957662692494,0.0,7.2000000000000455,-101.56212000000002
7509600.0,685,iso13790,native,True,19.900000000000002,920.9979094451859,0.0,4.400000000000034,-101.56212000000002
7513200.0,685,iso13790,native,True,19.900000000000006,1139.5063638097756,0.0,3.3000000000000114,-101.56212000000002
7516800.0,685,iso13790,native,True,19.900000000000002,1345.0057075426141,0.0,1.1000000000000227,-101.56212000000002
7520400.0,685,iso13790,native,True,19.900000000000002,1455.4696544048397,0.0,1.1000000000000227,-101.56212000000002
7524000.0,685,iso13790,native,True,19.899999999999988,1533.1889443509012,0.0,0.6000000000000227,-101.56212000000002
7527600.0,685,iso13790,native,True,19.89999999999999,1553.8195377265204,0.0,1.1000000000000227,-101.56212000000002
7531200.0,685,iso13790,native,True,19.9,1563.5738216397401,0.0,1.1000000000000227,-101.56212000000002
7534800.0,685,iso13790,native,True,19.900000000000013,1543.9859389294115,0.0,1.7000000000000455,-101.56212000000002
7538400.0,685,iso13790,native,True,19.899999999999995,1487.509148391895,0.0,2.8000000000000114,-101.29511748599731
7542000.0,685,iso13790,native,True,19.899999999999995,1406.2041962213937,0.0,2.8000000000000114,140.0914836700735
7545600.0,685,iso13790,native,True,19.90000000000001,1205.7171829633648,0.0,3.900000000000034,502.570584
7549200.0,685,iso13790,native,True,19.899999999999995,890.1128103127028,0.0,5.600000000000023,901.729692
7552800.0,685,iso13790,native,True,19.899999999999995,487.3319657375174,0.0,6.100000000000023,1638.6522992771474
7556400.0,685,iso13790,native,True,19.9,333.5200779937026,0.0,4.400000000000034,1144.461582
7560000.0,685,iso13790,native,True,19.899999999999995,315.06591293303245,0.0,4.400000000000034,1241.5543380000001
7563600.0,685,iso13790,native,True,19.900000000000002,508.32736258996965,0.0,1.1000000000000227,842.39523
7567200.0,685,iso13790,native,True,19.9,710.4192521878302,0.0,0.6000000000000227,783.060768
7570800.0,685,iso13790,native,True,19.900000000000002,717.2038312899942,0.0,2.2000000000000455,988.034364
7574400.0,685,iso13790,native,True,19.900000000000002,692.6755919647111,0.0,3.3000000000000114,734.51439
7578000.0,685,iso13790,native,True,19.89999999999999,741.6992161857107,0.0,2.2000000000000455,838.2947682490615
7581600.0,685,iso13790,native,True,19.899999999999995,855.786860749007,0.0,0.0,776.7760611049674
7585200.0,685,iso13790,native,True,19.899999999999995,1123.4321472298755,0.0,-0.5999999999999659,-44.844831228672334
7588800.0,685,iso13790,native,True,19.899999999999995,1425.2804361463807,0.0,-1.099999999999966,-101.56212000000002
7592400.0,685,iso13790,native,True,19.9,1616.0801608630677,0.0,-1.6999999999999886,-101.56212000000002
7596000.0,685,iso13790,native,True,19.899999999999988,1761.1390536661966,0.0,-2.7999999999999545,-101.56212000000002
7599600.0,685,iso13790,native,True,19.900000000000002,1838.2747635102353,0.0,-2.7999999999999545,-101.56212000000002
7603200.0,685,iso13790,native,True,19.899999999999995,1878.208381266385,0.0,-2.7999999999999545,-101.56212000000002
7606800.0,685,iso13790,native,True,19.899999999999988,1898.8822537220708,0.0,-2.7999999999999545,-101.56212000000002
7610400.0,685,iso13790,native,True,19.9,1884.947507228304,0.0,-2.1999999999999886,-101.56212000000002
7614000.0,685,iso13790,native,True,19.899999999999984,1901.2595824717596,0.0,-2.7999999999999545,-101.56212000000002
7617600.0,685,iso13790,native,True,19.900000000000002,1931.347443081854,0.0,-3.2999999999999545,-101.56212000000002
7621200.0,685,iso13790,native,True,19.9,1972.4881395229309,0.0,-3.8999999999999773,-101.56212000000002
7624800.0,685,iso13790,native,True,19.90000000000001,2012.8190101240225,0.0,-4.399999999999977,-88.95391850969047
7628400.0,685,iso13790,native,True,19.899999999999988,1917.5125235567477,0.0,-2.7999999999999545,149.68891170725885
7632000.0,685,iso13790,native,True,19.900000000000006,1715.2932029573788,0.0,-0.5999999999999659,255.18654020043195
7635600.0,685,iso13790,native,True,19.899999999999988,1467.6037757169056,0.0,1.7000000000000455,389.43223075144857
7639200.0,685,iso13790,native,True,19.900000000000002,1181.4610068212203,0.0,4.400000000000034,493.5336275738966
7642800.0,685,iso13790,native,True,19.899999999999988,859.5939837368104,0.0,7.800000000000011,554.6445261168645
7646400.0,685,iso13790,native,True,19.899999999999995,607.7418195233134,0.0,9.400000000000034,571.8290041977518
7650000.0,685,iso13790,native,True,19.9,405.0987743296915,0.0,11.100000000000023,556.2299501426819
7653600.0,685,iso13790,native,True,19.900000000000002,285.83533280908836,0.0,11.700000000000045,503.269923926003
7657200.0,685,iso13790,native,True,19.93164746015321,0.0,0.0,12.200000000000045,1559.5500232932052
7660800.0,685,iso13790,native,True,20.099999999999994,0.0,501.7517592675025,11.100000000000023,2846.7690536072105
7664400.0,685,iso13790,native,True,20.099999999999998,0.0,1149.9230195264327,11.100000000000023,3581.112566926195
7668000.0,685,iso13790,native,True,20.100000000000012,0.0,1463.909746856337,10.0,3134.3964529989303
7671600.0,685,iso13790,native,True,20.100000000000005,0.0,910.4906375976775,8.300000000000011,364.93972291618854
7675200.0,685,iso13790,native,True,20.08415681959377,0.0,0.0,6.100000000000023,-101.56212000000002
7678800.0,685,iso13790,native,True,19.9,576.2372280652509,0.0,4.400000000000034,-101.56212000000002
7682400.0,685,iso13790,native,True,19.9,961.0216996326468,0.0,3.3000000000000114,-101.56212000000002
7686000.0,685,iso13790,native,True,19.900000000000006,1182.796218402339,0.0,2.8000000000000114,-101.56212000000002
7689600.0,685,iso13790,native,True,19.90000000000001,1368.343421371101,0.0,1.1000000000000227,-101.56212000000002
7693200.0,685,iso13790,native,True,19.899999999999988,1488.0831730610828,0.0,0.6000000000000227,-101.56212000000002
7696800.0,685,iso13790,native,True,19.899999999999988,1550.9994552900987,0.0,0.6000000000000227,-101.56212000000002
7700400.0,685,iso13790,native,True,19.899999999999988,1563.040145630767,0.0,1.1000000000000227,-101.56212000000002
7704000.0,685,iso13790,native,True,19.900000000000002,1568.347385431041,0.0,1.1000000000000227,-101.56212000000002
7707600.0,685,iso13790,native,True,19.899999999999988,1591.6264199779002,0.0,0.6000000000000227,-101.56212000000002
7711200.0,685,iso13790,native,True,19.899999999999988,1604.325371134773,0.0,0.6000000000000227,-100.21461844861201
7714800.0,685,iso13790,native,True,19.900000000000002,1440.3128246648682,0.0,3.3000000000000114,187.1323884427867
7718400.0,685,iso13790,native,True,19.899999999999988,1098.9966960745305,0.0,7.2000000000000455,408.44161255841374
7722000.0,685,iso13790,native,True,19.900000000000002,697.5553925247182,0.0,10.600000000000023,615.6644846379984
7725600.0,685,iso13790,native,True,19.9,307.85811120689243,0.0,13.300000000000011,769.8944718515329
7729200.0,685,iso13790,native,True,20.049693637374386,0.0,0.0,15.600000000000023,865.0711199050462
7732800.0,685,iso13790,native,True,20.1,0.0,249.5280532394348,16.700000000000045,900.0491255633791
7736400.0,685,iso13790,native,True,20.1,0.0,439.068364031518,17.80000000000001,886.5331916854965
7740000.0,685,iso13790,native,True,20.1,0.0,545.1295327765498,18.30000000000001,826.1827854832999
7743600.0,685,iso13790,native,True,20.1,0.0,812.1885711447877,19.400000000000034,1674.1443220337346
7747200.0,685,iso13790,native,True,20.099999999999987,0.0,1291.3836979927366,19.400000000000034,2663.304839258621
7750800.0,685,iso13790,native,True,20.10000000000003,0.0,1714.627150325892,18.30000000000001,2972.0911249174615
7754400.0,685,iso13790,native,True,20.099999999999984,0.0,1698.453729902804,16.700000000000045,1927.233529470699
7758000.0,685,iso13790,native,True,20.09999999999999,0.0,1022.4454019341902,14.400000000000034,-28.689472467427883
7761600.0,685,iso13790,native,True,20.1,0.0,253.54961975868596,12.200000000000045,-101.56212000000002
7765200.0,685,iso13790,native,True,19.900000000000002,175.8007301046506,0.0,10.600000000000023,-101.56212000000002
7768800.0,685,iso13790,native,True,19.900000000000002,499.95619482340953,0.0,9.200000000000045,-101.56212000000002
7772400.0,685,iso13790,native,True,19.9,731.9613826878457,0.0,7.7000000000000455,-101.56212000000002
7776000.0,685,iso13790,native,True,19.90000000000001,912.3387923083651,0.0,6.300000000000011,-101.56212000000002
7779600.0,685,iso13790,native,True,19.900000000000002,1065.8029332308297,0.0,4.900000000000034,-101.56212000000002
7783200.0,685,iso13790,native,True,19.900000000000002,1205.3339141819963,0.0,3.5,-101.56212000000002
7786800.0,685,iso13790,native,True,19.900000000000002,1341.7579039462353,0.0,2.0,-101.56212000000002
7790400.0,685,iso13790,native,True,19.899999999999988,1472.6523563563246,0.0,0.6000000000000227,-101.56212000000002
7794000.0,685,iso13790,native,True,19.9,1567.6485630655013,0.0,0.0,-101.56212000000002
7797600.0,685,iso13790,native,True,19.9,1593.3024899959087,0.0,0.6000000000000227,-101.56212000000002
7801200.0,685,iso13790,native,True,19.900000000000002,1521.1760275686547,0.0,2.0,27.89488799999998
7804800.0,685,iso13790,native,True,19.899999999999988,1458.6364035953004,0.0,1.1000000000000227,216.68635799999998
7808400.0,685,iso13790,native,True,19.899999999999984,1342.1647846996857,0.0,1.7000000000000455,367.719534
7812000.0,685,iso13790,native,True,19.90000000000001,1232.3027086904729,0.0,1.7000000000000455,486.38845799999996
7815600.0,685,iso13790,native,True,19.899999999999988,1084.059701941799,0.0,1.7000000000000455,837.001188
7819200.0,685,iso13790,native,True,19.899999999999995,922.4139053262853,0.0,2.2000000000000455,880.153524
7822800.0,685,iso13790,native,True,19.899999999999995,874.5432910000023,0.0,2.2000000000000455,669.785886
7826400.0,685,iso13790,native,True,19.900000000000006,694.6579877227217,0.0,2.8000000000000114,1460.4142392986755
7830000.0,685,iso13790,native,True,19.899999999999995,664.8349464591628,0.0,2.8000000000000114,545.7229199999999
7833600.0,685,iso13790,native,True,19.900000000000002,829.7525944461566,0.0,2.8000000000000114,373.11357599999997
7837200.0,685,iso13790,native,True,19.899999999999995,1028.9193253886463,0.0,1.7000000000000455,173.53402199999996
7840800.0,685,iso13790,native,True,19.899999999999988,1245.4168563313513,0.0,0.6000000000000227,6.318719999999985
7844400.0,685,iso13790,native,True,19.900000000000002,1457.5891073389546,0.0,-0.5999999999999659,-101.56212000000002
7848000.0,685,iso13790,native,True,19.90000000000001,1607.242521661696,0.0,-1.099999999999966,-101.56212000000002
7851600.0,685,iso13790,native,True,19.900000000000006,1710.2830194842327,0.0,-1.6999999999999886,-101.56212000000002
7855200.0,685,iso13790,native,True,19.900000000000002,1809.9084362948265,0.0,-2.7999999999999545,-101.56212000000002
7858800.0,685,iso13790,native,True,19.899999999999995,1884.0544090202973,0.0,-3.2999999999999545,-101.56212000000002
7862400.0,685,iso13790,native,True,19.9,1948.004253284488,0.0,-3.8999999999999773,-101.56212000000002
7866000.0,685,iso13790,native,True,19.900000000000002,1986.3293156410714,0.0,-4.0,-101.56212000000002
7869600.0,685,iso13790,native,True,19.900000000000013,2006.3556888605258,0.0,-4.0,-101.56212000000002
7873200.0,685,iso13790,native,True,19.899999999999984,2033.1486177432903,0.0,-4.399999999999977,-101.56212000000002
7876800.0,685,iso13790,native,True,19.899999999999995,2072.3982488440515,0.0,-5.0,-101.56212000000002
7880400.0,685,iso13790,native,True,19.899999999999995,2093.8295743393896,0.0,-5.0,-101.56212000000002
7884000.0,685,iso13790,native,True,19.900000000000002,2129.5624333276605,0.0,-5.599999999999966,-101.56212000000002
7887600.0,685,iso13790,native,True,19.899999999999984,2114.2161626235957,0.0,-6.0,146.56381199999998
7891200.0,685,iso13790,native,True,19.9,1987.6255487886096,0.0,-5.0,335.35528199999993
7894800.0,685,iso13790,native,True,19.90000000000001,1836.708423545222,0.0,-4.399999999999977,475.600374
7898400.0,685,iso13790,native,True,19.900000000000002,1684.6028490493957,0.0,-3.8999999999999773,621.2395079999999
7902000.0,685,iso13790,native,True,19.900000000000002,1565.1499364857063,0.0,-3.8999999999999773,702.150138
7905600.0,685,iso13790,native,True,19.900000000000002,1394.3905695417643,0.0,-3.2999999999999545,1047.368826
7909200.0,685,iso13790,native,True,19.899999999999988,1288.2746967986423,0.0,-3.2999999999999545,863.9713979999999
7912800.0,685,iso13790,native,True,19.9,1292.4921565277152,0.0,-3.2999999999999545,718.332264
7916400.0,685,iso13790,native,True,19.899999999999995,1378.0829811704289,0.0,-3.8999999999999773,545.7229199999999
7920000.0,685,iso13790,native,True,19.90000000000001,1507.0705544026264,0.0,-4.399999999999977,373.11357599999997
7923600.0,685,iso13790,native,True,19.899999999999995,1637.808179307611,0.0,-4.399999999999977,200.50423199999997
7927200.0,685,iso13790,native,True,19.89999999999999,1797.63126119401,0.0,-5.0,6.318719999999985
7930800.0,685,iso13790,native,True,19.900000000000002,1959.162783540168,0.0,-5.599999999999966,-101.56212000000002
7934400.0,685,iso13790,native,True,19.900000000000006,2077.381344155825,0.0,-6.0,-101.56212000000002
7938000.0,685,iso13790,native,True,19.90000000000001,2143.4311261359035,0.0,-6.099999999999966,-101.56212000000002
7941600.0,685,iso13790,native,True,19.899999999999995,2202.4484860773387,0.0,-6.699999999999989,-101.56212000000002
7945200.0,685,iso13790,native,True,19.900000000000002,2234.1136828759595,0.0,-6.699999999999989,-101.56212000000002
7948800.0,685,iso13790,native,True,19.9,2225.869210651161,0.0,-6.099999999999966,-101.56212000000002
7952400.0,685,iso13790,native,True,19.899999999999995,2220.4894411151176,0.0,-6.099999999999966,-101.56212000000002
7956000.0,685,iso13790,native,True,19.899999999999995,2217.7043022902735,0.0,-6.099999999999966,-101.56212000000002
7959600.0,685,iso13790,native,True,19.900000000000002,2331.2385101607642,0.0,-8.899999999999977,-101.56212000000002
7963200.0,685,iso13790,native,True,19.899999999999995,2317.1836236125155,0.0,-7.0,-101.56212000000002
7966800.0,685,iso13790,native,True,19.9,2294.0685274563352,0.0,-6.699999999999989,-101.56212000000002
7970400.0,685,iso13790,native,True,19.900000000000006,2281.545925589866,0.0,-6.699999999999989,-101.56212000000002
7974000.0,685,iso13790,native,True,19.900000000000006,2205.319674319343,0.0,-5.599999999999966,17.10680399999999
7977600.0,685,iso13790,native,True,19.900000000000013,2086.9096213190346,0.0,-5.0,178.92806399999995
7981200.0,685,iso13790,native,True,19.89999999999998,1914.6481987360175,0.0,-3.8999999999999773,367.719534
7984800.0,685,iso13790,native,True,19.89999999999999,1730.965746424117,0.0,-3.2999999999999545,551.116962
7988400.0,685,iso13790,native,True,19.900000000000002,1385.4083606584759,0.0,-3.2999999999999545,1615.2290452252755
7992000.0,685,iso13790,native,True,19.900000000000006,911.4053676978699,0.0,-2.1999999999999886,2009.7614133331572
7995600.0,685,iso13790,native,True,19.899999999999995,508.21468764478533,0.0,0.0,2024.4635374294608
7999200.0,685,iso13790,native,True,19.9,199.57512315268858,0.0,3.3000000000000114,1821.6328943459296
8002800.0,685,iso13790,native,True,19.899999999999995,55.756732156791706,0.0,3.3000000000000114,1869.864835534834
8006400.0,685,iso13790,native,True,20.1,0.0,1.2407156805547468,3.3000000000000114,1990.2306366575315
8010000.0,685,iso13790,native,True,19.899999999999995,16.01056741095214,0.0,2.2000000000000455,1449.112842197962
8013600.0,685,iso13790,native,True,19.899999999999995,23.259461868828037,0.0,2.2000000000000455,2080.2535096758875
8017200.0,685,iso13790,native,True,19.9,494.0166638652319,0.0,-0.5999999999999659,-101.56212000000002
8020800.0,685,iso13790,native,True,19.9,1153.5644903375708,0.0,-2.1999999999999886,-101.56212000000002
8024400.0,685,iso13790,native,True,19.900000000000002,1543.1496705130003,0.0,-3.2999999999999545,-101.56212000000002
8028000.0,685,iso13790,native,True,19.9,1771.5158337659873,0.0,-3.8999999999999773,-101.56212000000002
8031600.0,685,iso13790,native,True,19.9,1890.8539176434824,0.0,-3.8999999999999773,-101.56212000000002
8035200.0,685,iso13790,native,True,19.900000000000002,1952.6359565324938,0.0,-3.8999999999999773,-101.56212000000002
8038800.0,685,iso13790,native,True,19.9,1914.8139748018714,0.0,-2.1999999999999886,-101.56212000000002
8042400.0,685,iso13790,native,True,19.899999999999995,1908.5090532220422,0.0,-2.599999999999966,-101.56212000000002
8046000.0,685,iso13790,native,True,19.899999999999995,1914.1985735888288,0.0,-2.7999999999999545,-101.56212000000002
8049600.0,685,iso13790,native,True,19.9,1872.3454127158195,0.0,-1.6999999999999886,-101.56212000000002
8053200.0,685,iso13790,native,True,19.899999999999995,1893.8091053499625,0.0,-2.7999999999999545,-101.56212000000002
8056800.0,685,iso13790,native,True,19.89999999999998,1997.297198888752,0.0,-5.0,-101.56212000000002
8060400.0,685,iso13790,native,True,19.899999999999995,1802.669982899278,0.0,-1.099999999999966,343.35644706405435
8064000.0,685,iso13790,native,True,19.900000000000006,1523.3940715624874,0.0,0.0,612.7204637696951
8067600.0,685,iso13790,native,True,19.9,1199.1619159908573,0.0,1.7000000000000455,927.6604355844901
8071200.0,685,iso13790,native,True,19.9,884.9174654107045,0.0,3.900000000000034,942.6671152365914
8074800.0,685,iso13790,native,True,19.899999999999995,568.2064153880273,0.0,7.2000000000000455,1000.9487955495734
8078400.0,685,iso13790,native,True,19.9,340.71599834767574,0.0,8.300000000000011,1015.5813025326872
8082000.0,685,iso13790,native,True,19.899999999999995,99.84282086881211,0.0,9.400000000000034,1370.8996921471057
8085600.0,685,iso13790,native,True,20.1,0.0,34.674584238006794,10.600000000000023,1140.7271930563777
8089200.0,685,iso13790,native,True,20.1,0.0,268.7882528753036,10.600000000000023,1899.9212146906534
8092800.0,685,iso13790,native,True,20.10000000000001,0.0,375.8980098105216,8.900000000000034,1589.3451217228328
8096400.0,685,iso13790,native,True,20.100000000000005,0.0,102.69218844248967,6.100000000000023,809.7967278941669
8100000.0,685,iso13790,native,True,19.900000000000002,293.09576277026207,0.0,3.900000000000034,396.5077473693267
8103600.0,685,iso13790,native,True,19.9,781.7880573835612,0.0,2.2000000000000455,-101.56212000000002
8107200.0,685,iso13790,native,True,19.89999999999999,1161.8506580077592,0.0,1.1000000000000227,-101.56212000000002
8110800.0,685,iso13790,native,True,19.89999999999999,1360.6491911845906,0.0,1.1000000000000227,-101.56212000000002
8114400.0,685,iso13790,native,True,19.89999999999999,1484.0998241320738,0.0,0.6000000000000227,-101.56212000000002
8118000.0,685,iso13790,native,True,19.89999999999999,1503.7680731961589,0.0,1.7000000000000455,-101.56212000000002
8121600.0,685,iso13790,native,True,19.899999999999988,1536.5503224531783,0.0,1.1000000000000227,-101.56212000000002
8125200.0,685,iso13790,native,True,19.899999999999995,1575.1648905346196,0.0,0.6000000000000227,-101.56212000000002
8128800.0,685,iso13790,native,True,19.9,1620.7199143678722,0.0,0.0,-101.56212000000002
8132400.0,685,iso13790,native,True,19.89999999999999,1645.4155793460625,0.0,0.0,-101.56212000000002
8136000.0,685,iso13790,native,True,19.900000000000002,1658.2006726247446,0.0,0.0,-101.56212000000002
8139600.0,685,iso13790,native,True,19.899999999999995,1664.819591786825,0.0,0.0,-101.56212000000002
8143200.0,685,iso13790,native,True,19.899999999999995,1668.246245775126,0.0,0.0,-101.56212000000002
8146800.0,685,iso13790,native,True,19.9,1579.0380414660362,0.0,0.0,337.7940931871073
8150400.0,685,iso13790,native,True,19.900000000000002,1348.2781130256271,0.0,0.0,893.6829854630016
8154000.0,685,iso13790,native,True,19.900000000000002,934.3520136775438,0.0,2.8000000000000114,1336.0124590727996
8157600.0,685,iso13790,native,True,19.900000000000002,556.1176579713959,0.0,5.600000000000023,1209.7161939293496
8161200.0,685,iso13790,native,True,19.900000000000002,417.69941691496626,0.0,7.2000000000000455,686.6528727671667
8164800.0,685,iso13790,native,True,19.900000000000002,356.49677850558516,0.0,8.300000000000011,803.0612210960895
8168400.0,685,iso13790,native,True,19.899999999999995,182.89279691483839,0.0,10.600000000000023,933.6010981677298
8172000.0,685,iso13790,native,True,19.899999999999995,126.84979427531565,0.0,10.600000000000023,649.9812558194349
8175600.0,685,iso13790,native,True,20.03400771045142,0.0,0.0,11.100000000000023,1401.6351259829933
8179200.0,685,iso13790,native,True,20.10000000000001,0.0,418.92968225857845,11.100000000000023,2474.838292991319
8182800.0,685,iso13790,native,True,20.100000000000005,0.0,937.5786626827157,11.100000000000023,3046.7101659454615
8186400.0,685,iso13790,native,True,20.099999999999998,0.0,1118.909629224637,8.900000000000034,2625.369285630203
8190000.0,685,iso13790,native,True,20.100000000000005,0.0,417.2556404782066,5.0,-101.56212000000002
8193600.0,685,iso13790,native,True,19.9,379.50918979721945,0.0,3.900000000000034,-101.56212000000002
8197200.0,685,iso13790,native,True,19.900000000000002,925.801339939507,0.0,1.7000000000000455,-101.56212000000002
8200800.0,685,iso13790,native,True,19.900000000000002,1237.333492163934,0.0,1.1000000000000227,-101.56212000000002
8204400.0,685,iso13790,native,True,19.899999999999988,1420.2585501231754,0.0,0.6000000000000227,-101.56212000000002
8208000.0,685,iso13790,native,True,19.899999999999995,1515.8862428449972,0.0,0.6000000000000227,-101.56212000000002
8211600.0,685,iso13790,native,True,19.900000000000002,1475.0549134810306,0.0,2.8000000000000114,-101.56212000000002
8215200.0,685,iso13790,native,True,19.900000000000002,1474.4783150607693,0.0,2.2000000000000455,-101.56212000000002
8218800.0,685,iso13790,native,True,19.900000000000002,1475.2913636312321,0.0,2.2000000000000455,-101.56212000000002
8222400.0,685,iso13790,native,True,19.900000000000002,1520.881462291775,0.0,1.1000000000000227,-101.56212000000002
8226000.0,685,iso13790,native,True,19.90000000000001,1567.0530280311798,0.0,0.6000000000000227,-101.56212000000002
8229600.0,685,iso13790,native,True,19.899999999999995,1616.5203546936557,0.0,0.0,-101.56212000000002
8233200.0,685,iso13790,native,True,19.9,1473.881422710519,0.0,1.7000000000000455,379.18328381994326
8236800.0,685,iso13790,native,True,19.900000000000002,1186.298797302041,0.0,4.400000000000034,493.6908049516921
8240400.0,685,iso13790,native,True,19.9,877.1982438546751,0.0,7.2000000000000455,600.5839867347713
8244000.0,685,iso13790,native,True,19.899999999999995,570.7736303480415,0.0,10.0,645.6784256110968
8247600.0,685,iso13790,native,True,19.9,264.8889672681677,0.0,12.800000000000011,742.0369847636784
8251200.0,685,iso13790,native,True,19.902925640135237,0.0,0.0,14.400000000000034,844.1226254102241
8254800.0,685,iso13790,native,True,20.100000000000012,0.0,213.3931116212474,16.700000000000045,899.084353523932
8258400.0,685,iso13790,native,True,20.099999999999994,0.0,460.61856358109543,18.900000000000034,863.5509806248151
8262000.0,685,iso13790,native,True,20.1,0.0,708.0378938327617,19.400000000000034,1348.5788670715065
8265600.0,685,iso13790,native,True,20.09999999999999,0.0,1166.1283671941587,19.400000000000034,2567.3816442476877
8269200.0,685,iso13790,native,True,20.09999999999995,0.0,1702.4005098072234,18.900000000000034,3180.4473719693324
8272800.0,685,iso13790,native,True,20.100000000000016,0.0,1911.030418591232,17.200000000000045,2720.7514492145156
8276400.0,685,iso13790,native,True,20.099999999999987,0.0,1178.0883493295412,12.800000000000011,-101.56212000000002
8280000.0,685,iso13790,native,True,20.1,0.0,319.6415499849859,12.200000000000045,-101.56212000000002
8283600.0,685,iso13790,native,True,19.899999999999995,96.41536446770507,0.0,11.700000000000045,-101.56212000000002
8287200.0,685,iso13790,native,True,19.900000000000002,423.9697506147203,0.0,10.0,-101.56212000000002
8290800.0,685,iso13790,native,True,19.9,641.8652030748891,0.0,8.900000000000034,-101.56212000000002
8294400.0,685,iso13790,native,True,19.900000000000002,781.3465687016927,0.0,8.300000000000011,-101.56212000000002
8298000.0,685,iso13790,native,True,19.9,899.8376404539517,0.0,7.2000000000000455,-101.56212000000002
8301600.0,685,iso13790,native,True,19.89999999999999,1008.3882091960326,0.0,6.100000000000023,-101.56212000000002
8305200.0,685,iso13790,native,True,19.900000000000002,996.8164292730581,0.0,7.800000000000011,-101.56212000000002
8308800.0,685,iso13790,native,True,19.900000000000002,1032.8454166938182,0.0,6.7000000000000455,-101.56212000000002
8312400.0,685,iso13790,native,True,19.90000000000001,1168.5117841087642,0.0,3.900000000000034,-101.56212000000002
8316000.0,685,iso13790,native,True,19.9,1268.5720727604944,0.0,3.3000000000000114,-101.56212000000002
8319600.0,685,iso13790,native,True,19.899999999999995,1077.5473208215271,0.0,6.7000000000000455,402.2235076551322
8323200.0,685,iso13790,native,True,19.899999999999995,648.0214714844915,0.0,12.200000000000045,493.19152653820476
8326800.0,685,iso13790,native,True,19.900000000000002,304.7513117156933,0.0,13.900000000000034,621.2758197192421
8330400.0,685,iso13790,native,True,19.9,19.129346293031592,0.0,15.600000000000023,692.2744105616662
8334000.0,685,iso13790,native,True,20.10000000000001,0.0,239.15019547574173,18.30000000000001,862.1421843986062
8337600.0,685,iso13790,native,True,20.10000000000001,0.0,477.31384139020344,19.400000000000034,794.5231168164472
8341200.0,685,iso13790,native,True,20.10000000000001,0.0,642.0563885977153,21.100000000000023,699.3411342472402
8344800.0,685,iso13790,native,True,20.10000000000001,0.0,732.3766619152058,21.700000000000045,662.1249491436256
8348400.0,685,iso13790,native,True,20.10000000000001,0.0,907.6577475548678,21.700000000000045,1305.8066831824895
8352000.0,685,iso13790,native,True,20.100000000000005,0.0,1287.155667194294,20.0,2545.8755878637335
8355600.0,685,iso13790,native,True,20.10000000000001,0.0,1784.4336530912658,19.400000000000034,3185.9220648079613
8359200.0,685,iso13790,native,True,20.09999999999997,0.0,1947.024279800364,16.700000000000045,2779.976703112797
8362800.0,685,iso13790,native,True,20.099999999999994,0.0,1250.3290090298913,13.900000000000034,-101.56212000000002
8366400.0,685,iso13790,native,True,20.1,0.0,383.7165593316301,12.800000000000011,-101.56212000000002
8370000.0,685,iso13790,native,True,19.900000000000002,62.131792360160865,0.0,11.700000000000045,-101.56212000000002
8373600.0,685,iso13790,native,True,19.9,406.22094054184413,0.0,10.0,-101.56212000000002
8377200.0,685,iso13790,native,True,19.900000000000002,657.3142718370907,0.0,8.300000000000011,-101.56212000000002
8380800.0,685,iso13790,native,True,19.899999999999995,765.8184671423948,0.0,8.900000000000034,-101.56212000000002
8384400.0,685,iso13790,native,True,19.9,693.5852224276294,0.0,12.0,-101.56212000000002
8388000.0,685,iso13790,native,True,19.900000000000006,802.3792870824354,0.0,8.300000000000011,-101.56212000000002
8391600.0,685,iso13790,native,True,19.90000000000001,865.5572258396637,0.0,8.300000000000011,-101.56212000000002
8395200.0,685,iso13790,native,True,19.899999999999995,943.4340006863464,0.0,7.2000000000000455,-101.56212000000002
8398800.0,685,iso13790,native,True,19.899999999999995,985.789126752178,0.0,7.2000000000000455,-101.56212000000002
8402400.0,685,iso13790,native,True,19.9,1028.2480733241482,0.0,6.7000000000000455,-101.56212000000002
8406000.0,685,iso13790,native,True,19.899999999999995,900.6738130641196,0.0,7.2000000000000455,525.9726864833051
8409600.0,685,iso13790,native,True,19.900000000000002,722.0899972932644,0.0,8.300000000000011,367.719534
8413200.0,685,iso13790,native,True,19.9,382.6397471609135,0.0,10.0,1334.354527600024
8416800.0,685,iso13790,native,True,19.993360794905517,0.0,0.0,13.300000000000011,1038.6551996463531
8420400.0,685,iso13790,native,True,20.099999999999994,0.0,207.83591247202023,15.600000000000023,861.2357947369486
8424000.0,685,iso13790,native,True,20.1,0.0,324.02782396402915,16.100000000000023,811.8034157356688
8427600.0,685,iso13790,native,True,20.1,0.0,405.08917994507925,17.200000000000045,727.9130232491718
8431200.0,685,iso13790,native,True,20.10000000000001,0.0,452.06369409774527,17.80000000000001,687.3302500209293
8434800.0,685,iso13790,native,True,20.10000000000001,0.0,548.5372225180769,16.700000000000045,1279.506654747282
8438400.0,685,iso13790,native,True,20.099999999999984,0.0,892.59031422136,16.100000000000023,2376.471990157994
8442000.0,685,iso13790,native,True,20.09999999999997,0.0,1323.8141145946765,15.600000000000023,2865.7386916393125
8445600.0,685,iso13790,native,True,20.100000000000012,0.0,1522.8168181884184,14.400000000000034,2617.5457510854826
8449200.0,685,iso13790,native,True,20.099999999999984,0.0,815.9898871838259,9.400000000000034,-101.56212000000002
8452800.0,685,iso13790,native,True,19.899999999999995,95.12375799759644,0.0,5.600000000000023,-101.56212000000002
8456400.0,685,iso13790,native,True,19.900000000000002,730.2547130145823,0.0,2.8000000000000114,-101.56212000000002
8460000.0,685,iso13790,native,True,19.900000000000006,1109.4222470173609,0.0,1.7000000000000455,-101.56212000000002
8463600.0,685,iso13790,native,True,19.899999999999995,1307.7573988576037,0.0,1.7000000000000455,-101.56212000000002
8467200.0,685,iso13790,native,True,19.900000000000006,1410.4366917196446,0.0,1.7000000000000455,-101.56212000000002
8470800.0,685,iso13790,native,True,19.9,1488.2321087481039,0.0,1.1000000000000227,-101.56212000000002
8474400.0,685,iso13790,native,True,19.900000000000002,1644.5949087484619,0.0,-1.6999999999999886,-101.56212000000002
8478000.0,685,iso13790,native,True,19.899999999999988,1636.2874843427005,0.0,0.6000000000000227,-101.56212000000002
8481600.0,685,iso13790,native,True,19.900000000000002,1652.3634462979207,0.0,0.0,-101.56212000000002
8485200.0,685,iso13790,native,True,19.899999999999988,1591.9907125305194,0.0,1.7000000000000455,-101.56212000000002
8488800.0,685,iso13790,native,True,19.899999999999995,1582.2237098342102,0.0,1.1000000000000227,-101.56212000000002
8492400.0,685,iso13790,native,True,19.89999999999999,1279.6739054467573,0.0,5.600000000000023,448.0878876706646
8496000.0,685,iso13790,native,True,19.899999999999995,865.2048140042009,0.0,9.400000000000034,479.77435398775896
8499600.0,685,iso13790,native,True,19.900000000000002,492.4196328251758,0.0,12.200000000000045,630.3748443105367
8503200.0,685,iso13790,native,True,19.900000000000002,183.7719807188992,0.0,13.900000000000034,711.7457546261105
8506800.0,685,iso13790,native,True,20.1,0.0,13.566879052892704,15.600000000000023,720.1393178961923
8510400.0,685,iso13790,native,True,20.100000000000005,0.0,260.701193498559,16.700000000000045,980.420252991184
8514000.0,685,iso13790,native,True,20.09999999999999,0.0,491.6553058951859,15.600000000000023,1487.4301719234204
8517600.0,685,iso13790,native,True,20.1,0.0,683.9820098624467,15.600000000000023,1461.5451843046656
8521200.0,685,iso13790,native,True,20.100000000000005,0.0,808.4034664400281,15.0,1720.2990390827508
8524800.0,685,iso13790,native,True,20.099999999999987,0.0,930.5221714499012,12.200000000000045,2361.998113903567
8528400.0,685,iso13790,native,True,20.10000000000002,0.0,1138.709821577568,11.100000000000023,2815.2975349208455
8532000.0,685,iso13790,native,True,20.10000000000001,0.0,683.1901635334776,8.900000000000034,195.11018999999996
8535600.0,685,iso13790,native,True,19.899999999999995,72.72804940084342,0.0,6.7000000000000455,-101.56212000000002
8539200.0,685,iso13790,native,True,19.9,601.6463754851701,0.0,5.600000000000023,-101.56212000000002
8542800.0,685,iso13790,native,True,19.9,1037.6536763578683,0.0,1.7000000000000455,-101.56212000000002
8546400.0,685,iso13790,native,True,19.900000000000002,1204.9017577595225,0.0,3.3000000000000114,-101.56212000000002
8550000.0,685,iso13790,native,True,19.899999999999995,1243.353757952943,0.0,4.400000000000034,-101.56212000000002
8553600.0,685,iso13790,native,True,19.9,1306.3919121737833,0.0,3.3000000000000114,-101.56212000000002
8557200.0,685,iso13790,native,True,19.900000000000006,1341.0649957031656,0.0,3.3000000000000114,-101.56212000000002
8560800.0,685,iso13790,native,True,19.9,1359.015458165869,0.0,3.3000000000000114,-101.56212000000002
8564400.0,685,iso13790,native,True,19.899999999999988,1388.8399646093217,0.0,2.8000000000000114,-101.56212000000002
8568000.0,685,iso13790,native,True,19.900000000000002,1405.2065872658059,0.0,2.8000000000000114,-101.56212000000002
8571600.0,685,iso13790,native,True,19.9,1413.6796855810258,0.0,2.8000000000000114,-101.56212000000002
8575200.0,685,iso13790,native,True,19.9,1442.7039929522248,0.0,2.2000000000000455,-101.56212000000002
8578800.0,685,iso13790,native,True,19.9,1255.1638606862923,0.0,4.400000000000034,445.75771860199035
8582400.0,685,iso13790,native,True,19.89999999999999,984.3418791529033,0.0,5.0,728.1903627262211
8586000.0,685,iso13790,native,True,19.900000000000006,585.0882981438951,0.0,6.7000000000000455,1421.041973444067
8589600.0,685,iso13790,native,True,19.899999999999995,273.7937897171807,0.0,8.300000000000011,1064.699442892931
8593200.0,685,iso13790,native,True,19.899999999999995,95.44428567915574,0.0,8.900000000000034,1286.4802021476046
8596800.0,685,iso13790,native,True,20.06179983084783,0.0,0.0,10.600000000000023,985.0852008305251
8600400.0,685,iso13790,native,True,20.005471329000574,0.0,0.0,10.600000000000023,731.5169082546934
8604000.0,685,iso13790,native,True,19.9,17.915098043442924,0.0,11.100000000000023,668.4372334286927
8607600.0,685,iso13790,native,True,20.1,0.0,66.0988801833661,10.600000000000023,1608.7575799899364
8611200.0,685,iso13790,native,True,20.10000000000001,0.0,259.28218329658415,10.600000000000023,1418.126259237371
8614800.0,685,iso13790,native,True,20.1,0.0,561.498089199668,9.400000000000034,2778.069960218065
8618400.0,685,iso13790,native,True,20.100000000000005,0.0,850.1991670199878,7.800000000000011,2706.3977616735842
8622000.0,685,iso13790,native,True,20.1,0.0,264.2776825800818,4.400000000000034,-101.56212000000002
8625600.0,685,iso13790,native,True,19.899999999999995,529.6252617495768,0.0,2.2000000000000455,-101.56212000000002
8629200.0,685,iso13790,native,True,19.9,1051.8359172139483,0.0,0.6000000000000227,-101.56212000000002
8632800.0,685,iso13790,native,True,19.9,1419.596291094208,0.0,-1.6999999999999886,-101.56212000000002
8636400.0,685,iso13790,native,True,19.90000000000001,1704.5873591500228,0.0,-3.8999999999999773,-101.56212000000002
8640000.0,685,iso13790,native,True,19.899999999999988,1786.397734219526,0.0,-2.1999999999999886,-101.56212000000002
8643600.0,685,iso13790,native,True,19.900000000000013,1915.940399656754,0.0,-4.399999999999977,-101.56212000000002
8647200.0,685,iso13790,native,True,19.900000000000013,1987.0811204383813,0.0,-4.399999999999977,-101.56212000000002
8650800.0,685,iso13790,native,True,19.900000000000002,2138.8871874230035,0.0,-7.199999999999989,-101.56212000000002
8654400.0,685,iso13790,native,True,19.900000000000013,2247.3030949524027,0.0,-7.7999999999999545,-101.56212000000002
8658000.0,685,iso13790,native,True,19.900000000000002,2325.0736597188443,0.0,-8.299999999999955,-101.56212000000002
8661600.0,685,iso13790,native,True,19.899999999999995,2295.83111814264,0.0,-6.699999999999989,-78.7183635201036
8665200.0,685,iso13790,native,True,19.90000000000001,1894.955891793063,0.0,0.0,423.6898929045864
8668800.0,685,iso13790,native,True,19.899999999999995,1412.2416870295708,0.0,3.900000000000034,535.6754840263309
8672400.0,685,iso13790,native,True,19.900000000000006,974.3136424147999,0.0,6.100000000000023,887.014617015581
8676000.0,685,iso13790,native,True,19.9,597.9142916969109,0.0,8.300000000000011,885.6645665981471
8679600.0,685,iso13790,native,True,19.9,344.5342470334046,0.0,10.600000000000023,693.5121634224781
8683200.0,685,iso13790,native,True,19.900000000000002,148.2811815086168,0.0,12.200000000000045,816.6259878579983
8686800.0,685,iso13790,native,True,19.90284889988857,0.0,0.0,13.300000000000011,719.0527614522092
8690400.0,685,iso13790,native,True,20.10000000000001,0.0,205.86210450799004,15.600000000000023,1186.2454487641564
8694000.0,685,iso13790,native,True,20.099999999999994,0.0,556.067598219903,15.0,1907.2535995374537
8697600.0,685,iso13790,native,True,20.10000000000001,0.0,990.3887569866661,15.600000000000023,2465.005959673433
8701200.0,685,iso13790,native,True,20.099999999999977,0.0,1344.0288191590735,13.900000000000034,2992.8379774339537
8704800.0,685,iso13790,native,True,20.10000000000001,0.0,1464.6372227705754,11.700000000000045,2739.6231930710837
8708400.0,685,iso13790,native,True,20.1,0.0,734.4678366373984,7.800000000000011,-101.56212000000002
8712000.0,685,iso13790,native,True,19.899999999999995,29.422560665109454,0.0,8.300000000000011,-101.56212000000002
8715600.0,685,iso13790,native,True,19.899999999999995,555.7312684368297,0.0,6.100000000000023,-101.56212000000002
8719200.0,685,iso13790,native,True,19.899999999999995,787.1109608567348,0.0,7.2000000000000455,-101.56212000000002
8722800.0,685,iso13790,native,True,19.9,1130.70564803161,0.0,1.7000000000000455,-101.56212000000002
8726400.0,685,iso13790,native,True,19.899999999999995,1363.9451212578765,0.0,0.6000000000000227,-101.56212000000002
8730000.0,685,iso13790,native,True,19.900000000000006,1536.0079118521287,0.0,-0.5999999999999659,-101.56212000000002
8733600.0,685,iso13790,native,True,19.9,1487.6951357566215,0.0,2.8000000000000114,-101.56212000000002
8737200.0,685,iso13790,native,True,19.899999999999995,1456.384499879781,0.0,2.8000000000000114,-101.56212000000002
8740800.0,685,iso13790,native,True,19.899999999999984,1509.9817089706198,0.0,1.1000000000000227,-101.56212000000002
8744400.0,685,iso13790,native,True,19.90000000000001,1540.8787158276962,0.0,1.1000000000000227,-101.56212000000002
8748000.0,685,iso13790,native,True,19.899999999999988,1571.4269695999023,0.0,0.6000000000000227,-72.69049993563439
8751600.0,685,iso13790,native,True,19.899999999999988,1305.8483417526236,0.0,5.0,396.1054581266241
8755200.0,685,iso13790,native,True,19.900000000000002,951.4151171553117,0.0,7.800000000000011,491.2239317168481
8758800.0,685,iso13790,native,True,19.9,633.9306226046125,0.0,10.0,604.3604698116953
8762400.0,685,iso13790,native,True,19.9,328.59222428473345,0.0,12.200000000000045,742.827101684202
8766000.0,685,iso13790,native,True,19.97891563005602,0.0,0.0,15.600000000000023,861.9499349339222
8769600.0,685,iso13790,native,True,20.100000000000005,0.0,322.5409253910635,18.30000000000001,1008.5380617839083
8773200.0,685,iso13790,native,True,20.1,0.0,551.830079676335,20.0,715.1403811515227
8776800.0,685,iso13790,native,True,20.099999999999994,0.0,647.4484962437778,20.600000000000023,693.4735828658885
8780400.0,685,iso13790,native,True,20.100000000000023,0.0,858.9279702722914,20.600000000000023,1486.8415910038734
8784000.0,685,iso13790,native,True,20.1,0.0,1112.7492528174416,19.400000000000034,1816.0885137566454
8787600.0,685,iso13790,native,True,20.099999999999998,0.0,1112.3117623248297,18.900000000000034,1037.929053628992
8791200.0,685,iso13790,native,True,20.09999999999999,0.0,1100.5471111379593,16.700000000000045,2017.0346002653005
8794800.0,685,iso13790,native,True,20.1,0.0,666.8434678504489,13.300000000000011,-101.56212000000002
8798400.0,685,iso13790,native,True,20.1,0.0,80.53105219723794,12.800000000000011,-101.56212000000002
8802000.0,685,iso13790,native,True,19.899999999999995,264.261919040083,0.0,10.600000000000023,-101.56212000000002
8805600.0,685,iso13790,native,True,19.900000000000002,558.0719476375813,0.0,8.900000000000034,-101.56212000000002
8809200.0,685,iso13790,native,True,19.899999999999995,803.666923181432,0.0,6.7000000000000455,-101.56212000000002
8812800.0,685,iso13790,native,True,19.899999999999995,934.8886181433367,0.0,6.7000000000000455,-101.56212000000002
8816400.0,685,iso13790,native,True,19.899999999999995,1072.6297857957109,0.0,5.0,-101.56212000000002
8820000.0,685,iso13790,native,True,19.899999999999995,1101.9194440748593,0.0,6.100000000000023,-101.56212000000002
8823600.0,685,iso13790,native,True,19.900000000000006,1205.3833777143325,0.0,3.900000000000034,-101.56212000000002
8827200.0,685,iso13790,native,True,19.900000000000002,1287.6607170224363,0.0,3.3000000000000114,-101.56212000000002
8830800.0,685,iso13790,native,True,19.9,1306.7300103231967,0.0,3.900000000000034,-101.56212000000002
8834400.0,685,iso13790,native,True,19.90000000000001,1308.0205734376511,0.0,3.900000000000034,-65.4884251212444
8838000.0,685,iso13790,native,True,19.9,1062.9772401600726,0.0,7.2000000000000455,439.14888735742966
8841600.0,685,iso13790,native,True,19.899999999999995,685.0113946241045,0.0,10.600000000000023,562.7463545077458
8845200.0,685,iso13790,native,True,19.899999999999995,355.2899343502099,0.0,12.200000000000045,768.0093862591776
8848800.0,685,iso13790,native,True,20.10000000000001,0.0,21.067471789657322,15.0,1276.3876067922697
8852400.0,685,iso13790,native,True,20.100000000000005,0.0,445.3212724936509,16.700000000000045,1433.8927167653494
8856000.0,685,iso13790,native,True,20.099999999999987,0.0,877.5814017701426,17.80000000000001,2107.0658308264074
8859600.0,685,iso13790,native,True,20.099999999999994,0.0,1160.065914597446,18.30000000000001,1767.5970712891653
8863200.0,685,iso13790,native,True,20.099999999999984,0.0,1178.0420174805797,15.600000000000023,1938.2834780404728
8866800.0,685,iso13790,native,True,20.10000000000001,0.0,934.7177984974976,12.200000000000045,1286.3622155127841
8870400.0,685,iso13790,native,True,20.099999999999998,0.0,592.3572468833601,13.900000000000034,432.448038
8874000.0,685,iso13790,native,True,20.1,0.0,441.02215106129404,15.600000000000023,857.185458681379
8877600.0,685,iso13790,native,True,20.10000000000001,0.0,608.5734212649039,13.900000000000034,2042.2530618579126
8881200.0,685,iso13790,native,True,20.100000000000012,0.0,393.7268216743683,10.0,469.65870209823305
8884800.0,685,iso13790,native,True,19.899999999999995,156.6093967972137,0.0,7.2000000000000455,-101.56212000000002
8888400.0,685,iso13790,native,True,19.899999999999995,488.1069721069898,0.0,9.400000000000034,-101.56212000000002
8892000.0,685,iso13790,native,True,19.89999999999999,700.8187165412327,0.0,8.300000000000011,-101.56212000000002
8895600.0,685,iso13790,native,True,19.90000000000001,833.5101565982566,0.0,7.800000000000011,-101.56212000000002
8899200.0,685,iso13790,native,True,19.89999999999999,927.7693390211283,0.0,7.2000000000000455,-101.56212000000002
8902800.0,685,iso13790,native,True,19.899999999999995,977.6794378352946,0.0,7.2000000000000455,-101.56212000000002
8906400.0,685,iso13790,native,True,19.900000000000002,1003.518194129191,0.0,7.2000000000000455,-101.56212000000002
8910000.0,685,iso13790,native,True,19.899999999999995,1062.0642511691312,0.0,6.100000000000023,-101.56212000000002
8913600.0,685,iso13790,native,True,19.899999999999988,1098.5180381143334,0.0,6.0,-101.56212000000002
8917200.0,685,iso13790,native,True,19.9,1158.6385304742337,0.0,5.0,-101.56212000000002
8920800.0,685,iso13790,native,True,19.9,1275.1747299192211,0.0,2.8000000000000114,-68.82372439916499
8924400.0,685,iso13790,native,True,19.899999999999995,1280.3085840702827,0.0,0.6000000000000227,628.6614789563874
8928000.0,685,iso13790,native,True,19.900000000000013,1185.6710513263,0.0,0.0,704.6514080457621
8931600.0,685,iso13790,native,True,19.9,1159.8021760542529,0.0,0.0,540.328878
8935200.0,685,iso13790,native,True,19.9,1170.1551731528848,0.0,0.0,551.116962
8938800.0,685,iso13790,native,True,19.89999999999999,1078.491407776047,0.0,0.0,1011.4107534127603
8942400.0,685,iso13790,native,True,19.900000000000006,765.1918442706137,0.0,2.0,1547.1739476639345
8946000.0,685,iso13790,native,True,19.900000000000002,342.68582560997635,0.0,3.3000000000000114,2119.4995092639306
8949600.0,685,iso13790,native,True,19.9,246.80684122823817,0.0,3.3000000000000114,1077.6438270535127
8953200.0,685,iso13790,native,True,19.900000000000002,236.85154238766003,0.0,2.8000000000000114,1780.5944014504782
8956800.0,685,iso13790,native,True,19.900000000000002,257.80647404837305,0.0,3.900000000000034,904.1798519871377
8960400.0,685,iso13790,native,True,19.900000000000002,466.800534958092,0.0,2.8000000000000114,824.7293224419913
8964000.0,685,iso13790,native,True,19.900000000000002,758.0207772773953,0.0,2.2000000000000455,130.381686
8967600.0,685,iso13790,native,True,19.9,1087.1210297058974,0.0,1.7000000000000455,-96.16807800000001
8971200.0,685,iso13790,native,True,19.900000000000002,1295.3591247525903,0.0,1.7000000000000455,-101.56212000000002
8974800.0,685,iso13790,native,True,19.9,1428.6557649138126,0.0,1.1000000000000227,-101.56212000000002
8978400.0,685,iso13790,native,True,19.900000000000016,1568.5827011074975,0.0,-0.5999999999999659,-101.56212000000002
8982000.0,685,iso13790,native,True,19.90000000000001,1664.7045681755158,0.0,-1.099999999999966,-101.56212000000002
8985600.0,685,iso13790,native,True,19.899999999999995,1711.2874414944874,0.0,-1.0,-101.56212000000002
8989200.0,685,iso13790,native,True,19.899999999999995,1809.1316150496834,0.0,-2.7999999999999545,-101.56212000000002
8992800.0,685,iso13790,native,True,19.899999999999988,1863.120799221861,0.0,-2.7999999999999545,-101.56212000000002
8996400.0,685,iso13790,native,True,19.899999999999995,1936.240500930875,0.0,-3.8999999999999773,-101.56212000000002
9000000.0,685,iso13790,native,True,19.90000000000001,1980.2391507768743,0.0,-4.0,-101.56212000000002
9003600.0,685,iso13790,native,True,19.900000000000013,2068.9033974891086,0.0,-5.599999999999966,-101.56212000000002
9007200.0,685,iso13790,native,True,19.9,2067.377090041204,0.0,-4.399999999999977,-96.16807800000001
9010800.0,685,iso13790,native,True,19.9,2004.3098837989805,0.0,-4.399999999999977,189.71614799999998
9014400.0,685,iso13790,native,True,19.899999999999995,1838.8459183990526,0.0,-3.2999999999999545,394.68974399999996
9018000.0,685,iso13790,native,True,19.900000000000002,1470.2344053824904,0.0,-2.1999999999999886,1376.6081223615847
9021600.0,685,iso13790,native,True,19.9,1024.234242896941,0.0,-1.099999999999966,1631.1898542658603
9025200.0,685,iso13790,native,True,19.899999999999995,625.2112769853964,0.0,0.0,2020.7456058282144
9028800.0,685,iso13790,native,True,19.900000000000002,259.4184815883544,0.0,1.1000000000000227,2264.2266619789357
9032400.0,685,iso13790,native,True,19.900000000000002,17.619112816564687,0.0,1.7000000000000455,2202.6863658574525
9036000.0,685,iso13790,native,True,19.9,6.341550779187409,0.0,1.0,1833.0652988794927
9039600.0,685,iso13790,native,True,19.9,183.17385997946062,0.0,1.7000000000000455,1100.5939210942925
9043200.0,685,iso13790,native,True,19.899999999999995,116.63228904758837,0.0,1.7000000000000455,2416.9693598188205
9046800.0,685,iso13790,native,True,19.899999999999995,309.6575671990845,0.0,1.1000000000000227,432.448038
9050400.0,685,iso13790,native,True,19.89999999999999,769.7166694055577,0.0,0.6000000000000227,313.0165161928679
9054000.0,685,iso13790,native,True,19.899999999999995,1058.2063627174782,0.0,-1.099999999999966,502.8026197516617
9057600.0,685,iso13790,native,True,19.900000000000002,1305.855624705468,0.0,-1.099999999999966,-101.56212000000002
9061200.0,685,iso13790,native,True,19.899999999999995,1554.2532225964073,0.0,-1.6999999999999886,-101.56212000000002
9064800.0,685,iso13790,native,True,19.89999999999999,1749.6623232020345,0.0,-3.2999999999999545,-101.56212000000002
9068400.0,685,iso13790,native,True,19.899999999999995,1853.7909339063315,0.0,-3.2999999999999545,-101.56212000000002
9072000.0,685,iso13790,native,True,19.9,1887.1674928803527,0.0,-2.7999999999999545,-101.56212000000002
9075600.0,685,iso13790,native,True,19.9,1924.051884121332,0.0,-3.2999999999999545,-101.56212000000002
9079200.0,685,iso13790,native,True,19.899999999999988,1923.542006510199,0.0,-2.7999999999999545,-101.56212000000002
9082800.0,685,iso13790,native,True,19.9,1988.0523656694077,0.0,-4.399999999999977,-101.56212000000002
9086400.0,685,iso13790,native,True,19.900000000000002,2024.413916003712,0.0,-4.399999999999977,-101.56212000000002
9090000.0,685,iso13790,native,True,19.900000000000002,2067.876241576758,0.0,-5.0,-101.56212000000002
9093600.0,685,iso13790,native,True,19.900000000000016,2080.3987234236183,0.0,-5.0,-48.00918457338098
9097200.0,685,iso13790,native,True,19.899999999999984,1888.5405191532313,0.0,-2.7999999999999545,432.6539240683304
9100800.0,685,iso13790,native,True,19.9,1524.1504965099155,0.0,-0.5999999999999659,889.7546240270291
9104400.0,685,iso13790,native,True,19.899999999999988,1098.3107871143236,0.0,0.6000000000000227,1428.5483529347387
9108000.0,685,iso13790,native,True,19.9,697.5536177471754,0.0,1.0,1797.8033136660306
9111600.0,685,iso13790,native,True,19.9,470.1042402951319,0.0,1.7000000000000455,1469.9627869939457
9115200.0,685,iso13790,native,True,19.900000000000002,585.9599829192545,0.0,-0.5999999999999659,1041.974784
9118800.0,685,iso13790,native,True,19.899999999999995,632.8457389890806,0.0,0.6000000000000227,1214.584128
9122400.0,685,iso13790,native,True,19.900000000000002,838.2189068615243,0.0,-1.6999999999999886,653.60376
9126000.0,685,iso13790,native,True,19.900000000000002,1073.6635372978315,0.0,-2.1999999999999886,578.087172
9129600.0,685,iso13790,native,True,19.9,1230.3666156951608,0.0,-2.0,432.448038
9133200.0,685,iso13790,native,True,19.899999999999995,1297.1912343409508,0.0,-1.099999999999966,432.448038
9136800.0,685,iso13790,native,True,19.900000000000002,1401.6075395644712,0.0,-1.099999999999966,87.22934999999998
9140400.0,685,iso13790,native,True,19.900000000000002,1479.522489891192,0.0,-2.1999999999999886,453.7068036469067
9144000.0,685,iso13790,native,True,19.899999999999995,1558.4111613777316,0.0,-1.6999999999999886,-101.56212000000002
9147600.0,685,iso13790,native,True,19.89999999999999,1706.6457343876873,0.0,-2.1999999999999886,-101.56212000000002
9151200.0,685,iso13790,native,True,19.899999999999984,1808.9516895871511,0.0,-2.7999999999999545,-101.56212000000002
9154800.0,685,iso13790,native,True,19.900000000000016,1908.1968292940041,0.0,-3.8999999999999773,-101.56212000000002
9158400.0,685,iso13790,native,True,19.900000000000002,2031.421397810043,0.0,-5.599999999999966,-101.56212000000002
9162000.0,685,iso13790,native,True,19.900000000000013,2143.534083119204,0.0,-6.699999999999989,-101.56212000000002
9165600.0,685,iso13790,native,True,19.899999999999995,2203.6133445395467,0.0,-6.699999999999989,-101.56212000000002
9169200.0,685,iso13790,native,True,19.900000000000002,2210.079003300738,0.0,-6.099999999999966,-101.56212000000002
9172800.0,685,iso13790,native,True,19.90000000000001,2236.9524902064404,0.0,-6.699999999999989,-101.56212000000002
9176400.0,685,iso13790,native,True,19.900000000000013,2272.508056722632,0.0,-7.199999999999989,-101.56212000000002
9180000.0,685,iso13790,native,True,19.9,2280.695056833608,0.0,-7.199999999999989,-47.73467405060738
9183600.0,685,iso13790,native,True,19.90000000000001,2073.441324648589,0.0,-5.599999999999966,615.2020695328642
9187200.0,685,iso13790,native,True,19.899999999999988,1690.2248204417344,0.0,-2.7999999999999545,871.9576969116658
9190800.0,685,iso13790,native,True,19.900000000000002,1323.8594905836887,0.0,-0.5999999999999659,1025.7771433955438
9194400.0,685,iso13790,native,True,19.899999999999995,956.8839628290098,0.0,2.2000000000000455,1189.6517771412198
9198000.0,685,iso13790,native,True,19.900000000000006,721.4405490480643,0.0,3.3000000000000114,1040.8831577214626
9201600.0,685,iso13790,native,True,19.9,572.1489569600059,0.0,5.600000000000023,820.8676138216812
9205200.0,685,iso13790,native,True,19.9,480.7053389692949,0.0,7.2000000000000455,719.3489552159805
9208800.0,685,iso13790,native,True,19.9,359.0558915640828,0.0,9.400000000000034,705.1331498366903
9212400.0,685,iso13790,native,True,19.899999999999995,202.64821236352148,0.0,10.600000000000023,909.523889969664
9216000.0,685,iso13790,native,True,20.1,0.0,175.8054962114563,11.700000000000045,2202.6576282149645
9219600.0,685,iso13790,native,True,20.099999999999994,0.0,788.7722356966723,12.200000000000045,2920.2453663190677
9223200.0,685,iso13790,native,True,20.099999999999998,0.0,1133.0227699683992,11.100000000000023,2716.005688547123
9226800.0,685,iso13790,native,True,20.100000000000005,0.0,695.7018202752863,7.800000000000011,563.6773040624847
9230400.0,685,iso13790,native,True,19.9,34.65563669791436,0.0,6.100000000000023,-101.56212000000002
9234000.0,685,iso13790,native,True,19.899999999999995,607.685350779762,0.0,5.0,-101.56212000000002
9237600.0,685,iso13790,native,True,19.900000000000002,906.3841112820049,0.0,5.0,-101.56212000000002
9241200.0,685,iso13790,native,True,19.9,1036.3845101106388,0.0,5.600000000000023,-101.56212000000002
9244800.0,685,iso13790,native,True,19.9,1102.5749361242163,0.0,5.600000000000023,-101.56212000000002
9248400.0,685,iso13790,native,True,19.900000000000002,1161.479848819109,0.0,5.0,-101.56212000000002
9252000.0,685,iso13790,native,True,19.899999999999995,1168.449097247103,0.0,5.600000000000023,-101.56212000000002
9255600.0,685,iso13790,native,True,19.899999999999995,1195.5832955314997,0.0,5.0,-101.56212000000002
9259200.0,685,iso13790,native,True,19.899999999999988,1235.380122845696,0.0,4.400000000000034,-101.56212000000002
9262800.0,685,iso13790,native,True,19.900000000000002,1277.6261798888963,0.0,3.900000000000034,-101.56212000000002
9266400.0,685,iso13790,native,True,19.899999999999995,1241.9727636775253,0.0,5.0,-37.424952246081844
9270000.0,685,iso13790,native,True,19.900000000000002,845.251667094376,0.0,11.700000000000045,401.8422809262483
9273600.0,685,iso13790,native,True,19.900000000000002,426.0680945728602,0.0,14.400000000000034,503.5810460098443
9277200.0,685,iso13790,native,True,19.899999999999995,78.95372809835781,0.0,16.100000000000023,692.9113627355043
9280800.0,685,iso13790,native,True,20.099999999999998,0.0,145.02693305910964,17.200000000000045,770.3439548885259
9284400.0,685,iso13790,native,True,20.10000000000001,0.0,386.5265200386988,18.30000000000001,889.4678876361231
9288000.0,685,iso13790,native,True,20.099999999999994,0.0,609.2519267947416,18.900000000000034,1141.4975599042032
9291600.0,685,iso13790,native,True,20.099999999999987,0.0,908.6167444226028,19.400000000000034,1733.3900546081354
9295200.0,685,iso13790,native,True,20.10000000000001,0.0,1215.040951934502,19.400000000000034,2008.3382015552488
9298800.0,685,iso13790,native,True,20.10000000000001,0.0,1322.859816699736,19.400000000000034,1553.0171454158212
9302400.0,685,iso13790,native,True,20.10000000000001,0.0,1310.8300873282105,20.0,1454.0245857622072
9306000.0,685,iso13790,native,True,20.09999999999998,0.0,1070.4069653715128,17.80000000000001,829.5449954943098
9309600.0,685,iso13790,native,True,20.1,0.0,1060.5406677710525,17.0,2038.0531175384444
9313200.0,685,iso13790,native,True,20.10000000000001,0.0,925.1697420389047,16.100000000000023,671.9668549266981
9316800.0,685,iso13790,native,True,20.099999999999994,0.0,317.11295022033465,12.200000000000045,-101.56212000000002
9320400.0,685,iso13790,native,True,19.900000000000006,97.72443567044921,0.0,11.700000000000045,-101.56212000000002
9324000.0,685,iso13790,native,True,19.900000000000002,400.0097308367279,0.0,10.600000000000023,-101.56212000000002
9327600.0,685,iso13790,native,True,19.899999999999995,628.3494006937856,0.0,8.900000000000034,-101.56212000000002
9331200.0,685,iso13790,native,True,19.899999999999995,749.7116233130099,0.0,8.900000000000034,-101.56212000000002
9334800.0,685,iso13790,native,True,19.900000000000002,857.7107494786732,0.0,7.800000000000011,-101.56212000000002
9338400.0,685,iso13790,native,True,19.900000000000002,940.2981305174809,0.0,7.2000000000000455,-101.56212000000002
9342000.0,685,iso13790,native,True,19.90000000000001,984.1656680336505,0.0,7.2000000000000455,-101.56212000000002
9345600.0,685,iso13790,native,True,19.900000000000002,1027.4075990478382,0.0,6.7000000000000455,-101.56212000000002
9349200.0,685,iso13790,native,True,19.9,1030.1890577540375,0.0,7.2000000000000455,-101.56212000000002
9352800.0,685,iso13790,native,True,19.899999999999995,969.8802485281584,0.0,8.300000000000011,-25.9717391309525
9356400.0,685,iso13790,native,True,19.900000000000002,744.7079768763153,0.0,10.600000000000023,386.9911939777462
9360000.0,685,iso13790,native,True,19.900000000000002,350.51826817178323,0.0,15.0,519.2553308494387
9363600.0,685,iso13790,native,True,20.1,0.0,4.608170940194415,18.30000000000001,695.4726811163964
9367200.0,685,iso13790,native,True,20.1,0.0,354.55847846720496,18.900000000000034,1014.4876695804674
9370800.0,685,iso13790,native,True,20.099999999999994,0.0,762.8583061795701,19.400000000000034,1763.224831910761
9374400.0,685,iso13790,native,True,20.100000000000005,0.0,1250.8284029098704,21.100000000000023,2185.6780275452916
9378000.0,685,iso13790,native,True,20.09999999999999,0.0,1466.979414962782,21.100000000000023,1671.80359282757
9381600.0,685,iso13790,native,True,20.10000000000001,0.0,1477.7804121280303,22.80000000000001,1238.8092393371044
9385200.0,685,iso13790,native,True,20.1,0.0,1408.1537341822395,21.700000000000045,1409.071188561324
9388800.0,685,iso13790,native,True,20.10000000000001,0.0,1546.5675069013157,22.200000000000045,2032.247639587339
9392400.0,685,iso13790,native,True,20.09999999999999,0.0,1639.2328669067629,21.100000000000023,1871.5668306465
9396000.0,685,iso13790,native,True,20.10000000000001,0.0,1574.4274252134892,18.30000000000001,2014.6936615205532
9399600.0,685,iso13790,native,True,20.099999999999994,0.0,1059.9670209514136,16.700000000000045,-74.59191000000001
9403200.0,685,iso13790,native,True,20.099999999999994,0.0,430.123826165535,16.100000000000023,-101.56212000000002
9406800.0,685,iso13790,native,True,20.1,0.0,8.336324290925223,13.900000000000034,-101.56212000000002
9410400.0,685,iso13790,native,True,19.900000000000002,254.4305278422086,0.0,11.700000000000045,-101.56212000000002
9414000.0,685,iso13790,native,True,19.899999999999995,460.60596603785893,0.0,11.100000000000023,-101.56212000000002
9417600.0,685,iso13790,native,True,19.900000000000002,638.2626913152104,0.0,9.400000000000034,-101.56212000000002
9421200.0,685,iso13790,native,True,19.9,684.1105832523558,0.0,10.600000000000023,-101.56212000000002
9424800.0,685,iso13790,native,True,19.899999999999988,800.0678428241966,0.0,8.300000000000011,-101.56212000000002
9428400.0,685,iso13790,native,True,19.899999999999995,909.5297558986407,0.0,7.2000000000000455,-101.56212000000002
9432000.0,685,iso13790,native,True,19.900000000000006,923.0675181398258,0.0,8.300000000000011,-101.56212000000002
9435600.0,685,iso13790,native,True,19.899999999999995,903.4005102294154,0.0,8.900000000000034,-101.56212000000002
9439200.0,685,iso13790,native,True,19.899999999999995,909.200199598545,0.0,8.300000000000011,-65.12821305318525
9442800.0,685,iso13790,native,True,19.899999999999995,683.9934017200432,0.0,11.100000000000023,459.23048243952707
9446400.0,685,iso13790,native,True,19.899999999999995,254.2959402945012,0.0,13.900000000000034,990.6263062084269
9450000.0,685,iso13790,native,True,20.1,0.0,225.77993910652324,16.700000000000045,1490.193623685287
9453600.0,685,iso13790,native,True,20.1,0.0,576.8895754579612,18.30000000000001,1061.7410596712375
9457200.0,685,iso13790,native,True,20.100000000000005,0.0,814.0821823144402,19.400000000000034,1424.0455687914664
9460800.0,685,iso13790,native,True,20.100000000000005,0.0,1139.4022580859423,19.400000000000034,2115.5907164396276
9464400.0,685,iso13790,native,True,20.1,0.0,1489.2063453984429,21.100000000000023,2126.42417923604
9468000.0,685,iso13790,native,True,20.099999999999987,0.0,1647.1665179262322,21.100000000000023,1991.2224107505385
9471600.0,685,iso13790,native,True,20.099999999999998,0.0,1399.9884717415016,20.600000000000023,605.057382
9475200.0,685,iso13790,native,True,20.10000000000001,0.0,1047.4115567052022,20.0,702.150138
9478800.0,685,iso13790,native,True,20.1,0.0,776.919262846738,18.30000000000001,545.7229199999999
9482400.0,685,iso13790,native,True,20.100000000000016,0.0,484.5268250833886,17.200000000000045,162.74593799999997
9486000.0,685,iso13790,native,True,20.1,0.0,293.28710416250937,15.0,708.7100813633698
9489600.0,685,iso13790,native,True,20.1,0.0,63.561713956786605,13.900000000000034,-101.56212000000002
9493200.0,685,iso13790,native,True,19.9,205.3085689240321,0.0,12.200000000000045,-101.56212000000002
9496800.0,685,iso13790,native,True,19.899999999999995,298.7414012853357,0.0,14.400000000000034,-101.56212000000002
9500400.0,685,iso13790,native,True,19.9,433.3747847751109,0.0,12.200000000000045,-101.56212000000002
9504000.0,685,iso13790,native,True,19.900000000000002,572.8516240602913,0.0,10.600000000000023,-101.56212000000002
9507600.0,685,iso13790,native,True,19.899999999999995,697.2992364865869,0.0,9.400000000000034,-101.56212000000002
9511200.0,685,iso13790,native,True,19.899999999999995,784.4810676604307,0.0,8.900000000000034,-101.56212000000002
9514800.0,685,iso13790,native,True,19.9,875.7110985124857,0.0,7.800000000000011,-101.56212000000002
9518400.0,685,iso13790,native,True,19.89999999999999,1015.3176420956655,0.0,5.600000000000023,-101.56212000000002
9522000.0,685,iso13790,native,True,19.899999999999995,1071.1370479105142,0.0,6.100000000000023,-101.56212000000002
9525600.0,685,iso13790,native,True,19.89999999999999,1144.2779687826405,0.0,5.0,-101.56212000000002
9529200.0,685,iso13790,native,True,19.90000000000001,936.4586254455442,0.0,8.300000000000011,440.328745775455
9532800.0,685,iso13790,native,True,19.899999999999995,651.6719638004827,0.0,10.0,515.6793534748386
9536400.0,685,iso13790,native,True,19.9,374.77287406401456,0.0,12.200000000000045,631.878468658274
9540000.0,685,iso13790,native,True,19.9,163.28963437899216,0.0,13.300000000000011,634.364948891369
9543600.0,685,iso13790,native,True,20.1,0.0,70.72037998986276,14.400000000000034,1247.328100469266
9547200.0,685,iso13790,native,True,20.100000000000005,0.0,477.0003420521774,14.400000000000034,1946.3691301581696
9550800.0,685,iso13790,native,True,20.099999999999994,0.0,779.4917749988417,15.0,1738.7274307263938
9554400.0,685,iso13790,native,True,20.099999999999984,0.0,956.1531167831066,15.600000000000023,1869.7810750364774
9558000.0,685,iso13790,native,True,20.1,0.0,848.2322152706623,14.400000000000034,1039.4997068975224
9561600.0,685,iso13790,native,True,20.099999999999998,0.0,532.6402772936332,13.0,707.54418
9565200.0,685,iso13790,native,True,20.100000000000005,0.0,379.36521541214717,13.300000000000011,962.8352854259018
9568800.0,685,iso13790,native,True,20.100000000000005,0.0,89.44148323044503,11.700000000000045,65.65318199999999
9572400.0,685,iso13790,native,True,19.9,373.74679141710243,0.0,7.2000000000000455,-96.16807800000001
9576000.0,685,iso13790,native,True,19.900000000000002,710.5372996017825,0.0,6.7000000000000455,-101.56212000000002
9579600.0,685,iso13790,native,True,19.899999999999995,911.3125894660518,0.0,6.100000000000023,-101.56212000000002
9583200.0,685,iso13790,native,True,19.899999999999995,1036.8981581757096,0.0,5.600000000000023,-101.56212000000002
9586800.0,685,iso13790,native,True,19.899999999999995,1127.4785885551617,0.0,5.0,-101.56212000000002
9590400.0,685,iso13790,native,True,19.899999999999995,1200.1219092208166,0.0,4.400000000000034,-101.56212000000002
9594000.0,685,iso13790,native,True,19.9,1259.372792080476,0.0,3.900000000000034,-101.56212000000002
9597600.0,685,iso13790,native,True,19.899999999999995,1327.93022622506,0.0,3.0,-101.56212000000002
9601200.0,685,iso13790,native,True,19.899999999999995,1397.940466613896,0.0,2.2000000000000455,-101.56212000000002
9604800.0,685,iso13790,native,True,19.9,1526.0056194094561,0.0,0.0,-101.56212000000002
9608400.0,685,iso13790,native,True,19.900000000000002,1596.381423070579,0.0,0.0,-101.56212000000002
9612000.0,685,iso13790,native,True,19.90000000000001,1632.8153970155647,0.0,0.0,-101.56212000000002
9615600.0,685,iso13790,native,True,19.899999999999995,1613.699410449801,0.0,0.0,81.83530799999998
9619200.0,685,iso13790,native,True,19.900000000000002,1534.5956498892247,0.0,0.0,276.02082
9622800.0,685,iso13790,native,True,19.899999999999995,1423.8472611543164,0.0,0.0,464.81228999999996
9626400.0,685,iso13790,native,True,19.899999999999995,1288.569356170964,0.0,0.6000000000000227,578.087172
9630000.0,685,iso13790,native,True,19.89999999999999,1094.7191072364274,0.0,2.2000000000000455,766.878642
9633600.0,685,iso13790,native,True,19.899999999999995,992.1339633168324,0.0,1.7000000000000455,718.332264
9637200.0,685,iso13790,native,True,19.899999999999995,871.670380180829,0.0,1.7000000000000455,1085.1271199999999
9640800.0,685,iso13790,native,True,19.899999999999995,736.7623457666107,0.0,2.0,1095.915204
9644400.0,685,iso13790,native,True,19.9,659.2704684647827,0.0,2.2000000000000455,1082.2742638470106
9648000.0,685,iso13790,native,True,19.900000000000002,736.452344463986,0.0,2.8000000000000114,405.47782800000004
9651600.0,685,iso13790,native,True,19.900000000000006,916.9272203718945,0.0,2.8000000000000114,238.262526
9655200.0,685,iso13790,native,True,19.900000000000002,1046.424575767078,0.0,3.3000000000000114,92.623392
9658800.0,685,iso13790,native,True,19.899999999999995,1183.6283863613476,0.0,3.0,-79.98595200000001
9662400.0,685,iso13790,native,True,19.89999999999999,1319.8233393834064,0.0,2.2000000000000455,-101.56212000000002
9666000.0,685,iso13790,native,True,19.899999999999995,1415.7570036915863,0.0,1.7000000000000455,-101.56212000000002
9669600.0,685,iso13790,native,True,19.89999999999999,1490.986466036843,0.0,1.1000000000000227,-101.56212000000002
9673200.0,685,iso13790,native,True,19.899999999999995,1576.2139436517289,0.0,0.0,-101.56212000000002
9676800.0,685,iso13790,native,True,19.900000000000006,1622.3745724500577,0.0,0.0,-101.56212000000002
9680400.0,685,iso13790,native,True,19.900000000000006,1646.2722057193062,0.0,0.0,-101.56212000000002
9684000.0,685,iso13790,native,True,19.9,1658.6441532152242,0.0,0.0,-101.56212000000002
9687600.0,685,iso13790,native,True,19.900000000000006,1665.0491843376487,0.0,0.0,-101.56212000000002
9691200.0,685,iso13790,native,True,19.899999999999995,1693.0028409695399,0.0,-0.5999999999999659,-101.56212000000002
9694800.0,685,iso13790,native,True,19.9,1708.586173005884,0.0,-0.5999999999999659,-101.56212000000002
9698400.0,685,iso13790,native,True,19.9,1733.0789129276682,0.0,-1.0,-101.56212000000002
9702000.0,685,iso13790,native,True,19.900000000000002,1666.8311177034595,0.0,-1.099999999999966,302.99102999999997
9705600.0,685,iso13790,native,True,19.899999999999984,1566.5254421251243,0.0,-1.099999999999966,313.77911399999994
9709200.0,685,iso13790,native,True,19.90000000000001,1481.6149336108929,0.0,-1.099999999999966,464.81228999999996
9712800.0,685,iso13790,native,True,19.900000000000002,1382.5017771964178,0.0,-1.099999999999966,615.845466
9716400.0,685,iso13790,native,True,19.90000000000001,1270.0254080514753,0.0,-0.5999999999999659,696.756096
9720000.0,685,iso13790,native,True,19.89999999999999,1135.4616057797366,0.0,0.0,880.153524
9723600.0,685,iso13790,native,True,19.900000000000002,1006.6482857121387,0.0,0.0,1020.398616
9727200.0,685,iso13790,native,True,19.900000000000002,833.2687605281765,0.0,0.0,1428.545157434045
9730800.0,685,iso13790,native,True,19.900000000000002,678.3953929192835,0.0,1.0,1233.078842870225
9734400.0,685,iso13790,native,True,19.899999999999995,707.3513273211887,0.0,1.7000000000000455,707.54418
9738000.0,685,iso13790,native,True,19.900000000000002,920.3643676964488,0.0,1.1000000000000227,265.23273599999993
9741600.0,685,iso13790,native,True,19.899999999999988,1162.4272260320918,0.0,0.6000000000000227,71.04722399999999
9745200.0,685,iso13790,native,True,19.899999999999988,1168.5484660373852,0.0,0.6000000000000227,799.3780201490164
9748800.0,685,iso13790,native,True,19.899999999999995,1243.1353505473548,0.0,0.6000000000000227,-101.56212000000002
9752400.0,685,iso13790,native,True,19.899999999999995,1403.6570595802882,0.0,1.1000000000000227,-101.56212000000002
9756000.0,685,iso13790,native,True,19.900000000000002,1485.8338097083931,0.0,1.1000000000000227,-101.56212000000002
9759600.0,685,iso13790,native,True,19.899999999999984,1548.9086489317256,0.0,0.6000000000000227,-101.56212000000002
9763200.0,685,iso13790,native,True,19.899999999999995,1582.4891674891016,0.0,0.6000000000000227,-101.56212000000002
9766800.0,685,iso13790,native,True,19.90000000000001,1649.149470058138,0.0,-0.5999999999999659,-101.56212000000002
9770400.0,685,iso13790,native,True,19.900000000000002,1706.414465726577,0.0,-1.099999999999966,-101.56212000000002
9774000.0,685,iso13790,native,True,19.900000000000002,1736.9871935705007,0.0,-1.099999999999966,-101.56212000000002
9777600.0,685,iso13790,native,True,19.90000000000001,1752.8148774013848,0.0,-1.099999999999966,-101.56212000000002
9781200.0,685,iso13790,native,True,19.899999999999995,1761.0089638672441,0.0,-1.099999999999966,-101.56212000000002
9784800.0,685,iso13790,native,True,19.90000000000001,1765.2510913779713,0.0,-1.099999999999966,-101.56212000000002
9788400.0,685,iso13790,native,True,19.899999999999988,1610.1271444560764,0.0,0.0,440.01866999146074
9792000.0,685,iso13790,native,True,19.899999999999984,1289.528952790767,0.0,1.7000000000000455,839.962420916968
9795600.0,685,iso13790,native,True,19.900000000000002,850.484835085751,0.0,3.3000000000000114,1520.794400998149
9799200.0,685,iso13790,native,True,19.9,411.38329401046207,0.0,3.900000000000034,1890.524719930757
9802800.0,685,iso13790,native,True,19.9,29.150660636235457,0.0,5.600000000000023,2013.8299108098236
9806400.0,685,iso13790,native,True,20.1,0.0,208.86046269651354,6.7000000000000455,2121.6281025871185
9810000.0,685,iso13790,native,True,20.1,0.0,444.3888015996886,7.800000000000011,2153.656926520696
9813600.0,685,iso13790,native,True,20.099999999999998,0.0,574.1367238582959,8.300000000000011,2057.9474985031093
9817200.0,685,iso13790,native,True,20.10000000000001,0.0,542.4667341481851,7.800000000000011,1748.3850849713526
9820800.0,685,iso13790,native,True,20.1,0.0,314.276861099361,7.800000000000011,966.4394812273824
9824400.0,685,iso13790,native,True,19.899999999999995,44.393795112050014,0.0,6.7000000000000455,378.5076179999999
9828000.0,685,iso13790,native,True,19.9,454.80278862634236,0.0,6.100000000000023,71.04722399999999
9831600.0,685,iso13790,native,True,19.899999999999995,713.2244211286802,0.0,5.0,307.3798402856979
9835200.0,685,iso13790,native,True,19.900000000000002,921.0061276418859,0.0,4.400000000000034,-101.56212000000002
9838800.0,685,iso13790,native,True,19.899999999999995,1110.766595700011,0.0,4.0,-101.56212000000002
9842400.0,685,iso13790,native,True,19.9,1213.854050518396,0.0,3.900000000000034,-101.56212000000002
9846000.0,685,iso13790,native,True,19.89999999999999,1267.4083011732482,0.0,3.900000000000034,-101.56212000000002
9849600.0,685,iso13790,native,True,19.900000000000002,1319.7713904027855,0.0,3.3000000000000114,-101.56212000000002
9853200.0,685,iso13790,native,True,19.900000000000002,1347.9916315045848,0.0,3.3000000000000114,-101.56212000000002
9856800.0,685,iso13790,native,True,19.900000000000002,1407.7705974553721,0.0,2.2000000000000455,-101.56212000000002
9860400.0,685,iso13790,native,True,19.9,1461.2878245480827,0.0,1.7000000000000455,-101.56212000000002
9864000.0,685,iso13790,native,True,19.89999999999999,1514.5580439724517,0.0,1.1000000000000227,-101.56212000000002
9867600.0,685,iso13790,native,True,19.899999999999995,1498.0787332359896,0.0,2.2000000000000455,-101.56212000000002
9871200.0,685,iso13790,native,True,19.900000000000002,1536.7849086163285,0.0,1.0,-101.56212000000002
9874800.0,685,iso13790,native,True,19.900000000000006,1443.545876513764,0.0,0.6000000000000227,535.5117535784461
9878400.0,685,iso13790,native,True,19.900000000000002,1310.2651910581808,0.0,1.0,383.90166
9882000.0,685,iso13790,native,True,19.899999999999995,1249.6426723336779,0.0,0.6000000000000227,534.934836
9885600.0,685,iso13790,native,True,19.899999999999995,872.4141659675498,0.0,3.3000000000000114,1557.9015184829366
9889200.0,685,iso13790,native,True,19.899999999999995,313.2340488962022,0.0,5.0,2172.8607916175756
9892800.0,685,iso13790,native,True,20.1,0.0,109.87358958793035,6.7000000000000455,2237.783242567615
9896400.0,685,iso13790,native,True,20.100000000000005,0.0,431.8615261990186,7.800000000000011,2251.9501665101566
9900000.0,685,iso13790,native,True,20.100000000000005,0.0,557.4743830875599,7.800000000000011,2032.9057660600065
9903600.0,685,iso13790,native,True,20.100000000000005,0.0,553.1955397664747,8.300000000000011,1766.2957903341448
9907200.0,685,iso13790,native,True,20.100000000000005,0.0,279.8275064881512,9.400000000000034,437.84207999999995
9910800.0,685,iso13790,native,True,19.937910514971986,0.0,0.0,7.2000000000000455,1014.8956784343121
9914400.0,685,iso13790,native,True,19.899999999999995,97.42792555682801,0.0,7.2000000000000455,939.4562889503776
9918000.0,685,iso13790,native,True,19.9,267.4015618270392,0.0,5.0,893.9820150476977
9921600.0,685,iso13790,native,True,19.900000000000002,617.9903234307795,0.0,3.900000000000034,-101.56212000000002
9925200.0,685,iso13790,native,True,19.900000000000002,958.9260902700831,0.0,3.900000000000034,-101.56212000000002
9928800.0,685,iso13790,native,True,19.900000000000002,1225.7689304591538,0.0,1.7000000000000455,-101.56212000000002
9932400.0,685,iso13790,native,True,19.89999999999999,1392.6285056313166,0.0,1.1000000000000227,-101.56212000000002
9936000.0,685,iso13790,native,True,19.899999999999995,1500.6557062494671,0.0,0.6000000000000227,-101.56212000000002
9939600.0,685,iso13790,native,True,19.899999999999995,1557.5083308237106,0.0,0.6000000000000227,-101.56212000000002
9943200.0,685,iso13790,native,True,19.900000000000002,1611.5790079341366,0.0,0.0,-101.56212000000002
9946800.0,685,iso13790,native,True,19.899999999999995,1616.0455437227595,0.0,0.6000000000000227,-101.56212000000002
9950400.0,685,iso13790,native,True,19.90000000000001,1641.8840727238146,0.0,0.0,-101.56212000000002
9954000.0,685,iso13790,native,True,19.90000000000001,1701.541569109834,0.0,-1.099999999999966,-101.56212000000002
9957600.0,685,iso13790,native,True,19.899999999999995,1664.6575535655215,0.0,0.6000000000000227,-101.56212000000002
9961200.0,685,iso13790,native,True,19.900000000000002,1411.1315038018427,0.0,3.3000000000000114,479.9104463687757
9964800.0,685,iso13790,native,True,19.9,985.806346356188,0.0,7.0,698.2186000401089
9968400.0,685,iso13790,native,True,19.899999999999995,663.0503425823487,0.0,6.100000000000023,1172.1883599014668
9972000.0,685,iso13790,native,True,19.900000000000002,365.70685329131703,0.0,7.800000000000011,1110.2625087339609
9975600.0,685,iso13790,native,True,19.953180503756602,0.0,0.0,8.900000000000034,2011.0697717261971
9979200.0,685,iso13790,native,True,20.100000000000005,0.0,299.1380445647157,11.100000000000023,1531.6018121213676
9982800.0,685,iso13790,native,True,20.1,0.0,486.10710035767545,11.100000000000023,1886.1551964048329
9986400.0,685,iso13790,native,True,20.100000000000016,0.0,573.6981670128519,11.700000000000045,1452.0407815056628
9990000.0,685,iso13790,native,True,20.1,0.0,542.3170398513616,12.200000000000045,1308.440524637036
9993600.0,685,iso13790,native,True,20.1,0.0,598.5120716812271,12.200000000000045,1763.4234882361266
9997200.0,685,iso13790,native,True,20.09999999999999,0.0,495.83220349302957,11.700000000000045,878.870104352537
10000800.0,685,iso13790,native,True,20.099999999999994,0.0,109.97731868058534,11.100000000000023,71.04722399999999
10004400.0,685,iso13790,native,True,19.900000000000002,182.54741180588192,0.0,10.0,221.82636643890004
10008000.0,685,iso13790,native,True,19.900000000000002,535.5584500893481,0.0,7.2000000000000455,-101.56212000000002
10011600.0,685,iso13790,native,True,19.9,819.7986963237984,0.0,6.100000000000023,-101.56212000000002
10015200.0,685,iso13790,native,True,19.900000000000002,1014.1586027974263,0.0,5.0,-101.56212000000002
10018800.0,685,iso13790,native,True,19.89999999999999,1071.6485633592372,0.0,6.100000000000023,-101.56212000000002
10022400.0,685,iso13790,native,True,19.89999999999999,1099.3736048271091,0.0,6.100000000000023,-101.56212000000002
10026000.0,685,iso13790,native,True,19.9,1204.06538152821,0.0,3.900000000000034,-101.56212000000002
10029600.0,685,iso13790,native,True,19.89999999999999,1241.8092039649612,0.0,4.400000000000034,-101.56212000000002
10033200.0,685,iso13790,native,True,19.899999999999995,1165.9784627113042,0.0,6.7000000000000455,-101.56212000000002
10036800.0,685,iso13790,native,True,19.899999999999995,1147.0972001840603,0.0,6.100000000000023,-101.56212000000002
10040400.0,685,iso13790,native,True,19.899999999999988,1093.264636244619,0.0,7.2000000000000455,-101.56212000000002
10044000.0,685,iso13790,native,True,19.899999999999995,993.5504294752245,0.0,8.900000000000034,-101.56212000000002
10047600.0,685,iso13790,native,True,19.9,717.1747453357614,0.0,11.100000000000023,532.3224408498497
10051200.0,685,iso13790,native,True,19.900000000000002,394.07814755023554,0.0,11.700000000000045,779.0105479685714
10054800.0,685,iso13790,native,True,19.93849987593379,0.0,0.0,13.300000000000011,1409.789401857588
10058400.0,685,iso13790,native,True,20.1,0.0,404.1747765905048,15.600000000000023,1580.8861311576302
10062000.0,685,iso13790,native,True,20.1,0.0,693.9985004392067,17.200000000000045,1339.996580034812
10065600.0,685,iso13790,native,True,20.099999999999998,0.0,922.8472296979664,17.200000000000045,1890.1485067687568
10069200.0,685,iso13790,native,True,20.10000000000001,0.0,1044.7421821675491,18.30000000000001,1268.5075054773058
10072800.0,685,iso13790,native,True,20.099999999999987,0.0,1091.6429255411006,19.400000000000034,1436.8945554852862
10076400.0,685,iso13790,native,True,20.1,0.0,1305.1148684716936,21.700000000000045,1756.0289018318967
10080000.0,685,iso13790,native,True,20.099999999999998,0.0,1248.2223405649286,18.900000000000034,1238.6055544970036
10083600.0,685,iso13790,native,True,20.099999999999994,0.0,938.656761875794,17.80000000000001,524.146752
10087200.0,685,iso13790,native,True,20.099999999999994,0.0,580.9750880412888,16.100000000000023,463.22041299701533
10090800.0,685,iso13790,native,True,20.1,0.0,117.0884282438882,12.200000000000045,-47.62170000000001
10094400.0,685,iso13790,native,True,19.899999999999995,192.75031867717604,0.0,11.700000000000045,-101.56212000000002
10098000.0,685,iso13790,native,True,19.900000000000002,449.20519810609375,0.0,10.600000000000023,-101.56212000000002
10101600.0,685,iso13790,native,True,19.899999999999995,633.2867431686035,0.0,9.400000000000034,-101.56212000000002
10105200.0,685,iso13790,native,True,19.900000000000002,775.9791512506896,0.0,8.300000000000011,-101.56212000000002
10108800.0,685,iso13790,native,True,19.90000000000001,872.4211626179366,0.0,7.800000000000011,-101.56212000000002
10112400.0,685,iso13790,native,True,19.900000000000002,947.9137992722809,0.0,7.2000000000000455,-101.56212000000002
10116000.0,685,iso13790,native,True,19.900000000000006,988.1083452401788,0.0,7.2000000000000455,-101.56212000000002
10119600.0,685,iso13790,native,True,19.900000000000002,1054.0864803486127,0.0,6.100000000000023,-101.56212000000002
10123200.0,685,iso13790,native,True,19.900000000000002,1065.643875786082,0.0,6.7000000000000455,-101.56212000000002
10126800.0,685,iso13790,native,True,19.90000000000001,1185.4917423023105,0.0,3.900000000000034,-101.56212000000002
10130400.0,685,iso13790,native,True,19.9,1207.555786228759,0.0,5.0,-101.56212000000002
10134000.0,685,iso13790,native,True,19.9,980.2307009296045,0.0,7.800000000000011,486.29474940287236
10137600.0,685,iso13790,native,True,19.899999999999995,571.9051938934566,0.0,9.400000000000034,1098.662718493073
10141200.0,685,iso13790,native,True,19.9,181.25035687603125,0.0,10.600000000000023,1244.533305182119
10144800.0,685,iso13790,native,True,20.10000000000001,0.0,198.474968261833,11.700000000000045,2002.8636672529342
10148400.0,685,iso13790,native,True,20.099999999999994,0.0,533.1982437046679,13.300000000000011,1563.8092846957143
10152000.0,685,iso13790,native,True,20.100000000000016,0.0,790.9073171813902,14.400000000000034,2074.2489528408287
10155600.0,685,iso13790,native,True,20.099999999999998,0.0,1063.7110832103147,16.100000000000023,2010.702287677891
10159200.0,685,iso13790,native,True,20.10000000000001,0.0,1011.1935640711466,15.600000000000023,1207.5330622246202
10162800.0,685,iso13790,native,True,20.1,0.0,962.8852146689723,16.100000000000023,1624.0691010644778
10166400.0,685,iso13790,native,True,20.09999999999998,0.0,997.9755973673243,15.600000000000023,1690.953640310203
10170000.0,685,iso13790,native,True,20.100000000000016,0.0,615.5748684099942,12.800000000000011,265.23273599999993
10173600.0,685,iso13790,native,True,20.099999999999998,0.0,31.821118563174764,10.0,71.04722399999999
10177200.0,685,iso13790,native,True,19.899999999999995,230.37204182158067,0.0,8.900000000000034,414.23603938614065
10180800.0,685,iso13790,native,True,19.899999999999995,462.1284252484819,0.0,8.900000000000034,-101.56212000000002
10184400.0,685,iso13790,native,True,19.900000000000002,733.4649437228134,0.0,7.2000000000000455,-101.56212000000002
10188000.0,685,iso13790,native,True,19.900000000000002,831.9177131538536,0.0,8.300000000000011,-101.56212000000002
10191600.0,685,iso13790,native,True,19.90000000000001,880.8494454645224,0.0,8.300000000000011,-101.56212000000002
10195200.0,685,iso13790,native,True,19.90000000000001,906.1816955752879,0.0,8.300000000000011,-101.56212000000002
10198800.0,685,iso13790,native,True,19.899999999999995,919.2963527797367,0.0,8.300000000000011,-101.56212000000002
10202400.0,685,iso13790,native,True,19.900000000000006,926.0858891548445,0.0,8.300000000000011,-101.56212000000002
10206000.0,685,iso13790,native,True,19.900000000000002,1019.9392298112492,0.0,6.100000000000023,-101.56212000000002
10209600.0,685,iso13790,native,True,19.899999999999995,1072.6033739637887,0.0,6.100000000000023,-101.56212000000002
10213200.0,685,iso13790,native,True,19.899999999999988,1099.8679159806436,0.0,6.100000000000023,-101.56212000000002
10216800.0,685,iso13790,native,True,19.899999999999988,1134.5143770469035,0.0,5.600000000000023,-101.56212000000002
10220400.0,685,iso13790,native,True,19.9,963.8662141402872,0.0,6.7000000000000455,595.4702141343635
10224000.0,685,iso13790,native,True,19.9,583.568836884802,0.0,8.300000000000011,1146.0389431753601
10227600.0,685,iso13790,native,True,19.899999999999995,268.06859569059424,0.0,8.300000000000011,1284.1912455455404
10231200.0,685,iso13790,native,True,19.9,6.758482681705101,0.0,8.900000000000034,1532.857907974259
10234800.0,685,iso13790,native,True,20.1,0.0,51.85102443542016,8.300000000000011,1327.8590100000001
10238400.0,685,iso13790,native,True,20.100000000000005,0.0,64.16295669311273,9.400000000000034,984.4963867481115
10242000.0,685,iso13790,native,True,20.1,0.0,213.39648988463333,10.0,1807.7008761857721
10245600.0,685,iso13790,native,True,20.099999999999994,0.0,373.65845045480495,10.600000000000023,1455.6861962315252
10249200.0,685,iso13790,native,True,20.100000000000005,0.0,125.90639912724876,8.300000000000011,578.087172
10252800.0,685,iso13790,native,True,20.099999999999998,0.0,15.661860379899297,8.900000000000034,1236.7204112545717
10256400.0,685,iso13790,native,True,19.899999999999995,28.136737219080953,0.0,8.900000000000034,551.116962
10260000.0,685,iso13790,native,True,19.899999999999995,221.78599342515776,0.0,7.800000000000011,667.0861616648107
10263600.0,685,iso13790,native,True,19.900000000000002,485.08440663735695,0.0,7.2000000000000455,-79.98595200000001
10267200.0,685,iso13790,native,True,19.899999999999995,765.6190460162863,0.0,6.7000000000000455,-101.56212000000002
10270800.0,685,iso13790,native,True,19.899999999999995,915.1910048560779,0.0,6.7000000000000455,-101.56212000000002
10274400.0,685,iso13790,native,True,19.9,992.6253014150157,0.0,6.7000000000000455,-101.56212000000002
10278000.0,685,iso13790,native,True,19.89999999999999,1032.7134992970784,0.0,6.7000000000000455,-101.56212000000002
10281600.0,685,iso13790,native,True,19.900000000000002,1032.935954007851,0.0,7.2000000000000455,-101.56212000000002
10285200.0,685,iso13790,native,True,19.899999999999995,1052.656267425816,0.0,6.7000000000000455,-101.56212000000002
10288800.0,685,iso13790,native,True,19.899999999999995,1063.791888995638,0.0,6.7000000000000455,-101.56212000000002
10292400.0,685,iso13790,native,True,19.900000000000002,1069.5568668009344,0.0,6.7000000000000455,-101.56212000000002
10296000.0,685,iso13790,native,True,19.9,1072.541430247808,0.0,6.7000000000000455,-101.56212000000002
10299600.0,685,iso13790,native,True,19.9,1074.086556572534,0.0,6.7000000000000455,-101.56212000000002
10303200.0,685,iso13790,native,True,19.9,1099.5242114600383,0.0,6.100000000000023,-101.56212000000002
10306800.0,685,iso13790,native,True,19.900000000000002,1026.6151411676444,0.0,6.7000000000000455,200.50423199999997
10310400.0,685,iso13790,native,True,19.899999999999988,942.2989755904854,0.0,6.100000000000023,308.385072
10314000.0,685,iso13790,native,True,19.90000000000001,818.9707278857991,0.0,6.7000000000000455,497.17654200000004
10317600.0,685,iso13790,native,True,19.899999999999995,688.387464630795,0.0,7.0,610.451424
10321200.0,685,iso13790,native,True,19.9,544.8947776765409,0.0,7.800000000000011,729.1203479999999
10324800.0,685,iso13790,native,True,19.899999999999995,432.4920312340353,0.0,7.800000000000011,815.4250199999999
10328400.0,685,iso13790,native,True,19.9,402.0484127287338,0.0,7.2000000000000455,734.51439
10332000.0,685,iso13790,native,True,19.9,418.45673400504876,0.0,7.0,685.9680119999999
10335600.0,685,iso13790,native,True,19.89999999999999,580.5258565831103,0.0,4.0,578.087172
10339200.0,685,iso13790,native,True,19.9,675.022974132251,0.0,5.0,437.84207999999995
10342800.0,685,iso13790,native,True,19.899999999999995,778.8919853065876,0.0,5.0,270.62677799999994
10346400.0,685,iso13790,native,True,19.899999999999995,870.2087486284512,0.0,5.600000000000023,98.01743399999998
10350000.0,685,iso13790,native,True,19.9,883.6576726331587,0.0,6.0,308.46299225809804
10353600.0,685,iso13790,native,True,19.9,982.5788643823179,0.0,5.0,-101.56212000000002
10357200.0,685,iso13790,native,True,19.900000000000002,1125.106456458536,0.0,4.400000000000034,-101.56212000000002
10360800.0,685,iso13790,native,True,19.899999999999995,1224.643133040793,0.0,3.8000000000000114,-101.56212000000002
10364400.0,685,iso13790,native,True,19.899999999999995,1306.0294448256434,0.0,3.1000000000000227,-101.56212000000002
10368000.0,685,iso13790,native,True,19.9,1374.0981748766615,0.0,2.5,-101.56212000000002
10371600.0,685,iso13790,native,True,19.900000000000002,1435.087053808721,0.0,1.900000000000034,-101.56212000000002
10375200.0,685,iso13790,native,True,19.90000000000001,1492.410651525032,0.0,1.3000000000000114,-101.56212000000002
10378800.0,685,iso13790,native,True,19.899999999999984,1551.9430002212944,0.0,0.6000000000000227,-101.56212000000002
10382400.0,685,iso13790,native,True,19.900000000000006,1608.6978030367864,0.0,0.0,-101.56212000000002
10386000.0,685,iso13790,native,True,19.9,1594.0224819370476,0.0,1.1000000000000227,-101.56212000000002
10389600.0,685,iso13790,native,True,19.899999999999995,1540.6555823217525,0.0,1.1000000000000227,109.61901963274494
10393200.0,685,iso13790,native,True,19.899999999999995,1300.985786196215,0.0,4.400000000000034,317.9728186714865
10396800.0,685,iso13790,native,True,19.900000000000002,1045.4804073025875,0.0,6.100000000000023,426.9427863711396
10400400.0,685,iso13790,native,True,19.900000000000002,794.1360333521984,0.0,7.800000000000011,566.4206817236216
10404000.0,685,iso13790,native,True,19.900000000000006,526.8328758902508,0.0,10.0,670.9276618839381
10407600.0,685,iso13790,native,True,19.899999999999995,265.66427177657164,0.0,12.200000000000045,728.139609998263
10411200.0,685,iso13790,native,True,19.900000000000002,24.06151737327836,0.0,14.400000000000034,742.3123665660269
10414800.0,685,iso13790,native,True,20.099999999999998,0.0,122.45826721189668,16.100000000000023,719.7432819904785
10418400.0,685,iso13790,native,True,20.100000000000005,0.0,349.88654928511295,18.900000000000034,698.4509521901991
10422000.0,685,iso13790,native,True,20.09999999999999,0.0,522.1310816139242,18.30000000000001,1071.8335897872103
10425600.0,685,iso13790,native,True,20.099999999999994,0.0,864.2543615293547,19.400000000000034,1795.520723162996
10429200.0,685,iso13790,native,True,20.1,0.0,1196.4550573267763,18.900000000000034,2081.2051068102255
10432800.0,685,iso13790,native,True,20.10000000000001,0.0,1125.4634523480827,18.30000000000001,813.2131272721363
10436400.0,685,iso13790,native,True,20.099999999999987,0.0,694.7298604366332,17.200000000000045,102.23472175062182
10440000.0,685,iso13790,native,True,20.100000000000005,0.0,200.1141288544919,14.400000000000034,-101.56212000000002
10443600.0,685,iso13790,native,True,19.899999999999995,133.68827052199453,0.0,12.200000000000045,-101.56212000000002
10447200.0,685,iso13790,native,True,19.9,417.7021254550988,0.0,10.600000000000023,-101.56212000000002
10450800.0,685,iso13790,native,True,19.899999999999995,616.9774142736876,0.0,9.400000000000034,-101.56212000000002
10454400.0,685,iso13790,native,True,19.900000000000002,788.0671590575606,0.0,7.800000000000011,-101.56212000000002
10458000.0,685,iso13790,native,True,19.9,904.243227740726,0.0,7.2000000000000455,-101.56212000000002
10461600.0,685,iso13790,native,True,19.899999999999995,986.0312742917715,0.0,6.7000000000000455,-101.56212000000002
10465200.0,685,iso13790,native,True,19.899999999999995,1074.4689106248488,0.0,5.600000000000023,-101.56212000000002
10468800.0,685,iso13790,native,True,19.899999999999995,1192.098370085711,0.0,3.900000000000034,-101.56212000000002
10472400.0,685,iso13790,native,True,19.900000000000002,1280.782989215153,0.0,3.3000000000000114,-101.56212000000002
10476000.0,685,iso13790,native,True,19.900000000000002,1285.4675178112718,0.0,3.3000000000000114,102.89720532293853
10479600.0,685,iso13790,native,True,19.900000000000006,1153.7036463704255,0.0,4.400000000000034,376.6782703256133
10483200.0,685,iso13790,native,True,19.900000000000002,958.2480166657724,0.0,5.600000000000023,534.3097615241312
10486800.0,685,iso13790,native,True,19.900000000000002,748.1214940865086,0.0,6.7000000000000455,711.1686492020699
10490400.0,685,iso13790,native,True,19.900000000000002,515.1157431521259,0.0,8.300000000000011,848.9025695443711
10494000.0,685,iso13790,native,True,19.9,314.2694564035315,0.0,9.400000000000034,898.68357452028
10497600.0,685,iso13790,native,True,19.899999999999995,39.02793744142699,0.0,11.100000000000023,1340.767346478664
10501200.0,685,iso13790,native,True,20.1,0.0,213.0386898132432,11.700000000000045,1639.688287739206
10504800.0,685,iso13790,native,True,20.099999999999994,0.0,482.42995344087944,12.800000000000011,1658.659418578532
10508400.0,685,iso13790,native,True,20.10000000000001,0.0,606.4133813732495,12.800000000000011,1559.5713069625017
10512000.0,685,iso13790,native,True,20.09999999999999,0.0,674.2556969165051,12.800000000000011,1652.8742122273188
10515600.0,685,iso13790,native,True,20.1,0.0,726.9587584014354,11.100000000000023,2003.6377436098765
10519200.0,685,iso13790,native,True,20.1,0.0,573.8455405800389,10.600000000000023,979.0472766558502
10522800.0,685,iso13790,native,True,20.100000000000005,0.0,60.40199853151263,8.300000000000011,125.193231547793
10526400.0,685,iso13790,native,True,19.900000000000002,407.3146650962216,0.0,6.7000000000000455,-101.56212000000002
10530000.0,685,iso13790,native,True,19.9,824.1393326014231,0.0,4.400000000000034,-101.56212000000002
10533600.0,685,iso13790,native,True,19.9,1019.555187675129,0.0,5.0,-101.56212000000002
10537200.0,685,iso13790,native,True,19.899999999999988,1164.7807647046461,0.0,3.900000000000034,-101.56212000000002
10540800.0,685,iso13790,native,True,19.9,1266.6405017277561,0.0,3.3000000000000114,-101.56212000000002
10544400.0,685,iso13790,native,True,19.9,1341.0168978598297,0.0,2.8000000000000114,-101.56212000000002
10548000.0,685,iso13790,native,True,19.899999999999988,1405.0860336980486,0.0,2.2000000000000455,-101.56212000000002
10551600.0,685,iso13790,native,True,19.89999999999999,1459.8980098546847,0.0,1.7000000000000455,-101.56212000000002
10555200.0,685,iso13790,native,True,19.899999999999995,1534.3699734031163,0.0,0.6000000000000227,-101.56212000000002
10558800.0,685,iso13790,native,True,19.899999999999995,1574.9624083212102,0.0,0.6000000000000227,-101.56212000000002
10562400.0,685,iso13790,native,True,19.899999999999995,1553.1824684086382,0.0,0.6000000000000227,105.09586695646244
10566000.0,685,iso13790,native,True,19.899999999999995,1338.6260092249502,0.0,3.3000000000000114,393.5742991630678
10569600.0,685,iso13790,native,True,19.900000000000002,1058.316958593577,0.0,5.0,629.3006773272239
10573200.0,685,iso13790,native,True,19.899999999999995,753.5890432439007,0.0,7.2000000000000455,768.6377430246774
10576800.0,685,iso13790,native,True,19.900000000000002,408.6084735709004,0.0,10.600000000000023,872.4731693622317
10580400.0,685,iso13790,native,True,19.899999999999995,19.62970447125336,0.0,13.300000000000011,1243.3199019652577
10584000.0,685,iso13790,native,True,20.099999999999994,0.0,378.5476814820091,13.900000000000034,2008.9106422884224
10587600.0,685,iso13790,native,True,20.1,0.0,747.9195760894029,15.0,1789.1221996845406
10591200.0,685,iso13790,native,True,20.1,0.0,932.0493075390004,16.100000000000023,1694.6919854355328
10594800.0,685,iso13790,native,True,20.100000000000023,0.0,1048.9733299270251,15.0,2079.371667277489
10598400.0,685,iso13790,native,True,20.10000000000001,0.0,976.9816186712299,15.600000000000023,1036.5807419999999
10602000.0,685,iso13790,native,True,20.100000000000016,0.0,690.861865114338,15.0,744.6304376125777
10605600.0,685,iso13790,native,True,20.10000000000001,0.0,387.03679870156,13.300000000000011,558.1176416932468
10609200.0,685,iso13790,native,True,20.099999999999998,0.0,37.67147102737079,12.200000000000045,6.318719999999985
10612800.0,685,iso13790,native,True,19.9,295.14385727707497,0.0,10.0,-101.56212000000002
10616400.0,685,iso13790,native,True,19.899999999999995,620.3404471118347,0.0,7.800000000000011,-101.56212000000002
10620000.0,685,iso13790,native,True,19.899999999999995,862.5792856103637,0.0,6.100000000000023,-101.56212000000002
10623600.0,685,iso13790,native,True,19.899999999999995,1036.306369420782,0.0,5.0,-101.56212000000002
10627200.0,685,iso13790,native,True,19.9,1128.2837729986286,0.0,5.0,-101.56212000000002
10630800.0,685,iso13790,native,True,19.900000000000002,1200.5387580169659,0.0,4.400000000000034,-101.56212000000002
10634400.0,685,iso13790,native,True,19.899999999999995,1214.4194186334162,0.0,5.0,-101.56212000000002
10638000.0,685,iso13790,native,True,19.899999999999988,1245.1316962930732,0.0,4.400000000000034,-101.56212000000002
10641600.0,685,iso13790,native,True,19.899999999999988,1262.1431829141043,0.0,4.400000000000034,-101.56212000000002
10645200.0,685,iso13790,native,True,19.899999999999988,1270.9501311558693,0.0,4.400000000000034,-101.56212000000002
10648800.0,685,iso13790,native,True,19.899999999999995,1258.7545088768638,0.0,4.400000000000034,-20.65149000000001
10652400.0,685,iso13790,native,True,19.9,1164.745922337609,0.0,5.0,222.08039999999997
10656000.0,685,iso13790,native,True,19.9,1019.6224188381875,0.0,5.0,497.17654200000004
10659600.0,685,iso13790,native,True,19.899999999999995,823.8614451627193,0.0,5.600000000000023,750.696516
10663200.0,685,iso13790,native,True,19.900000000000006,574.2919281529772,0.0,7.2000000000000455,950.2760699999999
10666800.0,685,iso13790,native,True,19.9,289.4451973545673,0.0,8.300000000000011,1317.0709259999999
10670400.0,685,iso13790,native,True,19.899999999999995,85.72645487504508,0.0,7.800000000000011,1397.981556
10674000.0,685,iso13790,native,True,19.900000000000002,39.318246645971776,0.0,6.100000000000023,1392.5875139999998
10677600.0,685,iso13790,native,True,19.900000000000002,84.56986921045387,0.0,5.0,1295.494758
10681200.0,685,iso13790,native,True,19.899999999999995,230.9361519807795,0.0,3.3000000000000114,1122.8854139999999
10684800.0,685,iso13790,native,True,19.9,343.36280395956754,0.0,4.400000000000034,874.7594819999999
10688400.0,685,iso13790,native,True,19.9,545.2983393482673,0.0,3.900000000000034,459.41824799999995
10692000.0,685,iso13790,native,True,19.899999999999995,773.4006314375292,0.0,3.900000000000034,184.32210599999996
10695600.0,685,iso13790,native,True,19.9,1006.5352089754539,0.0,3.3000000000000114,-42.22765800000001
10699200.0,685,iso13790,native,True,19.899999999999988,1196.9780265110035,0.0,2.8000000000000114,-101.56212000000002
10702800.0,685,iso13790,native,True,19.899999999999995,1305.8785158256824,0.0,2.8000000000000114,-101.56212000000002
10706400.0,685,iso13790,native,True,19.899999999999988,1386.8946834199692,0.0,2.2000000000000455,-101.56212000000002
10710000.0,685,iso13790,native,True,19.899999999999995,1475.117972909141,0.0,1.1000000000000227,-101.56212000000002
10713600.0,685,iso13790,native,True,19.89999999999999,1522.8295514102554,0.0,1.1000000000000227,-101.56212000000002
10717200.0,685,iso13790,native,True,19.899999999999995,1547.5301206052345,0.0,1.1000000000000227,-101.56212000000002
10720800.0,685,iso13790,native,True,19.900000000000006,1535.6800190668546,0.0,1.7000000000000455,-101.56212000000002
10724400.0,685,iso13790,native,True,19.89999999999999,1507.9021488974624,0.0,2.2000000000000455,-101.56212000000002
10728000.0,685,iso13790,native,True,19.899999999999995,1492.5950820656433,0.0,2.2000000000000455,-101.56212000000002
10731600.0,685,iso13790,native,True,19.900000000000002,1460.0327883707184,0.0,2.8000000000000114,-101.56212000000002
10735200.0,685,iso13790,native,True,19.900000000000006,1419.7234947411087,0.0,2.8000000000000114,6.318719999999985
10738800.0,685,iso13790,native,True,19.900000000000006,1320.36400160495,0.0,2.8000000000000114,302.99102999999997
10742400.0,685,iso13790,native,True,19.899999999999988,866.8172227426082,0.0,4.400000000000034,1701.011600891139
10746000.0,685,iso13790,native,True,19.899999999999995,369.922073127865,0.0,6.7000000000000455,1428.9183720298065
10749600.0,685,iso13790,native,True,19.900000000000002,134.56181884722196,0.0,7.800000000000011,1292.2692130987614
10753200.0,685,iso13790,native,True,19.900000000000002,1.732061153982391,0.0,9.400000000000034,1122.51980478851
10756800.0,685,iso13790,native,True,20.1,0.0,5.306745771751864,11.100000000000023,844.1142305466994
10760400.0,685,iso13790,native,True,20.099999999999998,0.0,84.4020504188756,12.200000000000045,987.6462445132796
10764000.0,685,iso13790,native,True,20.100000000000005,0.0,186.6595640334425,13.900000000000034,827.1878212956445
10767600.0,685,iso13790,native,True,20.099999999999998,0.0,231.37156804572098,13.900000000000034,894.7548157917927
10771200.0,685,iso13790,native,True,20.099999999999998,0.0,434.4602274473799,14.400000000000034,1612.9634632858651
10774800.0,685,iso13790,native,True,20.10000000000001,0.0,774.6208097070967,14.400000000000034,2195.0791216767802
10778400.0,685,iso13790,native,True,20.099999999999994,0.0,980.1590950036729,13.300000000000011,2110.9164230791766
10782000.0,685,iso13790,native,True,20.099999999999987,0.0,807.7372066665591,11.700000000000045,1155.8026926993575
10785600.0,685,iso13790,native,True,20.1,0.0,209.68459950542228,9.400000000000034,-101.56212000000002
10789200.0,685,iso13790,native,True,19.899999999999995,252.97264671513534,0.0,9.400000000000034,-101.56212000000002
10792800.0,685,iso13790,native,True,19.9,579.0882717117925,0.0,8.300000000000011,-101.56212000000002
10796400.0,685,iso13790,native,True,19.899999999999995,770.4895781536616,0.0,7.800000000000011,-101.56212000000002
10800000.0,685,iso13790,native,True,19.899999999999995,895.1432091071589,0.0,7.2000000000000455,-101.56212000000002
10803600.0,685,iso13790,native,True,19.90000000000001,981.3201402862475,0.0,6.7000000000000455,-101.56212000000002
10807200.0,685,iso13790,native,True,19.899999999999988,1051.4984836087565,0.0,6.100000000000023,-101.56212000000002
10810800.0,685,iso13790,native,True,19.90000000000001,1109.4732329733451,0.0,5.600000000000023,-101.56212000000002
10814400.0,685,iso13790,native,True,19.899999999999995,1140.4134045454675,0.0,5.600000000000023,-101.56212000000002
10818000.0,685,iso13790,native,True,19.900000000000006,1205.5749791577366,0.0,4.400000000000034,-100.92563125949056
10821600.0,685,iso13790,native,True,19.900000000000002,1197.3451720896753,0.0,4.400000000000034,111.97119026283993
10825200.0,685,iso13790,native,True,19.90000000000001,934.7673741251177,0.0,8.300000000000011,423.50581541670186
10828800.0,685,iso13790,native,True,19.899999999999995,578.5387845981717,0.0,11.700000000000045,540.3576980884638
10832400.0,685,iso13790,native,True,19.900000000000002,176.15859762740715,0.0,13.900000000000034,1037.00941499686
10836000.0,685,iso13790,native,True,20.1,0.0,231.4204717798711,16.100000000000023,1405.6512559662478
10839600.0,685,iso13790,native,True,20.100000000000012,0.0,573.1595067002083,17.200000000000045,1317.6640527359068
10843200.0,685,iso13790,native,True,20.10000000000002,0.0,780.4946359510703,18.30000000000001,1303.7495583620193
10846800.0,685,iso13790,native,True,20.1,0.0,1099.1208642942274,20.0,1987.7471363517109
10850400.0,685,iso13790,native,True,20.10000000000004,0.0,1565.3167641873194,20.0,2905.029192158904
10854000.0,685,iso13790,native,True,20.1,0.0,1751.4383627609332,20.0,1937.9978770655862
10857600.0,685,iso13790,native,True,20.099999999999987,0.0,1444.5075777176025,19.400000000000034,847.789272
10861200.0,685,iso13790,native,True,20.100000000000005,0.0,982.763859566248,17.80000000000001,540.328878
10864800.0,685,iso13790,native,True,20.099999999999994,0.0,579.9532807448652,16.700000000000045,216.68635799999998
10868400.0,685,iso13790,native,True,20.1,0.0,225.00967190338733,15.600000000000023,-15.25744800000001
10872000.0,685,iso13790,native,True,19.940169937241045,0.0,0.0,15.0,-101.56212000000002
10875600.0,685,iso13790,native,True,19.899999999999995,154.3065245041505,0.0,15.0,-101.56212000000002
10879200.0,685,iso13790,native,True,19.9,332.8506955079298,0.0,12.800000000000011,-101.56212000000002
10882800.0,685,iso13790,native,True,19.900000000000002,474.52896699056123,0.0,11.700000000000045,-101.56212000000002
10886400.0,685,iso13790,native,True,19.900000000000002,595.0836875417115,0.0,10.600000000000023,-101.56212000000002
10890000.0,685,iso13790,native,True,19.899999999999995,708.8089085540728,0.0,9.400000000000034,-101.56212000000002
10893600.0,685,iso13790,native,True,19.900000000000002,815.0774274021413,0.0,8.300000000000011,-101.56212000000002
10897200.0,685,iso13790,native,True,19.899999999999995,872.1311289354711,0.0,8.300000000000011,-101.56212000000002
10900800.0,685,iso13790,native,True,19.899999999999988,946.8373495882338,0.0,7.2000000000000455,-101.56212000000002
10904400.0,685,iso13790,native,True,19.899999999999995,1032.720239367452,0.0,6.100000000000023,-101.56212000000002
10908000.0,685,iso13790,native,True,19.9,958.7227642549377,0.0,8.300000000000011,44.07701399999998
10911600.0,685,iso13790,native,True,19.899999999999995,781.7204577973959,0.0,10.0,245.85886245881005
10915200.0,685,iso13790,native,True,19.900000000000002,501.9717529284507,0.0,11.100000000000023,766.878642
10918800.0,685,iso13790,native,True,19.9,5.3402214653620055,0.0,12.800000000000011,1721.0268632525788
10922400.0,685,iso13790,native,True,20.100000000000005,0.0,435.8754643367071,14.400000000000034,1790.6343159883263
10926000.0,685,iso13790,native,True,20.099999999999994,0.0,820.7662013617766,17.200000000000045,1723.5083157564227
10929600.0,685,iso13790,native,True,20.10000000000001,0.0,944.9977299130281,17.80000000000001,1268.4150132932955
10933200.0,685,iso13790,native,True,20.10000000000001,0.0,1204.6742958952727,18.30000000000001,2454.7573591986334
10936800.0,685,iso13790,native,True,20.1,0.0,1318.6478258229292,18.900000000000034,1326.7532116984594
10940400.0,685,iso13790,native,True,20.100000000000037,0.0,1305.8897615780857,20.0,1617.9171131181022
10944000.0,685,iso13790,native,True,20.10000000000001,0.0,1341.2738094041465,20.0,1588.5467490987153
10947600.0,685,iso13790,native,True,20.100000000000016,0.0,1326.670106879803,19.400000000000034,1570.9640758957687
10951200.0,685,iso13790,native,True,20.099999999999994,0.0,1335.605408707833,18.900000000000034,1768.561205043431
10954800.0,685,iso13790,native,True,20.099999999999998,0.0,1067.0353432096902,16.700000000000045,739.148775894322
10958400.0,685,iso13790,native,True,20.1,0.0,492.62902818060496,14.400000000000034,-101.56212000000002
10962000.0,685,iso13790,native,True,20.069513765276934,0.0,0.0,12.800000000000011,-101.56212000000002
10965600.0,685,iso13790,native,True,19.900000000000002,267.0987650762177,0.0,11.700000000000045,-101.56212000000002
10969200.0,685,iso13790,native,True,19.899999999999995,487.6958329270632,0.0,10.600000000000023,-101.56212000000002
10972800.0,685,iso13790,native,True,19.899999999999995,653.2135747390932,0.0,9.400000000000034,-101.56212000000002
10976400.0,685,iso13790,native,True,19.899999999999995,786.2953909875914,0.0,8.300000000000011,-101.56212000000002
10980000.0,685,iso13790,native,True,19.9,877.7619415537519,0.0,7.800000000000011,-101.56212000000002
10983600.0,685,iso13790,native,True,19.90000000000001,971.2101972299647,0.0,6.7000000000000455,-101.56212000000002
10987200.0,685,iso13790,native,True,19.900000000000002,1021.6267719374283,0.0,6.7000000000000455,-101.56212000000002
10990800.0,685,iso13790,native,True,19.899999999999988,1072.0346942871877,0.0,6.100000000000023,-99.9648042792802
10994400.0,685,iso13790,native,True,19.899999999999995,935.3506637491113,0.0,8.900000000000034,135.03264699638595
10998000.0,685,iso13790,native,True,19.9,624.7329959720521,0.0,12.200000000000045,434.4690833168935
11001600.0,685,iso13790,native,True,19.900000000000002,236.62232489585267,0.0,16.100000000000023,500.6373296130489
11005200.0,685,iso13790,native,True,20.100000000000005,0.0,72.56697999975083,18.900000000000034,624.3029755381331
11008800.0,685,iso13790,native,True,20.100000000000005,0.0,444.0039788380136,21.700000000000045,770.2695592746564
11012400.0,685,iso13790,native,True,20.100000000000005,0.0,720.6481865415028,22.80000000000001,822.9795420116473
11016000.0,685,iso13790,native,True,20.10000000000001,0.0,967.4381940971253,24.400000000000034,955.7668719591899
11019600.0,685,iso13790,native,True,20.099999999999998,0.0,1196.835514294425,25.0,1211.8845335278588
11023200.0,685,iso13790,native,True,20.100000000000005,0.0,1354.1188032366376,25.600000000000023,1078.0300058468783
11026800.0,685,iso13790,native,True,20.1,0.0,1460.2651144495842,27.200000000000045,976.9587893366555
11030400.0,685,iso13790,native,True,20.099999999999984,0.0,1571.958179487873,26.100000000000023,1531.9352150773923
11034000.0,685,iso13790,native,True,20.10000000000003,0.0,1836.6421845709583,26.100000000000023,2117.0000343010493
11037600.0,685,iso13790,native,True,20.100000000000012,0.0,1920.8412764885227,25.0,1633.3275216564555
11041200.0,685,iso13790,native,True,20.099999999999994,0.0,1600.8197210053984,23.30000000000001,593.6445718506691
11044800.0,685,iso13790,native,True,20.1,0.0,1033.3165905774238,21.100000000000023,-101.56212000000002
11048400.0,685,iso13790,native,True,20.1,0.0,580.3594232917636,20.0,-101.56212000000002
11052000.0,685,iso13790,native,True,20.10000000000001,0.0,319.1852037594653,19.400000000000034,-101.56212000000002
11055600.0,685,iso13790,native,True,20.099999999999998,0.0,137.69301460848922,18.30000000000001,-101.56212000000002
11059200.0,685,iso13790,native,True,20.003997302264548,0.0,0.0,16.700000000000045,-101.56212000000002
11062800.0,685,iso13790,native,True,19.899999999999995,113.29880865808292,0.0,15.600000000000023,-101.56212000000002
11066400.0,685,iso13790,native,True,19.9,195.5331081609051,0.0,15.600000000000023,-101.56212000000002
11070000.0,685,iso13790,native,True,19.899999999999995,262.74402999920136,0.0,15.0,-101.56212000000002
11073600.0,685,iso13790,native,True,19.899999999999995,343.82026129490913,0.0,13.900000000000034,-101.56212000000002
11077200.0,685,iso13790,native,True,19.900000000000002,432.6032907837841,0.0,12.800000000000011,-99.64184060298967
11080800.0,685,iso13790,native,True,19.900000000000002,329.9064180362585,0.0,15.0,190.3720054539328
11084400.0,685,iso13790,native,True,19.9,47.23534295973115,0.0,17.200000000000045,621.3097119309894
11088000.0,685,iso13790,native,True,20.1,0.0,216.46526718630773,20.0,525.6270581351291
11091600.0,685,iso13790,native,True,20.10000000000001,0.0,431.403545951727,17.200000000000045,1307.4920526050532
11095200.0,685,iso13790,native,True,20.1,0.0,820.2292294583791,19.400000000000034,1639.6645524850487
11098800.0,685,iso13790,native,True,20.10000000000001,0.0,1400.3320203424973,23.900000000000034,2303.3190951220804
11102400.0,685,iso13790,native,True,20.099999999999994,0.0,1767.273663271759,24.400000000000034,1978.9370547996755
11106000.0,685,iso13790,native,True,20.099999999999962,0.0,2031.3849016646884,24.400000000000034,2580.1616236352675
11109600.0,685,iso13790,native,True,20.100000000000016,0.0,2051.145362347844,25.0,1437.307129781716
11113200.0,685,iso13790,native,True,20.09999999999999,0.0,1974.1077907247786,26.100000000000023,1664.9354628934932
11116800.0,685,iso13790,native,True,20.100000000000012,0.0,1967.5360228611687,27.80000000000001,1305.0667473173262
11120400.0,685,iso13790,native,True,20.099999999999994,0.0,1944.1882833092257,27.80000000000001,1468.2905950553081
11124000.0,685,iso13790,native,True,20.100000000000016,0.0,1844.525199426698,26.100000000000023,1257.8669665253378
11127600.0,685,iso13790,native,True,20.099999999999994,0.0,1497.5689515341312,25.0,225.54778712066633
11131200.0,685,iso13790,native,True,20.1,0.0,1015.154536858195,23.30000000000001,-101.56212000000002
11134800.0,685,iso13790,native,True,20.099999999999987,0.0,620.2017072113429,21.100000000000023,-101.56212000000002
11138400.0,685,iso13790,native,True,20.100000000000005,0.0,366.48738043281753,20.0,-101.56212000000002
11142000.0,685,iso13790,native,True,20.099999999999998,0.0,208.46236960748436,19.400000000000034,-101.56212000000002
11145600.0,685,iso13790,native,True,20.100000000000005,0.0,80.37114196553962,18.30000000000001,-101.56212000000002
11149200.0,685,iso13790,native,True,19.9,28.30954007260912,0.0,16.100000000000023,-101.56212000000002
11152800.0,685,iso13790,native,True,19.9,130.07591381749856,0.0,16.100000000000023,-101.56212000000002
11156400.0,685,iso13790,native,True,19.9,227.9301519651799,0.0,15.0,-101.56212000000002
11160000.0,685,iso13790,native,True,19.9,325.79690867611623,0.0,13.900000000000034,-101.56212000000002
11163600.0,685,iso13790,native,True,19.899999999999995,378.23539669347895,0.0,13.900000000000034,-100.27966810329556
11167200.0,685,iso13790,native,True,19.9,318.08776092767755,0.0,15.0,102.1699767964933
11170800.0,685,iso13790,native,True,19.9,101.94325240786497,0.0,16.700000000000045,494.06334500971377
11174400.0,685,iso13790,native,True,20.1,0.0,295.7348141648423,21.100000000000023,928.6920470984439
11178000.0,685,iso13790,native,True,20.099999999999994,0.0,730.3799292482903,23.900000000000034,906.943321243785
11181600.0,685,iso13790,native,True,20.099999999999994,0.0,1090.3186878355968,26.100000000000023,1113.7865559586203
11185200.0,685,iso13790,native,True,20.100000000000012,0.0,1384.3000844703317,28.30000000000001,1019.7308114388418
11188800.0,685,iso13790,native,True,20.100000000000033,0.0,1565.0010778607798,28.30000000000001,1209.5100310179016
11192400.0,685,iso13790,native,True,20.099999999999998,0.0,1623.117942358168,28.900000000000034,774.5345387408345
11196000.0,685,iso13790,native,True,20.099999999999994,0.0,1599.6140021269691,28.900000000000034,842.4640552013149
11199600.0,685,iso13790,native,True,20.099999999999994,0.0,1667.7277576858955,28.900000000000034,1178.28572880627
11203200.0,685,iso13790,native,True,20.099999999999994,0.0,1813.2026661400434,30.0,1235.9891213180965
11206800.0,685,iso13790,native,True,20.10000000000003,0.0,1975.797503182131,28.30000000000001,1940.6791905651817
11210400.0,685,iso13790,native,True,20.099999999999987,0.0,2022.6583205569236,26.700000000000045,1554.9488843865738
11214000.0,685,iso13790,native,True,20.099999999999994,0.0,1700.6571432237095,25.0,528.7496256788496
11217600.0,685,iso13790,native,True,20.099999999999977,0.0,1147.6994214760548,22.80000000000001,-101.56212000000002
11221200.0,685,iso13790,native,True,20.099999999999994,0.0,687.8946882202949,21.100000000000023,-101.56212000000002
11224800.0,685,iso13790,native,True,20.10000000000001,0.0,401.5324410649386,20.0,-101.56212000000002
11228400.0,685,iso13790,native,True,20.1,0.0,251.24314059766624,20.0,-101.56212000000002
11232000.0,685,iso13790,native,True,20.1,0.0,148.7997382337584,19.400000000000034,-101.56212000000002
11235600.0,685,iso13790,native,True,20.100000000000005,0.0,74.12117506822625,18.900000000000034,-101.56212000000002
11239200.0,685,iso13790,native,True,20.057464404320605,0.0,0.0,17.80000000000001,-101.56212000000002
11242800.0,685,iso13790,native,True,19.899999999999995,34.485682865360594,0.0,17.200000000000045,-101.56212000000002
11246400.0,685,iso13790,native,True,19.900000000000002,131.2354853034177,0.0,16.100000000000023,-101.56212000000002
11250000.0,685,iso13790,native,True,19.9,228.46396246707758,0.0,15.0,-101.2409574061578
11253600.0,685,iso13790,native,True,19.900000000000002,198.79334968441862,0.0,15.600000000000023,175.73180656181705
11257200.0,685,iso13790,native,True,19.929218537295654,0.0,0.0,17.80000000000001,443.7394598076785
11260800.0,685,iso13790,native,True,20.10000000000001,0.0,269.4514676123805,20.600000000000023,645.4102722837272
11264400.0,685,iso13790,native,True,20.099999999999987,0.0,613.7565776114901,22.80000000000001,848.3485755648398
11268000.0,685,iso13790,native,True,20.10000000000001,0.0,925.2790879019477,25.0,881.065220802584
11271600.0,685,iso13790,native,True,20.10000000000001,0.0,1203.6656972249596,27.200000000000045,965.6842067023954
11275200.0,685,iso13790,native,True,20.099999999999994,0.0,1458.431234659725,28.30000000000001,1197.57414157934
11278800.0,685,iso13790,native,True,20.100000000000033,0.0,1626.29121424211,28.900000000000034,1065.3978531471623
11282400.0,685,iso13790,native,True,20.100000000000012,0.0,1669.6966225586702,28.30000000000001,1069.8724702981963
11286000.0,685,iso13790,native,True,20.10000000000003,0.0,1725.095168290843,28.30000000000001,1230.8310736281796
11289600.0,685,iso13790,native,True,20.1,0.0,1831.709054064927,27.80000000000001,1583.4352962454823
11293200.0,685,iso13790,native,True,20.100000000000005,0.0,2016.561357388153,27.80000000000001,1944.826026381132
11296800.0,685,iso13790,native,True,20.099999999999977,0.0,2056.652941342422,27.200000000000045,1519.3597001654248
11300400.0,685,iso13790,native,True,20.09999999999998,0.0,1723.674325581731,25.600000000000023,458.63494158723734
11304000.0,685,iso13790,native,True,20.099999999999994,0.0,1194.8111238970923,23.900000000000034,-101.56212000000002
11307600.0,685,iso13790,native,True,20.100000000000005,0.0,738.9602862756999,21.700000000000045,-101.56212000000002
11311200.0,685,iso13790,native,True,20.099999999999994,0.0,404.44322947595657,19.400000000000034,-101.56212000000002
11314800.0,685,iso13790,native,True,20.1,0.0,206.4693375698204,18.900000000000034,-101.56212000000002
11318400.0,685,iso13790,native,True,20.099999999999998,0.0,12.712416501797554,16.700000000000045,-101.56212000000002
11322000.0,685,iso13790,native,True,20.094664769956363,0.0,0.0,18.900000000000034,-101.56212000000002
11325600.0,685,iso13790,native,True,19.900000000000002,24.742511691963866,0.0,17.200000000000045,-101.56212000000002
11329200.0,685,iso13790,native,True,19.9,306.86810162163425,0.0,11.700000000000045,-101.56212000000002
11332800.0,685,iso13790,native,True,19.9,532.9223897780046,0.0,10.0,-101.56212000000002
11336400.0,685,iso13790,native,True,19.899999999999995,696.2055091476542,0.0,8.900000000000034,-91.58955475292368
11340000.0,685,iso13790,native,True,19.9,636.6442189550218,0.0,11.100000000000023,170.2250887167108
11343600.0,685,iso13790,native,True,19.899999999999995,486.0354576504435,0.0,12.200000000000045,310.92198000558267
11347200.0,685,iso13790,native,True,19.899999999999995,301.243819535745,0.0,13.900000000000034,372.40316460779627
11350800.0,685,iso13790,native,True,19.899999999999995,51.81683894210391,0.0,16.700000000000045,497.5405365400029
11354400.0,685,iso13790,native,True,20.100000000000005,0.0,138.77024475145063,18.30000000000001,597.9564481557329
11358000.0,685,iso13790,native,True,20.099999999999998,0.0,308.2295114365487,18.30000000000001,648.7830599281682
11361600.0,685,iso13790,native,True,20.1,0.0,448.57840852732767,19.400000000000034,645.9529155455756
11365200.0,685,iso13790,native,True,20.100000000000005,0.0,548.238963877034,20.0,649.6855269406565
11368800.0,685,iso13790,native,True,20.099999999999994,0.0,628.2372402846213,20.600000000000023,659.6526211889343
11372400.0,685,iso13790,native,True,20.099999999999994,0.0,688.9696121769399,21.100000000000023,640.8096411683767
11376000.0,685,iso13790,native,True,20.099999999999987,0.0,853.3988579428689,21.100000000000023,1292.9249954525822
11379600.0,685,iso13790,native,True,20.1,0.0,1253.6872327307265,21.700000000000045,2198.0062386511618
11383200.0,685,iso13790,native,True,20.100000000000023,0.0,1593.479585053964,20.0,2478.873692764693
11386800.0,685,iso13790,native,True,20.10000000000001,0.0,1552.6639532166123,18.30000000000001,1570.159856604256
11390400.0,685,iso13790,native,True,20.1,0.0,881.5558410555342,14.400000000000034,-86.27064879390689
11394000.0,685,iso13790,native,True,20.1,0.0,171.5066402607913,12.200000000000045,-101.56212000000002
11397600.0,685,iso13790,native,True,19.9,218.27487067416249,0.0,10.600000000000023,-101.56212000000002
11401200.0,685,iso13790,native,True,19.899999999999995,489.0949994361969,0.0,10.0,-101.56212000000002
11404800.0,685,iso13790,native,True,19.9,675.5809334152159,0.0,8.900000000000034,-101.56212000000002
11408400.0,685,iso13790,native,True,19.899999999999995,889.1397608174201,0.0,6.100000000000023,-101.56212000000002
11412000.0,685,iso13790,native,True,19.899999999999995,1025.419152334999,0.0,5.600000000000023,-101.56212000000002
11415600.0,685,iso13790,native,True,19.899999999999995,1076.3666601027517,0.0,6.100000000000023,-101.56212000000002
11419200.0,685,iso13790,native,True,19.900000000000006,1101.8161916947645,0.0,6.100000000000023,-101.56212000000002
11422800.0,685,iso13790,native,True,19.900000000000002,1182.6633113761634,0.0,4.400000000000034,-91.25132378454518
11426400.0,685,iso13790,native,True,19.900000000000002,1011.7061107025652,0.0,8.300000000000011,170.41589518660646
11430000.0,685,iso13790,native,True,19.90000000000001,678.3932322045954,0.0,12.200000000000045,344.58569586950534
11433600.0,685,iso13790,native,True,19.900000000000002,270.50003611720274,0.0,15.600000000000023,638.962931606578
11437200.0,685,iso13790,native,True,20.10000000000001,0.0,26.555338596668342,18.30000000000001,504.6478888718901
11440800.0,685,iso13790,native,True,20.1,0.0,337.65197100560715,21.100000000000023,587.4196712286259
11444400.0,685,iso13790,native,True,20.1,0.0,594.1171737296229,22.80000000000001,622.8077063177407
11448000.0,685,iso13790,native,True,20.100000000000005,0.0,904.9712253575179,25.0,1004.2910600748313
11451600.0,685,iso13790,native,True,20.1,0.0,1113.7706301071862,25.600000000000023,805.5388937290329
11455200.0,685,iso13790,native,True,20.10000000000001,0.0,1366.1143352165177,27.200000000000045,1331.2162119807847
11458800.0,685,iso13790,native,True,20.100000000000012,0.0,1681.9401690560107,27.200000000000045,1809.8314763363865
11462400.0,685,iso13790,native,True,20.100000000000016,0.0,1783.3202456736858,24.400000000000034,1699.6422673496827
11466000.0,685,iso13790,native,True,20.100000000000016,0.0,1631.3485998603312,23.900000000000034,920.6367007828961
11469600.0,685,iso13790,native,True,20.099999999999994,0.0,1335.444711909516,21.700000000000045,907.1084392937444
11473200.0,685,iso13790,native,True,20.099999999999984,0.0,1138.0475283475123,21.100000000000023,842.6229323403167
11476800.0,685,iso13790,native,True,20.099999999999994,0.0,786.9904376194023,20.0,-86.42279590589324
11480400.0,685,iso13790,native,True,20.10000000000001,0.0,428.55284875346877,19.400000000000034,-101.56212000000002
11484000.0,685,iso13790,native,True,20.100000000000005,0.0,173.78185292964497,17.80000000000001,-101.56212000000002
11487600.0,685,iso13790,native,True,20.1,0.0,14.283500713432133,17.200000000000045,-101.56212000000002
11491200.0,685,iso13790,native,True,19.899999999999995,39.923627494795106,0.0,16.700000000000045,-101.56212000000002
11494800.0,685,iso13790,native,True,19.900000000000002,204.78395155399113,0.0,14.400000000000034,-101.56212000000002
11498400.0,685,iso13790,native,True,19.900000000000002,384.7324517946932,0.0,12.200000000000045,-101.56212000000002
11502000.0,685,iso13790,native,True,19.900000000000002,547.6691977115205,0.0,10.600000000000023,-101.56212000000002
11505600.0,685,iso13790,native,True,19.9,729.4313224975654,0.0,8.300000000000011,-101.56212000000002
11509200.0,685,iso13790,native,True,19.9,892.6234927999471,0.0,6.7000000000000455,-97.36685086344505
11512800.0,685,iso13790,native,True,19.899999999999995,647.7352106940243,0.0,13.300000000000011,195.56070105566218
11516400.0,685,iso13790,native,True,19.9,184.9194764959247,0.0,17.200000000000045,762.2538151311933
11520000.0,685,iso13790,native,True,20.1,0.0,219.6222563603868,18.900000000000034,995.6019137833642
11523600.0,685,iso13790,native,True,20.1,0.0,603.5749662814939,21.100000000000023,1008.7020917225288
11527200.0,685,iso13790,native,True,20.100000000000016,0.0,1144.4559244909206,24.400000000000034,1976.6915392693722
11530800.0,685,iso13790,native,True,20.100000000000016,0.0,1572.9066076134416,27.200000000000045,1369.7017752539223
11534400.0,685,iso13790,native,True,20.100000000000037,0.0,1767.705371285046,28.30000000000001,1459.5035684703903
11538000.0,685,iso13790,native,True,20.10000000000002,0.0,1990.1064383736339,28.30000000000001,1968.0831137654154
11541600.0,685,iso13790,native,True,20.100000000000016,0.0,2149.383765799785,27.200000000000045,2011.0686179580484
11545200.0,685,iso13790,native,True,20.099999999999994,0.0,2114.924536992482,26.700000000000045,1522.6369582802383
11548800.0,685,iso13790,native,True,20.099999999999994,0.0,2039.6790504616108,27.200000000000045,1523.6529862473756
11552400.0,685,iso13790,native,True,20.099999999999998,0.0,2083.2529422847774,27.80000000000001,1797.9627446426996
11556000.0,685,iso13790,native,True,20.1,0.0,2037.8446915391057,26.100000000000023,1592.0533499747485
11559600.0,685,iso13790,native,True,20.10000000000003,0.0,1683.6888301272852,23.30000000000001,722.9823186558918
11563200.0,685,iso13790,native,True,20.099999999999998,0.0,1098.2188659497672,21.100000000000023,-94.06706545377219
11566800.0,685,iso13790,native,True,20.10000000000001,0.0,590.5069569871388,19.400000000000034,-101.56212000000002
11570400.0,685,iso13790,native,True,20.10000000000001,0.0,232.9887284351356,17.200000000000045,-101.56212000000002
11574000.0,685,iso13790,native,True,20.09461905487649,0.0,0.0,16.100000000000023,-101.56212000000002
11577600.0,685,iso13790,native,True,19.900000000000006,5.301512982162089,0.0,17.80000000000001,-101.56212000000002
11581200.0,685,iso13790,native,True,19.899999999999995,115.01510920640546,0.0,16.100000000000023,-101.56212000000002
11584800.0,685,iso13790,native,True,19.900000000000002,174.96390489348144,0.0,16.100000000000023,-101.56212000000002
11588400.0,685,iso13790,native,True,19.9,296.3381116423472,0.0,13.900000000000034,-101.56212000000002
11592000.0,685,iso13790,native,True,19.899999999999995,408.4191511256263,0.0,12.800000000000011,-101.56212000000002
11595600.0,685,iso13790,native,True,19.9,512.781143494654,0.0,11.700000000000045,-97.36054897795097
11599200.0,685,iso13790,native,True,19.899999999999995,422.5472525678815,0.0,13.900000000000034,169.67514215077006
11602800.0,685,iso13790,native,True,19.900000000000002,149.06185418903013,0.0,16.700000000000045,485.9793275602714
11606400.0,685,iso13790,native,True,20.100000000000005,0.0,264.9563129778425,18.30000000000001,1459.2545026411285
11610000.0,685,iso13790,native,True,20.1,0.0,460.1750250381315,15.600000000000023,944.882028
11613600.0,685,iso13790,native,True,20.1,0.0,522.9474629419678,15.600000000000023,1176.825834
11617200.0,685,iso13790,native,True,20.100000000000016,0.0,625.6256225247507,15.600000000000023,1338.647094
11620800.0,685,iso13790,native,True,20.099999999999998,0.0,695.3670357870493,15.0,1414.163682
11624400.0,685,iso13790,native,True,20.100000000000005,0.0,535.8687845011855,10.0,1408.76964
11628000.0,685,iso13790,native,True,20.100000000000005,0.0,354.3838626445421,8.300000000000011,1317.0709259999999
11631600.0,685,iso13790,native,True,20.1,0.0,252.20612158834047,9.400000000000034,1144.461582
11635200.0,685,iso13790,native,True,20.10000000000001,0.0,356.5271064025258,12.800000000000011,1351.419300247956
11638800.0,685,iso13790,native,True,20.09999999999999,0.0,605.7440058154314,14.400000000000034,1788.3973858748668
11642400.0,685,iso13790,native,True,20.1,0.0,666.5130620791305,15.0,991.8946882532811
11646000.0,685,iso13790,native,True,20.099999999999994,0.0,331.71220037271115,12.200000000000045,381.16974770600837
11649600.0,685,iso13790,native,True,19.900000000000002,58.246879101167764,0.0,10.600000000000023,-97.85114694815846
11653200.0,685,iso13790,native,True,19.900000000000002,381.0231118526469,0.0,10.600000000000023,-101.56212000000002
11656800.0,685,iso13790,native,True,19.899999999999995,528.1815575114819,0.0,11.100000000000023,-101.56212000000002
11660400.0,685,iso13790,native,True,19.9,623.971511164897,0.0,10.600000000000023,-101.56212000000002
11664000.0,685,iso13790,native,True,19.9,699.1265736457265,0.0,10.0,-101.56212000000002
11667600.0,685,iso13790,native,True,19.899999999999995,784.3155340063679,0.0,8.900000000000034,-101.56212000000002
11671200.0,685,iso13790,native,True,19.899999999999995,830.4562221920904,0.0,8.900000000000034,-101.56212000000002
11674800.0,685,iso13790,native,True,19.900000000000002,899.512710645954,0.0,7.800000000000011,-101.56212000000002
11678400.0,685,iso13790,native,True,19.900000000000002,916.7700769587835,0.0,8.300000000000011,-101.56212000000002
11682000.0,685,iso13790,native,True,19.899999999999995,924.7780210716325,0.0,8.300000000000011,-101.56212000000002
11685600.0,685,iso13790,native,True,19.900000000000002,922.6471751865059,0.0,7.800000000000011,27.89488799999998
11689200.0,685,iso13790,native,True,19.899999999999995,857.3230192661377,0.0,7.800000000000011,243.65656799999994
11692800.0,685,iso13790,native,True,19.900000000000006,779.4029537099815,0.0,7.2000000000000455,410.87187
11696400.0,685,iso13790,native,True,19.900000000000002,606.5058012987666,0.0,7.2000000000000455,928.699902
11700000.0,685,iso13790,native,True,19.9,361.3412191760721,0.0,7.800000000000011,1166.03775
11703600.0,685,iso13790,native,True,19.93543438287169,0.0,0.0,10.600000000000023,1599.0446565880425
11707200.0,685,iso13790,native,True,20.10000000000001,0.0,232.67188529588293,11.700000000000045,1408.76964
11710800.0,685,iso13790,native,True,20.099999999999994,0.0,565.4459140945605,14.400000000000034,1869.4924936025172
11714400.0,685,iso13790,native,True,20.1,0.0,745.4030202428611,15.0,1411.6891634699314
11718000.0,685,iso13790,native,True,20.10000000000002,0.0,728.3723758237609,16.700000000000045,886.6038325428303
11721600.0,685,iso13790,native,True,20.099999999999994,0.0,699.2030766036071,16.700000000000045,1174.0009515334193
11725200.0,685,iso13790,native,True,20.100000000000012,0.0,771.5818743641875,14.400000000000034,1833.1011077165733
11728800.0,685,iso13790,native,True,20.1,0.0,609.1791598166567,12.800000000000011,702.5462690576858
11732400.0,685,iso13790,native,True,20.10000000000001,0.0,195.39588745413872,12.200000000000045,106.8208294566345
11736000.0,685,iso13790,native,True,19.9,152.43037335433792,0.0,11.100000000000023,-101.56212000000002
11739600.0,685,iso13790,native,True,19.900000000000002,408.9114337788602,0.0,11.100000000000023,-101.56212000000002
11743200.0,685,iso13790,native,True,19.899999999999995,611.5001231676141,0.0,9.400000000000034,-101.56212000000002
11746800.0,685,iso13790,native,True,19.9,719.5309093750069,0.0,9.400000000000034,-101.56212000000002
11750400.0,685,iso13790,native,True,19.9,775.4590927161004,0.0,9.400000000000034,-101.56212000000002
11754000.0,685,iso13790,native,True,19.899999999999995,804.4134473185924,0.0,9.400000000000034,-101.56212000000002
11757600.0,685,iso13790,native,True,19.9,819.4032896550412,0.0,9.400000000000034,-101.56212000000002
11761200.0,685,iso13790,native,True,19.899999999999995,847.6950653738785,0.0,8.900000000000034,-101.56212000000002
11764800.0,685,iso13790,native,True,19.90000000000001,908.4373627373362,0.0,7.800000000000011,-101.56212000000002
11768400.0,685,iso13790,native,True,19.899999999999995,921.3233035261406,0.0,8.300000000000011,-101.23799938741752
11772000.0,685,iso13790,native,True,19.899999999999995,822.4278156038133,0.0,8.900000000000034,284.84979898480196
11775600.0,685,iso13790,native,True,19.899999999999995,597.0689736675889,0.0,11.100000000000023,389.4924329853483
11779200.0,685,iso13790,native,True,19.899999999999995,353.50449685772196,0.0,12.800000000000011,565.5985618782115
11782800.0,685,iso13790,native,True,19.900000000000002,117.02576957503034,0.0,13.300000000000011,849.8385399303581
11786400.0,685,iso13790,native,True,20.100000000000005,0.0,204.90143755703892,14.400000000000034,1615.1242708632967
11790000.0,685,iso13790,native,True,20.1,0.0,598.1320251354713,15.0,1796.0840634838405
11793600.0,685,iso13790,native,True,20.099999999999987,0.0,788.6003464041866,17.200000000000045,1153.0051460955633
11797200.0,685,iso13790,native,True,20.1,0.0,890.0066951803587,17.200000000000045,1637.8167766808886
11800800.0,685,iso13790,native,True,20.099999999999998,0.0,1070.4698628612725,18.900000000000034,1548.521291915767
11804400.0,685,iso13790,native,True,20.099999999999994,0.0,1156.5495925731573,19.400000000000034,1466.8607389286467
11808000.0,685,iso13790,native,True,20.100000000000005,0.0,1213.7364558177128,19.400000000000034,1585.6895137859399
11811600.0,685,iso13790,native,True,20.1,0.0,1160.4285716105298,18.900000000000034,1193.7201145402014
11815200.0,685,iso13790,native,True,20.10000000000001,0.0,820.9199693505082,17.200000000000045,328.32316730535024
11818800.0,685,iso13790,native,True,20.1,0.0,442.2427029398281,16.700000000000045,123.51851202063027
11822400.0,685,iso13790,native,True,20.099999999999994,0.0,166.28334543471317,16.700000000000045,-101.56212000000002
11826000.0,685,iso13790,native,True,19.900000000000002,7.3278759850328505,0.0,15.600000000000023,-101.56212000000002
11829600.0,685,iso13790,native,True,19.9,189.94679081783644,0.0,14.400000000000034,-101.56212000000002
11833200.0,685,iso13790,native,True,19.9,331.8819864929865,0.0,13.300000000000011,-101.56212000000002
11836800.0,685,iso13790,native,True,19.900000000000002,407.4005396744687,0.0,13.300000000000011,-101.56212000000002
11840400.0,685,iso13790,native,True,19.899999999999995,446.49694576633584,0.0,13.300000000000011,-101.56212000000002
11844000.0,685,iso13790,native,True,19.899999999999995,466.73738874234397,0.0,13.300000000000011,-101.56212000000002
11847600.0,685,iso13790,native,True,19.9,497.74743177672536,0.0,12.800000000000011,-101.56212000000002
11851200.0,685,iso13790,native,True,19.900000000000002,514.7278138081268,0.0,12.800000000000011,-101.56212000000002
11854800.0,685,iso13790,native,True,19.9,547.0393906446188,0.0,12.200000000000045,-96.16807800000001
11858400.0,685,iso13790,native,True,19.900000000000002,485.828872286777,0.0,12.800000000000011,162.4723002474932
11862000.0,685,iso13790,native,True,19.899999999999995,224.9225202549452,0.0,15.0,630.2909047761872
11865600.0,685,iso13790,native,True,20.099999999999998,0.0,82.57967593525255,16.100000000000023,1109.4823099258285
11869200.0,685,iso13790,native,True,20.10000000000001,0.0,488.6238372696342,17.200000000000045,1507.6602737068145
11872800.0,685,iso13790,native,True,20.099999999999987,0.0,855.2507877040038,19.400000000000034,1512.9100115892195
11876400.0,685,iso13790,native,True,20.099999999999998,0.0,1146.47604478158,20.600000000000023,1741.0294170808213
11880000.0,685,iso13790,native,True,20.1,0.0,1564.9341071226208,22.80000000000001,2412.563406766072
11883600.0,685,iso13790,native,True,20.09999999999998,0.0,1799.845948349963,24.400000000000034,1651.1570407698423
11887200.0,685,iso13790,native,True,20.09999999999999,0.0,1837.72695087803,25.0,1694.8239405353568
11890800.0,685,iso13790,native,True,20.100000000000016,0.0,1841.0669499157543,25.600000000000023,1458.566939321822
11894400.0,685,iso13790,native,True,20.099999999999994,0.0,1813.8589261647023,25.600000000000023,1493.836419626684
11898000.0,685,iso13790,native,True,20.10000000000001,0.0,1921.8862428497237,26.100000000000023,1957.4503352099048
11901600.0,685,iso13790,native,True,20.099999999999994,0.0,1981.3243376208702,26.100000000000023,1615.9787805673348
11905200.0,685,iso13790,native,True,20.099999999999994,0.0,1758.987856499456,27.200000000000045,436.29247691372325
11908800.0,685,iso13790,native,True,20.099999999999984,0.0,916.8721421044708,16.700000000000045,-101.56212000000002
11912400.0,685,iso13790,native,True,20.099999999999994,0.0,331.24730437708564,15.600000000000023,-101.56212000000002
11916000.0,685,iso13790,native,True,20.00702698687013,0.0,0.0,14.400000000000034,-101.56212000000002
11919600.0,685,iso13790,native,True,19.9,166.20770576970116,0.0,14.400000000000034,-101.56212000000002
11923200.0,685,iso13790,native,True,19.899999999999995,274.4229417993523,0.0,14.400000000000034,-101.56212000000002
11926800.0,685,iso13790,native,True,19.9,396.1472392735994,0.0,12.800000000000011,-101.56212000000002
11930400.0,685,iso13790,native,True,19.9,326.62125156424656,0.0,16.100000000000023,-101.56212000000002
11934000.0,685,iso13790,native,True,19.900000000000002,214.7067565024377,0.0,17.80000000000001,-101.56212000000002
11937600.0,685,iso13790,native,True,19.9,178.2562760994772,0.0,17.200000000000045,-101.56212000000002
11941200.0,685,iso13790,native,True,19.9,179.44056069376256,0.0,16.700000000000045,-93.89319874264982
11944800.0,685,iso13790,native,True,19.9,117.39791404843147,0.0,16.700000000000045,207.29173717548264
11948400.0,685,iso13790,native,True,20.1,0.0,13.584583608065838,18.30000000000001,378.981606157795
11952000.0,685,iso13790,native,True,20.10000000000001,0.0,267.49264661793524,20.600000000000023,476.1348512626903
11955600.0,685,iso13790,native,True,20.10000000000001,0.0,587.7611454398599,23.900000000000034,638.8264672069025
11959200.0,685,iso13790,native,True,20.099999999999998,0.0,972.9274375153904,26.100000000000023,1108.1498756833935
11962800.0,685,iso13790,native,True,20.100000000000016,0.0,1251.0408619560123,27.80000000000001,773.1484023172459
11966400.0,685,iso13790,native,True,20.099999999999994,0.0,1391.4973526731985,28.900000000000034,778.5608653109089
11970000.0,685,iso13790,native,True,20.100000000000005,0.0,1540.564328018419,30.0,915.1697400349137
11973600.0,685,iso13790,native,True,20.09999999999999,0.0,1733.7894458396263,30.600000000000023,1242.4756036663393
11977200.0,685,iso13790,native,True,20.100000000000048,0.0,1889.0611142776706,27.80000000000001,1809.1878674429875
11980800.0,685,iso13790,native,True,20.100000000000016,0.0,1707.890714341604,21.700000000000045,1348.1016697536431
11984400.0,685,iso13790,native,True,20.10000000000002,0.0,1395.4432245242913,22.200000000000045,599.66334
11988000.0,685,iso13790,native,True,20.10000000000001,0.0,1122.9130762326636,21.100000000000023,849.7934839224873
11991600.0,685,iso13790,native,True,20.100000000000005,0.0,805.7613102313171,19.400000000000034,155.5607817542141
11995200.0,685,iso13790,native,True,20.099999999999998,0.0,454.88536216610316,18.900000000000034,-101.56212000000002
11998800.0,685,iso13790,native,True,20.1,0.0,231.65723346529802,18.900000000000034,-101.56212000000002
12002400.0,685,iso13790,native,True,20.1,0.0,70.9215192255657,17.80000000000001,-101.56212000000002
12006000.0,685,iso13790,native,True,20.04268975829938,0.0,0.0,17.80000000000001,-101.56212000000002
12009600.0,685,iso13790,native,True,19.9,37.5459572451011,0.0,17.200000000000045,-101.56212000000002
12013200.0,685,iso13790,native,True,19.9,87.65062907147463,0.0,17.200000000000045,-101.56212000000002
12016800.0,685,iso13790,native,True,19.900000000000002,113.59011697607161,0.0,17.200000000000045,-101.56212000000002
12020400.0,685,iso13790,native,True,19.9,127.0191448137227,0.0,17.200000000000045,-101.56212000000002
12024000.0,685,iso13790,native,True,19.9,154.50287754301243,0.0,16.700000000000045,-101.56212000000002
12027600.0,685,iso13790,native,True,19.899999999999995,148.00922073277474,0.0,17.200000000000045,-96.16807800000001
12031200.0,685,iso13790,native,True,19.900000000000002,79.05684085751457,0.0,17.200000000000045,211.9797541169946
12034800.0,685,iso13790,native,True,20.099999999999998,0.0,198.0189075487919,19.400000000000034,947.5920693770368
12038400.0,685,iso13790,native,True,20.099999999999994,0.0,516.5454049942102,21.100000000000023,674.6232158449636
12042000.0,685,iso13790,native,True,20.100000000000016,0.0,723.6655640334777,21.100000000000023,1071.6866623042358
12045600.0,685,iso13790,native,True,20.100000000000005,0.0,1009.2745224026454,23.30000000000001,1193.7034839321325
12049200.0,685,iso13790,native,True,20.099999999999998,0.0,1361.7853343289687,25.0,1732.0240199237587
12052800.0,685,iso13790,native,True,20.100000000000026,0.0,1562.3884973860468,22.80000000000001,1829.5049159999999
12056400.0,685,iso13790,native,True,20.10000000000001,0.0,1517.0264404920392,21.700000000000045,1272.3192962673454
12060000.0,685,iso13790,native,True,20.10000000000001,0.0,1395.5383239879543,21.700000000000045,1234.2919314848154
12063600.0,685,iso13790,native,True,20.099999999999994,0.0,1452.8894391659655,20.600000000000023,2062.12156970021
12067200.0,685,iso13790,native,True,20.100000000000005,0.0,1433.680198595355,20.600000000000023,1203.796044
12070800.0,685,iso13790,native,True,20.09999999999998,0.0,1233.726075182168,21.100000000000023,842.39523
12074400.0,685,iso13790,native,True,20.10000000000001,0.0,887.8318595682097,19.400000000000034,280.4959504148921
12078000.0,685,iso13790,native,True,20.10000000000001,0.0,720.4358006502111,17.80000000000001,1098.3510582195843
12081600.0,685,iso13790,native,True,20.099999999999998,0.0,469.39719143954676,16.700000000000045,-87.40213884105901
12085200.0,685,iso13790,native,True,20.100000000000005,0.0,146.99472795506458,16.700000000000045,-101.56212000000002
12088800.0,685,iso13790,native,True,19.912868597214104,0.0,0.0,16.100000000000023,-101.56212000000002
12092400.0,685,iso13790,native,True,19.899999999999995,112.75442157613278,0.0,16.100000000000023,-101.56212000000002
12096000.0,685,iso13790,native,True,19.9,243.60044572133717,0.0,14.400000000000034,-101.56212000000002
12099600.0,685,iso13790,native,True,19.900000000000002,314.48962557757903,0.0,14.400000000000034,-101.56212000000002
12103200.0,685,iso13790,native,True,19.899999999999995,371.720822244911,0.0,13.900000000000034,-101.56212000000002
12106800.0,685,iso13790,native,True,19.9,402.2760521440624,0.0,13.900000000000034,-101.56212000000002
12110400.0,685,iso13790,native,True,19.900000000000002,397.5632323849259,0.0,14.400000000000034,-101.56212000000002
12114000.0,685,iso13790,native,True,19.9,413.3416665843015,0.0,13.900000000000034,-94.86493396898203
12117600.0,685,iso13790,native,True,19.899999999999988,386.29538508920587,0.0,13.300000000000011,193.52537253657138
12121200.0,685,iso13790,native,True,19.9,156.02337361796128,0.0,16.100000000000023,467.8667286878648
12124800.0,685,iso13790,native,True,20.1,0.0,113.57402278541119,17.80000000000001,863.9713979999999
12128400.0,685,iso13790,native,True,20.099999999999998,0.0,588.4012902492894,20.600000000000023,1410.0348380246783
12132000.0,685,iso13790,native,True,20.10000000000001,0.0,1109.6140815007832,21.700000000000045,2079.8341904240997
12135600.0,685,iso13790,native,True,20.100000000000005,0.0,1755.976143649215,23.30000000000001,3059.6115292795557
12139200.0,685,iso13790,native,True,20.100000000000012,0.0,2000.6816010918856,26.100000000000023,1307.8137097552196
12142800.0,685,iso13790,native,True,20.100000000000048,0.0,2182.6084950967193,26.100000000000023,2886.976831773133
12146400.0,685,iso13790,native,True,20.10000000000001,0.0,2315.2251755298144,27.200000000000045,1648.7949528987294
12150000.0,685,iso13790,native,True,20.100000000000016,0.0,2069.4886561468697,25.600000000000023,1383.3282589826035
12153600.0,685,iso13790,native,True,20.100000000000023,0.0,1731.1491388046406,23.900000000000034,917.911818
12157200.0,685,iso13790,native,True,20.1,0.0,1269.8997202794776,19.400000000000034,799.242894
12160800.0,685,iso13790,native,True,20.10000000000001,0.0,945.9894242363322,20.0,400.0837859999999
12164400.0,685,iso13790,native,True,20.10000000000001,0.0,597.4121159804824,18.900000000000034,44.07701399999998
12168000.0,685,iso13790,native,True,20.1,0.0,258.6628915187372,17.200000000000045,-101.56212000000002
12171600.0,685,iso13790,native,True,20.1,0.0,36.583919611166785,16.700000000000045,-101.56212000000002
12175200.0,685,iso13790,native,True,19.899999999999995,53.94259869346601,0.0,16.100000000000023,-101.56212000000002
12178800.0,685,iso13790,native,True,19.899999999999995,188.51547994337406,0.0,15.0,-101.56212000000002
12182400.0,685,iso13790,native,True,19.899999999999995,190.41560664989305,0.0,16.700000000000045,-101.56212000000002
12186000.0,685,iso13790,native,True,19.89999999999999,233.41908060713294,0.0,15.600000000000023,-101.56212000000002
12189600.0,685,iso13790,native,True,19.9,327.5270028052113,0.0,13.900000000000034,-101.56212000000002
12193200.0,685,iso13790,native,True,19.900000000000002,404.0343815878879,0.0,13.300000000000011,-101.56212000000002
12196800.0,685,iso13790,native,True,19.899999999999995,510.4548889755376,0.0,11.700000000000045,-101.56212000000002
12200400.0,685,iso13790,native,True,19.9,522.2273927061599,0.0,12.800000000000011,-96.16807800000001
12204000.0,685,iso13790,native,True,19.900000000000002,413.6338752841894,0.0,14.400000000000034,126.4356150947983
12207600.0,685,iso13790,native,True,19.9,137.7548792002411,0.0,16.100000000000023,665.8130269701447
12211200.0,685,iso13790,native,True,20.100000000000005,0.0,228.93963887774817,17.80000000000001,1224.2777481563498
12214800.0,685,iso13790,native,True,20.1,0.0,712.5996807623056,18.30000000000001,1902.369201039562
12218400.0,685,iso13790,native,True,20.10000000000003,0.0,940.7639076781759,16.700000000000045,1590.1154595302464
12222000.0,685,iso13790,native,True,20.099999999999987,0.0,1053.5149475060884,19.400000000000034,1281.4960877679046
12225600.0,685,iso13790,native,True,20.100000000000026,0.0,1096.398241218097,20.0,1299.192281435836
12229200.0,685,iso13790,native,True,20.099999999999994,0.0,1186.997768070975,21.100000000000023,1392.4896029308857
12232800.0,685,iso13790,native,True,20.10000000000001,0.0,1369.4523206824294,23.30000000000001,1529.7504334203359
12236400.0,685,iso13790,native,True,20.09999999999997,0.0,1301.1738861938936,22.200000000000045,837.5383465514213
12240000.0,685,iso13790,native,True,20.099999999999987,0.0,1274.697519195528,25.0,863.4829175667883
12243600.0,685,iso13790,native,True,20.099999999999994,0.0,1046.5664252064425,21.100000000000023,556.5110040000001
12247200.0,685,iso13790,native,True,20.099999999999994,0.0,532.7965803406231,14.400000000000034,243.65656799999994
12250800.0,685,iso13790,native,True,20.100000000000005,0.0,118.44177866510874,13.300000000000011,44.07701399999998
12254400.0,685,iso13790,native,True,19.899999999999995,109.81359151780548,0.0,13.300000000000011,-101.56212000000002
12258000.0,685,iso13790,native,True,19.9,312.9658498705165,0.0,12.800000000000011,-101.56212000000002
12261600.0,685,iso13790,native,True,19.899999999999995,398.5338402636563,0.0,13.300000000000011,-101.56212000000002
12265200.0,685,iso13790,native,True,19.899999999999995,462.4380473156477,0.0,12.800000000000011,-101.56212000000002
12268800.0,685,iso13790,native,True,19.900000000000002,521.0856683115276,0.0,12.200000000000045,-101.56212000000002
12272400.0,685,iso13790,native,True,19.899999999999995,552.5594490493925,0.0,12.200000000000045,-101.56212000000002
12276000.0,685,iso13790,native,True,19.899999999999995,589.385058145393,0.0,11.700000000000045,-101.56212000000002
12279600.0,685,iso13790,native,True,19.899999999999995,634.0139272255449,0.0,11.100000000000023,-101.56212000000002
12283200.0,685,iso13790,native,True,19.900000000000002,633.5923825962893,0.0,11.700000000000045,-101.56212000000002
12286800.0,685,iso13790,native,True,19.900000000000002,629.8257295872756,0.0,11.700000000000045,-89.79443950234938
12290400.0,685,iso13790,native,True,19.9,534.797320959717,0.0,12.200000000000045,251.55296839235308
12294000.0,685,iso13790,native,True,19.9,409.0253544477254,0.0,12.800000000000011,237.27818638453957
12297600.0,685,iso13790,native,True,19.9,216.2067835326257,0.0,13.300000000000011,760.3569051505042
12301200.0,685,iso13790,native,True,20.1,0.0,142.30969981756263,15.0,1510.1614470046463
12304800.0,685,iso13790,native,True,20.099999999999994,0.0,618.9075181448814,16.100000000000023,1909.5352202809652
12308400.0,685,iso13790,native,True,20.099999999999998,0.0,1148.5743253332373,16.700000000000045,2842.0821344142782
12312000.0,685,iso13790,native,True,20.099999999999977,0.0,1296.1707322173675,17.200000000000045,1414.163682
12315600.0,685,iso13790,native,True,20.099999999999994,0.0,1101.467782657814,16.100000000000023,1408.76964
12319200.0,685,iso13790,native,True,20.099999999999987,0.0,1048.1251801851624,16.100000000000023,1651.8967228067131
12322800.0,685,iso13790,native,True,20.100000000000016,0.0,772.074153653019,11.700000000000045,1139.06754
12326400.0,685,iso13790,native,True,20.100000000000016,0.0,533.7180051470315,12.800000000000011,890.9416080000001
12330000.0,685,iso13790,native,True,20.09999999999999,0.0,622.5274902351917,15.600000000000023,1540.073836955007
12333600.0,685,iso13790,native,True,20.100000000000005,0.0,511.062924305853,14.400000000000034,497.09077623150165
12337200.0,685,iso13790,native,True,20.099999999999998,0.0,169.66193726514774,13.900000000000034,33.28892999999998
12340800.0,685,iso13790,native,True,19.900000000000002,83.89065380343958,0.0,13.300000000000011,-101.56212000000002
12344400.0,685,iso13790,native,True,19.9,279.0139453657234,0.0,13.300000000000011,-101.56212000000002
12348000.0,685,iso13790,native,True,19.900000000000002,380.0304389758246,0.0,13.300000000000011,-101.56212000000002
12351600.0,685,iso13790,native,True,19.899999999999995,498.0279044978042,0.0,11.700000000000045,-101.56212000000002
12355200.0,685,iso13790,native,True,19.900000000000006,586.717783060549,0.0,11.100000000000023,-101.56212000000002
12358800.0,685,iso13790,native,True,19.9,633.7446199981003,0.0,11.100000000000023,-101.56212000000002
12362400.0,685,iso13790,native,True,19.900000000000006,658.0906943953199,0.0,11.100000000000023,-101.56212000000002
12366000.0,685,iso13790,native,True,19.900000000000002,691.2262473414365,0.0,10.600000000000023,-101.56212000000002
12369600.0,685,iso13790,native,True,19.9,709.3070185508709,0.0,10.600000000000023,-101.56212000000002
12373200.0,685,iso13790,native,True,19.899999999999995,741.0035798512945,0.0,10.0,-90.44715162380754
12376800.0,685,iso13790,native,True,19.900000000000002,731.6153134128914,0.0,10.0,31.012924001939304
12380400.0,685,iso13790,native,True,19.900000000000002,495.2608405271148,0.0,11.700000000000045,719.0745521273625
12384000.0,685,iso13790,native,True,19.9,55.0574863141321,0.0,14.400000000000034,1178.0218389079796
12387600.0,685,iso13790,native,True,20.1,0.0,288.45933476435164,14.400000000000034,1603.3064239508633
12391200.0,685,iso13790,native,True,20.10000000000001,0.0,413.4672964978921,15.600000000000023,585.4814038193558
12394800.0,685,iso13790,native,True,20.1,0.0,631.0168978041868,15.600000000000023,2089.859720384512
12398400.0,685,iso13790,native,True,20.099999999999984,0.0,899.7311710157165,16.700000000000045,1476.93650958441
12402000.0,685,iso13790,native,True,20.099999999999984,0.0,1065.2274281408852,18.30000000000001,1745.1713003097989
12405600.0,685,iso13790,native,True,20.1,0.0,1157.2238397849214,18.900000000000034,1437.6007777074778
12409200.0,685,iso13790,native,True,20.100000000000005,0.0,1339.9654074435198,20.0,2101.403698873347
12412800.0,685,iso13790,native,True,20.099999999999994,0.0,1319.3723576080602,19.400000000000034,1147.4417187836034
12416400.0,685,iso13790,native,True,20.09999999999999,0.0,1127.193822409427,19.400000000000034,1004.57967279696
12420000.0,685,iso13790,native,True,20.099999999999998,0.0,1064.690446695099,18.30000000000001,1510.3937103402116
12423600.0,685,iso13790,native,True,20.1,0.0,776.0511685523812,16.100000000000023,332.71702420050593
12427200.0,685,iso13790,native,True,20.09999999999999,0.0,277.3240185688005,14.400000000000034,-98.14387737197575
12430800.0,685,iso13790,native,True,19.899999999999995,23.368911249084924,0.0,13.900000000000034,-101.56212000000002
12434400.0,685,iso13790,native,True,19.899999999999995,246.56992070197467,0.0,13.300000000000011,-101.56212000000002
12438000.0,685,iso13790,native,True,19.900000000000002,408.4031521620048,0.0,12.200000000000045,-101.56212000000002
12441600.0,685,iso13790,native,True,19.900000000000002,494.22303733016577,0.0,12.200000000000045,-101.56212000000002
12445200.0,685,iso13790,native,True,19.900000000000002,604.3531278848682,0.0,10.600000000000023,-101.56212000000002
12448800.0,685,iso13790,native,True,19.899999999999995,688.9700194313111,0.0,10.0,-101.56212000000002
12452400.0,685,iso13790,native,True,19.9,779.0574252194257,0.0,8.900000000000034,-101.56212000000002
12456000.0,685,iso13790,native,True,19.900000000000002,872.903246422668,0.0,7.800000000000011,-101.56212000000002
12459600.0,685,iso13790,native,True,19.899999999999995,897.101069482532,0.0,8.300000000000011,-73.10399638088128
12463200.0,685,iso13790,native,True,19.899999999999995,776.3478298793767,0.0,10.0,207.21250222459918
12466800.0,685,iso13790,native,True,19.900000000000002,545.8154302727678,0.0,12.200000000000045,353.1062419338364
12470400.0,685,iso13790,native,True,19.9,265.4652165377474,0.0,15.0,444.300347652582
12474000.0,685,iso13790,native,True,20.064082892449584,0.0,0.0,17.80000000000001,573.5893208324653
12477600.0,685,iso13790,native,True,20.1,0.0,321.90568170056946,20.600000000000023,664.6801278396933
12481200.0,685,iso13790,native,True,20.100000000000005,0.0,699.8416688063248,22.200000000000045,1237.184335265922
12484800.0,685,iso13790,native,True,20.099999999999998,0.0,984.8551024974668,23.30000000000001,999.1476425558728
12488400.0,685,iso13790,native,True,20.099999999999984,0.0,1116.9562249752428,24.400000000000034,878.299361041383
12492000.0,685,iso13790,native,True,20.099999999999994,0.0,1176.902096258987,24.400000000000034,919.9480905484331
12495600.0,685,iso13790,native,True,20.100000000000012,0.0,1253.7531854781016,23.900000000000034,1208.5481693098632
12499200.0,685,iso13790,native,True,20.10000000000001,0.0,1379.1750178568896,25.0,1188.0965765717417
12502800.0,685,iso13790,native,True,20.099999999999994,0.0,1551.7309215972634,25.0,1713.591278031057
12506400.0,685,iso13790,native,True,20.099999999999994,0.0,1662.0572860671348,23.900000000000034,1631.8905347739865
12510000.0,685,iso13790,native,True,20.099999999999994,0.0,1391.7810711518403,21.700000000000045,559.3634193372395
12513600.0,685,iso13790,native,True,20.100000000000016,0.0,802.437927472289,18.30000000000001,-98.17211561201675
12517200.0,685,iso13790,native,True,20.1,0.0,296.0355860912321,16.100000000000023,-101.56212000000002
12520800.0,685,iso13790,native,True,20.099999999999998,0.0,8.724953747080791,15.600000000000023,-101.56212000000002
12524400.0,685,iso13790,native,True,19.9,140.2101185860529,0.0,14.400000000000034,-101.56212000000002
12528000.0,685,iso13790,native,True,19.9,281.49528041736784,0.0,13.900000000000034,-101.56212000000002
12531600.0,685,iso13790,native,True,19.899999999999995,445.90410729572386,0.0,11.700000000000045,-101.56212000000002
12535200.0,685,iso13790,native,True,19.900000000000002,535.095248128324,0.0,11.700000000000045,-101.56212000000002
12538800.0,685,iso13790,native,True,19.90000000000001,626.4392130792023,0.0,10.600000000000023,-101.56212000000002
12542400.0,685,iso13790,native,True,19.9,700.4041176675696,0.0,10.0,-101.56212000000002
12546000.0,685,iso13790,native,True,19.899999999999995,737.0311121489161,0.0,10.0,-88.15365111301942
12549600.0,685,iso13790,native,True,19.900000000000002,601.2136680471575,0.0,12.200000000000045,212.7976568517055
12553200.0,685,iso13790,native,True,19.9,327.00696541092685,0.0,15.0,392.7315979732619
12556800.0,685,iso13790,native,True,19.93848126003287,0.0,0.0,18.30000000000001,516.0078789476428
12560400.0,685,iso13790,native,True,20.100000000000005,0.0,304.70306459346864,21.100000000000023,647.5813732420662
12564000.0,685,iso13790,native,True,20.10000000000001,0.0,725.8632108704234,23.900000000000034,1077.3314638789682
12567600.0,685,iso13790,native,True,20.10000000000003,0.0,1210.1232753449717,23.30000000000001,2128.755769673345
12571200.0,685,iso13790,native,True,20.100000000000012,0.0,1613.4816806810425,23.30000000000001,2068.5615420629256
12574800.0,685,iso13790,native,True,20.100000000000012,0.0,1605.581553763629,20.0,1722.3346785056413
12578400.0,685,iso13790,native,True,20.099999999999994,0.0,1610.695919760277,22.200000000000045,1624.3929335625473
12582000.0,685,iso13790,native,True,20.09999999999999,0.0,1528.7165237007846,21.700000000000045,1369.9667430183035
12585600.0,685,iso13790,native,True,20.100000000000023,0.0,1502.0745947793146,23.30000000000001,1327.7120805766276
12589200.0,685,iso13790,native,True,20.1,0.0,1457.3354502957247,22.200000000000045,1414.340377656202
12592800.0,685,iso13790,native,True,20.10000000000001,0.0,1270.979842348307,19.400000000000034,1125.1975025501104
12596400.0,685,iso13790,native,True,20.099999999999994,0.0,980.742815395693,18.30000000000001,653.4513269676578
12600000.0,685,iso13790,native,True,20.099999999999998,0.0,513.1685390408436,16.100000000000023,-72.6293822529199
12603600.0,685,iso13790,native,True,20.099999999999998,0.0,101.07252680545277,15.0,-101.56212000000002
12607200.0,685,iso13790,native,True,19.900000000000002,114.044230192253,0.0,13.900000000000034,-101.56212000000002
12610800.0,685,iso13790,native,True,19.900000000000002,359.21369832591483,0.0,11.700000000000045,-101.56212000000002
12614400.0,685,iso13790,native,True,19.9,490.21510555979506,0.0,11.700000000000045,-101.56212000000002
12618000.0,685,iso13790,native,True,19.9,558.0353166212265,0.0,11.700000000000045,-101.56212000000002
12621600.0,685,iso13790,native,True,19.900000000000002,547.9770664526541,0.0,12.800000000000011,-101.56212000000002
12625200.0,685,iso13790,native,True,19.9,585.9011742852736,0.0,11.700000000000045,-101.56212000000002
12628800.0,685,iso13790,native,True,19.900000000000002,607.5725659808079,0.0,11.700000000000045,-101.56212000000002
12632400.0,685,iso13790,native,True,19.900000000000002,596.0265258504762,0.0,12.200000000000045,-90.77403600000002
12636000.0,685,iso13790,native,True,19.9,552.7901069005154,0.0,12.200000000000045,76.44126599999998
12639600.0,685,iso13790,native,True,19.899999999999995,328.3269514113493,0.0,12.800000000000011,805.6489092394133
12643200.0,685,iso13790,native,True,20.1,0.0,32.021834546707154,14.400000000000034,1346.7505778353145
12646800.0,685,iso13790,native,True,20.100000000000005,0.0,273.1149552132557,14.400000000000034,982.640322
12650400.0,685,iso13790,native,True,20.09999999999999,0.0,698.4052616599748,16.700000000000045,2255.5560923823614
12654000.0,685,iso13790,native,True,20.10000000000001,0.0,1016.3794364288772,17.80000000000001,1517.293699122171
12657600.0,685,iso13790,native,True,20.1,0.0,1222.2142773783148,20.0,1833.890745547425
12661200.0,685,iso13790,native,True,20.10000000000002,0.0,1415.4520267910216,22.200000000000045,1554.8092829788347
12664800.0,685,iso13790,native,True,20.099999999999994,0.0,1508.4414674217485,23.30000000000001,1496.026081600624
12668400.0,685,iso13790,native,True,20.10000000000001,0.0,1480.1947437759293,23.30000000000001,1162.1847074668042
12672000.0,685,iso13790,native,True,20.10000000000003,0.0,1489.830137139383,25.600000000000023,1078.1340550610464
12675600.0,685,iso13790,native,True,20.100000000000023,0.0,1555.6717303410867,25.600000000000023,1415.5907305671165
12679200.0,685,iso13790,native,True,20.1,0.0,1590.4504425277266,22.200000000000045,1835.4940527462074
12682800.0,685,iso13790,native,True,20.10000000000002,0.0,1340.218019736825,18.900000000000034,904.3686112287876
12686400.0,685,iso13790,native,True,20.099999999999998,0.0,777.3526165674599,16.700000000000045,-11.483274433347063
12690000.0,685,iso13790,native,True,20.10000000000001,0.0,248.62098850639188,15.0,-101.56212000000002
12693600.0,685,iso13790,native,True,19.900000000000002,37.657510189451315,0.0,13.900000000000034,-101.56212000000002
12697200.0,685,iso13790,native,True,19.899999999999995,208.7980351674269,0.0,14.400000000000034,-101.56212000000002
12700800.0,685,iso13790,native,True,19.899999999999995,341.6413883006118,0.0,13.300000000000011,-101.56212000000002
12704400.0,685,iso13790,native,True,19.900000000000002,457.62221884690183,0.0,12.200000000000045,-101.56212000000002
12708000.0,685,iso13790,native,True,19.900000000000002,429.3656850451182,0.0,14.400000000000034,-101.56212000000002
12711600.0,685,iso13790,native,True,19.9,410.66139964351277,0.0,14.400000000000034,-101.56212000000002
12715200.0,685,iso13790,native,True,19.9,400.97807936111707,0.0,14.400000000000034,-101.56212000000002
12718800.0,685,iso13790,native,True,19.9,440.01714303371057,0.0,13.300000000000011,-96.16807800000001
12722400.0,685,iso13790,native,True,19.9,431.2538957554792,0.0,13.300000000000011,49.471055999999976
12726000.0,685,iso13790,native,True,19.9,326.55465775227896,0.0,13.900000000000034,302.99102999999997
12729600.0,685,iso13790,native,True,19.9,20.58696229989994,0.0,16.100000000000023,883.5990397452031
12733200.0,685,iso13790,native,True,20.1,0.0,238.59351447011218,17.80000000000001,811.7008171319123
12736800.0,685,iso13790,native,True,20.10000000000001,0.0,438.9669841628925,19.400000000000034,653.7202603723802
12740400.0,685,iso13790,native,True,20.100000000000005,0.0,597.5807597656808,21.100000000000023,687.9338384401785
12744000.0,685,iso13790,native,True,20.099999999999994,0.0,901.1185518083604,22.80000000000001,1378.760978337971
12747600.0,685,iso13790,native,True,20.099999999999987,0.0,1073.435846416285,23.900000000000034,691.2767483783341
12751200.0,685,iso13790,native,True,20.099999999999987,0.0,1191.5305528681438,25.600000000000023,1008.6980854795092
12754800.0,685,iso13790,native,True,20.099999999999984,0.0,1278.4799033688294,25.0,994.7656860582846
12758400.0,685,iso13790,native,True,20.1,0.0,1257.0849114782895,21.700000000000045,1344.4487458044841
12762000.0,685,iso13790,native,True,20.099999999999962,0.0,1309.8247600141942,20.600000000000023,1633.2918635310089
12765600.0,685,iso13790,native,True,20.099999999999984,0.0,1230.3633399320397,20.0,1026.0127239164665
12769200.0,685,iso13790,native,True,20.100000000000005,0.0,1100.230605449187,19.400000000000034,1184.2376765738452
12772800.0,685,iso13790,native,True,20.100000000000005,0.0,726.170209227042,17.80000000000001,-94.9405925373292
12776400.0,685,iso13790,native,True,20.099999999999994,0.0,210.96676208128804,15.0,-101.56212000000002
12780000.0,685,iso13790,native,True,19.900000000000002,147.48968525486387,0.0,11.700000000000045,-101.56212000000002
12783600.0,685,iso13790,native,True,19.899999999999995,380.60431926025245,0.0,11.700000000000045,-101.56212000000002
12787200.0,685,iso13790,native,True,19.900000000000002,480.75771299481556,0.0,12.200000000000045,-101.56212000000002
12790800.0,685,iso13790,native,True,19.9,576.8506042419017,0.0,11.100000000000023,-101.56212000000002
12794400.0,685,iso13790,native,True,19.899999999999995,649.1677673816162,0.0,10.600000000000023,-101.56212000000002
12798000.0,685,iso13790,native,True,19.9,712.1708259988723,0.0,10.0,-101.56212000000002
12801600.0,685,iso13790,native,True,19.89999999999999,770.5371765699011,0.0,9.400000000000034,-101.56212000000002
12805200.0,685,iso13790,native,True,19.9,818.2976193898289,0.0,8.900000000000034,-81.7670988997062
12808800.0,685,iso13790,native,True,19.900000000000006,706.6116852069053,0.0,10.600000000000023,229.23037853878168
12812400.0,685,iso13790,native,True,19.899999999999995,435.25895388154686,0.0,13.300000000000011,472.34421059019695
12816000.0,685,iso13790,native,True,19.899999999999995,121.71299854538333,0.0,15.600000000000023,642.2390980870388
12819600.0,685,iso13790,native,True,20.099999999999994,0.0,194.2249223111583,18.900000000000034,820.8818020871704
12823200.0,685,iso13790,native,True,20.099999999999998,0.0,526.7146184982394,20.600000000000023,933.5757563822567
12826800.0,685,iso13790,native,True,20.10000000000001,0.0,820.9311012284858,22.200000000000045,1104.6084604969928
12830400.0,685,iso13790,native,True,20.099999999999984,0.0,1012.5492245155917,22.80000000000001,1030.5226299818519
12834000.0,685,iso13790,native,True,20.10000000000001,0.0,1234.8828324304916,23.900000000000034,1458.2014062563592
12837600.0,685,iso13790,native,True,20.099999999999994,0.0,1362.0741543465704,24.400000000000034,1081.0652031404477
12841200.0,685,iso13790,native,True,20.09999999999999,0.0,1471.2932336129961,24.400000000000034,1573.9671520184888
12844800.0,685,iso13790,native,True,20.099999999999987,0.0,1698.1555006592007,24.400000000000034,2020.1258031963882
12848400.0,685,iso13790,native,True,20.099999999999994,0.0,1808.071908124134,24.400000000000034,1643.1257484653888
12852000.0,685,iso13790,native,True,20.100000000000005,0.0,1661.582826495125,22.200000000000045,1385.007995611342
12855600.0,685,iso13790,native,True,20.099999999999994,0.0,1187.0129786234224,16.700000000000045,766.8846550922817
12859200.0,685,iso13790,native,True,20.099999999999998,0.0,542.4348249596866,13.900000000000034,-83.02322936429233
12862800.0,685,iso13790,native,True,20.1,0.0,65.33569789896639,13.900000000000034,-101.56212000000002
12866400.0,685,iso13790,native,True,19.9,159.22098828140778,0.0,13.300000000000011,-101.56212000000002
12870000.0,685,iso13790,native,True,19.9,363.182088069331,0.0,12.200000000000045,-101.56212000000002
12873600.0,685,iso13790,native,True,19.900000000000002,470.8118223215204,0.0,12.200000000000045,-101.56212000000002
12877200.0,685,iso13790,native,True,19.9,592.2330020280789,0.0,10.600000000000023,-101.56212000000002
12880800.0,685,iso13790,native,True,19.899999999999995,682.6953578757218,0.0,10.0,-101.56212000000002
12884400.0,685,iso13790,native,True,19.9,755.2775506509406,0.0,9.400000000000034,-101.56212000000002
12888000.0,685,iso13790,native,True,19.899999999999995,814.4967872365754,0.0,8.900000000000034,-101.56212000000002
12891600.0,685,iso13790,native,True,19.899999999999995,842.2537321370403,0.0,8.900000000000034,-83.07896506792427
12895200.0,685,iso13790,native,True,19.899999999999995,693.18500970104,0.0,11.100000000000023,255.81353850558978
12898800.0,685,iso13790,native,True,19.9,341.71727846938336,0.0,14.400000000000034,647.6010744913089
12902400.0,685,iso13790,native,True,20.1,0.0,42.9715335210175,17.200000000000045,984.2308353157816
12906000.0,685,iso13790,native,True,20.099999999999998,0.0,508.94426646235,20.0,1235.3711726262886
12909600.0,685,iso13790,native,True,20.10000000000001,0.0,941.3478643229962,21.700000000000045,1604.633648714986
12913200.0,685,iso13790,native,True,20.100000000000016,0.0,1223.7568108157457,22.80000000000001,1372.1245746811983
12916800.0,685,iso13790,native,True,20.099999999999994,0.0,1425.9613745924405,25.0,1373.9757959212036
12920400.0,685,iso13790,native,True,20.099999999999994,0.0,1529.3823705640932,26.100000000000023,1128.6652729138252
12924000.0,685,iso13790,native,True,20.10000000000002,0.0,1581.2762165496808,27.80000000000001,961.0549167426784
12927600.0,685,iso13790,native,True,20.10000000000007,0.0,1643.5223014020207,27.80000000000001,1244.6650815381354
12931200.0,685,iso13790,native,True,20.09999999999998,0.0,1606.685837889844,23.30000000000001,1586.9589537808004
12934800.0,685,iso13790,native,True,20.099999999999977,0.0,1538.788510785154,22.80000000000001,1229.2454278238472
12938400.0,685,iso13790,native,True,20.09999999999997,0.0,1453.110479000519,22.200000000000045,1381.8020461959716
12942000.0,685,iso13790,native,True,20.100000000000012,0.0,1170.7244332125745,19.400000000000034,676.4653006788807
12945600.0,685,iso13790,native,True,20.099999999999994,0.0,706.7172202582434,18.30000000000001,-76.59242304828322
12949200.0,685,iso13790,native,True,20.10000000000001,0.0,295.0613427198366,17.200000000000045,-101.56212000000002
12952800.0,685,iso13790,native,True,20.042493304655046,0.0,0.0,15.0,-101.56212000000002
12956400.0,685,iso13790,native,True,19.9,87.94309335229953,0.0,16.100000000000023,-101.56212000000002
12960000.0,685,iso13790,native,True,19.899999999999995,206.1177391300897,0.0,15.0,-101.56212000000002
12963600.0,685,iso13790,native,True,19.9,244.6975799367634,0.0,15.600000000000023,-101.56212000000002
12967200.0,685,iso13790,native,True,19.9,333.3659492802374,0.0,13.900000000000034,-101.56212000000002
12970800.0,685,iso13790,native,True,19.900000000000002,361.8880604980628,0.0,14.400000000000034,-101.56212000000002
12974400.0,685,iso13790,native,True,19.899999999999995,396.2592751376323,0.0,13.900000000000034,-101.56212000000002
12978000.0,685,iso13790,native,True,19.900000000000002,434.87697988355404,0.0,13.300000000000011,-78.67003459414038
12981600.0,685,iso13790,native,True,19.899999999999995,324.58970464088776,0.0,14.400000000000034,320.2228118755666
12985200.0,685,iso13790,native,True,19.899999999999995,52.22014122756642,0.0,15.600000000000023,807.4468401270999
12988800.0,685,iso13790,native,True,20.1,0.0,155.0916359684997,16.100000000000023,887.2641853643938
12992400.0,685,iso13790,native,True,20.099999999999994,0.0,553.9542226886816,18.900000000000034,1474.4190958467125
12996000.0,685,iso13790,native,True,20.099999999999994,0.0,806.7409105062894,18.900000000000034,1224.6440324861055
12999600.0,685,iso13790,native,True,20.100000000000016,0.0,1205.301804784224,19.400000000000034,2608.8859990660076
13003200.0,685,iso13790,native,True,20.099999999999994,0.0,1630.2512542074858,20.600000000000023,2365.3142942734185
13006800.0,685,iso13790,native,True,20.099999999999998,0.0,1876.8653192799363,21.700000000000045,2450.9413367350353
13010400.0,685,iso13790,native,True,20.100000000000016,0.0,1810.758643911155,20.0,1777.0550102966956
13014000.0,685,iso13790,native,True,20.099999999999994,0.0,1587.2430174313515,18.900000000000034,1610.7843123961757
13017600.0,685,iso13790,native,True,20.10000000000001,0.0,1458.738672649473,19.400000000000034,1586.6628925164114
13021200.0,685,iso13790,native,True,20.10000000000001,0.0,1163.6856551208664,16.100000000000023,1151.4185994970637
13024800.0,685,iso13790,native,True,20.1,0.0,754.3056315653492,15.600000000000023,373.11357599999997
13028400.0,685,iso13790,native,True,20.1,0.0,355.8383249222748,15.600000000000023,71.04722399999999
13032000.0,685,iso13790,native,True,20.08943634008699,0.0,0.0,13.900000000000034,-96.16807800000001
13035600.0,685,iso13790,native,True,19.9,149.21174239231723,0.0,14.400000000000034,-101.56212000000002
13039200.0,685,iso13790,native,True,19.9,269.730318993451,0.0,14.300000000000011,-101.56212000000002
13042800.0,685,iso13790,native,True,19.899999999999995,332.30876551998,0.0,14.300000000000011,-101.56212000000002
13046400.0,685,iso13790,native,True,19.900000000000002,368.812290058795,0.0,14.200000000000045,-101.56212000000002
13050000.0,685,iso13790,native,True,19.9,392.00193122893654,0.0,14.100000000000023,-101.56212000000002
13053600.0,685,iso13790,native,True,19.899999999999995,408.2988954486823,0.0,14.0,-101.56212000000002
13057200.0,685,iso13790,native,True,19.9,416.9211906779268,0.0,14.0,-101.56212000000002
13060800.0,685,iso13790,native,True,19.9,425.4912933832545,0.0,13.900000000000034,-101.56212000000002
13064400.0,685,iso13790,native,True,19.89999999999999,469.2464506000706,0.0,12.800000000000011,-72.41370851375207
13068000.0,685,iso13790,native,True,19.900000000000002,331.8131078339209,0.0,15.0,251.98523300390247
13071600.0,685,iso13790,native,True,19.899999999999995,78.36194944842373,0.0,17.200000000000045,428.72499345870074
13075200.0,685,iso13790,native,True,20.100000000000005,0.0,100.53075673523313,18.30000000000001,527.725613930948
13078800.0,685,iso13790,native,True,20.10000000000001,0.0,400.0968265209891,21.100000000000023,686.408796901778
13082400.0,685,iso13790,native,True,20.1,0.0,781.9499699157122,23.30000000000001,1199.0228360862338
13086000.0,685,iso13790,native,True,20.099999999999994,0.0,1083.3388591393657,24.400000000000034,1070.627580024676
13089600.0,685,iso13790,native,True,20.10000000000002,0.0,1298.669108761846,26.700000000000045,989.0954807231058
13093200.0,685,iso13790,native,True,20.100000000000005,0.0,1395.0570415531452,27.200000000000045,858.7503118947153
13096800.0,685,iso13790,native,True,20.1,0.0,1495.33291889546,28.900000000000034,859.9560932227486
13100400.0,685,iso13790,native,True,20.100000000000005,0.0,1547.1402334305226,28.900000000000034,843.3145042216111
13104000.0,685,iso13790,native,True,20.099999999999994,0.0,1597.2960852999004,29.400000000000034,869.5578652436731
13107600.0,685,iso13790,native,True,20.100000000000016,0.0,1762.426488596146,28.30000000000001,1735.2019815903218
13111200.0,685,iso13790,native,True,20.10000000000001,0.0,1912.6683850465674,27.200000000000045,1614.964687448783
13114800.0,685,iso13790,native,True,20.09999999999998,0.0,1621.2129379711114,25.0,369.7943009025687
13118400.0,685,iso13790,native,True,20.10000000000001,0.0,1015.8661952701013,21.100000000000023,-81.11917173880671
13122000.0,685,iso13790,native,True,20.099999999999994,0.0,529.3881109922376,18.900000000000034,-101.56212000000002
13125600.0,685,iso13790,native,True,20.1,0.0,270.2277515744991,18.900000000000034,-101.56212000000002
13129200.0,685,iso13790,native,True,20.1,0.0,21.08279453330023,16.100000000000023,-101.56212000000002
13132800.0,685,iso13790,native,True,19.9,38.44144699974951,0.0,16.700000000000045,-101.56212000000002
13136400.0,685,iso13790,native,True,19.900000000000002,134.20970553964997,0.0,16.100000000000023,-101.56212000000002
13140000.0,685,iso13790,native,True,19.900000000000002,184.90106207405685,0.0,16.100000000000023,-101.56212000000002
13143600.0,685,iso13790,native,True,19.899999999999995,211.14428015656077,0.0,16.100000000000023,-101.56212000000002
13147200.0,685,iso13790,native,True,19.900000000000002,245.26199572113435,0.0,15.600000000000023,-101.56212000000002
13150800.0,685,iso13790,native,True,19.9,309.7756995054474,0.0,14.400000000000034,-85.37999400000001
13154400.0,685,iso13790,native,True,19.9,263.1513445737906,0.0,15.0,180.4605990010728
13158000.0,685,iso13790,native,True,19.947228249330465,0.0,0.0,17.80000000000001,628.1395308228513
13161600.0,685,iso13790,native,True,20.1,0.0,332.9904143512762,20.0,912.4200798582946
13165200.0,685,iso13790,native,True,20.100000000000016,0.0,731.3304881442015,22.200000000000045,1177.7579262604672
13168800.0,685,iso13790,native,True,20.09999999999998,0.0,976.510426260775,22.80000000000001,1024.6457331689567
13172400.0,685,iso13790,native,True,20.09999999999999,0.0,1190.749275491911,22.200000000000045,1676.7634988427562
13176000.0,685,iso13790,native,True,20.10000000000001,0.0,1486.8207495190181,23.900000000000034,1741.295086568138
13179600.0,685,iso13790,native,True,20.1,0.0,1852.3757897222845,25.600000000000023,2364.8116858115854
13183200.0,685,iso13790,native,True,20.100000000000012,0.0,1936.1334510263307,23.900000000000034,1701.2388422012286
13186800.0,685,iso13790,native,True,20.10000000000001,0.0,1435.8463108548624,16.100000000000023,1144.461582
13190400.0,685,iso13790,native,True,20.10000000000001,0.0,1249.9746759978316,18.30000000000001,1556.2268383571204
13194000.0,685,iso13790,native,True,20.09999999999998,0.0,1108.1470369054598,19.400000000000034,783.8422554227866
13197600.0,685,iso13790,native,True,20.10000000000003,0.0,1050.0882068689316,20.600000000000023,1199.946868832979
13201200.0,685,iso13790,native,True,20.1,0.0,874.0288648433593,18.900000000000034,503.5784186461633
13204800.0,685,iso13790,native,True,20.1,0.0,500.2711681817162,17.80000000000001,-96.16807800000001
13208400.0,685,iso13790,native,True,20.1,0.0,208.79950394823015,17.80000000000001,-101.56212000000002
13212000.0,685,iso13790,native,True,20.099999999999998,0.0,11.88090302408447,16.700000000000045,-101.56212000000002
13215600.0,685,iso13790,native,True,19.899999999999995,66.73149794398131,0.0,16.100000000000023,-101.56212000000002
13219200.0,685,iso13790,native,True,19.9,125.32945716155572,0.0,16.700000000000045,-101.56212000000002
13222800.0,685,iso13790,native,True,19.9,199.72359222513177,0.0,15.600000000000023,-101.56212000000002
13226400.0,685,iso13790,native,True,19.900000000000002,289.55120239048,0.0,14.400000000000034,-101.56212000000002
13230000.0,685,iso13790,native,True,19.9,338.27860679187944,0.0,14.400000000000034,-101.56212000000002
13233600.0,685,iso13790,native,True,19.9,408.67425368233654,0.0,13.300000000000011,-101.56212000000002
13237200.0,685,iso13790,native,True,19.89999999999999,441.96199853927794,0.0,13.300000000000011,-76.4783921189426
13240800.0,685,iso13790,native,True,19.899999999999995,293.5116075162058,0.0,15.600000000000023,248.38650938602825
13244400.0,685,iso13790,native,True,19.9,219.1096465814517,0.0,14.400000000000034,205.898274
13248000.0,685,iso13790,native,True,20.1,0.0,46.54206380911869,17.200000000000045,1032.1795581492213
13251600.0,685,iso13790,native,True,20.10000000000001,0.0,524.3949097699652,18.900000000000034,1482.5724521512361
13255200.0,685,iso13790,native,True,20.100000000000016,0.0,951.5907186655494,21.700000000000045,1436.579258874489
13258800.0,685,iso13790,native,True,20.10000000000002,0.0,1272.6220641814948,23.900000000000034,1492.6706530587944
13262400.0,685,iso13790,native,True,20.100000000000005,0.0,1433.9520137570323,25.600000000000023,1069.5477688568837
13266000.0,685,iso13790,native,True,20.100000000000033,0.0,1902.2307125963703,27.80000000000001,2799.140832781324
13269600.0,685,iso13790,native,True,20.099999999999994,0.0,2292.877660519791,28.900000000000034,1956.5798914672973
13273200.0,685,iso13790,native,True,20.09999999999999,0.0,2284.484687813026,28.900000000000034,1572.8561664904757
13276800.0,685,iso13790,native,True,20.100000000000037,0.0,2007.4727795115148,23.900000000000034,1540.5718532549452
13280400.0,685,iso13790,native,True,20.099999999999998,0.0,1727.8715970149651,22.80000000000001,1170.4063390552408
13284000.0,685,iso13790,native,True,20.099999999999994,0.0,1471.524117698963,22.200000000000045,1042.932673255845
13287600.0,685,iso13790,native,True,20.099999999999994,0.0,1131.6888598111093,21.100000000000023,363.54423053384136
13291200.0,685,iso13790,native,True,20.100000000000016,0.0,755.7135937646245,21.100000000000023,-73.92295526909066
13294800.0,685,iso13790,native,True,20.100000000000005,0.0,441.01245908553324,20.0,-101.56212000000002
13298400.0,685,iso13790,native,True,20.099999999999998,0.0,226.51300320180678,18.900000000000034,-101.56212000000002
13302000.0,685,iso13790,native,True,20.1,0.0,68.25832048911516,17.80000000000001,-101.56212000000002
13305600.0,685,iso13790,native,True,19.900000000000002,35.50671762096991,0.0,16.100000000000023,-101.56212000000002
13309200.0,685,iso13790,native,True,19.900000000000002,178.9711141854713,0.0,15.0,-101.56212000000002
13312800.0,685,iso13790,native,True,19.900000000000002,255.28134380204853,0.0,15.0,-101.56212000000002
13316400.0,685,iso13790,native,True,19.899999999999995,319.42533927282443,0.0,14.400000000000034,-101.56212000000002
13320000.0,685,iso13790,native,True,19.899999999999995,398.9138044677931,0.0,13.300000000000011,-101.56212000000002
13323600.0,685,iso13790,native,True,19.900000000000002,458.0301159893451,0.0,12.800000000000011,-79.32614876285136
13327200.0,685,iso13790,native,True,19.899999999999995,335.4086703359699,0.0,15.0,211.85853506731092
13330800.0,685,iso13790,native,True,19.9,57.256570987555776,0.0,18.30000000000001,352.1446878109822
13334400.0,685,iso13790,native,True,20.100000000000005,0.0,333.6447115041924,21.100000000000023,1094.0796879444226
13338000.0,685,iso13790,native,True,20.099999999999994,0.0,813.4732568185925,24.400000000000034,988.0123595704035
13341600.0,685,iso13790,native,True,20.10000000000001,0.0,1284.781683550606,27.80000000000001,1441.6529897793682
13345200.0,685,iso13790,native,True,20.100000000000005,0.0,1701.6901616309622,28.30000000000001,1800.731391634852
13348800.0,685,iso13790,native,True,20.10000000000004,0.0,1871.4744060598562,29.400000000000034,1081.6025976959113
13352400.0,685,iso13790,native,True,20.099999999999998,0.0,2083.0815171343065,30.0,2099.2145433759656
13356000.0,685,iso13790,native,True,20.1,0.0,2291.796412539409,31.100000000000023,1577.673714209176
13359600.0,685,iso13790,native,True,20.1,0.0,2317.1462373507106,31.700000000000045,1447.6623357794597
13363200.0,685,iso13790,native,True,20.09999999999994,0.0,2323.0234121482335,32.200000000000045,1407.4136839586513
13366800.0,685,iso13790,native,True,20.100000000000033,0.0,2313.508341379243,30.600000000000023,1690.2982350208088
13370400.0,685,iso13790,native,True,20.099999999999998,0.0,2083.7142767773903,30.0,521.7184210274943
13374000.0,685,iso13790,native,True,20.10000000000003,0.0,1661.2588185908905,28.30000000000001,290.8027391955676
13377600.0,685,iso13790,native,True,20.10000000000001,0.0,1143.3912983351304,23.900000000000034,-89.84976869621582
13381200.0,685,iso13790,native,True,20.099999999999987,0.0,759.360842472448,22.80000000000001,-101.56212000000002
13384800.0,685,iso13790,native,True,20.099999999999998,0.0,577.1878432487156,23.30000000000001,-101.56212000000002
13388400.0,685,iso13790,native,True,20.1,0.0,323.6568214189321,19.400000000000034,-101.56212000000002
13392000.0,685,iso13790,native,True,20.1,0.0,49.669640664244035,16.100000000000023,-101.56212000000002
13395600.0,685,iso13790,native,True,19.9,48.27959975371747,0.0,16.100000000000023,-101.56212000000002
13399200.0,685,iso13790,native,True,19.9,160.94597780497776,0.0,15.600000000000023,-101.56212000000002
13402800.0,685,iso13790,native,True,19.899999999999995,244.83806600783583,0.0,15.0,-101.56212000000002
13406400.0,685,iso13790,native,True,19.89999999999999,359.18797053475015,0.0,13.300000000000011,-101.56212000000002
13410000.0,685,iso13790,native,True,19.899999999999995,460.05072851736236,0.0,12.200000000000045,-69.42266936680265
13413600.0,685,iso13790,native,True,19.900000000000002,286.2211546515752,0.0,16.100000000000023,234.12150689784207
13417200.0,685,iso13790,native,True,19.958718553866603,0.0,0.0,18.900000000000034,430.7557810108136
13420800.0,685,iso13790,native,True,20.100000000000012,0.0,323.5734020362089,22.200000000000045,560.06114224298
13424400.0,685,iso13790,native,True,20.099999999999994,0.0,717.7929387763447,25.600000000000023,711.0620606022228
13428000.0,685,iso13790,native,True,20.100000000000016,0.0,1019.5394668689594,26.700000000000045,818.8238912916379
13431600.0,685,iso13790,native,True,20.100000000000033,0.0,1278.727914792207,28.30000000000001,906.6968286629113
13435200.0,685,iso13790,native,True,20.099999999999994,0.0,1479.6898854168292,29.400000000000034,929.6467084186984
13438800.0,685,iso13790,native,True,20.099999999999994,0.0,1607.966787217189,30.0,900.3524013252681
13442400.0,685,iso13790,native,True,20.10000000000002,0.0,1717.9366427134369,30.600000000000023,1008.7270007691714
13446000.0,685,iso13790,native,True,20.09999999999998,0.0,1762.3049027783672,30.600000000000023,859.9472181095628
13449600.0,685,iso13790,native,True,20.100000000000037,0.0,1758.489925699462,30.600000000000023,844.1923297617252
13453200.0,685,iso13790,native,True,20.09999999999999,0.0,1876.876747330127,29.400000000000034,1675.4052802452377
13456800.0,685,iso13790,native,True,20.100000000000023,0.0,1991.2077218974864,28.900000000000034,1406.8182044321288
13460400.0,685,iso13790,native,True,20.1,0.0,1786.454280207323,26.700000000000045,778.0060997226298
13464000.0,685,iso13790,native,True,20.10000000000001,0.0,1331.8001718794897,25.0,-68.7839821659452
13467600.0,685,iso13790,native,True,20.099999999999998,0.0,907.4387860417804,23.900000000000034,-101.56212000000002
13471200.0,685,iso13790,native,True,20.099999999999987,0.0,655.8865337087036,23.30000000000001,-101.56212000000002
13474800.0,685,iso13790,native,True,20.1,0.0,434.20651589467604,21.100000000000023,-101.56212000000002
13478400.0,685,iso13790,native,True,20.100000000000005,0.0,315.36573740542235,21.100000000000023,-101.56212000000002
13482000.0,685,iso13790,native,True,20.1,0.0,184.03424416830026,19.400000000000034,-101.56212000000002
13485600.0,685,iso13790,native,True,20.100000000000005,0.0,137.53146782260941,20.0,-101.56212000000002
13489200.0,685,iso13790,native,True,20.1,0.0,139.2059935005975,20.600000000000023,-101.56212000000002
13492800.0,685,iso13790,native,True,20.100000000000005,0.0,161.71590726329174,21.100000000000023,-101.56212000000002
13496400.0,685,iso13790,native,True,20.1,0.0,205.45337699132725,21.700000000000045,-70.07719252113748
13500000.0,685,iso13790,native,True,20.10000000000001,0.0,202.94675937701123,19.400000000000034,235.14454818665195
13503600.0,685,iso13790,native,True,20.099999999999994,0.0,378.1156330821273,21.700000000000045,418.77911865956116
13507200.0,685,iso13790,native,True,20.099999999999987,0.0,637.2126972254863,24.400000000000034,535.8716466260933
13510800.0,685,iso13790,native,True,20.100000000000005,0.0,964.6097575566363,27.80000000000001,681.3837170905267
13514400.0,685,iso13790,native,True,20.100000000000005,0.0,1276.0561786887956,30.0,789.1112578988559
13518000.0,685,iso13790,native,True,20.09999999999997,0.0,1541.0329525740517,31.700000000000045,851.0421920833066
13521600.0,685,iso13790,native,True,20.100000000000037,0.0,1711.2501586617468,32.200000000000045,848.941465348435
13525200.0,685,iso13790,native,True,20.099999999999977,0.0,1876.3749429835575,32.80000000000001,1098.9425911002775
13528800.0,685,iso13790,native,True,20.100000000000044,0.0,2051.1924537038585,32.80000000000001,1334.0903367103829
13532400.0,685,iso13790,native,True,20.09999999999999,0.0,2215.969477436655,33.900000000000034,1295.1045821810733
13536000.0,685,iso13790,native,True,20.09999999999993,0.0,2259.325464219236,32.200000000000045,1449.549965112099
13539600.0,685,iso13790,native,True,20.100000000000005,0.0,2240.111598332994,31.700000000000045,1244.8155383923188
13543200.0,685,iso13790,native,True,20.10000000000001,0.0,2118.086349700439,30.0,1201.4687116541577
13546800.0,685,iso13790,native,True,20.099999999999998,0.0,1801.3857949843757,25.600000000000023,897.9731837337224
13550400.0,685,iso13790,native,True,20.10000000000001,0.0,1316.4424723066809,23.900000000000034,-43.903133109228705
13554000.0,685,iso13790,native,True,20.1,0.0,811.0454760278873,21.700000000000045,-101.56212000000002
13557600.0,685,iso13790,native,True,20.100000000000005,0.0,441.76216281129274,19.400000000000034,-101.56212000000002
13561200.0,685,iso13790,native,True,20.1,0.0,270.9587508409156,20.0,-101.56212000000002
13564800.0,685,iso13790,native,True,20.099999999999994,0.0,138.47518262833253,18.900000000000034,-101.56212000000002
13568400.0,685,iso13790,native,True,20.0100621559257,0.0,0.0,16.700000000000045,-101.56212000000002
13572000.0,685,iso13790,native,True,19.899999999999995,91.51114991956783,0.0,16.100000000000023,-101.56212000000002
13575600.0,685,iso13790,native,True,19.900000000000002,162.79576476986762,0.0,16.100000000000023,-101.56212000000002
13579200.0,685,iso13790,native,True,19.899999999999995,269.5071480145216,0.0,14.400000000000034,-101.56212000000002
13582800.0,685,iso13790,native,True,19.900000000000002,252.39494805220224,0.0,16.100000000000023,-74.03749300442865
13586400.0,685,iso13790,native,True,19.9,66.55046402471439,0.0,18.900000000000034,189.18466925943176
13590000.0,685,iso13790,native,True,20.10000000000001,0.0,211.72414158798793,21.700000000000045,528.6272665931358
13593600.0,685,iso13790,native,True,20.099999999999994,0.0,589.741291902987,25.0,519.7701187596635
13597200.0,685,iso13790,native,True,20.100000000000012,0.0,935.2839000115498,27.80000000000001,665.3729319885438
13600800.0,685,iso13790,native,True,20.09999999999998,0.0,1213.5886128314353,28.900000000000034,791.1157771923536
13604400.0,685,iso13790,native,True,20.099999999999994,0.0,1469.8465352517833,30.0,1008.8611580836662
13608000.0,685,iso13790,native,True,20.1,0.0,1648.711403266719,30.600000000000023,936.8958462275106
13611600.0,685,iso13790,native,True,20.1,0.0,1805.1307405656858,31.700000000000045,1076.536762068274
13615200.0,685,iso13790,native,True,20.09999999999998,0.0,1980.5164635467452,31.700000000000045,1415.976106580767
13618800.0,685,iso13790,native,True,20.1,0.0,2085.876639437983,32.200000000000045,1127.9964696031388
13622400.0,685,iso13790,native,True,20.10000000000005,0.0,2008.5347950373712,30.600000000000023,1023.7695358938302
13626000.0,685,iso13790,native,True,20.10000000000001,0.0,2144.0070946359538,31.700000000000045,1747.0910166786452
13629600.0,685,iso13790,native,True,20.099999999999987,0.0,2065.48739894841,28.900000000000034,1022.3796345089696
13633200.0,685,iso13790,native,True,20.099999999999962,0.0,1624.22896740994,25.0,439.52212840799893
13636800.0,685,iso13790,native,True,20.09999999999998,0.0,1224.7555210012247,25.600000000000023,-25.484335172564528
13640400.0,685,iso13790,native,True,20.100000000000016,0.0,790.1714709832688,22.200000000000045,-101.56212000000002
13644000.0,685,iso13790,native,True,20.099999999999984,0.0,501.6887755412755,21.100000000000023,-101.56212000000002
13647600.0,685,iso13790,native,True,20.099999999999994,0.0,259.9633492117673,18.900000000000034,-101.56212000000002
13651200.0,685,iso13790,native,True,20.080953104680916,0.0,0.0,15.600000000000023,-101.56212000000002
13654800.0,685,iso13790,native,True,19.900000000000002,148.67226519988145,0.0,14.400000000000034,-101.56212000000002
13658400.0,685,iso13790,native,True,19.9,240.70700570907934,0.0,15.0,-101.56212000000002
13662000.0,685,iso13790,native,True,19.900000000000002,357.04929594121006,0.0,13.300000000000011,-101.56212000000002
13665600.0,685,iso13790,native,True,19.899999999999995,420.4298061126487,0.0,13.300000000000011,-101.56212000000002
13669200.0,685,iso13790,native,True,19.900000000000002,535.4837948463424,0.0,11.100000000000023,-62.46221309876262
13672800.0,685,iso13790,native,True,19.899999999999995,347.22047408916325,0.0,15.600000000000023,231.81167039205792
13676400.0,685,iso13790,native,True,19.900000000000006,48.912292191321406,0.0,18.30000000000001,401.36782343781084
13680000.0,685,iso13790,native,True,20.099999999999998,0.0,178.46060853085422,20.0,504.3724191311011
13683600.0,685,iso13790,native,True,20.099999999999994,0.0,410.6750297036657,20.600000000000023,644.4330806120897
13687200.0,685,iso13790,native,True,20.100000000000016,0.0,639.928839818846,22.200000000000045,741.3961242962557
13690800.0,685,iso13790,native,True,20.09999999999999,0.0,859.5393473211899,23.900000000000034,803.3211120625201
13694400.0,685,iso13790,native,True,20.09999999999999,0.0,1053.4817605266066,25.600000000000023,791.2584095861991
13698000.0,685,iso13790,native,True,20.100000000000023,0.0,1284.7757778595096,26.700000000000045,1199.202703845405
13701600.0,685,iso13790,native,True,20.099999999999984,0.0,1552.050404713805,26.100000000000023,1709.3226976634337
13705200.0,685,iso13790,native,True,20.099999999999994,0.0,1727.1632983335926,27.200000000000045,1284.5384994648916
13708800.0,685,iso13790,native,True,20.1,0.0,1605.5993418043338,26.100000000000023,792.3100074739481
13712400.0,685,iso13790,native,True,20.100000000000005,0.0,1639.164007021138,27.200000000000045,1425.827652188681
13716000.0,685,iso13790,native,True,20.099999999999994,0.0,1824.7983886422473,28.30000000000001,1526.7123207879317
13719600.0,685,iso13790,native,True,20.099999999999984,0.0,1685.6183080804446,25.0,958.0242269667369
13723200.0,685,iso13790,native,True,20.100000000000012,0.0,1200.7573092927823,22.200000000000045,-16.509340632600342
13726800.0,685,iso13790,native,True,20.099999999999987,0.0,637.3600456960564,18.900000000000034,-101.56212000000002
13730400.0,685,iso13790,native,True,20.1,0.0,235.78711002289924,16.700000000000045,-101.56212000000002
13734000.0,685,iso13790,native,True,20.100000000000005,0.0,23.81469336825134,16.700000000000045,-101.56212000000002
13737600.0,685,iso13790,native,True,19.900000000000002,130.36021571460665,0.0,14.400000000000034,-101.56212000000002
13741200.0,685,iso13790,native,True,19.900000000000002,321.5651054213307,0.0,12.800000000000011,-101.56212000000002
13744800.0,685,iso13790,native,True,19.899999999999995,493.3240833476785,0.0,11.100000000000023,-101.56212000000002
13748400.0,685,iso13790,native,True,19.899999999999995,675.7325008875484,0.0,8.900000000000034,-101.56212000000002
13752000.0,685,iso13790,native,True,19.900000000000006,819.4113158849808,0.0,7.800000000000011,-101.56212000000002
13755600.0,685,iso13790,native,True,19.90000000000001,916.0022764332846,0.0,7.2000000000000455,-79.98595200000001
13759200.0,685,iso13790,native,True,19.89999999999999,648.8789389467302,0.0,12.800000000000011,329.88911919498463
13762800.0,685,iso13790,native,True,19.899999999999995,250.45437422013794,0.0,15.600000000000023,667.8304899667125
13766400.0,685,iso13790,native,True,20.1,0.0,22.483503894152093,16.100000000000023,849.0777630892248
13770000.0,685,iso13790,native,True,20.100000000000005,0.0,330.54869674136876,17.200000000000045,1093.3633549670071
13773600.0,685,iso13790,native,True,20.099999999999994,0.0,635.2863696494198,18.900000000000034,1261.336706517288
13777200.0,685,iso13790,native,True,20.09999999999999,0.0,935.206207741485,21.100000000000023,1368.1109436022823
13780800.0,685,iso13790,native,True,20.10000000000001,0.0,1165.9020978764247,22.200000000000045,1413.0192828752233
13784400.0,685,iso13790,native,True,20.099999999999994,0.0,1339.6977492682647,23.30000000000001,1413.289455030117
13788000.0,685,iso13790,native,True,20.099999999999994,0.0,1534.4011194684115,25.600000000000023,1452.9025494548077
13791600.0,685,iso13790,native,True,20.099999999999987,0.0,1660.9270706765585,25.0,1645.2950029614121
13795200.0,685,iso13790,native,True,20.099999999999994,0.0,1611.9704786624052,25.0,951.0458572811281
13798800.0,685,iso13790,native,True,20.100000000000005,0.0,1410.5876972026506,24.400000000000034,749.9706637773292
13802400.0,685,iso13790,native,True,20.10000000000001,0.0,1351.8491440150876,23.30000000000001,1346.787859230548
13806000.0,685,iso13790,native,True,20.100000000000023,0.0,1150.8749337117683,21.100000000000023,513.5582601409379
13809600.0,685,iso13790,native,True,20.10000000000001,0.0,670.8980056049694,18.30000000000001,-90.77403600000002
13813200.0,685,iso13790,native,True,20.1,0.0,253.74395656294587,16.700000000000045,-101.56212000000002
13816800.0,685,iso13790,native,True,20.051776325307234,0.0,0.0,15.600000000000023,-101.56212000000002
13820400.0,685,iso13790,native,True,19.9,130.07792160174407,0.0,15.0,-101.56212000000002
13824000.0,685,iso13790,native,True,19.9,275.13822449700734,0.0,13.900000000000034,-101.56212000000002
13827600.0,685,iso13790,native,True,19.9,397.44384291303095,0.0,12.800000000000011,-101.56212000000002
13831200.0,685,iso13790,native,True,19.9,487.4377804496359,0.0,12.200000000000045,-101.56212000000002
13834800.0,685,iso13790,native,True,19.900000000000006,600.8403598661105,0.0,10.600000000000023,-101.56212000000002
13838400.0,685,iso13790,native,True,19.900000000000002,687.1514384444936,0.0,10.0,-101.56212000000002
13842000.0,685,iso13790,native,True,19.899999999999995,722.3795305535541,0.0,10.0,-50.53262016711483
13845600.0,685,iso13790,native,True,19.899999999999995,515.5468259526617,0.0,13.900000000000034,224.03392716627474
13849200.0,685,iso13790,native,True,19.899999999999995,239.77361151297836,0.0,16.100000000000023,357.9049287574097
13852800.0,685,iso13790,native,True,19.95933464831745,0.0,0.0,17.80000000000001,438.9981705652731
13856400.0,685,iso13790,native,True,20.099999999999994,0.0,233.16329154351095,20.0,562.6464316101126
13860000.0,685,iso13790,native,True,20.1,0.0,469.535101382503,21.100000000000023,648.2749212791756
13863600.0,685,iso13790,native,True,20.099999999999994,0.0,663.1306070316291,22.200000000000045,698.8806373202291
13867200.0,685,iso13790,native,True,20.099999999999987,0.0,930.9334971466767,23.900000000000034,1122.5404667938467
13870800.0,685,iso13790,native,True,20.100000000000005,0.0,1134.5458147231095,25.0,879.4939198786155
13874400.0,685,iso13790,native,True,20.1,0.0,1255.9841159652308,25.600000000000023,1013.6308756833306
13878000.0,685,iso13790,native,True,20.09999999999999,0.0,1372.4769613691715,26.100000000000023,1065.6559545708844
13881600.0,685,iso13790,native,True,20.09999999999999,0.0,1408.4751770054243,26.700000000000045,785.0888094565769
13885200.0,685,iso13790,native,True,20.09999999999998,0.0,1524.698287615727,26.700000000000045,1465.1755969513529
13888800.0,685,iso13790,native,True,20.10000000000001,0.0,1720.593196031768,26.100000000000023,1720.3475283878283
13892400.0,685,iso13790,native,True,20.10000000000001,0.0,1733.4654787861216,24.400000000000034,1440.4179527090753
13896000.0,685,iso13790,native,True,20.100000000000016,0.0,1344.8862196338623,22.80000000000001,77.97208787284552
13899600.0,685,iso13790,native,True,20.09999999999999,0.0,773.1947393102146,20.0,-101.56212000000002
13903200.0,685,iso13790,native,True,20.100000000000005,0.0,398.4857539638207,18.900000000000034,-101.56212000000002
13906800.0,685,iso13790,native,True,20.1,0.0,112.12046227836983,16.700000000000045,-101.56212000000002
13910400.0,685,iso13790,native,True,19.900000000000002,14.836879337378583,0.0,16.100000000000023,-101.56212000000002
13914000.0,685,iso13790,native,True,19.900000000000002,98.46330311659317,0.0,16.700000000000045,-101.56212000000002
13917600.0,685,iso13790,native,True,19.900000000000002,185.814823791176,0.0,15.600000000000023,-101.56212000000002
13921200.0,685,iso13790,native,True,19.899999999999995,302.88199468772626,0.0,13.900000000000034,-101.56212000000002
13924800.0,685,iso13790,native,True,19.900000000000002,391.27551366859524,0.0,13.300000000000011,-101.56212000000002
13928400.0,685,iso13790,native,True,19.9,494.7881435143354,0.0,11.700000000000045,-57.80428939698875
13932000.0,685,iso13790,native,True,19.900000000000002,371.02020659762707,0.0,14.400000000000034,244.1709866442999
13935600.0,685,iso13790,native,True,19.9,154.47899525074777,0.0,16.100000000000023,388.6289160744328
13939200.0,685,iso13790,native,True,20.1,0.0,42.08607457083417,18.30000000000001,476.24149446636636
13942800.0,685,iso13790,native,True,20.099999999999998,0.0,325.51486853321387,20.600000000000023,610.8165972925156
13946400.0,685,iso13790,native,True,20.100000000000005,0.0,606.9906968234806,22.80000000000001,701.927602673671
13950000.0,685,iso13790,native,True,20.10000000000001,0.0,873.2261553654924,25.0,758.4030663357981
13953600.0,685,iso13790,native,True,20.099999999999994,0.0,1117.581810511619,27.200000000000045,773.764723949851
13957200.0,685,iso13790,native,True,20.100000000000012,0.0,1291.6990614529996,28.30000000000001,754.1554406878807
13960800.0,685,iso13790,native,True,20.100000000000005,0.0,1543.3196754247183,30.0,1201.97376434072
13964400.0,685,iso13790,native,True,20.100000000000005,0.0,1746.3705119654755,30.600000000000023,1077.3745277727826
13968000.0,685,iso13790,native,True,20.100000000000016,0.0,1780.6418492513635,30.0,943.9776777173365
13971600.0,685,iso13790,native,True,20.099999999999987,0.0,1954.6826479264214,30.600000000000023,1686.9838299556754
13975200.0,685,iso13790,native,True,20.099999999999998,0.0,1919.221578678152,27.80000000000001,1063.226437053141
13978800.0,685,iso13790,native,True,20.10000000000001,0.0,1680.3561320366907,27.200000000000045,618.6380322745347
13982400.0,685,iso13790,native,True,20.09999999999999,0.0,1288.994498405238,25.600000000000023,-12.022977781080186
13986000.0,685,iso13790,native,True,20.099999999999998,0.0,870.7257990835232,23.30000000000001,-101.56212000000002
13989600.0,685,iso13790,native,True,20.1,0.0,615.2369992390848,22.80000000000001,-101.56212000000002
13993200.0,685,iso13790,native,True,20.10000000000001,0.0,436.87344532516784,21.700000000000045,-101.56212000000002
13996800.0,685,iso13790,native,True,20.099999999999994,0.0,272.68880116055385,20.0,-101.56212000000002
14000400.0,685,iso13790,native,True,20.1,0.0,159.90228481274335,19.400000000000034,-101.56212000000002
14004000.0,685,iso13790,native,True,20.10000000000001,0.0,34.69985119431793,17.80000000000001,-101.56212000000002
14007600.0,685,iso13790,native,True,19.899999999999995,7.710959077412852,0.0,17.200000000000045,-101.56212000000002
14011200.0,685,iso13790,native,True,19.89999999999999,117.3740508596752,0.0,16.100000000000023,-101.56212000000002
14014800.0,685,iso13790,native,True,19.899999999999995,99.55871775336381,0.0,17.80000000000001,-68.63045541452885
14018400.0,685,iso13790,native,True,20.10000000000001,0.0,48.43680894572438,20.600000000000023,247.4275968809438
14022000.0,685,iso13790,native,True,20.100000000000005,0.0,352.5304810765606,22.80000000000001,443.26871641478226
14025600.0,685,iso13790,native,True,20.099999999999994,0.0,762.9063867050331,26.700000000000045,722.199743131689
14029200.0,685,iso13790,native,True,20.100000000000005,0.0,1151.4349391666892,29.400000000000034,789.2288689909319
14032800.0,685,iso13790,native,True,20.1,0.0,1472.650015965604,31.700000000000045,837.652177991461
14036400.0,685,iso13790,native,True,20.09999999999999,0.0,1785.3968824168528,33.30000000000001,1170.0566607751093
14040000.0,685,iso13790,native,True,20.099999999999962,0.0,2074.1803712272613,33.900000000000034,1395.6564602737706
14043600.0,685,iso13790,native,True,20.099999999999994,0.0,2258.418171094974,33.900000000000034,1385.775611491755
14047200.0,685,iso13790,native,True,20.10000000000002,0.0,2372.03336353694,33.900000000000034,1481.3728712674852
14050800.0,685,iso13790,native,True,20.10000000000003,0.0,2655.769238074256,32.80000000000001,2712.640602870523
14054400.0,685,iso13790,native,True,20.099999999999977,0.0,2641.016374482071,31.700000000000045,1219.9781699999999
14058000.0,685,iso13790,native,True,20.09999999999998,0.0,2226.0664224003526,29.400000000000034,858.577356
14061600.0,685,iso13790,native,True,20.100000000000023,0.0,1823.1354046831361,28.30000000000001,464.81228999999996
14065200.0,685,iso13790,native,True,20.099999999999962,0.0,1410.8205411257757,26.700000000000045,108.80551799999998
14068800.0,685,iso13790,native,True,20.099999999999984,0.0,1073.2638653978859,26.100000000000023,-85.37999400000001
14072400.0,685,iso13790,native,True,20.100000000000023,0.0,748.3692789688823,23.30000000000001,-101.56212000000002
14076000.0,685,iso13790,native,True,20.1,0.0,436.91620700236166,20.0,-101.56212000000002
14079600.0,685,iso13790,native,True,20.099999999999998,0.0,224.39234902940194,18.900000000000034,-101.56212000000002
14083200.0,685,iso13790,native,True,20.100000000000005,0.0,112.32962371521145,18.900000000000034,-101.56212000000002
14086800.0,685,iso13790,native,True,20.038039981995233,0.0,0.0,17.200000000000045,-101.56212000000002
14090400.0,685,iso13790,native,True,19.899999999999995,60.15206784089598,0.0,16.700000000000045,-101.56212000000002
14094000.0,685,iso13790,native,True,19.899999999999995,145.44942363742885,0.0,16.100000000000023,-101.56212000000002
14097600.0,685,iso13790,native,True,19.900000000000002,235.88910983256616,0.0,15.0,-101.56212000000002
14101200.0,685,iso13790,native,True,19.9,276.0951224812883,0.0,15.0,-59.77644617729695
14104800.0,685,iso13790,native,True,19.900000000000002,91.82480202113904,0.0,18.30000000000001,244.3143469252974
14108400.0,685,iso13790,native,True,20.100000000000012,0.0,162.65275767682402,21.100000000000023,437.1004169366808
14112000.0,685,iso13790,native,True,20.099999999999998,0.0,677.7737416399588,26.700000000000045,805.7073183584117
14115600.0,685,iso13790,native,True,20.100000000000016,0.0,1153.1818636602789,30.0,827.7659224809308
14119200.0,685,iso13790,native,True,20.099999999999987,0.0,1577.7385478988488,32.80000000000001,1087.8477277082452
14122800.0,685,iso13790,native,True,20.10000000000001,0.0,1846.801118517563,33.30000000000001,1002.9980503133224
14126400.0,685,iso13790,native,True,20.10000000000002,0.0,2123.293467560529,34.400000000000034,1507.7111185906672
14130000.0,685,iso13790,native,True,20.10000000000003,0.0,2408.9102582286705,35.60000000000002,1562.599588423312
14133600.0,685,iso13790,native,True,20.099999999999994,0.0,2583.4353364632957,35.60000000000002,1638.698179751877
14137200.0,685,iso13790,native,True,20.100000000000016,0.0,2620.2085859718845,35.60000000000002,1321.8620745892745
14140800.0,685,iso13790,native,True,20.099999999999998,0.0,2400.6632071650174,34.400000000000034,649.5846428891545
14144400.0,685,iso13790,native,True,20.099999999999962,0.0,2250.28908295408,33.900000000000034,1095.4386936485066
14148000.0,685,iso13790,native,True,20.09999999999998,0.0,2150.1381368144366,32.80000000000001,869.9438694712778
14151600.0,685,iso13790,native,True,20.099999999999998,0.0,1792.4755322148983,30.0,130.381686
14155200.0,685,iso13790,native,True,20.1,0.0,1262.3574924198203,25.600000000000023,-73.23382844349752
14158800.0,685,iso13790,native,True,20.100000000000005,0.0,917.065108766048,25.0,-101.56212000000002
14162400.0,685,iso13790,native,True,20.10000000000001,0.0,732.714905335173,25.0,-101.56212000000002
14166000.0,685,iso13790,native,True,20.099999999999994,0.0,612.6379700443293,24.400000000000034,-101.56212000000002
14169600.0,685,iso13790,native,True,20.099999999999987,0.0,483.6612429898012,22.80000000000001,-101.56212000000002
14173200.0,685,iso13790,native,True,20.10000000000001,0.0,459.09424746533205,23.900000000000034,-101.56212000000002
14176800.0,685,iso13790,native,True,20.10000000000001,0.0,403.2444431036403,22.80000000000001,-101.56212000000002
14180400.0,685,iso13790,native,True,20.1,0.0,302.4858989176672,21.100000000000023,-101.56212000000002
14184000.0,685,iso13790,native,True,20.1,0.0,337.51154428151955,23.30000000000001,-101.56212000000002
14187600.0,685,iso13790,native,True,20.1,0.0,345.048314570506,22.80000000000001,-73.26629395951227
14191200.0,685,iso13790,native,True,20.100000000000005,0.0,429.50013075582984,22.80000000000001,298.58240606873755
14194800.0,685,iso13790,native,True,20.1,0.0,783.7831553146401,26.700000000000045,741.0527668876372
14198400.0,685,iso13790,native,True,20.100000000000026,0.0,1228.975524053448,28.900000000000034,1196.2359876154355
14202000.0,685,iso13790,native,True,20.099999999999977,0.0,1726.0374964642685,31.100000000000023,1680.1268308282188
14205600.0,685,iso13790,native,True,20.099999999999977,0.0,2014.0870596944555,32.200000000000045,1221.2204984338866
14209200.0,685,iso13790,native,True,20.09999999999999,0.0,2273.480878238431,34.400000000000034,1657.9870939852256
14212800.0,685,iso13790,native,True,20.100000000000033,0.0,2556.563870172928,36.10000000000002,1686.273783331263
14216400.0,685,iso13790,native,True,20.10000000000006,0.0,2727.319075252269,36.10000000000002,1766.3386859302755
14220000.0,685,iso13790,native,True,20.10000000000001,0.0,2725.3272237008373,35.60000000000002,1367.848210982815
14223600.0,685,iso13790,native,True,20.099999999999994,0.0,2684.6133075517473,36.700000000000045,1266.805180244855
14227200.0,685,iso13790,native,True,20.099999999999966,0.0,2567.394735440593,36.700000000000045,869.8409723810637
14230800.0,685,iso13790,native,True,20.09999999999999,0.0,2486.7211141512703,35.60000000000002,1294.508926886667
14234400.0,685,iso13790,native,True,20.100000000000033,0.0,2478.1528976036084,33.900000000000034,1477.536844270453
14238000.0,685,iso13790,native,True,20.09999999999999,0.0,2294.568124054626,32.80000000000001,706.0156444695846
14241600.0,685,iso13790,native,True,20.10000000000001,0.0,1718.0893284467638,27.80000000000001,-28.507949223637723
14245200.0,685,iso13790,native,True,20.09999999999999,0.0,1164.1470950999465,25.0,-101.56212000000002
14248800.0,685,iso13790,native,True,20.10000000000002,0.0,725.1231899270027,21.700000000000045,-101.56212000000002
14252400.0,685,iso13790,native,True,20.10000000000001,0.0,397.2796820403859,19.400000000000034,-101.56212000000002
14256000.0,685,iso13790,native,True,20.1,0.0,132.95381395274606,17.200000000000045,-101.56212000000002
14259600.0,685,iso13790,native,True,19.9,23.656476012968877,0.0,15.600000000000023,-101.56212000000002
14263200.0,685,iso13790,native,True,19.900000000000002,149.12473707236563,0.0,15.600000000000023,-101.56212000000002
14266800.0,685,iso13790,native,True,19.900000000000002,353.6942299435493,0.0,12.200000000000045,-101.56212000000002
14270400.0,685,iso13790,native,True,19.9,486.431346293601,0.0,11.700000000000045,-101.56212000000002
14274000.0,685,iso13790,native,True,19.900000000000002,545.3116681614445,0.0,11.700000000000045,-49.57865490682691
14277600.0,685,iso13790,native,True,19.900000000000002,306.8881678450678,0.0,16.700000000000045,217.82013415202795
14281200.0,685,iso13790,native,True,19.900000000000002,28.686590901362166,0.0,18.30000000000001,399.0481465947352
14284800.0,685,iso13790,native,True,20.099999999999994,0.0,274.0353848515315,20.0,917.1126759912187
14288400.0,685,iso13790,native,True,20.099999999999994,0.0,561.4834836560856,21.100000000000023,719.4904736239693
14292000.0,685,iso13790,native,True,20.1,0.0,734.6092620094653,21.700000000000045,858.9566613640441
14295600.0,685,iso13790,native,True,20.10000000000001,0.0,905.8317253696154,22.80000000000001,923.008037470414
14299200.0,685,iso13790,native,True,20.099999999999998,0.0,1045.5334981755598,25.0,674.5837348744213
14302800.0,685,iso13790,native,True,20.1,0.0,1129.3697886681584,26.100000000000023,682.0347648907797
14306400.0,685,iso13790,native,True,20.099999999999994,0.0,1384.2226519016997,31.100000000000023,696.1355500321192
14310000.0,685,iso13790,native,True,20.099999999999973,0.0,1549.464535739372,31.700000000000045,682.4837929286531
14313600.0,685,iso13790,native,True,20.100000000000033,0.0,1665.5042423984182,32.80000000000001,616.6669975830814
14317200.0,685,iso13790,native,True,20.100000000000012,0.0,1768.861352623996,30.0,1421.3124526163692
14320800.0,685,iso13790,native,True,20.099999999999998,0.0,2005.7051081610234,28.900000000000034,1935.4924427515691
14324400.0,685,iso13790,native,True,20.100000000000048,0.0,2101.0966756402854,27.80000000000001,1639.4294706723852
14328000.0,685,iso13790,native,True,20.09999999999999,0.0,1665.5245842934603,24.400000000000034,207.63279292677393
14331600.0,685,iso13790,native,True,20.1,0.0,1052.9930662727631,22.200000000000045,-101.56212000000002
14335200.0,685,iso13790,native,True,20.10000000000001,0.0,567.9461730682708,19.400000000000034,-101.56212000000002
14338800.0,685,iso13790,native,True,20.10000000000001,0.0,336.2849667107005,20.0,-101.56212000000002
14342400.0,685,iso13790,native,True,20.10000000000001,0.0,147.6572210506592,18.30000000000001,-101.56212000000002
14346000.0,685,iso13790,native,True,20.10000000000001,0.0,1.6849202484005157,17.200000000000045,-101.56212000000002
14349600.0,685,iso13790,native,True,19.899999999999995,46.44598785911796,0.0,16.700000000000045,-101.56212000000002
14353200.0,685,iso13790,native,True,19.899999999999995,113.71597039825683,0.0,16.700000000000045,-101.56212000000002
14356800.0,685,iso13790,native,True,19.899999999999995,148.54204219577778,0.0,16.700000000000045,-101.56212000000002
14360400.0,685,iso13790,native,True,19.9,208.38987975923615,0.0,15.600000000000023,-85.37999400000001
14364000.0,685,iso13790,native,True,19.899999999999995,191.5134192511141,0.0,16.100000000000023,44.07701399999998
14367600.0,685,iso13790,native,True,19.9,111.11776486530019,0.0,16.100000000000023,286.8089039999999
14371200.0,685,iso13790,native,True,19.91232269656134,0.0,0.0,15.600000000000023,551.116962
14374800.0,685,iso13790,native,True,20.099999999999998,0.0,184.07312212548254,16.700000000000045,961.064154
14378400.0,685,iso13790,native,True,20.10000000000001,0.0,717.0291194113919,18.30000000000001,2246.7235825630623
14382000.0,685,iso13790,native,True,20.09999999999999,0.0,1214.995514063734,21.700000000000045,1648.9399340183827
14385600.0,685,iso13790,native,True,20.099999999999994,0.0,1231.3060498070101,22.200000000000045,809.6053199277017
14389200.0,685,iso13790,native,True,20.09999999999998,0.0,1204.6722737241932,24.400000000000034,840.3021496561008
14392800.0,685,iso13790,native,True,20.100000000000033,0.0,1295.6122224973637,26.700000000000045,846.8448868516982
14396400.0,685,iso13790,native,True,20.100000000000023,0.0,1432.7545399637954,28.900000000000034,819.9395683462133
14400000.0,685,iso13790,native,True,20.099999999999987,0.0,1510.7018595014586,29.400000000000034,755.2040060078573
14403600.0,685,iso13790,native,True,20.099999999999994,0.0,1719.9906352128828,30.0,1496.9711357425494
14407200.0,685,iso13790,native,True,20.099999999999955,0.0,1987.614089393213,29.400000000000034,1813.3976603972374
14410800.0,685,iso13790,native,True,20.100000000000037,0.0,1896.8249506184377,25.0,1342.188585885705
14414400.0,685,iso13790,native,True,20.10000000000003,0.0,1430.4589298748858,23.30000000000001,53.28434901960855
14418000.0,685,iso13790,native,True,20.1,0.0,929.4954873365224,22.80000000000001,-101.56212000000002
14421600.0,685,iso13790,native,True,20.1,0.0,599.5669418352022,21.700000000000045,-101.56212000000002
14425200.0,685,iso13790,native,True,20.1,0.0,381.5539299122178,20.600000000000023,-101.56212000000002
14428800.0,685,iso13790,native,True,20.100000000000005,0.0,196.8425244904024,18.900000000000034,-101.56212000000002
14432400.0,685,iso13790,native,True,20.1,0.0,52.89773642371896,17.80000000000001,-101.56212000000002
14436000.0,685,iso13790,native,True,19.906839531259664,0.0,0.0,17.200000000000045,-101.56212000000002
14439600.0,685,iso13790,native,True,19.9,111.96536827169282,0.0,16.100000000000023,-101.56212000000002
14443200.0,685,iso13790,native,True,19.9,243.1919481122197,0.0,14.400000000000034,-101.56212000000002
14446800.0,685,iso13790,native,True,19.900000000000002,262.76867214080585,0.0,15.600000000000023,-90.77403600000002
14450400.0,685,iso13790,native,True,19.9,246.63490104870704,0.0,15.600000000000023,17.10680399999999
14454000.0,685,iso13790,native,True,19.9,87.38858418744417,0.0,17.200000000000045,346.143366
14457600.0,685,iso13790,native,True,20.099999999999994,0.0,245.57237658354103,18.900000000000034,1194.7757415679112
14461200.0,685,iso13790,native,True,20.099999999999987,0.0,687.9192967244398,21.100000000000023,1199.064174581433
14464800.0,685,iso13790,native,True,20.10000000000002,0.0,1118.579871659127,22.80000000000001,1812.8069878456524
14468400.0,685,iso13790,native,True,20.100000000000044,0.0,1402.6685685513135,23.30000000000001,1525.0894743677857
14472000.0,685,iso13790,native,True,20.099999999999994,0.0,1729.3106210564863,23.900000000000034,2488.442703105581
14475600.0,685,iso13790,native,True,20.099999999999994,0.0,1780.050719005589,24.400000000000034,1076.8479614787364
14479200.0,685,iso13790,native,True,20.099999999999987,0.0,1736.4502175016887,27.200000000000045,1257.4658309092683
14482800.0,685,iso13790,native,True,20.100000000000016,0.0,1787.8661338753147,27.200000000000045,1451.8108933347494
14486400.0,685,iso13790,native,True,20.099999999999994,0.0,1771.7253518561972,26.700000000000045,1196.0955738504995
14490000.0,685,iso13790,native,True,20.099999999999994,0.0,1814.0636549211767,27.200000000000045,1541.4587273380935
14493600.0,685,iso13790,native,True,20.10000000000004,0.0,1722.395340786171,26.100000000000023,942.9177043876399
14497200.0,685,iso13790,native,True,20.099999999999987,0.0,1452.9136455647001,24.400000000000034,674.6645149976858
14500800.0,685,iso13790,native,True,20.09999999999998,0.0,1068.2676842902056,23.30000000000001,-70.95836367521373
14504400.0,685,iso13790,native,True,20.10000000000003,0.0,677.1749035572412,21.700000000000045,-101.56212000000002
14508000.0,685,iso13790,native,True,20.1,0.0,442.2634800860986,21.100000000000023,-101.56212000000002
14511600.0,685,iso13790,native,True,20.09999999999999,0.0,319.53687589557273,21.100000000000023,-101.56212000000002
14515200.0,685,iso13790,native,True,20.1,0.0,186.1936674809323,19.400000000000034,-101.56212000000002
14518800.0,685,iso13790,native,True,20.1,0.0,114.0116804114823,19.400000000000034,-101.56212000000002
14522400.0,685,iso13790,native,True,20.099999999999998,0.0,31.47345596790737,18.30000000000001,-101.56212000000002
14526000.0,685,iso13790,native,True,19.900000000000002,28.986430444357733,0.0,16.700000000000045,-101.56212000000002
14529600.0,685,iso13790,native,True,19.9,84.14560843054358,0.0,17.200000000000045,-101.56212000000002
14533200.0,685,iso13790,native,True,19.9,127.35816345431057,0.0,16.700000000000045,-77.66405716913707
14536800.0,685,iso13790,native,True,19.900000000000002,75.38115329670639,0.0,17.80000000000001,49.471055999999976
14540400.0,685,iso13790,native,True,19.910828780502502,0.0,0.0,17.80000000000001,189.71614799999998
14544000.0,685,iso13790,native,True,20.1,0.0,173.49810880722353,20.0,513.3586680000001
14547600.0,685,iso13790,native,True,20.1,0.0,555.9328403685341,22.80000000000001,915.186617444032
14551200.0,685,iso13790,native,True,20.10000000000001,0.0,894.8747635181314,24.400000000000034,946.7496358293531
14554800.0,685,iso13790,native,True,20.10000000000001,0.0,1281.01958200983,28.30000000000001,1152.3361763144133
14558400.0,685,iso13790,native,True,20.1,0.0,1745.4136957281275,31.100000000000023,1682.4680351800723
14562000.0,685,iso13790,native,True,20.10000000000003,0.0,2189.786219817039,27.80000000000001,2891.9436100310827
14565600.0,685,iso13790,native,True,20.100000000000016,0.0,2007.0495156827014,21.100000000000023,1333.253052
14569200.0,685,iso13790,native,True,20.100000000000023,0.0,1753.5694736400433,22.80000000000001,1478.892186
14572800.0,685,iso13790,native,True,20.100000000000016,0.0,1607.6126992946672,23.30000000000001,1182.219876
14576400.0,685,iso13790,native,True,20.10000000000001,0.0,1344.4154967044835,21.700000000000045,815.4250199999999
14580000.0,685,iso13790,native,True,20.100000000000005,0.0,1110.8301568444508,22.80000000000001,421.65995399999997
14583600.0,685,iso13790,native,True,20.09999999999999,0.0,823.0807396219842,21.700000000000045,124.98764399999999
14587200.0,685,iso13790,native,True,20.1,0.0,558.0854403543466,21.100000000000023,-79.98595200000001
14590800.0,685,iso13790,native,True,20.10000000000001,0.0,382.90979933502416,21.100000000000023,-101.56212000000002
14594400.0,685,iso13790,native,True,20.099999999999994,0.0,219.00220850347947,19.400000000000034,-101.56212000000002
14598000.0,685,iso13790,native,True,20.100000000000005,0.0,130.99685808055915,19.400000000000034,-101.56212000000002
14601600.0,685,iso13790,native,True,20.099999999999994,0.0,85.43596246696114,19.400000000000034,-101.56212000000002
14605200.0,685,iso13790,native,True,20.100000000000005,0.0,16.67963609107528,18.30000000000001,-101.56212000000002
14608800.0,685,iso13790,native,True,20.099999999999998,0.0,24.215399238417884,19.400000000000034,-101.56212000000002
14612400.0,685,iso13790,native,True,20.039952495871315,0.0,0.0,18.30000000000001,-101.56212000000002
14616000.0,685,iso13790,native,True,19.900000000000002,12.54889549947884,0.0,17.80000000000001,-101.56212000000002
14619600.0,685,iso13790,native,True,19.899999999999995,66.65679719109312,0.0,17.200000000000045,-68.04308220314276
14623200.0,685,iso13790,native,True,19.992201038746042,0.0,0.0,18.30000000000001,262.099902072012
14626800.0,685,iso13790,native,True,20.1,0.0,219.04359744734714,21.100000000000023,374.0480637522385
14630400.0,685,iso13790,native,True,20.100000000000016,0.0,520.0807422586932,23.900000000000034,506.58640854652356
14634000.0,685,iso13790,native,True,20.1,0.0,772.784875400508,25.0,629.9420851495313
14637600.0,685,iso13790,native,True,20.099999999999994,0.0,1055.1609654606245,26.700000000000045,920.6610340406654
14641200.0,685,iso13790,native,True,20.1,0.0,1442.8473609002497,29.400000000000034,1314.3074469447454
14644800.0,685,iso13790,native,True,20.09999999999999,0.0,1700.0961913036047,30.600000000000023,1024.7010762433188
14648400.0,685,iso13790,native,True,20.10000000000003,0.0,1948.8524996058288,31.700000000000045,1575.0742137887446
14652000.0,685,iso13790,native,True,20.1,0.0,2222.6105762028055,31.700000000000045,1845.1299227605996
14655600.0,685,iso13790,native,True,20.100000000000037,0.0,2286.6659383226543,30.600000000000023,1481.9981506890683
14659200.0,685,iso13790,native,True,20.100000000000016,0.0,2204.226803984014,29.400000000000034,1448.7920445239383
14662800.0,685,iso13790,native,True,20.100000000000005,0.0,2095.143985829333,29.400000000000034,1164.2142795182772
14666400.0,685,iso13790,native,True,20.100000000000037,0.0,1602.8309853018725,23.30000000000001,486.38845799999996
14670000.0,685,iso13790,native,True,20.10000000000001,0.0,1088.4288407125455,21.700000000000045,122.4592941572254
14673600.0,685,iso13790,native,True,20.10000000000001,0.0,698.9140847078232,21.100000000000023,-61.36480463300036
14677200.0,685,iso13790,native,True,20.10000000000001,0.0,413.59246373200415,20.0,-101.56212000000002
14680800.0,685,iso13790,native,True,20.1,0.0,212.31750781403846,18.900000000000034,-101.56212000000002
14684400.0,685,iso13790,native,True,20.1,0.0,81.44067252961243,18.30000000000001,-101.56212000000002
14688000.0,685,iso13790,native,True,20.1,0.0,37.21112985298718,18.900000000000034,-101.56212000000002
14691600.0,685,iso13790,native,True,19.9,4.373000583649488,0.0,17.200000000000045,-101.56212000000002
14695200.0,685,iso13790,native,True,19.900000000000002,91.00823604878711,0.0,16.700000000000045,-101.56212000000002
14698800.0,685,iso13790,native,True,19.899999999999995,161.42384623786825,0.0,16.100000000000023,-101.56212000000002
14702400.0,685,iso13790,native,True,19.9,244.159163835972,0.0,15.0,-101.56212000000002
14706000.0,685,iso13790,native,True,19.899999999999995,284.424166310256,0.0,15.0,-79.32238630770182
14709600.0,685,iso13790,native,True,19.899999999999995,96.3840110146076,0.0,18.30000000000001,258.0433381794805
14713200.0,685,iso13790,native,True,20.1,0.0,237.46167870019556,22.200000000000045,581.1481636048004
14716800.0,685,iso13790,native,True,20.1,0.0,661.5547402543051,24.400000000000034,876.6204629434923
14720400.0,685,iso13790,native,True,20.1,0.0,1087.757227918024,25.600000000000023,1391.3061433865696
14724000.0,685,iso13790,native,True,20.099999999999998,0.0,1438.7461390808412,27.200000000000045,1299.7744060676405
14727600.0,685,iso13790,native,True,20.099999999999994,0.0,1717.8302391073862,27.80000000000001,1706.5933917565985
14731200.0,685,iso13790,native,True,20.100000000000012,0.0,1930.8117184016107,28.30000000000001,1622.2624653969224
14734800.0,685,iso13790,native,True,20.099999999999987,0.0,2167.237866247121,28.900000000000034,2172.4493205155572
14738400.0,685,iso13790,native,True,20.100000000000023,0.0,2350.0858538626976,28.30000000000001,2157.914523099508
14742000.0,685,iso13790,native,True,20.099999999999966,0.0,2420.0544629242886,27.80000000000001,2154.2834466356967
14745600.0,685,iso13790,native,True,20.099999999999994,0.0,1903.0957178766857,20.600000000000023,917.911818
14749200.0,685,iso13790,native,True,20.09999999999997,0.0,1251.359236186152,17.80000000000001,626.63355
14752800.0,685,iso13790,native,True,20.099999999999987,0.0,817.3411822765688,18.30000000000001,308.385072
14756400.0,685,iso13790,native,True,20.1,0.0,497.461412720464,18.30000000000001,87.22934999999998
14760000.0,685,iso13790,native,True,20.099999999999998,0.0,241.7344061525157,17.80000000000001,-79.98595200000001
14763600.0,685,iso13790,native,True,20.10000000000001,0.0,77.51187993714203,17.80000000000001,-101.56212000000002
14767200.0,685,iso13790,native,True,20.056334744981108,0.0,0.0,17.80000000000001,-101.56212000000002
14770800.0,685,iso13790,native,True,19.9,10.081935594015151,0.0,17.80000000000001,-101.56212000000002
14774400.0,685,iso13790,native,True,19.899999999999995,72.32078398952741,0.0,17.200000000000045,-101.56212000000002
14778000.0,685,iso13790,native,True,19.900000000000002,105.65376460437126,0.0,17.200000000000045,-101.56212000000002
14781600.0,685,iso13790,native,True,19.899999999999995,143.4418925826063,0.0,16.700000000000045,-101.56212000000002
14785200.0,685,iso13790,native,True,19.899999999999995,163.9313296783083,0.0,16.700000000000045,-101.56212000000002
14788800.0,685,iso13790,native,True,19.899999999999995,219.70801221520622,0.0,15.600000000000023,-101.56212000000002
14792400.0,685,iso13790,native,True,19.899999999999995,226.25835905931893,0.0,16.100000000000023,-83.05733351013296
14796000.0,685,iso13790,native,True,19.89999999999999,107.96217778504345,0.0,17.200000000000045,267.85047192794633
14799600.0,685,iso13790,native,True,20.100000000000005,0.0,41.41728026491419,18.30000000000001,439.0890661160252
14803200.0,685,iso13790,native,True,20.1,0.0,347.52983501005,20.600000000000023,747.16449888306
14806800.0,685,iso13790,native,True,20.1,0.0,626.9921702957472,22.200000000000045,758.3561157278425
14810400.0,685,iso13790,native,True,20.09999999999999,0.0,910.3661997989601,24.400000000000034,969.0121277522165
14814000.0,685,iso13790,native,True,20.100000000000016,0.0,1224.144922849714,26.100000000000023,1258.2078254893918
14817600.0,685,iso13790,native,True,20.1,0.0,1454.857427015974,27.200000000000045,1133.7482129022437
14821200.0,685,iso13790,native,True,20.100000000000023,0.0,1813.3361572352787,26.700000000000045,2472.396237971255
14824800.0,685,iso13790,native,True,20.10000000000003,0.0,2032.3109991963784,26.700000000000045,1616.0811497074624
14828400.0,685,iso13790,native,True,20.099999999999962,0.0,1995.1449198320965,26.100000000000023,1661.9130648024197
14832000.0,685,iso13790,native,True,20.099999999999984,0.0,1828.1113422445824,23.900000000000034,1354.8414619482528
14835600.0,685,iso13790,native,True,20.099999999999994,0.0,1678.6049068352322,24.400000000000034,1205.4324860213972
14839200.0,685,iso13790,native,True,20.09999999999998,0.0,1418.013610263161,23.900000000000034,529.540794
14842800.0,685,iso13790,native,True,20.099999999999994,0.0,902.2926620708793,19.400000000000034,103.411476
14846400.0,685,iso13790,native,True,20.100000000000005,0.0,475.3286614569077,18.30000000000001,-85.37999400000001
14850000.0,685,iso13790,native,True,20.099999999999994,0.0,198.5185181101945,17.80000000000001,-101.56212000000002
14853600.0,685,iso13790,native,True,20.1,0.0,51.72755380116824,17.80000000000001,-101.56212000000002
14857200.0,685,iso13790,native,True,19.904416731203842,0.0,0.0,17.200000000000045,-101.56212000000002
14860800.0,685,iso13790,native,True,19.900000000000002,67.29802460804716,0.0,17.200000000000045,-101.56212000000002
14864400.0,685,iso13790,native,True,19.899999999999995,78.41571830975657,0.0,17.80000000000001,-101.56212000000002
14868000.0,685,iso13790,native,True,19.900000000000002,83.05985773369731,0.0,17.80000000000001,-101.56212000000002
14871600.0,685,iso13790,native,True,19.899999999999995,85.46415645522248,0.0,17.80000000000001,-101.56212000000002
14875200.0,685,iso13790,native,True,19.9,111.34661002481054,0.0,17.200000000000045,-101.56212000000002
14878800.0,685,iso13790,native,True,19.899999999999995,119.92908568435492,0.0,17.200000000000045,-72.93279124986121
14882400.0,685,iso13790,native,True,19.9,34.26729840885652,0.0,17.80000000000001,221.35312672296482
14886000.0,685,iso13790,native,True,20.100000000000005,0.0,213.9061681163768,21.700000000000045,443.73691547138975
14889600.0,685,iso13790,native,True,20.1,0.0,594.2922213618136,25.0,601.103074206032
14893200.0,685,iso13790,native,True,20.10000000000001,0.0,1004.1962049382089,25.600000000000023,1360.9269865961812
14896800.0,685,iso13790,native,True,20.099999999999977,0.0,1211.7796025503121,23.30000000000001,1209.190086
14900400.0,685,iso13790,native,True,20.1,0.0,1142.7124681141786,18.900000000000034,1365.6173039999999
14904000.0,685,iso13790,native,True,20.09999999999999,0.0,1231.7461930748436,21.100000000000023,1451.921976
14907600.0,685,iso13790,native,True,20.100000000000005,0.0,1226.9730133844637,21.100000000000023,1120.7130201646376
14911200.0,685,iso13790,native,True,20.10000000000003,0.0,1296.012561045157,23.30000000000001,1282.6623877538786
14914800.0,685,iso13790,native,True,20.099999999999994,0.0,1413.9609811432524,25.600000000000023,1080.2370023593296
14918400.0,685,iso13790,native,True,20.09999999999997,0.0,1431.6792336828212,23.900000000000034,1341.9955371404349
14922000.0,685,iso13790,native,True,20.1,0.0,1517.2998192542632,23.900000000000034,1526.5274340802725
14925600.0,685,iso13790,native,True,20.100000000000026,0.0,1266.6830930676035,20.0,734.6993771837847
14929200.0,685,iso13790,native,True,20.099999999999994,0.0,933.7011938965202,20.0,392.6945973001151
14932800.0,685,iso13790,native,True,20.100000000000012,0.0,522.3352245987304,17.200000000000045,54.99036934117649
14936400.0,685,iso13790,native,True,20.100000000000005,0.0,218.37113166461035,17.200000000000045,-101.56212000000002
14940000.0,685,iso13790,native,True,20.1,0.0,15.724634851997543,16.700000000000045,-101.56212000000002
14943600.0,685,iso13790,native,True,19.920257652870102,0.0,0.0,17.80000000000001,-101.56212000000002
14947200.0,685,iso13790,native,True,19.900000000000002,62.90533539632564,0.0,17.200000000000045,-101.56212000000002
14950800.0,685,iso13790,native,True,19.900000000000002,145.9485091833927,0.0,16.100000000000023,-101.56212000000002
14954400.0,685,iso13790,native,True,19.9,260.78522316038135,0.0,14.400000000000034,-101.56212000000002
14958000.0,685,iso13790,native,True,19.9,343.9177323104667,0.0,13.900000000000034,-101.56212000000002
14961600.0,685,iso13790,native,True,19.899999999999995,433.0514049622091,0.0,12.800000000000011,-101.56212000000002
14965200.0,685,iso13790,native,True,19.9,500.1847043942635,0.0,12.200000000000045,-74.09783714299823
14968800.0,685,iso13790,native,True,19.899999999999995,329.6781027620844,0.0,15.600000000000023,227.31856599530857
14972400.0,685,iso13790,native,True,19.900000000000002,60.09804004631543,0.0,17.80000000000001,406.0725999183363
14976000.0,685,iso13790,native,True,20.099999999999994,0.0,131.8195060070096,18.900000000000034,526.1101957526485
14979600.0,685,iso13790,native,True,20.09999999999999,0.0,393.33545794195356,20.600000000000023,670.548050918897
14983200.0,685,iso13790,native,True,20.100000000000005,0.0,666.2593829983979,22.80000000000001,772.9819691552885
14986800.0,685,iso13790,native,True,20.10000000000003,0.0,931.1757348021059,25.0,835.8226151265349
14990400.0,685,iso13790,native,True,20.099999999999994,0.0,1156.680618983564,26.700000000000045,857.738455034309
14994000.0,685,iso13790,native,True,20.10000000000001,0.0,1342.062821894473,28.30000000000001,839.9774460610229
14997600.0,685,iso13790,native,True,20.09999999999998,0.0,1748.1155923003644,28.900000000000034,2217.6306959744834
15001200.0,685,iso13790,native,True,20.09999999999999,0.0,2121.942911036945,32.200000000000045,1296.1766463356548
15004800.0,685,iso13790,native,True,20.099999999999962,0.0,2077.6599438281164,31.100000000000023,1039.8628312716191
15008400.0,685,iso13790,native,True,20.09999999999998,0.0,2103.772805564993,28.900000000000034,1918.44759174395
15012000.0,685,iso13790,native,True,20.1,0.0,2010.505514072314,27.200000000000045,1088.7801489227695
15015600.0,685,iso13790,native,True,20.099999999999994,0.0,1804.7019578912675,26.100000000000023,1194.8783747788796
15019200.0,685,iso13790,native,True,20.099999999999984,0.0,1364.6429293392473,23.900000000000034,-50.58407453247544
15022800.0,685,iso13790,native,True,20.099999999999994,0.0,900.6435038004468,23.30000000000001,-101.56212000000002
15026400.0,685,iso13790,native,True,20.099999999999998,0.0,515.7494828072131,20.0,-101.56212000000002
15030000.0,685,iso13790,native,True,20.100000000000005,0.0,220.03562826499953,17.80000000000001,-101.56212000000002
15033600.0,685,iso13790,native,True,20.100000000000005,0.0,62.867090260695974,17.80000000000001,-101.56212000000002
15037200.0,685,iso13790,native,True,19.899999999999995,13.660055955330419,0.0,16.700000000000045,-101.56212000000002
15040800.0,685,iso13790,native,True,19.900000000000002,141.91167616388904,0.0,15.600000000000023,-101.56212000000002
15044400.0,685,iso13790,native,True,19.899999999999995,280.15307290577994,0.0,13.900000000000034,-101.56212000000002
15048000.0,685,iso13790,native,True,19.899999999999995,354.8708813315604,0.0,13.900000000000034,-101.56212000000002
15051600.0,685,iso13790,native,True,19.900000000000002,364.58545763822883,0.0,14.400000000000034,-60.825182235871864
15055200.0,685,iso13790,native,True,19.9,209.41899607542535,0.0,16.700000000000045,221.1145398662151
15058800.0,685,iso13790,native,True,20.1,0.0,10.250483831096915,19.400000000000034,364.2588145652594
15062400.0,685,iso13790,native,True,20.099999999999998,0.0,349.39078136646066,22.80000000000001,445.1116214182133
15066000.0,685,iso13790,native,True,20.1,0.0,730.6757729848462,26.700000000000045,572.9992973694572
15069600.0,685,iso13790,native,True,20.099999999999994,0.0,1085.3788560805815,29.400000000000034,664.7294108785808
15073200.0,685,iso13790,native,True,20.100000000000012,0.0,1368.979097821176,31.100000000000023,716.1916699272076
15076800.0,685,iso13790,native,True,20.099999999999998,0.0,1555.0579740264432,31.700000000000045,732.291590600546
15080400.0,685,iso13790,native,True,20.100000000000005,0.0,1673.263672459951,32.200000000000045,721.1034199804725
15084000.0,685,iso13790,native,True,20.100000000000023,0.0,1758.8517773587143,32.80000000000001,723.9869945214512
15087600.0,685,iso13790,native,True,20.099999999999994,0.0,1910.8771137990905,33.30000000000001,1137.4342940849826
15091200.0,685,iso13790,native,True,20.10000000000001,0.0,1952.8206240234779,33.30000000000001,639.7856956700048
15094800.0,685,iso13790,native,True,20.1,0.0,2000.1373835652548,32.200000000000045,1361.485019626027
15098400.0,685,iso13790,native,True,20.099999999999984,0.0,2028.368038023834,31.100000000000023,1056.4856120698448
15102000.0,685,iso13790,native,True,20.099999999999994,0.0,1971.7721130245545,30.0,1173.4278601329156
15105600.0,685,iso13790,native,True,20.09999999999998,0.0,1589.2315973175168,26.700000000000045,42.546640520295036
15109200.0,685,iso13790,native,True,20.099999999999998,0.0,1106.632588931402,25.0,-101.56212000000002
15112800.0,685,iso13790,native,True,20.10000000000001,0.0,806.2173884380782,24.400000000000034,-101.56212000000002
15116400.0,685,iso13790,native,True,20.099999999999994,0.0,583.8784642382305,22.80000000000001,-101.56212000000002
15120000.0,685,iso13790,native,True,20.1,0.0,350.8320321168721,20.0,-101.56212000000002
15123600.0,685,iso13790,native,True,20.1,0.0,224.99523602653343,20.0,-101.56212000000002
15127200.0,685,iso13790,native,True,20.10000000000001,0.0,159.8487750048993,20.0,-101.56212000000002
15130800.0,685,iso13790,native,True,20.099999999999998,0.0,80.95288442297141,18.900000000000034,-101.56212000000002
15134400.0,685,iso13790,native,True,20.1,0.0,13.432422293933294,18.30000000000001,-101.56212000000002
15138000.0,685,iso13790,native,True,19.899999999999995,11.54045916721073,0.0,17.200000000000045,-71.35903203968041
15141600.0,685,iso13790,native,True,20.10000000000001,0.0,112.02838435865063,21.100000000000023,242.7699866219956
15145200.0,685,iso13790,native,True,20.099999999999994,0.0,479.6106126195268,25.0,460.7986381752905
15148800.0,685,iso13790,native,True,20.099999999999998,0.0,925.3399719961589,28.900000000000034,719.581859068298
15152400.0,685,iso13790,native,True,20.100000000000033,0.0,1353.6125139971648,30.600000000000023,1103.8281602817106
15156000.0,685,iso13790,native,True,20.099999999999977,0.0,1638.2133674882257,31.700000000000045,880.791861571284
15159600.0,685,iso13790,native,True,20.099999999999994,0.0,1780.7466998415707,32.80000000000001,799.900149764582
15163200.0,685,iso13790,native,True,20.099999999999994,0.0,1890.554306416293,33.30000000000001,926.5993820295681
15166800.0,685,iso13790,native,True,20.100000000000048,0.0,1925.3441860709463,32.80000000000001,818.0222191598377
15170400.0,685,iso13790,native,True,20.099999999999994,0.0,1982.5317596996897,33.900000000000034,876.4528951090729
15174000.0,685,iso13790,native,True,20.100000000000016,0.0,2066.098708034427,34.400000000000034,983.4323442950533
15177600.0,685,iso13790,native,True,20.09999999999998,0.0,2102.9832494609745,35.0,747.504537006181
15181200.0,685,iso13790,native,True,20.099999999999994,0.0,2167.366044791498,33.30000000000001,1478.0558939420316
15184800.0,685,iso13790,native,True,20.100000000000076,0.0,2337.6223014225825,32.200000000000045,1814.8470692322444
15188400.0,685,iso13790,native,True,20.099999999999998,0.0,2297.113749610152,30.0,1382.5428510823078
15192000.0,685,iso13790,native,True,20.099999999999994,0.0,1819.5088971180262,27.200000000000045,82.40241953193315
15195600.0,685,iso13790,native,True,20.100000000000005,0.0,1208.4383045693082,24.400000000000034,-101.56212000000002
15199200.0,685,iso13790,native,True,20.100000000000016,0.0,767.4729014252284,22.200000000000045,-101.56212000000002
15202800.0,685,iso13790,native,True,20.100000000000005,0.0,535.1067690501172,22.200000000000045,-101.56212000000002
15206400.0,685,iso13790,native,True,20.10000000000001,0.0,254.66416484523575,18.30000000000001,-101.56212000000002
15210000.0,685,iso13790,native,True,20.1,0.0,102.25223281533282,18.30000000000001,-101.56212000000002
15213600.0,685,iso13790,native,True,20.012729870304586,0.0,0.0,17.200000000000045,-101.56212000000002
15217200.0,685,iso13790,native,True,19.9,65.39455461478977,0.0,16.700000000000045,-101.56212000000002
15220800.0,685,iso13790,native,True,19.899999999999995,193.3326689151226,0.0,15.0,-101.56212000000002
15224400.0,685,iso13790,native,True,19.900000000000002,302.8169652428887,0.0,13.900000000000034,-77.08557942067326
15228000.0,685,iso13790,native,True,19.9,86.95320442259678,0.0,18.900000000000034,238.724055765441
15231600.0,685,iso13790,native,True,20.1,0.0,179.3761256306906,21.100000000000023,504.57933596787115
15235200.0,685,iso13790,native,True,20.1,0.0,552.3788484943819,24.400000000000034,562.9204315265183
15238800.0,685,iso13790,native,True,20.10000000000001,0.0,862.8210862829899,26.100000000000023,718.3780104575135
15242400.0,685,iso13790,native,True,20.099999999999994,0.0,1210.3724763260393,29.400000000000034,832.3370585021244
15246000.0,685,iso13790,native,True,20.099999999999984,0.0,1632.8634943370425,34.400000000000034,895.6775467983987
15249600.0,685,iso13790,native,True,20.100000000000026,0.0,1946.4284748342552,36.10000000000002,923.4677091351525
15253200.0,685,iso13790,native,True,20.09999999999997,0.0,2162.6542443134695,37.200000000000045,929.1615156673829
15256800.0,685,iso13790,native,True,20.099999999999994,0.0,2323.9904615303653,38.30000000000001,935.379467782326
15260400.0,685,iso13790,native,True,20.1,0.0,2427.207505381812,38.900000000000034,896.909788484153
15264000.0,685,iso13790,native,True,20.100000000000033,0.0,2504.2422543728458,40.0,816.7478539946145
15267600.0,685,iso13790,native,True,20.09999999999997,0.0,2648.8875442770454,39.400000000000034,1492.9936030273507
15271200.0,685,iso13790,native,True,20.099999999999966,0.0,2839.7666234346416,38.30000000000001,1760.3352359768087
15274800.0,685,iso13790,native,True,20.100000000000037,0.0,2781.2319878636467,36.10000000000002,1242.447797187412
15278400.0,685,iso13790,native,True,20.10000000000001,0.0,2252.184472882861,32.200000000000045,22.418522346426364
15282000.0,685,iso13790,native,True,20.099999999999987,0.0,1616.9995294910273,28.900000000000034,-101.56212000000002
15285600.0,685,iso13790,native,True,20.100000000000023,0.0,1147.4694351693117,26.100000000000023,-101.56212000000002
15289200.0,685,iso13790,native,True,20.100000000000023,0.0,878.6721897240304,25.600000000000023,-101.56212000000002
15292800.0,685,iso13790,native,True,20.1,0.0,713.9502188240983,25.0,-101.56212000000002
15296400.0,685,iso13790,native,True,20.1,0.0,537.2227563883953,22.80000000000001,-101.56212000000002
15300000.0,685,iso13790,native,True,20.099999999999998,0.0,326.67809346530396,20.0,-101.56212000000002
15303600.0,685,iso13790,native,True,20.099999999999998,0.0,187.85286394376294,19.400000000000034,-101.56212000000002
15307200.0,685,iso13790,native,True,20.10000000000001,0.0,49.17003297313379,17.80000000000001,-101.56212000000002
15310800.0,685,iso13790,native,True,19.899999999999995,62.2944906250536,0.0,15.600000000000023,-84.05304352373655
15314400.0,685,iso13790,native,True,20.099999999999994,0.0,39.78684158534326,20.0,262.92822453267786
15318000.0,685,iso13790,native,True,20.099999999999998,0.0,366.86031989665287,22.80000000000001,527.6265372545242
15321600.0,685,iso13790,native,True,20.099999999999998,0.0,708.5357687669629,25.0,696.5123614791233
15325200.0,685,iso13790,native,True,20.099999999999994,0.0,980.5377352973668,25.600000000000023,888.2258635138685
15328800.0,685,iso13790,native,True,20.09999999999999,0.0,1225.8960210776672,26.700000000000045,1023.1998379361335
15332400.0,685,iso13790,native,True,20.1,0.0,1494.9714182312998,28.900000000000034,1160.0367338449876
15336000.0,685,iso13790,native,True,20.100000000000005,0.0,1732.3121954808107,30.600000000000023,1172.2166943548016
15339600.0,685,iso13790,native,True,20.09999999999999,0.0,1945.445981033743,32.80000000000001,1147.335677738875
15343200.0,685,iso13790,native,True,20.10000000000002,0.0,2135.661009897259,33.900000000000034,1314.2426078484127
15346800.0,685,iso13790,native,True,20.099999999999994,0.0,2247.820836668046,33.900000000000034,1243.0551425392096
15350400.0,685,iso13790,native,True,20.099999999999977,0.0,2271.271932973932,33.900000000000034,1130.249169367688
15354000.0,685,iso13790,native,True,20.100000000000033,0.0,2391.074555549709,34.400000000000034,1637.1292007637383
15357600.0,685,iso13790,native,True,20.099999999999994,0.0,2455.2044278826056,33.900000000000034,1354.9904593137067
15361200.0,685,iso13790,native,True,20.099999999999955,0.0,2189.8353204450923,31.700000000000045,569.3132957242376
15364800.0,685,iso13790,native,True,20.09999999999999,0.0,1675.976843643104,28.900000000000034,-73.95062543633021
15368400.0,685,iso13790,native,True,20.1,0.0,1207.0054676032917,26.700000000000045,-101.56212000000002
15372000.0,685,iso13790,native,True,20.10000000000001,0.0,861.3304388515556,24.400000000000034,-101.56212000000002
15375600.0,685,iso13790,native,True,20.1,0.0,612.4108196549016,22.80000000000001,-101.56212000000002
15379200.0,685,iso13790,native,True,20.099999999999998,0.0,340.965669194626,19.400000000000034,-101.56212000000002
15382800.0,685,iso13790,native,True,20.1,0.0,218.77580398806083,20.0,-101.56212000000002
15386400.0,685,iso13790,native,True,20.100000000000005,0.0,131.99120412744188,19.400000000000034,-101.56212000000002
15390000.0,685,iso13790,native,True,20.100000000000005,0.0,20.250117996795822,17.80000000000001,-101.56212000000002
15393600.0,685,iso13790,native,True,19.9,60.36085082807441,0.0,16.100000000000023,-101.56212000000002
15397200.0,685,iso13790,native,True,19.9,230.29079980610604,0.0,13.900000000000034,-69.12729953567967
15400800.0,685,iso13790,native,True,19.899999999999995,121.73879161123658,0.0,17.200000000000045,220.45044826295205
15404400.0,685,iso13790,native,True,20.1,0.0,85.86471443685711,20.0,387.25770503050325
15408000.0,685,iso13790,native,True,20.1,0.0,363.5442327543932,21.700000000000045,519.6187882820484
15411600.0,685,iso13790,native,True,20.099999999999994,0.0,619.1037253128142,23.30000000000001,625.9867759661563
15415200.0,685,iso13790,native,True,20.10000000000002,0.0,913.8980653945257,25.0,978.0319433137289
15418800.0,685,iso13790,native,True,20.099999999999977,0.0,1306.2561963505782,27.200000000000045,1415.5186162650937
15422400.0,685,iso13790,native,True,20.09999999999998,0.0,1612.1885318842592,30.0,1003.0588384622549
15426000.0,685,iso13790,native,True,20.09999999999998,0.0,1808.9289392081664,31.700000000000045,1141.0404127735467
15429600.0,685,iso13790,native,True,20.100000000000005,0.0,1943.2454573567156,33.30000000000001,859.9801875663592
15433200.0,685,iso13790,native,True,20.099999999999994,0.0,2127.1323409865404,34.400000000000034,1394.3266279140278
15436800.0,685,iso13790,native,True,20.099999999999987,0.0,2145.9800404206044,33.30000000000001,825.9456329212377
15440400.0,685,iso13790,native,True,20.100000000000016,0.0,2118.309661214249,31.700000000000045,1406.259642130328
15444000.0,685,iso13790,native,True,20.099999999999973,0.0,2030.6528717966314,30.600000000000023,841.5220631945872
15447600.0,685,iso13790,native,True,20.099999999999994,0.0,1818.7017004148292,30.0,597.1253378351071
15451200.0,685,iso13790,native,True,20.099999999999998,0.0,1407.0059315174158,26.700000000000045,-14.75703781506553
15454800.0,685,iso13790,native,True,20.10000000000001,0.0,1003.2335335631367,25.0,-101.56212000000002
15458400.0,685,iso13790,native,True,20.1,0.0,686.986456461672,22.80000000000001,-101.56212000000002
15462000.0,685,iso13790,native,True,20.099999999999994,0.0,428.84938936556796,20.600000000000023,-101.56212000000002
15465600.0,685,iso13790,native,True,20.1,0.0,291.1345786869207,20.600000000000023,-101.56212000000002
15469200.0,685,iso13790,native,True,20.099999999999994,0.0,219.83879855964364,20.600000000000023,-101.56212000000002
15472800.0,685,iso13790,native,True,20.099999999999994,0.0,182.92854730265495,20.600000000000023,-101.56212000000002
15476400.0,685,iso13790,native,True,20.1,0.0,69.3752436660129,18.30000000000001,-101.56212000000002
15480000.0,685,iso13790,native,True,19.944659836096932,0.0,0.0,17.200000000000045,-101.56212000000002
15483600.0,685,iso13790,native,True,19.9,52.72717286819989,0.0,17.200000000000045,-71.4516783493236
15487200.0,685,iso13790,native,True,20.1,0.0,82.02989340233172,20.600000000000023,300.09163706174905
15490800.0,685,iso13790,native,True,20.10000000000001,0.0,423.3983252557028,23.30000000000001,562.153987811731
15494400.0,685,iso13790,native,True,20.100000000000023,0.0,831.0667808209715,26.700000000000045,778.9388266749721
15498000.0,685,iso13790,native,True,20.100000000000016,0.0,1138.5182795336602,28.900000000000034,612.2798322683683
15501600.0,685,iso13790,native,True,20.100000000000005,0.0,1336.6300662355338,30.600000000000023,570.7914547097315
15505200.0,685,iso13790,native,True,20.099999999999977,0.0,1800.5437777107566,32.80000000000001,1895.9829668165444
15508800.0,685,iso13790,native,True,20.099999999999937,0.0,2199.3861842370875,32.80000000000001,1630.7838269675299
15512400.0,685,iso13790,native,True,20.09999999999999,0.0,2350.97437267552,33.900000000000034,1350.0432023017083
15516000.0,685,iso13790,native,True,20.09999999999996,0.0,2292.5329258126085,33.900000000000034,893.3508608964269
15519600.0,685,iso13790,native,True,20.100000000000012,0.0,2435.938936639387,33.900000000000034,2080.6404029723426
15523200.0,685,iso13790,native,True,20.09999999999999,0.0,2443.60153655228,31.700000000000045,1288.909304767506
15526800.0,685,iso13790,native,True,20.100000000000012,0.0,2022.7788722177693,27.200000000000045,754.0558060333744
15530400.0,685,iso13790,native,True,20.1,0.0,1789.2085821326282,26.700000000000045,1225.9531281686868
15534000.0,685,iso13790,native,True,20.100000000000005,0.0,1457.0348022757921,25.0,187.09722861117135
15537600.0,685,iso13790,native,True,20.100000000000005,0.0,1030.8723874953916,23.900000000000034,-13.944403927798845
15541200.0,685,iso13790,native,True,20.100000000000005,0.0,713.1098056099893,22.80000000000001,-101.56212000000002
15544800.0,685,iso13790,native,True,20.099999999999994,0.0,532.711960385131,22.80000000000001,-101.56212000000002
15548400.0,685,iso13790,native,True,20.099999999999998,0.0,459.85036310580307,23.30000000000001,-101.56212000000002
15552000.0,685,iso13790,native,True,20.099999999999998,0.0,312.1859745526835,20.600000000000023,-101.56212000000002
15555600.0,685,iso13790,native,True,20.1,0.0,160.9303196315324,18.900000000000034,-101.56212000000002
15559200.0,685,iso13790,native,True,20.1,0.0,79.47495200572172,18.900000000000034,-101.56212000000002
15562800.0,685,iso13790,native,True,20.0685491109408,0.0,0.0,17.80000000000001,-101.56212000000002
15566400.0,685,iso13790,native,True,19.900000000000002,7.5519723612231155,0.0,17.80000000000001,-101.56212000000002
15570000.0,685,iso13790,native,True,19.920118604523754,0.0,0.0,18.900000000000034,-71.45471411296407
15573600.0,685,iso13790,native,True,20.1,0.0,119.62364668559842,21.100000000000023,215.33742054753523
15577200.0,685,iso13790,native,True,20.1,0.0,439.8023397213526,24.400000000000034,389.49528728436405
15580800.0,685,iso13790,native,True,20.1,0.0,799.9592902281264,27.80000000000001,491.56512521625314
15584400.0,685,iso13790,native,True,20.1,0.0,1152.3863027731534,30.600000000000023,629.4794691124132
15588000.0,685,iso13790,native,True,20.10000000000003,0.0,1472.780430374722,32.80000000000001,729.0088157826204
15591600.0,685,iso13790,native,True,20.099999999999977,0.0,1680.5852459098078,33.30000000000001,736.6969740815275
15595200.0,685,iso13790,native,True,20.09999999999997,0.0,1887.1201874996923,35.0,867.1023303478075
15598800.0,685,iso13790,native,True,20.099999999999966,0.0,2015.1221060850353,34.400000000000034,973.0934451707503
15602400.0,685,iso13790,native,True,20.10000000000003,0.0,2153.006027995088,35.60000000000002,1005.4257940851433
15606000.0,685,iso13790,native,True,20.100000000000016,0.0,2278.210161791164,36.10000000000002,1130.760900014468
15609600.0,685,iso13790,native,True,20.099999999999994,0.0,2379.125964428018,36.700000000000045,1085.9344280715181
15613200.0,685,iso13790,native,True,20.09999999999995,0.0,2448.517988004201,35.0,1534.6954213650765
15616800.0,685,iso13790,native,True,20.100000000000033,0.0,2417.1611792034623,32.80000000000001,1318.629738411776
15620400.0,685,iso13790,native,True,20.100000000000016,0.0,2107.3862297903447,31.100000000000023,422.8504256107661
15624000.0,685,iso13790,native,True,20.10000000000002,0.0,1599.3696581875065,28.30000000000001,-1.6003686909613961
15627600.0,685,iso13790,native,True,20.100000000000033,0.0,1243.373147509535,28.30000000000001,-101.56212000000002
15631200.0,685,iso13790,native,True,20.10000000000002,0.0,969.3544241842538,26.5,-101.56212000000002
15634800.0,685,iso13790,native,True,20.10000000000001,0.0,750.245421939886,24.700000000000045,-101.56212000000002
15638400.0,685,iso13790,native,True,20.10000000000001,0.0,559.5635103021333,22.900000000000034,-101.56212000000002
15642000.0,685,iso13790,native,True,20.1,0.0,379.4921843206598,21.0,-101.56212000000002
15645600.0,685,iso13790,native,True,20.1,0.0,208.83505137280895,19.200000000000045,-101.56212000000002
15649200.0,685,iso13790,native,True,20.1,0.0,43.23696189694028,17.400000000000034,-101.56212000000002
15652800.0,685,iso13790,native,True,19.9,69.73290723991681,0.0,15.600000000000023,-101.56212000000002
15656400.0,685,iso13790,native,True,19.900000000000002,239.72799450736494,0.0,13.900000000000034,-86.79638768081418
15660000.0,685,iso13790,native,True,19.899999999999995,174.55839366451278,0.0,16.100000000000023,220.58933168594172
15663600.0,685,iso13790,native,True,20.09152744665159,0.0,0.0,18.30000000000001,441.2684947949689
15667200.0,685,iso13790,native,True,20.1,0.0,311.3049503555609,21.100000000000023,583.4408903203064
15670800.0,685,iso13790,native,True,20.10000000000001,0.0,560.7341542841339,21.700000000000045,748.6292485705989
15674400.0,685,iso13790,native,True,20.099999999999994,0.0,806.4268071371318,23.30000000000001,862.7544191024843
15678000.0,685,iso13790,native,True,20.09999999999998,0.0,1015.2101139662574,24.400000000000034,937.1706965225503
15681600.0,685,iso13790,native,True,20.10000000000001,0.0,1212.7938596421645,26.100000000000023,965.5913219547973
15685200.0,685,iso13790,native,True,20.1,0.0,1368.6783344781877,27.200000000000045,969.3690009203242
15688800.0,685,iso13790,native,True,20.100000000000005,0.0,1542.3663327692684,29.400000000000034,969.4279631747524
15692400.0,685,iso13790,native,True,20.100000000000005,0.0,1628.3731579823962,29.400000000000034,930.8076617623751
15696000.0,685,iso13790,native,True,20.099999999999994,0.0,1700.6399563952073,29.400000000000034,1094.2532924235566
15699600.0,685,iso13790,native,True,20.09999999999998,0.0,1873.9952469737718,30.0,1506.9607949385377
15703200.0,685,iso13790,native,True,20.10000000000001,0.0,1823.9963375616778,28.30000000000001,848.7639413698595
15706800.0,685,iso13790,native,True,20.10000000000001,0.0,1520.7376961816562,26.100000000000023,463.2867665674522
15710400.0,685,iso13790,native,True,20.10000000000001,0.0,1146.103488383612,25.0,-55.57552301978618
15714000.0,685,iso13790,native,True,20.100000000000005,0.0,743.5838552905586,22.200000000000045,-101.56212000000002
15717600.0,685,iso13790,native,True,20.099999999999998,0.0,407.76317628793737,19.400000000000034,-101.56212000000002
15721200.0,685,iso13790,native,True,20.1,0.0,253.35727242494565,20.0,-101.56212000000002
15724800.0,685,iso13790,native,True,20.1,0.0,199.1697044282684,20.600000000000023,-101.56212000000002
15728400.0,685,iso13790,native,True,20.1,0.0,32.61420916756919,17.200000000000045,-101.56212000000002
15732000.0,685,iso13790,native,True,19.9,55.07144398905027,0.0,16.100000000000023,-101.56212000000002
15735600.0,685,iso13790,native,True,19.899999999999995,213.7376236554359,0.0,14.400000000000034,-101.56212000000002
15739200.0,685,iso13790,native,True,19.899999999999995,319.5609090080832,0.0,13.900000000000034,-101.56212000000002
15742800.0,685,iso13790,native,True,19.899999999999995,349.21327167640897,0.0,14.400000000000034,-74.86800356385076
15746400.0,685,iso13790,native,True,19.9,185.53241647405358,0.0,17.200000000000045,209.60713981996844
15750000.0,685,iso13790,native,True,20.1,0.0,2.546813586530302,18.900000000000034,370.8001171518416
15753600.0,685,iso13790,native,True,20.1,0.0,278.49314101325297,20.600000000000023,557.7298630940112
15757200.0,685,iso13790,native,True,20.1,0.0,624.2845088685634,21.700000000000045,1161.649086368021
15760800.0,685,iso13790,native,True,20.10000000000001,0.0,889.9295459609025,22.200000000000045,1009.9090134030338
15764400.0,685,iso13790,native,True,20.1,0.0,1032.071037512259,23.900000000000034,806.4735625599319
15768000.0,685,iso13790,native,True,20.099999999999984,0.0,1108.6810159664117,25.0,743.0544960740997
15771600.0,685,iso13790,native,True,20.100000000000016,0.0,1315.5898522753946,26.700000000000045,1252.1758112574698
15775200.0,685,iso13790,native,True,20.10000000000001,0.0,1451.9482973295126,27.200000000000045,890.32329593504
15778800.0,685,iso13790,native,True,20.099999999999994,0.0,1537.8189708235684,28.900000000000034,898.7883151572356
15782400.0,685,iso13790,native,True,20.099999999999994,0.0,1570.394401346331,29.400000000000034,720.5993022706693
15786000.0,685,iso13790,native,True,20.100000000000023,0.0,1646.562635945041,27.80000000000001,1455.8190344959207
15789600.0,685,iso13790,native,True,20.100000000000016,0.0,1853.5977433575665,27.80000000000001,1718.170389529415
15793200.0,685,iso13790,native,True,20.099999999999994,0.0,1807.0332250376564,26.100000000000023,1112.5186793395642
15796800.0,685,iso13790,native,True,20.100000000000016,0.0,1390.7352188292357,24.400000000000034,33.320605370619866
15800400.0,685,iso13790,native,True,20.099999999999994,0.0,747.6665922682721,18.900000000000034,-101.56212000000002
15804000.0,685,iso13790,native,True,20.1,0.0,313.4249128985957,17.200000000000045,-101.56212000000002
15807600.0,685,iso13790,native,True,20.1,0.0,85.46598999975163,17.200000000000045,-101.56212000000002
15811200.0,685,iso13790,native,True,19.899999999999995,27.709761342299352,0.0,16.100000000000023,-101.56212000000002
15814800.0,685,iso13790,native,True,19.900000000000002,129.76540478604025,0.0,16.100000000000023,-101.56212000000002
15818400.0,685,iso13790,native,True,19.9,182.60022102589886,0.0,16.100000000000023,-101.56212000000002
15822000.0,685,iso13790,native,True,19.9,230.4845658013518,0.0,15.600000000000023,-101.56212000000002
15825600.0,685,iso13790,native,True,19.9,256.2008746426891,0.0,15.600000000000023,-101.56212000000002
15829200.0,685,iso13790,native,True,19.9,312.71425560486136,0.0,14.400000000000034,-72.22296622731434
15832800.0,685,iso13790,native,True,19.900000000000002,212.82842952231135,0.0,16.100000000000023,202.6495882137319
15836400.0,685,iso13790,native,True,19.900000000000002,15.847993121012147,0.0,17.80000000000001,341.99204930591816
15840000.0,685,iso13790,native,True,20.100000000000005,0.0,143.81590987630395,19.400000000000034,423.19193540266815
15843600.0,685,iso13790,native,True,20.10000000000001,0.0,423.637101829822,22.200000000000045,543.7160661404253
15847200.0,685,iso13790,native,True,20.100000000000005,0.0,635.274039278307,22.80000000000001,630.1167234071709
15850800.0,685,iso13790,native,True,20.100000000000016,0.0,829.3044474960425,24.400000000000034,649.3968123291768
15854400.0,685,iso13790,native,True,20.10000000000001,0.0,990.4141711735236,25.600000000000023,675.3345774136294
15858000.0,685,iso13790,native,True,20.1,0.0,1100.9927329425866,26.100000000000023,676.8594089144485
15861600.0,685,iso13790,native,True,20.100000000000016,0.0,1293.493754951231,27.200000000000045,1106.2440702810463
15865200.0,685,iso13790,native,True,20.100000000000023,0.0,1455.4955252398893,27.80000000000001,950.6589838883488
15868800.0,685,iso13790,native,True,20.099999999999984,0.0,1655.0752027818187,28.900000000000034,1404.7221800726475
15872400.0,685,iso13790,native,True,20.09999999999999,0.0,1744.1841531273205,26.700000000000045,1415.8204973161035
15876000.0,685,iso13790,native,True,20.100000000000012,0.0,1615.3436031227732,25.600000000000023,800.2028577353858
15879600.0,685,iso13790,native,True,20.099999999999987,0.0,1355.1588645414813,25.0,464.69033344580043
15883200.0,685,iso13790,native,True,20.099999999999994,0.0,964.0014679694327,22.200000000000045,42.99072702398321
15886800.0,685,iso13790,native,True,20.100000000000016,0.0,614.5354793889425,21.100000000000023,-101.56212000000002
15890400.0,685,iso13790,native,True,20.099999999999994,0.0,318.3847618831038,18.900000000000034,-101.56212000000002
15894000.0,685,iso13790,native,True,20.1,0.0,160.99005731292678,18.900000000000034,-101.56212000000002
15897600.0,685,iso13790,native,True,20.100000000000005,0.0,9.698966241966483,17.200000000000045,-101.56212000000002
15901200.0,685,iso13790,native,True,19.899999999999995,42.29706837637321,0.0,16.700000000000045,-101.56212000000002
15904800.0,685,iso13790,native,True,19.899999999999995,181.37496231674083,0.0,15.0,-101.56212000000002
15908400.0,685,iso13790,native,True,19.9,281.16356409836817,0.0,14.400000000000034,-101.56212000000002
15912000.0,685,iso13790,native,True,19.900000000000002,309.29854258514075,0.0,15.0,-101.56212000000002
15915600.0,685,iso13790,native,True,19.900000000000002,364.5906069913875,0.0,13.900000000000034,-85.47562258079411
15919200.0,685,iso13790,native,True,19.9,215.68190300161197,0.0,16.700000000000045,214.1766810069911
15922800.0,685,iso13790,native,True,20.1,0.0,19.611667102010088,19.400000000000034,430.4185521706793
15926400.0,685,iso13790,native,True,20.1,0.0,366.51237232611084,22.200000000000045,572.8545445375813
15930000.0,685,iso13790,native,True,20.10000000000001,0.0,721.8223632554698,25.0,732.3810589075326
15933600.0,685,iso13790,native,True,20.10000000000001,0.0,1076.0079926124145,27.80000000000001,852.4064613626633
15937200.0,685,iso13790,native,True,20.099999999999987,0.0,1388.2735137171626,30.0,921.943627541559
15940800.0,685,iso13790,native,True,20.10000000000002,0.0,1631.5776658331965,31.100000000000023,1025.3027341007908
15944400.0,685,iso13790,native,True,20.099999999999994,0.0,1802.59733009777,32.200000000000045,936.0210922163837
15948000.0,685,iso13790,native,True,20.100000000000016,0.0,1881.6602463851943,32.200000000000045,948.5892892586148
15951600.0,685,iso13790,native,True,20.09999999999998,0.0,1934.7146335798748,32.80000000000001,878.5599387937942
15955200.0,685,iso13790,native,True,20.099999999999987,0.0,1968.9111024658362,32.80000000000001,959.1565915884871
15958800.0,685,iso13790,native,True,20.09999999999998,0.0,2113.73365361078,32.80000000000001,1511.4845018435647
15962400.0,685,iso13790,native,True,20.09999999999997,0.0,2222.912366137722,31.100000000000023,1592.0656923656654
15966000.0,685,iso13790,native,True,20.099999999999984,0.0,2015.8804273951257,30.0,491.1629160501218
15969600.0,685,iso13790,native,True,20.100000000000005,0.0,1469.5332787153516,26.100000000000023,-5.885198019853263
15973200.0,685,iso13790,native,True,20.099999999999998,0.0,1011.2576661624068,24.400000000000034,-101.56212000000002
15976800.0,685,iso13790,native,True,20.100000000000005,0.0,710.5604856229871,23.30000000000001,-101.56212000000002
15980400.0,685,iso13790,native,True,20.100000000000005,0.0,507.68072595423683,22.200000000000045,-101.56212000000002
15984000.0,685,iso13790,native,True,20.099999999999998,0.0,334.91018458276756,20.600000000000023,-101.56212000000002
15987600.0,685,iso13790,native,True,20.10000000000001,0.0,148.05704514771006,18.30000000000001,-101.56212000000002
15991200.0,685,iso13790,native,True,20.099999999999994,0.0,92.23026868953595,19.400000000000034,-101.56212000000002
15994800.0,685,iso13790,native,True,20.099999999999998,0.0,65.36626756713918,19.400000000000034,-101.56212000000002
15998400.0,685,iso13790,native,True,20.100000000000005,0.0,30.92716891457045,18.900000000000034,-101.56212000000002
16002000.0,685,iso13790,native,True,20.068399555239107,0.0,0.0,18.30000000000001,-79.51933093928253
16005600.0,685,iso13790,native,True,20.100000000000005,0.0,146.80144849244635,21.100000000000023,209.7885014956783
16009200.0,685,iso13790,native,True,20.10000000000001,0.0,452.6711921052053,24.400000000000034,387.93081945586266
16012800.0,685,iso13790,native,True,20.1,0.0,782.8365617078495,27.200000000000045,496.87738503423066
16016400.0,685,iso13790,native,True,20.09999999999997,0.0,1144.2507175258881,30.600000000000023,634.3115930070176
16020000.0,685,iso13790,native,True,20.100000000000005,0.0,1491.713053590578,33.30000000000001,737.9379825624344
16023600.0,685,iso13790,native,True,20.10000000000001,0.0,1723.5965424887238,33.900000000000034,766.8013089843639
16027200.0,685,iso13790,native,True,20.10000000000001,0.0,2053.7470526836332,35.0,1535.8685435812802
16030800.0,685,iso13790,native,True,20.10000000000001,0.0,2245.7200295671983,33.900000000000034,1258.6505782950348
16034400.0,685,iso13790,native,True,20.10000000000005,0.0,2405.0106688238725,35.0,1551.299999956512
16038000.0,685,iso13790,native,True,20.09999999999997,0.0,2451.4884874169898,36.10000000000002,926.1189428852762
16041600.0,685,iso13790,native,True,20.10000000000001,0.0,2413.9953852295007,33.900000000000034,1532.5828587931514
16045200.0,685,iso13790,native,True,20.10000000000005,0.0,2349.4470780159645,34.400000000000034,772.1263655067892
16048800.0,685,iso13790,native,True,20.099999999999998,0.0,2395.571020241766,33.900000000000034,1831.4942882498892
16052400.0,685,iso13790,native,True,20.100000000000016,0.0,2391.7631619229783,32.200000000000045,1230.5698096414133
16056000.0,685,iso13790,native,True,20.09999999999995,0.0,1825.2294975675072,26.700000000000045,68.89455910381162
16059600.0,685,iso13790,native,True,20.100000000000005,0.0,1208.337996718947,24.400000000000034,-101.56212000000002
16063200.0,685,iso13790,native,True,20.09999999999998,0.0,882.3970623290433,25.0,-101.56212000000002
16066800.0,685,iso13790,native,True,20.099999999999998,0.0,644.9601382870231,23.30000000000001,-101.56212000000002
16070400.0,685,iso13790,native,True,20.1,0.0,383.38067715721604,20.0,-101.56212000000002
16074000.0,685,iso13790,native,True,20.100000000000005,0.0,217.2081302337533,19.400000000000034,-101.56212000000002
16077600.0,685,iso13790,native,True,20.1,0.0,84.89887448453203,18.30000000000001,-101.56212000000002
16081200.0,685,iso13790,native,True,19.97680067709804,0.0,0.0,17.200000000000045,-101.56212000000002
16084800.0,685,iso13790,native,True,19.900000000000002,72.8365731441485,0.0,16.700000000000045,-101.56212000000002
16088400.0,685,iso13790,native,True,19.900000000000002,124.52786247089469,0.0,16.700000000000045,-87.79612820458125
16092000.0,685,iso13790,native,True,19.99758059473992,0.0,0.0,19.400000000000034,214.70493493766577
16095600.0,685,iso13790,native,True,20.1,0.0,273.73535245087015,22.200000000000045,440.99597147553396
16099200.0,685,iso13790,native,True,20.10000000000001,0.0,685.4131255153831,25.600000000000023,770.1979583479259
16102800.0,685,iso13790,native,True,20.10000000000001,0.0,1013.8738266389903,28.30000000000001,509.99526894331814
16106400.0,685,iso13790,native,True,20.099999999999994,0.0,1624.4455824587772,30.0,2474.711883759766
16110000.0,685,iso13790,native,True,20.099999999999977,0.0,2286.3044905524907,34.400000000000034,1756.6995094819258
16113600.0,685,iso13790,native,True,20.09999999999997,0.0,2649.8706756578936,35.0,2247.555580713138
16117200.0,685,iso13790,native,True,20.099999999999994,0.0,2767.7148340446997,32.200000000000045,2082.8068862917476
16120800.0,685,iso13790,native,True,20.099999999999905,0.0,2706.457919503453,32.80000000000001,1524.2365169350994
16124400.0,685,iso13790,native,True,20.09999999999997,0.0,2770.705426098926,33.900000000000034,2190.595447485598
16128000.0,685,iso13790,native,True,20.099999999999973,0.0,2666.2978204242,31.100000000000023,1562.423218659946
16131600.0,685,iso13790,native,True,20.09999999999995,0.0,2509.613703881407,31.700000000000045,1452.4766969912885
16135200.0,685,iso13790,native,True,20.099999999999994,0.0,2294.321360772685,28.900000000000034,1438.3329029129522
16138800.0,685,iso13790,native,True,20.100000000000037,0.0,1913.2752833716754,27.80000000000001,390.45479171038653
16142400.0,685,iso13790,native,True,20.099999999999998,0.0,1430.1132463838956,27.200000000000045,-61.28485889768866
16146000.0,685,iso13790,native,True,20.099999999999984,0.0,984.1288209150601,24.400000000000034,-101.56212000000002
16149600.0,685,iso13790,native,True,20.100000000000005,0.0,721.1534541437527,23.900000000000034,-101.56212000000002
16153200.0,685,iso13790,native,True,20.100000000000005,0.0,559.4455046103093,23.30000000000001,-101.56212000000002
16156800.0,685,iso13790,native,True,20.1,0.0,384.27841904028696,21.100000000000023,-101.56212000000002
16160400.0,685,iso13790,native,True,20.1,0.0,244.3484848597204,20.0,-101.56212000000002
16164000.0,685,iso13790,native,True,20.1,0.0,145.230333773022,19.400000000000034,-101.56212000000002
16167600.0,685,iso13790,native,True,20.10000000000001,0.0,47.63553929769201,18.30000000000001,-101.56212000000002
16171200.0,685,iso13790,native,True,20.100000000000005,0.0,64.87918900284828,20.0,-101.56212000000002
16174800.0,685,iso13790,native,True,20.1,0.0,78.14122978897072,20.0,-95.83735360356454
16178400.0,685,iso13790,native,True,20.100000000000005,0.0,145.5036132389415,20.600000000000023,72.9553885981562
16182000.0,685,iso13790,native,True,20.1,0.0,283.83776460999064,20.600000000000023,438.33208107046164
16185600.0,685,iso13790,native,True,20.1,0.0,624.2205374366176,21.700000000000045,1239.1354523947036
16189200.0,685,iso13790,native,True,20.100000000000005,0.0,943.3550492847446,23.900000000000034,871.803822950201
16192800.0,685,iso13790,native,True,20.099999999999994,0.0,1178.1279377882543,24.400000000000034,1369.306436510859
16196400.0,685,iso13790,native,True,20.10000000000003,0.0,1275.6680631221952,24.400000000000034,869.0913352710957
16200000.0,685,iso13790,native,True,20.10000000000001,0.0,1348.0842963816792,24.400000000000034,1356.84015983975
16203600.0,685,iso13790,native,True,20.100000000000012,0.0,1599.1854084448744,26.100000000000023,1678.8911593244268
16207200.0,685,iso13790,native,True,20.099999999999955,0.0,1882.4911003569832,27.200000000000045,1940.0170312985163
16210800.0,685,iso13790,native,True,20.100000000000012,0.0,1890.5672760791012,25.0,1497.790943853738
16214400.0,685,iso13790,native,True,20.099999999999962,0.0,1815.3756704279817,23.900000000000034,1689.9303077466966
16218000.0,685,iso13790,native,True,20.099999999999984,0.0,1688.0313971231033,24.400000000000034,1026.961567973606
16221600.0,685,iso13790,native,True,20.099999999999994,0.0,1591.5214814591134,23.900000000000034,1480.1075825333317
16225200.0,685,iso13790,native,True,20.099999999999987,0.0,1354.2082022103434,22.80000000000001,452.0222807662993
16228800.0,685,iso13790,native,True,20.10000000000001,0.0,935.0280486209679,22.200000000000045,-65.19279068096135
16232400.0,685,iso13790,native,True,20.1,0.0,607.0696336528266,21.700000000000045,-101.56212000000002
16236000.0,685,iso13790,native,True,20.10000000000001,0.0,385.43811828350476,20.600000000000023,-101.56212000000002
16239600.0,685,iso13790,native,True,20.1,0.0,268.660304330661,20.600000000000023,-101.56212000000002
16243200.0,685,iso13790,native,True,20.099999999999994,0.0,183.56599871602293,20.0,-101.56212000000002
16246800.0,685,iso13790,native,True,20.100000000000005,0.0,138.40061137184207,20.0,-101.56212000000002
16250400.0,685,iso13790,native,True,20.1,0.0,90.38048678909402,19.400000000000034,-101.56212000000002
16254000.0,685,iso13790,native,True,20.1,0.0,43.87717962812716,18.900000000000034,-101.56212000000002
16257600.0,685,iso13790,native,True,19.99484584168906,0.0,0.0,17.80000000000001,-101.56212000000002
16261200.0,685,iso13790,native,True,19.9,64.2940516360676,0.0,16.700000000000045,-83.72720488280027
16264800.0,685,iso13790,native,True,19.899999999999995,15.202644593896741,0.0,18.30000000000001,87.89560321981178
16268400.0,685,iso13790,native,True,20.1,0.0,21.324284682549898,18.900000000000034,118.73189627559545
16272000.0,685,iso13790,native,True,20.100000000000005,0.0,334.00877883188986,20.600000000000023,971.3199637190219
16275600.0,685,iso13790,native,True,20.100000000000005,0.0,754.3753641907589,22.200000000000045,1236.160296
16279200.0,685,iso13790,native,True,20.099999999999994,0.0,1062.2053904494467,23.30000000000001,1237.121355439446
16282800.0,685,iso13790,native,True,20.100000000000016,0.0,1453.0991517062778,24.400000000000034,2126.4814829795714
16286400.0,685,iso13790,native,True,20.10000000000002,0.0,1901.5206646578047,26.100000000000023,2288.739164139956
16290000.0,685,iso13790,native,True,20.100000000000005,0.0,2292.8991435488915,28.30000000000001,2482.321619275259
16293600.0,685,iso13790,native,True,20.10000000000003,0.0,2388.1216970571263,28.900000000000034,1677.2474330864752
16297200.0,685,iso13790,native,True,20.099999999999998,0.0,2101.580173213669,26.100000000000023,1219.9781699999999
16300800.0,685,iso13790,native,True,20.100000000000023,0.0,1797.1664477720965,20.0,2050.069526143833
16304400.0,685,iso13790,native,True,20.099999999999966,0.0,1752.3280191881202,23.30000000000001,1361.0330135922616
16308000.0,685,iso13790,native,True,20.100000000000037,0.0,1704.6386028190645,23.30000000000001,1739.3741301477621
16311600.0,685,iso13790,native,True,20.09999999999998,0.0,1483.3058324504277,22.200000000000045,719.0454089139864
16315200.0,685,iso13790,native,True,20.099999999999987,0.0,1001.2585832741709,21.100000000000023,-48.483517968128766
16318800.0,685,iso13790,native,True,20.099999999999994,0.0,617.3237329940257,21.100000000000023,-101.56212000000002
16322400.0,685,iso13790,native,True,20.099999999999994,0.0,319.82825743007464,18.900000000000034,-101.56212000000002
16326000.0,685,iso13790,native,True,20.099999999999998,0.0,137.09962982092296,18.30000000000001,-101.56212000000002
16329600.0,685,iso13790,native,True,20.084879527788257,0.0,0.0,17.200000000000045,-101.56212000000002
16333200.0,685,iso13790,native,True,19.9,50.4501865407907,0.0,16.700000000000045,-101.56212000000002
16336800.0,685,iso13790,native,True,19.9,115.78896797482639,0.0,16.700000000000045,-101.56212000000002
16340400.0,685,iso13790,native,True,19.900000000000002,194.78442398308275,0.0,15.600000000000023,-101.56212000000002
16344000.0,685,iso13790,native,True,19.899999999999995,237.7186979686965,0.0,15.600000000000023,-101.56212000000002
16347600.0,685,iso13790,native,True,19.9,255.066197069219,0.0,15.600000000000023,-77.99724698363157
16351200.0,685,iso13790,native,True,19.900000000000002,92.06886045533695,0.0,18.30000000000001,199.1063819334339
16354800.0,685,iso13790,native,True,20.099999999999994,0.0,131.37183431818832,21.100000000000023,321.16895445092723
16358400.0,685,iso13790,native,True,20.1,0.0,456.9544750811561,23.900000000000034,461.30040457626865
16362000.0,685,iso13790,native,True,20.10000000000001,0.0,762.8386118254069,25.600000000000023,655.326329344099
16365600.0,685,iso13790,native,True,20.100000000000005,0.0,1058.6227218738204,27.200000000000045,838.348850108795
16369200.0,685,iso13790,native,True,20.100000000000016,0.0,1212.372437912165,27.80000000000001,568.3221709347765
16372800.0,685,iso13790,native,True,20.100000000000016,0.0,1315.1777775127955,27.80000000000001,881.185603052908
16376400.0,685,iso13790,native,True,20.100000000000012,0.0,1582.6814956251264,28.30000000000001,1577.945150152546
16380000.0,685,iso13790,native,True,20.100000000000026,0.0,1716.9326703035192,27.80000000000001,1120.2010666689546
16383600.0,685,iso13790,native,True,20.099999999999998,0.0,1837.276667341711,28.900000000000034,1501.540492412863
16387200.0,685,iso13790,native,True,20.100000000000023,0.0,1894.580496642199,27.80000000000001,1394.5406592737459
16390800.0,685,iso13790,native,True,20.100000000000012,0.0,1939.1794910960496,27.80000000000001,1558.182351289857
16394400.0,685,iso13790,native,True,20.100000000000016,0.0,1498.1838233427138,20.0,738.8587479349117
16398000.0,685,iso13790,native,True,20.1,0.0,924.4962323224281,18.30000000000001,103.411476
16401600.0,685,iso13790,native,True,20.099999999999994,0.0,432.4732417886872,16.700000000000045,-20.728215270063203
16405200.0,685,iso13790,native,True,20.10000000000001,0.0,138.4201586838856,16.700000000000045,-101.56212000000002
16408800.0,685,iso13790,native,True,19.993648369740647,0.0,0.0,16.700000000000045,-101.56212000000002
16412400.0,685,iso13790,native,True,19.9,115.44238441719541,0.0,15.600000000000023,-101.56212000000002
16416000.0,685,iso13790,native,True,19.900000000000002,196.64285013603904,0.0,15.600000000000023,-101.56212000000002
16419600.0,685,iso13790,native,True,19.900000000000002,238.68081628938458,0.0,15.600000000000023,-101.56212000000002
16423200.0,685,iso13790,native,True,19.9,285.08185624000134,0.0,15.0,-101.56212000000002
16426800.0,685,iso13790,native,True,19.9,310.215508815828,0.0,15.0,-101.56212000000002
16430400.0,685,iso13790,native,True,19.9,323.2273508901191,0.0,15.0,-101.56212000000002
16434000.0,685,iso13790,native,True,19.89999999999999,349.24511864241435,0.0,14.400000000000034,-75.69648546396765
16437600.0,685,iso13790,native,True,19.899999999999995,255.6008891274316,0.0,15.600000000000023,189.22678564837977
16441200.0,685,iso13790,native,True,19.899999999999995,25.42263538202397,0.0,18.30000000000001,318.2617865514358
16444800.0,685,iso13790,native,True,20.1,0.0,195.00332097215542,21.100000000000023,370.85880293141963
16448400.0,685,iso13790,native,True,20.1,0.0,477.0874862398809,23.30000000000001,480.4830433000443
16452000.0,685,iso13790,native,True,20.099999999999987,0.0,819.2490121928465,26.100000000000023,768.9764421181551
16455600.0,685,iso13790,native,True,20.099999999999994,0.0,1293.5557692656027,28.900000000000034,1403.4796571130619
16459200.0,685,iso13790,native,True,20.099999999999998,0.0,1563.2791021041965,29.400000000000034,911.5840999438735
16462800.0,685,iso13790,native,True,20.100000000000033,0.0,1940.201134151817,27.80000000000001,2745.786218914478
16466400.0,685,iso13790,native,True,20.09999999999998,0.0,2252.8474191529926,28.900000000000034,1709.0804461446091
16470000.0,685,iso13790,native,True,20.100000000000033,0.0,2198.4162350849238,30.0,1228.1405867437854
16473600.0,685,iso13790,native,True,20.10000000000001,0.0,1835.112870959556,23.30000000000001,1295.7292938225505
16477200.0,685,iso13790,native,True,20.10000000000001,0.0,1720.642959448728,23.900000000000034,1540.577071192147
16480800.0,685,iso13790,native,True,20.100000000000016,0.0,1727.5248580429998,23.30000000000001,1786.6611930475174
16484400.0,685,iso13790,native,True,20.099999999999998,0.0,1485.0840122344077,22.80000000000001,515.3373492653197
16488000.0,685,iso13790,native,True,20.09999999999998,0.0,1047.569794410411,22.80000000000001,-16.232753681794385
16491600.0,685,iso13790,native,True,20.1,0.0,649.5475968436597,21.100000000000023,-101.56212000000002
16495200.0,685,iso13790,native,True,20.1,0.0,426.84910135191143,21.100000000000023,-101.56212000000002
16498800.0,685,iso13790,native,True,20.1,0.0,291.025315147655,20.600000000000023,-101.56212000000002
16502400.0,685,iso13790,native,True,20.099999999999998,0.0,195.14449841329545,20.0,-101.56212000000002
16506000.0,685,iso13790,native,True,20.1,0.0,74.58795751099319,18.30000000000001,-101.56212000000002
16509600.0,685,iso13790,native,True,20.100000000000005,0.0,9.025704593794147,18.30000000000001,-101.56212000000002
16513200.0,685,iso13790,native,True,19.899999999999995,40.60776542229943,0.0,16.700000000000045,-101.56212000000002
16516800.0,685,iso13790,native,True,19.89999999999999,110.69348776811438,0.0,16.700000000000045,-101.56212000000002
16520400.0,685,iso13790,native,True,19.9,170.2246845958177,0.0,16.100000000000023,-94.84814871656197
16524000.0,685,iso13790,native,True,19.9,96.7354503445572,0.0,17.80000000000001,72.00491235810144
16527600.0,685,iso13790,native,True,20.054451819990394,0.0,0.0,18.900000000000034,181.19660233164024
16531200.0,685,iso13790,native,True,20.100000000000016,0.0,398.163062337096,20.600000000000023,1332.3033078148526
16534800.0,685,iso13790,native,True,20.099999999999994,0.0,865.7543877092735,21.700000000000045,1437.1725753281287
16538400.0,685,iso13790,native,True,20.099999999999998,0.0,1158.626537161311,24.400000000000034,1057.1748154886598
16542000.0,685,iso13790,native,True,20.099999999999998,0.0,1282.2224081924644,25.600000000000023,949.8474341211547
16545600.0,685,iso13790,native,True,20.100000000000005,0.0,1294.839729267143,25.600000000000023,772.9907909729616
16549200.0,685,iso13790,native,True,20.099999999999994,0.0,1402.4607055114043,26.700000000000045,1178.054356831513
16552800.0,685,iso13790,native,True,20.1,0.0,1647.256612425389,26.700000000000045,1772.0318073580033
16556400.0,685,iso13790,native,True,20.10000000000001,0.0,1786.081508699054,27.200000000000045,1277.7947037743918
16560000.0,685,iso13790,native,True,20.100000000000026,0.0,1902.9714079161324,27.200000000000045,1868.0584845790174
16563600.0,685,iso13790,native,True,20.10000000000001,0.0,1906.7084591341422,27.80000000000001,1024.2509587790248
16567200.0,685,iso13790,native,True,20.100000000000005,0.0,1686.1485273890498,25.600000000000023,1024.920062262245
16570800.0,685,iso13790,native,True,20.1,0.0,1389.684554683751,23.30000000000001,619.9368914792481
16574400.0,685,iso13790,native,True,20.100000000000016,0.0,961.2589371705296,21.700000000000045,-60.7388082950726
16578000.0,685,iso13790,native,True,20.099999999999998,0.0,575.2582220724952,20.600000000000023,-101.56212000000002
16581600.0,685,iso13790,native,True,20.099999999999998,0.0,317.6558384331856,19.400000000000034,-101.56212000000002
16585200.0,685,iso13790,native,True,20.1,0.0,161.53898680279855,18.900000000000034,-101.56212000000002
16588800.0,685,iso13790,native,True,20.099999999999994,0.0,79.79006263615987,18.900000000000034,-101.56212000000002
16592400.0,685,iso13790,native,True,20.06920153051899,0.0,0.0,17.80000000000001,-101.56212000000002
16596000.0,685,iso13790,native,True,19.899999999999995,32.05457036729679,0.0,17.200000000000045,-101.56212000000002
16599600.0,685,iso13790,native,True,19.900000000000002,129.97688384092692,0.0,16.100000000000023,-101.56212000000002
16603200.0,685,iso13790,native,True,19.9,203.24114979536967,0.0,15.600000000000023,-101.56212000000002
16606800.0,685,iso13790,native,True,19.9,265.1395118479961,0.0,15.0,-93.85972595763513
16610400.0,685,iso13790,native,True,19.899999999999995,168.62024781432993,0.0,16.700000000000045,189.36947361919897
16614000.0,685,iso13790,native,True,20.1,0.0,32.00546770099563,19.400000000000034,391.55318833317006
16617600.0,685,iso13790,native,True,20.099999999999994,0.0,335.68449926135395,21.700000000000045,521.8206313919399
16621200.0,685,iso13790,native,True,20.099999999999984,0.0,659.0991375491933,24.400000000000034,668.971325170241
16624800.0,685,iso13790,native,True,20.10000000000002,0.0,1051.1243271552726,26.700000000000045,1160.9545818376444
16628400.0,685,iso13790,native,True,20.100000000000033,0.0,1494.4126856606927,29.400000000000034,1389.9522886246327
16632000.0,685,iso13790,native,True,20.099999999999998,0.0,1734.8314179178315,29.400000000000034,1243.7245063735854
16635600.0,685,iso13790,native,True,20.099999999999994,0.0,1812.6800888881094,28.900000000000034,1229.394761626243
16639200.0,685,iso13790,native,True,20.099999999999984,0.0,1911.0264526513668,28.900000000000034,1525.103011156629
16642800.0,685,iso13790,native,True,20.100000000000016,0.0,1687.2044568995152,22.80000000000001,1182.219876
16646400.0,685,iso13790,native,True,20.1,0.0,1252.474111427555,17.80000000000001,950.2760699999999
16650000.0,685,iso13790,native,True,20.099999999999998,0.0,1107.5005720893614,16.700000000000045,1776.9659508084444
16653600.0,685,iso13790,native,True,20.1,0.0,872.055730762314,17.200000000000045,281.9700321494981
16657200.0,685,iso13790,native,True,20.099999999999994,0.0,508.6147235775156,17.200000000000045,252.43316591769386
16660800.0,685,iso13790,native,True,20.1,0.0,232.88668469577348,16.700000000000045,-48.759619362215666
16664400.0,685,iso13790,native,True,20.10000000000001,0.0,6.02349334814711,16.100000000000023,-101.56212000000002
16668000.0,685,iso13790,native,True,19.900000000000002,70.87547093937103,0.0,16.100000000000023,-101.56212000000002
16671600.0,685,iso13790,native,True,19.900000000000002,172.6439952941478,0.0,15.600000000000023,-101.56212000000002
16675200.0,685,iso13790,native,True,19.9,226.25646578066124,0.0,15.600000000000023,-101.56212000000002
16678800.0,685,iso13790,native,True,19.89999999999999,303.2874295242043,0.0,14.400000000000034,-101.56212000000002
16682400.0,685,iso13790,native,True,19.899999999999995,365.92137843180063,0.0,13.900000000000034,-101.56212000000002
16686000.0,685,iso13790,native,True,19.899999999999995,399.2736454390573,0.0,13.900000000000034,-101.56212000000002
16689600.0,685,iso13790,native,True,19.9,461.7094918572363,0.0,12.800000000000011,-101.56212000000002
16693200.0,685,iso13790,native,True,19.900000000000002,538.5534124490893,0.0,11.700000000000045,-88.58880663330339
16696800.0,685,iso13790,native,True,19.9,411.09364185250416,0.0,14.400000000000034,183.5721705854883
16700400.0,685,iso13790,native,True,19.900000000000002,165.021288710776,0.0,16.700000000000045,365.19328323686756
16704000.0,685,iso13790,native,True,20.099999999999994,0.0,57.412742218081235,18.900000000000034,470.1586986123225
16707600.0,685,iso13790,native,True,20.1,0.0,353.11490947180715,21.100000000000023,605.9104175434935
16711200.0,685,iso13790,native,True,20.09999999999999,0.0,668.212286321581,23.900000000000034,709.717206370318
16714800.0,685,iso13790,native,True,20.100000000000005,0.0,911.3642320436743,25.0,773.7299364599817
16718400.0,685,iso13790,native,True,20.099999999999966,0.0,1123.9848240037004,26.700000000000045,796.7845509809124
16722000.0,685,iso13790,native,True,20.10000000000002,0.0,1276.8001675688195,27.80000000000001,752.245674099433
16725600.0,685,iso13790,native,True,20.09999999999999,0.0,1509.9275694281873,27.80000000000001,1520.147895474125
16729200.0,685,iso13790,native,True,20.09999999999999,0.0,1697.9203275955247,28.30000000000001,1159.7287749111447
16732800.0,685,iso13790,native,True,20.1,0.0,1691.0231522433453,27.80000000000001,1026.2805168158984
16736400.0,685,iso13790,native,True,20.100000000000023,0.0,1745.049094278243,27.80000000000001,1410.7739705978506
16740000.0,685,iso13790,native,True,20.099999999999948,0.0,1763.7476334262515,26.700000000000045,1290.5771788129055
16743600.0,685,iso13790,native,True,20.100000000000016,0.0,1688.952628007759,25.600000000000023,1202.3741560011317
16747200.0,685,iso13790,native,True,20.10000000000002,0.0,1296.025087098104,23.30000000000001,25.160405237828847
16750800.0,685,iso13790,native,True,20.100000000000005,0.0,830.8141408214234,22.200000000000045,-101.56212000000002
16754400.0,685,iso13790,native,True,20.100000000000005,0.0,502.19828369584246,20.600000000000023,-101.56212000000002
16758000.0,685,iso13790,native,True,20.099999999999994,0.0,304.4700056716885,20.0,-101.56212000000002
16761600.0,685,iso13790,native,True,20.1,0.0,155.82415943358606,18.900000000000034,-101.56212000000002
16765200.0,685,iso13790,native,True,20.1,0.0,52.19372861023034,18.30000000000001,-101.56212000000002
16768800.0,685,iso13790,native,True,20.00761939122703,0.0,0.0,17.80000000000001,-101.56212000000002
16772400.0,685,iso13790,native,True,19.9,65.3415318034587,0.0,16.700000000000045,-101.56212000000002
16776000.0,685,iso13790,native,True,19.9,168.6674849295807,0.0,15.600000000000023,-101.56212000000002
16779600.0,685,iso13790,native,True,19.900000000000002,268.7422296743363,0.0,14.400000000000034,-78.7157617234538
16783200.0,685,iso13790,native,True,19.899999999999995,150.16521577044733,0.0,17.200000000000045,182.1550147740463
16786800.0,685,iso13790,native,True,20.1,0.0,49.983900935812684,20.0,314.2921645576231
16790400.0,685,iso13790,native,True,20.100000000000012,0.0,325.85565008322294,22.200000000000045,383.88221443979023
16794000.0,685,iso13790,native,True,20.099999999999987,0.0,598.7685400970412,24.400000000000034,503.044199446029
16797600.0,685,iso13790,native,True,20.09999999999998,0.0,896.0770079355584,27.200000000000045,590.5871908318934
16801200.0,685,iso13790,native,True,20.1,0.0,1149.7438189592688,28.900000000000034,643.2896957139551
16804800.0,685,iso13790,native,True,20.099999999999994,0.0,1316.6545748825972,29.400000000000034,660.5427951370909
16808400.0,685,iso13790,native,True,20.099999999999994,0.0,1455.150013849057,30.600000000000023,656.4634925913316
16812000.0,685,iso13790,native,True,20.100000000000012,0.0,1576.878476898374,31.700000000000045,672.3084927548617
16815600.0,685,iso13790,native,True,20.100000000000005,0.0,1662.5474121984985,32.200000000000045,660.5979929726954
16819200.0,685,iso13790,native,True,20.100000000000023,0.0,1683.1869586341732,31.700000000000045,649.7076020088583
16822800.0,685,iso13790,native,True,20.10000000000002,0.0,1864.358790722929,31.100000000000023,1604.7574850603949
16826400.0,685,iso13790,native,True,20.100000000000044,0.0,2135.9939598931687,29.400000000000034,2076.873097508757
16830000.0,685,iso13790,native,True,20.10000000000005,0.0,2217.845608391461,27.80000000000001,1765.0759663713388
16833600.0,685,iso13790,native,True,20.100000000000016,0.0,1789.350803172099,25.600000000000023,179.83860244889274
16837200.0,685,iso13790,native,True,20.099999999999998,0.0,1184.7343906629183,23.900000000000034,-101.56212000000002
16840800.0,685,iso13790,native,True,20.099999999999977,0.0,799.4441246454023,23.30000000000001,-101.56212000000002
16844400.0,685,iso13790,native,True,20.100000000000005,0.0,553.6963168222442,22.200000000000045,-101.56212000000002
16848000.0,685,iso13790,native,True,20.1,0.0,358.7327308491068,20.600000000000023,-101.56212000000002
16851600.0,685,iso13790,native,True,20.1,0.0,205.55929821256558,19.400000000000034,-101.56212000000002
16855200.0,685,iso13790,native,True,20.1,0.0,33.699026004034394,17.200000000000045,-101.56212000000002
16858800.0,685,iso13790,native,True,19.899999999999995,54.509827832661536,0.0,16.100000000000023,-101.56212000000002
16862400.0,685,iso13790,native,True,19.9,213.44687161646291,0.0,14.400000000000034,-101.56212000000002
16866000.0,685,iso13790,native,True,19.899999999999995,317.8432588578901,0.0,13.900000000000034,-93.99441384999508
16869600.0,685,iso13790,native,True,19.900000000000002,154.3639210914651,0.0,17.80000000000001,181.7943677095329
16873200.0,685,iso13790,native,True,20.1,0.0,103.46703324672582,21.100000000000023,359.84497976225657
16876800.0,685,iso13790,native,True,20.099999999999994,0.0,469.68253029192215,24.400000000000034,463.8520376941558
16880400.0,685,iso13790,native,True,20.09999999999999,0.0,804.4951634510946,26.700000000000045,600.1221134037036
16884000.0,685,iso13790,native,True,20.100000000000005,0.0,1114.4323534869927,28.900000000000034,698.9193252197081
16887600.0,685,iso13790,native,True,20.099999999999994,0.0,1377.6521782295595,30.600000000000023,762.9570619781966
16891200.0,685,iso13790,native,True,20.1,0.0,1636.1148701941815,33.30000000000001,753.5337093027986
16894800.0,685,iso13790,native,True,20.10000000000004,0.0,1840.3998196603686,33.900000000000034,957.9340274652274
16898400.0,685,iso13790,native,True,20.099999999999955,0.0,2178.4188025517724,35.0,1699.9775829043606
16902000.0,685,iso13790,native,True,20.10000000000001,0.0,2302.6933728032104,35.60000000000002,759.7021710643031
16905600.0,685,iso13790,native,True,20.10000000000005,0.0,2230.451968966399,36.10000000000002,713.5168534535142
16909200.0,685,iso13790,native,True,20.10000000000001,0.0,2336.2014095572813,35.60000000000002,1534.7246931740979
16912800.0,685,iso13790,native,True,20.10000000000001,0.0,2238.1589618842017,30.0,1284.8489617027262
16916400.0,685,iso13790,native,True,20.1,0.0,2016.2725198222815,27.200000000000045,1254.5555462067994
16920000.0,685,iso13790,native,True,20.1,0.0,1544.1016159973983,25.0,13.571194878959389
16923600.0,685,iso13790,native,True,20.099999999999994,0.0,985.1997271806124,22.80000000000001,-101.56212000000002
16927200.0,685,iso13790,native,True,20.099999999999994,0.0,583.2361809927015,20.600000000000023,-101.56212000000002
16930800.0,685,iso13790,native,True,20.1,0.0,321.78607542248267,19.400000000000034,-101.56212000000002
16934400.0,685,iso13790,native,True,20.100000000000005,0.0,163.6772351641143,18.900000000000034,-101.56212000000002
16938000.0,685,iso13790,native,True,20.1,0.0,35.727868026761,17.80000000000001,-101.56212000000002
16941600.0,685,iso13790,native,True,19.900000000000002,52.34792718127568,0.0,16.100000000000023,-101.56212000000002
16945200.0,685,iso13790,native,True,19.899999999999995,163.05217521636447,0.0,15.600000000000023,-101.56212000000002
16948800.0,685,iso13790,native,True,19.900000000000002,270.56619074845855,0.0,14.400000000000034,-101.56212000000002
16952400.0,685,iso13790,native,True,19.9,279.0383262588815,0.0,15.600000000000023,-100.90460308395859
16956000.0,685,iso13790,native,True,19.9,112.65029536476526,0.0,18.30000000000001,177.13786616337035
16959600.0,685,iso13790,native,True,20.10000000000001,0.0,144.13681837480476,21.100000000000023,451.0378684174416
16963200.0,685,iso13790,native,True,20.1,0.0,565.3090673621653,25.0,635.3608636379615
16966800.0,685,iso13790,native,True,20.1,0.0,998.4063418591564,28.30000000000001,843.8770008953868
16970400.0,685,iso13790,native,True,20.099999999999998,0.0,1361.0576061064028,30.0,986.561639917328
16974000.0,685,iso13790,native,True,20.09999999999999,0.0,1617.2132411393682,30.600000000000023,1073.7897120536877
16977600.0,685,iso13790,native,True,20.099999999999987,0.0,1850.8314781850975,32.80000000000001,1053.3349813061195
16981200.0,685,iso13790,native,True,20.099999999999977,0.0,2066.982138508371,33.30000000000001,1409.8715555202712
16984800.0,685,iso13790,native,True,20.09999999999998,0.0,2210.355707429468,34.400000000000034,1067.0438868362894
16988400.0,685,iso13790,native,True,20.100000000000023,0.0,2324.401680548791,34.400000000000034,1511.237752495666
16992000.0,685,iso13790,native,True,20.1,0.0,2435.2880635286383,34.400000000000034,1422.4648038294922
16995600.0,685,iso13790,native,True,20.100000000000005,0.0,2421.185991424309,31.700000000000045,1680.3170663956862
16999200.0,685,iso13790,native,True,20.10000000000001,0.0,2387.6382400137713,31.100000000000023,1499.83743378979
17002800.0,685,iso13790,native,True,20.100000000000012,0.0,1974.108467419729,27.80000000000001,384.28749957445206
17006400.0,685,iso13790,native,True,20.099999999999987,0.0,1392.6944725377984,25.600000000000023,-72.0864500848977
17010000.0,685,iso13790,native,True,20.10000000000001,0.0,960.0850092626575,24.400000000000034,-101.56212000000002
17013600.0,685,iso13790,native,True,20.099999999999994,0.0,663.5366506668145,22.80000000000001,-101.56212000000002
17017200.0,685,iso13790,native,True,20.100000000000005,0.0,482.4099081865921,22.200000000000045,-101.56212000000002
17020800.0,685,iso13790,native,True,20.1,0.0,342.3587760688017,21.100000000000023,-101.56212000000002
17024400.0,685,iso13790,native,True,20.100000000000005,0.0,267.81561384541163,21.100000000000023,-101.56212000000002
17028000.0,685,iso13790,native,True,20.099999999999998,0.0,184.05499492017145,20.0,-101.56212000000002
17031600.0,685,iso13790,native,True,20.099999999999998,0.0,114.01603386836337,19.400000000000034,-101.56212000000002
17035200.0,685,iso13790,native,True,20.099999999999998,0.0,31.475709778540228,18.30000000000001,-101.56212000000002
17038800.0,685,iso13790,native,True,19.968532287450195,0.0,0.0,17.80000000000001,-96.96351170158633
17042400.0,685,iso13790,native,True,20.099999999999998,0.0,70.18690967712897,20.0,175.62014120238524
17046000.0,685,iso13790,native,True,20.1,0.0,335.94272639246924,22.80000000000001,368.9809684779159
17049600.0,685,iso13790,native,True,20.100000000000005,0.0,669.2682333016836,26.100000000000023,487.18071683784717
17053200.0,685,iso13790,native,True,20.100000000000016,0.0,986.225902020753,28.30000000000001,628.447865824623
17056800.0,685,iso13790,native,True,20.099999999999994,0.0,1293.810563527795,30.600000000000023,737.7724891859691
17060400.0,685,iso13790,native,True,20.099999999999994,0.0,1578.253120061765,32.80000000000001,802.0978269791563
17064000.0,685,iso13790,native,True,20.09999999999999,0.0,1806.1315574550715,34.400000000000034,805.3556235281635
17067600.0,685,iso13790,native,True,20.100000000000012,0.0,1907.6626457773607,33.900000000000034,808.2979233085912
17071200.0,685,iso13790,native,True,20.10000000000003,0.0,2120.2622587237734,35.60000000000002,1246.2458192159909
17074800.0,685,iso13790,native,True,20.100000000000037,0.0,2322.3140746316153,35.60000000000002,1340.887836148145
17078400.0,685,iso13790,native,True,20.10000000000005,0.0,2420.4754124033225,36.10000000000002,1138.3750807453137
17082000.0,685,iso13790,native,True,20.099999999999987,0.0,2308.3395353241303,32.80000000000001,1155.972160932226
17085600.0,685,iso13790,native,True,20.1,0.0,2095.8478358122584,28.900000000000034,1199.619100428473
17089200.0,685,iso13790,native,True,20.1,0.0,1674.5392783156858,25.600000000000023,352.2766891323554
17092800.0,685,iso13790,native,True,20.10000000000001,0.0,1158.953821564714,23.900000000000034,-70.67804320985782
17096400.0,685,iso13790,native,True,20.099999999999977,0.0,790.9801577160015,23.30000000000001,-101.56212000000002
17100000.0,685,iso13790,native,True,20.10000000000001,0.0,639.6528277011595,24.400000000000034,-101.56212000000002
17103600.0,685,iso13790,native,True,20.099999999999987,0.0,542.8161747307746,23.900000000000034,-101.56212000000002
17107200.0,685,iso13790,native,True,20.10000000000001,0.0,467.1192297610867,23.30000000000001,-101.56212000000002
17110800.0,685,iso13790,native,True,20.10000000000001,0.0,336.4805550401609,21.100000000000023,-101.56212000000002
17114400.0,685,iso13790,native,True,20.10000000000001,0.0,244.24097890586393,20.600000000000023,-101.56212000000002
17118000.0,685,iso13790,native,True,20.100000000000005,0.0,170.92396807484985,20.0,-101.56212000000002
17121600.0,685,iso13790,native,True,20.1,0.0,107.2180228323977,19.400000000000034,-101.56212000000002
17125200.0,685,iso13790,native,True,20.1,0.0,28.09225469907722,18.30000000000001,-100.9057776911097
17128800.0,685,iso13790,native,True,20.100000000000005,0.0,131.86945727431976,20.600000000000023,151.31724106183174
17132400.0,685,iso13790,native,True,20.100000000000005,0.0,416.3108167102441,22.80000000000001,616.0605079515256
17136000.0,685,iso13790,native,True,20.10000000000001,0.0,745.593297196763,25.0,684.3202885235128
17139600.0,685,iso13790,native,True,20.10000000000001,0.0,1107.8891318343797,27.80000000000001,983.6268633890559
17143200.0,685,iso13790,native,True,20.10000000000002,0.0,1425.5842699384173,29.400000000000034,1041.2083428765827
17146800.0,685,iso13790,native,True,20.09999999999997,0.0,1763.7853231510494,31.700000000000045,1365.7963695909987
17150400.0,685,iso13790,native,True,20.09999999999997,0.0,2085.4562134701127,31.700000000000045,1805.256341551754
17154000.0,685,iso13790,native,True,20.100000000000048,0.0,2268.629573206949,31.100000000000023,1669.0839142210107
17157600.0,685,iso13790,native,True,20.10000000000001,0.0,2345.4110968895116,33.30000000000001,1255.012102351856
17161200.0,685,iso13790,native,True,20.099999999999998,0.0,2203.2719064366293,31.700000000000045,990.3830656365265
17164800.0,685,iso13790,native,True,20.100000000000033,0.0,2010.6846372378607,27.80000000000001,1405.4214059672745
17168400.0,685,iso13790,native,True,20.09999999999995,0.0,1900.746990379263,26.700000000000045,1292.1441652265762
17172000.0,685,iso13790,native,True,20.100000000000044,0.0,1484.8070923866203,22.80000000000001,428.07432273105394
17175600.0,685,iso13790,native,True,20.09999999999999,0.0,1013.2369394142877,21.700000000000045,103.411476
17179200.0,685,iso13790,native,True,20.100000000000005,0.0,675.5229676314935,21.700000000000045,-90.77403600000002
17182800.0,685,iso13790,native,True,20.099999999999998,0.0,467.75159812214133,21.700000000000045,-101.56212000000002
17186400.0,685,iso13790,native,True,20.10000000000001,0.0,288.67460531407863,20.0,-101.56212000000002
17190000.0,685,iso13790,native,True,20.1,0.0,147.64678631468456,18.900000000000034,-101.56212000000002
17193600.0,685,iso13790,native,True,20.1,0.0,2.7910751401943448,17.200000000000045,-101.56212000000002
17197200.0,685,iso13790,native,True,19.9,0.7041463051535017,0.0,17.80000000000001,-101.56212000000002
17200800.0,685,iso13790,native,True,19.899999999999995,87.99729125598039,0.0,16.700000000000045,-101.56212000000002
17204400.0,685,iso13790,native,True,19.89999999999999,135.22732837337912,0.0,16.700000000000045,-101.56212000000002
17208000.0,685,iso13790,native,True,19.900000000000002,159.67860071752156,0.0,16.700000000000045,-101.56212000000002
17211600.0,685,iso13790,native,True,19.900000000000002,171.18299663048478,0.0,16.700000000000045,-95.98857454197753
17215200.0,685,iso13790,native,True,19.900000000000002,59.87367228539645,0.0,18.30000000000001,148.7633934881096
17218800.0,685,iso13790,native,True,20.1,0.0,167.7133328772423,21.100000000000023,454.6101927907999
17222400.0,685,iso13790,native,True,20.099999999999994,0.0,459.6399580298819,22.80000000000001,499.6589979865082
17226000.0,685,iso13790,native,True,20.099999999999994,0.0,741.3279231706199,23.900000000000034,862.3918348843581
17229600.0,685,iso13790,native,True,20.09999999999997,0.0,1042.0907828983686,26.700000000000045,768.559503117604
17233200.0,685,iso13790,native,True,20.10000000000002,0.0,1359.4333871553813,28.30000000000001,1278.4230984420108
17236800.0,685,iso13790,native,True,20.10000000000001,0.0,1682.1703764497522,30.0,1302.8873670034288
17240400.0,685,iso13790,native,True,20.10000000000001,0.0,1988.005538777406,31.700000000000045,1601.9405894081788
17244000.0,685,iso13790,native,True,20.099999999999994,0.0,2190.972828452558,30.600000000000023,1792.078541127544
17247600.0,685,iso13790,native,True,20.099999999999994,0.0,2174.8267710242617,28.30000000000001,1527.438564
17251200.0,685,iso13790,native,True,20.099999999999962,0.0,2129.237516496315,25.0,2224.6443019976605
17254800.0,685,iso13790,native,True,20.100000000000016,0.0,2112.5393487861643,27.200000000000045,1318.9602974653242
17258400.0,685,iso13790,native,True,20.100000000000016,0.0,1680.810252707631,25.0,383.90166
17262000.0,685,iso13790,native,True,20.100000000000005,0.0,1020.3706709067169,18.30000000000001,336.09155565882133
17265600.0,685,iso13790,native,True,20.100000000000005,0.0,615.259508616449,19.400000000000034,-90.77403600000002
17269200.0,685,iso13790,native,True,20.1,0.0,292.67805220503647,18.30000000000001,-101.56212000000002
17272800.0,685,iso13790,native,True,20.1,0.0,146.5699831367088,18.900000000000034,-101.56212000000002
17276400.0,685,iso13790,native,True,20.10000000000001,0.0,92.57196482041888,19.400000000000034,-101.56212000000002
17280000.0,685,iso13790,native,True,20.1,0.0,45.0117208957317,18.900000000000034,-101.56212000000002
17283600.0,685,iso13790,native,True,20.099999999999994,0.0,19.463201000851804,18.900000000000034,-101.56212000000002
17287200.0,685,iso13790,native,True,20.099999999999998,0.0,6.236579637276745,18.900000000000034,-101.56212000000002
17290800.0,685,iso13790,native,True,19.899999999999995,40.94015505617647,0.0,16.700000000000045,-101.56212000000002
17294400.0,685,iso13790,native,True,19.9,135.50330162648714,0.0,16.100000000000023,-101.56212000000002
17298000.0,685,iso13790,native,True,19.9,230.0617015816135,0.0,15.0,-98.2868684290471
17301600.0,685,iso13790,native,True,19.899999999999995,109.469034180522,0.0,17.80000000000001,172.57397792280852
17305200.0,685,iso13790,native,True,20.099999999999994,0.0,127.78387765010135,21.100000000000023,372.0732613095819
17308800.0,685,iso13790,native,True,20.099999999999987,0.0,490.17742978426963,23.900000000000034,591.841116651385
17312400.0,685,iso13790,native,True,20.100000000000026,0.0,866.384903314821,26.100000000000023,873.4855702165459
17316000.0,685,iso13790,native,True,20.10000000000001,0.0,1174.9244967368588,27.80000000000001,851.0981145586879
17319600.0,685,iso13790,native,True,20.10000000000004,0.0,1592.7636062526028,30.600000000000023,1544.1625396866498
17323200.0,685,iso13790,native,True,20.100000000000012,0.0,1921.2779896543386,30.0,1650.7548958170378
17326800.0,685,iso13790,native,True,20.100000000000012,0.0,2056.8665065696705,31.100000000000023,1190.0878458678872
17330400.0,685,iso13790,native,True,20.1,0.0,2135.331783765693,30.600000000000023,1671.038298908879
17334000.0,685,iso13790,native,True,20.1,0.0,2239.339103417701,29.400000000000034,1852.3619794132483
17337600.0,685,iso13790,native,True,20.099999999999994,0.0,1735.8522602231226,19.400000000000034,1016.2271534762456
17341200.0,685,iso13790,native,True,20.09999999999997,0.0,1402.8940963906641,19.400000000000034,1394.9164719518226
17344800.0,685,iso13790,native,True,20.099999999999994,0.0,1073.2099370268772,19.400000000000034,346.143366
17348400.0,685,iso13790,native,True,20.100000000000005,0.0,701.0385543447064,20.0,54.86509799999998
17352000.0,685,iso13790,native,True,20.10000000000001,0.0,409.33757209263547,19.400000000000034,-87.34137885683785
17355600.0,685,iso13790,native,True,20.100000000000005,0.0,211.2514741305353,18.900000000000034,-101.56212000000002
17359200.0,685,iso13790,native,True,20.100000000000005,0.0,105.52651428309979,18.900000000000034,-101.56212000000002
17362800.0,685,iso13790,native,True,20.100000000000005,0.0,5.622892463528203,17.80000000000001,-101.56212000000002
17366400.0,685,iso13790,native,True,19.989603267447873,0.0,0.0,18.30000000000001,-101.56212000000002
17370000.0,685,iso13790,native,True,19.899999999999995,68.14691638475949,0.0,16.700000000000045,-101.56212000000002
17373600.0,685,iso13790,native,True,19.900000000000002,124.95067072640427,0.0,16.700000000000045,-101.56212000000002
17377200.0,685,iso13790,native,True,19.9,154.35831366610256,0.0,16.700000000000045,-101.56212000000002
17380800.0,685,iso13790,native,True,19.899999999999995,149.0513812829495,0.0,17.200000000000045,-101.56212000000002
17384400.0,685,iso13790,native,True,19.9,145.30990059855682,0.0,17.200000000000045,-101.23494046995481
17388000.0,685,iso13790,native,True,19.899999999999995,65.98978078448516,0.0,17.80000000000001,153.22462685953758
17391600.0,685,iso13790,native,True,20.1,0.0,120.09188350786775,20.600000000000023,340.1491089068405
17395200.0,685,iso13790,native,True,20.099999999999994,0.0,474.6265330836396,21.100000000000023,1120.0453070574308
17398800.0,685,iso13790,native,True,20.099999999999998,0.0,842.727372353104,23.30000000000001,975.1235974590877
17402400.0,685,iso13790,native,True,20.099999999999994,0.0,1189.2578781973612,26.100000000000023,1264.0104347062927
17406000.0,685,iso13790,native,True,20.100000000000062,0.0,1592.9975912679372,27.80000000000001,1764.6435605290592
17409600.0,685,iso13790,native,True,20.10000000000001,0.0,2002.8129612339965,29.400000000000034,2019.599838216403
17413200.0,685,iso13790,native,True,20.099999999999977,0.0,2185.579524410214,30.0,1549.696616346298
17416800.0,685,iso13790,native,True,20.100000000000005,0.0,2283.6061192976763,28.900000000000034,2137.664445415292
17420400.0,685,iso13790,native,True,20.099999999999994,0.0,2285.825302169471,28.900000000000034,1464.2559570967328
17424000.0,685,iso13790,native,True,20.100000000000055,0.0,2234.144943312417,27.80000000000001,1941.3942684612102
17427600.0,685,iso13790,native,True,20.09999999999999,0.0,2133.738290896042,26.100000000000023,1568.3877712823498
17431200.0,685,iso13790,native,True,20.100000000000016,0.0,1710.129100027953,24.400000000000034,410.87187
17434800.0,685,iso13790,native,True,20.1,0.0,1197.6289232368333,22.80000000000001,211.23329294514198
17438400.0,685,iso13790,native,True,20.100000000000012,0.0,809.4827784776468,22.200000000000045,-96.16807800000001
17442000.0,685,iso13790,native,True,20.1,0.0,557.708334032638,22.200000000000045,-101.56212000000002
17445600.0,685,iso13790,native,True,20.10000000000001,0.0,381.3412209241846,21.100000000000023,-101.56212000000002
17449200.0,685,iso13790,native,True,20.1,0.0,267.4656136090559,20.600000000000023,-101.56212000000002
17452800.0,685,iso13790,native,True,20.1,0.0,207.58523395234974,20.600000000000023,-101.56212000000002
17456400.0,685,iso13790,native,True,20.1,0.0,151.94706994945037,20.0,-101.56212000000002
17460000.0,685,iso13790,native,True,20.1,0.0,97.39356931444225,19.400000000000034,-101.56212000000002
17463600.0,685,iso13790,native,True,20.1,0.0,22.87016058474103,18.30000000000001,-101.56212000000002
17467200.0,685,iso13790,native,True,19.946906523953214,0.0,0.0,17.80000000000001,-101.56212000000002
17470800.0,685,iso13790,native,True,19.9,32.74781745345148,0.0,17.80000000000001,-101.56212000000002
17474400.0,685,iso13790,native,True,19.900000000000002,5.5267195895419405,0.0,18.30000000000001,59.530362808754646
17478000.0,685,iso13790,native,True,20.1,0.0,155.15639793853165,20.0,544.3543610077922
17481600.0,685,iso13790,native,True,20.1,0.0,507.6687552904339,20.600000000000023,1140.5550135122237
17485200.0,685,iso13790,native,True,20.100000000000005,0.0,900.9763201501468,22.200000000000045,1380.7416145144266
17488800.0,685,iso13790,native,True,20.10000000000002,0.0,1190.4945927518843,22.80000000000001,1478.892186
17492400.0,685,iso13790,native,True,20.100000000000005,0.0,1498.8372280091426,24.400000000000034,1846.5143386099921
17496000.0,685,iso13790,native,True,20.099999999999962,0.0,1888.5505224268938,26.100000000000023,2325.507073373351
17499600.0,685,iso13790,native,True,20.10000000000001,0.0,2267.716023230388,28.30000000000001,2365.0657781350014
17503200.0,685,iso13790,native,True,20.099999999999945,0.0,1878.033543498251,18.900000000000034,1349.435178
17506800.0,685,iso13790,native,True,20.10000000000003,0.0,1396.1065323686391,17.200000000000045,1193.00796
17510400.0,685,iso13790,native,True,20.100000000000016,0.0,1051.2838740801546,16.700000000000045,966.458196
17514000.0,685,iso13790,native,True,20.10000000000001,0.0,753.301353069689,16.100000000000023,685.9680119999999
17517600.0,685,iso13790,native,True,20.099999999999994,0.0,442.50452482925215,15.0,367.719534
17521200.0,685,iso13790,native,True,20.09999999999999,0.0,156.64491663119136,15.0,17.10680399999999
17524800.0,685,iso13790,native,True,19.9,18.779751311238105,0.0,15.0,-89.18275909537677
17528400.0,685,iso13790,native,True,19.899999999999995,195.02986906630332,0.0,14.400000000000034,-101.56212000000002
17532000.0,685,iso13790,native,True,19.9,309.87579270658233,0.0,13.900000000000034,-101.56212000000002
17535600.0,685,iso13790,native,True,19.9,349.72706612151273,0.0,14.400000000000034,-101.56212000000002
17539200.0,685,iso13790,native,True,19.9,369.43201090574763,0.0,14.400000000000034,-101.56212000000002
17542800.0,685,iso13790,native,True,19.900000000000002,379.63337852796656,0.0,14.400000000000034,-101.56212000000002
17546400.0,685,iso13790,native,True,19.9,384.91468748382215,0.0,14.400000000000034,-101.56212000000002
17550000.0,685,iso13790,native,True,19.9,387.6488526781497,0.0,14.400000000000034,-101.56212000000002
17553600.0,685,iso13790,native,True,19.900000000000002,409.59579113126705,0.0,13.900000000000034,-101.56212000000002
17557200.0,685,iso13790,native,True,19.899999999999995,401.3527049830369,0.0,14.400000000000034,-101.56212000000002
17560800.0,685,iso13790,native,True,19.9,414.5200399015408,0.0,13.300000000000011,27.89488799999998
17564400.0,685,iso13790,native,True,19.9,379.45044110703867,0.0,13.300000000000011,141.16977
17568000.0,685,iso13790,native,True,19.9,272.95106469953987,0.0,13.900000000000034,362.325492
17571600.0,685,iso13790,native,True,19.899999999999995,56.20967090814418,0.0,14.400000000000034,869.36544
17575200.0,685,iso13790,native,True,20.1,0.0,97.13210130048725,14.400000000000034,917.911818
17578800.0,685,iso13790,native,True,20.1,0.0,196.15182346512063,13.900000000000034,874.7594819999999
17582400.0,685,iso13790,native,True,20.099999999999994,0.0,390.9506032917184,15.0,1387.193472
17586000.0,685,iso13790,native,True,20.10000000000001,0.0,621.139195690049,16.100000000000023,1392.5875139999998
17589600.0,685,iso13790,native,True,20.1,0.0,751.0825619904538,16.700000000000045,1311.676884
17593200.0,685,iso13790,native,True,20.099999999999998,0.0,1023.9792639345402,16.700000000000045,2361.0488009184387
17596800.0,685,iso13790,native,True,20.10000000000001,0.0,1006.565141723133,16.100000000000023,912.517776
17600400.0,685,iso13790,native,True,20.099999999999994,0.0,705.9896065916244,16.100000000000023,615.845466
17604000.0,685,iso13790,native,True,20.1,0.0,417.0412481678022,15.600000000000023,297.596988
17607600.0,685,iso13790,native,True,20.1,0.0,196.59809521212193,15.600000000000023,202.8932261749894
17611200.0,685,iso13790,native,True,20.023746238503293,0.0,0.0,15.0,-96.16807800000001
17614800.0,685,iso13790,native,True,19.900000000000002,136.1425535100406,0.0,15.0,-101.56212000000002
17618400.0,685,iso13790,native,True,19.899999999999995,257.74647586350324,0.0,14.400000000000034,-101.56212000000002
17622000.0,685,iso13790,native,True,19.900000000000002,321.8131098834397,0.0,14.400000000000034,-101.56212000000002
17625600.0,685,iso13790,native,True,19.9,354.98078901737665,0.0,14.400000000000034,-101.56212000000002
17629200.0,685,iso13790,native,True,19.9,392.6833394315194,0.0,13.900000000000034,-101.56212000000002
17632800.0,685,iso13790,native,True,19.899999999999995,413.1284725110922,0.0,13.900000000000034,-101.56212000000002
17636400.0,685,iso13790,native,True,19.899999999999995,403.1815952358332,0.0,14.400000000000034,-101.56212000000002
17640000.0,685,iso13790,native,True,19.9,397.1057399386765,0.0,14.400000000000034,-101.56212000000002
17643600.0,685,iso13790,native,True,19.9,369.32249959785304,0.0,15.0,-101.56212000000002
17647200.0,685,iso13790,native,True,19.9,325.90233977330945,0.0,15.0,33.28892999999998
17650800.0,685,iso13790,native,True,19.900000000000002,194.48818689092738,0.0,16.100000000000023,238.262526
17654400.0,685,iso13790,native,True,20.10000000000001,0.0,155.40065563970435,17.80000000000001,1337.413014213137
17658000.0,685,iso13790,native,True,20.100000000000016,0.0,455.7342331842391,17.80000000000001,858.577356
17661600.0,685,iso13790,native,True,20.099999999999998,0.0,608.5451128718427,18.30000000000001,1112.09733
17665200.0,685,iso13790,native,True,20.099999999999994,0.0,834.2151284548875,20.0,1284.706674
17668800.0,685,iso13790,native,True,20.1,0.0,956.421736912914,18.900000000000034,1381.79943
17672400.0,685,iso13790,native,True,20.100000000000005,0.0,1054.649832872898,19.400000000000034,1387.193472
17676000.0,685,iso13790,native,True,20.1,0.0,1045.3579925664055,18.30000000000001,1306.282842
17679600.0,685,iso13790,native,True,20.100000000000016,0.0,926.5069991620556,16.700000000000045,1144.461582
17683200.0,685,iso13790,native,True,20.099999999999994,0.0,860.311408474554,17.200000000000045,1160.6437079999998
17686800.0,685,iso13790,native,True,20.100000000000016,0.0,797.6222867259727,18.30000000000001,788.45481
17690400.0,685,iso13790,native,True,20.10000000000001,0.0,700.1072435867897,18.30000000000001,748.5905616238247
17694000.0,685,iso13790,native,True,20.100000000000005,0.0,505.8959282876123,17.200000000000045,303.0857528997433
17697600.0,685,iso13790,native,True,20.1,0.0,205.03223519944476,16.100000000000023,-96.16807800000001
17701200.0,685,iso13790,native,True,19.94988649492632,0.0,0.0,15.600000000000023,-101.56212000000002
17704800.0,685,iso13790,native,True,19.900000000000002,106.01319705298859,0.0,16.100000000000023,-101.56212000000002
17708400.0,685,iso13790,native,True,19.9,215.47273975763736,0.0,15.0,-101.56212000000002
17712000.0,685,iso13790,native,True,19.899999999999995,298.81618716247556,0.0,14.400000000000034,-101.56212000000002
17715600.0,685,iso13790,native,True,19.9,408.7757681110547,0.0,12.800000000000011,-101.56212000000002
17719200.0,685,iso13790,native,True,19.900000000000002,468.6666520564844,0.0,12.800000000000011,-101.56212000000002
17722800.0,685,iso13790,native,True,19.899999999999995,524.3102541924053,0.0,12.200000000000045,-101.56212000000002
17726400.0,685,iso13790,native,True,19.9,554.2288364219777,0.0,12.200000000000045,-101.56212000000002
17730000.0,685,iso13790,native,True,19.90000000000001,569.6504313466065,0.0,12.200000000000045,-101.236479775005
17733600.0,685,iso13790,native,True,19.900000000000002,521.0313560523732,0.0,12.800000000000011,52.87592896208142
17737200.0,685,iso13790,native,True,19.9,308.4362185189026,0.0,15.0,398.6811213852986
17740800.0,685,iso13790,native,True,20.1,0.0,152.2215226602995,17.200000000000045,1613.2753527983284
17744400.0,685,iso13790,native,True,20.100000000000005,0.0,545.2973932236634,20.0,657.5361686857477
17748000.0,685,iso13790,native,True,20.1,0.0,715.1759385694932,21.700000000000045,862.719313822192
17751600.0,685,iso13790,native,True,20.100000000000012,0.0,927.6690212685546,22.200000000000045,1193.1485821778922
17755200.0,685,iso13790,native,True,20.09999999999999,0.0,1386.2022924876032,23.30000000000001,2401.314269240458
17758800.0,685,iso13790,native,True,20.099999999999962,0.0,1694.6633499325553,25.0,1475.1985719974095
17762400.0,685,iso13790,native,True,20.099999999999994,0.0,1711.3171365237486,21.100000000000023,2249.6639785216435
17766000.0,685,iso13790,native,True,20.09999999999999,0.0,1213.3953494298219,13.300000000000011,793.848852
17769600.0,685,iso13790,native,True,20.100000000000037,0.0,1014.4510176218938,18.30000000000001,1267.7395546099424
17773200.0,685,iso13790,native,True,20.099999999999994,0.0,1170.8165702981846,20.600000000000023,1657.588718507075
17776800.0,685,iso13790,native,True,20.1,0.0,1179.6439139926454,19.400000000000034,1229.0366081017805
17780400.0,685,iso13790,native,True,20.099999999999994,0.0,923.3773543979758,18.900000000000034,406.518386358106
17784000.0,685,iso13790,native,True,20.099999999999998,0.0,486.57943331813345,17.200000000000045,-92.57899557069555
17787600.0,685,iso13790,native,True,20.1,0.0,110.82873258009046,15.600000000000023,-101.56212000000002
17791200.0,685,iso13790,native,True,19.899999999999995,107.88182716711995,0.0,13.900000000000034,-101.56212000000002
17794800.0,685,iso13790,native,True,19.899999999999995,220.5158497920953,0.0,15.0,-101.56212000000002
17798400.0,685,iso13790,native,True,19.900000000000002,301.4270353523162,0.0,14.400000000000034,-101.56212000000002
17802000.0,685,iso13790,native,True,19.900000000000002,364.95824125595567,0.0,13.900000000000034,-101.56212000000002
17805600.0,685,iso13790,native,True,19.9,423.41275732920985,0.0,13.300000000000011,-101.56212000000002
17809200.0,685,iso13790,native,True,19.900000000000002,499.95574505399566,0.0,12.200000000000045,-101.56212000000002
17812800.0,685,iso13790,native,True,19.9,541.6203615594447,0.0,12.200000000000045,-101.56212000000002
17816400.0,685,iso13790,native,True,19.9,583.6544814689275,0.0,11.700000000000045,-101.23690509633154
17820000.0,685,iso13790,native,True,19.899999999999995,467.3569520955304,0.0,13.900000000000034,133.43181114738366
17823600.0,685,iso13790,native,True,19.9,198.80388273153747,0.0,16.700000000000045,385.4692925274626
17827200.0,685,iso13790,native,True,20.100000000000005,0.0,51.395662684276246,18.900000000000034,510.07899606658543
17830800.0,685,iso13790,native,True,20.10000000000001,0.0,437.11912873452894,21.700000000000045,877.1579934262
17834400.0,685,iso13790,native,True,20.10000000000002,0.0,846.7044107429318,23.900000000000034,1149.191745000392
17838000.0,685,iso13790,native,True,20.1,0.0,1379.658257633824,26.100000000000023,2035.2537538501379
17841600.0,685,iso13790,native,True,20.10000000000001,0.0,1621.9616614431347,25.0,1394.9075575484815
17845200.0,685,iso13790,native,True,20.099999999999984,0.0,1658.3305122190334,25.600000000000023,1344.5218919757262
17848800.0,685,iso13790,native,True,20.099999999999987,0.0,1781.733500074147,25.0,2001.5931436281783
17852400.0,685,iso13790,native,True,20.10000000000002,0.0,1361.3843744598566,15.0,1149.855624
17856000.0,685,iso13790,native,True,20.09999999999997,0.0,1199.246505553283,20.0,1166.03775
17859600.0,685,iso13790,native,True,20.100000000000005,0.0,1130.7824194303707,20.600000000000023,1064.707924489007
17863200.0,685,iso13790,native,True,20.09999999999999,0.0,1099.2607325422828,20.600000000000023,1155.6450095231182
17866800.0,685,iso13790,native,True,20.10000000000001,0.0,884.9741041166034,20.0,249.20079058948662
17870400.0,685,iso13790,native,True,20.100000000000016,0.0,443.8707054637031,17.200000000000045,-92.54519831089718
17874000.0,685,iso13790,native,True,20.1,0.0,109.25495721226098,16.100000000000023,-101.56212000000002
17877600.0,685,iso13790,native,True,19.9,37.96337024361523,0.0,15.600000000000023,-101.56212000000002
17881200.0,685,iso13790,native,True,19.900000000000002,181.16923543713787,0.0,15.0,-101.56212000000002
17884800.0,685,iso13790,native,True,19.900000000000002,301.58850286337656,0.0,13.900000000000034,-101.56212000000002
17888400.0,685,iso13790,native,True,19.899999999999995,390.60586522445834,0.0,13.300000000000011,-101.56212000000002
17892000.0,685,iso13790,native,True,19.9,437.80224248063826,0.0,13.300000000000011,-101.56212000000002
17895600.0,685,iso13790,native,True,19.9,482.7675337130443,0.0,12.800000000000011,-101.56212000000002
17899200.0,685,iso13790,native,True,19.899999999999995,506.97263109818965,0.0,12.800000000000011,-101.56212000000002
17902800.0,685,iso13790,native,True,19.900000000000002,543.872471563496,0.0,12.200000000000045,-100.26302855492165
17906400.0,685,iso13790,native,True,19.899999999999995,446.24523258413893,0.0,13.900000000000034,130.70856143371324
17910000.0,685,iso13790,native,True,19.9,177.60302626911883,0.0,17.200000000000045,338.0013088163921
17913600.0,685,iso13790,native,True,20.100000000000005,0.0,113.28050522282022,20.600000000000023,450.58786881819105
17917200.0,685,iso13790,native,True,20.09999999999999,0.0,490.292337203861,22.80000000000001,791.3076188569923
17920800.0,685,iso13790,native,True,20.099999999999987,0.0,764.6500093879899,23.900000000000034,675.717660035695
17924400.0,685,iso13790,native,True,20.1,0.0,1032.6671727182008,26.100000000000023,926.2439941323753
17928000.0,685,iso13790,native,True,20.100000000000005,0.0,1347.3977351283233,26.700000000000045,1446.1122548794606
17931600.0,685,iso13790,native,True,20.09999999999997,0.0,1565.3222807034176,27.200000000000045,1210.2246544435475
17935200.0,685,iso13790,native,True,20.1,0.0,1729.2761704987038,27.80000000000001,1513.7920897913452
17938800.0,685,iso13790,native,True,20.100000000000012,0.0,1789.154665506864,27.80000000000001,1155.9261885458839
17942400.0,685,iso13790,native,True,20.100000000000016,0.0,1780.629646717374,27.80000000000001,1238.2820000357601
17946000.0,685,iso13790,native,True,20.100000000000062,0.0,1904.2662125588781,27.80000000000001,1793.7635606715812
17949600.0,685,iso13790,native,True,20.099999999999973,0.0,2049.173550960749,26.700000000000045,1978.4607161013357
17953200.0,685,iso13790,native,True,20.099999999999994,0.0,1988.792438195686,25.600000000000023,1411.5601281380486
17956800.0,685,iso13790,native,True,20.100000000000005,0.0,1487.2666565434633,23.900000000000034,-79.61723581791527
17960400.0,685,iso13790,native,True,20.10000000000001,0.0,893.8357594646336,21.700000000000045,-101.56212000000002
17964000.0,685,iso13790,native,True,20.099999999999994,0.0,484.6231870939692,19.400000000000034,-101.56212000000002
17967600.0,685,iso13790,native,True,20.100000000000005,0.0,247.9789805833634,18.900000000000034,-101.56212000000002
17971200.0,685,iso13790,native,True,20.1,0.0,99.9028300059749,18.30000000000001,-101.56212000000002
17974800.0,685,iso13790,native,True,20.007865558403203,0.0,0.0,17.200000000000045,-101.56212000000002
17978400.0,685,iso13790,native,True,19.899999999999995,91.03983394010245,0.0,16.100000000000023,-101.56212000000002
17982000.0,685,iso13790,native,True,19.900000000000002,183.0832064713807,0.0,15.600000000000023,-101.56212000000002
17985600.0,685,iso13790,native,True,19.899999999999995,256.2986415250907,0.0,15.0,-101.56212000000002
17989200.0,685,iso13790,native,True,19.900000000000002,319.88484123641257,0.0,14.400000000000034,-101.2378061645577
17992800.0,685,iso13790,native,True,19.899999999999995,213.64562862100533,0.0,16.700000000000045,119.80548313988189
17996400.0,685,iso13790,native,True,20.089296673514525,0.0,0.0,19.400000000000034,389.74820168885947
18000000.0,685,iso13790,native,True,20.099999999999994,0.0,344.5265177329856,22.200000000000045,557.4702369029578
18003600.0,685,iso13790,native,True,20.100000000000016,0.0,732.7099900173921,25.600000000000023,732.6918934501626
18007200.0,685,iso13790,native,True,20.1,0.0,1085.5145096762378,27.80000000000001,865.4894150262095
18010800.0,685,iso13790,native,True,20.100000000000012,0.0,1375.8374768464867,29.400000000000034,947.1110824190652
18014400.0,685,iso13790,native,True,20.1,0.0,1572.7804950694017,30.0,976.7361109429003
18018000.0,685,iso13790,native,True,20.09999999999999,0.0,1723.676485099044,31.100000000000023,966.9473966420788
18021600.0,685,iso13790,native,True,20.100000000000005,0.0,1801.5688356499084,31.100000000000023,963.4817971342462
18025200.0,685,iso13790,native,True,20.099999999999987,0.0,1861.082150902981,31.100000000000023,1058.7871085365223
18028800.0,685,iso13790,native,True,20.099999999999994,0.0,1944.62488733228,31.700000000000045,1121.693916081561
18032400.0,685,iso13790,native,True,20.099999999999962,0.0,2104.849901795296,31.100000000000023,1752.1486328153806
18036000.0,685,iso13790,native,True,20.099999999999984,0.0,2252.65634935063,30.0,1807.5016163521004
18039600.0,685,iso13790,native,True,20.100000000000016,0.0,2061.0452271584327,28.30000000000001,817.3661551986411
18043200.0,685,iso13790,native,True,20.099999999999973,0.0,1479.4157099058257,25.0,-86.7906391795872
18046800.0,685,iso13790,native,True,20.10000000000001,0.0,981.0133705506215,23.900000000000034,-101.56212000000002
18050400.0,685,iso13790,native,True,20.10000000000001,0.0,739.1457141653259,24.400000000000034,-101.56212000000002
18054000.0,685,iso13790,native,True,20.099999999999994,0.0,549.1550578148126,22.80000000000001,-101.56212000000002
18057600.0,685,iso13790,native,True,20.1,0.0,378.0246957501918,21.100000000000023,-101.56212000000002
18061200.0,685,iso13790,native,True,20.1,0.0,216.47316119645893,19.400000000000034,-101.56212000000002
18064800.0,685,iso13790,native,True,20.1,0.0,84.51837662358938,18.30000000000001,-101.56212000000002
18068400.0,685,iso13790,native,True,19.899999999999995,1.5247581572600801,0.0,16.700000000000045,-101.56212000000002
18072000.0,685,iso13790,native,True,19.899999999999995,90.4599814447961,0.0,16.700000000000045,-101.56212000000002
18075600.0,685,iso13790,native,True,19.899999999999995,136.50227779500113,0.0,16.700000000000045,-101.56212000000002
18079200.0,685,iso13790,native,True,19.900000000000002,115.61328353992788,0.0,16.700000000000045,114.4182225373715
18082800.0,685,iso13790,native,True,20.099999999999998,0.0,75.69157202289456,20.0,408.24319207276415
18086400.0,685,iso13790,native,True,20.10000000000001,0.0,435.9636484132315,23.30000000000001,561.4752819908617
18090000.0,685,iso13790,native,True,20.099999999999994,0.0,828.8040944444393,26.700000000000045,737.116848922494
18093600.0,685,iso13790,native,True,20.100000000000005,0.0,1204.6053665970446,29.400000000000034,869.8563087422251
18097200.0,685,iso13790,native,True,20.099999999999994,0.0,1511.850646170101,31.100000000000023,951.4458600795102
18100800.0,685,iso13790,native,True,20.099999999999998,0.0,1739.3806080420811,32.200000000000045,986.453015258756
18104400.0,685,iso13790,native,True,20.099999999999994,0.0,1901.9661212137357,33.30000000000001,948.0632100076564
18108000.0,685,iso13790,native,True,20.099999999999994,0.0,1984.7501952692699,33.30000000000001,960.8320236442537
18111600.0,685,iso13790,native,True,20.10000000000001,0.0,2037.3834474709183,33.30000000000001,998.2893331986184
18115200.0,685,iso13790,native,True,20.1,0.0,2145.6029537004974,32.80000000000001,1459.8503139917436
18118800.0,685,iso13790,native,True,20.099999999999966,0.0,2348.4921279599344,32.80000000000001,1821.142119958139
18122400.0,685,iso13790,native,True,20.1,0.0,2344.022345423189,30.600000000000023,1452.740983898661
18126000.0,685,iso13790,native,True,20.09999999999999,0.0,2057.610199955856,28.900000000000034,718.8673220044697
18129600.0,685,iso13790,native,True,20.099999999999994,0.0,1391.8548392176353,23.30000000000001,-94.10405487765479
18133200.0,685,iso13790,native,True,20.100000000000016,0.0,841.0385614750736,21.700000000000045,-101.56212000000002
18136800.0,685,iso13790,native,True,20.099999999999994,0.0,617.4350317468942,23.30000000000001,-101.56212000000002
18140400.0,685,iso13790,native,True,20.099999999999994,0.0,459.4691221980076,22.200000000000045,-101.56212000000002
18144000.0,685,iso13790,native,True,20.099999999999994,0.0,309.95074932632,20.600000000000023,-101.56212000000002
18147600.0,685,iso13790,native,True,20.10000000000001,0.0,229.580042497988,20.600000000000023,-101.56212000000002
18151200.0,685,iso13790,native,True,20.1,0.0,138.69617996005468,19.400000000000034,-101.56212000000002
18154800.0,685,iso13790,native,True,20.099999999999994,0.0,114.05968115523204,20.0,-101.56212000000002
18158400.0,685,iso13790,native,True,20.1,0.0,32.60986325661833,18.30000000000001,-101.56212000000002
18162000.0,685,iso13790,native,True,19.900000000000002,7.79970253709919,0.0,17.200000000000045,-101.23877621320237
18165600.0,685,iso13790,native,True,20.1,0.0,11.567285742860399,19.400000000000034,108.2002625779636
18169200.0,685,iso13790,native,True,20.1,0.0,273.15735465942106,22.200000000000045,388.1559273705099
18172800.0,685,iso13790,native,True,20.10000000000001,0.0,627.2190729575713,25.600000000000023,530.9638020067576
18176400.0,685,iso13790,native,True,20.09999999999999,0.0,997.5338399424488,28.900000000000034,640.2474957061133
18180000.0,685,iso13790,native,True,20.1,0.0,1363.6157309561506,31.700000000000045,814.0940179123847
18183600.0,685,iso13790,native,True,20.099999999999987,0.0,1805.5066989474587,32.80000000000001,1656.8886352730178
18187200.0,685,iso13790,native,True,20.10000000000002,0.0,2149.6817319741713,32.200000000000045,1679.870378139728
18190800.0,685,iso13790,native,True,20.099999999999962,0.0,2139.9009740342076,22.80000000000001,2623.9807733730013
18194400.0,685,iso13790,native,True,20.100000000000033,0.0,2517.115535710723,27.80000000000001,2841.8366210355316
18198000.0,685,iso13790,native,True,20.100000000000037,0.0,2635.8579481891047,30.0,1824.8985783834178
18201600.0,685,iso13790,native,True,20.100000000000016,0.0,2306.458715015919,28.30000000000001,1031.1825915866684
18205200.0,685,iso13790,native,True,20.100000000000044,0.0,2008.1229202827685,27.80000000000001,1134.349601109006
18208800.0,685,iso13790,native,True,20.099999999999994,0.0,1791.4210669582046,26.700000000000045,977.5657725160796
18212400.0,685,iso13790,native,True,20.099999999999984,0.0,1465.686255878237,26.100000000000023,194.85758978826252
18216000.0,685,iso13790,native,True,20.1,0.0,1041.0035727004058,24.400000000000034,-101.56212000000002
18219600.0,685,iso13790,native,True,20.1,0.0,680.7909405659103,22.200000000000045,-101.56212000000002
18223200.0,685,iso13790,native,True,20.1,0.0,424.5303767604966,20.600000000000023,-101.56212000000002
18226800.0,685,iso13790,native,True,20.099999999999998,0.0,264.2608663022849,20.0,-101.56212000000002
18230400.0,685,iso13790,native,True,20.1,0.0,135.00764779289108,18.900000000000034,-101.56212000000002
18234000.0,685,iso13790,native,True,20.1,0.0,41.41689618648362,18.30000000000001,-101.56212000000002
18237600.0,685,iso13790,native,True,19.98530654048505,0.0,0.0,17.80000000000001,-101.56212000000002
18241200.0,685,iso13790,native,True,19.9,49.43175072210918,0.0,17.200000000000045,-101.56212000000002
18244800.0,685,iso13790,native,True,19.9,138.97315391313907,0.0,16.100000000000023,-101.56212000000002
18248400.0,685,iso13790,native,True,19.900000000000002,207.89857255094253,0.0,15.600000000000023,-101.56212000000002
18252000.0,685,iso13790,native,True,19.9,154.16296591691062,0.0,16.700000000000045,116.59351158382667
18255600.0,685,iso13790,native,True,20.002812916474547,0.0,0.0,18.30000000000001,357.188815550979
18259200.0,685,iso13790,native,True,20.1,0.0,241.65960283356634,20.600000000000023,499.1963921039094
18262800.0,685,iso13790,native,True,20.099999999999994,0.0,535.7598419810166,22.80000000000001,652.8101696832555
18266400.0,685,iso13790,native,True,20.100000000000012,0.0,831.9152074534803,25.0,774.489456688122
18270000.0,685,iso13790,native,True,20.099999999999998,0.0,1087.8637305637428,26.700000000000045,820.3988233247712
18273600.0,685,iso13790,native,True,20.09999999999998,0.0,1449.176061978349,28.900000000000034,1438.805917909568
18277200.0,685,iso13790,native,True,20.100000000000026,0.0,1691.6474906309134,30.600000000000023,877.5020613556399
18280800.0,685,iso13790,native,True,20.099999999999987,0.0,1856.8680322618513,32.80000000000001,1046.2588633649825
18284400.0,685,iso13790,native,True,20.100000000000016,0.0,2123.571316074098,33.30000000000001,1673.4535714048272
18288000.0,685,iso13790,native,True,20.100000000000037,0.0,2292.537065043415,33.900000000000034,1220.3358022814543
18291600.0,685,iso13790,native,True,20.100000000000033,0.0,2297.3797060549937,30.600000000000023,1816.2492229756926
18295200.0,685,iso13790,native,True,20.100000000000037,0.0,2320.024603611047,30.600000000000023,1488.054472260904
18298800.0,685,iso13790,native,True,20.10000000000005,0.0,2042.825550296361,28.900000000000034,680.5056870689664
18302400.0,685,iso13790,native,True,20.099999999999987,0.0,1516.9928021385329,26.700000000000045,-97.75850877879853
18306000.0,685,iso13790,native,True,20.100000000000005,0.0,1022.414086448916,24.400000000000034,-101.56212000000002
18309600.0,685,iso13790,native,True,20.100000000000005,0.0,724.548808967947,23.5,-101.56212000000002
18313200.0,685,iso13790,native,True,20.100000000000012,0.0,535.8245283142539,22.700000000000045,-101.56212000000002
18316800.0,685,iso13790,native,True,20.10000000000001,0.0,399.6821642143406,21.80000000000001,-101.56212000000002
18320400.0,685,iso13790,native,True,20.1,0.0,290.5765129093873,20.900000000000034,-101.56212000000002
18324000.0,685,iso13790,native,True,20.099999999999998,0.0,195.46792932209607,20.0,-101.56212000000002
18327600.0,685,iso13790,native,True,20.100000000000005,0.0,111.71200026356952,19.200000000000045,-101.56212000000002
18331200.0,685,iso13790,native,True,20.099999999999998,0.0,29.912378812555126,18.30000000000001,-101.56212000000002
18334800.0,685,iso13790,native,True,20.10000000000001,0.0,31.066069191067903,19.400000000000034,-101.56212000000002
18338400.0,685,iso13790,native,True,19.972025642060625,0.0,0.0,17.80000000000001,-101.56212000000002
18342000.0,685,iso13790,native,True,20.1,0.0,178.09521163562374,20.600000000000023,577.7533241476182
18345600.0,685,iso13790,native,True,20.099999999999994,0.0,390.4072936404035,20.0,605.057382
18349200.0,685,iso13790,native,True,20.10000000000001,0.0,655.216783846369,21.700000000000045,1000.468961295016
18352800.0,685,iso13790,native,True,20.1,0.0,997.3821459109051,21.700000000000045,1673.6737239327454
18356400.0,685,iso13790,native,True,20.09999999999997,0.0,1405.200593658408,26.100000000000023,1401.1552586203647
18360000.0,685,iso13790,native,True,20.099999999999994,0.0,1533.1010000344008,27.0,989.4686786365821
18363600.0,685,iso13790,native,True,20.09999999999999,0.0,1601.569113146927,28.0,1108.3157309972653
18367200.0,685,iso13790,native,True,20.100000000000026,0.0,1751.7684787973421,28.0,1562.7792827429096
18370800.0,685,iso13790,native,True,20.1,0.0,1919.797828232663,29.0,1453.4327495018865
18374400.0,685,iso13790,native,True,20.099999999999998,0.0,1782.160229725726,29.0,443.23612199999997
18378000.0,685,iso13790,native,True,20.10000000000001,0.0,1516.7502982952547,26.100000000000023,851.9696600997281
18381600.0,685,iso13790,native,True,20.10000000000001,0.0,1385.4411462978653,19.0,2003.178797218285
18385200.0,685,iso13790,native,True,20.100000000000026,0.0,1429.3643847881078,20.0,1529.8685796128998
18388800.0,685,iso13790,native,True,20.100000000000005,0.0,959.1620924376331,18.0,-101.56212000000002
18392400.0,685,iso13790,native,True,20.099999999999998,0.0,454.100372857682,18.0,-101.56212000000002
18396000.0,685,iso13790,native,True,20.099999999999994,0.0,233.6897932456839,19.0,-101.56212000000002
18399600.0,685,iso13790,native,True,20.10000000000001,0.0,72.15904706818257,17.80000000000001,-101.56212000000002
18403200.0,685,iso13790,native,True,20.1,0.0,35.585968353628516,19.0,-101.56212000000002
18406800.0,685,iso13790,native,True,20.099999999999998,0.0,18.874981067825495,19.0,-101.56212000000002
18410400.0,685,iso13790,native,True,20.02593183657197,0.0,0.0,18.30000000000001,-101.56212000000002
18414000.0,685,iso13790,native,True,19.9,40.09073026941681,0.0,17.200000000000045,-101.56212000000002
18417600.0,685,iso13790,native,True,19.900000000000002,88.96807326735657,0.0,17.200000000000045,-101.56212000000002
18421200.0,685,iso13790,native,True,19.9,89.63443194664373,0.0,17.80000000000001,-101.56212000000002
18424800.0,685,iso13790,native,True,19.900000000000002,43.69867423958865,0.0,18.900000000000034,-101.56212000000002
18428400.0,685,iso13790,native,True,20.10000000000001,0.0,98.99308596938707,20.0,486.1924078609993
18432000.0,685,iso13790,native,True,20.1,0.0,422.1973775394053,22.80000000000001,476.37818654456464
18435600.0,685,iso13790,native,True,20.10000000000001,0.0,697.8505647523605,24.400000000000034,664.6725746821845
18439200.0,685,iso13790,native,True,20.09999999999997,0.0,963.7336691401589,26.700000000000045,645.3446990574564
18442800.0,685,iso13790,native,True,20.09999999999998,0.0,1123.6363673371402,27.200000000000045,647.8401512822512
18446400.0,685,iso13790,native,True,20.09999999999999,0.0,1278.5716138586617,28.900000000000034,652.7895372230772
18450000.0,685,iso13790,native,True,20.099999999999962,0.0,1451.154533359721,30.600000000000023,742.7698701608133
18453600.0,685,iso13790,native,True,20.100000000000026,0.0,1677.5313103695723,30.0,1439.5607253853705
18457200.0,685,iso13790,native,True,20.100000000000005,0.0,1385.6797888396814,21.700000000000045,583.481214
18460800.0,685,iso13790,native,True,20.100000000000005,0.0,1106.6925191780279,22.80000000000001,475.600374
18464400.0,685,iso13790,native,True,20.099999999999994,0.0,905.9119050295263,22.80000000000001,276.02082
18468000.0,685,iso13790,native,True,20.099999999999994,0.0,916.665106912958,25.600000000000023,427.0539959999999
18471600.0,685,iso13790,native,True,20.10000000000001,0.0,911.7439048758096,22.200000000000045,910.2469151811262
18475200.0,685,iso13790,native,True,20.099999999999998,0.0,724.5950556561774,21.100000000000023,-101.56212000000002
18478800.0,685,iso13790,native,True,20.10000000000001,0.0,375.3632619571415,18.900000000000034,-101.56212000000002
18482400.0,685,iso13790,native,True,20.10000000000001,0.0,260.29507948038315,20.600000000000023,-101.56212000000002
18486000.0,685,iso13790,native,True,20.10000000000001,0.0,179.23527184139184,20.0,-101.56212000000002
18489600.0,685,iso13790,native,True,20.1,0.0,66.35165588100999,18.30000000000001,-101.56212000000002
18493200.0,685,iso13790,native,True,19.93839966053705,0.0,0.0,17.200000000000045,-101.56212000000002
18496800.0,685,iso13790,native,True,19.899999999999995,60.259135971558216,0.0,17.200000000000045,-101.56212000000002
18500400.0,685,iso13790,native,True,19.900000000000002,74.77164361587245,0.0,17.80000000000001,-101.56212000000002
18504000.0,685,iso13790,native,True,19.900000000000002,171.51165561454854,0.0,15.600000000000023,-101.56212000000002
18507600.0,685,iso13790,native,True,19.899999999999995,159.96962340614715,0.0,17.200000000000045,-101.56212000000002
18511200.0,685,iso13790,native,True,19.899999999999995,171.56153713987948,0.0,16.700000000000045,-101.56212000000002
18514800.0,685,iso13790,native,True,20.034752049907116,0.0,0.0,19.400000000000034,387.68377525035
18518400.0,685,iso13790,native,True,20.100000000000005,0.0,296.1863421410864,21.700000000000045,479.3146828009257
18522000.0,685,iso13790,native,True,20.10000000000001,0.0,586.0322233881255,23.900000000000034,546.4740428005917
18525600.0,685,iso13790,native,True,20.10000000000002,0.0,879.0236705506835,26.700000000000045,610.5397605833565
18529200.0,685,iso13790,native,True,20.10000000000001,0.0,1137.7766226223407,28.30000000000001,736.3497254186359
18532800.0,685,iso13790,native,True,20.100000000000016,0.0,1362.4770399646977,30.0,727.0817787005924
18536400.0,685,iso13790,native,True,20.100000000000005,0.0,1535.8634750984843,31.100000000000023,776.3590042911001
18540000.0,685,iso13790,native,True,20.09999999999997,0.0,1652.9768887305295,31.700000000000045,741.9950075339809
18543600.0,685,iso13790,native,True,20.099999999999994,0.0,1712.4487267273346,32.200000000000045,658.1218570393504
18547200.0,685,iso13790,native,True,20.09999999999998,0.0,1875.6207047151288,32.80000000000001,1237.989474653872
18550800.0,685,iso13790,native,True,20.100000000000037,0.0,2220.1721757184214,32.80000000000001,2045.826373630934
18554400.0,685,iso13790,native,True,20.099999999999955,0.0,2527.970146516852,31.700000000000045,2272.169913680511
18558000.0,685,iso13790,native,True,20.100000000000016,0.0,2437.648477765223,28.30000000000001,1577.736079657725
18561600.0,685,iso13790,native,True,20.09999999999998,0.0,1861.3483438406993,26.700000000000045,-101.56212000000002
18565200.0,685,iso13790,native,True,20.100000000000016,0.0,1269.8945669128148,26.100000000000023,-101.56212000000002
18568800.0,685,iso13790,native,True,20.099999999999994,0.0,942.0524117337469,25.600000000000023,-101.56212000000002
18572400.0,685,iso13790,native,True,20.1,0.0,746.7625383600597,25.0,-101.56212000000002
18576000.0,685,iso13790,native,True,20.099999999999998,0.0,619.9105135747983,24.400000000000034,-101.56212000000002
18579600.0,685,iso13790,native,True,20.1,0.0,462.78854845865186,22.200000000000045,-101.56212000000002
18583200.0,685,iso13790,native,True,20.100000000000005,0.0,311.6692361300345,20.600000000000023,-101.56212000000002
18586800.0,685,iso13790,native,True,20.099999999999994,0.0,160.6628010633949,18.900000000000034,-101.56212000000002
18590400.0,685,iso13790,native,True,20.1,0.0,79.33645604497504,18.900000000000034,-101.56212000000002
18594000.0,685,iso13790,native,True,20.1,0.0,107.04023374455713,20.600000000000023,-101.56212000000002
18597600.0,685,iso13790,native,True,20.099999999999994,0.0,99.89432273666604,20.0,-101.56212000000002
18601200.0,685,iso13790,native,True,20.100000000000005,0.0,293.3623457510278,22.200000000000045,419.6872781186412
18604800.0,685,iso13790,native,True,20.100000000000005,0.0,603.037099145582,23.900000000000034,676.7020003437933
18608400.0,685,iso13790,native,True,20.099999999999987,0.0,918.5045914365571,26.700000000000045,659.2564680634445
18612000.0,685,iso13790,native,True,20.10000000000001,0.0,1213.5381195812683,29.400000000000034,748.184117315048
18615600.0,685,iso13790,native,True,20.10000000000002,0.0,1481.0567243641342,29.400000000000034,1210.4022832978267
18619200.0,685,iso13790,native,True,20.099999999999998,0.0,1647.0914665482424,30.0,871.5204785854334
18622800.0,685,iso13790,native,True,20.100000000000044,0.0,1701.8237854932338,31.100000000000023,755.9702998900336
18626400.0,685,iso13790,native,True,20.100000000000016,0.0,1768.8724678825995,31.100000000000023,1021.2973558287786
18630000.0,685,iso13790,native,True,20.09999999999995,0.0,2049.161863641874,32.200000000000045,1786.5080021503793
18633600.0,685,iso13790,native,True,20.100000000000012,0.0,2262.858159998933,31.700000000000045,1622.814416793148
18637200.0,685,iso13790,native,True,20.10000000000001,0.0,2192.3904673070915,31.700000000000045,877.7271688048652
18640800.0,685,iso13790,native,True,20.100000000000012,0.0,1814.6595071501295,30.0,135.775728
18644400.0,685,iso13790,native,True,20.10000000000001,0.0,1536.744544927761,27.80000000000001,755.9651113980551
18648000.0,685,iso13790,native,True,20.099999999999998,0.0,1284.6277502901894,27.200000000000045,-101.56212000000002
18651600.0,685,iso13790,native,True,20.09999999999997,0.0,996.8869018667658,26.700000000000045,-101.56212000000002
18655200.0,685,iso13790,native,True,20.10000000000001,0.0,801.8262697459951,25.600000000000023,-101.56212000000002
18658800.0,685,iso13790,native,True,20.099999999999994,0.0,674.1666270126325,25.0,-101.56212000000002
18662400.0,685,iso13790,native,True,20.09999999999999,0.0,582.3271766188109,24.400000000000034,-101.56212000000002
18666000.0,685,iso13790,native,True,20.099999999999998,0.0,533.6697875303458,24.400000000000034,-101.56212000000002
18669600.0,685,iso13790,native,True,20.10000000000001,0.0,442.7789431861441,22.80000000000001,-101.56212000000002
18673200.0,685,iso13790,native,True,20.10000000000001,0.0,368.12232432845025,22.200000000000045,-101.56212000000002
18676800.0,685,iso13790,native,True,20.1,0.0,283.1914112089567,21.100000000000023,-101.56212000000002
18680400.0,685,iso13790,native,True,20.1,0.0,237.18431562142217,21.100000000000023,-101.56212000000002
18684000.0,685,iso13790,native,True,20.10000000000001,0.0,213.3661674125273,21.100000000000023,-101.56212000000002
18687600.0,685,iso13790,native,True,20.099999999999994,0.0,446.4449228426692,23.900000000000034,528.3055878819584
18691200.0,685,iso13790,native,True,20.099999999999984,0.0,833.9884440288739,27.200000000000045,656.7582079592737
18694800.0,685,iso13790,native,True,20.099999999999994,0.0,1185.2225840343976,29.400000000000034,820.1737116797103
18698400.0,685,iso13790,native,True,20.099999999999987,0.0,1487.0240270761328,31.100000000000023,917.9459108309838
18702000.0,685,iso13790,native,True,20.100000000000012,0.0,1735.0740813657478,33.30000000000001,835.1764650968632
18705600.0,685,iso13790,native,True,20.099999999999977,0.0,1840.17980979186,32.80000000000001,865.2630860702664
18709200.0,685,iso13790,native,True,20.099999999999994,0.0,1934.577193498748,33.30000000000001,940.700640014614
18712800.0,685,iso13790,native,True,20.099999999999962,0.0,1976.2143884437187,33.30000000000001,843.7051026423
18716400.0,685,iso13790,native,True,20.1,0.0,1986.224273029646,33.900000000000034,743.0263379689666
18720000.0,685,iso13790,native,True,20.099999999999994,0.0,2078.8490300049093,33.900000000000034,1236.7873317463489
18723600.0,685,iso13790,native,True,20.09999999999995,0.0,2359.294120413131,33.30000000000001,2101.5060449873176
18727200.0,685,iso13790,native,True,20.100000000000016,0.0,2591.7350514559766,32.200000000000045,2086.1551004614294
18730800.0,685,iso13790,native,True,20.100000000000062,0.0,2222.0672030953906,28.30000000000001,514.8172097370242
18734400.0,685,iso13790,native,True,20.09999999999999,0.0,1602.2240801455496,27.200000000000045,-101.56212000000002
18738000.0,685,iso13790,native,True,20.099999999999994,0.0,1181.839863792943,27.200000000000045,-101.56212000000002
18741600.0,685,iso13790,native,True,20.10000000000001,0.0,919.0352652646628,26.100000000000023,-101.56212000000002
18745200.0,685,iso13790,native,True,20.100000000000005,0.0,735.7727216542902,25.0,-101.56212000000002
18748800.0,685,iso13790,native,True,20.1,0.0,569.0518412597163,23.30000000000001,-101.56212000000002
18752400.0,685,iso13790,native,True,20.100000000000012,0.0,479.59003402484376,23.30000000000001,-101.56212000000002
18756000.0,685,iso13790,native,True,20.099999999999994,0.0,433.2751220195594,23.30000000000001,-101.56212000000002
18759600.0,685,iso13790,native,True,20.1,0.0,388.76617061296776,22.80000000000001,-101.56212000000002
18763200.0,685,iso13790,native,True,20.1,0.0,319.62814452271937,21.700000000000045,-101.56212000000002
18766800.0,685,iso13790,native,True,20.100000000000005,0.0,257.1593871295964,21.100000000000023,-101.56212000000002
18770400.0,685,iso13790,native,True,20.10000000000001,0.0,248.34511501271436,21.700000000000045,-101.56212000000002
18774000.0,685,iso13790,native,True,20.100000000000005,0.0,403.73878387622,22.200000000000045,566.3603425291234
18777600.0,685,iso13790,native,True,20.09999999999998,0.0,742.8457092805234,24.400000000000034,864.7713649581879
18781200.0,685,iso13790,native,True,20.100000000000012,0.0,1058.411391051285,25.600000000000023,1055.4114886740688
18784800.0,685,iso13790,native,True,20.099999999999998,0.0,1397.924951890908,29.0,1075.5296651814604
18788400.0,685,iso13790,native,True,20.1,0.0,1735.5705867147622,31.100000000000023,1395.0468543450675
18792000.0,685,iso13790,native,True,20.10000000000001,0.0,1986.3567066386445,32.200000000000045,1281.1275384095304
18795600.0,685,iso13790,native,True,20.09999999999995,0.0,2119.492983081214,33.30000000000001,1156.086788474678
18799200.0,685,iso13790,native,True,20.099999999999966,0.0,2091.2842215029614,31.700000000000045,1089.9172578064463
18802800.0,685,iso13790,native,True,20.10000000000001,0.0,1996.3997028745166,28.30000000000001,1441.2717229784935
18806400.0,685,iso13790,native,True,20.099999999999987,0.0,1649.6306512534984,22.200000000000045,975.6869477692333
18810000.0,685,iso13790,native,True,20.10000000000001,0.0,1264.9465948926604,22.80000000000001,276.02082
18813600.0,685,iso13790,native,True,20.1,0.0,806.6842029579641,20.0,108.80551799999998
18817200.0,685,iso13790,native,True,20.099999999999998,0.0,706.9456816689082,21.100000000000023,707.4202114798259
18820800.0,685,iso13790,native,True,20.100000000000005,0.0,609.102670002729,21.700000000000045,-101.56212000000002
18824400.0,685,iso13790,native,True,20.1,0.0,386.4906333461855,20.600000000000023,-101.56212000000002
18828000.0,685,iso13790,native,True,20.1,0.0,219.92973014703506,19.400000000000034,-101.56212000000002
18831600.0,685,iso13790,native,True,20.100000000000005,0.0,156.11477533536075,20.0,-101.56212000000002
18835200.0,685,iso13790,native,True,20.099999999999994,0.0,79.01977048901752,18.900000000000034,-101.56212000000002
18838800.0,685,iso13790,native,True,20.10000000000001,0.0,57.600816221746996,19.400000000000034,-101.56212000000002
18842400.0,685,iso13790,native,True,20.10000000000001,0.0,47.43839316565141,19.400000000000034,-101.56212000000002
18846000.0,685,iso13790,native,True,20.100000000000005,0.0,66.8149798036963,20.0,-101.56212000000002
18849600.0,685,iso13790,native,True,19.95195429571511,0.0,0.0,17.200000000000045,-101.56212000000002
18853200.0,685,iso13790,native,True,19.899999999999995,77.98300739821985,0.0,16.700000000000045,-101.56212000000002
18856800.0,685,iso13790,native,True,19.92185465976854,0.0,0.0,20.0,-101.56212000000002
18860400.0,685,iso13790,native,True,20.1,0.0,148.8161224543574,20.600000000000023,466.86480005259807
18864000.0,685,iso13790,native,True,20.099999999999994,0.0,433.3420627734435,22.200000000000045,534.0024902871033
18867600.0,685,iso13790,native,True,20.1,0.0,765.802184064583,25.0,807.3480536871274
18871200.0,685,iso13790,native,True,20.09999999999998,0.0,1081.604317321364,27.200000000000045,831.2220845253667
18874800.0,685,iso13790,native,True,20.1,0.0,1403.8458765305406,31.100000000000023,786.5700964270014
18878400.0,685,iso13790,native,True,20.10000000000003,0.0,1676.3596268540414,32.80000000000001,959.0382889976349
18882000.0,685,iso13790,native,True,20.100000000000023,0.0,1809.0882758508706,32.200000000000045,890.7927726861512
18885600.0,685,iso13790,native,True,20.100000000000037,0.0,2035.264739006062,33.900000000000034,1371.5538024783957
18889200.0,685,iso13790,native,True,20.10000000000001,0.0,2216.757781454618,33.30000000000001,1419.264200907616
18892800.0,685,iso13790,native,True,20.10000000000005,0.0,2358.237956771026,32.80000000000001,1716.8298350201421
18896400.0,685,iso13790,native,True,20.099999999999977,0.0,2473.6397970497214,30.600000000000023,2133.9429676146196
18900000.0,685,iso13790,native,True,20.09999999999999,0.0,2632.976214988606,30.0,2435.080833161458
18903600.0,685,iso13790,native,True,20.09999999999999,0.0,2447.6555088033033,27.80000000000001,1353.5207278182288
18907200.0,685,iso13790,native,True,20.099999999999998,0.0,1735.7095428638777,24.400000000000034,-101.56212000000002
18910800.0,685,iso13790,native,True,20.099999999999994,0.0,1040.4443711432434,22.200000000000045,-101.56212000000002
18914400.0,685,iso13790,native,True,20.1,0.0,676.4257295172586,22.200000000000045,-101.56212000000002
18918000.0,685,iso13790,native,True,20.10000000000001,0.0,467.43965948390667,21.700000000000045,-101.56212000000002
18921600.0,685,iso13790,native,True,20.1,0.0,358.3200251359615,21.700000000000045,-101.56212000000002
18925200.0,685,iso13790,native,True,20.099999999999994,0.0,277.19040484888797,21.100000000000023,-101.56212000000002
18928800.0,685,iso13790,native,True,20.099999999999998,0.0,164.27064646356678,19.400000000000034,-101.56212000000002
18932400.0,685,iso13790,native,True,20.100000000000005,0.0,82.13055667421443,18.900000000000034,-101.56212000000002
18936000.0,685,iso13790,native,True,20.1,0.0,83.84902257148023,20.0,-101.56212000000002
18939600.0,685,iso13790,native,True,20.08575531935395,0.0,0.0,17.80000000000001,-101.56212000000002
18943200.0,685,iso13790,native,True,20.064694470480436,0.0,0.0,18.900000000000034,-101.56212000000002
18946800.0,685,iso13790,native,True,20.10000000000001,0.0,195.4349524685698,21.100000000000023,459.8086672957406
18950400.0,685,iso13790,native,True,20.09999999999999,0.0,527.4969156370729,23.900000000000034,535.9455697528716
18954000.0,685,iso13790,native,True,20.10000000000001,0.0,817.4035909908748,26.100000000000023,586.3283785653492
18957600.0,685,iso13790,native,True,20.1,0.0,1078.3420202168875,27.80000000000001,726.3889435585862
18961200.0,685,iso13790,native,True,20.099999999999955,0.0,1445.806437124562,30.600000000000023,1171.1714626595449
18964800.0,685,iso13790,native,True,20.10000000000002,0.0,1792.2414296466907,31.700000000000045,1342.6972749390457
18968400.0,685,iso13790,native,True,20.099999999999984,0.0,1938.3818334508696,32.200000000000045,942.3766979982064
18972000.0,685,iso13790,native,True,20.099999999999994,0.0,2040.107608253614,33.30000000000001,1151.2972440628387
18975600.0,685,iso13790,native,True,20.100000000000016,0.0,1998.587374006544,31.700000000000045,844.4026875740706
18979200.0,685,iso13790,native,True,20.100000000000016,0.0,2082.228234279851,32.200000000000045,1501.5812838874067
18982800.0,685,iso13790,native,True,20.100000000000016,0.0,2318.7956801557675,31.100000000000023,2146.7823032330693
18986400.0,685,iso13790,native,True,20.09999999999998,0.0,2348.3358704520574,26.700000000000045,2087.751128520279
18990000.0,685,iso13790,native,True,20.100000000000033,0.0,1881.5464427641023,26.100000000000023,-36.83361600000002
18993600.0,685,iso13790,native,True,20.10000000000001,0.0,1153.9657589247122,22.80000000000001,-101.56212000000002
18997200.0,685,iso13790,native,True,20.099999999999998,0.0,736.3079871082889,22.200000000000045,-101.56212000000002
19000800.0,685,iso13790,native,True,20.100000000000016,0.0,498.4410619452374,21.700000000000045,-101.56212000000002
19004400.0,685,iso13790,native,True,20.10000000000001,0.0,304.5627240587055,20.0,-101.56212000000002
19008000.0,685,iso13790,native,True,20.1,0.0,131.23442653701477,18.30000000000001,-101.56212000000002
19011600.0,685,iso13790,native,True,20.10000000000001,0.0,62.98965374543606,18.900000000000034,-101.56212000000002
19015200.0,685,iso13790,native,True,20.1,0.0,28.770484228263896,18.900000000000034,-101.56212000000002
19018800.0,685,iso13790,native,True,20.045679039749864,0.0,0.0,18.30000000000001,-101.56212000000002
19022400.0,685,iso13790,native,True,19.936668065671434,0.0,0.0,18.30000000000001,-101.56212000000002
19026000.0,685,iso13790,native,True,19.899999999999995,33.94221315409773,0.0,17.80000000000001,-101.56212000000002
19029600.0,685,iso13790,native,True,19.9,84.6733922116694,0.0,17.200000000000045,-101.56212000000002
19033200.0,685,iso13790,native,True,19.899999999999995,57.31567916190229,0.0,17.200000000000045,162.74593799999997
19036800.0,685,iso13790,native,True,19.89999999999999,24.1943299529415,0.0,16.100000000000023,270.62677799999994
19040400.0,685,iso13790,native,True,19.97931579408735,0.0,0.0,15.600000000000023,427.0539959999999
19044000.0,685,iso13790,native,True,20.1,0.0,47.15665267799859,15.600000000000023,545.7229199999999
19047600.0,685,iso13790,native,True,20.099999999999998,0.0,90.62746346190707,14.400000000000034,664.391844
19051200.0,685,iso13790,native,True,20.10000000000001,0.0,187.75517385512,14.400000000000034,944.882028
19054800.0,685,iso13790,native,True,20.10000000000001,0.0,488.2033177704799,17.200000000000045,1383.5651603085746
19058400.0,685,iso13790,native,True,20.1,0.0,621.1422664549749,17.200000000000045,914.4334521007984
19062000.0,685,iso13790,native,True,20.100000000000026,0.0,842.8306913792851,18.30000000000001,1792.670241058158
19065600.0,685,iso13790,native,True,20.1,0.0,1014.0301886478953,18.900000000000034,1265.845836661943
19069200.0,685,iso13790,native,True,20.099999999999994,0.0,999.3074820095674,18.900000000000034,1163.5955226612364
19072800.0,685,iso13790,native,True,20.1,0.0,805.1240359185349,18.900000000000034,340.749324
19076400.0,685,iso13790,native,True,20.10000000000001,0.0,464.9718223572536,18.30000000000001,-69.19786800000001
19080000.0,685,iso13790,native,True,20.099999999999998,0.0,171.07738894225585,17.200000000000045,-101.56212000000002
19083600.0,685,iso13790,native,True,20.064967919115556,0.0,0.0,16.700000000000045,-101.56212000000002
19087200.0,685,iso13790,native,True,19.9,100.66995674528843,0.0,15.600000000000023,-101.56212000000002
19090800.0,685,iso13790,native,True,19.900000000000002,303.97116696437433,0.0,12.800000000000011,-101.56212000000002
19094400.0,685,iso13790,native,True,19.899999999999995,393.87723919343887,0.0,13.300000000000011,-101.56212000000002
19098000.0,685,iso13790,native,True,19.900000000000002,414.8581185665355,0.0,13.900000000000034,-101.56212000000002
19101600.0,685,iso13790,native,True,19.900000000000002,424.6084881302573,0.0,13.900000000000034,-101.56212000000002
19105200.0,685,iso13790,native,True,19.899999999999995,409.1248678977076,0.0,14.400000000000034,-101.56212000000002
19108800.0,685,iso13790,native,True,19.900000000000002,420.71405249733436,0.0,13.900000000000034,-101.56212000000002
19112400.0,685,iso13790,native,True,19.900000000000006,452.2778738660168,0.0,13.300000000000011,-101.56212000000002
19116000.0,685,iso13790,native,True,19.899999999999995,445.09247599251586,0.0,13.900000000000034,-101.56212000000002
19119600.0,685,iso13790,native,True,19.9,333.5930128737723,0.0,15.600000000000023,76.44126599999998
19123200.0,685,iso13790,native,True,19.899999999999995,229.0028975473453,0.0,15.0,270.62677799999994
19126800.0,685,iso13790,native,True,19.9,22.332780926520254,0.0,15.600000000000023,745.302474
19130400.0,685,iso13790,native,True,20.10000000000001,0.0,404.8543713873263,18.30000000000001,1629.8565606786863
19134000.0,685,iso13790,native,True,20.099999999999998,0.0,878.2700826424308,21.700000000000045,1274.2854582999482
19137600.0,685,iso13790,native,True,20.100000000000005,0.0,1172.7277978009427,22.80000000000001,1535.6112641930013
19141200.0,685,iso13790,native,True,20.10000000000001,0.0,1489.1758706697651,22.80000000000001,2118.243769561242
19144800.0,685,iso13790,native,True,20.099999999999962,0.0,1790.4478759251283,25.0,1900.8990879341497
19148400.0,685,iso13790,native,True,20.099999999999994,0.0,1882.9133943932952,26.100000000000023,1522.36368929858
19152000.0,685,iso13790,native,True,20.100000000000016,0.0,1913.2298552979837,26.100000000000023,1716.7578666901545
19155600.0,685,iso13790,native,True,20.09999999999998,0.0,1479.5160932197348,21.700000000000045,270.62677799999994
19159200.0,685,iso13790,native,True,20.099999999999987,0.0,913.7604566215529,20.0,103.411476
19162800.0,685,iso13790,native,True,20.1,0.0,516.3966119190574,17.200000000000045,297.02462586381876
19166400.0,685,iso13790,native,True,20.1,0.0,253.56241110921826,17.200000000000045,-101.56212000000002
19170000.0,685,iso13790,native,True,20.1,0.0,9.305636676071748,16.100000000000023,-101.56212000000002
19173600.0,685,iso13790,native,True,19.899999999999995,89.70773053211882,0.0,15.600000000000023,-101.56212000000002
19177200.0,685,iso13790,native,True,19.9,183.3198660938692,0.0,15.600000000000023,-101.56212000000002
19180800.0,685,iso13790,native,True,19.9,231.78342786595414,0.0,15.600000000000023,-101.56212000000002
19184400.0,685,iso13790,native,True,19.900000000000002,281.51103705166645,0.0,15.0,-101.56212000000002
19188000.0,685,iso13790,native,True,19.89999999999999,333.0046081511342,0.0,14.400000000000034,-101.56212000000002
19191600.0,685,iso13790,native,True,19.9,360.77469452293946,0.0,14.400000000000034,-101.56212000000002
19195200.0,685,iso13790,native,True,19.899999999999995,440.8520574804948,0.0,12.800000000000011,-101.56212000000002
19198800.0,685,iso13790,native,True,19.900000000000002,464.7412938711612,0.0,13.300000000000011,-101.56212000000002
19202400.0,685,iso13790,native,True,19.899999999999995,451.5448629793749,0.0,13.900000000000034,-101.56212000000002
19206000.0,685,iso13790,native,True,19.900000000000002,278.88849254512013,0.0,15.0,475.7188570067474
19209600.0,685,iso13790,native,True,20.100000000000005,0.0,45.40337594160465,17.80000000000001,845.7842314572462
19213200.0,685,iso13790,native,True,20.10000000000001,0.0,416.5853066818783,20.600000000000023,764.642892656311
19216800.0,685,iso13790,native,True,20.1,0.0,675.3633591670831,22.80000000000001,686.9814494330071
19220400.0,685,iso13790,native,True,20.1,0.0,897.7939814057119,25.0,717.5199011711157
19224000.0,685,iso13790,native,True,20.099999999999998,0.0,1094.4519032391427,26.700000000000045,731.0097825547244
19227600.0,685,iso13790,native,True,20.100000000000026,0.0,1335.6009728704985,28.30000000000001,1061.099880026795
19231200.0,685,iso13790,native,True,20.1,0.0,1556.3387375803484,29.400000000000034,1039.7203620351124
19234800.0,685,iso13790,native,True,20.099999999999994,0.0,1771.5203548064794,29.400000000000034,1533.4728113579765
19238400.0,685,iso13790,native,True,20.10000000000003,0.0,1937.3549298368368,28.30000000000001,1637.4923447542037
19242000.0,685,iso13790,native,True,20.100000000000026,0.0,2042.294854312088,26.700000000000045,1977.356485634939
19245600.0,685,iso13790,native,True,20.099999999999977,0.0,2080.602914888004,27.200000000000045,1555.685444147422
19249200.0,685,iso13790,native,True,20.10000000000001,0.0,1795.068214262172,23.900000000000034,1052.889371393368
19252800.0,685,iso13790,native,True,20.1,0.0,1277.4054933368955,22.80000000000001,-101.56212000000002
19256400.0,685,iso13790,native,True,20.09999999999999,0.0,779.6820301808128,21.700000000000045,-101.56212000000002
19260000.0,685,iso13790,native,True,20.1,0.0,474.80058706559294,20.600000000000023,-101.56212000000002
19263600.0,685,iso13790,native,True,20.1,0.0,314.92378822554355,20.600000000000023,-101.56212000000002
19267200.0,685,iso13790,native,True,20.100000000000005,0.0,137.70996836490653,18.30000000000001,-101.56212000000002
19270800.0,685,iso13790,native,True,20.086143200850856,0.0,0.0,17.200000000000045,-101.56212000000002
19274400.0,685,iso13790,native,True,20.060570362705757,0.0,0.0,18.900000000000034,-101.56212000000002
19278000.0,685,iso13790,native,True,19.953448998539454,0.0,0.0,18.30000000000001,-101.56212000000002
19281600.0,685,iso13790,native,True,19.900000000000002,100.27328863333042,0.0,16.100000000000023,-101.56212000000002
19285200.0,685,iso13790,native,True,19.899999999999995,142.6942425632019,0.0,16.700000000000045,-101.56212000000002
19288800.0,685,iso13790,native,True,19.899999999999995,188.18200055656288,0.0,16.100000000000023,-101.56212000000002
19292400.0,685,iso13790,native,True,19.990856941490488,0.0,0.0,18.900000000000034,480.74765398195245
19296000.0,685,iso13790,native,True,20.100000000000005,0.0,355.2044871485946,22.80000000000001,523.5187903298838
19299600.0,685,iso13790,native,True,20.099999999999994,0.0,633.7563397800392,23.30000000000001,704.7758749853184
19303200.0,685,iso13790,native,True,20.10000000000001,0.0,915.6220408940111,25.0,889.5719204414567
19306800.0,685,iso13790,native,True,20.100000000000012,0.0,1203.507885174128,27.80000000000001,863.5938350166673
19310400.0,685,iso13790,native,True,20.10000000000001,0.0,1360.690987073783,28.30000000000001,798.5531020399847
19314000.0,685,iso13790,native,True,20.099999999999994,0.0,1491.0482897769414,29.400000000000034,862.1522978693981
19317600.0,685,iso13790,native,True,20.099999999999994,0.0,1570.8473730751894,30.0,744.2353683719984
19321200.0,685,iso13790,native,True,20.10000000000002,0.0,1630.04488324088,30.0,915.2614998513676
19324800.0,685,iso13790,native,True,20.10000000000001,0.0,1844.8967174532927,30.0,1674.219696552922
19328400.0,685,iso13790,native,True,20.09999999999999,0.0,2125.145432450777,30.0,1910.9726514267609
19332000.0,685,iso13790,native,True,20.10000000000003,0.0,2347.7638219952637,28.900000000000034,2322.746251309268
19335600.0,685,iso13790,native,True,20.100000000000033,0.0,2157.5401520155738,25.600000000000023,1197.4326470527892
19339200.0,685,iso13790,native,True,20.1,0.0,1536.2303336411915,23.900000000000034,-101.56212000000002
19342800.0,685,iso13790,native,True,20.099999999999987,0.0,915.7150506266925,21.700000000000045,-101.56212000000002
19346400.0,685,iso13790,native,True,20.099999999999994,0.0,520.5879605838181,20.0,-101.56212000000002
19350000.0,685,iso13790,native,True,20.099999999999998,0.0,267.7097156714498,18.900000000000034,-101.56212000000002
19353600.0,685,iso13790,native,True,20.099999999999998,0.0,89.58610462306815,17.80000000000001,-101.56212000000002
19357200.0,685,iso13790,native,True,19.90069002363799,0.0,0.0,16.700000000000045,-101.56212000000002
19360800.0,685,iso13790,native,True,19.9,114.16541411085107,0.0,16.100000000000023,-101.56212000000002
19364400.0,685,iso13790,native,True,19.899999999999995,195.05545746634928,0.0,15.600000000000023,-101.56212000000002
19368000.0,685,iso13790,native,True,19.900000000000002,217.3275688225151,0.0,16.100000000000023,-101.56212000000002
19371600.0,685,iso13790,native,True,19.899999999999995,273.10085495873597,0.0,15.0,-101.56212000000002
19375200.0,685,iso13790,native,True,19.9,279.37513912466295,0.0,15.600000000000023,-101.56212000000002
19378800.0,685,iso13790,native,True,19.9,61.85167956833384,0.0,17.200000000000045,641.9137052693281
19382400.0,685,iso13790,native,True,20.1,0.0,285.20822805388065,19.400000000000034,997.3762155124797
19386000.0,685,iso13790,native,True,20.1,0.0,659.3638656614675,21.700000000000045,989.3381495999145
19389600.0,685,iso13790,native,True,20.099999999999994,0.0,904.6469401345478,23.30000000000001,906.7118992827632
19393200.0,685,iso13790,native,True,20.100000000000016,0.0,1220.9445583366123,27.80000000000001,977.3568169113599
19396800.0,685,iso13790,native,True,20.09999999999999,0.0,1594.1325473984707,28.30000000000001,1795.4035155126849
19400400.0,685,iso13790,native,True,20.10000000000003,0.0,1778.3156519305137,23.0,2173.7819763025236
19404000.0,685,iso13790,native,True,20.099999999999994,0.0,1761.6987198398695,20.600000000000023,1867.5161137626915
19407600.0,685,iso13790,native,True,20.10000000000001,0.0,1608.3048459766403,25.0,551.116962
19411200.0,685,iso13790,native,True,20.099999999999994,0.0,1570.9375357419883,25.0,1719.8280873445888
19414800.0,685,iso13790,native,True,20.100000000000033,0.0,1348.5536093789635,23.0,243.65656799999994
19418400.0,685,iso13790,native,True,20.100000000000005,0.0,934.4431236545659,22.200000000000045,103.411476
19422000.0,685,iso13790,native,True,20.1,0.0,765.5218719278862,20.600000000000023,754.4703182888275
19425600.0,685,iso13790,native,True,20.1,0.0,576.1333487423427,20.0,-101.56212000000002
19429200.0,685,iso13790,native,True,20.1,0.0,341.63507348017356,20.0,-101.56212000000002
19432800.0,685,iso13790,native,True,20.1,0.0,195.5961818429313,19.400000000000034,-101.56212000000002
19436400.0,685,iso13790,native,True,20.1,0.0,53.178794904216474,17.80000000000001,-101.56212000000002
19440000.0,685,iso13790,native,True,20.005954403793353,0.0,0.0,17.80000000000001,-101.56212000000002
19443600.0,685,iso13790,native,True,19.9,20.517222311403312,0.0,17.80000000000001,-101.56212000000002
19447200.0,685,iso13790,native,True,19.900000000000002,53.085460498885055,0.0,17.80000000000001,-101.56212000000002
19450800.0,685,iso13790,native,True,19.9,69.94623195480261,0.0,17.80000000000001,-101.56212000000002
19454400.0,685,iso13790,native,True,19.900000000000002,58.14370925580354,0.0,18.30000000000001,-101.56212000000002
19458000.0,685,iso13790,native,True,19.9,96.27635379695644,0.0,17.200000000000045,-101.56212000000002
19461600.0,685,iso13790,native,True,19.9,138.58715099167804,0.0,16.700000000000045,-101.56212000000002
19465200.0,685,iso13790,native,True,19.98082158575367,0.0,0.0,17.80000000000001,557.3978341818535
19468800.0,685,iso13790,native,True,20.1,0.0,323.08596839031577,19.400000000000034,1003.9756433141043
19472400.0,685,iso13790,native,True,20.09999999999998,0.0,744.1318208021071,21.100000000000023,1417.9284170603607
19476000.0,685,iso13790,native,True,20.100000000000016,0.0,1037.8518547386127,21.700000000000045,1333.4628018818003
19479600.0,685,iso13790,native,True,20.099999999999977,0.0,1372.8702060621308,23.900000000000034,1839.844435602118
19483200.0,685,iso13790,native,True,20.099999999999973,0.0,1631.752690103801,23.30000000000001,1965.130466858189
19486800.0,685,iso13790,native,True,20.099999999999984,0.0,1730.7903040900121,24.400000000000034,1487.7668756030685
19490400.0,685,iso13790,native,True,20.10000000000001,0.0,1767.1408147010038,22.80000000000001,2087.59253551872
19494000.0,685,iso13790,native,True,20.100000000000026,0.0,1791.8326177387835,23.30000000000001,1573.1694917291554
19497600.0,685,iso13790,native,True,20.09999999999998,0.0,1558.9139613550904,25.0,437.84207999999995
19501200.0,685,iso13790,native,True,20.100000000000012,0.0,1300.3005748634814,21.700000000000045,1277.243900008361
19504800.0,685,iso13790,native,True,20.1,0.0,1447.6477881798291,21.100000000000023,2142.966025264201
19508400.0,685,iso13790,native,True,20.099999999999977,0.0,1216.660644403706,20.0,221.686139075736
19512000.0,685,iso13790,native,True,20.1,0.0,609.3694981065515,17.200000000000045,-101.56212000000002
19515600.0,685,iso13790,native,True,20.100000000000012,0.0,283.8474481447322,18.30000000000001,-101.56212000000002
19519200.0,685,iso13790,native,True,20.1,0.0,96.82914810623777,17.80000000000001,-101.56212000000002
19522800.0,685,iso13790,native,True,19.99779715157086,0.0,0.0,17.200000000000045,-101.56212000000002
19526400.0,685,iso13790,native,True,19.9,2.786947257966963,0.0,18.30000000000001,-101.56212000000002
19530000.0,685,iso13790,native,True,19.9,22.448648878380062,0.0,18.30000000000001,-101.56212000000002
19533600.0,685,iso13790,native,True,19.899999999999995,77.79680781524642,0.0,17.200000000000045,-101.56212000000002
19537200.0,685,iso13790,native,True,19.9,108.48873484995485,0.0,17.200000000000045,-101.56212000000002
19540800.0,685,iso13790,native,True,19.9,169.5473073728151,0.0,16.100000000000023,-101.56212000000002
19544400.0,685,iso13790,native,True,19.899999999999995,203.19554963212738,0.0,16.100000000000023,-101.56212000000002
19548000.0,685,iso13790,native,True,19.900000000000002,220.6154456474339,0.0,16.100000000000023,-101.56212000000002
19551600.0,685,iso13790,native,True,19.900000000000006,15.272575898768084,0.0,18.30000000000001,497.34874592907835
19555200.0,685,iso13790,native,True,20.100000000000005,0.0,259.0716687859581,20.0,736.2672371684848
19558800.0,685,iso13790,native,True,20.100000000000005,0.0,657.2280223099427,23.30000000000001,921.0772661915362
19562400.0,685,iso13790,native,True,20.100000000000005,0.0,1129.4063686518753,24.400000000000034,1817.1004210927942
19566000.0,685,iso13790,native,True,20.099999999999984,0.0,1586.9380913469859,25.600000000000023,1914.1985440858957
19569600.0,685,iso13790,native,True,20.099999999999994,0.0,1743.1109558247495,25.600000000000023,1439.6569568662812
19573200.0,685,iso13790,native,True,20.1,0.0,1856.5018037483007,25.0,2078.0660315895184
19576800.0,685,iso13790,native,True,20.099999999999994,0.0,1517.9764760895553,18.900000000000034,887.390026969004
19580400.0,685,iso13790,native,True,20.099999999999994,0.0,1194.0980327606571,21.700000000000045,578.087172
19584000.0,685,iso13790,native,True,20.100000000000012,0.0,1174.1048844502209,20.0,1839.4369897300016
19587600.0,685,iso13790,native,True,20.100000000000012,0.0,1130.1660473182935,20.0,729.4405025069248
19591200.0,685,iso13790,native,True,20.099999999999998,0.0,933.0195617956625,19.400000000000034,853.6898057463305
19594800.0,685,iso13790,native,True,20.1,0.0,849.4110850721694,20.0,734.3420685146978
19598400.0,685,iso13790,native,True,20.099999999999998,0.0,545.4625399992467,18.30000000000001,-101.56212000000002
19602000.0,685,iso13790,native,True,20.099999999999998,0.0,232.26884391616173,17.80000000000001,-101.56212000000002
19605600.0,685,iso13790,native,True,20.10000000000001,0.0,24.031120519501638,16.700000000000045,-101.56212000000002
19609200.0,685,iso13790,native,True,19.9,60.441257767321545,0.0,16.100000000000023,-101.56212000000002
19612800.0,685,iso13790,native,True,19.899999999999995,146.71069600675594,0.0,16.100000000000023,-101.56212000000002
19616400.0,685,iso13790,native,True,19.899999999999995,166.73516575411668,0.0,16.700000000000045,-101.56212000000002
19620000.0,685,iso13790,native,True,19.899999999999995,221.1595749003569,0.0,15.600000000000023,-101.56212000000002
19623600.0,685,iso13790,native,True,19.899999999999995,276.0110049098271,0.0,15.0,-101.56212000000002
19627200.0,685,iso13790,native,True,19.9,375.32638721575444,0.0,13.300000000000011,-101.56212000000002
19630800.0,685,iso13790,native,True,19.899999999999995,450.4234102431083,0.0,12.800000000000011,-101.56212000000002
19634400.0,685,iso13790,native,True,19.900000000000002,490.2278851702958,0.0,12.800000000000011,-101.56212000000002
19638000.0,685,iso13790,native,True,19.9,272.8213980007921,0.0,16.100000000000023,393.4427410152235
19641600.0,685,iso13790,native,True,20.0742831744411,0.0,0.0,18.30000000000001,534.1370161850697
19645200.0,685,iso13790,native,True,20.100000000000016,0.0,380.8385730341929,20.600000000000023,964.7140229342073
19648800.0,685,iso13790,native,True,20.10000000000001,0.0,888.8984864458017,22.200000000000045,1773.745143954163
19652400.0,685,iso13790,native,True,20.10000000000001,0.0,1331.5354306797217,22.200000000000045,2009.1070915871624
19656000.0,685,iso13790,native,True,20.099999999999987,0.0,1600.8709462933,23.900000000000034,1686.3439472432926
19659600.0,685,iso13790,native,True,20.10000000000003,0.0,1619.6671062986215,25.600000000000023,997.8793058041617
19663200.0,685,iso13790,native,True,20.10000000000001,0.0,1535.3796119503957,25.600000000000023,1054.2766712600742
19666800.0,685,iso13790,native,True,20.099999999999994,0.0,1556.2157806291573,25.0,1441.5342987534164
19670400.0,685,iso13790,native,True,20.099999999999994,0.0,1668.3818239258305,26.100000000000023,1422.680742385252
19674000.0,685,iso13790,native,True,20.099999999999977,0.0,1682.853985849482,22.200000000000045,1990.0503138470865
19677600.0,685,iso13790,native,True,20.099999999999994,0.0,1779.800706771212,22.200000000000045,2023.747845153539
19681200.0,685,iso13790,native,True,20.1,0.0,1540.2498567307691,19.400000000000034,1154.0761209511734
19684800.0,685,iso13790,native,True,20.1,0.0,902.6618780548815,16.700000000000045,-101.56212000000002
19688400.0,685,iso13790,native,True,20.100000000000016,0.0,389.59118915200764,17.200000000000045,-101.56212000000002
19692000.0,685,iso13790,native,True,20.099999999999998,0.0,79.72854763626098,16.100000000000023,-101.56212000000002
19695600.0,685,iso13790,native,True,19.9,102.52483637578344,0.0,14.400000000000034,-101.56212000000002
19699200.0,685,iso13790,native,True,19.9,216.81620614533722,0.0,15.0,-101.56212000000002
19702800.0,685,iso13790,native,True,19.9,274.8739739771965,0.0,15.0,-101.56212000000002
19706400.0,685,iso13790,native,True,19.899999999999995,304.9308271916247,0.0,15.0,-101.56212000000002
19710000.0,685,iso13790,native,True,19.899999999999995,320.491439645242,0.0,15.0,-101.56212000000002
19713600.0,685,iso13790,native,True,19.900000000000002,398.3541739820008,0.0,13.300000000000011,-101.56212000000002
19717200.0,685,iso13790,native,True,19.900000000000006,507.51421156727054,0.0,11.700000000000045,-101.56212000000002
19720800.0,685,iso13790,native,True,19.900000000000006,546.4597223379595,0.0,12.200000000000045,-101.56212000000002
19724400.0,685,iso13790,native,True,19.899999999999995,347.13321165588883,0.0,15.0,398.66041599917605
19728000.0,685,iso13790,native,True,19.899999999999995,0.9920821069708671,0.0,18.30000000000001,510.5412976086343
19731600.0,685,iso13790,native,True,20.100000000000005,0.0,305.1391872297972,21.700000000000045,575.8552067085924
19735200.0,685,iso13790,native,True,20.1,0.0,583.9193405886181,22.80000000000001,658.3060352946627
19738800.0,685,iso13790,native,True,20.1,0.0,879.5257995408325,25.0,879.8069981206581
19742400.0,685,iso13790,native,True,20.100000000000005,0.0,1200.7181104156118,27.200000000000045,1066.794966365623
19746000.0,685,iso13790,native,True,20.099999999999994,0.0,1358.1357762345472,27.200000000000045,861.5411429466508
19749600.0,685,iso13790,native,True,20.10000000000002,0.0,1408.1536959089767,28.30000000000001,648.1142562090827
19753200.0,685,iso13790,native,True,20.10000000000001,0.0,1403.4852075685487,28.30000000000001,653.6289019159344
19756800.0,685,iso13790,native,True,20.100000000000026,0.0,1624.1698866217514,28.30000000000001,1726.783896012715
19760400.0,685,iso13790,native,True,20.10000000000003,0.0,2026.7529281140653,27.80000000000001,2398.9776891094016
19764000.0,685,iso13790,native,True,20.10000000000005,0.0,2164.764426707797,26.700000000000045,1768.3693180694295
19767600.0,685,iso13790,native,True,20.10000000000001,0.0,1811.6055241432732,23.30000000000001,883.4143953061534
19771200.0,685,iso13790,native,True,20.099999999999994,0.0,1278.5927683631921,23.30000000000001,-101.56212000000002
19774800.0,685,iso13790,native,True,20.099999999999987,0.0,711.4160747499714,20.0,-101.56212000000002
19778400.0,685,iso13790,native,True,20.1,0.0,366.50257028634365,18.900000000000034,-101.56212000000002
19782000.0,685,iso13790,native,True,20.1,0.0,185.900934154845,18.900000000000034,-101.56212000000002
19785600.0,685,iso13790,native,True,20.099999999999998,0.0,67.76465454693682,18.30000000000001,-101.56212000000002
19789200.0,685,iso13790,native,True,20.039858154221488,0.0,0.0,17.80000000000001,-101.56212000000002
19792800.0,685,iso13790,native,True,19.9,38.13246777135532,0.0,17.200000000000045,-101.56212000000002
19796400.0,685,iso13790,native,True,19.9,87.95426907443571,0.0,17.200000000000045,-101.56212000000002
19800000.0,685,iso13790,native,True,19.899999999999995,179.44793657775557,0.0,15.600000000000023,-101.56212000000002
19803600.0,685,iso13790,native,True,19.9,254.41664058588927,0.0,15.0,-101.56212000000002
19807200.0,685,iso13790,native,True,19.899999999999995,269.70220973375,0.0,15.600000000000023,-101.56212000000002
19810800.0,685,iso13790,native,True,19.900000000000002,66.5801970370373,0.0,18.30000000000001,376.77348461203496
19814400.0,685,iso13790,native,True,20.100000000000012,0.0,216.18276275399552,21.100000000000023,531.3577049566137
19818000.0,685,iso13790,native,True,20.09999999999999,0.0,583.1530766362077,23.900000000000034,698.2154168211309
19821600.0,685,iso13790,native,True,20.099999999999987,0.0,988.381081894072,26.700000000000045,1029.9780099185402
19825200.0,685,iso13790,native,True,20.099999999999994,0.0,1411.5753004227884,30.0,1127.807631668329
19828800.0,685,iso13790,native,True,20.099999999999994,0.0,1693.6509799959663,30.0,1327.753955625413
19832400.0,685,iso13790,native,True,20.099999999999994,0.0,1941.3797312819943,31.100000000000023,1448.07271736653
19836000.0,685,iso13790,native,True,20.09999999999998,0.0,2099.360430960496,32.200000000000045,1271.8156424237327
19839600.0,685,iso13790,native,True,20.100000000000033,0.0,2121.947995213834,32.200000000000045,1110.6634539118093
19843200.0,685,iso13790,native,True,20.10000000000001,0.0,2227.39751551379,31.700000000000045,1785.595839005261
19846800.0,685,iso13790,native,True,20.099999999999987,0.0,2507.377789302525,31.700000000000045,2363.1850038705406
19850400.0,685,iso13790,native,True,20.100000000000048,0.0,2572.094722425239,27.80000000000001,2308.122477232861
19854000.0,685,iso13790,native,True,20.099999999999977,0.0,2222.974737123848,25.600000000000023,973.5924924497239
19857600.0,685,iso13790,native,True,20.10000000000002,0.0,1464.9100586434665,22.200000000000045,-101.56212000000002
19861200.0,685,iso13790,native,True,20.09999999999999,0.0,920.8118852398314,22.80000000000001,-101.56212000000002
19864800.0,685,iso13790,native,True,20.099999999999998,0.0,660.7720125166355,23.30000000000001,-101.56212000000002
19868400.0,685,iso13790,native,True,20.099999999999994,0.0,461.3734912163196,21.700000000000045,-101.56212000000002
19872000.0,685,iso13790,native,True,20.100000000000005,0.0,330.5417998282081,21.100000000000023,-101.56212000000002
19875600.0,685,iso13790,native,True,20.099999999999998,0.0,241.1664498575046,20.600000000000023,-101.56212000000002
19879200.0,685,iso13790,native,True,20.099999999999994,0.0,169.33226602082476,20.0,-101.56212000000002
19882800.0,685,iso13790,native,True,20.1,0.0,106.39398917100188,19.400000000000034,-101.56212000000002
19886400.0,685,iso13790,native,True,20.099999999999998,0.0,97.33664402671519,20.0,-101.56212000000002
19890000.0,685,iso13790,native,True,20.1,0.0,69.1214255990526,19.400000000000034,-101.56212000000002
19893600.0,685,iso13790,native,True,20.1,0.0,69.8068515954477,19.400000000000034,-22.345814055026974
19897200.0,685,iso13790,native,True,20.099999999999994,0.0,282.5246261754303,22.200000000000045,387.4590935397853
19900800.0,685,iso13790,native,True,20.09999999999999,0.0,696.2266560374303,26.700000000000045,623.1939300926713
19904400.0,685,iso13790,native,True,20.099999999999994,0.0,1109.2176201953382,30.0,708.672408865905
19908000.0,685,iso13790,native,True,20.09999999999997,0.0,1451.6850613482636,31.700000000000045,898.0907455946776
19911600.0,685,iso13790,native,True,20.100000000000037,0.0,1679.9205552867902,32.80000000000001,766.1244892757411
19915200.0,685,iso13790,native,True,20.099999999999994,0.0,1880.6451770943108,34.400000000000034,938.4785075425651
19918800.0,685,iso13790,native,True,20.100000000000023,0.0,2173.3924825100603,34.400000000000034,1704.4482138412905
19922400.0,685,iso13790,native,True,20.10000000000003,0.0,2450.449593544207,34.400000000000034,1725.6954637265344
19926000.0,685,iso13790,native,True,20.100000000000044,0.0,2409.0260846871915,32.80000000000001,1134.0604528409215
19929600.0,685,iso13790,native,True,20.10000000000001,0.0,2147.9456174394327,27.80000000000001,1434.3352176449334
19933200.0,685,iso13790,native,True,20.099999999999984,0.0,1948.9170309927856,27.200000000000045,1060.3817876725143
19936800.0,685,iso13790,native,True,20.09999999999999,0.0,1667.1084105959021,26.700000000000045,587.1117171972885
19940400.0,685,iso13790,native,True,20.099999999999977,0.0,1357.4183534309545,24.400000000000034,618.0133035224206
19944000.0,685,iso13790,native,True,20.099999999999994,0.0,958.3659901499345,22.200000000000045,-101.56212000000002
19947600.0,685,iso13790,native,True,20.100000000000012,0.0,658.5709951414823,22.80000000000001,-101.56212000000002
19951200.0,685,iso13790,native,True,20.09999999999999,0.0,459.3077138593194,21.700000000000045,-101.56212000000002
19954800.0,685,iso13790,native,True,20.099999999999994,0.0,329.472334550577,21.100000000000023,-101.56212000000002
19958400.0,685,iso13790,native,True,20.1,0.0,261.14422609431165,21.100000000000023,-101.56212000000002
19962000.0,685,iso13790,native,True,20.1,0.0,135.43199907104284,18.900000000000034,-101.56212000000002
19965600.0,685,iso13790,native,True,20.100000000000005,0.0,136.08123145568393,20.600000000000023,-101.56212000000002
19969200.0,685,iso13790,native,True,20.099999999999998,0.0,139.56675448739847,20.600000000000023,-101.56212000000002
19972800.0,685,iso13790,native,True,20.1,0.0,141.37123058167668,20.600000000000023,-101.56212000000002
19976400.0,685,iso13790,native,True,20.1,0.0,117.66768487533191,20.0,-101.56212000000002
19980000.0,685,iso13790,native,True,20.1,0.0,119.2031425099579,20.0,-29.52025423396065
19983600.0,685,iso13790,native,True,20.099999999999998,0.0,356.84170394982897,22.80000000000001,503.98038992021895
19987200.0,685,iso13790,native,True,20.1,0.0,767.2079179749454,25.600000000000023,903.9656629977301
19990800.0,685,iso13790,native,True,20.1,0.0,1240.1107424036559,29.400000000000034,1077.761024607014
19994400.0,685,iso13790,native,True,20.10000000000001,0.0,1636.49378577164,30.0,1523.9816908677658
19998000.0,685,iso13790,native,True,20.09999999999999,0.0,1904.9193704035079,30.0,1483.2075050801875
20001600.0,685,iso13790,native,True,20.100000000000033,0.0,2165.3389032728405,31.100000000000023,1882.7195510815584
20005200.0,685,iso13790,native,True,20.099999999999994,0.0,2325.9184624161467,31.100000000000023,1692.2523142936261
20008800.0,685,iso13790,native,True,20.10000000000001,0.0,2166.0027379483968,27.0,1476.984039911511
20012400.0,685,iso13790,native,True,20.10000000000001,0.0,1881.7266513455315,25.600000000000023,982.640322
20016000.0,685,iso13790,native,True,20.099999999999994,0.0,1596.838497039657,25.600000000000023,707.54418
20019600.0,685,iso13790,native,True,20.099999999999998,0.0,1672.524006250568,25.600000000000023,1995.2866406008534
20023200.0,685,iso13790,native,True,20.099999999999994,0.0,1513.3482860538072,24.400000000000034,292.20294599999994
20026800.0,685,iso13790,native,True,20.100000000000016,0.0,1146.1563227132322,24.0,307.27385800766456
20030400.0,685,iso13790,native,True,20.10000000000001,0.0,799.1252780721013,22.200000000000045,-101.56212000000002
20034000.0,685,iso13790,native,True,20.10000000000001,0.0,530.9619487160768,21.700000000000045,-101.56212000000002
20037600.0,685,iso13790,native,True,20.10000000000001,0.0,391.20589372163005,21.700000000000045,-101.56212000000002
20041200.0,685,iso13790,native,True,20.099999999999998,0.0,203.8772583415681,18.900000000000034,-101.56212000000002
20044800.0,685,iso13790,native,True,20.1,0.0,56.5396601604259,17.80000000000001,-101.56212000000002
20048400.0,685,iso13790,native,True,20.099999999999994,0.0,93.20034180748691,20.600000000000023,-101.56212000000002
20052000.0,685,iso13790,native,True,20.100000000000005,0.0,22.922415690040168,18.30000000000001,-101.56212000000002
20055600.0,685,iso13790,native,True,20.1,0.0,27.447323528023986,19.400000000000034,-101.56212000000002
20059200.0,685,iso13790,native,True,20.1,0.0,11.296305076839293,18.900000000000034,-101.56212000000002
20062800.0,685,iso13790,native,True,20.1,0.0,2.008528832491744,18.900000000000034,-101.56212000000002
20066400.0,685,iso13790,native,True,19.958848487659363,0.0,0.0,17.80000000000001,-40.35569925770456
20070000.0,685,iso13790,native,True,20.10000000000001,0.0,172.42725457964107,21.100000000000023,417.68636894018965
20073600.0,685,iso13790,native,True,20.099999999999994,0.0,536.4979908863877,23.900000000000034,669.09100760729
20077200.0,685,iso13790,native,True,20.100000000000005,0.0,913.0814692080507,26.100000000000023,924.204385353358
20080800.0,685,iso13790,native,True,20.099999999999994,0.0,1215.0771680199848,26.700000000000045,1107.655497936491
20084400.0,685,iso13790,native,True,20.099999999999994,0.0,1573.0703184721674,27.200000000000045,1836.8467823620776
20088000.0,685,iso13790,native,True,20.10000000000001,0.0,1788.7130695150806,28.30000000000001,1203.8887088622764
20091600.0,685,iso13790,native,True,20.10000000000001,0.0,1806.2370943028945,29.400000000000034,1004.6834640478843
20095200.0,685,iso13790,native,True,20.09999999999998,0.0,1844.6539423399618,30.0,1169.659775715293
20098800.0,685,iso13790,native,True,20.100000000000005,0.0,1924.4646001988096,30.600000000000023,1208.7261809589158
20102400.0,685,iso13790,native,True,20.1,0.0,2128.844624696943,31.100000000000023,1861.815211563274
20106000.0,685,iso13790,native,True,20.09999999999998,0.0,2354.9089996779994,28.900000000000034,2375.6920024989267
20109600.0,685,iso13790,native,True,20.100000000000012,0.0,2036.7486677062636,27.80000000000001,119.59360199999999
20113200.0,685,iso13790,native,True,20.099999999999987,0.0,1440.352197031599,25.600000000000023,203.53917104342668
20116800.0,685,iso13790,native,True,20.09999999999998,0.0,1028.33424384428,24.400000000000034,-101.56212000000002
20120400.0,685,iso13790,native,True,20.100000000000016,0.0,764.5703104546354,24.400000000000034,-101.56212000000002
20124000.0,685,iso13790,native,True,20.099999999999998,0.0,517.1483446286564,21.700000000000045,-101.56212000000002
20127600.0,685,iso13790,native,True,20.099999999999998,0.0,384.05450837005503,21.700000000000045,-101.56212000000002
20131200.0,685,iso13790,native,True,20.1,0.0,269.9818557445355,20.600000000000023,-101.56212000000002
20134800.0,685,iso13790,native,True,20.1,0.0,184.25017377726806,20.0,-101.56212000000002
20138400.0,685,iso13790,native,True,20.099999999999998,0.0,138.7548128879677,20.0,-101.56212000000002
20142000.0,685,iso13790,native,True,20.100000000000005,0.0,24.86323567145182,17.80000000000001,-101.56212000000002
20145600.0,685,iso13790,native,True,19.94732856440067,0.0,0.0,17.80000000000001,-101.56212000000002
20149200.0,685,iso13790,native,True,19.899999999999995,12.128955360398587,0.0,18.30000000000001,-101.56212000000002
20152800.0,685,iso13790,native,True,19.900000000000006,18.274145671197115,0.0,18.30000000000001,-58.048091507734966
20156400.0,685,iso13790,native,True,20.099999999999998,0.0,122.71787739761125,20.0,509.3443881239545
20160000.0,685,iso13790,native,True,20.099999999999998,0.0,424.44332191071777,20.600000000000023,846.4826251954428
20163600.0,685,iso13790,native,True,20.09999999999999,0.0,769.794272035782,21.700000000000045,1278.9875263599101
20167200.0,685,iso13790,native,True,20.10000000000001,0.0,1161.0498343031882,24.400000000000034,1429.5491915460257
20170800.0,685,iso13790,native,True,20.100000000000033,0.0,1506.9566367282769,26.700000000000045,1526.6173025515122
20174400.0,685,iso13790,native,True,20.10000000000001,0.0,1774.1207781049436,27.80000000000001,1639.179494379628
20178000.0,685,iso13790,native,True,20.100000000000033,0.0,1958.7304157165995,27.80000000000001,1766.971075752959
20181600.0,685,iso13790,native,True,20.1,0.0,2082.368846444292,27.200000000000045,1923.9086201799187
20185200.0,685,iso13790,native,True,20.099999999999994,0.0,2072.3848778786396,27.200000000000045,1452.1473394314623
20188800.0,685,iso13790,native,True,20.099999999999966,0.0,1826.1504415604156,27.200000000000045,648.2097180000001
20192400.0,685,iso13790,native,True,20.099999999999977,0.0,1236.1946819747009,21.100000000000023,238.262526
20196000.0,685,iso13790,native,True,20.1,0.0,814.4453025017292,21.100000000000023,44.07701399999998
20199600.0,685,iso13790,native,True,20.10000000000001,0.0,621.6582710306222,20.600000000000023,414.8860827395917
20203200.0,685,iso13790,native,True,20.100000000000012,0.0,447.96586894184014,20.0,-101.56212000000002
20206800.0,685,iso13790,native,True,20.099999999999998,0.0,250.64426982007626,19.400000000000034,-101.56212000000002
20210400.0,685,iso13790,native,True,20.099999999999998,0.0,126.84669743841917,18.900000000000034,-101.56212000000002
20214000.0,685,iso13790,native,True,20.1,0.0,106.99883575682021,20.0,-101.56212000000002
20217600.0,685,iso13790,native,True,20.100000000000005,0.0,8.422976616437627,17.80000000000001,-101.56212000000002
20221200.0,685,iso13790,native,True,19.899999999999995,21.314654011200414,0.0,17.200000000000045,-101.56212000000002
20224800.0,685,iso13790,native,True,19.9,124.41676498852318,0.0,16.100000000000023,-101.56212000000002
20228400.0,685,iso13790,native,True,19.9,179.83119825264177,0.0,16.100000000000023,-101.56212000000002
20232000.0,685,iso13790,native,True,19.899999999999995,208.5195813714012,0.0,16.100000000000023,-101.56212000000002
20235600.0,685,iso13790,native,True,19.9,268.5409072408128,0.0,15.0,-101.56212000000002
20239200.0,685,iso13790,native,True,19.899999999999995,334.26762910841705,0.0,13.900000000000034,-40.93981867968941
20242800.0,685,iso13790,native,True,19.9,113.60294218341105,0.0,17.80000000000001,379.18606506480546
20246400.0,685,iso13790,native,True,20.099999999999994,0.0,198.92195713885354,20.0,786.3171954257809
20250000.0,685,iso13790,native,True,20.1,0.0,567.4970741852396,19.400000000000034,1373.2741714315332
20253600.0,685,iso13790,native,True,20.100000000000005,0.0,760.2321715055311,20.0,820.8190619999999
20257200.0,685,iso13790,native,True,20.100000000000005,0.0,1056.4144620563072,21.100000000000023,1967.5451352462132
20260800.0,685,iso13790,native,True,20.100000000000023,0.0,1409.421438258018,23.30000000000001,1610.1843476550066
20264400.0,685,iso13790,native,True,20.099999999999984,0.0,1479.2566103914662,25.0,980.9497672258697
20268000.0,685,iso13790,native,True,20.100000000000044,0.0,1466.6161441034178,26.700000000000045,873.414022641935
20271600.0,685,iso13790,native,True,20.10000000000001,0.0,1582.808510150483,27.80000000000001,1314.8808681605617
20275200.0,685,iso13790,native,True,20.10000000000001,0.0,1855.0810802454428,28.30000000000001,1893.175460317757
20278800.0,685,iso13790,native,True,20.099999999999948,0.0,2091.5978063212506,28.900000000000034,1789.674278317916
20282400.0,685,iso13790,native,True,20.10000000000003,0.0,2217.038301466869,27.80000000000001,2095.910322980616
20286000.0,685,iso13790,native,True,20.09999999999998,0.0,1850.200971022525,23.30000000000001,679.1979079105928
20289600.0,685,iso13790,native,True,20.10000000000001,0.0,1221.117956353468,22.200000000000045,-101.56212000000002
20293200.0,685,iso13790,native,True,20.100000000000005,0.0,749.4300790341424,21.700000000000045,-101.56212000000002
20296800.0,685,iso13790,native,True,20.099999999999998,0.0,389.3320589287838,18.900000000000034,-101.56212000000002
20300400.0,685,iso13790,native,True,20.10000000000001,0.0,242.88907535577758,20.0,-101.56212000000002
20304000.0,685,iso13790,native,True,20.1,0.0,169.11252251443744,20.0,-101.56212000000002
20307600.0,685,iso13790,native,True,20.099999999999998,0.0,106.28022664510978,19.400000000000034,-101.56212000000002
20311200.0,685,iso13790,native,True,20.1,0.0,52.10856992862891,18.900000000000034,-101.56212000000002
20314800.0,685,iso13790,native,True,19.91335553559853,0.0,0.0,17.200000000000045,-101.56212000000002
20318400.0,685,iso13790,native,True,19.899999999999995,40.80879511500528,0.0,17.80000000000001,-101.56212000000002
20322000.0,685,iso13790,native,True,19.899999999999995,108.75970750981952,0.0,16.700000000000045,-101.56212000000002
20325600.0,685,iso13790,native,True,19.9,134.66384246024523,0.0,16.700000000000045,-46.9345693975021
20329200.0,685,iso13790,native,True,20.100000000000005,0.0,11.514116731823233,19.400000000000034,388.1197460371211
20332800.0,685,iso13790,native,True,20.1,0.0,445.8487659738289,24.400000000000034,572.2637060141035
20336400.0,685,iso13790,native,True,20.099999999999998,0.0,848.3075121688898,27.200000000000045,689.3619402758212
20340000.0,685,iso13790,native,True,20.1,0.0,1269.6381285522195,30.0,1048.1528119598938
20343600.0,685,iso13790,native,True,20.099999999999987,0.0,1647.4696069112256,31.700000000000045,1183.3025709748426
20347200.0,685,iso13790,native,True,20.09999999999998,0.0,1820.5103580969917,32.200000000000045,856.7972363889305
20350800.0,685,iso13790,native,True,20.10000000000001,0.0,1884.7587214771042,31.700000000000045,1078.4013162028923
20354400.0,685,iso13790,native,True,20.10000000000001,0.0,2124.319516681122,32.200000000000045,1810.7638865036101
20358000.0,685,iso13790,native,True,20.099999999999994,0.0,2311.488365411902,32.200000000000045,1552.0899566910994
20361600.0,685,iso13790,native,True,20.099999999999934,0.0,2414.6097131123297,32.200000000000045,1779.6311325932984
20365200.0,685,iso13790,native,True,20.099999999999998,0.0,2215.5698589235863,31.100000000000023,605.057382
20368800.0,685,iso13790,native,True,20.099999999999987,0.0,1819.7587384929416,28.900000000000034,534.1183749858377
20372400.0,685,iso13790,native,True,20.10000000000002,0.0,1423.864401437128,27.80000000000001,-96.16807800000001
20376000.0,685,iso13790,native,True,20.100000000000005,0.0,1083.2537724784452,27.0,-101.56212000000002
20379600.0,685,iso13790,native,True,20.10000000000001,0.0,912.7953164407015,27.200000000000045,-101.56212000000002
20383200.0,685,iso13790,native,True,20.099999999999994,0.0,759.2178511642555,25.600000000000023,-101.56212000000002
20386800.0,685,iso13790,native,True,20.099999999999994,0.0,627.4702604322379,24.400000000000034,-101.56212000000002
20390400.0,685,iso13790,native,True,20.09999999999999,0.0,672.0167225597411,27.200000000000045,-101.56212000000002
20394000.0,685,iso13790,native,True,20.10000000000001,0.0,540.1206887443423,23.30000000000001,-101.56212000000002
20397600.0,685,iso13790,native,True,20.10000000000001,0.0,419.4430249886253,22.200000000000045,-101.56212000000002
20401200.0,685,iso13790,native,True,20.100000000000005,0.0,239.95353218649973,19.400000000000034,-101.56212000000002
20404800.0,685,iso13790,native,True,20.099999999999998,0.0,141.8434835039213,19.400000000000034,-101.56212000000002
20408400.0,685,iso13790,native,True,20.100000000000005,0.0,45.88214668204197,18.30000000000001,-101.56212000000002
20412000.0,685,iso13790,native,True,20.099999999999998,0.0,65.088449304644,20.0,-96.16807800000001
20415600.0,685,iso13790,native,True,20.1,0.0,243.58347026525516,23.30000000000001,44.07701399999998
20419200.0,685,iso13790,native,True,20.100000000000005,0.0,315.26851209737976,21.100000000000023,243.65656799999994
20422800.0,685,iso13790,native,True,20.099999999999998,0.0,407.0279735658721,21.0,394.68974399999996
20426400.0,685,iso13790,native,True,20.10000000000002,0.0,578.3940269965866,21.100000000000023,858.577356
20430000.0,685,iso13790,native,True,20.10000000000001,0.0,847.9478718906569,21.700000000000045,1257.8069932049175
20433600.0,685,iso13790,native,True,20.100000000000016,0.0,1317.928013958051,24.400000000000034,2007.904547084413
20437200.0,685,iso13790,native,True,20.10000000000001,0.0,1641.160862798452,25.600000000000023,1559.060536552616
20440800.0,685,iso13790,native,True,20.099999999999998,0.0,1731.4347479130586,26.100000000000023,1419.7052585873148
20444400.0,685,iso13790,native,True,20.09999999999997,0.0,1851.1787783725226,26.700000000000045,1755.2111688163952
20448000.0,685,iso13790,native,True,20.10000000000001,0.0,2079.562366565215,27.80000000000001,2079.0800535631674
20451600.0,685,iso13790,native,True,20.10000000000001,0.0,2332.893932273034,27.200000000000045,2593.333937168519
20455200.0,685,iso13790,native,True,20.100000000000033,0.0,2518.5453496186315,26.100000000000023,2687.3895123302714
20458800.0,685,iso13790,native,True,20.099999999999994,0.0,1964.712590777859,21.100000000000023,478.2822441813441
20462400.0,685,iso13790,native,True,20.100000000000005,0.0,1063.8840176290669,17.80000000000001,-101.56212000000002
20466000.0,685,iso13790,native,True,20.099999999999994,0.0,475.09470840051944,17.200000000000045,-101.56212000000002
20469600.0,685,iso13790,native,True,20.1,0.0,148.6319640655734,16.700000000000045,-101.56212000000002
20473200.0,685,iso13790,native,True,19.9,41.10383531968538,0.0,15.0,-101.56212000000002
20476800.0,685,iso13790,native,True,19.9,93.56827286577577,0.0,17.200000000000045,-101.56212000000002
20480400.0,685,iso13790,native,True,19.9,92.01598275802083,0.0,17.80000000000001,-101.56212000000002
20484000.0,685,iso13790,native,True,19.9,114.7385296390809,0.0,17.200000000000045,-101.56212000000002
20487600.0,685,iso13790,native,True,19.900000000000002,172.78286346827417,0.0,16.100000000000023,-101.56212000000002
20491200.0,685,iso13790,native,True,19.9,159.70143779145965,0.0,17.200000000000045,-101.56212000000002
20494800.0,685,iso13790,native,True,19.900000000000002,196.06042960453613,0.0,16.100000000000023,-101.56212000000002
20498400.0,685,iso13790,native,True,19.899999999999995,229.31357866553878,0.0,15.600000000000023,-62.25659078292547
20502000.0,685,iso13790,native,True,19.899999999999995,32.274808516112365,0.0,18.30000000000001,411.4543052032883
20505600.0,685,iso13790,native,True,20.1,0.0,246.9850636217781,21.700000000000045,448.884591489479
20509200.0,685,iso13790,native,True,20.10000000000001,0.0,631.356610714261,25.600000000000023,574.4838111758247
20512800.0,685,iso13790,native,True,20.1,0.0,1039.9441990500632,28.900000000000034,801.4783207944079
20516400.0,685,iso13790,native,True,20.099999999999994,0.0,1421.6002542485246,30.600000000000023,1083.104727702063
20520000.0,685,iso13790,native,True,20.100000000000016,0.0,1710.1563073858658,31.700000000000045,1074.057870914007
20523600.0,685,iso13790,native,True,20.099999999999962,0.0,1853.7455443311767,32.200000000000045,943.9784433312093
20527200.0,685,iso13790,native,True,20.10000000000003,0.0,1914.884441943293,33.30000000000001,756.959768987308
20530800.0,685,iso13790,native,True,20.099999999999998,0.0,1958.0150665253652,33.30000000000001,945.3333684463199
20534400.0,685,iso13790,native,True,20.09999999999999,0.0,2240.439844440814,33.30000000000001,2057.5268690841026
20538000.0,685,iso13790,native,True,20.09999999999998,0.0,2693.406821544796,32.80000000000001,2788.870109996259
20541600.0,685,iso13790,native,True,20.10000000000003,0.0,2838.3269625400385,28.900000000000034,2575.727496602762
20545200.0,685,iso13790,native,True,20.09999999999998,0.0,2330.2476918359594,26.100000000000023,512.7342927733075
20548800.0,685,iso13790,native,True,20.100000000000005,0.0,1518.3172104496812,23.900000000000034,-101.56212000000002
20552400.0,685,iso13790,native,True,20.099999999999987,0.0,906.4413197464679,21.700000000000045,-101.56212000000002
20556000.0,685,iso13790,native,True,20.09999999999999,0.0,651.2944303871404,23.30000000000001,-101.56212000000002
20559600.0,685,iso13790,native,True,20.099999999999998,0.0,411.2977117747039,20.600000000000023,-101.56212000000002
20563200.0,685,iso13790,native,True,20.1,0.0,257.41023659386127,20.0,-101.56212000000002
20566800.0,685,iso13790,native,True,20.100000000000005,0.0,221.79939298836948,21.100000000000023,-101.56212000000002
20570400.0,685,iso13790,native,True,20.10000000000001,0.0,184.86985626412704,20.600000000000023,-101.56212000000002
20574000.0,685,iso13790,native,True,20.1,0.0,49.84882611228369,17.80000000000001,-101.56212000000002
20577600.0,685,iso13790,native,True,19.99905988287029,0.0,0.0,17.80000000000001,-101.56212000000002
20581200.0,685,iso13790,native,True,19.900000000000006,67.11446389872948,0.0,16.700000000000045,-101.56212000000002
20584800.0,685,iso13790,native,True,19.900000000000006,116.00372867656166,0.0,16.700000000000045,-60.93817880698578
20588400.0,685,iso13790,native,True,20.099999999999994,0.0,88.6364832556608,20.600000000000023,486.6341010754636
20592000.0,685,iso13790,native,True,20.100000000000005,0.0,471.4905239049095,23.30000000000001,635.4561866082956
20595600.0,685,iso13790,native,True,20.10000000000002,0.0,864.9938492322468,26.700000000000045,766.5781219769559
20599200.0,685,iso13790,native,True,20.09999999999999,0.0,1266.4338149839293,30.0,936.4835653902553
20602800.0,685,iso13790,native,True,20.100000000000016,0.0,1635.5298209690118,31.700000000000045,1218.9122056788
20606400.0,685,iso13790,native,True,20.100000000000023,0.0,1849.9716318841772,32.80000000000001,882.7529973219467
20610000.0,685,iso13790,native,True,20.10000000000003,0.0,2045.9713392789638,33.900000000000034,1321.8175370408628
20613600.0,685,iso13790,native,True,20.099999999999962,0.0,2242.1813008333684,33.900000000000034,1434.264354380555
20617200.0,685,iso13790,native,True,20.100000000000016,0.0,2381.6930366138504,32.200000000000045,1868.6924334249802
20620800.0,685,iso13790,native,True,20.099999999999994,0.0,2502.832502587602,31.700000000000045,1887.5786473975681
20624400.0,685,iso13790,native,True,20.100000000000012,0.0,2297.9787132083666,32.200000000000045,486.38845799999996
20628000.0,685,iso13790,native,True,20.100000000000048,0.0,2110.52265498186,28.30000000000001,1931.9397002526105
20631600.0,685,iso13790,native,True,20.1,0.0,1750.2271217619423,26.700000000000045,-90.77403600000002
20635200.0,685,iso13790,native,True,20.099999999999998,0.0,1168.902869274799,25.0,-101.56212000000002
20638800.0,685,iso13790,native,True,20.1,0.0,838.4550845431577,24.400000000000034,-101.56212000000002
20642400.0,685,iso13790,native,True,20.09999999999999,0.0,621.0995568830843,23.30000000000001,-101.56212000000002
20646000.0,685,iso13790,native,True,20.1,0.0,506.53544730990967,23.30000000000001,-101.56212000000002
20649600.0,685,iso13790,native,True,20.099999999999998,0.0,381.5243000772117,21.700000000000045,-101.56212000000002
20653200.0,685,iso13790,native,True,20.1,0.0,313.84113035601126,21.700000000000045,-101.56212000000002
20656800.0,685,iso13790,native,True,20.1,0.0,233.6319705272962,20.600000000000023,-101.56212000000002
20660400.0,685,iso13790,native,True,20.10000000000001,0.0,165.43162106438774,20.0,-101.56212000000002
20664000.0,685,iso13790,native,True,20.100000000000005,0.0,129.01233573595053,20.0,-101.56212000000002
20667600.0,685,iso13790,native,True,20.08073056919639,0.0,0.0,17.200000000000045,-101.56212000000002
20671200.0,685,iso13790,native,True,19.96556992342216,0.0,0.0,18.30000000000001,-91.88275730327791
20674800.0,685,iso13790,native,True,20.1,0.0,89.00706646012075,19.400000000000034,380.090730807588
20678400.0,685,iso13790,native,True,20.10000000000001,0.0,396.86034781593827,21.700000000000045,683.4870558933637
20682000.0,685,iso13790,native,True,20.1,0.0,655.8940731540298,22.80000000000001,694.39578550962
20685600.0,685,iso13790,native,True,20.1,0.0,999.4533769937392,26.100000000000023,1033.3260789197786
20689200.0,685,iso13790,native,True,20.10000000000001,0.0,1358.56412366825,28.30000000000001,1184.0454484224822
20692800.0,685,iso13790,native,True,20.099999999999998,0.0,1764.417299316702,30.600000000000023,1655.312077067229
20696400.0,685,iso13790,native,True,20.099999999999966,0.0,2061.999863810439,31.100000000000023,1598.1848508721037
20700000.0,685,iso13790,native,True,20.099999999999977,0.0,2217.771571454219,30.600000000000023,1744.7384523344026
20703600.0,685,iso13790,native,True,20.10000000000001,0.0,2387.9717334295856,31.700000000000045,1851.6684478417378
20707200.0,685,iso13790,native,True,20.10000000000002,0.0,2453.9087171450337,30.0,1990.1975943080295
20710800.0,685,iso13790,native,True,20.100000000000072,0.0,2110.6335679726926,27.80000000000001,513.3586680000001
20714400.0,685,iso13790,native,True,20.100000000000005,0.0,2006.480217821196,27.200000000000045,2134.7777804471266
20718000.0,685,iso13790,native,True,20.099999999999998,0.0,1755.3377821548884,24.400000000000034,505.0696944851336
20721600.0,685,iso13790,native,True,20.100000000000005,0.0,1056.1764582516748,20.0,-101.56212000000002
20725200.0,685,iso13790,native,True,20.100000000000005,0.0,635.3254373678773,21.100000000000023,-101.56212000000002
20728800.0,685,iso13790,native,True,20.1,0.0,329.14784731753633,18.900000000000034,-101.56212000000002
20732400.0,685,iso13790,native,True,20.099999999999998,0.0,256.9005280533295,21.100000000000023,-101.56212000000002
20736000.0,685,iso13790,native,True,20.1,0.0,178.4041898043798,20.0,-101.56212000000002
20739600.0,685,iso13790,native,True,20.10000000000001,0.0,111.09057830485409,19.400000000000034,-101.56212000000002
20743200.0,685,iso13790,native,True,20.1,0.0,29.961183958113068,18.30000000000001,-101.56212000000002
20746800.0,685,iso13790,native,True,19.96158810569418,0.0,0.0,17.80000000000001,-101.56212000000002
20750400.0,685,iso13790,native,True,19.9,29.70681949036111,0.0,17.80000000000001,-101.56212000000002
20754000.0,685,iso13790,native,True,19.9,82.48070361184318,0.0,17.200000000000045,-101.56212000000002
20757600.0,685,iso13790,native,True,19.899999999999995,125.20304746221859,0.0,16.700000000000045,-71.41922285811145
20761200.0,685,iso13790,native,True,20.1,0.0,1.9227689481407821,18.900000000000034,435.9910417061201
20764800.0,685,iso13790,native,True,20.099999999999994,0.0,414.90105060873066,23.900000000000034,513.8664298294556
20768400.0,685,iso13790,native,True,20.100000000000023,0.0,774.0722018039464,26.100000000000023,675.4283443152196
20772000.0,685,iso13790,native,True,20.099999999999994,0.0,1153.507706995285,28.900000000000034,911.547068626561
20775600.0,685,iso13790,native,True,20.099999999999994,0.0,1529.3944901370737,31.100000000000023,1136.554229451599
20779200.0,685,iso13790,native,True,20.099999999999948,0.0,1852.7535365116687,32.200000000000045,1348.7496573738608
20782800.0,685,iso13790,native,True,20.10000000000001,0.0,2050.5881813781443,32.200000000000045,1323.8496054895213
20786400.0,685,iso13790,native,True,20.100000000000033,0.0,2081.6861377982223,32.80000000000001,879.46617028796
20790000.0,685,iso13790,native,True,20.100000000000005,0.0,2106.9146774690885,31.700000000000045,1475.5805697000637
20793600.0,685,iso13790,native,True,20.10000000000001,0.0,2206.9478241080315,30.0,1787.3960151494873
20797200.0,685,iso13790,native,True,20.10000000000003,0.0,2138.8778552792646,28.30000000000001,1322.8449227020624
20800800.0,685,iso13790,native,True,20.10000000000001,0.0,1856.1589078698275,27.200000000000045,715.7658637791687
20804400.0,685,iso13790,native,True,20.1,0.0,1362.915486088057,23.30000000000001,287.35557846206433
20808000.0,685,iso13790,native,True,20.099999999999998,0.0,906.89688547312,22.200000000000045,-101.56212000000002
20811600.0,685,iso13790,native,True,20.099999999999998,0.0,586.755953640909,21.700000000000045,-101.56212000000002
20815200.0,685,iso13790,native,True,20.1,0.0,350.28387103825344,20.0,-101.56212000000002
20818800.0,685,iso13790,native,True,20.1,0.0,224.7114497616938,20.0,-101.56212000000002
20822400.0,685,iso13790,native,True,20.099999999999998,0.0,114.53267860152683,18.900000000000034,-101.56212000000002
20826000.0,685,iso13790,native,True,20.042601288409017,0.0,0.0,17.200000000000045,-101.56212000000002
20829600.0,685,iso13790,native,True,19.900000000000002,104.37646240046378,0.0,15.600000000000023,-101.56212000000002
20833200.0,685,iso13790,native,True,19.899999999999995,215.55168996511412,0.0,15.0,-101.56212000000002
20836800.0,685,iso13790,native,True,19.899999999999995,319.38850495598217,0.0,13.900000000000034,-101.56212000000002
20840400.0,685,iso13790,native,True,19.900000000000006,399.8210326360541,0.0,13.300000000000011,-101.56212000000002
20844000.0,685,iso13790,native,True,19.900000000000002,456.8261371090487,0.0,12.800000000000011,-71.24400439527207
20847600.0,685,iso13790,native,True,19.9,290.1725357506011,0.0,15.0,421.1249279319268
20851200.0,685,iso13790,native,True,19.9,30.044867998724516,0.0,16.700000000000045,527.9610981359017
20854800.0,685,iso13790,native,True,20.1,0.0,189.3852380263381,18.30000000000001,764.7223700068174
20858400.0,685,iso13790,native,True,20.10000000000002,0.0,520.0275324968246,20.600000000000023,961.6268375232659
20862000.0,685,iso13790,native,True,20.10000000000001,0.0,806.0076281808849,22.200000000000045,1027.8441054251339
20865600.0,685,iso13790,native,True,20.099999999999977,0.0,1072.6214211280203,23.900000000000034,1198.4062958633863
20869200.0,685,iso13790,native,True,20.10000000000003,0.0,1298.7357214789704,26.700000000000045,923.1285217200593
20872800.0,685,iso13790,native,True,20.099999999999994,0.0,1483.764375770798,27.80000000000001,1218.342074586949
20876400.0,685,iso13790,native,True,20.099999999999987,0.0,1661.1574952829853,25.600000000000023,1813.4229273923547
20880000.0,685,iso13790,native,True,20.10000000000001,0.0,1314.7893509003268,20.0,373.11357599999997
20883600.0,685,iso13790,native,True,20.099999999999987,0.0,1092.7094619035934,25.600000000000023,205.898274
20887200.0,685,iso13790,native,True,20.09999999999999,0.0,1202.1734952291226,22.200000000000045,2041.4734130952697
20890800.0,685,iso13790,native,True,20.100000000000012,0.0,983.9927414669226,19.400000000000034,-101.56212000000002
20894400.0,685,iso13790,native,True,20.100000000000005,0.0,527.0370266640327,19.400000000000034,-101.56212000000002
20898000.0,685,iso13790,native,True,20.1,0.0,315.10605724658365,20.0,-101.56212000000002
20901600.0,685,iso13790,native,True,20.099999999999998,0.0,181.86195166781403,19.400000000000034,-101.56212000000002
20905200.0,685,iso13790,native,True,20.1,0.0,111.7691252595404,19.400000000000034,-101.56212000000002
20908800.0,685,iso13790,native,True,19.958473217509763,0.0,0.0,16.700000000000045,-101.56212000000002
20912400.0,685,iso13790,native,True,19.9,147.36595209916212,0.0,15.0,-101.56212000000002
20916000.0,685,iso13790,native,True,19.9,193.749984037768,0.0,16.100000000000023,-101.56212000000002
20919600.0,685,iso13790,native,True,19.9,260.89459847505157,0.0,15.0,-101.56212000000002
20923200.0,685,iso13790,native,True,19.9,273.05588722902894,0.0,15.600000000000023,-101.56212000000002
20926800.0,685,iso13790,native,True,19.900000000000002,302.8780358048221,0.0,15.0,-101.56212000000002
20930400.0,685,iso13790,native,True,19.9,317.2606882880749,0.0,15.0,-91.09272945371043
20934000.0,685,iso13790,native,True,19.900000000000002,157.5821413058486,0.0,16.700000000000045,370.86433381019395
20937600.0,685,iso13790,native,True,20.1,0.0,107.01940516841587,18.30000000000001,805.7597521927429
20941200.0,685,iso13790,native,True,20.099999999999998,0.0,549.1347286371878,20.0,1395.7482794955245
20944800.0,685,iso13790,native,True,20.100000000000012,0.0,1004.8255710498173,22.200000000000045,1589.1021226168955
20948400.0,685,iso13790,native,True,20.10000000000002,0.0,1441.5505877781688,24.400000000000034,1955.276915464972
20952000.0,685,iso13790,native,True,20.10000000000001,0.0,1732.751722126248,25.600000000000023,1732.4768148094108
20955600.0,685,iso13790,native,True,20.099999999999962,0.0,1851.8221480129248,26.100000000000023,1639.6825946721362
20959200.0,685,iso13790,native,True,20.099999999999994,0.0,1683.2361602224214,26.100000000000023,594.2692979999999
20962800.0,685,iso13790,native,True,20.100000000000026,0.0,1663.142652046251,25.600000000000023,1815.9970255638468
20966400.0,685,iso13790,native,True,20.100000000000005,0.0,1615.8557649958857,26.100000000000023,610.451424
20970000.0,685,iso13790,native,True,20.099999999999994,0.0,1244.3455224576326,23.900000000000034,286.8089039999999
20973600.0,685,iso13790,native,True,20.099999999999994,0.0,923.6744685417739,22.80000000000001,151.957854
20977200.0,685,iso13790,native,True,20.1,0.0,591.4658193459063,20.600000000000023,-101.56212000000002
20980800.0,685,iso13790,native,True,20.099999999999994,0.0,350.68434211704175,20.0,-101.56212000000002
20984400.0,685,iso13790,native,True,20.099999999999994,0.0,134.58041891365247,17.80000000000001,-101.56212000000002
20988000.0,685,iso13790,native,True,20.026692645215544,0.0,0.0,16.900000000000034,-101.56212000000002
20991600.0,685,iso13790,native,True,19.900000000000002,87.69595547309336,0.0,16.100000000000023,-101.56212000000002
20995200.0,685,iso13790,native,True,19.9,197.77721645395317,0.0,15.200000000000045,-101.56212000000002
20998800.0,685,iso13790,native,True,19.900000000000002,293.3908789982623,0.0,14.300000000000011,-101.56212000000002
21002400.0,685,iso13790,native,True,19.9,381.51457940981976,0.0,13.400000000000034,-101.56212000000002
21006000.0,685,iso13790,native,True,19.899999999999995,461.65439272409293,0.0,12.600000000000023,-101.56212000000002
21009600.0,685,iso13790,native,True,19.90000000000001,541.5819294534544,0.0,11.700000000000045,-101.56212000000002
21013200.0,685,iso13790,native,True,19.89999999999999,679.0728742681569,0.0,9.400000000000034,-101.56212000000002
21016800.0,685,iso13790,native,True,19.899999999999988,723.9474682209246,0.0,10.0,-72.93307082236296
21020400.0,685,iso13790,native,True,19.9,486.35986885305385,0.0,13.900000000000034,386.00076348961
21024000.0,685,iso13790,native,True,19.9,145.12879386011218,0.0,16.700000000000045,499.34631806589346
21027600.0,685,iso13790,native,True,20.099999999999994,0.0,108.3274073841439,18.900000000000034,563.8735581035214
21031200.0,685,iso13790,native,True,20.1,0.0,472.5031613034213,22.200000000000045,765.480467208144
21034800.0,685,iso13790,native,True,20.099999999999987,0.0,724.4009234196463,23.30000000000001,669.8892701040452
21038400.0,685,iso13790,native,True,20.10000000000001,0.0,956.4018817318045,26.100000000000023,668.3973490595502
21042000.0,685,iso13790,native,True,20.099999999999984,0.0,1140.3296485388516,27.80000000000001,615.5734077213976
21045600.0,685,iso13790,native,True,20.100000000000023,0.0,1267.3197332634315,27.80000000000001,794.1108379585643
21049200.0,685,iso13790,native,True,20.099999999999984,0.0,1515.5104973312727,29.400000000000034,1221.575825734344
21052800.0,685,iso13790,native,True,20.09999999999999,0.0,1928.403852362761,28.900000000000034,2353.445445041279
21056400.0,685,iso13790,native,True,20.100000000000033,0.0,2483.579386313944,29.400000000000034,3043.3401110427712
21060000.0,685,iso13790,native,True,20.09999999999997,0.0,2717.3292019367113,26.100000000000023,2907.3577711531316
21063600.0,685,iso13790,native,True,20.099999999999945,0.0,1961.795231565123,20.600000000000023,-101.56212000000002
21067200.0,685,iso13790,native,True,20.099999999999987,0.0,1014.942885922041,18.900000000000034,-101.56212000000002
21070800.0,685,iso13790,native,True,20.100000000000005,0.0,476.43318045654706,17.80000000000001,-101.56212000000002
21074400.0,685,iso13790,native,True,20.1,0.0,195.60563462014852,17.80000000000001,-101.56212000000002
21078000.0,685,iso13790,native,True,20.10000000000001,0.0,50.21953661827349,17.80000000000001,-101.56212000000002
21081600.0,685,iso13790,native,True,19.9,20.207770026131254,0.0,16.700000000000045,-101.56212000000002
21085200.0,685,iso13790,native,True,19.899999999999995,100.13228829221659,0.0,16.700000000000045,-101.56212000000002
21088800.0,685,iso13790,native,True,19.9,211.31660114565736,0.0,15.0,-101.56212000000002
21092400.0,685,iso13790,native,True,19.9,296.66452937637416,0.0,14.400000000000034,-101.56212000000002
21096000.0,685,iso13790,native,True,19.9,341.9612186639114,0.0,14.400000000000034,-101.56212000000002
21099600.0,685,iso13790,native,True,19.9,410.5807638465565,0.0,13.300000000000011,-101.56212000000002
21103200.0,685,iso13790,native,True,19.900000000000002,417.7783155767602,0.0,13.900000000000034,-73.90470544959693
21106800.0,685,iso13790,native,True,19.899999999999995,197.3217537391205,0.0,17.200000000000045,327.8276793726528
21110400.0,685,iso13790,native,True,20.1,0.0,79.94707015296633,19.400000000000034,584.6369993588514
21114000.0,685,iso13790,native,True,20.099999999999998,0.0,430.9510240573801,22.200000000000045,615.4497255120783
21117600.0,685,iso13790,native,True,20.10000000000002,0.0,800.0639421741434,25.600000000000023,797.6177011214652
21121200.0,685,iso13790,native,True,20.100000000000016,0.0,1194.708567696389,28.30000000000001,1075.6889283714584
21124800.0,685,iso13790,native,True,20.09999999999998,0.0,1485.1436204390009,30.600000000000023,799.0592364296914
21128400.0,685,iso13790,native,True,20.099999999999994,0.0,1618.8041238874846,31.700000000000045,690.91631158081
21132000.0,685,iso13790,native,True,20.09999999999998,0.0,1703.444616720263,32.200000000000045,739.070488555054
21135600.0,685,iso13790,native,True,20.099999999999948,0.0,1861.2920738878656,30.600000000000023,1565.7514581996868
21139200.0,685,iso13790,native,True,20.099999999999962,0.0,2194.150815695883,31.700000000000045,1943.5581159490237
21142800.0,685,iso13790,native,True,20.10000000000003,0.0,2366.1235932689333,28.900000000000034,2198.8046473653635
21146400.0,685,iso13790,native,True,20.10000000000001,0.0,2433.142291791147,27.80000000000001,2140.8041122451054
21150000.0,685,iso13790,native,True,20.099999999999966,0.0,1832.1344082576838,23.900000000000034,-101.56212000000002
21153600.0,685,iso13790,native,True,20.100000000000016,0.0,1023.7371790787266,20.600000000000023,-101.56212000000002
21157200.0,685,iso13790,native,True,20.1,0.0,504.66689490393657,18.30000000000001,-101.56212000000002
21160800.0,685,iso13790,native,True,20.099999999999994,0.0,256.317873316547,18.900000000000034,-101.56212000000002
21164400.0,685,iso13790,native,True,20.1,0.0,128.85765834567584,18.900000000000034,-101.56212000000002
21168000.0,685,iso13790,native,True,20.07226038695905,0.0,0.0,17.200000000000045,-101.56212000000002
21171600.0,685,iso13790,native,True,19.9,53.06399084570955,0.0,16.700000000000045,-101.56212000000002
21175200.0,685,iso13790,native,True,19.973448140590232,0.0,0.0,20.0,-101.56212000000002
21178800.0,685,iso13790,native,True,19.9,138.150630712544,0.0,15.0,-101.56212000000002
21182400.0,685,iso13790,native,True,19.899999999999995,234.1483356670962,0.0,15.0,-101.56212000000002
21186000.0,685,iso13790,native,True,19.9,238.67774240515502,0.0,16.100000000000023,-101.56212000000002
21189600.0,685,iso13790,native,True,19.899999999999995,284.153967357656,0.0,15.0,-101.56212000000002
21193200.0,685,iso13790,native,True,19.9,59.995449033188144,0.0,18.900000000000034,331.09242255835875
21196800.0,685,iso13790,native,True,20.099999999999998,0.0,260.9953635313728,22.80000000000001,423.70580487951577
21200400.0,685,iso13790,native,True,20.100000000000005,0.0,645.6208013556421,25.600000000000023,617.7224980924043
21204000.0,685,iso13790,native,True,20.10000000000001,0.0,1033.436745295998,28.30000000000001,820.3577489557051
21207600.0,685,iso13790,native,True,20.099999999999994,0.0,1364.3407055116759,30.600000000000023,813.8189665267394
21211200.0,685,iso13790,native,True,20.100000000000016,0.0,1628.4839664943117,32.80000000000001,810.2781403868462
21214800.0,685,iso13790,native,True,20.099999999999987,0.0,1920.3358640439524,32.80000000000001,1542.2991921847872
21218400.0,685,iso13790,native,True,20.100000000000044,0.0,2131.308943080542,33.900000000000034,1054.4582438639254
21222000.0,685,iso13790,native,True,20.100000000000048,0.0,2250.0861253147013,32.80000000000001,1681.3363645510321
21225600.0,685,iso13790,native,True,20.100000000000037,0.0,2421.8792984891084,30.600000000000023,2181.469774766551
21229200.0,685,iso13790,native,True,20.10000000000001,0.0,2627.411916866527,30.0,2501.3275086406684
21232800.0,685,iso13790,native,True,20.100000000000012,0.0,2695.463639678056,27.200000000000045,2632.504573300899
21236400.0,685,iso13790,native,True,20.10000000000001,0.0,2044.566264148614,23.900000000000034,-101.56212000000002
21240000.0,685,iso13790,native,True,20.099999999999994,0.0,1039.2697737567903,18.30000000000001,-101.56212000000002
21243600.0,685,iso13790,native,True,20.1,0.0,508.4472433877274,18.30000000000001,-101.56212000000002
21247200.0,685,iso13790,native,True,20.100000000000005,0.0,143.2988914313767,16.100000000000023,-101.56212000000002
21250800.0,685,iso13790,native,True,20.100000000000005,0.0,19.990611667298626,17.80000000000001,-101.56212000000002
21254400.0,685,iso13790,native,True,19.899999999999995,60.495198805014105,0.0,16.100000000000023,-101.56212000000002
21258000.0,685,iso13790,native,True,20.1,0.0,33.204436836679946,21.700000000000045,-101.56212000000002
21261600.0,685,iso13790,native,True,20.1,0.0,63.70694415063697,20.0,-101.56212000000002
21265200.0,685,iso13790,native,True,20.044052231492326,0.0,0.0,17.80000000000001,-101.56212000000002
21268800.0,685,iso13790,native,True,19.9,12.626014233497452,0.0,17.80000000000001,-101.56212000000002
21272400.0,685,iso13790,native,True,19.9,49.00013493884929,0.0,17.80000000000001,-101.56212000000002
21276000.0,685,iso13790,native,True,19.899999999999995,113.00041306756398,0.0,16.700000000000045,-101.56212000000002
21279600.0,685,iso13790,native,True,20.1,0.0,22.465055792960126,20.0,309.573377801882
21283200.0,685,iso13790,native,True,20.1,0.0,339.9168094516376,22.80000000000001,405.2079008627827
21286800.0,685,iso13790,native,True,20.1,0.0,695.9569056357707,26.100000000000023,578.4676771808295
21290400.0,685,iso13790,native,True,20.10000000000001,0.0,994.0068401738434,27.80000000000001,628.7520208482072
21294000.0,685,iso13790,native,True,20.099999999999987,0.0,1229.975910073986,29.400000000000034,652.2540829454134
21297600.0,685,iso13790,native,True,20.099999999999994,0.0,1406.6860313573254,30.0,764.4323206054586
21301200.0,685,iso13790,native,True,20.100000000000026,0.0,1560.705145172103,30.600000000000023,856.427860898159
21304800.0,685,iso13790,native,True,20.09999999999998,0.0,1605.6230032606522,30.0,731.6595109294096
21308400.0,685,iso13790,native,True,20.099999999999994,0.0,1785.4355576457267,31.100000000000023,1370.186472693978
21312000.0,685,iso13790,native,True,20.099999999999998,0.0,2222.862411735933,31.100000000000023,2535.6621058609862
21315600.0,685,iso13790,native,True,20.099999999999977,0.0,2688.713653291988,30.600000000000023,2901.0361467955568
21319200.0,685,iso13790,native,True,20.099999999999994,0.0,2863.4000136793734,27.80000000000001,2860.7087004250916
21322800.0,685,iso13790,native,True,20.10000000000001,0.0,2213.8678481721704,25.0,-101.56212000000002
21326400.0,685,iso13790,native,True,20.100000000000005,0.0,1358.9082514135212,23.900000000000034,-101.56212000000002
21330000.0,685,iso13790,native,True,20.099999999999998,0.0,914.2527065423249,23.900000000000034,-101.56212000000002
21333600.0,685,iso13790,native,True,20.09999999999999,0.0,684.0518748141508,23.900000000000034,-101.56212000000002
21337200.0,685,iso13790,native,True,20.10000000000001,0.0,564.8755291245996,23.900000000000034,-101.56212000000002
21340800.0,685,iso13790,native,True,20.100000000000016,0.0,412.8388659438902,21.700000000000045,-101.56212000000002
21344400.0,685,iso13790,native,True,20.1,0.0,235.60822208500443,19.400000000000034,-101.56212000000002
21348000.0,685,iso13790,native,True,20.099999999999994,0.0,164.23162426706696,20.0,-101.56212000000002
21351600.0,685,iso13790,native,True,20.1,0.0,38.05273310805615,17.80000000000001,-101.56212000000002
21355200.0,685,iso13790,native,True,19.900000000000002,5.975152082242489,0.0,17.200000000000045,-101.56212000000002
21358800.0,685,iso13790,native,True,19.899999999999995,116.47541320943903,0.0,16.100000000000023,-101.56212000000002
21362400.0,685,iso13790,native,True,19.900000000000002,175.71991299897388,0.0,16.100000000000023,-101.56212000000002
21366000.0,685,iso13790,native,True,19.900000000000002,5.692582838859159,0.0,17.80000000000001,530.5181893656569
21369600.0,685,iso13790,native,True,20.099999999999994,0.0,360.159874000389,22.80000000000001,624.4011377818143
21373200.0,685,iso13790,native,True,20.099999999999994,0.0,867.5362018684335,26.700000000000045,1070.0974428333557
21376800.0,685,iso13790,native,True,20.100000000000033,0.0,1264.2308136550475,28.30000000000001,1024.8605315454872
21380400.0,685,iso13790,native,True,20.09999999999997,0.0,1483.5519701700664,30.0,775.3486567188754
21384000.0,685,iso13790,native,True,20.099999999999955,0.0,1623.6938107679468,30.600000000000023,960.1015935800293
21387600.0,685,iso13790,native,True,20.099999999999994,0.0,1809.2024833990852,30.0,1478.1268754628366
21391200.0,685,iso13790,native,True,20.099999999999994,0.0,2005.152965044946,30.600000000000023,1451.4962257534598
21394800.0,685,iso13790,native,True,20.100000000000037,0.0,2221.372918422484,31.100000000000023,1921.5667022457005
21398400.0,685,iso13790,native,True,20.099999999999994,0.0,2154.984967776185,31.700000000000045,578.087172
21402000.0,685,iso13790,native,True,20.099999999999994,0.0,2263.112232284012,29.400000000000034,2742.6274166099734
21405600.0,685,iso13790,native,True,20.100000000000016,0.0,2372.412137356312,27.200000000000045,1804.3760472925906
21409200.0,685,iso13790,native,True,20.099999999999998,0.0,1791.562223949885,25.0,-101.56212000000002
21412800.0,685,iso13790,native,True,20.10000000000001,0.0,1025.3020162353307,21.100000000000023,-101.56212000000002
21416400.0,685,iso13790,native,True,20.1,0.0,531.0410517209585,18.900000000000034,-101.56212000000002
21420000.0,685,iso13790,native,True,20.10000000000001,0.0,340.8904011818484,20.600000000000023,-101.56212000000002
21423600.0,685,iso13790,native,True,20.1,0.0,151.15303900385945,18.30000000000001,-101.56212000000002
21427200.0,685,iso13790,native,True,20.099999999999998,0.0,143.10855072154177,20.600000000000023,-101.56212000000002
21430800.0,685,iso13790,native,True,20.1,0.0,3.591015012488543,17.200000000000045,-101.56212000000002
21434400.0,685,iso13790,native,True,19.900000000000002,70.09692497308586,0.0,16.100000000000023,-101.56212000000002
21438000.0,685,iso13790,native,True,19.900000000000002,106.54031403840318,0.0,17.200000000000045,-101.56212000000002
21441600.0,685,iso13790,native,True,19.9,168.53859827979005,0.0,16.100000000000023,-101.56212000000002
21445200.0,685,iso13790,native,True,19.900000000000002,157.50415635027778,0.0,17.200000000000045,-101.56212000000002
21448800.0,685,iso13790,native,True,19.899999999999995,215.45432867646872,0.0,15.600000000000023,-101.56212000000002
21452400.0,685,iso13790,native,True,19.899999999999995,121.33000576626638,0.0,15.600000000000023,512.1580840023792
21456000.0,685,iso13790,native,True,20.100000000000005,0.0,135.49842849052402,17.80000000000001,853.7688764724109
21459600.0,685,iso13790,native,True,20.099999999999994,0.0,516.6361864228506,18.900000000000034,1353.5565559530746
21463200.0,685,iso13790,native,True,20.099999999999994,0.0,973.8932467305893,21.700000000000045,1662.1760244649329
21466800.0,685,iso13790,native,True,20.10000000000001,0.0,1339.7822535597502,22.200000000000045,1926.0957822604385
21470400.0,685,iso13790,native,True,20.099999999999994,0.0,1287.8173022885626,21.700000000000045,653.60376
21474000.0,685,iso13790,native,True,20.10000000000001,0.0,1244.5857159577447,22.200000000000045,1451.5893977008636
21477600.0,685,iso13790,native,True,20.09999999999997,0.0,1465.8507149273728,24.400000000000034,1578.2051118610166
21481200.0,685,iso13790,native,True,20.099999999999994,0.0,1568.4562689354743,25.0,1285.1980887499024
21484800.0,685,iso13790,native,True,20.09999999999998,0.0,1639.0703272953187,25.0,1588.0150069382125
21488400.0,685,iso13790,native,True,20.099999999999994,0.0,1902.0577092593337,24.400000000000034,2569.2376277189373
21492000.0,685,iso13790,native,True,20.100000000000044,0.0,1600.2643459760347,22.80000000000001,27.89488799999998
21495600.0,685,iso13790,native,True,20.1,0.0,942.657469507994,21.100000000000023,-101.56212000000002
21499200.0,685,iso13790,native,True,20.09999999999999,0.0,488.2554762033039,18.900000000000034,-101.56212000000002
21502800.0,685,iso13790,native,True,20.1,0.0,224.29540707922968,18.30000000000001,-101.56212000000002
21506400.0,685,iso13790,native,True,20.10000000000001,0.0,20.829522153842987,16.700000000000045,-101.56212000000002
21510000.0,685,iso13790,native,True,19.899999999999995,152.4371014837018,0.0,13.900000000000034,-101.56212000000002
21513600.0,685,iso13790,native,True,19.899999999999995,288.75156001543746,0.0,13.900000000000034,-101.56212000000002
21517200.0,685,iso13790,native,True,19.9,314.15319091239246,0.0,15.0,-101.56212000000002
21520800.0,685,iso13790,native,True,19.900000000000002,349.9036461926263,0.0,14.400000000000034,-101.56212000000002
21524400.0,685,iso13790,native,True,19.899999999999995,344.88569370397937,0.0,15.0,-101.56212000000002
21528000.0,685,iso13790,native,True,19.900000000000002,431.5146698266878,0.0,12.800000000000011,-101.56212000000002
21531600.0,685,iso13790,native,True,19.9,414.7380939470586,0.0,14.400000000000034,-101.56212000000002
21535200.0,685,iso13790,native,True,19.899999999999995,423.62005315367,0.0,13.900000000000034,-101.56212000000002
21538800.0,685,iso13790,native,True,19.9,227.58968469721958,0.0,16.100000000000023,435.5064638398196
21542400.0,685,iso13790,native,True,20.099999999999994,0.0,49.851940067433134,19.400000000000034,442.6080615117679
21546000.0,685,iso13790,native,True,20.1,0.0,414.6853142366868,22.200000000000045,720.5757021612326
21549600.0,685,iso13790,native,True,20.09999999999998,0.0,740.1407877376437,24.400000000000034,706.6034351378761
21553200.0,685,iso13790,native,True,20.099999999999998,0.0,1045.0002986364136,26.700000000000045,900.0445925469942
21556800.0,685,iso13790,native,True,20.1,0.0,1307.7789197522468,28.900000000000034,802.3462855574617
21560400.0,685,iso13790,native,True,20.100000000000044,0.0,1523.6879230504505,30.600000000000023,905.8347692656591
21564000.0,685,iso13790,native,True,20.1,0.0,1632.8686849783103,31.100000000000023,699.9292943604652
21567600.0,685,iso13790,native,True,20.100000000000016,0.0,1850.1956011018815,31.700000000000045,1510.2080303349069
21571200.0,685,iso13790,native,True,20.099999999999994,0.0,2339.573661459519,31.700000000000045,2706.116504720006
21574800.0,685,iso13790,native,True,20.10000000000001,0.0,2798.96608084275,30.600000000000023,3006.163435667395
21578400.0,685,iso13790,native,True,20.100000000000037,0.0,2896.0476684777204,27.80000000000001,2662.470253508448
21582000.0,685,iso13790,native,True,20.099999999999994,0.0,2129.6212260463517,23.30000000000001,-101.56212000000002
21585600.0,685,iso13790,native,True,20.09999999999999,0.0,1287.5061265846982,23.30000000000001,-101.56212000000002
21589200.0,685,iso13790,native,True,20.10000000000001,0.0,831.0066644222801,22.80000000000001,-101.56212000000002
21592800.0,685,iso13790,native,True,20.099999999999998,0.0,478.77177757160246,20.0,-101.56212000000002
21596400.0,685,iso13790,native,True,20.099999999999994,0.0,291.23040649607555,20.0,-101.56212000000002
21600000.0,685,iso13790,native,True,20.099999999999998,0.0,169.50138465315803,19.400000000000034,-101.56212000000002
21603600.0,685,iso13790,native,True,20.1,0.0,60.20080732137704,18.30000000000001,-101.56212000000002
21607200.0,685,iso13790,native,True,19.925664660079477,0.0,0.0,17.200000000000045,-101.56212000000002
21610800.0,685,iso13790,native,True,19.900000000000002,62.896938296590214,0.0,17.200000000000045,-101.56212000000002
21614400.0,685,iso13790,native,True,19.9,236.28251907244135,0.0,13.900000000000034,-101.56212000000002
21618000.0,685,iso13790,native,True,19.899999999999995,217.18274267431275,0.0,16.700000000000045,-101.56212000000002
21621600.0,685,iso13790,native,True,19.9,271.9143205797531,0.0,15.0,-101.56212000000002
21625200.0,685,iso13790,native,True,19.9,33.65751069799367,0.0,19.400000000000034,328.5328182666457
21628800.0,685,iso13790,native,True,20.1,0.0,297.7319725015879,23.30000000000001,433.59679466854163
21632400.0,685,iso13790,native,True,20.100000000000005,0.0,633.310555763648,24.400000000000034,692.3619513708572
21636000.0,685,iso13790,native,True,20.099999999999998,0.0,1059.756784688093,26.700000000000045,1249.254885088948
21639600.0,685,iso13790,native,True,20.100000000000023,0.0,1489.9094676528573,28.30000000000001,1497.3334288035821
21643200.0,685,iso13790,native,True,20.09999999999999,0.0,1808.0320224470893,31.100000000000023,1199.2291951769182
21646800.0,685,iso13790,native,True,20.10000000000003,0.0,1930.7763950128926,31.700000000000045,1080.2217477376375
21650400.0,685,iso13790,native,True,20.099999999999973,0.0,2128.5709695132,31.700000000000045,1814.0063999437994
21654000.0,685,iso13790,native,True,20.09999999999998,0.0,2460.6377462707496,32.80000000000001,2144.7298491649703
21657600.0,685,iso13790,native,True,20.09999999999997,0.0,2292.7432094623614,32.0,400.0837859999999
21661200.0,685,iso13790,native,True,20.099999999999998,0.0,1841.8542557045305,29.400000000000034,497.17654200000004
21664800.0,685,iso13790,native,True,20.10000000000001,0.0,1454.9632052013708,27.80000000000001,22.50084599999999
21668400.0,685,iso13790,native,True,20.099999999999998,0.0,1011.3519111042452,24.400000000000034,-101.56212000000002
21672000.0,685,iso13790,native,True,20.099999999999994,0.0,735.2470105517348,23.900000000000034,-101.56212000000002
21675600.0,685,iso13790,native,True,20.099999999999998,0.0,611.9110015094022,24.400000000000034,-101.56212000000002
21679200.0,685,iso13790,native,True,20.099999999999994,0.0,548.9855103950828,24.400000000000034,-101.56212000000002
21682800.0,685,iso13790,native,True,20.10000000000001,0.0,471.23942920112256,23.30000000000001,-101.56212000000002
21686400.0,685,iso13790,native,True,20.100000000000005,0.0,408.42051922052093,22.80000000000001,-101.56212000000002
21690000.0,685,iso13790,native,True,20.1,0.0,374.9724967609059,22.80000000000001,-101.56212000000002
21693600.0,685,iso13790,native,True,20.100000000000005,0.0,333.01852197253027,22.200000000000045,-101.56212000000002
21697200.0,685,iso13790,native,True,20.10000000000001,0.0,244.48651823736725,20.600000000000023,-101.56212000000002
21700800.0,685,iso13790,native,True,20.1,0.0,10.905815817498569,16.100000000000023,-101.56212000000002
21704400.0,685,iso13790,native,True,20.099999999999998,0.0,17.150548930775813,19.400000000000034,-101.56212000000002
21708000.0,685,iso13790,native,True,19.94321430730508,0.0,0.0,17.80000000000001,-101.56212000000002
21711600.0,685,iso13790,native,True,20.1,0.0,187.4388972137784,21.700000000000045,433.5689859667342
21715200.0,685,iso13790,native,True,20.10000000000001,0.0,546.7439105025792,25.0,445.42227953004243
21718800.0,685,iso13790,native,True,20.099999999999998,0.0,857.7834614983651,27.200000000000045,574.3539652595817
21722400.0,685,iso13790,native,True,20.1,0.0,1182.535839061967,27.200000000000045,1246.8717555715166
21726000.0,685,iso13790,native,True,20.099999999999994,0.0,1552.5128007486023,28.30000000000001,1490.0433232872963
21729600.0,685,iso13790,native,True,20.099999999999948,0.0,1864.3772395460999,30.600000000000023,1419.5254659106606
21733200.0,685,iso13790,native,True,20.099999999999984,0.0,2024.0589038207538,31.700000000000045,1226.1049642379808
21736800.0,685,iso13790,native,True,20.100000000000033,0.0,2095.172465622772,30.600000000000023,1526.261390300645
21740400.0,685,iso13790,native,True,20.099999999999994,0.0,2078.3604815162394,30.0,1166.9464928675056
21744000.0,685,iso13790,native,True,20.099999999999984,0.0,1720.3640763263745,24.400000000000034,870.3416785510486
21747600.0,685,iso13790,native,True,20.1,0.0,1368.15461768266,25.0,222.08039999999997
21751200.0,685,iso13790,native,True,20.100000000000016,0.0,989.0005333136908,23.900000000000034,-20.65149000000001
21754800.0,685,iso13790,native,True,20.099999999999998,0.0,645.2029244212305,21.700000000000045,-101.56212000000002
21758400.0,685,iso13790,native,True,20.1,0.0,380.542216944002,20.0,-101.56212000000002
21762000.0,685,iso13790,native,True,20.1,0.0,265.01410994461,20.600000000000023,-101.56212000000002
21765600.0,685,iso13790,native,True,20.1,0.0,226.8475206607057,21.100000000000023,-101.56212000000002
21769200.0,685,iso13790,native,True,20.100000000000005,0.0,232.6524806739398,21.700000000000045,-101.56212000000002
21772800.0,685,iso13790,native,True,20.1,0.0,236.76930016564276,21.700000000000045,-101.56212000000002
21776400.0,685,iso13790,native,True,20.099999999999994,0.0,214.26286844891987,21.100000000000023,-101.56212000000002
21780000.0,685,iso13790,native,True,20.1,0.0,226.13733104952306,21.700000000000045,-101.56212000000002
21783600.0,685,iso13790,native,True,20.099999999999998,0.0,208.75863452747282,21.100000000000023,-101.56212000000002
21787200.0,685,iso13790,native,True,20.1,0.0,198.6500225094826,21.100000000000023,-101.56212000000002
21790800.0,685,iso13790,native,True,20.1,0.0,193.4167336840102,21.100000000000023,-101.56212000000002
21794400.0,685,iso13790,native,True,20.1,0.0,145.53825023916,20.0,-101.56212000000002
21798000.0,685,iso13790,native,True,20.1,0.0,288.84802062024767,23.30000000000001,65.65318199999999
21801600.0,685,iso13790,native,True,20.099999999999994,0.0,515.1099578954477,23.30000000000001,642.8156759999999
21805200.0,685,iso13790,native,True,20.1,0.0,836.3246791519483,22.80000000000001,1286.8125304445384
21808800.0,685,iso13790,native,True,20.099999999999987,0.0,1222.7908038731878,24.400000000000034,1545.556071319264
21812400.0,685,iso13790,native,True,20.09999999999998,0.0,1551.1718684839905,28.900000000000034,1060.9653771283995
21816000.0,685,iso13790,native,True,20.100000000000023,0.0,1593.0091218402708,28.30000000000001,890.7298199966552
21819600.0,685,iso13790,native,True,20.099999999999994,0.0,1740.834728552717,30.0,1298.2287804994444
21823200.0,685,iso13790,native,True,20.100000000000016,0.0,1842.9924930755499,31.700000000000045,758.5622128819093
21826800.0,685,iso13790,native,True,20.099999999999966,0.0,1971.0761015634575,31.100000000000023,1637.4745022922593
21830400.0,685,iso13790,native,True,20.099999999999987,0.0,2417.9718804120694,31.700000000000045,2690.7038059230767
21834000.0,685,iso13790,native,True,20.099999999999994,0.0,2902.824173342603,30.600000000000023,3323.467816353051
21837600.0,685,iso13790,native,True,20.09999999999999,0.0,2999.2522685131275,27.80000000000001,2658.948278650545
21841200.0,685,iso13790,native,True,20.099999999999994,0.0,2227.663216582876,24.400000000000034,-101.56212000000002
21844800.0,685,iso13790,native,True,20.10000000000002,0.0,1204.793369593383,20.0,-101.56212000000002
21848400.0,685,iso13790,native,True,20.1,0.0,642.4583878138315,19.400000000000034,-101.56212000000002
21852000.0,685,iso13790,native,True,20.10000000000001,0.0,444.66729770118735,21.700000000000045,-101.56212000000002
21855600.0,685,iso13790,native,True,20.099999999999998,0.0,346.5306374104247,21.700000000000045,-101.56212000000002
21859200.0,685,iso13790,native,True,20.099999999999998,0.0,225.91778984063805,20.0,-101.56212000000002
21862800.0,685,iso13790,native,True,20.099999999999998,0.0,160.3263866253344,20.0,-101.56212000000002
21866400.0,685,iso13790,native,True,20.1,0.0,126.36932537075121,20.0,-101.56212000000002
21870000.0,685,iso13790,native,True,20.07525835867391,0.0,0.0,17.200000000000045,-101.56212000000002
21873600.0,685,iso13790,native,True,19.900000000000006,52.44302056886017,0.0,16.700000000000045,-101.56212000000002
21877200.0,685,iso13790,native,True,19.9,161.98984861421613,0.0,15.600000000000023,-101.56212000000002
21880800.0,685,iso13790,native,True,19.9,245.3784841613368,0.0,15.0,-101.56212000000002
21884400.0,685,iso13790,native,True,19.899999999999995,1.173244176375464,0.0,19.400000000000034,419.06034281607845
21888000.0,685,iso13790,native,True,20.10000000000001,0.0,301.76613637430586,22.80000000000001,401.8983535480029
21891600.0,685,iso13790,native,True,20.100000000000005,0.0,646.3499551323314,25.0,654.9417207556678
21895200.0,685,iso13790,native,True,20.099999999999998,0.0,1017.8510625453846,26.700000000000045,1037.4935195766511
21898800.0,685,iso13790,native,True,20.100000000000012,0.0,1330.3498868256072,28.30000000000001,993.253863101263
21902400.0,685,iso13790,native,True,20.09999999999999,0.0,1462.6700761159389,29.400000000000034,652.3175559698382
21906000.0,685,iso13790,native,True,20.1,0.0,1483.88482678485,30.0,555.4394302146527
21909600.0,685,iso13790,native,True,20.1,0.0,1529.9102551533074,31.100000000000023,575.1330489229649
21913200.0,685,iso13790,native,True,20.10000000000001,0.0,1817.2678225347086,31.700000000000045,1703.875321365087
21916800.0,685,iso13790,native,True,20.09999999999995,0.0,2347.549478266246,31.100000000000023,2798.06887939965
21920400.0,685,iso13790,native,True,20.09999999999999,0.0,2822.214912612744,30.0,3152.6342328026312
21924000.0,685,iso13790,native,True,20.1,0.0,2741.22991566638,26.100000000000023,2087.368698589803
21927600.0,685,iso13790,native,True,20.100000000000016,0.0,1865.0595439577014,21.100000000000023,-101.56212000000002
21931200.0,685,iso13790,native,True,20.100000000000023,0.0,1035.5954524297622,20.600000000000023,-101.56212000000002
21934800.0,685,iso13790,native,True,20.100000000000005,0.0,625.78208473025,21.100000000000023,-101.56212000000002
21938400.0,685,iso13790,native,True,20.10000000000001,0.0,414.54555376759424,21.100000000000023,-101.56212000000002
21942000.0,685,iso13790,native,True,20.1,0.0,235.38022754928704,19.400000000000034,-101.56212000000002
21945600.0,685,iso13790,native,True,20.099999999999994,0.0,118.94441157513056,18.900000000000034,-101.56212000000002
21949200.0,685,iso13790,native,True,20.05173554377115,0.0,0.0,17.200000000000045,-101.56212000000002
21952800.0,685,iso13790,native,True,19.899999999999995,36.783859523773536,0.0,17.200000000000045,-101.56212000000002
21956400.0,685,iso13790,native,True,19.900000000000002,107.78753132824271,0.0,16.700000000000045,-101.56212000000002
21960000.0,685,iso13790,native,True,19.900000000000002,34.60305195849063,0.0,19.400000000000034,-101.56212000000002
21963600.0,685,iso13790,native,True,19.899999999999995,262.7280745985308,0.0,12.800000000000011,-101.56212000000002
21967200.0,685,iso13790,native,True,19.900000000000002,483.3952458274041,0.0,10.600000000000023,-101.56212000000002
21970800.0,685,iso13790,native,True,19.899999999999995,237.3534164498059,0.0,17.200000000000045,349.19532924251087
21974400.0,685,iso13790,native,True,20.099999999999998,0.0,98.98862074966118,21.100000000000023,423.25565113057223
21978000.0,685,iso13790,native,True,20.09999999999999,0.0,493.49346931395263,23.900000000000034,640.7667472256212
21981600.0,685,iso13790,native,True,20.1,0.0,838.2202550206755,25.600000000000023,790.981015085267
21985200.0,685,iso13790,native,True,20.100000000000005,0.0,1076.6740069818754,25.600000000000023,950.765440413674
21988800.0,685,iso13790,native,True,20.1,0.0,1236.3019189508439,26.700000000000045,785.360406822284
21992400.0,685,iso13790,native,True,20.10000000000001,0.0,1385.7885996994032,28.30000000000001,907.334560381079
21996000.0,685,iso13790,native,True,20.100000000000037,0.0,1486.0012853065218,29.400000000000034,691.98392400901
21999600.0,685,iso13790,native,True,20.100000000000026,0.0,1772.941520020132,30.0,1862.6915342728703
22003200.0,685,iso13790,native,True,20.099999999999994,0.0,2258.712916619049,30.600000000000023,2472.994517229659
22006800.0,685,iso13790,native,True,20.099999999999987,0.0,2541.439044126614,27.200000000000045,2826.733089514922
22010400.0,685,iso13790,native,True,20.100000000000005,0.0,2080.979376849629,25.600000000000023,-26.045532000000016
22014000.0,685,iso13790,native,True,20.099999999999994,0.0,1212.823505512995,21.700000000000045,-101.56212000000002
22017600.0,685,iso13790,native,True,20.100000000000005,0.0,719.5719610136513,21.100000000000023,-101.56212000000002
22021200.0,685,iso13790,native,True,20.100000000000005,0.0,282.4244187375275,16.700000000000045,-101.56212000000002
22024800.0,685,iso13790,native,True,19.914091764381805,0.0,0.0,14.400000000000034,-101.56212000000002
22028400.0,685,iso13790,native,True,19.899999999999995,251.1580140239141,0.0,12.800000000000011,-101.56212000000002
22032000.0,685,iso13790,native,True,19.9,411.7047329958489,0.0,12.200000000000045,-101.56212000000002
22035600.0,685,iso13790,native,True,19.9,610.9083763269571,0.0,9.400000000000034,-101.56212000000002
22039200.0,685,iso13790,native,True,19.9,830.0943604180302,0.0,6.7000000000000455,-101.56212000000002
22042800.0,685,iso13790,native,True,19.9,882.8696369065705,0.0,8.300000000000011,-101.56212000000002
22046400.0,685,iso13790,native,True,19.899999999999995,882.5898269930576,0.0,8.900000000000034,-101.56212000000002
22050000.0,685,iso13790,native,True,19.900000000000002,926.5025892713219,0.0,7.800000000000011,-101.56212000000002
22053600.0,685,iso13790,native,True,19.900000000000002,930.7428983470825,0.0,8.300000000000011,-101.56212000000002
22057200.0,685,iso13790,native,True,19.899999999999995,762.0383047099202,0.0,10.600000000000023,263.1694747024102
22060800.0,685,iso13790,native,True,19.900000000000002,471.60560830362084,0.0,11.700000000000045,726.7516305199134
22064400.0,685,iso13790,native,True,19.900000000000002,104.17753408755165,0.0,13.300000000000011,1093.9431588315986
22068000.0,685,iso13790,native,True,20.1,0.0,273.4926267875005,15.0,1608.888959512366
22071600.0,685,iso13790,native,True,20.099999999999994,0.0,621.5040455371388,17.200000000000045,1300.6146956531766
22075200.0,685,iso13790,native,True,20.099999999999987,0.0,778.069727975381,18.900000000000034,1065.21752527803
22078800.0,685,iso13790,native,True,20.100000000000012,0.0,767.0632470331649,19.400000000000034,686.0131455812042
22082400.0,685,iso13790,native,True,20.1,0.0,762.4784630680964,20.0,857.4521050327461
22086000.0,685,iso13790,native,True,20.099999999999994,0.0,997.0890428955806,18.900000000000034,2083.7235831336
22089600.0,685,iso13790,native,True,20.099999999999987,0.0,1177.0532958520794,18.900000000000034,1439.8620509333741
22093200.0,685,iso13790,native,True,20.099999999999994,0.0,850.9090284619026,17.200000000000045,243.65656799999994
22096800.0,685,iso13790,native,True,20.099999999999987,0.0,392.1238289292611,16.100000000000023,-9.863406000000012
22100400.0,685,iso13790,native,True,20.099999999999998,0.0,72.96802271976412,15.600000000000023,-101.56212000000002
22104000.0,685,iso13790,native,True,19.899999999999995,242.45863369975902,0.0,11.100000000000023,-101.56212000000002
22107600.0,685,iso13790,native,True,19.899999999999995,455.51960194318553,0.0,11.100000000000023,-101.56212000000002
22111200.0,685,iso13790,native,True,19.900000000000002,586.3539827212497,0.0,10.600000000000023,-101.56212000000002
22114800.0,685,iso13790,native,True,19.900000000000002,679.6517544622751,0.0,10.0,-101.56212000000002
22118400.0,685,iso13790,native,True,19.899999999999995,753.701858982844,0.0,9.400000000000034,-101.56212000000002
22122000.0,685,iso13790,native,True,19.9,813.6810422476141,0.0,8.900000000000034,-101.56212000000002
22125600.0,685,iso13790,native,True,19.900000000000002,825.127476423859,0.0,9.400000000000034,-101.56212000000002
22129200.0,685,iso13790,native,True,19.89999999999999,850.6585110575023,0.0,8.900000000000034,-101.56212000000002
22132800.0,685,iso13790,native,True,19.899999999999988,864.8023777110047,0.0,8.900000000000034,-101.56212000000002
22136400.0,685,iso13790,native,True,19.899999999999988,896.7624757252498,0.0,8.300000000000011,-101.56212000000002
22140000.0,685,iso13790,native,True,19.899999999999995,889.7822326383136,0.0,8.900000000000034,-101.56212000000002
22143600.0,685,iso13790,native,True,19.9,720.8788390195729,0.0,10.600000000000023,354.159726340997
22147200.0,685,iso13790,native,True,19.9,362.47215381826186,0.0,15.0,427.0222104776674
22150800.0,685,iso13790,native,True,19.900000000000002,11.69032253123947,0.0,17.80000000000001,574.7203885462936
22154400.0,685,iso13790,native,True,20.1,0.0,285.9002088610604,19.400000000000034,921.245933570384
22158000.0,685,iso13790,native,True,20.09999999999999,0.0,587.4466199052878,20.600000000000023,916.5642359274937
22161600.0,685,iso13790,native,True,20.09999999999999,0.0,822.652667552535,21.700000000000045,1073.2256312670297
22165200.0,685,iso13790,native,True,20.09999999999997,0.0,1011.1711926438376,20.600000000000023,1484.2442300395376
22168800.0,685,iso13790,native,True,20.1,0.0,956.0126584490702,19.400000000000034,680.5739699999999
22172400.0,685,iso13790,native,True,20.099999999999998,0.0,487.3393942200761,13.0,448.6301639999999
22176000.0,685,iso13790,native,True,20.099999999999998,0.0,249.26113175003522,15.0,308.385072
22179600.0,685,iso13790,native,True,20.10000000000001,0.0,209.56043340672792,15.0,801.0502761515229
22183200.0,685,iso13790,native,True,20.099999999999998,0.0,269.8919678749834,13.300000000000011,1152.6094310294945
22186800.0,685,iso13790,native,True,20.03190710423102,0.0,0.0,10.600000000000023,-101.56212000000002
22190400.0,685,iso13790,native,True,19.900000000000002,418.57777143909846,0.0,8.300000000000011,-101.56212000000002
22194000.0,685,iso13790,native,True,19.9,572.4162424764431,0.0,10.600000000000023,-101.56212000000002
22197600.0,685,iso13790,native,True,19.9,697.0738368398802,0.0,9.400000000000034,-101.56212000000002
22201200.0,685,iso13790,native,True,19.9,739.1951983580358,0.0,10.0,-101.56212000000002
22204800.0,685,iso13790,native,True,19.899999999999995,759.8901218108514,0.0,10.0,-101.56212000000002
22208400.0,685,iso13790,native,True,19.899999999999995,770.6040073034275,0.0,10.0,-101.56212000000002
22212000.0,685,iso13790,native,True,19.899999999999995,845.957562140548,0.0,8.300000000000011,-101.56212000000002
22215600.0,685,iso13790,native,True,19.899999999999995,888.1179591519212,0.0,8.300000000000011,-101.56212000000002
22219200.0,685,iso13790,native,True,19.89999999999999,885.306914770311,0.0,8.900000000000034,-101.56212000000002
22222800.0,685,iso13790,native,True,19.899999999999995,882.7400632852466,0.0,8.900000000000034,-101.56212000000002
22226400.0,685,iso13790,native,True,19.900000000000002,926.5803674972225,0.0,7.800000000000011,-101.56212000000002
22230000.0,685,iso13790,native,True,19.9,723.9567338787376,0.0,11.100000000000023,341.98635343602564
22233600.0,685,iso13790,native,True,19.9,385.7128840280716,0.0,14.400000000000034,446.28410364331546
22237200.0,685,iso13790,native,True,19.962312411542907,0.0,0.0,18.30000000000001,656.0313369177553
22240800.0,685,iso13790,native,True,20.10000000000001,0.0,367.3063635302265,20.600000000000023,918.3009997898932
22244400.0,685,iso13790,native,True,20.1,0.0,716.3382965997824,22.200000000000045,1009.7118823052449
22248000.0,685,iso13790,native,True,20.099999999999973,0.0,918.0360145992408,23.30000000000001,808.9030697411164
22251600.0,685,iso13790,native,True,20.099999999999987,0.0,985.445854456731,23.900000000000034,654.6738919243866
22255200.0,685,iso13790,native,True,20.099999999999994,0.0,1010.2999541186456,24.400000000000034,619.4042152838072
22258800.0,685,iso13790,native,True,20.099999999999998,0.0,1311.8292980911094,25.0,1916.8419602672034
22262400.0,685,iso13790,native,True,20.09999999999997,0.0,1878.4107899097569,25.0,2903.128092598822
22266000.0,685,iso13790,native,True,20.099999999999977,0.0,2406.7599430107257,24.400000000000034,3404.053237695502
22269600.0,685,iso13790,native,True,20.100000000000037,0.0,2396.5127499376913,20.600000000000023,2410.128387574774
22273200.0,685,iso13790,native,True,20.100000000000005,0.0,1567.2913311828747,17.200000000000045,-101.56212000000002
22276800.0,685,iso13790,native,True,20.100000000000005,0.0,668.8995013538656,15.600000000000023,-101.56212000000002
22280400.0,685,iso13790,native,True,20.1,0.0,266.5331558240916,17.200000000000045,-101.56212000000002
22284000.0,685,iso13790,native,True,20.081960187242,0.0,0.0,15.600000000000023,-101.56212000000002
22287600.0,685,iso13790,native,True,19.899999999999995,193.6328466150001,0.0,13.300000000000011,-101.56212000000002
22291200.0,685,iso13790,native,True,19.899999999999995,380.9973126877481,0.0,12.200000000000045,-101.56212000000002
22294800.0,685,iso13790,native,True,19.9,410.2279582074014,0.0,13.900000000000034,-101.56212000000002
22298400.0,685,iso13790,native,True,19.900000000000002,582.3566958900859,0.0,10.0,-101.56212000000002
22302000.0,685,iso13790,native,True,19.899999999999995,543.1863565323279,0.0,13.300000000000011,-101.56212000000002
22305600.0,685,iso13790,native,True,19.9,607.1324313875016,0.0,11.100000000000023,-101.56212000000002
22309200.0,685,iso13790,native,True,19.900000000000002,644.313405383796,0.0,11.100000000000023,-101.56212000000002
22312800.0,685,iso13790,native,True,19.900000000000002,638.9244839627114,0.0,11.700000000000045,-101.56212000000002
22316400.0,685,iso13790,native,True,19.899999999999995,453.5462951106067,0.0,14.400000000000034,239.40130287050698
22320000.0,685,iso13790,native,True,19.9,29.82742889065255,0.0,18.30000000000001,764.2869945745244
22323600.0,685,iso13790,native,True,20.1,0.0,420.04167387511717,21.100000000000023,1128.0607874637453
22327200.0,685,iso13790,native,True,20.100000000000016,0.0,898.7636634229106,21.700000000000045,1693.339018445252
22330800.0,685,iso13790,native,True,20.1,0.0,1389.89282998144,24.400000000000034,1895.867805986122
22334400.0,685,iso13790,native,True,20.09999999999998,0.0,1553.1192828050978,25.0,1158.5046794969846
22338000.0,685,iso13790,native,True,20.09999999999998,0.0,1674.8692370500357,26.700000000000045,1558.8589228004148
22341600.0,685,iso13790,native,True,20.099999999999994,0.0,1853.8952704627839,26.700000000000045,1798.136338792479
22345200.0,685,iso13790,native,True,20.10000000000004,0.0,2080.978451659209,27.80000000000001,2046.354895331398
22348800.0,685,iso13790,native,True,20.099999999999998,0.0,2400.6750648286024,27.200000000000045,2942.095899961394
22352400.0,685,iso13790,native,True,20.09999999999999,0.0,2604.1356722796577,25.600000000000023,2764.1307578088645
22356000.0,685,iso13790,native,True,20.100000000000016,0.0,2046.832708310691,24.400000000000034,-47.62170000000001
22359600.0,685,iso13790,native,True,20.099999999999998,0.0,1300.3810563722207,24.400000000000034,-101.56212000000002
22363200.0,685,iso13790,native,True,20.1,0.0,749.371589894949,20.600000000000023,-101.56212000000002
22366800.0,685,iso13790,native,True,20.099999999999994,0.0,432.4331027798534,20.0,-101.56212000000002
22370400.0,685,iso13790,native,True,20.1,0.0,176.90224063472692,17.80000000000001,-101.56212000000002
22374000.0,685,iso13790,native,True,19.9,49.06802349576071,0.0,14.400000000000034,-101.56212000000002
22377600.0,685,iso13790,native,True,19.9,189.14129479326394,0.0,15.0,-101.56212000000002
22381200.0,685,iso13790,native,True,19.899999999999995,305.71568561311165,0.0,13.900000000000034,-101.56212000000002
22384800.0,685,iso13790,native,True,19.899999999999995,413.2739771871957,0.0,12.800000000000011,-101.56212000000002
22388400.0,685,iso13790,native,True,19.899999999999995,495.63313552462364,0.0,12.200000000000045,-101.56212000000002
22392000.0,685,iso13790,native,True,19.899999999999995,514.744787025613,0.0,12.800000000000011,-101.56212000000002
22395600.0,685,iso13790,native,True,19.899999999999995,663.1412707906314,0.0,9.400000000000034,-101.56212000000002
22399200.0,685,iso13790,native,True,19.899999999999995,766.7972847771446,0.0,8.900000000000034,-101.56212000000002
22402800.0,685,iso13790,native,True,19.900000000000002,457.38623512121154,0.0,15.600000000000023,327.63921734152245
22406400.0,685,iso13790,native,True,20.100000000000005,0.0,11.771140706882164,22.200000000000045,364.81385242623514
22410000.0,685,iso13790,native,True,20.100000000000023,0.0,511.85426878783716,25.0,764.1314579411954
22413600.0,685,iso13790,native,True,20.100000000000005,0.0,818.0352172295809,25.600000000000023,543.5779361222129
22417200.0,685,iso13790,native,True,20.09999999999997,0.0,994.0001574316886,26.700000000000045,572.7555364470647
22420800.0,685,iso13790,native,True,20.10000000000001,0.0,1117.07574492268,27.200000000000045,595.9116971420976
22424400.0,685,iso13790,native,True,20.099999999999994,0.0,1234.4178854103623,28.900000000000034,495.61730007253004
22428000.0,685,iso13790,native,True,20.10000000000001,0.0,1321.1929141476508,29.400000000000034,583.5155755978544
22431600.0,685,iso13790,native,True,20.099999999999994,0.0,1716.048067121466,30.600000000000023,1963.8114747426237
22435200.0,685,iso13790,native,True,20.10000000000001,0.0,2344.8132094669936,30.0,3067.416993219679
22438800.0,685,iso13790,native,True,20.100000000000044,0.0,2866.9369300818485,28.30000000000001,3516.7400555768936
22442400.0,685,iso13790,native,True,20.10000000000002,0.0,2700.2939281121467,22.80000000000001,2169.4757840704983
22446000.0,685,iso13790,native,True,20.09999999999999,0.0,1760.3959884568903,18.900000000000034,-101.56212000000002
22449600.0,685,iso13790,native,True,20.10000000000001,0.0,862.3587046003623,17.80000000000001,-101.56212000000002
22453200.0,685,iso13790,native,True,20.1,0.0,485.73994091192725,20.0,-101.56212000000002
22456800.0,685,iso13790,native,True,20.1,0.0,179.86177540453045,17.200000000000045,-101.56212000000002
22460400.0,685,iso13790,native,True,19.9,24.009677924217865,0.0,15.0,-101.56212000000002
22464000.0,685,iso13790,native,True,19.900000000000002,310.5644182646099,0.0,11.700000000000045,-101.56212000000002
22467600.0,685,iso13790,native,True,19.899999999999995,444.49763786626465,0.0,12.200000000000045,-101.56212000000002
22471200.0,685,iso13790,native,True,19.899999999999995,533.4408129890335,0.0,11.700000000000045,-101.56212000000002
22474800.0,685,iso13790,native,True,19.900000000000002,605.0512573253428,0.0,11.100000000000023,-101.56212000000002
22478400.0,685,iso13790,native,True,19.9,598.0667905810584,0.0,12.200000000000045,-101.56212000000002
22482000.0,685,iso13790,native,True,19.9,682.75139301254,0.0,10.0,-101.56212000000002
22485600.0,685,iso13790,native,True,19.900000000000002,706.0310928572288,0.0,10.600000000000023,-101.56212000000002
22489200.0,685,iso13790,native,True,19.899999999999995,515.3478561983045,0.0,13.300000000000011,336.69169144782495
22492800.0,685,iso13790,native,True,19.899999999999995,199.37792193203762,0.0,15.600000000000023,570.983357827846
22496400.0,685,iso13790,native,True,20.1,0.0,24.404157918752578,16.700000000000045,685.6241874910713
22500000.0,685,iso13790,native,True,20.099999999999998,0.0,348.08460456423876,19.400000000000034,856.420734312842
22503600.0,685,iso13790,native,True,20.100000000000005,0.0,627.5180472465906,21.100000000000023,904.9535234647163
22507200.0,685,iso13790,native,True,20.09999999999998,0.0,1005.7645466169098,23.900000000000034,1425.4441497082598
22510800.0,685,iso13790,native,True,20.1,0.0,1261.8465110205002,24.400000000000034,1194.8720294786604
22514400.0,685,iso13790,native,True,20.1,0.0,1562.4441111872611,26.700000000000045,1721.7441406567518
22518000.0,685,iso13790,native,True,20.100000000000016,0.0,1935.637209730543,27.80000000000001,2131.4541151667736
22521600.0,685,iso13790,native,True,20.099999999999977,0.0,2352.048654835011,27.200000000000045,3005.6623699203165
22525200.0,685,iso13790,native,True,20.09999999999997,0.0,2645.3195115913063,24.400000000000034,3273.997618745015
22528800.0,685,iso13790,native,True,20.100000000000016,0.0,2458.565766746598,21.100000000000023,2113.527705625059
22532400.0,685,iso13790,native,True,20.099999999999987,0.0,1623.2570451561269,18.900000000000034,-101.56212000000002
22536000.0,685,iso13790,native,True,20.100000000000016,0.0,791.3610544545517,17.80000000000001,-101.56212000000002
22539600.0,685,iso13790,native,True,20.1,0.0,358.64567620948094,17.80000000000001,-101.56212000000002
22543200.0,685,iso13790,native,True,20.100000000000005,0.0,89.45716150932329,16.700000000000045,-101.56212000000002
22546800.0,685,iso13790,native,True,19.900000000000002,116.90816264240478,0.0,13.900000000000034,-101.56212000000002
22550400.0,685,iso13790,native,True,19.900000000000002,270.3580161453056,0.0,13.900000000000034,-101.56212000000002
22554000.0,685,iso13790,native,True,19.899999999999995,374.4376556953104,0.0,13.300000000000011,-101.56212000000002
22557600.0,685,iso13790,native,True,19.9,474.60104238552475,0.0,12.200000000000045,-101.56212000000002
22561200.0,685,iso13790,native,True,19.900000000000006,549.0255253312387,0.0,11.700000000000045,-101.56212000000002
22564800.0,685,iso13790,native,True,19.900000000000006,588.4818222407417,0.0,11.700000000000045,-101.56212000000002
22568400.0,685,iso13790,native,True,19.899999999999995,678.7154951610981,0.0,10.0,-101.56212000000002
22572000.0,685,iso13790,native,True,19.9,728.5794181905002,0.0,10.0,-101.56212000000002
22575600.0,685,iso13790,native,True,19.9,659.7501842365717,0.0,10.600000000000023,236.50097452686572
22579200.0,685,iso13790,native,True,19.900000000000002,457.6311995464363,0.0,12.800000000000011,340.749324
22582800.0,685,iso13790,native,True,19.900000000000002,36.46347272080312,0.0,16.100000000000023,1115.638249435084
22586400.0,685,iso13790,native,True,20.10000000000001,0.0,347.4343052082902,18.30000000000001,1100.6856904058932
22590000.0,685,iso13790,native,True,20.1,0.0,675.7169399252424,21.700000000000045,843.7081707930195
22593600.0,685,iso13790,native,True,20.1,0.0,886.3401213522214,23.900000000000034,769.6326730357288
22597200.0,685,iso13790,native,True,20.10000000000003,0.0,1056.0643582445261,25.600000000000023,762.4475952119333
22600800.0,685,iso13790,native,True,20.10000000000001,0.0,1216.7165511748187,27.200000000000045,786.9350072832627
22604400.0,685,iso13790,native,True,20.10000000000001,0.0,1598.1292305039,27.80000000000001,2075.1704072189254
22608000.0,685,iso13790,native,True,20.100000000000016,0.0,2193.377316970553,27.200000000000045,3126.1807852291877
22611600.0,685,iso13790,native,True,20.099999999999977,0.0,2658.496977668093,26.700000000000045,3186.224596522061
22615200.0,685,iso13790,native,True,20.10000000000006,0.0,2502.138255461854,22.80000000000001,2000.3327808206689
22618800.0,685,iso13790,native,True,20.10000000000001,0.0,1585.8988426859485,17.80000000000001,-101.56212000000002
22622400.0,685,iso13790,native,True,20.10000000000001,0.0,700.1757230273408,16.100000000000023,-101.56212000000002
22626000.0,685,iso13790,native,True,20.1,0.0,238.48216156809744,16.100000000000023,-101.56212000000002
22629600.0,685,iso13790,native,True,20.10000000000001,0.0,44.62982543462839,17.200000000000045,-101.56212000000002
22633200.0,685,iso13790,native,True,19.900000000000002,69.38233247183693,0.0,15.600000000000023,-101.56212000000002
22636800.0,685,iso13790,native,True,19.900000000000002,127.62810754549457,0.0,16.700000000000045,-101.56212000000002
22640400.0,685,iso13790,native,True,19.900000000000002,225.5513510192608,0.0,15.0,-101.56212000000002
22644000.0,685,iso13790,native,True,19.9,369.73456777552735,0.0,12.800000000000011,-101.56212000000002
22647600.0,685,iso13790,native,True,19.900000000000002,448.4547894303065,0.0,12.800000000000011,-101.56212000000002
22651200.0,685,iso13790,native,True,19.899999999999995,489.2087184159573,0.0,12.800000000000011,-101.56212000000002
22654800.0,685,iso13790,native,True,19.900000000000002,534.9450046546681,0.0,12.200000000000045,-101.56212000000002
22658400.0,685,iso13790,native,True,19.9,559.7345102629351,0.0,12.200000000000045,-101.56212000000002
22662000.0,685,iso13790,native,True,19.9,299.56727460146266,0.0,16.700000000000045,324.44521227779785
22665600.0,685,iso13790,native,True,20.099999999999994,0.0,18.67523408370252,20.0,432.44810993292964
22669200.0,685,iso13790,native,True,20.10000000000001,0.0,441.2585617409951,23.30000000000001,711.106796679428
22672800.0,685,iso13790,native,True,20.099999999999987,0.0,874.2282417143335,26.700000000000045,828.9946566968339
22676400.0,685,iso13790,native,True,20.10000000000002,0.0,1241.2023172625381,28.30000000000001,1081.000297006225
22680000.0,685,iso13790,native,True,20.099999999999994,0.0,1583.9645934822029,30.600000000000023,1155.978746250887
22683600.0,685,iso13790,native,True,20.099999999999948,0.0,1795.8331982205646,30.600000000000023,1244.366637473775
22687200.0,685,iso13790,native,True,20.099999999999998,0.0,1912.0362520719546,31.700000000000045,990.234169472453
22690800.0,685,iso13790,native,True,20.100000000000048,0.0,2161.7685427184915,31.700000000000045,2089.8724284209793
22694400.0,685,iso13790,native,True,20.099999999999966,0.0,2530.6984044894757,30.0,2744.667927247668
22698000.0,685,iso13790,native,True,20.100000000000037,0.0,2371.417933920705,28.900000000000034,786.5785802372698
22701600.0,685,iso13790,native,True,20.100000000000005,0.0,1630.984960443488,24.400000000000034,6.318719999999985
22705200.0,685,iso13790,native,True,20.100000000000023,0.0,937.5832196264475,20.600000000000023,-101.56212000000002
22708800.0,685,iso13790,native,True,20.100000000000016,0.0,505.2336540139832,19.400000000000034,-101.56212000000002
22712400.0,685,iso13790,native,True,20.1,0.0,234.01140866502624,18.30000000000001,-101.56212000000002
22716000.0,685,iso13790,native,True,20.1,0.0,1.2218204539272672,16.100000000000023,-101.56212000000002
22719600.0,685,iso13790,native,True,19.96789573707129,0.0,0.0,18.30000000000001,-101.56212000000002
22723200.0,685,iso13790,native,True,19.9,6.942576657389485,0.0,18.30000000000001,-101.56212000000002
22726800.0,685,iso13790,native,True,19.9,24.600043042099497,0.0,18.30000000000001,-101.56212000000002
22730400.0,685,iso13790,native,True,19.899999999999995,9.103685106891474,0.0,18.900000000000034,-101.56212000000002
22734000.0,685,iso13790,native,True,19.900121693717182,0.0,0.0,18.900000000000034,-101.56212000000002
22737600.0,685,iso13790,native,True,20.001181987206014,0.0,0.0,19.400000000000034,-101.56212000000002
22741200.0,685,iso13790,native,True,20.00649095705347,0.0,0.0,18.900000000000034,-101.56212000000002
22744800.0,685,iso13790,native,True,20.099999999999998,0.0,21.96100237156942,20.0,-101.56212000000002
22748400.0,685,iso13790,native,True,20.1,0.0,108.75146817745643,19.400000000000034,278.253346572639
22752000.0,685,iso13790,native,True,20.10000000000001,0.0,417.9077146273267,22.200000000000045,714.3671278242251
22755600.0,685,iso13790,native,True,20.099999999999994,0.0,899.681832152039,27.200000000000045,918.4931514197725
22759200.0,685,iso13790,native,True,20.09999999999999,0.0,1300.6036462758896,29.400000000000034,1013.2905729752681
22762800.0,685,iso13790,native,True,20.09999999999998,0.0,1682.9091085035957,29.400000000000034,1765.0873206802773
22766400.0,685,iso13790,native,True,20.099999999999994,0.0,1859.211084524236,29.400000000000034,1086.708009737651
22770000.0,685,iso13790,native,True,20.09999999999998,0.0,1849.6062097650597,29.400000000000034,1117.491372
22773600.0,685,iso13790,native,True,20.10000000000001,0.0,1494.710342090724,22.80000000000001,712.938222
22777200.0,685,iso13790,native,True,20.099999999999994,0.0,1218.525513997867,23.900000000000034,416.26591199999996
22780800.0,685,iso13790,native,True,20.099999999999994,0.0,1336.9101564301836,26.700000000000045,1339.8538957004273
22784400.0,685,iso13790,native,True,20.10000000000001,0.0,1483.170347647901,25.600000000000023,1238.1252286591257
22788000.0,685,iso13790,native,True,20.1,0.0,1202.4745917533482,23.900000000000034,-58.40978400000001
22791600.0,685,iso13790,native,True,20.099999999999994,0.0,725.1123810962143,21.100000000000023,-101.56212000000002
22795200.0,685,iso13790,native,True,20.1,0.0,445.4379967459486,20.600000000000023,-101.56212000000002
22798800.0,685,iso13790,native,True,20.1,0.0,229.91568750147806,18.900000000000034,-101.56212000000002
22802400.0,685,iso13790,native,True,20.099999999999998,0.0,45.38217671759399,17.200000000000045,-101.56212000000002
22806000.0,685,iso13790,native,True,19.9,68.99283571847938,0.0,15.600000000000023,-101.56212000000002
22809600.0,685,iso13790,native,True,19.9,242.4025536267523,0.0,13.900000000000034,-101.56212000000002
22813200.0,685,iso13790,native,True,19.9,314.79576719872483,0.0,14.400000000000034,-101.56212000000002
22816800.0,685,iso13790,native,True,19.9,351.3478687914275,0.0,14.400000000000034,-101.56212000000002
22820400.0,685,iso13790,native,True,19.9,345.633376370439,0.0,15.0,-101.56212000000002
22824000.0,685,iso13790,native,True,19.899999999999995,366.2011262510351,0.0,14.400000000000034,-101.56212000000002
22827600.0,685,iso13790,native,True,19.9,443.6613536009022,0.0,12.800000000000011,-101.56212000000002
22831200.0,685,iso13790,native,True,19.9,531.8963066123738,0.0,11.700000000000045,-101.56212000000002
22834800.0,685,iso13790,native,True,19.899999999999995,464.48020247446937,0.0,12.800000000000011,236.29907909047654
22838400.0,685,iso13790,native,True,19.899999999999995,188.65272855742188,0.0,15.0,695.702148607513
22842000.0,685,iso13790,native,True,20.099999999999998,0.0,61.50777300267313,15.600000000000023,966.2575092219256
22845600.0,685,iso13790,native,True,20.099999999999998,0.0,437.7111812886612,17.80000000000001,1309.3263593856518
22849200.0,685,iso13790,native,True,20.099999999999998,0.0,822.596050644878,18.900000000000034,1727.7036666845383
22852800.0,685,iso13790,native,True,20.099999999999994,0.0,1038.4643984369704,20.600000000000023,1141.5589539777416
22856400.0,685,iso13790,native,True,20.09999999999998,0.0,1134.9020444184368,21.700000000000045,1281.757851115461
22860000.0,685,iso13790,native,True,20.100000000000012,0.0,1325.781961248159,22.200000000000045,1746.401565650038
22863600.0,685,iso13790,native,True,20.1,0.0,1365.2177847370572,22.80000000000001,981.4424923027414
22867200.0,685,iso13790,native,True,20.099999999999998,0.0,1085.7267091584608,21.700000000000045,329.96124
22870800.0,685,iso13790,native,True,20.100000000000005,0.0,628.9357906286624,17.80000000000001,103.411476
22874400.0,685,iso13790,native,True,20.1,0.0,267.3794050770248,16.700000000000045,-74.59191000000001
22878000.0,685,iso13790,native,True,20.09706068875915,0.0,0.0,15.600000000000023,-101.56212000000002
22881600.0,685,iso13790,native,True,19.9,145.33589918452563,0.0,14.400000000000034,-101.56212000000002
22885200.0,685,iso13790,native,True,19.899999999999995,329.318106210901,0.0,12.800000000000011,-101.56212000000002
22888800.0,685,iso13790,native,True,19.9,497.3378581689635,0.0,11.100000000000023,-101.56212000000002
22892400.0,685,iso13790,native,True,19.900000000000002,608.0035437705443,0.0,10.600000000000023,-101.56212000000002
22896000.0,685,iso13790,native,True,19.899999999999995,645.6906829822002,0.0,11.100000000000023,-101.56212000000002
22899600.0,685,iso13790,native,True,19.900000000000002,709.4444211208263,0.0,10.0,-101.56212000000002
22903200.0,685,iso13790,native,True,19.900000000000002,674.681054400727,0.0,11.700000000000045,-101.56212000000002
22906800.0,685,iso13790,native,True,19.899999999999995,678.1721740022657,0.0,11.100000000000023,-101.56212000000002
22910400.0,685,iso13790,native,True,19.900000000000002,750.898016809372,0.0,9.400000000000034,-101.56212000000002
22914000.0,685,iso13790,native,True,19.89999999999999,767.0602978467933,0.0,10.0,-101.56212000000002
22917600.0,685,iso13790,native,True,19.899999999999988,798.95378402764,0.0,9.400000000000034,-101.56212000000002
22921200.0,685,iso13790,native,True,19.9,636.0607066704356,0.0,11.700000000000045,314.07982949094924
22924800.0,685,iso13790,native,True,19.899999999999995,326.6270589187976,0.0,14.400000000000034,527.807890153292
22928400.0,685,iso13790,native,True,20.013464730633267,0.0,0.0,17.200000000000045,725.9632748632575
22932000.0,685,iso13790,native,True,20.100000000000005,0.0,329.5341694810571,19.400000000000034,879.1359241113743
22935600.0,685,iso13790,native,True,20.099999999999994,0.0,711.8116358208256,23.30000000000001,904.7971586387118
22939200.0,685,iso13790,native,True,20.1,0.0,1059.8586676246914,26.100000000000023,1020.1214534947217
22942800.0,685,iso13790,native,True,20.100000000000016,0.0,1386.212534942503,27.80000000000001,1275.7745746387284
22946400.0,685,iso13790,native,True,20.100000000000044,0.0,1658.2160397859334,27.80000000000001,1563.0048930386224
22950000.0,685,iso13790,native,True,20.100000000000026,0.0,1895.1530828268762,28.30000000000001,1708.7282798159154
22953600.0,685,iso13790,native,True,20.099999999999994,0.0,1934.8384786615522,27.200000000000045,1410.4176363388278
22957200.0,685,iso13790,native,True,20.099999999999994,0.0,1875.8965224372964,25.600000000000023,1581.4341040520333
22960800.0,685,iso13790,native,True,20.100000000000012,0.0,1684.0725653734235,24.400000000000034,924.1661640137598
22964400.0,685,iso13790,native,True,20.1,0.0,1085.5413872711174,20.0,-101.56212000000002
22968000.0,685,iso13790,native,True,20.100000000000005,0.0,675.1655702919267,21.700000000000045,-101.56212000000002
22971600.0,685,iso13790,native,True,20.099999999999994,0.0,305.71570057528317,17.80000000000001,-101.56212000000002
22975200.0,685,iso13790,native,True,20.1,0.0,62.054996946471185,16.700000000000045,-101.56212000000002
22978800.0,685,iso13790,native,True,19.9,85.92524836445686,0.0,15.0,-101.56212000000002
22982400.0,685,iso13790,native,True,19.9,182.4732094979676,0.0,15.600000000000023,-101.56212000000002
22986000.0,685,iso13790,native,True,19.899999999999995,280.62057620752455,0.0,14.400000000000034,-101.56212000000002
22989600.0,685,iso13790,native,True,19.9,444.52497018712774,0.0,11.700000000000045,-101.56212000000002
22993200.0,685,iso13790,native,True,19.899999999999995,489.21208205006167,0.0,12.800000000000011,-101.56212000000002
22996800.0,685,iso13790,native,True,19.9,419.97065515100803,0.0,15.0,-101.56212000000002
23000400.0,685,iso13790,native,True,19.899999999999995,404.6859795292124,0.0,14.400000000000034,-101.56212000000002
23004000.0,685,iso13790,native,True,19.9,508.7543705910237,0.0,11.700000000000045,-101.56212000000002
23007600.0,685,iso13790,native,True,19.900000000000006,532.5807323462078,0.0,12.200000000000045,-31.43957400000002
23011200.0,685,iso13790,native,True,19.90000000000001,517.69045226309,0.0,11.700000000000045,141.16977
23014800.0,685,iso13790,native,True,19.9,369.1950300664446,0.0,12.800000000000011,475.600374
23018400.0,685,iso13790,native,True,20.100000000000005,0.0,35.21594081497756,15.600000000000023,1478.376166978076
23022000.0,685,iso13790,native,True,20.1,0.0,569.8936257204783,17.200000000000045,1741.357903318256
23025600.0,685,iso13790,native,True,20.099999999999998,0.0,975.3235118244527,18.900000000000034,1810.294540319281
23029200.0,685,iso13790,native,True,20.100000000000037,0.0,1249.2630380877542,20.0,1833.6117569952157
23032800.0,685,iso13790,native,True,20.099999999999987,0.0,1368.4186763246705,21.100000000000023,1478.3976874138323
23036400.0,685,iso13790,native,True,20.099999999999984,0.0,1517.604345428422,20.600000000000023,2261.431413347944
23040000.0,685,iso13790,native,True,20.099999999999994,0.0,1662.751862496267,20.600000000000023,1996.0348464716062
23043600.0,685,iso13790,native,True,20.09999999999999,0.0,1771.2761188357722,18.900000000000034,2696.9535768209344
23047200.0,685,iso13790,native,True,20.099999999999994,0.0,1546.2490144732674,15.600000000000023,1473.4239267914538
23050800.0,685,iso13790,native,True,20.10000000000001,0.0,809.6030368921892,13.300000000000011,-101.56212000000002
23054400.0,685,iso13790,native,True,20.1,0.0,109.26935530506753,11.700000000000045,-101.56212000000002
23058000.0,685,iso13790,native,True,19.9,230.8903375845775,0.0,11.100000000000023,-101.56212000000002
23061600.0,685,iso13790,native,True,19.9,424.8928921817949,0.0,11.700000000000045,-101.56212000000002
23065200.0,685,iso13790,native,True,19.899999999999995,524.2176165534204,0.0,11.700000000000045,-101.56212000000002
23068800.0,685,iso13790,native,True,19.900000000000002,555.1071748770217,0.0,12.200000000000045,-101.56212000000002
23072400.0,685,iso13790,native,True,19.900000000000006,615.3417647845745,0.0,11.100000000000023,-101.56212000000002
23076000.0,685,iso13790,native,True,19.90000000000001,669.0948711213719,0.0,10.600000000000023,-101.56212000000002
23079600.0,685,iso13790,native,True,19.899999999999995,722.4872066394255,0.0,10.0,-101.56212000000002
23083200.0,685,iso13790,native,True,19.899999999999995,792.3031842919705,0.0,9.0,-101.56212000000002
23086800.0,685,iso13790,native,True,19.899999999999995,834.4062169563252,0.0,8.900000000000034,-101.56212000000002
23090400.0,685,iso13790,native,True,19.899999999999995,856.3884679718034,0.0,8.900000000000034,-101.56212000000002
23094000.0,685,iso13790,native,True,19.89999999999999,858.9283238275817,0.0,8.0,119.59360199999999
23097600.0,685,iso13790,native,True,19.9,768.766088587328,0.0,8.900000000000034,222.08039999999997
23101200.0,685,iso13790,native,True,19.9,606.5497334477299,0.0,10.0,475.600374
23104800.0,685,iso13790,native,True,19.899999999999995,156.48989818733506,0.0,13.300000000000011,1385.6437202515958
23108400.0,685,iso13790,native,True,20.1,0.0,366.4469451489853,16.100000000000023,1747.7215871627486
23112000.0,685,iso13790,native,True,20.099999999999994,0.0,702.5892120715849,17.80000000000001,1224.9778438269543
23115600.0,685,iso13790,native,True,20.099999999999994,0.0,791.5319379105173,20.0,761.7678581643634
23119200.0,685,iso13790,native,True,20.10000000000001,0.0,906.2029163480499,21.700000000000045,1090.0258469026533
23122800.0,685,iso13790,native,True,20.10000000000001,0.0,1278.7392905587672,22.200000000000045,2237.3654520585555
23126400.0,685,iso13790,native,True,20.10000000000001,0.0,1878.121783139189,22.200000000000045,3320.0202155742554
23130000.0,685,iso13790,native,True,20.099999999999955,0.0,2334.904720190417,21.700000000000045,3299.942227949022
23133600.0,685,iso13790,native,True,20.099999999999994,0.0,1899.9544634590698,17.200000000000045,969.7114960786025
23137200.0,685,iso13790,native,True,20.1,0.0,961.214608867195,14.400000000000034,-101.56212000000002
23140800.0,685,iso13790,native,True,20.1,0.0,300.6672282160147,14.400000000000034,-101.56212000000002
23144400.0,685,iso13790,native,True,19.899999999999995,147.33195368730222,0.0,10.600000000000023,-101.56212000000002
23148000.0,685,iso13790,native,True,19.89999999999999,427.7296937754484,0.0,10.600000000000023,-101.56212000000002
23151600.0,685,iso13790,native,True,19.900000000000002,622.1687462927783,0.0,9.400000000000034,-101.56212000000002
23155200.0,685,iso13790,native,True,19.900000000000002,770.2232978547586,0.0,8.300000000000011,-101.56212000000002
23158800.0,685,iso13790,native,True,19.90000000000001,914.6105014911637,0.0,6.7000000000000455,-101.56212000000002
23162400.0,685,iso13790,native,True,19.900000000000002,926.6241479970057,0.0,8.300000000000011,-101.56212000000002
23166000.0,685,iso13790,native,True,19.90000000000001,950.4109773108695,0.0,7.800000000000011,-101.56212000000002
23169600.0,685,iso13790,native,True,19.900000000000002,1033.4587707695707,0.0,6.100000000000023,-101.56212000000002
23173200.0,685,iso13790,native,True,19.89999999999999,1100.1339658763306,0.0,5.600000000000023,-101.56212000000002
23176800.0,685,iso13790,native,True,19.899999999999995,1115.0469653817802,0.0,6.100000000000023,-101.56212000000002
23180400.0,685,iso13790,native,True,19.9,966.4737258334238,0.0,8.300000000000011,212.46582038880354
23184000.0,685,iso13790,native,True,19.9,627.3003549492506,0.0,12.800000000000011,327.15265792783276
23187600.0,685,iso13790,native,True,19.9,269.714435714079,0.0,15.600000000000023,522.9653059558129
23191200.0,685,iso13790,native,True,20.100000000000005,0.0,63.53817716429176,18.30000000000001,769.836306761559
23194800.0,685,iso13790,native,True,20.099999999999998,0.0,449.83223875597156,20.600000000000023,933.3671601893565
23198400.0,685,iso13790,native,True,20.1,0.0,813.2641533136829,24.400000000000034,823.7041977999037
23202000.0,685,iso13790,native,True,20.099999999999994,0.0,1003.2919690160983,25.600000000000023,644.5440285730199
23205600.0,685,iso13790,native,True,20.099999999999962,0.0,1213.2260861486757,26.700000000000045,1091.174681813448
23209200.0,685,iso13790,native,True,20.09999999999999,0.0,1670.39974889519,27.200000000000045,2324.064369851003
23212800.0,685,iso13790,native,True,20.09999999999999,0.0,2255.9061785384015,26.100000000000023,3280.9245950338322
23216400.0,685,iso13790,native,True,20.099999999999994,0.0,2685.9844936608115,25.0,3391.4375407044654
23220000.0,685,iso13790,native,True,20.09999999999997,0.0,2287.0916944570426,20.600000000000023,1187.9273287693802
23223600.0,685,iso13790,native,True,20.099999999999977,0.0,1407.7511672181586,19.400000000000034,-101.56212000000002
23227200.0,685,iso13790,native,True,20.099999999999994,0.0,656.0809378771863,17.200000000000045,-101.56212000000002
23230800.0,685,iso13790,native,True,20.100000000000005,0.0,197.16043762738659,15.600000000000023,-101.56212000000002
23234400.0,685,iso13790,native,True,20.008584064494006,0.0,0.0,16.100000000000023,-101.56212000000002
23238000.0,685,iso13790,native,True,19.9,68.29113045039003,0.0,16.700000000000045,-101.56212000000002
23241600.0,685,iso13790,native,True,19.9,125.02533120964247,0.0,16.700000000000045,-101.56212000000002
23245200.0,685,iso13790,native,True,19.900000000000002,154.39696584425906,0.0,16.700000000000045,-101.56212000000002
23248800.0,685,iso13790,native,True,19.900000000000002,194.2405703053424,0.0,16.100000000000023,-101.56212000000002
23252400.0,685,iso13790,native,True,19.900000000000002,261.1485779162902,0.0,15.0,-101.56212000000002
23256000.0,685,iso13790,native,True,19.900000000000002,228.01819534403205,0.0,16.700000000000045,-101.56212000000002
23259600.0,685,iso13790,native,True,19.899999999999995,322.6930777112761,0.0,13.900000000000034,-101.56212000000002
23263200.0,685,iso13790,native,True,19.9,286.55573881419355,0.0,16.100000000000023,-101.56212000000002
23266800.0,685,iso13790,native,True,19.900000000000002,131.72851371429232,0.0,17.200000000000045,317.9545728029818
23270400.0,685,iso13790,native,True,20.1,0.0,175.87215186697875,21.100000000000023,554.3159747115434
23274000.0,685,iso13790,native,True,20.100000000000005,0.0,686.8067436280378,25.600000000000023,944.9118913251305
23277600.0,685,iso13790,native,True,20.100000000000005,0.0,1152.4362025132764,26.100000000000023,1478.4914396678791
23281200.0,685,iso13790,native,True,20.099999999999994,0.0,1612.8692951784376,28.30000000000001,1689.762175599291
23284800.0,685,iso13790,native,True,20.099999999999998,0.0,1800.747490011355,30.0,927.8593217846858
23288400.0,685,iso13790,native,True,20.099999999999994,0.0,1803.8369253410376,30.600000000000023,920.5860290487118
23292000.0,685,iso13790,native,True,20.09999999999997,0.0,1944.4268506922713,29.400000000000034,1829.914152539217
23295600.0,685,iso13790,native,True,20.09999999999998,0.0,1689.3161005399108,23.900000000000034,653.60376
23299200.0,685,iso13790,native,True,20.09999999999997,0.0,1817.4328140821274,26.100000000000023,2421.104028113206
23302800.0,685,iso13790,native,True,20.10000000000002,0.0,1743.8885063784294,23.900000000000034,812.7886926616228
23306400.0,685,iso13790,native,True,20.1,0.0,981.4866708606762,17.0,-69.19786800000001
23310000.0,685,iso13790,native,True,20.099999999999994,0.0,370.3712145170722,15.600000000000023,-101.56212000000002
23313600.0,685,iso13790,native,True,20.1,0.0,21.64492135325211,15.0,-101.56212000000002
23317200.0,685,iso13790,native,True,19.900000000000002,109.99519743651109,0.0,15.0,-101.56212000000002
23320800.0,685,iso13790,native,True,19.900000000000002,244.2098334330966,0.0,14.400000000000034,-101.56212000000002
23324400.0,685,iso13790,native,True,19.899999999999995,290.16737547674717,0.0,15.0,-101.56212000000002
23328000.0,685,iso13790,native,True,19.899999999999995,312.8483125030224,0.0,15.0,-101.56212000000002
23331600.0,685,iso13790,native,True,19.9,324.5903690860242,0.0,15.0,-101.56212000000002
23335200.0,685,iso13790,native,True,19.9,355.3070356795626,0.0,14.400000000000034,-101.56212000000002
23338800.0,685,iso13790,native,True,19.899999999999995,438.0214178362369,0.0,12.800000000000011,-101.56212000000002
23342400.0,685,iso13790,native,True,19.899999999999995,623.4211242545107,0.0,9.400000000000034,-101.56212000000002
23346000.0,685,iso13790,native,True,19.9,746.2339276472389,0.0,8.900000000000034,-101.56212000000002
23349600.0,685,iso13790,native,True,19.900000000000002,835.3788808590114,0.0,8.300000000000011,-101.56212000000002
23353200.0,685,iso13790,native,True,19.900000000000002,801.2382284284861,0.0,8.300000000000011,291.5361941246567
23356800.0,685,iso13790,native,True,19.900000000000002,779.8495050911716,0.0,7.2000000000000455,227.474442
23360400.0,685,iso13790,native,True,19.899999999999995,741.7837227401245,0.0,7.800000000000011,297.596988
23364000.0,685,iso13790,native,True,19.899999999999995,662.5712213201905,0.0,8.0,486.38845799999996
23367600.0,685,iso13790,native,True,19.9,332.88190182201754,0.0,10.0,1337.9221357488193
23371200.0,685,iso13790,native,True,20.1,0.0,62.19236985916668,11.100000000000023,1776.8765756545642
23374800.0,685,iso13790,native,True,20.099999999999998,0.0,394.5419445925706,11.700000000000045,1730.1157646862014
23378400.0,685,iso13790,native,True,20.100000000000005,0.0,454.6354456559092,11.700000000000045,1219.7616094376558
23382000.0,685,iso13790,native,True,20.1,0.0,447.91461073271,11.700000000000045,1426.712994025468
23385600.0,685,iso13790,native,True,20.099999999999998,0.0,368.61573832140385,12.200000000000045,803.4294136160603
23389200.0,685,iso13790,native,True,20.1,0.0,123.11217436817161,11.700000000000045,386.6669336570358
23392800.0,685,iso13790,native,True,19.899999999999995,98.28377337630818,0.0,8.900000000000034,567.6897270652597
23396400.0,685,iso13790,native,True,19.899999999999995,439.291348654238,0.0,7.2000000000000455,-101.56212000000002
23400000.0,685,iso13790,native,True,19.900000000000002,745.3229091002609,0.0,6.7000000000000455,-101.56212000000002
23403600.0,685,iso13790,native,True,19.90000000000001,904.6835735357503,0.0,6.7000000000000455,-101.56212000000002
23407200.0,685,iso13790,native,True,19.899999999999988,1056.9924537726295,0.0,5.0,-101.56212000000002
23410800.0,685,iso13790,native,True,19.900000000000002,1184.1622609947065,0.0,3.900000000000034,-101.56212000000002
23414400.0,685,iso13790,native,True,19.899999999999995,1231.5052395735456,0.0,4.400000000000034,-101.56212000000002
23418000.0,685,iso13790,native,True,19.899999999999995,1140.1125939956855,0.0,7.2000000000000455,-101.56212000000002
23421600.0,685,iso13790,native,True,19.899999999999995,1132.7799879261902,0.0,6.100000000000023,-101.56212000000002
23425200.0,685,iso13790,native,True,19.900000000000002,1131.0217084937756,0.0,6.100000000000023,-101.56212000000002
23428800.0,685,iso13790,native,True,19.90000000000001,1084.9422581696667,0.0,7.2000000000000455,-101.56212000000002
23432400.0,685,iso13790,native,True,19.899999999999995,1079.5802417498637,0.0,6.7000000000000455,-101.56212000000002
23436000.0,685,iso13790,native,True,19.900000000000002,1077.7305913334671,0.0,6.7000000000000455,-101.56212000000002
23439600.0,685,iso13790,native,True,19.9,1058.9009821391714,0.0,6.7000000000000455,-15.25744800000001
23443200.0,685,iso13790,native,True,19.89999999999999,924.1714725740685,0.0,6.7000000000000455,522.3903555119264
23446800.0,685,iso13790,native,True,19.899999999999995,525.4480634136437,0.0,8.900000000000034,1264.2865313312145
23450400.0,685,iso13790,native,True,19.9,159.5677547118449,0.0,12.200000000000045,793.848852
23454000.0,685,iso13790,native,True,20.099999999999994,0.0,288.41717384635456,16.700000000000045,1721.2914750306527
23457600.0,685,iso13790,native,True,20.099999999999987,0.0,808.9249695918706,19.400000000000034,1631.093232864774
23461200.0,685,iso13790,native,True,20.10000000000001,0.0,1089.0026800127894,21.100000000000023,1389.9272961022193
23464800.0,685,iso13790,native,True,20.099999999999998,0.0,1304.9539283831698,22.200000000000045,1683.354930177647
23468400.0,685,iso13790,native,True,20.1,0.0,1523.007791723685,23.30000000000001,1744.4737331099684
23472000.0,685,iso13790,native,True,20.10000000000001,0.0,1511.8821536003297,21.700000000000045,1406.3757796540954
23475600.0,685,iso13790,native,True,20.099999999999987,0.0,1212.0563154774618,20.600000000000023,476.8868324636826
23479200.0,685,iso13790,native,True,20.10000000000002,0.0,733.9350795100802,16.700000000000045,410.42083974592884
23482800.0,685,iso13790,native,True,20.099999999999998,0.0,317.4844514231497,15.600000000000023,-101.56212000000002
23486400.0,685,iso13790,native,True,19.900000000000002,0.8949270648496835,0.0,13.900000000000034,-101.56212000000002
23490000.0,685,iso13790,native,True,19.899999999999995,210.29727108214445,0.0,13.900000000000034,-101.56212000000002
23493600.0,685,iso13790,native,True,19.900000000000002,363.87529400294596,0.0,12.800000000000011,-101.56212000000002
23497200.0,685,iso13790,native,True,19.899999999999995,490.5905869567606,0.0,11.700000000000045,-101.56212000000002
23500800.0,685,iso13790,native,True,19.9,558.2297055833735,0.0,11.700000000000045,-101.56212000000002
23504400.0,685,iso13790,native,True,19.899999999999995,638.4160598972821,0.0,10.600000000000023,-101.56212000000002
23508000.0,685,iso13790,native,True,19.9,681.96686904956,0.0,10.600000000000023,-101.56212000000002
23511600.0,685,iso13790,native,True,19.899999999999995,683.9819382988142,0.0,11.100000000000023,-101.56212000000002
23515200.0,685,iso13790,native,True,19.899999999999995,638.9296756131731,0.0,12.200000000000045,-101.56212000000002
23518800.0,685,iso13790,native,True,19.900000000000002,613.5679955702265,0.0,12.200000000000045,-101.56212000000002
23522400.0,685,iso13790,native,True,19.900000000000002,620.9695471135689,0.0,11.700000000000045,-101.56212000000002
23526000.0,685,iso13790,native,True,19.900000000000002,459.1115852755331,0.0,13.900000000000034,266.78567942139006
23529600.0,685,iso13790,native,True,19.9,106.41239186624655,0.0,18.30000000000001,391.9347897126876
23533200.0,685,iso13790,native,True,20.1,0.0,237.34174001293695,21.700000000000045,602.5647130564372
23536800.0,685,iso13790,native,True,20.099999999999998,0.0,735.1223934983675,24.400000000000034,1220.3032294293619
23540400.0,685,iso13790,native,True,20.09999999999998,0.0,1112.7474850816875,26.100000000000023,966.5248664205883
23544000.0,685,iso13790,native,True,20.10000000000002,0.0,1300.3030521851308,27.80000000000001,769.611133656259
23547600.0,685,iso13790,native,True,20.100000000000016,0.0,1332.7494850045707,27.80000000000001,592.5330484588544
23551200.0,685,iso13790,native,True,20.10000000000001,0.0,1458.9617395145551,27.80000000000001,1256.0939568083854
23554800.0,685,iso13790,native,True,20.099999999999977,0.0,1925.9295827921392,28.900000000000034,2470.830482341724
23558400.0,685,iso13790,native,True,20.10000000000003,0.0,2526.6897051692977,28.30000000000001,3386.21030941387
23562000.0,685,iso13790,native,True,20.09999999999994,0.0,2895.895290867789,26.700000000000045,3290.9752864565776
23565600.0,685,iso13790,native,True,20.100000000000012,0.0,2429.3213084957106,23.30000000000001,876.0753151101294
23569200.0,685,iso13790,native,True,20.100000000000037,0.0,1576.6961628663569,22.80000000000001,-101.56212000000002
23572800.0,685,iso13790,native,True,20.099999999999994,0.0,934.6265976079984,21.700000000000045,-101.56212000000002
23576400.0,685,iso13790,native,True,20.099999999999994,0.0,530.3785814241003,20.0,-101.56212000000002
23580000.0,685,iso13790,native,True,20.100000000000005,0.0,293.3098233641893,19.400000000000034,-101.56212000000002
23583600.0,685,iso13790,native,True,20.100000000000005,0.0,140.72233145094762,18.700000000000045,-101.56212000000002
23587200.0,685,iso13790,native,True,20.099999999999994,0.0,35.79232512746213,18.100000000000023,-101.56212000000002
23590800.0,685,iso13790,native,True,19.922912885538597,0.0,0.0,17.5,-101.56212000000002
23594400.0,685,iso13790,native,True,19.9,75.23000209153264,0.0,16.900000000000034,-101.56212000000002
23598000.0,685,iso13790,native,True,19.900000000000002,148.7785523014292,0.0,16.200000000000045,-101.56212000000002
23601600.0,685,iso13790,native,True,19.900000000000002,212.78962636624908,0.0,15.600000000000023,-101.56212000000002
23605200.0,685,iso13790,native,True,19.9,296.31556631524427,0.0,14.400000000000034,-101.56212000000002
23608800.0,685,iso13790,native,True,19.899999999999995,317.1428246432496,0.0,15.0,-101.56212000000002
23612400.0,685,iso13790,native,True,19.900000000000002,172.31709174001304,0.0,18.30000000000001,-9.863406000000012
23616000.0,685,iso13790,native,True,20.1,0.0,64.53313691146784,21.100000000000023,358.5674967632318
23619600.0,685,iso13790,native,True,20.099999999999998,0.0,463.9520949167628,23.900000000000034,633.6374712133386
23623200.0,685,iso13790,native,True,20.10000000000001,0.0,932.5785571816045,25.600000000000023,1325.9375626570386
23626800.0,685,iso13790,native,True,20.099999999999987,0.0,1253.3395372211326,26.700000000000045,941.4434833809785
23630400.0,685,iso13790,native,True,20.099999999999984,0.0,1288.7853510749144,25.0,931.5135335647552
23634000.0,685,iso13790,native,True,20.099999999999998,0.0,1355.202502627798,27.200000000000045,750.1718201507085
23637600.0,685,iso13790,native,True,20.10000000000001,0.0,1494.5210451549488,27.200000000000045,1375.6693920369264
23641200.0,685,iso13790,native,True,20.100000000000005,0.0,1928.8511410602864,28.30000000000001,2429.091441502137
23644800.0,685,iso13790,native,True,20.10000000000005,0.0,2432.9862767252384,27.80000000000001,3062.79067837545
23648400.0,685,iso13790,native,True,20.1,0.0,2523.5212763781406,26.100000000000023,2097.40038866569
23652000.0,685,iso13790,native,True,20.09999999999998,0.0,1795.3956497434463,21.100000000000023,98.64556967054561
23655600.0,685,iso13790,native,True,20.1,0.0,1051.7144170203753,21.100000000000023,-101.56212000000002
23659200.0,685,iso13790,native,True,20.100000000000005,0.0,680.2224450583731,22.200000000000045,-101.56212000000002
23662800.0,685,iso13790,native,True,20.1,0.0,444.7675080398272,21.100000000000023,-101.56212000000002
23666400.0,685,iso13790,native,True,20.1,0.0,275.6640475661447,20.0,-101.56212000000002
23670000.0,685,iso13790,native,True,20.023077529412344,0.0,0.0,15.0,-101.56212000000002
23673600.0,685,iso13790,native,True,19.89999999999999,137.13386399890385,0.0,15.0,-101.56212000000002
23677200.0,685,iso13790,native,True,19.9,438.936397460664,0.0,10.0,-101.56212000000002
23680800.0,685,iso13790,native,True,19.9,629.0820807507599,0.0,9.400000000000034,-101.56212000000002
23684400.0,685,iso13790,native,True,19.9,794.3338171999237,0.0,7.800000000000011,-101.56212000000002
23688000.0,685,iso13790,native,True,19.9,862.3183355360167,0.0,8.300000000000011,-101.56212000000002
23691600.0,685,iso13790,native,True,19.899999999999995,871.9502955103936,0.0,8.900000000000034,-101.56212000000002
23695200.0,685,iso13790,native,True,19.90000000000001,1035.9705311446703,0.0,5.0,-101.56212000000002
23698800.0,685,iso13790,native,True,19.899999999999995,898.1577257626994,0.0,10.600000000000023,-101.56212000000002
23702400.0,685,iso13790,native,True,19.899999999999995,634.5369704132843,0.0,12.800000000000011,340.59082838586266
23706000.0,685,iso13790,native,True,19.900000000000002,239.5868868563709,0.0,15.600000000000023,676.284290296442
23709600.0,685,iso13790,native,True,20.10000000000001,0.0,69.27794323747099,18.30000000000001,605.1794926734367
23713200.0,685,iso13790,native,True,20.099999999999994,0.0,344.76711200247655,20.0,656.3419525522113
23716800.0,685,iso13790,native,True,20.099999999999987,0.0,624.7521845196092,22.80000000000001,710.1778261375488
23720400.0,685,iso13790,native,True,20.099999999999994,0.0,904.364855589556,25.0,858.0700318645038
23724000.0,685,iso13790,native,True,20.1,0.0,1282.1037061857671,26.700000000000045,1513.4533287629715
23727600.0,685,iso13790,native,True,20.100000000000033,0.0,1836.6406928499587,27.200000000000045,2632.25397604463
23731200.0,685,iso13790,native,True,20.09999999999997,0.0,2499.724764456497,26.700000000000045,3688.456460351134
23734800.0,685,iso13790,native,True,20.099999999999977,0.0,2903.814812972305,24.400000000000034,3636.265588357961
23738400.0,685,iso13790,native,True,20.099999999999977,0.0,2407.1696914163604,22.200000000000045,724.38558223215
23742000.0,685,iso13790,native,True,20.1,0.0,1333.8936146657654,17.80000000000001,-101.56212000000002
23745600.0,685,iso13790,native,True,20.1,0.0,594.348844888322,16.700000000000045,-101.56212000000002
23749200.0,685,iso13790,native,True,20.10000000000001,0.0,164.27506681648939,15.600000000000023,-101.56212000000002
23752800.0,685,iso13790,native,True,20.03902963260456,0.0,0.0,16.700000000000045,-101.56212000000002
23756400.0,685,iso13790,native,True,19.9,155.3180249713703,0.0,14.400000000000034,-101.56212000000002
23760000.0,685,iso13790,native,True,19.9,313.9544675594588,0.0,13.300000000000011,-101.56212000000002
23763600.0,685,iso13790,native,True,19.9,443.2885345914806,0.0,12.200000000000045,-101.56212000000002
23767200.0,685,iso13790,native,True,19.900000000000006,557.4525867604895,0.0,11.100000000000023,-101.56212000000002
23770800.0,685,iso13790,native,True,19.900000000000002,548.7869407397559,0.0,12.800000000000011,-101.56212000000002
23774400.0,685,iso13790,native,True,19.900000000000002,565.7890062420018,0.0,12.200000000000045,-101.56212000000002
23778000.0,685,iso13790,native,True,19.9,596.2340789307196,0.0,11.700000000000045,-101.56212000000002
23781600.0,685,iso13790,native,True,19.9,567.7527938804527,0.0,12.800000000000011,-101.56212000000002
23785200.0,685,iso13790,native,True,19.899999999999995,550.9700079460135,0.0,12.800000000000011,-101.56212000000002
23788800.0,685,iso13790,native,True,19.900000000000002,346.91060993024337,0.0,13.900000000000034,623.7669529320596
23792400.0,685,iso13790,native,True,20.100000000000005,0.0,47.28235492183549,18.30000000000001,822.5776709782589
23796000.0,685,iso13790,native,True,20.100000000000005,0.0,367.966983864684,20.600000000000023,538.4102957964268
23799600.0,685,iso13790,native,True,20.1,0.0,564.5334273478644,21.700000000000045,664.1726026004139
23803200.0,685,iso13790,native,True,20.100000000000023,0.0,783.5352343258206,22.200000000000045,1025.3158376412805
23806800.0,685,iso13790,native,True,20.09999999999998,0.0,1161.860922765544,23.900000000000034,1687.4586406450044
23810400.0,685,iso13790,native,True,20.1,0.0,1180.1170442250093,19.400000000000034,1201.383187161658
23814000.0,685,iso13790,native,True,20.10000000000001,0.0,1180.0228585805924,17.200000000000045,2002.8982143787646
23817600.0,685,iso13790,native,True,20.099999999999987,0.0,1408.026598571233,16.700000000000045,2611.0655594729956
23821200.0,685,iso13790,native,True,20.100000000000012,0.0,1572.2599257686172,15.0,2711.393985162135
23824800.0,685,iso13790,native,True,20.100000000000023,0.0,1086.3763307818183,12.800000000000011,329.31630951228715
23828400.0,685,iso13790,native,True,20.099999999999994,0.0,274.5831578866678,10.600000000000023,-101.56212000000002
23832000.0,685,iso13790,native,True,19.9,192.51342757658693,0.0,10.0,-101.56212000000002
23835600.0,685,iso13790,native,True,19.89999999999999,476.86970347563226,0.0,10.0,-101.56212000000002
23839200.0,685,iso13790,native,True,19.900000000000002,599.4449123504146,0.0,10.600000000000023,-101.56212000000002
23842800.0,685,iso13790,native,True,19.900000000000002,641.2598283710437,0.0,11.100000000000023,-101.56212000000002
23846400.0,685,iso13790,native,True,19.900000000000002,637.3436289026793,0.0,11.700000000000045,-101.56212000000002
23850000.0,685,iso13790,native,True,19.9,634.2046320275612,0.0,11.700000000000045,-101.56212000000002
23853600.0,685,iso13790,native,True,19.900000000000006,677.7487331533983,0.0,10.600000000000023,-101.56212000000002
23857200.0,685,iso13790,native,True,19.899999999999995,702.3296289478367,0.0,10.600000000000023,-101.56212000000002
23860800.0,685,iso13790,native,True,19.899999999999995,784.8622178527705,0.0,8.900000000000034,-101.56212000000002
23864400.0,685,iso13790,native,True,19.900000000000002,900.5461560032453,0.0,7.2000000000000455,-101.56212000000002
23868000.0,685,iso13790,native,True,19.89999999999999,971.798411289138,0.0,7.0,-101.56212000000002
23871600.0,685,iso13790,native,True,19.899999999999995,976.2063368022164,0.0,7.800000000000011,-101.56212000000002
23875200.0,685,iso13790,native,True,19.90000000000001,860.4126419279565,0.0,8.300000000000011,362.325492
23878800.0,685,iso13790,native,True,19.899999999999988,602.8390699792358,0.0,9.400000000000034,739.908432
23882400.0,685,iso13790,native,True,19.899999999999995,279.5693707794924,0.0,11.100000000000023,1021.8347543313895
23886000.0,685,iso13790,native,True,20.100000000000005,0.0,59.86513401983198,12.200000000000045,1645.7155778581403
23889600.0,685,iso13790,native,True,20.100000000000005,0.0,413.5378096702843,13.300000000000011,1600.691982246723
23893200.0,685,iso13790,native,True,20.1,0.0,672.401595846305,15.600000000000023,1535.0223325688742
23896800.0,685,iso13790,native,True,20.1,0.0,840.4649354554388,16.100000000000023,1629.8549229447356
23900400.0,685,iso13790,native,True,20.099999999999984,0.0,970.0906208429649,16.700000000000045,1639.8084335797198
23904000.0,685,iso13790,native,True,20.099999999999994,0.0,857.5622849187943,16.100000000000023,878.3478724003223
23907600.0,685,iso13790,native,True,20.1,0.0,483.39698602302497,15.600000000000023,38.68297199999998
23911200.0,685,iso13790,native,True,20.1,0.0,103.44885840603678,15.0,-96.16807800000001
23914800.0,685,iso13790,native,True,19.9,42.154276122740455,0.0,15.600000000000023,-101.56212000000002
23918400.0,685,iso13790,native,True,19.900000000000002,113.53198012686669,0.0,16.700000000000045,-101.56212000000002
23922000.0,685,iso13790,native,True,19.900000000000002,263.4228802103404,0.0,13.900000000000034,-101.56212000000002
23925600.0,685,iso13790,native,True,19.899999999999995,370.8472943947671,0.0,13.300000000000011,-101.56212000000002
23929200.0,685,iso13790,native,True,19.900000000000002,517.9114694520949,0.0,11.100000000000023,-101.56212000000002
23932800.0,685,iso13790,native,True,19.899999999999995,667.9300927469835,0.0,9.400000000000034,-101.56212000000002
23936400.0,685,iso13790,native,True,19.899999999999995,769.2764865099609,0.0,8.900000000000034,-101.56212000000002
23940000.0,685,iso13790,native,True,19.899999999999988,859.6270181065781,0.0,8.0,-101.56212000000002
23943600.0,685,iso13790,native,True,19.900000000000006,916.2819414679445,0.0,7.800000000000011,-101.56212000000002
23947200.0,685,iso13790,native,True,19.900000000000002,991.1522312846269,0.0,6.7000000000000455,-101.56212000000002
23950800.0,685,iso13790,native,True,19.900000000000006,1031.950882091199,0.0,6.7000000000000455,-101.56212000000002
23954400.0,685,iso13790,native,True,19.899999999999988,1053.0725873243562,0.0,6.7000000000000455,-101.56212000000002
23958000.0,685,iso13790,native,True,19.900000000000006,1064.0074202940013,0.0,6.7000000000000455,-101.56212000000002
23961600.0,685,iso13790,native,True,19.899999999999995,1086.9762607180974,0.0,5.0,151.957854
23965200.0,685,iso13790,native,True,19.899999999999988,1023.95707337119,0.0,5.0,335.35528199999993
23968800.0,685,iso13790,native,True,19.900000000000006,955.6981143324055,0.0,4.400000000000034,486.38845799999996
23972400.0,685,iso13790,native,True,19.900000000000002,849.4984027365177,0.0,5.0,599.66334
23976000.0,685,iso13790,native,True,19.90000000000001,796.7845335845949,0.0,4.400000000000034,615.845466
23979600.0,685,iso13790,native,True,19.9,751.7177780125852,0.0,3.900000000000034,793.848852
23983200.0,685,iso13790,native,True,19.89999999999999,679.463068219073,0.0,2.8000000000000114,1116.7974719498156
23986800.0,685,iso13790,native,True,19.899999999999995,658.6398465139665,0.0,2.2000000000000455,918.9701755542804
23990400.0,685,iso13790,native,True,19.899999999999988,763.7742379197263,0.0,1.7000000000000455,614.7646394441222
23994000.0,685,iso13790,native,True,19.899999999999988,998.1788068299048,0.0,0.6000000000000227,200.50423199999997
23997600.0,685,iso13790,native,True,19.90000000000001,1273.1369316256773,0.0,0.0,-96.16807800000001
24001200.0,685,iso13790,native,True,19.900000000000006,1489.2547259674445,0.0,-0.5999999999999659,-101.56212000000002
24004800.0,685,iso13790,native,True,19.900000000000002,1603.1045567806393,0.0,-0.5999999999999659,-101.56212000000002
24008400.0,685,iso13790,native,True,19.900000000000002,1662.0452942742018,0.0,-0.5999999999999659,-101.56212000000002
24012000.0,685,iso13790,native,True,19.900000000000002,1692.559266156909,0.0,-0.5999999999999659,-101.56212000000002
24015600.0,685,iso13790,native,True,19.89999999999999,1683.7187979163043,0.0,0.0,-101.56212000000002
24019200.0,685,iso13790,native,True,19.9,1702.6682114420857,0.0,-0.5999999999999659,-101.56212000000002
24022800.0,685,iso13790,native,True,19.900000000000002,1734.1214378350655,0.0,-1.099999999999966,-101.56212000000002
24026400.0,685,iso13790,native,True,19.899999999999995,1751.331258538564,0.0,-1.099999999999966,-101.56212000000002
24030000.0,685,iso13790,native,True,19.9,1760.2408855195724,0.0,-1.099999999999966,-101.56212000000002
24033600.0,685,iso13790,native,True,19.90000000000001,1764.8534526292685,0.0,-1.099999999999966,-101.56212000000002
24037200.0,685,iso13790,native,True,19.900000000000002,1767.2414061751085,0.0,-1.099999999999966,-101.56212000000002
24040800.0,685,iso13790,native,True,19.899999999999995,1768.477663990221,0.0,-1.099999999999966,-101.56212000000002
24044400.0,685,iso13790,native,True,19.899999999999995,1769.1176820458877,0.0,-1.099999999999966,-101.56212000000002
24048000.0,685,iso13790,native,True,19.899999999999988,1655.5148056705707,0.0,-1.099999999999966,448.6301639999999
24051600.0,685,iso13790,native,True,19.900000000000002,1413.228658098693,0.0,-0.5999999999999659,815.4250199999999
24055200.0,685,iso13790,native,True,19.90000000000001,1181.9648384228192,0.0,-0.5999999999999659,1041.974784
24058800.0,685,iso13790,native,True,19.899999999999988,982.4236385464438,0.0,0.6000000000000227,1016.4844475235369
24062400.0,685,iso13790,native,True,19.899999999999995,895.7543690908128,0.0,0.6000000000000227,944.882028
24066000.0,685,iso13790,native,True,19.899999999999988,879.6521759471306,0.0,1.1000000000000227,761.4846
24069600.0,685,iso13790,native,True,19.899999999999995,910.55492152947,0.0,1.1000000000000227,707.54418
24073200.0,685,iso13790,native,True,19.900000000000002,910.4437306217734,0.0,1.7000000000000455,707.54418
24076800.0,685,iso13790,native,True,19.900000000000006,985.294441276031,0.0,1.1000000000000227,459.41824799999995
24080400.0,685,iso13790,native,True,19.899999999999988,1132.5226200049303,0.0,1.1000000000000227,130.381686
24084000.0,685,iso13790,native,True,19.9,1308.7954611946484,0.0,1.1000000000000227,-101.56212000000002
24087600.0,685,iso13790,native,True,19.89999999999999,1457.2548383682026,0.0,0.6000000000000227,-101.56212000000002
24091200.0,685,iso13790,native,True,19.9,1535.0394422666454,0.0,0.6000000000000227,-101.56212000000002
24094800.0,685,iso13790,native,True,19.899999999999988,1575.3089963509278,0.0,0.6000000000000227,-101.56212000000002
24098400.0,685,iso13790,native,True,19.899999999999995,1575.6253402509203,0.0,1.1000000000000227,-101.56212000000002
24102000.0,685,iso13790,native,True,19.899999999999995,1574.8628158635051,0.0,1.1000000000000227,-101.56212000000002
24105600.0,685,iso13790,native,True,19.899999999999988,1574.4680524332045,0.0,1.1000000000000227,-101.56212000000002
24109200.0,685,iso13790,native,True,19.899999999999995,1574.2636810472209,0.0,1.1000000000000227,-101.56212000000002
24112800.0,685,iso13790,native,True,19.899999999999995,1574.157876759884,0.0,1.1000000000000227,-101.56212000000002
24116400.0,685,iso13790,native,True,19.899999999999988,1549.4653674889216,0.0,1.7000000000000455,-101.56212000000002
24120000.0,685,iso13790,native,True,19.899999999999995,1535.5703509217878,0.0,1.7000000000000455,-101.56212000000002
24123600.0,685,iso13790,native,True,19.9,1528.3768178431505,0.0,1.7000000000000455,-101.56212000000002
24127200.0,685,iso13790,native,True,19.9,1549.2904165571783,0.0,1.1000000000000227,-101.56212000000002
24130800.0,685,iso13790,native,True,19.899999999999995,1561.2290685556795,0.0,1.1000000000000227,-101.56212000000002
24134400.0,685,iso13790,native,True,19.899999999999988,1442.9334500229334,0.0,2.2000000000000455,281.41486199999997
24138000.0,685,iso13790,native,True,19.899999999999988,1185.692051338227,0.0,3.3000000000000114,707.54418
24141600.0,685,iso13790,native,True,19.900000000000006,918.2577232937025,0.0,3.900000000000034,901.729692
24145200.0,685,iso13790,native,True,19.90000000000001,734.1635604088472,0.0,4.400000000000034,869.36544
24148800.0,685,iso13790,native,True,19.9,609.4736683813472,0.0,5.0,912.517776
24152400.0,685,iso13790,native,True,19.9,526.671797094142,0.0,5.0,962.3302672205177
24156000.0,685,iso13790,native,True,19.900000000000002,497.35093574136187,0.0,5.600000000000023,739.908432
24159600.0,685,iso13790,native,True,19.899999999999995,516.2247949270624,0.0,5.600000000000023,739.908432
24163200.0,685,iso13790,native,True,19.899999999999995,585.260704446701,0.0,5.0,572.69313
24166800.0,685,iso13790,native,True,19.89999999999999,745.7285710469886,0.0,5.0,103.411476
24170400.0,685,iso13790,native,True,19.9,970.081218682616,0.0,4.400000000000034,-101.56212000000002
24174000.0,685,iso13790,native,True,19.900000000000002,1140.2793524415833,0.0,3.900000000000034,-101.56212000000002
24177600.0,685,iso13790,native,True,19.90000000000001,1229.3182404806807,0.0,3.900000000000034,-101.56212000000002
24181200.0,685,iso13790,native,True,19.9,1345.2211170102642,0.0,2.2000000000000455,-101.56212000000002
24184800.0,685,iso13790,native,True,19.899999999999988,1428.9055848825449,0.0,1.7000000000000455,-101.56212000000002
24188400.0,685,iso13790,native,True,19.89999999999999,1452.624386503536,0.0,2.2000000000000455,-101.56212000000002
24192000.0,685,iso13790,native,True,19.899999999999995,1439.3397205134015,0.0,2.8000000000000114,-101.56212000000002
24195600.0,685,iso13790,native,True,19.900000000000006,1431.3506125574638,0.0,2.8000000000000114,-101.56212000000002
24199200.0,685,iso13790,native,True,19.899999999999995,1427.2146036457614,0.0,2.8000000000000114,-101.56212000000002
24202800.0,685,iso13790,native,True,19.89999999999999,1425.0733671257397,0.0,2.8000000000000114,-101.56212000000002
24206400.0,685,iso13790,native,True,19.899999999999995,1423.9648361886577,0.0,2.8000000000000114,-101.56212000000002
24210000.0,685,iso13790,native,True,19.900000000000006,1448.0286768601097,0.0,2.2000000000000455,-101.56212000000002
24213600.0,685,iso13790,native,True,19.899999999999995,1482.1296727374115,0.0,1.7000000000000455,-101.56212000000002
24217200.0,685,iso13790,native,True,19.899999999999995,1480.178814719907,0.0,2.2000000000000455,-101.56212000000002
24220800.0,685,iso13790,native,True,19.900000000000002,1272.5125253912856,0.0,3.900000000000034,554.8152809755825
24224400.0,685,iso13790,native,True,19.899999999999995,976.9880339816988,0.0,5.0,728.2849920939652
24228000.0,685,iso13790,native,True,19.900000000000002,687.2033033552722,0.0,6.100000000000023,1028.444537694571
24231600.0,685,iso13790,native,True,19.900000000000002,464.44426424604774,0.0,8.300000000000011,704.4364497823112
24235200.0,685,iso13790,native,True,19.899999999999995,354.44926525654284,0.0,9.400000000000034,688.2701158537475
24238800.0,685,iso13790,native,True,19.899999999999995,259.9142761588832,0.0,10.600000000000023,634.3418924011419
24242400.0,685,iso13790,native,True,19.916235096475823,0.0,0.0,10.600000000000023,1703.1783372973105
24246000.0,685,iso13790,native,True,20.10000000000001,0.0,494.67005734006113,10.600000000000023,2831.7920582418787
24249600.0,685,iso13790,native,True,20.10000000000001,0.0,1096.8232184926226,10.0,3576.4273638439263
24253200.0,685,iso13790,native,True,20.099999999999994,0.0,1450.3111328335851,8.300000000000011,3551.9967369003352
24256800.0,685,iso13790,native,True,20.1,0.0,734.2128761734297,5.0,-101.56212000000002
24260400.0,685,iso13790,native,True,19.899999999999995,260.5877140937274,0.0,2.8000000000000114,-101.56212000000002
24264000.0,685,iso13790,native,True,19.900000000000002,890.9105698812306,0.0,1.1000000000000227,-101.56212000000002
24267600.0,685,iso13790,native,True,19.9,1220.3818891018095,0.0,1.1000000000000227,-101.56212000000002
24271200.0,685,iso13790,native,True,19.9,1321.1442468398322,0.0,2.8000000000000114,-101.56212000000002
24274800.0,685,iso13790,native,True,19.900000000000002,1394.797843555787,0.0,2.2000000000000455,-101.56212000000002
24278400.0,685,iso13790,native,True,19.9,1454.5717523615679,0.0,1.7000000000000455,-101.56212000000002
24282000.0,685,iso13790,native,True,19.899999999999988,1486.4433595236735,0.0,1.7000000000000455,-101.56212000000002
24285600.0,685,iso13790,native,True,19.9,1482.412036136948,0.0,2.2000000000000455,-101.56212000000002
24289200.0,685,iso13790,native,True,19.89999999999999,1499.9301432239101,0.0,1.7000000000000455,-101.56212000000002
24292800.0,685,iso13790,native,True,19.900000000000002,1579.7325817395586,0.0,0.0,-101.56212000000002
24296400.0,685,iso13790,native,True,19.900000000000002,1624.1961924066975,0.0,0.0,-101.56212000000002
24300000.0,685,iso13790,native,True,19.90000000000001,1647.2152692523002,0.0,0.0,-101.56212000000002
24303600.0,685,iso13790,native,True,19.899999999999995,1613.9632042807684,0.0,1.1000000000000227,-101.56212000000002
24307200.0,685,iso13790,native,True,19.900000000000002,1419.7773109068635,0.0,3.3000000000000114,306.94953021556535
24310800.0,685,iso13790,native,True,19.899999999999988,1112.3568725807618,0.0,6.100000000000023,419.23206639118985
24314400.0,685,iso13790,native,True,19.9,766.3231074502887,0.0,9.400000000000034,556.5391088490285
24318000.0,685,iso13790,native,True,19.900000000000002,392.49740792630536,0.0,12.200000000000045,807.0886798664227
24321600.0,685,iso13790,native,True,19.9,68.63718389094977,0.0,14.400000000000034,783.8648528608401
24325200.0,685,iso13790,native,True,20.100000000000005,0.0,135.5466890166386,16.700000000000045,743.6871250656961
24328800.0,685,iso13790,native,True,20.1,0.0,537.5993740258281,17.80000000000001,1766.6766784138554
24332400.0,685,iso13790,native,True,20.10000000000001,0.0,1182.5866226996175,17.80000000000001,3085.3371476831094
24336000.0,685,iso13790,native,True,20.099999999999962,0.0,1888.8388529885494,17.80000000000001,3876.61123159264
24339600.0,685,iso13790,native,True,20.099999999999987,0.0,2264.1437307515776,16.100000000000023,3656.3105299156255
24343200.0,685,iso13790,native,True,20.1,0.0,1506.771715488187,12.800000000000011,-101.56212000000002
24346800.0,685,iso13790,native,True,20.100000000000005,0.0,399.46453491652284,10.0,-101.56212000000002
24350400.0,685,iso13790,native,True,19.900000000000002,174.14232828556914,0.0,8.900000000000034,-101.56212000000002
24354000.0,685,iso13790,native,True,19.899999999999995,629.5419996000313,0.0,6.100000000000023,-101.56212000000002
24357600.0,685,iso13790,native,True,19.9,870.4923958469432,0.0,6.100000000000023,-101.56212000000002
24361200.0,685,iso13790,native,True,19.899999999999995,995.2338553003259,0.0,6.100000000000023,-101.56212000000002
24364800.0,685,iso13790,native,True,19.899999999999988,1080.3446988015035,0.0,5.600000000000023,-101.56212000000002
24368400.0,685,iso13790,native,True,19.900000000000002,1125.3333884055128,0.0,5.600000000000023,-101.56212000000002
24372000.0,685,iso13790,native,True,19.899999999999995,1288.2381263897964,0.0,2.2000000000000455,-101.56212000000002
24375600.0,685,iso13790,native,True,19.9,1309.0667931328915,0.0,3.900000000000034,-101.56212000000002
24379200.0,685,iso13790,native,True,19.899999999999988,1431.6765976548877,0.0,1.1000000000000227,-101.56212000000002
24382800.0,685,iso13790,native,True,19.899999999999995,1315.5566887488426,0.0,5.600000000000023,-101.56212000000002
24386400.0,685,iso13790,native,True,19.9,1341.5486867168963,0.0,3.3000000000000114,-101.56212000000002
24390000.0,685,iso13790,native,True,19.89999999999999,1264.8212218153628,0.0,5.600000000000023,-101.56212000000002
24393600.0,685,iso13790,native,True,19.89999999999999,973.6086122356022,0.0,8.900000000000034,437.9465085849018
24397200.0,685,iso13790,native,True,19.9,600.6108859843084,0.0,11.700000000000045,514.4818080595015
24400800.0,685,iso13790,native,True,19.900000000000002,214.5743266193813,0.0,15.0,708.311234050253
24404400.0,685,iso13790,native,True,20.099999999999998,0.0,94.09366783005285,18.900000000000034,524.4231622798449
24408000.0,685,iso13790,native,True,20.099999999999998,0.0,353.08275737580664,20.600000000000023,571.769722420087
24411600.0,685,iso13790,native,True,20.099999999999994,0.0,556.3432019323468,22.200000000000045,537.2165140761855
24415200.0,685,iso13790,native,True,20.099999999999987,0.0,951.4793963616806,22.80000000000001,1830.2776637913557
24418800.0,685,iso13790,native,True,20.099999999999987,0.0,1617.401152853161,23.30000000000001,2966.456722943916
24422400.0,685,iso13790,native,True,20.099999999999994,0.0,2248.3085004001978,22.200000000000045,3694.521056538886
24426000.0,685,iso13790,native,True,20.10000000000002,0.0,2513.00263724747,19.400000000000034,3404.6642947320174
24429600.0,685,iso13790,native,True,20.100000000000012,0.0,1737.4431639634286,16.100000000000023,-101.56212000000002
24433200.0,685,iso13790,native,True,20.1,0.0,685.1433547364304,13.900000000000034,-101.56212000000002
24436800.0,685,iso13790,native,True,20.1,0.0,136.28574852823277,13.900000000000034,-101.56212000000002
24440400.0,685,iso13790,native,True,19.899999999999995,143.0211680502417,0.0,12.800000000000011,-101.56212000000002
24444000.0,685,iso13790,native,True,19.900000000000002,446.0599989979468,0.0,10.0,-101.56212000000002
24447600.0,685,iso13790,native,True,19.9,538.3253657417813,0.0,11.700000000000045,-101.56212000000002
24451200.0,685,iso13790,native,True,19.899999999999995,517.2416623455551,0.0,13.300000000000011,-101.56212000000002
24454800.0,685,iso13790,native,True,19.900000000000002,569.0629744670832,0.0,11.700000000000045,-101.56212000000002
24458400.0,685,iso13790,native,True,19.89999999999999,553.6861507931283,0.0,12.800000000000011,-101.56212000000002
24462000.0,685,iso13790,native,True,19.9,523.1561779931758,0.0,13.300000000000011,-101.56212000000002
24465600.0,685,iso13790,native,True,19.900000000000002,711.738779184708,0.0,8.300000000000011,-101.56212000000002
24469200.0,685,iso13790,native,True,19.899999999999995,954.1396291368617,0.0,5.0,-101.56212000000002
24472800.0,685,iso13790,native,True,19.89999999999999,1040.5763821720332,0.0,6.100000000000023,-101.56212000000002
24476400.0,685,iso13790,native,True,19.9,1038.1181724580574,0.0,7.2000000000000455,-101.56212000000002
24480000.0,685,iso13790,native,True,19.900000000000002,793.3115551074723,0.0,10.600000000000023,390.43107683476615
24483600.0,685,iso13790,native,True,19.899999999999995,454.2101207779259,0.0,13.300000000000011,474.5074450567198
24487200.0,685,iso13790,native,True,19.900000000000006,51.3725615098881,0.0,17.80000000000001,591.3951764190152
24490800.0,685,iso13790,native,True,20.099999999999998,0.0,329.7114210233413,22.200000000000045,664.0639168931192
24494400.0,685,iso13790,native,True,20.10000000000001,0.0,674.8490223281483,23.900000000000034,746.0359435942278
24498000.0,685,iso13790,native,True,20.09999999999999,0.0,874.5150536994495,25.0,551.4636381508165
24501600.0,685,iso13790,native,True,20.099999999999994,0.0,1267.5063750145325,26.700000000000045,1751.6730406077522
24505200.0,685,iso13790,native,True,20.099999999999994,0.0,1913.9993082249912,26.100000000000023,3078.5643014803745
24508800.0,685,iso13790,native,True,20.099999999999977,0.0,2568.6585815755006,25.600000000000023,3715.160787776953
24512400.0,685,iso13790,native,True,20.09999999999999,0.0,2858.179667082728,23.900000000000034,3332.1558627585905
24516000.0,685,iso13790,native,True,20.10000000000002,0.0,2118.330881175742,21.100000000000023,-101.56212000000002
24519600.0,685,iso13790,native,True,20.100000000000005,0.0,1166.7155366230015,20.600000000000023,-101.56212000000002
24523200.0,685,iso13790,native,True,20.100000000000005,0.0,648.4945570035834,20.0,-101.56212000000002
24526800.0,685,iso13790,native,True,20.100000000000005,0.0,333.92772468757386,18.900000000000034,-101.56212000000002
24530400.0,685,iso13790,native,True,20.099999999999994,0.0,144.39900824325116,18.30000000000001,-101.56212000000002
24534000.0,685,iso13790,native,True,19.900000000000002,64.96884354865851,0.0,14.400000000000034,-101.56212000000002
24537600.0,685,iso13790,native,True,19.900000000000002,332.8807799947562,0.0,11.700000000000045,-101.56212000000002
24541200.0,685,iso13790,native,True,19.9,546.3893087584128,0.0,10.0,-101.56212000000002
24544800.0,685,iso13790,native,True,19.9,729.8802733580701,0.0,8.300000000000011,-101.56212000000002
24548400.0,685,iso13790,native,True,19.89999999999999,758.2171410436938,0.0,10.0,-101.56212000000002
24552000.0,685,iso13790,native,True,19.900000000000002,814.9070737255984,0.0,8.900000000000034,-101.56212000000002
24555600.0,685,iso13790,native,True,19.9,825.7622002437049,0.0,9.400000000000034,-101.56212000000002
24559200.0,685,iso13790,native,True,19.900000000000002,875.6248451299454,0.0,8.300000000000011,-101.56212000000002
24562800.0,685,iso13790,native,True,19.899999999999988,833.6699764546867,0.0,10.0,-101.56212000000002
24566400.0,685,iso13790,native,True,19.9,643.4572414501604,0.0,11.100000000000023,478.7616076422602
24570000.0,685,iso13790,native,True,19.899999999999995,300.87836356962214,0.0,13.300000000000011,768.4019436522788
24573600.0,685,iso13790,native,True,19.9,46.49440516844153,0.0,14.400000000000034,681.4390462500967
24577200.0,685,iso13790,native,True,20.100000000000005,0.0,114.68734439932334,16.700000000000045,665.7985476248882
24580800.0,685,iso13790,native,True,20.1,0.0,353.01754226788046,19.400000000000034,669.6686177695688
24584400.0,685,iso13790,native,True,20.100000000000005,0.0,539.2999839521659,21.100000000000023,609.1931474109315
24588000.0,685,iso13790,native,True,20.099999999999994,0.0,919.1719390879354,21.700000000000045,1889.8844208957646
24591600.0,685,iso13790,native,True,20.099999999999962,0.0,1591.9732948144938,22.200000000000045,3106.8902712805752
24595200.0,685,iso13790,native,True,20.100000000000016,0.0,2218.233058307091,21.700000000000045,3614.626601930629
24598800.0,685,iso13790,native,True,20.10000000000003,0.0,2405.934271674136,18.30000000000001,3246.410546769404
24602400.0,685,iso13790,native,True,20.100000000000023,0.0,1609.786203248277,15.0,-101.56212000000002
24606000.0,685,iso13790,native,True,20.099999999999994,0.0,637.5481738842155,14.400000000000034,-101.56212000000002
24609600.0,685,iso13790,native,True,20.099999999999998,0.0,67.40255804663931,12.800000000000011,-101.56212000000002
24613200.0,685,iso13790,native,True,19.900000000000002,250.52717408537598,0.0,11.100000000000023,-101.56212000000002
24616800.0,685,iso13790,native,True,19.90000000000001,480.22817829770565,0.0,10.600000000000023,-101.56212000000002
24620400.0,685,iso13790,native,True,19.9,669.8789701289513,0.0,8.900000000000034,-101.56212000000002
24624000.0,685,iso13790,native,True,19.900000000000002,906.7192651629505,0.0,5.600000000000023,-101.56212000000002
24627600.0,685,iso13790,native,True,19.89999999999999,1175.060288896417,0.0,2.2000000000000455,-101.56212000000002
24631200.0,685,iso13790,native,True,19.900000000000002,1295.6431291540214,0.0,2.8000000000000114,-101.56212000000002
24634800.0,685,iso13790,native,True,19.899999999999995,1311.788850280747,0.0,3.900000000000034,-101.56212000000002
24638400.0,685,iso13790,native,True,19.900000000000002,1342.7474657827918,0.0,3.3000000000000114,-101.56212000000002
24642000.0,685,iso13790,native,True,19.899999999999995,1314.717304417448,0.0,4.400000000000034,-101.56212000000002
24645600.0,685,iso13790,native,True,19.900000000000002,1388.506425027227,0.0,2.2000000000000455,-101.56212000000002
24649200.0,685,iso13790,native,True,19.899999999999988,1340.4448454903345,0.0,4.400000000000034,-101.56212000000002
24652800.0,685,iso13790,native,True,19.899999999999995,1010.3112524803444,0.0,8.900000000000034,460.5042598348618
24656400.0,685,iso13790,native,True,19.9,562.4282650258493,0.0,10.600000000000023,991.5256452106647
24660000.0,685,iso13790,native,True,19.899999999999995,100.68172578908023,0.0,13.300000000000011,1145.576129846846
24663600.0,685,iso13790,native,True,20.100000000000005,0.0,106.87681494278242,14.400000000000034,875.1119441696273
24667200.0,685,iso13790,native,True,20.100000000000005,0.0,377.5665622152069,16.700000000000045,1203.9085719058953
24670800.0,685,iso13790,native,True,20.09999999999999,0.0,626.3812121923714,16.100000000000023,1576.0861734494554
24674400.0,685,iso13790,native,True,20.100000000000005,0.0,903.378210968807,16.100000000000023,2012.892947325557
24678000.0,685,iso13790,native,True,20.10000000000001,0.0,1356.1925195144374,16.100000000000023,3173.560804547069
24681600.0,685,iso13790,native,True,20.1,0.0,1932.9869930581733,16.700000000000045,3821.7616891021926
24685200.0,685,iso13790,native,True,20.10000000000001,0.0,2112.117847661646,13.300000000000011,3418.7415638674
24688800.0,685,iso13790,native,True,20.099999999999984,0.0,1294.9816144012627,10.600000000000023,-101.56212000000002
24692400.0,685,iso13790,native,True,20.1,0.0,170.76773451714465,7.2000000000000455,-101.56212000000002
24696000.0,685,iso13790,native,True,19.900000000000002,388.0656511686702,0.0,6.7000000000000455,-101.56212000000002
24699600.0,685,iso13790,native,True,19.9,764.8985355884432,0.0,5.600000000000023,-101.56212000000002
24703200.0,685,iso13790,native,True,19.9,986.6627591529311,0.0,5.0,-101.56212000000002
24706800.0,685,iso13790,native,True,19.899999999999988,1077.9452456576412,0.0,5.600000000000023,-101.56212000000002
24710400.0,685,iso13790,native,True,19.899999999999995,1148.7289109391938,0.0,5.0,-101.56212000000002
24714000.0,685,iso13790,native,True,19.9,1141.3164157395,0.0,6.100000000000023,-101.56212000000002
24717600.0,685,iso13790,native,True,19.900000000000002,1135.4410681650484,0.0,6.100000000000023,-101.56212000000002
24721200.0,685,iso13790,native,True,19.9,1222.7377227471266,0.0,3.900000000000034,-101.56212000000002
24724800.0,685,iso13790,native,True,19.899999999999995,1226.8382527937763,0.0,5.0,-101.56212000000002
24728400.0,685,iso13790,native,True,19.900000000000006,1341.8993580395017,0.0,2.2000000000000455,-101.56212000000002
24732000.0,685,iso13790,native,True,19.899999999999995,1521.6305364985064,0.0,-0.5999999999999659,-101.56212000000002
24735600.0,685,iso13790,native,True,19.899999999999995,1525.4210612117217,0.0,1.7000000000000455,-101.56212000000002
24739200.0,685,iso13790,native,True,19.9,1162.2243758587274,0.0,8.300000000000011,332.48611089322173
24742800.0,685,iso13790,native,True,19.900000000000002,768.6150310812376,0.0,10.0,597.7110526169395
24746400.0,685,iso13790,native,True,19.9,347.39311252577266,0.0,12.200000000000045,993.8273358362882
24750000.0,685,iso13790,native,True,19.899999999999995,45.99325627861234,0.0,13.300000000000011,856.005173123345
24753600.0,685,iso13790,native,True,20.10000000000001,0.0,99.89035426771703,13.900000000000034,1024.8784034701255
24757200.0,685,iso13790,native,True,20.1,0.0,322.15742027984777,15.0,1181.0327086328157
24760800.0,685,iso13790,native,True,20.100000000000005,0.0,570.7815358751026,14.400000000000034,1815.8910916057066
24764400.0,685,iso13790,native,True,20.1,0.0,675.8685500632156,13.900000000000034,1321.6123740646349
24768000.0,685,iso13790,native,True,20.099999999999994,0.0,405.57311950145777,13.300000000000011,254.444652
24771600.0,685,iso13790,native,True,20.1,0.0,23.89472013286154,12.800000000000011,6.318719999999985
24775200.0,685,iso13790,native,True,19.899999999999995,301.1646064935948,0.0,10.0,-101.56212000000002
24778800.0,685,iso13790,native,True,19.9,602.9259801466643,0.0,8.300000000000011,-101.56212000000002
24782400.0,685,iso13790,native,True,19.899999999999995,807.4682359642462,0.0,7.2000000000000455,-101.56212000000002
24786000.0,685,iso13790,native,True,19.9,870.2296596056527,0.0,8.300000000000011,-101.56212000000002
24789600.0,685,iso13790,native,True,19.9,921.2152137983849,0.0,7.800000000000011,-101.56212000000002
24793200.0,685,iso13790,native,True,19.9,993.7062158389801,0.0,6.7000000000000455,-101.56212000000002
24796800.0,685,iso13790,native,True,19.9,1033.2730951512044,0.0,6.7000000000000455,-101.56212000000002
24800400.0,685,iso13790,native,True,19.900000000000002,1168.733195800888,0.0,3.900000000000034,-101.56212000000002
24804000.0,685,iso13790,native,True,19.900000000000006,1289.2181437155994,0.0,2.8000000000000114,-101.56212000000002
24807600.0,685,iso13790,native,True,19.900000000000002,1513.7770449345185,0.0,-1.099999999999966,-101.56212000000002
24811200.0,685,iso13790,native,True,19.900000000000002,1637.2576501074868,0.0,-1.099999999999966,-101.56212000000002
24814800.0,685,iso13790,native,True,19.900000000000016,1680.6528522170147,0.0,-0.5999999999999659,-101.56212000000002
24818400.0,685,iso13790,native,True,19.9,1607.7478639784429,0.0,1.7000000000000455,-101.56212000000002
24822000.0,685,iso13790,native,True,19.900000000000002,1475.4051903869622,0.0,3.900000000000034,-101.56212000000002
24825600.0,685,iso13790,native,True,19.9,1212.6325819417157,0.0,6.100000000000023,380.58777189792545
24829200.0,685,iso13790,native,True,19.899999999999988,803.6538983470062,0.0,10.0,537.4861091676023
24832800.0,685,iso13790,native,True,19.899999999999995,398.55258440657025,0.0,11.700000000000045,979.5015067486299
24836400.0,685,iso13790,native,True,19.89999999999999,120.63512504874915,0.0,13.300000000000011,638.8672127294299
24840000.0,685,iso13790,native,True,20.04775046330957,0.0,0.0,15.0,613.6757641379388
24843600.0,685,iso13790,native,True,20.1,0.0,174.22920398839852,16.700000000000045,735.6732615031642
24847200.0,685,iso13790,native,True,20.1,0.0,649.14675163172,18.900000000000034,1996.6306035522325
24850800.0,685,iso13790,native,True,20.099999999999977,0.0,1331.918476062206,18.900000000000034,3124.067203991189
24854400.0,685,iso13790,native,True,20.100000000000016,0.0,1887.9476189816721,17.80000000000001,3459.5645866531004
24858000.0,685,iso13790,native,True,20.099999999999994,0.0,2032.7047866099076,15.600000000000023,2958.4627588088542
24861600.0,685,iso13790,native,True,20.10000000000001,0.0,1205.8911067836534,11.100000000000023,-101.56212000000002
24865200.0,685,iso13790,native,True,20.099999999999998,0.0,265.1851686923032,10.600000000000023,-101.56212000000002
24868800.0,685,iso13790,native,True,19.899999999999995,222.01655648074865,0.0,9.400000000000034,-101.56212000000002
24872400.0,685,iso13790,native,True,19.899999999999995,517.8929403224803,0.0,9.400000000000034,-101.56212000000002
24876000.0,685,iso13790,native,True,19.900000000000002,761.4082687716424,0.0,7.2000000000000455,-101.56212000000002
24879600.0,685,iso13790,native,True,19.900000000000002,1006.5294088869848,0.0,4.400000000000034,-101.56212000000002
24883200.0,685,iso13790,native,True,19.899999999999995,1068.8104411157803,0.0,6.100000000000023,-101.56212000000002
24886800.0,685,iso13790,native,True,19.9,1118.435736787646,0.0,5.600000000000023,-101.56212000000002
24890400.0,685,iso13790,native,True,19.900000000000002,1214.8602586258748,0.0,3.900000000000034,-101.56212000000002
24894000.0,685,iso13790,native,True,19.899999999999995,1198.1223088028166,0.0,5.600000000000023,-101.56212000000002
24897600.0,685,iso13790,native,True,19.900000000000006,1235.5830281661054,0.0,4.400000000000034,-101.56212000000002
24901200.0,685,iso13790,native,True,19.899999999999988,1232.562046626449,0.0,5.0,-101.56212000000002
24904800.0,685,iso13790,native,True,19.899999999999995,1299.6934217388673,0.0,3.3000000000000114,-101.56212000000002
24908400.0,685,iso13790,native,True,19.9,1243.1525011139584,0.0,5.600000000000023,-101.56212000000002
24912000.0,685,iso13790,native,True,19.9,1004.7288041842844,0.0,8.300000000000011,352.47025646643675
24915600.0,685,iso13790,native,True,19.900000000000002,640.3336129625678,0.0,11.700000000000045,471.08702441413834
24919200.0,685,iso13790,native,True,19.899999999999995,326.5268836331803,0.0,13.300000000000011,637.2268054638948
24922800.0,685,iso13790,native,True,19.9,40.6174617810627,0.0,15.600000000000023,636.1365279284648
24926400.0,685,iso13790,native,True,20.099999999999998,0.0,79.59486495455245,16.700000000000045,505.49501545556006
24930000.0,685,iso13790,native,True,20.100000000000005,0.0,254.92705117063034,17.80000000000001,723.3761056644397
24933600.0,685,iso13790,native,True,20.10000000000001,0.0,658.5934802686178,18.30000000000001,1959.0270879918628
24937200.0,685,iso13790,native,True,20.100000000000016,0.0,1306.6841181022307,18.30000000000001,3131.64608040997
24940800.0,685,iso13790,native,True,20.100000000000016,0.0,1734.6595279690002,18.30000000000001,2682.8519093316695
24944400.0,685,iso13790,native,True,20.100000000000037,0.0,1717.22243656813,15.0,2525.7131744342437
24948000.0,685,iso13790,native,True,20.09999999999998,0.0,952.5030862125154,10.600000000000023,-101.56212000000002
24951600.0,685,iso13790,native,True,20.1,0.0,18.10228843891338,7.800000000000011,-101.56212000000002
24955200.0,685,iso13790,native,True,19.899999999999995,490.62764129232744,0.0,6.100000000000023,-101.56212000000002
24958800.0,685,iso13790,native,True,19.899999999999995,819.1070475460946,0.0,5.600000000000023,-101.56212000000002
24962400.0,685,iso13790,native,True,19.900000000000002,1084.5337419260227,0.0,3.3000000000000114,-101.56212000000002
24966000.0,685,iso13790,native,True,19.89999999999999,1156.4007833786302,0.0,5.0,-101.56212000000002
24969600.0,685,iso13790,native,True,19.9,1165.8196347287876,0.0,5.600000000000023,-101.56212000000002
24973200.0,685,iso13790,native,True,19.900000000000002,1239.3911856375562,0.0,3.900000000000034,-101.56212000000002
24976800.0,685,iso13790,native,True,19.900000000000002,1280.629028570427,0.0,3.900000000000034,-101.56212000000002
24980400.0,685,iso13790,native,True,19.899999999999995,1326.6158399502697,0.0,3.3000000000000114,-101.56212000000002
24984000.0,685,iso13790,native,True,19.9,1372.0664887201006,0.0,2.8000000000000114,-101.56212000000002
24987600.0,685,iso13790,native,True,19.89999999999999,1351.3536800427803,0.0,3.900000000000034,-101.56212000000002
24991200.0,685,iso13790,native,True,19.899999999999995,1338.5926807315834,0.0,3.900000000000034,-101.56212000000002
24994800.0,685,iso13790,native,True,19.89999999999999,1262.179322842136,0.0,5.600000000000023,-101.56212000000002
24998400.0,685,iso13790,native,True,19.9,975.5943874376038,0.0,9.400000000000034,322.6052725550045
25002000.0,685,iso13790,native,True,19.9,623.8845030102988,0.0,12.200000000000045,391.49689219234665
25005600.0,685,iso13790,native,True,19.899999999999995,291.74885854682736,0.0,14.400000000000034,602.216234181062
25009200.0,685,iso13790,native,True,19.9,0.30981947238088026,0.0,15.600000000000023,760.7265149044256
25012800.0,685,iso13790,native,True,20.1,0.0,185.42401735841122,17.80000000000001,602.5331559742768
25016400.0,685,iso13790,native,True,20.100000000000005,0.0,339.69983137863437,18.30000000000001,685.0978879153351
25020000.0,685,iso13790,native,True,20.10000000000001,0.0,750.0954188566855,19.400000000000034,1995.587191716694
25023600.0,685,iso13790,native,True,20.09999999999998,0.0,1456.7978167517324,20.0,3252.940136935556
25027200.0,685,iso13790,native,True,20.09999999999996,0.0,2120.3747534162785,19.400000000000034,3844.2599832820038
25030800.0,685,iso13790,native,True,20.100000000000048,0.0,2210.245080771552,17.200000000000045,2609.449456003286
25034400.0,685,iso13790,native,True,20.09999999999998,0.0,1335.9281123638189,13.300000000000011,-101.56212000000002
25038000.0,685,iso13790,native,True,20.09999999999999,0.0,336.58181231886897,10.600000000000023,-101.56212000000002
25041600.0,685,iso13790,native,True,19.9,205.58553238716098,0.0,8.900000000000034,-101.56212000000002
25045200.0,685,iso13790,native,True,19.899999999999995,461.0373309939135,0.0,10.600000000000023,-101.56212000000002
25048800.0,685,iso13790,native,True,19.89999999999999,820.0890232793171,0.0,5.0,-101.56212000000002
25052400.0,685,iso13790,native,True,19.90000000000001,880.8392256510134,0.0,8.300000000000011,-101.56212000000002
25056000.0,685,iso13790,native,True,19.899999999999995,926.7078495162713,0.0,7.800000000000011,-101.56212000000002
25059600.0,685,iso13790,native,True,19.900000000000002,951.3806076015011,0.0,7.800000000000011,-101.56212000000002
25063200.0,685,iso13790,native,True,19.9,964.1538418448577,0.0,7.800000000000011,-101.56212000000002
25066800.0,685,iso13790,native,True,19.90000000000001,950.2351767140306,0.0,8.300000000000011,-101.56212000000002
25070400.0,685,iso13790,native,True,19.900000000000002,962.6345479180701,0.0,7.800000000000011,-101.56212000000002
25074000.0,685,iso13790,native,True,19.900000000000006,969.9800739721206,0.0,7.800000000000011,-101.56212000000002
25077600.0,685,iso13790,native,True,19.90000000000001,998.4206304481618,0.0,7.2000000000000455,-101.56212000000002
25081200.0,685,iso13790,native,True,19.89999999999999,944.4491211240542,0.0,8.900000000000034,-101.56212000000002
25084800.0,685,iso13790,native,True,19.900000000000002,709.6560828097338,0.0,11.700000000000045,326.8995957642531
25088400.0,685,iso13790,native,True,19.899999999999995,356.97327786949074,0.0,15.0,436.4908536794019
25092000.0,685,iso13790,native,True,20.100000000000005,0.0,25.552602231546906,17.80000000000001,975.0872003816369
25095600.0,685,iso13790,native,True,20.1,0.0,422.31406848485744,20.600000000000023,743.2153219565664
25099200.0,685,iso13790,native,True,20.099999999999994,0.0,659.101109689609,22.80000000000001,610.487829973014
25102800.0,685,iso13790,native,True,20.10000000000001,0.0,872.9909432723034,24.400000000000034,815.7783846787406
25106400.0,685,iso13790,native,True,20.09999999999999,0.0,1315.3883783781075,25.0,2127.3778404398668
25110000.0,685,iso13790,native,True,20.099999999999994,0.0,2018.6167093786644,25.600000000000023,3291.574686521858
25113600.0,685,iso13790,native,True,20.100000000000037,0.0,2653.6336740309207,24.400000000000034,3943.7612883559973
25117200.0,685,iso13790,native,True,20.099999999999977,0.0,2706.9314429711835,20.600000000000023,2879.909337825002
25120800.0,685,iso13790,native,True,20.09999999999997,0.0,1781.738096770456,16.700000000000045,-101.56212000000002
25124400.0,685,iso13790,native,True,20.10000000000001,0.0,799.5250201809306,16.100000000000023,-101.56212000000002
25128000.0,685,iso13790,native,True,20.099999999999998,0.0,64.06999337283698,10.600000000000023,-101.56212000000002
25131600.0,685,iso13790,native,True,19.899999999999995,326.1350841044388,0.0,9.400000000000034,-101.56212000000002
25135200.0,685,iso13790,native,True,19.9,456.81963314780273,0.0,12.200000000000045,-101.56212000000002
25138800.0,685,iso13790,native,True,19.900000000000002,584.9891621105539,0.0,10.600000000000023,-101.56212000000002
25142400.0,685,iso13790,native,True,19.9,633.776000120495,0.0,11.100000000000023,-101.56212000000002
25146000.0,685,iso13790,native,True,19.899999999999995,748.4452971898743,0.0,8.900000000000034,-101.56212000000002
25149600.0,685,iso13790,native,True,19.899999999999988,811.8859863214551,0.0,8.900000000000034,-101.56212000000002
25153200.0,685,iso13790,native,True,19.900000000000002,844.7296100476163,0.0,8.900000000000034,-101.56212000000002
25156800.0,685,iso13790,native,True,19.900000000000006,791.9260379236646,0.0,10.600000000000023,-101.56212000000002
25160400.0,685,iso13790,native,True,19.899999999999995,831.2468139833927,0.0,8.900000000000034,-101.56212000000002
25164000.0,685,iso13790,native,True,19.899999999999995,854.7528261800345,0.0,8.900000000000034,-101.56212000000002
25167600.0,685,iso13790,native,True,19.900000000000006,787.3946431591763,0.0,10.600000000000023,-54.6216160566884
25171200.0,685,iso13790,native,True,19.900000000000002,546.0382647417167,0.0,12.800000000000011,455.20641783890443
25174800.0,685,iso13790,native,True,19.9,134.54638523704259,0.0,16.100000000000023,775.6270332484257
25178400.0,685,iso13790,native,True,20.099999999999994,0.0,281.48069884459596,20.0,949.8919902887154
25182000.0,685,iso13790,native,True,20.1,0.0,550.3667667165844,21.100000000000023,622.1679147282803
25185600.0,685,iso13790,native,True,20.09999999999999,0.0,681.6954277336476,22.200000000000045,606.3820010366304
25189200.0,685,iso13790,native,True,20.099999999999994,0.0,897.1747823640283,22.80000000000001,1201.849755043767
25192800.0,685,iso13790,native,True,20.10000000000001,0.0,1254.3084128909165,22.200000000000045,2046.743037163358
25196400.0,685,iso13790,native,True,20.100000000000005,0.0,1688.5836592597975,21.700000000000045,2710.4938102692804
25200000.0,685,iso13790,native,True,20.09999999999998,0.0,1598.4932650851822,21.700000000000045,687.4648347867465
25203600.0,685,iso13790,native,True,20.099999999999994,0.0,1069.7972250618482,18.30000000000001,578.3286198702405
25207200.0,685,iso13790,native,True,20.100000000000012,0.0,520.8727449084544,15.600000000000023,-101.56212000000002
25210800.0,685,iso13790,native,True,20.099999999999998,0.0,99.56046265724537,15.0,-101.56212000000002
25214400.0,685,iso13790,native,True,19.899999999999995,114.82703483408937,0.0,13.900000000000034,-101.56212000000002
25218000.0,685,iso13790,native,True,19.900000000000002,339.087516165587,0.0,12.200000000000045,-101.56212000000002
25221600.0,685,iso13790,native,True,19.9,413.16873995923817,0.0,13.300000000000011,-101.56212000000002
25225200.0,685,iso13790,native,True,19.900000000000002,470.01462230957446,0.0,12.800000000000011,-101.56212000000002
25228800.0,685,iso13790,native,True,19.9,615.3464635622678,0.0,10.0,-101.56212000000002
25232400.0,685,iso13790,native,True,19.900000000000006,786.1112491148397,0.0,7.800000000000011,-101.56212000000002
25236000.0,685,iso13790,native,True,19.9,878.5929077203723,0.0,7.800000000000011,-101.56212000000002
25239600.0,685,iso13790,native,True,19.9,971.6403933781967,0.0,6.7000000000000455,-101.56212000000002
25243200.0,685,iso13790,native,True,19.900000000000002,1046.4872208125296,0.0,6.100000000000023,-101.56212000000002
25246800.0,685,iso13790,native,True,19.900000000000002,1041.1782489306158,0.0,7.2000000000000455,-101.56212000000002
25250400.0,685,iso13790,native,True,19.900000000000002,1196.5371773791642,0.0,3.3000000000000114,-101.56212000000002
25254000.0,685,iso13790,native,True,19.900000000000002,1178.6258990783483,0.0,5.600000000000023,-47.853605701015866
25257600.0,685,iso13790,native,True,19.899999999999995,951.7193408684258,0.0,8.900000000000034,287.1555335713373
25261200.0,685,iso13790,native,True,19.900000000000002,663.7786944624012,0.0,10.600000000000023,487.96698246516075
25264800.0,685,iso13790,native,True,19.900000000000002,408.3501443828351,0.0,12.200000000000045,515.7896294039365
25268400.0,685,iso13790,native,True,19.9,200.11875099630112,0.0,13.900000000000034,510.11391390209826
25272000.0,685,iso13790,native,True,19.900000000000002,2.861538040218891,0.0,15.600000000000023,594.1178027015541
25275600.0,685,iso13790,native,True,20.1,0.0,207.5677602330217,17.80000000000001,843.0466163574833
25279200.0,685,iso13790,native,True,20.099999999999998,0.0,720.506644620912,18.900000000000034,2166.0654387399736
25282800.0,685,iso13790,native,True,20.1,0.0,1492.0608866316877,20.0,3371.516880209047
25286400.0,685,iso13790,native,True,20.100000000000037,0.0,2126.252198864692,19.400000000000034,3693.9538761962344
25290000.0,685,iso13790,native,True,20.1,0.0,2264.3476633080827,17.200000000000045,2970.773586356052
25293600.0,685,iso13790,native,True,20.099999999999984,0.0,1421.0628648062984,13.300000000000011,-101.56212000000002
25297200.0,685,iso13790,native,True,20.100000000000005,0.0,310.84966989223017,8.900000000000034,-101.56212000000002
25300800.0,685,iso13790,native,True,19.9,267.2258063391639,0.0,7.800000000000011,-101.56212000000002
25304400.0,685,iso13790,native,True,19.9,494.9867235578858,0.0,10.600000000000023,-101.56212000000002
25308000.0,685,iso13790,native,True,19.9,722.6887357291386,0.0,7.800000000000011,-101.56212000000002
25311600.0,685,iso13790,native,True,19.9,710.2511580098187,0.0,11.100000000000023,-101.56212000000002
25315200.0,685,iso13790,native,True,19.899999999999995,697.6985861355258,0.0,11.100000000000023,-101.56212000000002
25318800.0,685,iso13790,native,True,19.9,711.7314894929464,0.0,10.600000000000023,-101.56212000000002
25322400.0,685,iso13790,native,True,19.9,699.3912601012131,0.0,11.100000000000023,-101.56212000000002
25326000.0,685,iso13790,native,True,19.9,852.2216215526772,0.0,7.2000000000000455,-101.56212000000002
25329600.0,685,iso13790,native,True,19.89999999999999,1074.0754688944608,0.0,3.900000000000034,-101.56212000000002
25333200.0,685,iso13790,native,True,19.900000000000002,1195.0440944996678,0.0,3.900000000000034,-101.56212000000002
25336800.0,685,iso13790,native,True,19.900000000000002,1212.5010960222753,0.0,5.0,-101.56212000000002
25340400.0,685,iso13790,native,True,19.899999999999988,1209.6429602541702,0.0,5.0,-53.95809909168719
25344000.0,685,iso13790,native,True,19.899999999999995,969.924989305746,0.0,8.300000000000011,405.78793398115147
25347600.0,685,iso13790,native,True,19.900000000000002,564.637580986118,0.0,12.200000000000045,609.7618973055178
25351200.0,685,iso13790,native,True,19.899999999999995,130.01292237867656,0.0,16.700000000000045,612.4103275456962
25354800.0,685,iso13790,native,True,20.1,0.0,242.64863428975318,20.0,870.2806162467414
25358400.0,685,iso13790,native,True,20.10000000000001,0.0,589.5037153027658,22.200000000000045,750.9001228654545
25362000.0,685,iso13790,native,True,20.100000000000005,0.0,806.9994598895464,22.80000000000001,886.5354836241406
25365600.0,685,iso13790,native,True,20.100000000000005,0.0,1200.6016217327144,22.80000000000001,2134.588582048837
25369200.0,685,iso13790,native,True,20.099999999999962,0.0,1811.3070422433445,22.200000000000045,3265.814850079041
25372800.0,685,iso13790,native,True,20.100000000000023,0.0,2166.7350671419354,20.600000000000023,2914.391188417273
25376400.0,685,iso13790,native,True,20.1,0.0,1659.3430382306708,18.30000000000001,314.29315028913044
25380000.0,685,iso13790,native,True,20.100000000000005,0.0,784.3399967538822,15.600000000000023,-101.56212000000002
25383600.0,685,iso13790,native,True,20.10000000000001,0.0,166.15212044008,13.300000000000011,-101.56212000000002
25387200.0,685,iso13790,native,True,19.900000000000002,83.50154736287706,0.0,13.900000000000034,-101.56212000000002
25390800.0,685,iso13790,native,True,19.899999999999995,253.06321186079276,0.0,13.900000000000034,-101.56212000000002
25394400.0,685,iso13790,native,True,19.9,410.65321076563566,0.0,12.200000000000045,-101.56212000000002
25398000.0,685,iso13790,native,True,19.899999999999995,540.557084668854,0.0,11.100000000000023,-101.56212000000002
25401600.0,685,iso13790,native,True,19.899999999999995,655.0161292588199,0.0,10.0,-101.56212000000002
25405200.0,685,iso13790,native,True,19.9,740.9478486541957,0.0,9.400000000000034,-101.56212000000002
25408800.0,685,iso13790,native,True,19.900000000000006,852.2473934733088,0.0,7.800000000000011,-101.56212000000002
25412400.0,685,iso13790,native,True,19.9,937.4697184781651,0.0,7.2000000000000455,-101.56212000000002
25416000.0,685,iso13790,native,True,19.900000000000006,1027.8705607842587,0.0,6.100000000000023,-101.56212000000002
25419600.0,685,iso13790,native,True,19.899999999999995,1052.0717376269097,0.0,6.7000000000000455,-101.56212000000002
25423200.0,685,iso13790,native,True,19.89999999999999,1133.2961867453123,0.0,5.0,-101.56212000000002
25426800.0,685,iso13790,native,True,19.9,1103.9525206477424,0.0,6.7000000000000455,-78.6891664226729
25430400.0,685,iso13790,native,True,19.89999999999999,986.5213516105556,0.0,6.7000000000000455,382.35876875634693
25434000.0,685,iso13790,native,True,19.899999999999988,921.1413494830633,0.0,5.600000000000023,270.62677799999994
25437600.0,685,iso13790,native,True,19.900000000000002,907.0601557597946,0.0,5.0,389.295702
25441200.0,685,iso13790,native,True,19.899999999999995,847.4294266118371,0.0,5.600000000000023,437.84207999999995
25444800.0,685,iso13790,native,True,19.900000000000002,822.3561932955683,0.0,5.0,486.38845799999996
25448400.0,685,iso13790,native,True,19.900000000000002,806.1629878685699,0.0,5.0,470.2063319999999
25452000.0,685,iso13790,native,True,19.89999999999999,815.9761006080737,0.0,5.0,394.68974399999996
25455600.0,685,iso13790,native,True,19.899999999999995,856.452662093543,0.0,5.0,281.41486199999997
25459200.0,685,iso13790,native,True,19.90000000000001,954.5812340566026,0.0,4.400000000000034,114.19955999999999
25462800.0,685,iso13790,native,True,19.899999999999995,1061.973415687796,0.0,4.400000000000034,-26.045532000000016
25466400.0,685,iso13790,native,True,19.900000000000006,1155.3818373366266,0.0,4.400000000000034,-101.56212000000002
25470000.0,685,iso13790,native,True,19.9,1236.2105896113655,0.0,3.900000000000034,-101.56212000000002
25473600.0,685,iso13790,native,True,19.900000000000006,1278.9824150083916,0.0,3.900000000000034,-101.56212000000002
25477200.0,685,iso13790,native,True,19.900000000000002,1301.1256445137783,0.0,3.900000000000034,-101.56212000000002
25480800.0,685,iso13790,native,True,19.90000000000001,1312.5893267012252,0.0,3.900000000000034,-101.56212000000002
25484400.0,685,iso13790,native,True,19.900000000000006,1318.5241434479292,0.0,3.900000000000034,-101.56212000000002
25488000.0,685,iso13790,native,True,19.900000000000002,1321.5966335293053,0.0,3.900000000000034,-101.56212000000002
25491600.0,685,iso13790,native,True,19.900000000000002,1302.6558351984581,0.0,4.400000000000034,-101.56212000000002
25495200.0,685,iso13790,native,True,19.90000000000001,1312.4552180451533,0.0,3.900000000000034,-101.56212000000002
25498800.0,685,iso13790,native,True,19.90000000000001,1297.9232697960979,0.0,4.400000000000034,-101.56212000000002
25502400.0,685,iso13790,native,True,19.9,1289.4736958669002,0.0,4.400000000000034,-101.56212000000002
25506000.0,685,iso13790,native,True,19.900000000000002,1285.099300970256,0.0,4.400000000000034,-101.56212000000002
25509600.0,685,iso13790,native,True,19.899999999999995,1282.8346506018265,0.0,4.400000000000034,-101.56212000000002
25513200.0,685,iso13790,native,True,19.900000000000002,1254.7904895532245,0.0,5.0,-90.77403600000002
25516800.0,685,iso13790,native,True,19.9,1181.6045948263318,0.0,5.0,178.92806399999995
25520400.0,685,iso13790,native,True,19.900000000000002,1005.6415110842034,0.0,6.100000000000023,421.65995399999997
25524000.0,685,iso13790,native,True,19.9,621.5728993785314,0.0,7.800000000000011,1304.1692923792007
25527600.0,685,iso13790,native,True,19.9,201.0025488345043,0.0,8.900000000000034,1467.834869681657
25531200.0,685,iso13790,native,True,20.100000000000005,0.0,59.55937086702919,10.0,1563.2402678393569
25534800.0,685,iso13790,native,True,20.1,0.0,331.5030615050714,11.700000000000045,1605.2277334131832
25538400.0,685,iso13790,native,True,20.10000000000001,0.0,616.8758637630268,12.800000000000011,2038.049763391237
25542000.0,685,iso13790,native,True,20.1,0.0,681.051087733191,12.800000000000011,1294.2277123654703
25545600.0,685,iso13790,native,True,20.10000000000001,0.0,441.04752871572583,13.900000000000034,324.56719799999996
25549200.0,685,iso13790,native,True,19.899999999999995,42.96571662030455,0.0,9.400000000000034,-31.43957400000002
25552800.0,685,iso13790,native,True,19.900000000000006,479.8114653993705,0.0,7.800000000000011,-101.56212000000002
25556400.0,685,iso13790,native,True,19.900000000000006,720.0196800101803,0.0,7.800000000000011,-101.56212000000002
25560000.0,685,iso13790,native,True,19.900000000000002,844.3769075971331,0.0,7.800000000000011,-101.56212000000002
25563600.0,685,iso13790,native,True,19.900000000000002,863.5882086074936,0.0,8.900000000000034,-101.56212000000002
25567200.0,685,iso13790,native,True,19.900000000000002,871.4961593681403,0.0,8.900000000000034,-101.56212000000002
25570800.0,685,iso13790,native,True,19.899999999999995,875.5901527150427,0.0,8.900000000000034,-101.56212000000002
25574400.0,685,iso13790,native,True,19.900000000000002,902.3473712855769,0.0,8.300000000000011,-101.56212000000002
25578000.0,685,iso13790,native,True,19.899999999999995,892.6735664312472,0.0,8.900000000000034,-101.56212000000002
25581600.0,685,iso13790,native,True,19.89999999999999,886.5538228547813,0.0,8.900000000000034,-101.56212000000002
25585200.0,685,iso13790,native,True,19.899999999999995,883.3855950489782,0.0,8.900000000000034,-101.56212000000002
25588800.0,685,iso13790,native,True,19.899999999999995,881.7453845885157,0.0,8.900000000000034,-101.56212000000002
25592400.0,685,iso13790,native,True,19.9,926.0654163942171,0.0,7.800000000000011,-101.56212000000002
25596000.0,685,iso13790,native,True,19.89999999999999,1041.3863732543805,0.0,5.600000000000023,-101.56212000000002
25599600.0,685,iso13790,native,True,19.899999999999995,1083.5159836200528,0.0,6.100000000000023,-96.16807800000001
25603200.0,685,iso13790,native,True,19.900000000000006,1040.931830092022,0.0,6.7000000000000455,87.22934999999998
25606800.0,685,iso13790,native,True,19.9,806.0766291605466,0.0,7.2000000000000455,870.3582695098913
25610400.0,685,iso13790,native,True,19.900000000000002,576.2547028437189,0.0,8.0,632.027592
25614000.0,685,iso13790,native,True,19.900000000000002,243.67635290791253,0.0,11.700000000000045,1104.614284601475
25617600.0,685,iso13790,native,True,19.9,25.384166268986753,0.0,12.800000000000011,715.2705658222862
25621200.0,685,iso13790,native,True,20.1,0.0,109.17357900424922,14.400000000000034,1030.95738016408
25624800.0,685,iso13790,native,True,20.100000000000012,0.0,582.5073494283663,15.600000000000023,2286.972562771397
25628400.0,685,iso13790,native,True,20.100000000000005,0.0,1231.7105544893423,15.600000000000023,3268.9845446064382
25632000.0,685,iso13790,native,True,20.099999999999994,0.0,1588.146443510413,15.600000000000023,2617.4653662761148
25635600.0,685,iso13790,native,True,20.100000000000023,0.0,1396.8091036957978,13.300000000000011,1755.8874470928
25639200.0,685,iso13790,native,True,20.1,0.0,682.2953978632165,11.100000000000023,-101.56212000000002
25642800.0,685,iso13790,native,True,20.076470463294907,0.0,0.0,10.600000000000023,-101.56212000000002
25646400.0,685,iso13790,native,True,19.9,339.5404446782615,0.0,10.0,-101.56212000000002
25650000.0,685,iso13790,native,True,19.900000000000002,598.1556470534179,0.0,8.900000000000034,-101.56212000000002
25653600.0,685,iso13790,native,True,19.900000000000002,758.7178704504954,0.0,8.300000000000011,-101.56212000000002
25657200.0,685,iso13790,native,True,19.90000000000001,1023.6301638734727,0.0,3.900000000000034,-101.56212000000002
25660800.0,685,iso13790,native,True,19.900000000000002,1148.3968139559572,0.0,4.400000000000034,-101.56212000000002
25664400.0,685,iso13790,native,True,19.90000000000001,1232.5944012821835,0.0,3.900000000000034,-101.56212000000002
25668000.0,685,iso13790,native,True,19.900000000000002,1301.748026468467,0.0,3.3000000000000114,-101.56212000000002
25671600.0,685,iso13790,native,True,19.899999999999995,1223.684737456157,0.0,6.100000000000023,-101.56212000000002
25675200.0,685,iso13790,native,True,19.9,1223.2528189035165,0.0,5.0,-101.56212000000002
25678800.0,685,iso13790,native,True,19.89999999999999,1225.067066619805,0.0,5.0,-101.56212000000002
25682400.0,685,iso13790,native,True,19.9,1201.3685797405508,0.0,5.600000000000023,-101.56212000000002
25686000.0,685,iso13790,native,True,19.900000000000002,1160.1939100655995,0.0,6.100000000000023,-66.48971233223017
25689600.0,685,iso13790,native,True,19.9,942.4873102293706,0.0,8.300000000000011,414.3884933666917
25693200.0,685,iso13790,native,True,19.899999999999995,626.577631004141,0.0,11.100000000000023,453.6137365509282
25696800.0,685,iso13790,native,True,19.899999999999995,352.68761315505157,0.0,13.300000000000011,495.2136314863915
25700400.0,685,iso13790,native,True,19.899999999999995,160.47166968622537,0.0,14.400000000000034,469.1348824877377
25704000.0,685,iso13790,native,True,20.039700315159884,0.0,0.0,16.100000000000023,605.169151403537
25707600.0,685,iso13790,native,True,20.099999999999998,0.0,186.9516788155192,15.600000000000023,1019.9398271101977
25711200.0,685,iso13790,native,True,20.100000000000016,0.0,653.9306983616572,16.100000000000023,2335.960626341409
25714800.0,685,iso13790,native,True,20.100000000000023,0.0,1244.0555492466322,16.700000000000045,2890.0414427992328
25718400.0,685,iso13790,native,True,20.10000000000001,0.0,1678.9743940964477,15.0,3423.662282415291
25722000.0,685,iso13790,native,True,20.100000000000005,0.0,1239.2176318037457,13.900000000000034,38.68297199999998
25725600.0,685,iso13790,native,True,20.09999999999999,0.0,354.96777226130956,11.700000000000045,-101.56212000000002
25729200.0,685,iso13790,native,True,19.900000000000002,148.85997800656202,0.0,10.0,-101.56212000000002
25732800.0,685,iso13790,native,True,19.899999999999995,454.2700518695004,0.0,10.0,-101.56212000000002
25736400.0,685,iso13790,native,True,19.899999999999995,612.3826714743619,0.0,10.0,-101.56212000000002
25740000.0,685,iso13790,native,True,19.900000000000002,829.7460548055991,0.0,6.7000000000000455,-101.56212000000002
25743600.0,685,iso13790,native,True,19.899999999999995,1042.834586446409,0.0,4.400000000000034,-101.56212000000002
25747200.0,685,iso13790,native,True,19.900000000000002,1087.6058484071486,0.0,6.100000000000023,-101.56212000000002
25750800.0,685,iso13790,native,True,19.899999999999988,1267.7800560531962,0.0,2.2000000000000455,-101.56212000000002
25754400.0,685,iso13790,native,True,19.900000000000002,1277.9440831139382,0.0,4.400000000000034,-101.56212000000002
25758000.0,685,iso13790,native,True,19.900000000000002,1229.8548840571755,0.0,5.600000000000023,-101.56212000000002
25761600.0,685,iso13790,native,True,19.900000000000002,1252.011171929715,0.0,4.400000000000034,-101.56212000000002
25765200.0,685,iso13790,native,True,19.9,1265.704728545717,0.0,4.400000000000034,-101.56212000000002
25768800.0,685,iso13790,native,True,19.90000000000001,1293.3254094037231,0.0,3.900000000000034,-101.56212000000002
25772400.0,685,iso13790,native,True,19.90000000000001,1300.8933626396383,0.0,3.900000000000034,-64.58264874412188
25776000.0,685,iso13790,native,True,19.899999999999995,1082.847236968797,0.0,7.2000000000000455,324.6862786245949
25779600.0,685,iso13790,native,True,19.899999999999995,778.3379565572604,0.0,10.0,368.110096776127
25783200.0,685,iso13790,native,True,19.9,497.17543791586485,0.0,11.700000000000045,569.2719367200951
25786800.0,685,iso13790,native,True,19.899999999999995,279.0206360293236,0.0,13.300000000000011,433.7763037325244
25790400.0,685,iso13790,native,True,19.9,89.50553526665018,0.0,15.0,555.5931375316418
25794000.0,685,iso13790,native,True,20.10000000000001,0.0,150.24780206669814,16.100000000000023,1154.7385630115139
25797600.0,685,iso13790,native,True,20.10000000000001,0.0,633.095101416687,16.100000000000023,2219.716951831781
25801200.0,685,iso13790,native,True,20.100000000000012,0.0,1352.7106617829584,17.200000000000045,3456.431975805352
25804800.0,685,iso13790,native,True,20.099999999999994,0.0,1982.6196554867806,16.700000000000045,3844.3389495680585
25808400.0,685,iso13790,native,True,20.100000000000048,0.0,1776.4368803378823,12.800000000000011,1755.5538247274162
25812000.0,685,iso13790,native,True,20.099999999999998,0.0,808.045009844015,9.400000000000034,-101.56212000000002
25815600.0,685,iso13790,native,True,20.1,0.0,6.792988707601913,9.400000000000034,-101.56212000000002
25819200.0,685,iso13790,native,True,19.9,448.3492027152446,0.0,7.2000000000000455,-101.56212000000002
25822800.0,685,iso13790,native,True,19.899999999999995,795.1813928135724,0.0,5.600000000000023,-101.56212000000002
25826400.0,685,iso13790,native,True,19.899999999999995,887.3642843557958,0.0,7.800000000000011,-101.56212000000002
25830000.0,685,iso13790,native,True,19.899999999999995,976.1813874581429,0.0,6.7000000000000455,-101.56212000000002
25833600.0,685,iso13790,native,True,19.899999999999995,1094.0072991322,0.0,5.0,-101.56212000000002
25837200.0,685,iso13790,native,True,19.900000000000002,1203.3250675454046,0.0,3.900000000000034,-101.56212000000002
25840800.0,685,iso13790,native,True,19.899999999999995,1192.1504714750317,0.0,5.600000000000023,-101.56212000000002
25844400.0,685,iso13790,native,True,19.90000000000001,1253.0228171082513,0.0,3.900000000000034,-101.56212000000002
25848000.0,685,iso13790,native,True,19.899999999999995,1332.8553841701773,0.0,2.8000000000000114,-101.56212000000002
25851600.0,685,iso13790,native,True,19.90000000000001,1240.7154998721487,0.0,6.100000000000023,-101.56212000000002
25855200.0,685,iso13790,native,True,19.899999999999988,1256.7074800988553,0.0,4.400000000000034,-101.56212000000002
25858800.0,685,iso13790,native,True,19.900000000000002,1263.280132261638,0.0,4.400000000000034,-78.11279580082234
25862400.0,685,iso13790,native,True,19.900000000000002,1034.695259284095,0.0,7.800000000000011,350.0603216575212
25866000.0,685,iso13790,native,True,19.9,731.9078905494692,0.0,9.400000000000034,566.1779152068053
25869600.0,685,iso13790,native,True,19.9,354.46009165502056,0.0,11.100000000000023,1115.4980268733784
25873200.0,685,iso13790,native,True,19.900000000000002,77.14602786096557,0.0,12.800000000000011,739.3306212736318
25876800.0,685,iso13790,native,True,20.1,0.0,120.72014330183572,15.0,1078.7761661483328
25880400.0,685,iso13790,native,True,20.1,0.0,406.5508142127766,16.100000000000023,1267.3825697044676
25884000.0,685,iso13790,native,True,20.1,0.0,846.0704425079152,16.100000000000023,2521.4189460086263
25887600.0,685,iso13790,native,True,20.099999999999998,0.0,996.3683588405742,15.600000000000023,1290.129355113218
25891200.0,685,iso13790,native,True,20.10000000000001,0.0,622.657909304053,14.400000000000034,292.20294599999994
25894800.0,685,iso13790,native,True,20.10000000000001,0.0,325.67975404102765,12.800000000000011,882.2644718864922
25898400.0,685,iso13790,native,True,19.9,6.441238597431151,0.0,10.0,-101.56212000000002
25902000.0,685,iso13790,native,True,19.9,405.1767534989322,0.0,9.400000000000034,-101.56212000000002
25905600.0,685,iso13790,native,True,19.899999999999995,678.4166917839551,0.0,7.800000000000011,-101.56212000000002
25909200.0,685,iso13790,native,True,19.899999999999995,777.6696135182387,0.0,8.900000000000034,-101.56212000000002
25912800.0,685,iso13790,native,True,19.900000000000002,941.9916803331325,0.0,6.100000000000023,-101.56212000000002
25916400.0,685,iso13790,native,True,19.9,1032.249461979553,0.0,6.100000000000023,-101.56212000000002
25920000.0,685,iso13790,native,True,19.899999999999995,1078.9764546924516,0.0,6.100000000000023,-101.56212000000002
25923600.0,685,iso13790,native,True,19.899999999999988,1012.8289408257024,0.0,8.300000000000011,-101.56212000000002
25927200.0,685,iso13790,native,True,19.899999999999995,929.3390901439589,0.0,9.400000000000034,-101.56212000000002
25930800.0,685,iso13790,native,True,19.90000000000001,884.0780411886292,0.0,9.400000000000034,-101.56212000000002
25934400.0,685,iso13790,native,True,19.900000000000006,881.1775705772205,0.0,8.900000000000034,-101.56212000000002
25938000.0,685,iso13790,native,True,19.899999999999995,905.2400108892439,0.0,8.300000000000011,-101.56212000000002
25941600.0,685,iso13790,native,True,19.899999999999984,918.8088369926226,0.0,8.300000000000011,-101.56212000000002
25945200.0,685,iso13790,native,True,19.9,879.5473186280076,0.0,9.400000000000034,-96.16807800000001
25948800.0,685,iso13790,native,True,19.89999999999999,772.4918940264844,0.0,10.0,189.71614799999998
25952400.0,685,iso13790,native,True,19.900000000000006,683.5984713522337,0.0,8.300000000000011,464.81228999999996
25956000.0,685,iso13790,native,True,19.900000000000002,372.7146171684125,0.0,10.600000000000023,1092.949593260039
25959600.0,685,iso13790,native,True,19.900000000000002,28.708865666549386,0.0,11.700000000000045,1258.6838016697973
25963200.0,685,iso13790,native,True,20.1,0.0,96.49440019964315,15.0,454.024206
25966800.0,685,iso13790,native,True,20.100000000000012,0.0,237.71576813254185,14.400000000000034,1326.7182201736318
25970400.0,685,iso13790,native,True,20.099999999999998,0.0,239.55966947859395,12.200000000000045,757.9029352958717
25974000.0,685,iso13790,native,True,20.1,0.0,306.35201013182007,12.800000000000011,1410.8159104153472
25977600.0,685,iso13790,native,True,20.099999999999994,0.0,647.1366525003891,13.300000000000011,2286.4984942978253
25981200.0,685,iso13790,native,True,20.099999999999994,0.0,775.0091485531327,12.200000000000045,1597.1213759616855
25984800.0,685,iso13790,native,True,20.099999999999994,0.0,288.07781993635854,10.0,-101.56212000000002
25988400.0,685,iso13790,native,True,19.900000000000002,211.27645119947005,0.0,9.400000000000034,-101.56212000000002
25992000.0,685,iso13790,native,True,19.899999999999995,512.3327236623803,0.0,9.400000000000034,-101.56212000000002
25995600.0,685,iso13790,native,True,19.9,688.722799074517,0.0,8.900000000000034,-101.56212000000002
25999200.0,685,iso13790,native,True,19.89999999999999,805.6050260543847,0.0,8.300000000000011,-101.56212000000002
26002800.0,685,iso13790,native,True,19.9,912.3963887332534,0.0,7.2000000000000455,-101.56212000000002
26006400.0,685,iso13790,native,True,19.900000000000002,945.083035881612,0.0,7.800000000000011,-101.56212000000002
26010000.0,685,iso13790,native,True,19.90000000000001,940.3621065474649,0.0,8.300000000000011,-101.56212000000002
26013600.0,685,iso13790,native,True,19.900000000000002,936.9917557166008,0.0,8.300000000000011,-101.56212000000002
26017200.0,685,iso13790,native,True,19.899999999999995,935.2469049586833,0.0,8.300000000000011,-101.56212000000002
26020800.0,685,iso13790,native,True,19.900000000000002,934.3435852984526,0.0,8.300000000000011,-101.56212000000002
26024400.0,685,iso13790,native,True,19.899999999999995,933.8759313143721,0.0,8.300000000000011,-101.56212000000002
26028000.0,685,iso13790,native,True,19.900000000000002,933.6338240532848,0.0,8.300000000000011,-101.56212000000002
26031600.0,685,iso13790,native,True,19.900000000000002,977.372444623994,0.0,7.2000000000000455,-95.25917892566711
26035200.0,685,iso13790,native,True,19.900000000000002,880.8924647752463,0.0,7.800000000000011,366.0456927802719
26038800.0,685,iso13790,native,True,19.9,675.7039390998934,0.0,8.300000000000011,658.997802
26042400.0,685,iso13790,native,True,19.899999999999995,393.7354520298337,0.0,9.400000000000034,1061.4003578671447
26046000.0,685,iso13790,native,True,19.900000000000002,70.2852555653076,0.0,12.200000000000045,1046.1379014815673
26049600.0,685,iso13790,native,True,20.1,0.0,105.9404065668354,15.600000000000023,642.4045172698352
26053200.0,685,iso13790,native,True,20.100000000000012,0.0,385.84510359179785,17.80000000000001,1195.0337302970884
26056800.0,685,iso13790,native,True,20.10000000000001,0.0,842.209401586133,17.80000000000001,2257.466289502777
26060400.0,685,iso13790,native,True,20.100000000000016,0.0,1437.5064704129593,17.200000000000045,3299.094715532892
26064000.0,685,iso13790,native,True,20.099999999999998,0.0,2053.282718069623,17.200000000000045,3994.5577545169263
26067600.0,685,iso13790,native,True,20.099999999999987,0.0,1980.9419424577347,14.400000000000034,2130.0251066356573
26071200.0,685,iso13790,native,True,20.10000000000003,0.0,1091.0628384289469,12.200000000000045,-101.56212000000002
26074800.0,685,iso13790,native,True,20.1,0.0,47.63047333387084,6.7000000000000455,-101.56212000000002
26078400.0,685,iso13790,native,True,19.9,226.89495156301487,0.0,12.200000000000045,-101.56212000000002
26082000.0,685,iso13790,native,True,19.900000000000002,695.907962754075,0.0,5.0,-101.56212000000002
26085600.0,685,iso13790,native,True,19.899999999999995,906.8883059397004,0.0,6.100000000000023,-101.56212000000002
26089200.0,685,iso13790,native,True,19.899999999999995,1014.0762353661884,0.0,6.100000000000023,-101.56212000000002
26092800.0,685,iso13790,native,True,19.900000000000002,1090.099511516494,0.0,5.600000000000023,-101.56212000000002
26096400.0,685,iso13790,native,True,19.900000000000002,1179.6589807371713,0.0,4.400000000000034,-101.56212000000002
26100000.0,685,iso13790,native,True,19.900000000000002,1178.9720994510033,0.0,5.600000000000023,-101.56212000000002
26103600.0,685,iso13790,native,True,19.900000000000006,1225.668850390963,0.0,4.400000000000034,-101.56212000000002
26107200.0,685,iso13790,native,True,19.900000000000002,1252.0671513293385,0.0,4.400000000000034,-101.56212000000002
26110800.0,685,iso13790,native,True,19.900000000000002,1376.603511332526,0.0,1.7000000000000455,-101.56212000000002
26114400.0,685,iso13790,native,True,19.900000000000016,1355.7403782821839,0.0,3.900000000000034,-101.56212000000002
26118000.0,685,iso13790,native,True,19.9,1363.7629493894922,0.0,3.3000000000000114,-93.16691577938566
26121600.0,685,iso13790,native,True,19.899999999999988,1205.1519231828645,0.0,5.0,354.6860535823401
26125200.0,685,iso13790,native,True,19.900000000000006,880.9968621990531,0.0,7.2000000000000455,730.1321124811277
26128800.0,685,iso13790,native,True,19.89999999999999,610.8265508162383,0.0,9.400000000000034,481.828113634064
26132400.0,685,iso13790,native,True,19.9,392.75371391320533,0.0,11.100000000000023,692.269791937451
26136000.0,685,iso13790,native,True,19.900000000000002,164.8283970445468,0.0,12.200000000000045,853.7439402941213
26139600.0,685,iso13790,native,True,20.100000000000005,0.0,120.46891271021049,12.800000000000011,1651.0340016559815
26143200.0,685,iso13790,native,True,20.099999999999994,0.0,694.6962662783715,15.0,2460.377029503797
26146800.0,685,iso13790,native,True,20.10000000000001,0.0,1321.3832940287427,15.600000000000023,3294.5209283248964
26150400.0,685,iso13790,native,True,20.10000000000005,0.0,1667.6400315396443,15.0,2876.63914426007
26154000.0,685,iso13790,native,True,20.1,0.0,1390.5995188381257,11.700000000000045,1651.931797800949
26157600.0,685,iso13790,native,True,20.1,0.0,639.1496226890048,10.600000000000023,-101.56212000000002
26161200.0,685,iso13790,native,True,19.899999999999995,28.412924771286605,0.0,9.400000000000034,-101.56212000000002
26164800.0,685,iso13790,native,True,19.9,417.66318369587,0.0,9.400000000000034,-101.56212000000002
26168400.0,685,iso13790,native,True,19.900000000000002,684.8809912845572,0.0,7.800000000000011,-101.56212000000002
26172000.0,685,iso13790,native,True,19.899999999999995,895.9923108612978,0.0,6.100000000000023,-101.56212000000002
26175600.0,685,iso13790,native,True,19.900000000000002,1008.4353136269132,0.0,6.100000000000023,-101.56212000000002
26179200.0,685,iso13790,native,True,19.89999999999999,1066.6477278365564,0.0,6.100000000000023,-101.56212000000002
26182800.0,685,iso13790,native,True,19.900000000000002,1166.5915547228014,0.0,4.400000000000034,-101.56212000000002
26186400.0,685,iso13790,native,True,19.900000000000002,1221.4824824639118,0.0,4.400000000000034,-101.56212000000002
26190000.0,685,iso13790,native,True,19.9,1315.6004670046098,0.0,2.8000000000000114,-101.56212000000002
26193600.0,685,iso13790,native,True,19.899999999999995,1367.2900618599563,0.0,2.8000000000000114,-101.56212000000002
26197200.0,685,iso13790,native,True,19.900000000000002,1418.687807643573,0.0,2.2000000000000455,-101.56212000000002
26200800.0,685,iso13790,native,True,19.900000000000006,1421.770550917563,0.0,2.8000000000000114,-101.56212000000002
26204400.0,685,iso13790,native,True,19.9,1354.8304102211252,0.0,4.400000000000034,-93.23727508028357
26208000.0,685,iso13790,native,True,19.900000000000002,1185.0643456690034,0.0,4.400000000000034,538.5474512759222
26211600.0,685,iso13790,native,True,19.899999999999995,929.3833218996534,0.0,5.0,747.4945124111699
26215200.0,685,iso13790,native,True,19.89999999999999,723.9824960464329,0.0,5.0,935.2813886461574
26218800.0,685,iso13790,native,True,19.900000000000002,684.2641445965974,0.0,5.0,470.2063319999999
26222400.0,685,iso13790,native,True,19.899999999999988,706.2204410208674,0.0,6.0,421.65995399999997
26226000.0,685,iso13790,native,True,19.900000000000006,726.7609643853917,0.0,6.0,405.47782800000004
26229600.0,685,iso13790,native,True,19.89999999999999,740.7404440701787,0.0,5.600000000000023,480.994416
26233200.0,685,iso13790,native,True,19.900000000000002,751.9921560580896,0.0,6.100000000000023,308.385072
26236800.0,685,iso13790,native,True,19.900000000000006,774.06385299128,0.0,6.7000000000000455,238.262526
26240400.0,685,iso13790,native,True,19.900000000000002,881.5382053115391,0.0,6.100000000000023,-58.40978400000001
26244000.0,685,iso13790,native,True,19.899999999999988,1014.6613761487229,0.0,5.600000000000023,-101.56212000000002
26247600.0,685,iso13790,native,True,19.899999999999995,1091.3287399090655,0.0,5.600000000000023,-101.56212000000002
26251200.0,685,iso13790,native,True,19.90000000000001,1200.8268044182844,0.0,3.900000000000034,-101.56212000000002
26254800.0,685,iso13790,native,True,19.900000000000002,1305.8331966078838,0.0,2.8000000000000114,-101.56212000000002
26258400.0,685,iso13790,native,True,19.899999999999995,1427.9341109891739,0.0,1.2000000000000455,-101.56212000000002
26262000.0,685,iso13790,native,True,19.9,1555.7049701773963,0.0,-0.2999999999999545,-101.56212000000002
26265600.0,685,iso13790,native,True,19.89999999999999,1690.33222311863,0.0,-1.8999999999999773,-101.56212000000002
26269200.0,685,iso13790,native,True,19.900000000000002,1824.5880426053761,0.0,-3.3999999999999773,-101.56212000000002
26272800.0,685,iso13790,native,True,19.90000000000001,1962.5725982310457,0.0,-5.0,-101.56212000000002
26276400.0,685,iso13790,native,True,19.899999999999988,2102.672802332247,0.0,-6.599999999999966,-101.56212000000002
26280000.0,685,iso13790,native,True,19.899999999999988,2247.974579246958,0.0,-8.299999999999955,-101.56212000000002
26283600.0,685,iso13790,native,True,19.9,2326.347588663365,0.0,-8.299999999999955,-101.56212000000002
26287200.0,685,iso13790,native,True,19.9,2366.921763799137,0.0,-8.299999999999955,-101.56212000000002
26290800.0,685,iso13790,native,True,19.899999999999995,2387.4087645126356,0.0,-8.299999999999955,-99.0583035691169
26294400.0,685,iso13790,native,True,19.899999999999988,2278.905112652468,0.0,-7.7999999999999545,375.06884990855673
26298000.0,685,iso13790,native,True,19.900000000000016,2136.7088779412156,0.0,-6.699999999999989,205.898274
26301600.0,685,iso13790,native,True,19.899999999999995,2025.1853280664059,0.0,-6.099999999999966,389.295702
26305200.0,685,iso13790,native,True,19.899999999999995,1784.9407564405005,0.0,-5.0,907.123734
26308800.0,685,iso13790,native,True,19.899999999999988,1560.4671762187081,0.0,-3.2999999999999545,648.2097180000001
26312400.0,685,iso13790,native,True,19.900000000000002,1595.4108797533831,0.0,-5.0,437.84207999999995
26316000.0,685,iso13790,native,True,19.899999999999995,1660.4521945777976,0.0,-6.099999999999966,605.057382
26319600.0,685,iso13790,native,True,19.899999999999988,1743.5113326348005,0.0,-6.699999999999989,367.719534
26323200.0,685,iso13790,native,True,19.900000000000002,1847.4863744449594,0.0,-6.699999999999989,259.838694
26326800.0,685,iso13790,native,True,19.899999999999995,1995.8694419895844,0.0,-7.199999999999989,-15.25744800000001
26330400.0,685,iso13790,native,True,19.900000000000002,2134.9794090801033,0.0,-7.199999999999989,-101.56212000000002
26334000.0,685,iso13790,native,True,19.899999999999988,2220.642281001792,0.0,-7.199999999999989,-101.56212000000002
26337600.0,685,iso13790,native,True,19.9,2244.459016703038,0.0,-6.699999999999989,-101.56212000000002
26341200.0,685,iso13790,native,True,19.90000000000001,2255.862785530644,0.0,-6.699999999999989,-101.56212000000002
26344800.0,685,iso13790,native,True,19.9,2261.7665847730646,0.0,-6.699999999999989,-101.56212000000002
26348400.0,685,iso13790,native,True,19.899999999999995,2264.8230169071917,0.0,-6.699999999999989,-101.56212000000002
26352000.0,685,iso13790,native,True,19.9,2241.7676163212313,0.0,-6.099999999999966,-101.56212000000002
26355600.0,685,iso13790,native,True,19.900000000000002,2228.7201406995846,0.0,-6.099999999999966,-101.56212000000002
26359200.0,685,iso13790,native,True,19.900000000000002,2221.9653846312085,0.0,-6.099999999999966,-101.56212000000002
26362800.0,685,iso13790,native,True,19.899999999999995,2218.4684070650956,0.0,-6.099999999999966,-101.56212000000002
26366400.0,685,iso13790,native,True,19.900000000000002,2216.6580008899396,0.0,-6.099999999999966,-101.56212000000002
26370000.0,685,iso13790,native,True,19.900000000000002,2215.720742798604,0.0,-6.099999999999966,-101.56212000000002
26373600.0,685,iso13790,native,True,19.900000000000013,2215.2355186860145,0.0,-6.099999999999966,-101.56212000000002
26377200.0,685,iso13790,native,True,19.900000000000002,2214.984315264437,0.0,-6.099999999999966,-101.56212000000002
26380800.0,685,iso13790,native,True,19.899999999999995,2163.0467612345615,0.0,-5.599999999999966,49.471055999999976
26384400.0,685,iso13790,native,True,19.899999999999995,1999.5897624068339,0.0,-5.0,470.2063319999999
26388000.0,685,iso13790,native,True,19.900000000000002,1788.072287253814,0.0,-4.399999999999977,637.4216339999999
26391600.0,685,iso13790,native,True,19.900000000000013,1685.6471146827084,0.0,-4.399999999999977,470.2063319999999
26395200.0,685,iso13790,native,True,19.899999999999995,1642.302780299615,0.0,-4.399999999999977,551.116962
26398800.0,685,iso13790,native,True,19.899999999999995,1578.0290937199875,0.0,-4.399999999999977,691.3620540000001
26402400.0,685,iso13790,native,True,19.900000000000002,1418.8479151558754,0.0,-3.8999999999999773,1093.1476092547828
26406000.0,685,iso13790,native,True,19.899999999999988,1202.3433379759774,0.0,-2.7999999999999545,1211.3505978803196
26409600.0,685,iso13790,native,True,19.89999999999999,1027.5374012469656,0.0,-2.7999999999999545,1414.1431012823336
26413200.0,685,iso13790,native,True,19.90000000000001,1000.4725307774486,0.0,-3.8999999999999773,1171.118924665712
26416800.0,685,iso13790,native,True,19.900000000000002,1290.468696296969,0.0,-3.8999999999999773,-101.56212000000002
26420400.0,685,iso13790,native,True,19.9,1617.1752072829784,0.0,-3.2999999999999545,-101.56212000000002
26424000.0,685,iso13790,native,True,19.89999999999999,1785.2015625837055,0.0,-3.2999999999999545,-101.56212000000002
26427600.0,685,iso13790,native,True,19.899999999999988,1872.1898104277434,0.0,-3.2999999999999545,-101.56212000000002
26431200.0,685,iso13790,native,True,19.899999999999988,1917.2241459605993,0.0,-3.2999999999999545,-101.56212000000002
26434800.0,685,iso13790,native,True,19.900000000000002,2010.3456027966654,0.0,-5.0,-101.56212000000002
26438400.0,685,iso13790,native,True,19.900000000000002,2086.3422825687758,0.0,-5.599999999999966,-101.56212000000002
26442000.0,685,iso13790,native,True,19.90000000000001,2077.5223071508744,0.0,-4.399999999999977,-101.56212000000002
26445600.0,685,iso13790,native,True,19.899999999999995,2070.7330391570486,0.0,-4.399999999999977,-101.56212000000002
26449200.0,685,iso13790,native,True,19.899999999999995,2091.855928320363,0.0,-5.0,-101.56212000000002
26452800.0,685,iso13790,native,True,19.9,2079.265197475272,0.0,-4.399999999999977,-101.56212000000002
26456400.0,685,iso13790,native,True,19.900000000000006,2071.635343889143,0.0,-4.399999999999977,-101.56212000000002
26460000.0,685,iso13790,native,True,19.9,2162.1299691883373,0.0,-6.699999999999989,-101.56212000000002
26463600.0,685,iso13790,native,True,19.90000000000001,2258.4097243988754,0.0,-7.7999999999999545,-101.56212000000002
26467200.0,685,iso13790,native,True,19.899999999999995,2211.506902395804,0.0,-6.699999999999989,157.35189599999995
26470800.0,685,iso13790,native,True,19.89999999999998,2089.030546027735,0.0,-5.599999999999966,205.898274
26474400.0,685,iso13790,native,True,19.899999999999984,1877.4776083472145,0.0,-2.7999999999999545,319.173156
26478000.0,685,iso13790,native,True,19.9,1637.0743234675056,0.0,-1.099999999999966,502.570584
26481600.0,685,iso13790,native,True,19.9,1378.3351846119742,0.0,0.0,777.6667259999999
26485200.0,685,iso13790,native,True,19.899999999999988,1005.6504232656023,0.0,1.1000000000000227,1492.528501978829
26488800.0,685,iso13790,native,True,19.900000000000002,685.6161583924327,0.0,1.7000000000000455,1431.6708434417471
26492400.0,685,iso13790,native,True,19.9,529.4755947723785,0.0,2.2000000000000455,1327.5353036413608
26496000.0,685,iso13790,native,True,19.899999999999995,327.6813025385598,0.0,1.1000000000000227,2204.8074396467055
26499600.0,685,iso13790,native,True,19.9,406.7827636792956,0.0,-3.2999999999999545,1530.8955755842399
26503200.0,685,iso13790,native,True,19.900000000000002,925.1195354255906,0.0,-3.8999999999999773,-101.56212000000002
26506800.0,685,iso13790,native,True,19.900000000000002,1428.0317642879227,0.0,-3.2999999999999545,-101.56212000000002
26510400.0,685,iso13790,native,True,19.899999999999995,1757.08778461572,0.0,-5.0,-101.56212000000002
26514000.0,685,iso13790,native,True,19.900000000000002,1975.7606420612897,0.0,-6.099999999999966,-101.56212000000002
26517600.0,685,iso13790,native,True,19.899999999999988,2136.1759196923426,0.0,-7.199999999999989,-101.56212000000002
26521200.0,685,iso13790,native,True,19.900000000000013,2200.730276893622,0.0,-6.699999999999989,-101.56212000000002
26524800.0,685,iso13790,native,True,19.90000000000001,2233.224155717832,0.0,-6.699999999999989,-101.56212000000002
26528400.0,685,iso13790,native,True,19.899999999999995,2180.239518568938,0.0,-5.0,-101.56212000000002
26532000.0,685,iso13790,native,True,19.9,2149.659643865414,0.0,-5.0,-101.56212000000002
26535600.0,685,iso13790,native,True,19.9,2088.6590815037534,0.0,-3.8999999999999773,-101.56212000000002
26539200.0,685,iso13790,native,True,19.9,2009.871692892543,0.0,-2.7999999999999545,-101.56212000000002
26542800.0,685,iso13790,native,True,19.900000000000016,2032.7457599996328,0.0,-4.399999999999977,-101.56212000000002
26546400.0,685,iso13790,native,True,19.9,2117.358865542556,0.0,-6.099999999999966,-101.56212000000002
26550000.0,685,iso13790,native,True,19.900000000000002,2119.1438087073525,0.0,-5.0,-101.56212000000002
26553600.0,685,iso13790,native,True,19.900000000000013,2017.4361511250925,0.0,-4.399999999999977,265.23273599999993
26557200.0,685,iso13790,native,True,19.9,1809.1282088690575,0.0,-3.2999999999999545,513.3586680000001
26560800.0,685,iso13790,native,True,19.899999999999988,1640.5411272160447,0.0,-2.1999999999999886,389.295702
26564400.0,685,iso13790,native,True,19.90000000000001,1453.0648320602454,0.0,-1.099999999999966,739.908432
26568000.0,685,iso13790,native,True,19.9,1241.0174461498636,0.0,0.6000000000000227,680.5739699999999
26571600.0,685,iso13790,native,True,19.900000000000002,869.5974399447774,0.0,2.8000000000000114,1537.8958959552076
26575200.0,685,iso13790,native,True,19.9,418.5360255690935,0.0,2.8000000000000114,2113.305953090983
26578800.0,685,iso13790,native,True,19.9,31.619974156217,0.0,2.2000000000000455,2533.7409492691254
26582400.0,685,iso13790,native,True,20.1,0.0,13.172721262419774,1.1000000000000227,1926.7449317299709
26586000.0,685,iso13790,native,True,19.899999999999995,379.06018101517185,0.0,1.1000000000000227,-47.62170000000001
26589600.0,685,iso13790,native,True,19.899999999999995,946.8658783830632,0.0,1.1000000000000227,-101.56212000000002
26593200.0,685,iso13790,native,True,19.900000000000002,1294.5194651209245,0.0,0.0,-101.56212000000002
26596800.0,685,iso13790,native,True,19.9,1546.3465705319218,0.0,-1.6999999999999886,-101.56212000000002
26600400.0,685,iso13790,native,True,19.899999999999995,1679.8683788395326,0.0,-1.6999999999999886,-101.56212000000002
26604000.0,685,iso13790,native,True,19.9,1748.9934165924456,0.0,-1.6999999999999886,-101.56212000000002
26607600.0,685,iso13790,native,True,19.900000000000013,1739.6106829964324,0.0,-0.5999999999999659,-101.56212000000002
26611200.0,685,iso13790,native,True,19.89999999999999,1777.8845097938556,0.0,-1.6999999999999886,-101.56212000000002
26614800.0,685,iso13790,native,True,19.9,1775.0992193271322,0.0,-1.099999999999966,-101.56212000000002
26618400.0,685,iso13790,native,True,19.900000000000002,1772.545700797646,0.0,-1.099999999999966,-101.56212000000002
26622000.0,685,iso13790,native,True,19.900000000000002,1771.2237290014957,0.0,-1.099999999999966,-101.56212000000002
26625600.0,685,iso13790,native,True,19.900000000000013,1770.5393363058379,0.0,-1.099999999999966,-101.56212000000002
26629200.0,685,iso13790,native,True,19.900000000000016,1930.3302915550755,0.0,-5.0,-101.56212000000002
26632800.0,685,iso13790,native,True,19.899999999999977,1950.4732318901715,0.0,-3.2999999999999545,-101.56212000000002
26636400.0,685,iso13790,native,True,19.899999999999995,1912.5827623185767,0.0,-2.1999999999999886,-101.56212000000002
26640000.0,685,iso13790,native,True,19.9,1680.8616801563571,0.0,0.6000000000000227,357.63568275452053
26643600.0,685,iso13790,native,True,19.900000000000002,1338.1570048383655,0.0,2.2000000000000455,740.3559925030538
26647200.0,685,iso13790,native,True,19.900000000000006,947.7237423446875,0.0,3.900000000000034,1125.3926563035125
26650800.0,685,iso13790,native,True,19.9,546.0006196432433,0.0,6.100000000000023,1343.8158636999297
26654400.0,685,iso13790,native,True,19.9,261.04788893524744,0.0,7.800000000000011,1192.004693902242
26658000.0,685,iso13790,native,True,19.899999999999995,58.19069638604028,0.0,8.300000000000011,1460.7695706884174
26661600.0,685,iso13790,native,True,20.100000000000005,0.0,325.74612944525745,9.400000000000034,2621.3712288879365
26665200.0,685,iso13790,native,True,20.10000000000001,0.0,1006.8729902160075,10.0,3735.753870508581
26668800.0,685,iso13790,native,True,20.10000000000001,0.0,1584.2175877760783,9.400000000000034,4083.748050489892
26672400.0,685,iso13790,native,True,20.10000000000001,0.0,1446.7956807871867,6.100000000000023,2370.814071270482
26676000.0,685,iso13790,native,True,20.1,0.0,496.4024590801689,3.900000000000034,-101.56212000000002
26679600.0,685,iso13790,native,True,19.9,455.54835443192377,0.0,1.1000000000000227,-101.56212000000002
26683200.0,685,iso13790,native,True,19.9,949.8230909701501,0.0,2.2000000000000455,-101.56212000000002
26686800.0,685,iso13790,native,True,19.900000000000006,1179.036486333973,0.0,2.8000000000000114,-101.56212000000002
26690400.0,685,iso13790,native,True,19.900000000000002,1276.0586285028164,0.0,3.3000000000000114,-101.56212000000002
26694000.0,685,iso13790,native,True,19.900000000000006,1345.8927183504277,0.0,2.8000000000000114,-101.56212000000002
26697600.0,685,iso13790,native,True,19.900000000000002,1337.8033627734742,0.0,3.900000000000034,-101.56212000000002
26701200.0,685,iso13790,native,True,19.900000000000006,1356.215334297876,0.0,3.3000000000000114,-101.56212000000002
26704800.0,685,iso13790,native,True,19.899999999999995,1387.3903237563318,0.0,2.8000000000000114,-101.56212000000002
26708400.0,685,iso13790,native,True,19.900000000000002,1383.9246547372995,0.0,3.3000000000000114,-101.56212000000002
26712000.0,685,iso13790,native,True,19.9,1381.204159669865,0.0,3.3000000000000114,-101.56212000000002
26715600.0,685,iso13790,native,True,19.900000000000006,1334.6265645637166,0.0,4.400000000000034,-101.56212000000002
26719200.0,685,iso13790,native,True,19.9,1353.644389373973,0.0,3.3000000000000114,-101.56212000000002
26722800.0,685,iso13790,native,True,19.9,1386.0593302116981,0.0,2.8000000000000114,-101.56212000000002
26726400.0,685,iso13790,native,True,19.900000000000002,1257.4167368577446,0.0,4.0,367.2156063560212
26730000.0,685,iso13790,native,True,19.899999999999988,990.126829318993,0.0,6.100000000000023,551.3066057973779
26733600.0,685,iso13790,native,True,19.9,697.2058805341544,0.0,8.900000000000034,583.0427763260072
26737200.0,685,iso13790,native,True,19.899999999999995,411.86630939985395,0.0,12.200000000000045,524.9994231877672
26740800.0,685,iso13790,native,True,19.899999999999995,217.48222389447827,0.0,13.900000000000034,428.024158284682
26744400.0,685,iso13790,native,True,20.099999999999994,0.0,66.35728389568798,15.0,1394.9324733074468
26748000.0,685,iso13790,native,True,20.099999999999994,0.0,712.3817044299465,15.600000000000023,2737.929108957157
26751600.0,685,iso13790,native,True,20.100000000000012,0.0,1465.3942186377492,15.600000000000023,3728.4695263882695
26755200.0,685,iso13790,native,True,20.100000000000016,0.0,2015.4414033996084,13.300000000000011,4201.945885539144
26758800.0,685,iso13790,native,True,20.09999999999998,0.0,1777.5710553183847,8.300000000000011,2328.693375907369
26762400.0,685,iso13790,native,True,20.100000000000005,0.0,710.2324313793247,5.0,-101.56212000000002
26766000.0,685,iso13790,native,True,19.9,207.30191025238003,0.0,4.400000000000034,-101.56212000000002
26769600.0,685,iso13790,native,True,19.9,770.0216817670797,0.0,3.3000000000000114,-101.56212000000002
26773200.0,685,iso13790,native,True,19.89999999999999,968.9382773382606,0.0,5.600000000000023,-101.56212000000002
26776800.0,685,iso13790,native,True,19.899999999999988,1067.6576185281153,0.0,5.600000000000023,-101.56212000000002
26780400.0,685,iso13790,native,True,19.899999999999995,1168.040678680517,0.0,4.400000000000034,-101.56212000000002
26784000.0,685,iso13790,native,True,19.89999999999999,1172.9572350743886,0.0,5.600000000000023,-101.56212000000002
26787600.0,685,iso13790,native,True,19.89999999999999,1197.9171854140316,0.0,5.0,-101.56212000000002
26791200.0,685,iso13790,native,True,19.899999999999988,1211.9506578199819,0.0,5.0,-101.56212000000002
26794800.0,685,iso13790,native,True,19.899999999999995,1194.5781365540581,0.0,5.600000000000023,-101.56212000000002
26798400.0,685,iso13790,native,True,19.9,1209.110455262437,0.0,5.0,-101.56212000000002
26802000.0,685,iso13790,native,True,19.9,1193.1077467240762,0.0,5.600000000000023,-101.56212000000002
26805600.0,685,iso13790,native,True,19.899999999999995,1183.711491904702,0.0,5.600000000000023,-101.56212000000002
26809200.0,685,iso13790,native,True,19.899999999999988,1133.6778160973427,0.0,6.7000000000000455,-101.56212000000002
26812800.0,685,iso13790,native,True,19.900000000000002,954.1112670409901,0.0,8.300000000000011,313.3743158230071
26816400.0,685,iso13790,native,True,19.900000000000002,566.2081359048487,0.0,12.200000000000045,633.1982888465535
26820000.0,685,iso13790,native,True,19.9,122.27748472916026,0.0,15.0,972.8983947553676
26823600.0,685,iso13790,native,True,20.1,0.0,237.0507325451024,16.100000000000023,1337.242262530749
26827200.0,685,iso13790,native,True,20.099999999999987,0.0,582.4751533099494,17.80000000000001,1281.8258001727331
26830800.0,685,iso13790,native,True,20.09999999999998,0.0,618.8409411269645,16.700000000000045,839.0933299463027
26834400.0,685,iso13790,native,True,20.09999999999999,0.0,726.8150403155068,17.200000000000045,1518.296783058801
26838000.0,685,iso13790,native,True,20.099999999999987,0.0,642.5582838055357,15.600000000000023,635.7247079057148
26841600.0,685,iso13790,native,True,20.100000000000005,0.0,326.0372918299204,15.0,124.98764399999999
26845200.0,685,iso13790,native,True,19.899999999999995,72.26908102043514,0.0,11.100000000000023,-79.98595200000001
26848800.0,685,iso13790,native,True,19.900000000000002,364.00025114789145,0.0,11.100000000000023,-101.56212000000002
26852400.0,685,iso13790,native,True,19.9,518.4424233245132,0.0,11.100000000000023,-101.56212000000002
26856000.0,685,iso13790,native,True,19.899999999999995,618.9295032196172,0.0,10.600000000000023,-101.56212000000002
26859600.0,685,iso13790,native,True,19.900000000000002,721.1540297734242,0.0,9.400000000000034,-101.56212000000002
26863200.0,685,iso13790,native,True,19.9,636.6855672055544,0.0,12.800000000000011,-101.56212000000002
26866800.0,685,iso13790,native,True,19.9,771.4399196614847,0.0,8.300000000000011,-101.56212000000002
26870400.0,685,iso13790,native,True,19.899999999999995,894.7089090685026,0.0,7.2000000000000455,-101.56212000000002
26874000.0,685,iso13790,native,True,19.900000000000006,960.5638557624592,0.0,7.2000000000000455,-101.56212000000002
26877600.0,685,iso13790,native,True,19.900000000000006,1015.1887998496998,0.0,6.7000000000000455,-101.56212000000002
26881200.0,685,iso13790,native,True,19.899999999999995,1089.563935778565,0.0,5.600000000000023,-101.56212000000002
26884800.0,685,iso13790,native,True,19.900000000000002,1199.9131547778723,0.0,3.900000000000034,-101.56212000000002
26888400.0,685,iso13790,native,True,19.9,1145.2149252953602,0.0,6.7000000000000455,-101.56212000000002
26892000.0,685,iso13790,native,True,19.899999999999995,1181.516971391778,0.0,5.0,-101.56212000000002
26895600.0,685,iso13790,native,True,19.899999999999984,1318.4362599311658,0.0,2.2000000000000455,-101.56212000000002
26899200.0,685,iso13790,native,True,19.900000000000002,958.8967880250256,0.0,10.0,455.3227961856022
26902800.0,685,iso13790,native,True,19.9,758.1512086268215,0.0,8.900000000000034,249.05060999999992
26906400.0,685,iso13790,native,True,19.900000000000002,545.5470607814468,0.0,12.200000000000045,286.8089039999999
26910000.0,685,iso13790,native,True,19.899999999999995,112.03398832118975,0.0,15.0,1235.1703462181945
26913600.0,685,iso13790,native,True,20.1,0.0,257.72637908782417,15.600000000000023,1310.3863003633319
26917200.0,685,iso13790,native,True,20.099999999999998,0.0,459.03114676036125,17.80000000000001,658.997802
26920800.0,685,iso13790,native,True,20.10000000000001,0.0,664.6161490144519,17.80000000000001,1626.1445646761779
26924400.0,685,iso13790,native,True,20.09999999999998,0.0,1167.4570385088148,15.600000000000023,3238.2708684621634
26928000.0,685,iso13790,native,True,20.099999999999998,0.0,1727.1683547565872,14.400000000000034,3710.8440673023274
26931600.0,685,iso13790,native,True,20.100000000000037,0.0,1499.6580481045137,12.200000000000045,1299.0851756098232
26935200.0,685,iso13790,native,True,20.09999999999998,0.0,640.750948182944,10.600000000000023,-101.56212000000002
26938800.0,685,iso13790,native,True,20.100000000000005,0.0,16.851613766686715,11.700000000000045,-101.56212000000002
26942400.0,685,iso13790,native,True,19.9,438.8808238720538,0.0,7.2000000000000455,-101.56212000000002
26946000.0,685,iso13790,native,True,19.900000000000002,769.7481117276402,0.0,6.100000000000023,-101.56212000000002
26949600.0,685,iso13790,native,True,19.900000000000002,852.7395804983879,0.0,8.300000000000011,-101.56212000000002
26953200.0,685,iso13790,native,True,19.900000000000002,846.4598720092682,0.0,9.400000000000034,-101.56212000000002
26956800.0,685,iso13790,native,True,19.899999999999995,931.5093319993166,0.0,7.2000000000000455,-101.56212000000002
26960400.0,685,iso13790,native,True,19.9,979.6156545409381,0.0,7.2000000000000455,-101.56212000000002
26964000.0,685,iso13790,native,True,19.900000000000002,1004.5205850836854,0.0,7.2000000000000455,-101.56212000000002
26967600.0,685,iso13790,native,True,19.899999999999988,947.6071040769235,0.0,8.900000000000034,-101.56212000000002
26971200.0,685,iso13790,native,True,19.9,939.6309771986324,0.0,8.300000000000011,-101.56212000000002
26974800.0,685,iso13790,native,True,19.899999999999988,1026.9516028030534,0.0,6.100000000000023,-101.56212000000002
26978400.0,685,iso13790,native,True,19.9,1096.7651661495229,0.0,5.600000000000023,-101.56212000000002
26982000.0,685,iso13790,native,True,19.900000000000002,1113.3029176396985,0.0,6.100000000000023,-101.56212000000002
26985600.0,685,iso13790,native,True,19.899999999999995,916.39094596667,0.0,8.900000000000034,330.9806752532195
26989200.0,685,iso13790,native,True,19.900000000000002,593.6543707055695,0.0,11.100000000000023,605.6717151356379
26992800.0,685,iso13790,native,True,19.9,168.91804758002056,0.0,13.900000000000034,1065.2658262129985
26996400.0,685,iso13790,native,True,20.1,0.0,165.13785017369128,14.400000000000034,1382.9956575019464
27000000.0,685,iso13790,native,True,20.100000000000005,0.0,363.4893860460985,12.200000000000045,1494.843793193945
27003600.0,685,iso13790,native,True,20.10000000000001,0.0,410.8952711085151,10.0,1598.4214248136725
27007200.0,685,iso13790,native,True,20.100000000000005,0.0,376.2511928691333,8.300000000000011,1590.3113455007633
27010800.0,685,iso13790,native,True,20.10000000000001,0.0,400.1501164954807,10.0,1476.6314109033153
27014400.0,685,iso13790,native,True,20.099999999999994,0.0,233.9771552795142,7.800000000000011,1122.258605702295
27018000.0,685,iso13790,native,True,19.9,110.64768260190388,0.0,6.7000000000000455,140.35252203847665
27021600.0,685,iso13790,native,True,19.9,583.0307725116313,0.0,5.600000000000023,-101.56212000000002
27025200.0,685,iso13790,native,True,19.9,917.1464655809973,0.0,4.400000000000034,-101.56212000000002
27028800.0,685,iso13790,native,True,19.900000000000006,1112.8747145553127,0.0,3.900000000000034,-101.56212000000002
27032400.0,685,iso13790,native,True,19.9,1239.768429504831,0.0,3.3000000000000114,-101.56212000000002
27036000.0,685,iso13790,native,True,19.900000000000006,1306.573620750306,0.0,3.3000000000000114,-101.56212000000002
27039600.0,685,iso13790,native,True,19.9,1316.5213335592816,0.0,3.900000000000034,-101.56212000000002
27043200.0,685,iso13790,native,True,19.900000000000006,1345.1975006455616,0.0,3.3000000000000114,-101.56212000000002
27046800.0,685,iso13790,native,True,19.9,1426.855504018409,0.0,1.7000000000000455,-101.56212000000002
27050400.0,685,iso13790,native,True,19.90000000000001,1587.0705830706383,0.0,-1.099999999999966,-101.56212000000002
27054000.0,685,iso13790,native,True,19.9,1515.056883183252,0.0,2.8000000000000114,-101.56212000000002
27057600.0,685,iso13790,native,True,19.899999999999995,1540.3567522861058,0.0,1.1000000000000227,-101.56212000000002
27061200.0,685,iso13790,native,True,19.9,1577.1355019968214,0.0,0.6000000000000227,-101.56212000000002
27064800.0,685,iso13790,native,True,19.900000000000002,1597.102377933911,0.0,0.6000000000000227,-101.56212000000002
27068400.0,685,iso13790,native,True,19.899999999999995,1607.4393488786036,0.0,0.6000000000000227,-101.56212000000002
27072000.0,685,iso13790,native,True,19.90000000000001,1427.5671010114957,0.0,2.8000000000000114,356.6427754616991
27075600.0,685,iso13790,native,True,19.899999999999995,1051.6848593816128,0.0,6.100000000000023,698.227636270858
27079200.0,685,iso13790,native,True,19.90000000000001,681.8808565217848,0.0,6.7000000000000455,1135.0210134245003
27082800.0,685,iso13790,native,True,19.9,351.5305076772366,0.0,7.2000000000000455,1367.7822146007625
27086400.0,685,iso13790,native,True,19.899999999999995,119.62730201832471,0.0,7.2000000000000455,1479.5883665217239
27090000.0,685,iso13790,native,True,20.1,0.0,34.87853898429755,8.300000000000011,1583.9510654127528
27093600.0,685,iso13790,native,True,20.1,0.0,202.85434690742247,8.900000000000034,1600.3012230916145
27097200.0,685,iso13790,native,True,20.1,0.0,257.7343154494341,8.900000000000034,1427.5249522057345
27100800.0,685,iso13790,native,True,20.10000000000001,0.0,156.14809140962706,8.300000000000011,1050.6469772393284
27104400.0,685,iso13790,native,True,19.900000000000002,182.75823975223733,0.0,6.100000000000023,155.87923971064907
27108000.0,685,iso13790,native,True,19.900000000000002,643.6573477951512,0.0,5.0,-101.56212000000002
27111600.0,685,iso13790,native,True,19.900000000000006,970.176207574343,0.0,3.900000000000034,-101.56212000000002
27115200.0,685,iso13790,native,True,19.9,1165.8925600317457,0.0,3.3000000000000114,-101.56212000000002
27118800.0,685,iso13790,native,True,19.899999999999995,1334.0282651851956,0.0,1.7000000000000455,-101.56212000000002
27122400.0,685,iso13790,native,True,19.9,1403.5058313468794,0.0,2.2000000000000455,-101.56212000000002
27126000.0,685,iso13790,native,True,19.900000000000006,1528.8868419764103,0.0,0.0,-101.56212000000002
27129600.0,685,iso13790,native,True,19.900000000000002,1597.8730492044633,0.0,0.0,-101.56212000000002
27133200.0,685,iso13790,native,True,19.899999999999988,1608.9498870159089,0.0,0.6000000000000227,-101.56212000000002
27136800.0,685,iso13790,native,True,19.9,1638.210608860797,0.0,0.0,-101.56212000000002
27140400.0,685,iso13790,native,True,19.9,1679.108350125039,0.0,-0.5999999999999659,-101.56212000000002
27144000.0,685,iso13790,native,True,19.9,1746.562090655863,0.0,-1.6999999999999886,-101.56212000000002
27147600.0,685,iso13790,native,True,19.900000000000002,1804.0525943939017,0.0,-2.1999999999999886,-101.56212000000002
27151200.0,685,iso13790,native,True,19.90000000000001,1769.041445754171,0.0,-0.5999999999999659,-101.56212000000002
27154800.0,685,iso13790,native,True,19.9,1768.483257718713,0.0,-1.099999999999966,-101.56212000000002
27158400.0,685,iso13790,native,True,19.90000000000001,1520.2845618442698,0.0,2.8000000000000114,326.7285685425927
27162000.0,685,iso13790,native,True,19.899999999999995,1230.169175858562,0.0,3.900000000000034,527.2019403871577
27165600.0,685,iso13790,native,True,19.899999999999995,983.814486552167,0.0,4.400000000000034,729.519094841012
27169200.0,685,iso13790,native,True,19.9,865.4376475565584,0.0,3.900000000000034,625.4835827959439
27172800.0,685,iso13790,native,True,19.899999999999995,730.357061626976,0.0,5.600000000000023,728.6493402992578
27176400.0,685,iso13790,native,True,19.900000000000002,500.24827020769794,0.0,4.400000000000034,1646.1285671291655
27180000.0,685,iso13790,native,True,19.899999999999995,212.08810289893427,0.0,5.0,1653.6760383339058
27183600.0,685,iso13790,native,True,19.9,122.31807007253033,0.0,4.400000000000034,1474.6188657603334
27187200.0,685,iso13790,native,True,19.899999999999995,358.83877539022194,0.0,3.900000000000034,349.24537718512187
27190800.0,685,iso13790,native,True,19.9,727.3833277573923,0.0,1.1000000000000227,579.726116008254
27194400.0,685,iso13790,native,True,19.899999999999995,1028.010854658118,0.0,1.1000000000000227,-101.56212000000002
27198000.0,685,iso13790,native,True,19.899999999999995,1336.5287040577532,0.0,0.0,-101.56212000000002
27201600.0,685,iso13790,native,True,19.900000000000002,1522.9258259126923,0.0,-0.5999999999999659,-101.56212000000002
27205200.0,685,iso13790,native,True,19.899999999999988,1665.7054649153629,0.0,-1.6999999999999886,-101.56212000000002
27208800.0,685,iso13790,native,True,19.899999999999995,1717.0234576924006,0.0,-1.099999999999966,-101.56212000000002
27212400.0,685,iso13790,native,True,19.900000000000002,1767.1172658433702,0.0,-1.6999999999999886,-101.56212000000002
27216000.0,685,iso13790,native,True,19.900000000000002,1905.0324884924853,0.0,-4.399999999999977,-101.56212000000002
27219600.0,685,iso13790,native,True,19.899999999999995,1915.7334063119092,0.0,-2.7999999999999545,-101.56212000000002
27223200.0,685,iso13790,native,True,19.899999999999995,1918.3091833437454,0.0,-2.7999999999999545,-101.56212000000002
27226800.0,685,iso13790,native,True,19.899999999999995,1940.1741232990119,0.0,-3.2999999999999545,-101.56212000000002
27230400.0,685,iso13790,native,True,19.899999999999988,1977.0577645974943,0.0,-3.8999999999999773,-101.56212000000002
27234000.0,685,iso13790,native,True,19.899999999999995,1997.264203038968,0.0,-3.8999999999999773,-101.56212000000002
27237600.0,685,iso13790,native,True,19.899999999999995,2052.8943754820766,0.0,-5.0,-101.56212000000002
27241200.0,685,iso13790,native,True,19.900000000000002,2038.5631240347059,0.0,-3.8999999999999773,-101.56212000000002
27244800.0,685,iso13790,native,True,19.899999999999995,1824.974678291224,0.0,-1.099999999999966,328.9710716970984
27248400.0,685,iso13790,native,True,19.900000000000002,1450.012779679858,0.0,2.2000000000000455,597.5792367093657
27252000.0,685,iso13790,native,True,19.900000000000002,1036.0044860018797,0.0,5.600000000000023,750.6297337819127
27255600.0,685,iso13790,native,True,19.899999999999995,756.8753402008666,0.0,7.2000000000000455,598.9872962227711
27259200.0,685,iso13790,native,True,19.899999999999995,571.0296295996625,0.0,8.900000000000034,562.9750787088655
27262800.0,685,iso13790,native,True,19.900000000000002,258.13501126301327,0.0,9.400000000000034,1522.474693520271
27266400.0,685,iso13790,native,True,20.099999999999994,0.0,327.55268637864646,11.100000000000023,2735.9089096301987
27270000.0,685,iso13790,native,True,20.099999999999977,0.0,1047.146662625426,10.600000000000023,3704.0889161495643
27273600.0,685,iso13790,native,True,20.10000000000002,0.0,1606.4846574783564,10.600000000000023,3871.4461541769847
27277200.0,685,iso13790,native,True,20.099999999999994,0.0,1288.9779201293916,8.300000000000011,1268.1426764975652
27280800.0,685,iso13790,native,True,20.099999999999998,0.0,264.9735270187748,4.400000000000034,-101.56212000000002
27284400.0,685,iso13790,native,True,19.9,438.9266618092988,0.0,4.400000000000034,-101.56212000000002
27288000.0,685,iso13790,native,True,19.899999999999995,774.9591083806192,0.0,6.100000000000023,-101.56212000000002
27291600.0,685,iso13790,native,True,19.900000000000002,1105.9209711472486,0.0,2.2000000000000455,-101.56212000000002
27295200.0,685,iso13790,native,True,19.899999999999995,1239.3178465523122,0.0,3.3000000000000114,-101.56212000000002
27298800.0,685,iso13790,native,True,19.900000000000002,1261.1711727053605,0.0,4.400000000000034,-101.56212000000002
27302400.0,685,iso13790,native,True,19.899999999999995,1221.171448145733,0.0,5.600000000000023,-101.56212000000002
27306000.0,685,iso13790,native,True,19.900000000000002,1177.7087929696315,0.0,6.100000000000023,-101.56212000000002
27309600.0,685,iso13790,native,True,19.90000000000001,1109.1124406879546,0.0,7.2000000000000455,-101.56212000000002
27313200.0,685,iso13790,native,True,19.899999999999995,1092.0932896200823,0.0,6.7000000000000455,-101.56212000000002
27316800.0,685,iso13790,native,True,19.900000000000006,1039.039492403658,0.0,7.800000000000011,-101.56212000000002
27320400.0,685,iso13790,native,True,19.900000000000006,989.0039253374937,0.0,8.300000000000011,-101.56212000000002
27324000.0,685,iso13790,native,True,19.899999999999995,962.1739158659332,0.0,8.300000000000011,-101.56212000000002
27327600.0,685,iso13790,native,True,19.9,1038.6222168112847,0.0,6.100000000000023,-101.56212000000002
27331200.0,685,iso13790,native,True,19.900000000000006,1159.2736862983047,0.0,3.3000000000000114,81.83530799999998
27334800.0,685,iso13790,native,True,19.900000000000002,1125.950485750478,0.0,4.400000000000034,211.29231599999997
27338400.0,685,iso13790,native,True,19.899999999999995,787.3631059847745,0.0,7.800000000000011,980.1560693051302
27342000.0,685,iso13790,native,True,19.900000000000002,344.1397214184587,0.0,11.100000000000023,1002.227559064703
27345600.0,685,iso13790,native,True,19.900000000000002,58.3551985852463,0.0,11.700000000000045,1108.8734974708698
27349200.0,685,iso13790,native,True,19.984428256457665,0.0,0.0,11.700000000000045,691.3620540000001
27352800.0,685,iso13790,native,True,20.10000000000001,0.0,194.78969683400476,13.300000000000011,1542.7091499522853
27356400.0,685,iso13790,native,True,20.1,0.0,110.1380241025129,11.700000000000045,184.32210599999996
27360000.0,685,iso13790,native,True,19.9,199.13530500832945,0.0,10.0,49.471055999999976
27363600.0,685,iso13790,native,True,19.899999999999995,474.35519071482884,0.0,9.400000000000034,-69.19786800000001
27367200.0,685,iso13790,native,True,19.899999999999995,618.7756207302765,0.0,10.0,-101.56212000000002
27370800.0,685,iso13790,native,True,19.900000000000006,787.8865442647759,0.0,7.800000000000011,-101.56212000000002
27374400.0,685,iso13790,native,True,19.900000000000002,904.1497223835997,0.0,7.2000000000000455,-101.56212000000002
27378000.0,685,iso13790,native,True,19.9,985.9828660098327,0.0,6.7000000000000455,-101.56212000000002
27381600.0,685,iso13790,native,True,19.89999999999999,1140.1444727264807,0.0,4.0,-101.56212000000002
27385200.0,685,iso13790,native,True,19.89999999999999,1253.7008867030283,0.0,3.3000000000000114,-101.56212000000002
27388800.0,685,iso13790,native,True,19.900000000000002,1334.317981866785,0.0,2.8000000000000114,-101.56212000000002
27392400.0,685,iso13790,native,True,19.900000000000002,1376.9802311131161,0.0,2.8000000000000114,-101.56212000000002
27396000.0,685,iso13790,native,True,19.900000000000013,1399.0667323907426,0.0,2.8000000000000114,-101.56212000000002
27399600.0,685,iso13790,native,True,19.900000000000002,1410.5010460358042,0.0,2.8000000000000114,-101.56212000000002
27403200.0,685,iso13790,native,True,19.899999999999988,1506.7590156304282,0.0,0.6000000000000227,-101.56212000000002
27406800.0,685,iso13790,native,True,19.899999999999988,1540.1366057488435,0.0,1.1000000000000227,-101.56212000000002
27410400.0,685,iso13790,native,True,19.899999999999995,1556.4900860199486,0.0,1.1000000000000227,-101.56212000000002
27414000.0,685,iso13790,native,True,19.899999999999988,1540.3186466843722,0.0,1.7000000000000455,-101.56212000000002
27417600.0,685,iso13790,native,True,19.9,1490.686648980195,0.0,1.1000000000000227,211.29231599999997
27421200.0,685,iso13790,native,True,19.90000000000001,1271.9028614210824,0.0,3.3000000000000114,473.99067053789025
27424800.0,685,iso13790,native,True,19.900000000000002,990.473177443309,0.0,4.400000000000034,847.6921995706173
27428400.0,685,iso13790,native,True,19.900000000000002,797.6889463303528,0.0,4.400000000000034,779.9222660896222
27432000.0,685,iso13790,native,True,19.900000000000002,581.2730464488659,0.0,6.7000000000000455,938.7017244540003
27435600.0,685,iso13790,native,True,19.899999999999995,312.49059632055184,0.0,6.100000000000023,1672.7937085270312
27439200.0,685,iso13790,native,True,20.049018176226223,0.0,0.0,7.2000000000000455,1916.581407612456
27442800.0,685,iso13790,native,True,20.100000000000016,0.0,484.76662092907753,6.7000000000000455,3291.9901224023224
27446400.0,685,iso13790,native,True,20.1,0.0,765.5204542073509,5.600000000000023,2557.349416931496
27450000.0,685,iso13790,native,True,20.1,0.0,361.38539615250204,2.8000000000000114,1029.819551930087
27453600.0,685,iso13790,native,True,19.900000000000002,323.97561779420596,0.0,1.7000000000000455,-101.56212000000002
27457200.0,685,iso13790,native,True,19.9,946.2961656049355,0.0,0.6000000000000227,-101.56212000000002
27460800.0,685,iso13790,native,True,19.900000000000002,1295.1508189266265,0.0,0.0,-101.56212000000002
27464400.0,685,iso13790,native,True,19.900000000000002,1452.2287800908837,0.0,0.6000000000000227,-101.56212000000002
27468000.0,685,iso13790,native,True,19.900000000000002,1557.0751556327193,0.0,0.0,-101.56212000000002
27471600.0,685,iso13790,native,True,19.899999999999995,1612.4663075671297,0.0,0.0,-101.56212000000002
27475200.0,685,iso13790,native,True,19.900000000000002,1641.1426378024287,0.0,0.0,-101.56212000000002
27478800.0,685,iso13790,native,True,19.89999999999999,1655.9885452631986,0.0,0.0,-101.56212000000002
27482400.0,685,iso13790,native,True,19.900000000000006,1688.3120939970067,0.0,-0.5999999999999659,-101.56212000000002
27486000.0,685,iso13790,native,True,19.9,1681.520011518655,0.0,0.0,-101.56212000000002
27489600.0,685,iso13790,native,True,19.900000000000013,1676.8921528301971,0.0,0.0,-101.56212000000002
27493200.0,685,iso13790,native,True,19.900000000000002,1674.49628274268,0.0,0.0,-101.56212000000002
27496800.0,685,iso13790,native,True,19.899999999999988,1603.4490141683928,0.0,1.7000000000000455,-101.56212000000002
27500400.0,685,iso13790,native,True,19.899999999999995,1563.5180072788764,0.0,1.7000000000000455,-101.56212000000002
27504000.0,685,iso13790,native,True,19.9,1516.0374352971774,0.0,1.7000000000000455,27.89488799999998
27507600.0,685,iso13790,native,True,19.900000000000002,1339.7221055836098,0.0,1.7000000000000455,661.7884429647072
27511200.0,685,iso13790,native,True,19.900000000000002,1128.2064804503352,0.0,2.8000000000000114,540.328878
27514800.0,685,iso13790,native,True,19.9,888.821882455151,0.0,3.3000000000000114,1151.275224249026
27518400.0,685,iso13790,native,True,19.9,680.519048870368,0.0,5.0,750.696516
27522000.0,685,iso13790,native,True,19.9,638.9192410543556,0.0,4.400000000000034,840.4209411550532
27525600.0,685,iso13790,native,True,19.899999999999995,239.02725904475398,0.0,5.600000000000023,2366.4254764404986
27529200.0,685,iso13790,native,True,20.099999999999998,0.0,203.58359634670168,2.8000000000000114,3124.9915927274847
27532800.0,685,iso13790,native,True,20.10000000000001,0.0,657.7719270403858,2.8000000000000114,3457.603964871927
27536400.0,685,iso13790,native,True,20.100000000000005,0.0,228.3779880053761,1.7000000000000455,212.74885473891982
27540000.0,685,iso13790,native,True,19.9,503.52003534025766,0.0,2.2000000000000455,-101.56212000000002
27543600.0,685,iso13790,native,True,19.9,1062.9588193217485,0.0,0.0,-101.56212000000002
27547200.0,685,iso13790,native,True,19.900000000000002,1381.2970624161037,0.0,-0.5999999999999659,-101.56212000000002
27550800.0,685,iso13790,native,True,19.899999999999995,1547.2142294753812,0.0,-0.5999999999999659,-101.56212000000002
27554400.0,685,iso13790,native,True,19.900000000000002,1653.6419827670802,0.0,-1.099999999999966,-101.56212000000002
27558000.0,685,iso13790,native,True,19.900000000000016,1845.174099582742,0.0,-4.399999999999977,-101.56212000000002
27561600.0,685,iso13790,native,True,19.899999999999995,1999.7204516865816,0.0,-5.599999999999966,-101.56212000000002
27565200.0,685,iso13790,native,True,19.89999999999998,1966.9770445095926,0.0,-2.7999999999999545,-101.56212000000002
27568800.0,685,iso13790,native,True,19.899999999999974,1944.8383209423805,0.0,-2.7999999999999545,-101.56212000000002
27572400.0,685,iso13790,native,True,19.9,1933.3769715060532,0.0,-2.7999999999999545,-101.56212000000002
27576000.0,685,iso13790,native,True,19.899999999999995,1902.8056286791455,0.0,-2.1999999999999886,-101.56212000000002
27579600.0,685,iso13790,native,True,19.900000000000002,1865.3356600634202,0.0,-1.6999999999999886,-101.56212000000002
27583200.0,685,iso13790,native,True,19.900000000000013,1865.542380769702,0.0,-2.1999999999999886,-101.56212000000002
27586800.0,685,iso13790,native,True,19.900000000000002,1866.575698828302,0.0,-2.1999999999999886,-101.56212000000002
27590400.0,685,iso13790,native,True,19.90000000000001,1683.99743278167,0.0,0.6000000000000227,227.474442
27594000.0,685,iso13790,native,True,19.90000000000001,1327.3703883862477,0.0,4.400000000000034,463.4118851625694
27597600.0,685,iso13790,native,True,19.89999999999999,880.1430931607581,0.0,8.900000000000034,625.0621501327164
27601200.0,685,iso13790,native,True,19.90000000000001,529.2310337331079,0.0,10.600000000000023,700.7777483173224
27604800.0,685,iso13790,native,True,19.9,286.88865015886046,0.0,12.200000000000045,603.4843193684056
27608400.0,685,iso13790,native,True,20.1,0.0,48.759136145338864,13.900000000000034,1582.8409622075053
27612000.0,685,iso13790,native,True,20.099999999999994,0.0,612.7305091415549,13.900000000000034,2504.18361522902
27615600.0,685,iso13790,native,True,20.09999999999997,0.0,1176.5681442526088,13.300000000000011,3232.5917955365485
27619200.0,685,iso13790,native,True,20.09999999999997,0.0,1497.5370192611263,10.600000000000023,3357.5982700632812
27622800.0,685,iso13790,native,True,20.10000000000002,0.0,1182.8308285904602,9.400000000000034,1202.1113046569874
27626400.0,685,iso13790,native,True,20.100000000000005,0.0,250.89427342528802,5.600000000000023,-101.56212000000002
27630000.0,685,iso13790,native,True,19.9,464.5239062626238,0.0,3.900000000000034,-101.56212000000002
27633600.0,685,iso13790,native,True,19.899999999999995,858.9441645715308,0.0,4.400000000000034,-101.56212000000002
27637200.0,685,iso13790,native,True,19.900000000000002,1082.7430356514683,0.0,3.900000000000034,-101.56212000000002
27640800.0,685,iso13790,native,True,19.899999999999995,1154.3621670265754,0.0,5.0,-101.56212000000002
27644400.0,685,iso13790,native,True,19.900000000000006,1189.401964625047,0.0,5.0,-101.56212000000002
27648000.0,685,iso13790,native,True,19.900000000000002,1207.5422771518824,0.0,5.0,-101.56212000000002
27651600.0,685,iso13790,native,True,19.9,1216.9336253081196,0.0,5.0,-101.56212000000002
27655200.0,685,iso13790,native,True,19.899999999999995,1131.4572252300459,0.0,7.2000000000000455,-101.56212000000002
27658800.0,685,iso13790,native,True,19.899999999999988,1148.8304966128903,0.0,5.600000000000023,-101.56212000000002
27662400.0,685,iso13790,native,True,19.899999999999988,1140.2574502326527,0.0,6.100000000000023,-101.56212000000002
27666000.0,685,iso13790,native,True,19.899999999999995,1110.2551016370423,0.0,6.7000000000000455,-101.56212000000002
27669600.0,685,iso13790,native,True,19.89999999999999,1003.2727924154823,0.0,8.900000000000034,-101.56212000000002
27673200.0,685,iso13790,native,True,19.900000000000002,1149.1261508057858,0.0,3.900000000000034,-101.56212000000002
27676800.0,685,iso13790,native,True,19.899999999999995,1237.7383804853157,0.0,2.8000000000000114,98.01743399999998
27680400.0,685,iso13790,native,True,19.899999999999984,1127.135686374866,0.0,3.900000000000034,492.9978212797245
27684000.0,685,iso13790,native,True,19.899999999999995,729.1061371027628,0.0,9.400000000000034,736.572076157978
27687600.0,685,iso13790,native,True,19.899999999999995,288.69362570890183,0.0,12.200000000000045,1077.867303297466
27691200.0,685,iso13790,native,True,19.986838911070436,0.0,0.0,14.400000000000034,753.9287090626169
27694800.0,685,iso13790,native,True,20.10000000000001,0.0,280.3962658825089,14.400000000000034,1663.6486808369116
27698400.0,685,iso13790,native,True,20.100000000000005,0.0,766.5760075081528,15.0,2383.720238882528
27702000.0,685,iso13790,native,True,20.09999999999998,0.0,1248.1623498792844,14.400000000000034,3057.711965911491
27705600.0,685,iso13790,native,True,20.100000000000012,0.0,1245.1082416356537,13.300000000000011,1547.9050041479786
27709200.0,685,iso13790,native,True,20.10000000000001,0.0,526.8246526940441,10.0,-96.16807800000001
27712800.0,685,iso13790,native,True,19.900000000000002,131.99216759968138,0.0,8.300000000000011,-101.56212000000002
27716400.0,685,iso13790,native,True,19.900000000000002,518.4938095283065,0.0,8.300000000000011,-101.56212000000002
27720000.0,685,iso13790,native,True,19.900000000000002,808.9263754387182,0.0,6.100000000000023,-101.56212000000002
27723600.0,685,iso13790,native,True,19.900000000000006,983.8922035700655,0.0,5.600000000000023,-101.56212000000002
27727200.0,685,iso13790,native,True,19.9,985.0609983478046,0.0,7.800000000000011,-101.56212000000002
27730800.0,685,iso13790,native,True,19.899999999999995,1026.759559882787,0.0,6.7000000000000455,-101.56212000000002
27734400.0,685,iso13790,native,True,19.900000000000002,1029.8535640072344,0.0,7.2000000000000455,-101.56212000000002
27738000.0,685,iso13790,native,True,19.89999999999999,1096.2296742687213,0.0,5.600000000000023,-101.56212000000002
27741600.0,685,iso13790,native,True,19.899999999999995,1158.19486885312,0.0,5.0,-101.56212000000002
27745200.0,685,iso13790,native,True,19.900000000000002,1306.3622681324064,0.0,2.2000000000000455,-101.56212000000002
27748800.0,685,iso13790,native,True,19.899999999999988,1453.9573052541482,0.0,0.6000000000000227,-101.56212000000002
27752400.0,685,iso13790,native,True,19.900000000000002,1648.3083805528274,0.0,-2.1999999999999886,-101.56212000000002
27756000.0,685,iso13790,native,True,19.900000000000006,1754.1123592694819,0.0,-2.1999999999999886,-101.56212000000002
27759600.0,685,iso13790,native,True,19.899999999999995,1808.887711070791,0.0,-2.1999999999999886,-101.56212000000002
27763200.0,685,iso13790,native,True,19.900000000000002,1650.7810105222047,0.0,0.6000000000000227,243.65656799999994
27766800.0,685,iso13790,native,True,19.9,1392.8280155108337,0.0,3.3000000000000114,270.0419291863093
27770400.0,685,iso13790,native,True,19.899999999999995,1112.1703605391447,0.0,5.600000000000023,480.0839656187892
27774000.0,685,iso13790,native,True,19.9,829.1606041336787,0.0,6.7000000000000455,746.0368472769487
27777600.0,685,iso13790,native,True,19.900000000000006,499.9229823472412,0.0,7.800000000000011,1197.3944797995382
27781200.0,685,iso13790,native,True,19.900000000000002,51.888256251239085,0.0,10.0,1747.1818504788635
27784800.0,685,iso13790,native,True,20.09999999999999,0.0,472.62414595739654,10.600000000000023,2843.064505216239
27788400.0,685,iso13790,native,True,20.10000000000001,0.0,1085.7191557706135,11.100000000000023,3351.1909471509757
27792000.0,685,iso13790,native,True,20.099999999999994,0.0,1527.2619471172884,10.0,3776.3762624321002
27795600.0,685,iso13790,native,True,20.1,0.0,943.2712780845925,7.800000000000011,-26.13023165009845
27799200.0,685,iso13790,native,True,19.900000000000002,20.267755101957878,0.0,5.600000000000023,-101.56212000000002
27802800.0,685,iso13790,native,True,19.899999999999995,531.3560437274336,0.0,6.7000000000000455,-101.56212000000002
27806400.0,685,iso13790,native,True,19.899999999999995,818.5493829612927,0.0,6.100000000000023,-101.56212000000002
27810000.0,685,iso13790,native,True,19.900000000000002,988.8740920475049,0.0,5.600000000000023,-101.56212000000002
27813600.0,685,iso13790,native,True,19.899999999999995,1077.9785088896122,0.0,5.600000000000023,-101.56212000000002
27817200.0,685,iso13790,native,True,19.899999999999995,1173.3838652724658,0.0,4.400000000000034,-101.56212000000002
27820800.0,685,iso13790,native,True,19.89999999999999,1200.3611684499301,0.0,5.0,-101.56212000000002
27824400.0,685,iso13790,native,True,19.899999999999995,1188.578188677407,0.0,5.600000000000023,-101.56212000000002
27828000.0,685,iso13790,native,True,19.9,1136.1973340877714,0.0,6.7000000000000455,-101.56212000000002
27831600.0,685,iso13790,native,True,19.899999999999995,1107.0415982388045,0.0,6.7000000000000455,-101.56212000000002
27835200.0,685,iso13790,native,True,19.9,1206.9235905052365,0.0,3.900000000000034,-101.56212000000002
27838800.0,685,iso13790,native,True,19.9,1194.0134483071013,0.0,5.600000000000023,-101.56212000000002
27842400.0,685,iso13790,native,True,19.89999999999999,1208.8181127838227,0.0,5.0,-101.56212000000002
27846000.0,685,iso13790,native,True,19.90000000000001,1262.7633115948493,0.0,3.900000000000034,-101.56212000000002
27849600.0,685,iso13790,native,True,19.900000000000002,1202.8796539208502,0.0,5.0,114.19955999999999
27853200.0,685,iso13790,native,True,19.900000000000002,994.476440629019,0.0,6.7000000000000455,459.206519871321
27856800.0,685,iso13790,native,True,19.900000000000002,751.3227063801154,0.0,7.800000000000011,615.6565514412299
27860400.0,685,iso13790,native,True,19.900000000000002,526.0222125792276,0.0,9.400000000000034,649.1944310987614
27864000.0,685,iso13790,native,True,19.899999999999995,389.1192129360016,0.0,10.600000000000023,469.1758105224513
27867600.0,685,iso13790,native,True,19.9,60.703398988979494,0.0,11.700000000000045,1621.4271939671892
27871200.0,685,iso13790,native,True,20.10000000000001,0.0,522.7981856662017,12.800000000000011,2751.9492943164987
27874800.0,685,iso13790,native,True,20.099999999999977,0.0,1299.8888752600635,13.300000000000011,3873.6230195848434
27878400.0,685,iso13790,native,True,20.100000000000026,0.0,1875.2489285895417,12.200000000000045,4066.5974066106605
27882000.0,685,iso13790,native,True,20.100000000000023,0.0,1528.0642068070513,8.900000000000034,1468.4994374881176
27885600.0,685,iso13790,native,True,20.099999999999998,0.0,561.1518096780698,7.800000000000011,-101.56212000000002
27889200.0,685,iso13790,native,True,19.900000000000002,209.48766024238503,0.0,6.100000000000023,-101.56212000000002
27892800.0,685,iso13790,native,True,19.899999999999995,722.8346674866052,0.0,4.400000000000034,-101.56212000000002
27896400.0,685,iso13790,native,True,19.899999999999995,991.7468911615048,0.0,4.400000000000034,-101.56212000000002
27900000.0,685,iso13790,native,True,19.89999999999999,1106.3266219448508,0.0,5.0,-101.56212000000002
27903600.0,685,iso13790,native,True,19.9,1234.3405883143312,0.0,3.3000000000000114,-101.56212000000002
27907200.0,685,iso13790,native,True,19.900000000000002,1279.1258611834096,0.0,3.900000000000034,-101.56212000000002
27910800.0,685,iso13790,native,True,19.899999999999995,1256.0307288965876,0.0,5.0,-101.56212000000002
27914400.0,685,iso13790,native,True,19.899999999999995,1217.3986526625674,0.0,5.600000000000023,-101.56212000000002
27918000.0,685,iso13790,native,True,19.899999999999988,1175.7555942112122,0.0,6.100000000000023,-101.56212000000002
27921600.0,685,iso13790,native,True,19.899999999999988,1198.4396151410365,0.0,5.0,-101.56212000000002
27925200.0,685,iso13790,native,True,19.9,1236.858856569771,0.0,4.400000000000034,-101.56212000000002
27928800.0,685,iso13790,native,True,19.900000000000002,1278.3917291710593,0.0,3.900000000000034,-101.56212000000002
27932400.0,685,iso13790,native,True,19.900000000000002,1391.1582000450744,0.0,1.7000000000000455,-101.56212000000002
27936000.0,685,iso13790,native,True,19.89999999999999,1360.00880248254,0.0,2.2000000000000455,251.31252391105681
27939600.0,685,iso13790,native,True,19.89999999999999,1017.5800389830416,0.0,8.300000000000011,343.56135987316856
27943200.0,685,iso13790,native,True,19.900000000000002,678.8884427660788,0.0,11.100000000000023,442.8109302737685
27946800.0,685,iso13790,native,True,19.899999999999995,397.0160213440512,0.0,12.800000000000011,519.3229989289846
27950400.0,685,iso13790,native,True,19.900000000000002,180.91480763353556,0.0,14.400000000000034,467.3024495669207
27954000.0,685,iso13790,native,True,20.100000000000005,0.0,114.47503762848389,14.400000000000034,1620.3909404001063
27957600.0,685,iso13790,native,True,20.100000000000005,0.0,747.6913435509067,15.0,2740.358051074193
27961200.0,685,iso13790,native,True,20.1,0.0,1458.3926649161888,14.400000000000034,3847.8502300893397
27964800.0,685,iso13790,native,True,20.10000000000003,0.0,1944.78029950375,13.300000000000011,3797.8165724632586
27968400.0,685,iso13790,native,True,20.099999999999984,0.0,1604.4751190990257,11.100000000000023,1422.779471826845
27972000.0,685,iso13790,native,True,20.099999999999987,0.0,687.8959125896063,10.0,-101.56212000000002
27975600.0,685,iso13790,native,True,19.899999999999995,69.98885967925268,0.0,7.800000000000011,-101.56212000000002
27979200.0,685,iso13790,native,True,19.900000000000002,737.804250709216,0.0,2.2000000000000455,-101.56212000000002
27982800.0,685,iso13790,native,True,19.899999999999995,954.2969753599507,0.0,5.600000000000023,-101.56212000000002
27986400.0,685,iso13790,native,True,19.899999999999995,1084.7154627935652,0.0,5.0,-101.56212000000002
27990000.0,685,iso13790,native,True,19.900000000000002,1153.3454498092701,0.0,5.0,-101.56212000000002
27993600.0,685,iso13790,native,True,19.899999999999995,1349.0208734842877,0.0,1.1000000000000227,-101.56212000000002
27997200.0,685,iso13790,native,True,19.9,1478.0797745969112,0.0,0.6000000000000227,-101.56212000000002
28000800.0,685,iso13790,native,True,19.899999999999995,1525.2891913504434,0.0,1.1000000000000227,-101.56212000000002
28004400.0,685,iso13790,native,True,19.899999999999995,1433.8274000177912,0.0,3.900000000000034,-101.56212000000002
28008000.0,685,iso13790,native,True,19.899999999999995,1405.9275519785126,0.0,3.3000000000000114,-101.56212000000002
28011600.0,685,iso13790,native,True,19.900000000000002,1437.7643695647453,0.0,2.2000000000000455,-101.56212000000002
28015200.0,685,iso13790,native,True,19.9,1456.2843347373132,0.0,2.2000000000000455,-101.56212000000002
28018800.0,685,iso13790,native,True,19.900000000000006,1441.2344975767162,0.0,2.8000000000000114,-101.56212000000002
28022400.0,685,iso13790,native,True,19.899999999999988,1289.8832735925955,0.0,5.0,150.07848551301458
28026000.0,685,iso13790,native,True,19.9,979.7798267566759,0.0,8.900000000000034,284.0481356353663
28029600.0,685,iso13790,native,True,19.900000000000002,629.7509354971644,0.0,12.200000000000045,407.5418148387537
28033200.0,685,iso13790,native,True,19.899999999999995,336.1419909706846,0.0,13.900000000000034,489.4036557744099
28036800.0,685,iso13790,native,True,19.9,161.38153068410708,0.0,13.900000000000034,521.5918135171513
28040400.0,685,iso13790,native,True,20.1,0.0,157.65756407664276,15.0,1624.13547512156
28044000.0,685,iso13790,native,True,20.100000000000005,0.0,735.3068897509825,14.400000000000034,2683.345783628079
28047600.0,685,iso13790,native,True,20.099999999999987,0.0,1347.2777162706661,13.900000000000034,3490.2757945735184
28051200.0,685,iso13790,native,True,20.099999999999994,0.0,1738.9104406655697,13.300000000000011,3358.9249537976725
28054800.0,685,iso13790,native,True,20.100000000000012,0.0,1406.4650907567914,12.200000000000045,1098.2192275503785
28058400.0,685,iso13790,native,True,20.1,0.0,466.30274646145324,8.300000000000011,-101.56212000000002
28062000.0,685,iso13790,native,True,19.900000000000002,348.00364645380273,0.0,3.900000000000034,-101.56212000000002
28065600.0,685,iso13790,native,True,19.899999999999995,773.9831962757495,0.0,5.0,-101.56212000000002
28069200.0,685,iso13790,native,True,19.899999999999995,1062.2844115931346,0.0,3.3000000000000114,-101.56212000000002
28072800.0,685,iso13790,native,True,19.899999999999988,1325.5588863944827,0.0,0.6000000000000227,-101.56212000000002
28076400.0,685,iso13790,native,True,19.9,1376.5213041267964,0.0,2.8000000000000114,-101.56212000000002
28080000.0,685,iso13790,native,True,19.899999999999995,1443.9983217073923,0.0,1.7000000000000455,-101.56212000000002
28083600.0,685,iso13790,native,True,19.9,1460.4379865141727,0.0,2.2000000000000455,-101.56212000000002
28087200.0,685,iso13790,native,True,19.899999999999995,1328.4087770362923,0.0,5.600000000000023,-101.56212000000002
28090800.0,685,iso13790,native,True,19.899999999999988,1278.3953772769546,0.0,5.0,-101.56212000000002
28094400.0,685,iso13790,native,True,19.9,1253.6146984836184,0.0,5.0,-101.56212000000002
28098000.0,685,iso13790,native,True,19.899999999999995,1240.7855930450073,0.0,5.0,-101.56212000000002
28101600.0,685,iso13790,native,True,19.900000000000002,1188.9747099659535,0.0,6.100000000000023,-101.56212000000002
28105200.0,685,iso13790,native,True,19.899999999999995,1160.1140517727354,0.0,6.100000000000023,-101.56212000000002
28108800.0,685,iso13790,native,True,19.9,989.9732341976522,0.0,8.300000000000011,211.65450136898312
28112400.0,685,iso13790,native,True,19.89999999999999,621.4960454338074,0.0,13.300000000000011,315.40347420156235
28116000.0,685,iso13790,native,True,19.900000000000002,137.16614191434627,0.0,17.80000000000001,716.784721066025
28119600.0,685,iso13790,native,True,20.10000000000001,0.0,229.38478657591241,20.0,734.5843535187139
28123200.0,685,iso13790,native,True,20.099999999999994,0.0,541.5105089850641,21.100000000000023,874.0230790851181
28126800.0,685,iso13790,native,True,20.10000000000001,0.0,925.0382452138862,21.100000000000023,1829.4726940000887
28130400.0,685,iso13790,native,True,20.099999999999994,0.0,1409.2283490058244,19.400000000000034,2816.456694130819
28134000.0,685,iso13790,native,True,20.099999999999994,0.0,1436.752123528711,18.900000000000034,1099.705261519095
28137600.0,685,iso13790,native,True,20.100000000000005,0.0,1228.6003687888535,18.30000000000001,1459.8657617350204
28141200.0,685,iso13790,native,True,20.100000000000016,0.0,835.0298970381732,17.80000000000001,-90.77403600000002
28144800.0,685,iso13790,native,True,20.1,0.0,292.6205411262134,15.600000000000023,-101.56212000000002
28148400.0,685,iso13790,native,True,19.900000000000002,198.55012514543913,0.0,9.400000000000034,-101.56212000000002
28152000.0,685,iso13790,native,True,19.9,481.10649488416044,0.0,10.0,-101.56212000000002
28155600.0,685,iso13790,native,True,19.9,761.783594007065,0.0,6.7000000000000455,-101.56212000000002
28159200.0,685,iso13790,native,True,19.900000000000002,1007.6500145174863,0.0,4.400000000000034,-101.56212000000002
28162800.0,685,iso13790,native,True,19.89999999999999,1114.5597639034943,0.0,5.0,-101.56212000000002
28166400.0,685,iso13790,native,True,19.9,1123.6268442098378,0.0,6.100000000000023,-101.56212000000002
28170000.0,685,iso13790,native,True,19.9,1196.0899836338033,0.0,4.400000000000034,-101.56212000000002
28173600.0,685,iso13790,native,True,19.9,1257.2854401193863,0.0,3.900000000000034,-101.56212000000002
28177200.0,685,iso13790,native,True,19.900000000000002,1359.6999033251936,0.0,2.2000000000000455,-101.56212000000002
28180800.0,685,iso13790,native,True,19.89999999999999,1481.570517605636,0.0,0.6000000000000227,-101.56212000000002
28184400.0,685,iso13790,native,True,19.899999999999995,1596.903282176258,0.0,-0.5999999999999659,-101.56212000000002
28188000.0,685,iso13790,native,True,19.899999999999995,1634.1971236088368,0.0,0.0,-101.56212000000002
28191600.0,685,iso13790,native,True,19.900000000000002,1677.0305448355605,0.0,-0.5999999999999659,-101.56212000000002
28195200.0,685,iso13790,native,True,19.899999999999988,1634.2867203760536,0.0,0.6000000000000227,-20.65149000000001
28198800.0,685,iso13790,native,True,19.900000000000002,1271.988438100192,0.0,6.100000000000023,458.912851258985
28202400.0,685,iso13790,native,True,19.9,797.9925268704843,0.0,8.900000000000034,871.5403653560948
28206000.0,685,iso13790,native,True,19.9,486.6693815393064,0.0,8.300000000000011,968.8284439392584
28209600.0,685,iso13790,native,True,19.900000000000002,337.58291876012356,0.0,8.900000000000034,722.5725032811624
28213200.0,685,iso13790,native,True,19.900000000000002,114.63044408733421,0.0,8.900000000000034,1609.1405291613319
28216800.0,685,iso13790,native,True,20.1,0.0,258.7957675076966,10.0,2201.5447136774555
28220400.0,685,iso13790,native,True,20.1,0.0,709.1224779981641,10.600000000000023,2661.465465768495
28224000.0,685,iso13790,native,True,20.099999999999994,0.0,1033.3058780947379,8.900000000000034,3081.7278075621116
28227600.0,685,iso13790,native,True,20.1,0.0,492.49175620522914,6.100000000000023,-90.77403600000002
28231200.0,685,iso13790,native,True,19.9,336.81554735835346,0.0,3.900000000000034,-101.56212000000002
28234800.0,685,iso13790,native,True,19.900000000000006,837.9979628602238,0.0,3.3000000000000114,-101.56212000000002
28238400.0,685,iso13790,native,True,19.900000000000002,1209.4444521111318,0.0,0.6000000000000227,-101.56212000000002
28242000.0,685,iso13790,native,True,19.899999999999995,1501.1911710845154,0.0,-1.6999999999999886,-101.56212000000002
28245600.0,685,iso13790,native,True,19.90000000000001,1677.0226036094814,0.0,-2.1999999999999886,-101.56212000000002
28249200.0,685,iso13790,native,True,19.899999999999995,1768.9778840702197,0.0,-2.1999999999999886,-101.56212000000002
28252800.0,685,iso13790,native,True,19.900000000000002,1796.0522372598095,0.0,-1.6999999999999886,-101.56212000000002
28256400.0,685,iso13790,native,True,19.899999999999995,1809.1424941204964,0.0,-1.6999999999999886,-101.56212000000002
28260000.0,685,iso13790,native,True,19.899999999999995,1836.4508430913656,0.0,-2.1999999999999886,-101.56212000000002
28263600.0,685,iso13790,native,True,19.900000000000002,1896.684014552902,0.0,-3.2999999999999545,-101.56212000000002
28267200.0,685,iso13790,native,True,19.9,1999.7118540704928,0.0,-5.0,-101.56212000000002
28270800.0,685,iso13790,native,True,19.89999999999998,2080.8371273325715,0.0,-5.599999999999966,-101.56212000000002
28274400.0,685,iso13790,native,True,19.900000000000006,2123.947722918838,0.0,-5.599999999999966,-101.56212000000002
28278000.0,685,iso13790,native,True,19.9,2166.797780574321,0.0,-6.099999999999966,-101.56212000000002
28281600.0,685,iso13790,native,True,19.899999999999988,2167.9294858166118,0.0,-6.0,-15.25744800000001
28285200.0,685,iso13790,native,True,19.900000000000002,2047.6077317566107,0.0,-5.599999999999966,422.5062207781794
28288800.0,685,iso13790,native,True,19.899999999999988,1807.7881798670865,0.0,-5.0,823.020745426489
28292400.0,685,iso13790,native,True,19.899999999999995,1609.5382855973876,0.0,-4.399999999999977,750.696516
28296000.0,685,iso13790,native,True,19.900000000000013,1578.661187532185,0.0,-4.399999999999977,454.024206
28299600.0,685,iso13790,native,True,19.899999999999995,1546.602441338063,0.0,-3.8999999999999773,658.997802
28303200.0,685,iso13790,native,True,19.900000000000006,1515.6617495822773,0.0,-3.8999999999999773,567.299088
28306800.0,685,iso13790,native,True,19.89999999999999,1599.033342401847,0.0,-3.8999999999999773,157.35189599999995
28310400.0,685,iso13790,native,True,19.900000000000006,1701.4231555440795,0.0,-3.8999999999999773,184.32210599999996
28314000.0,685,iso13790,native,True,19.90000000000001,1698.8310783829595,0.0,-3.8999999999999773,432.2249052491551
28317600.0,685,iso13790,native,True,19.9,1789.3640398203797,0.0,-4.399999999999977,-101.56212000000002
28321200.0,685,iso13790,native,True,19.900000000000002,1946.1895166070294,0.0,-5.0,-101.56212000000002
28324800.0,685,iso13790,native,True,19.899999999999995,2028.4905597528564,0.0,-5.0,-101.56212000000002
28328400.0,685,iso13790,native,True,19.899999999999995,2112.1611910134234,0.0,-6.0,-101.56212000000002
28332000.0,685,iso13790,native,True,19.900000000000013,2140.905415811893,0.0,-5.599999999999966,-101.56212000000002
28335600.0,685,iso13790,native,True,19.899999999999988,2175.5768794817727,0.0,-6.099999999999966,-101.56212000000002
28339200.0,685,iso13790,native,True,19.900000000000016,2194.4528008476664,0.0,-6.099999999999966,-101.56212000000002
28342800.0,685,iso13790,native,True,19.899999999999995,2204.224978094027,0.0,-6.099999999999966,-101.56212000000002
28346400.0,685,iso13790,native,True,19.90000000000001,2209.284092628545,0.0,-6.099999999999966,-101.56212000000002
28350000.0,685,iso13790,native,True,19.899999999999995,2211.903226443662,0.0,-6.099999999999966,-101.56212000000002
28353600.0,685,iso13790,native,True,19.900000000000006,2237.896901424525,0.0,-6.699999999999989,-101.56212000000002
28357200.0,685,iso13790,native,True,19.9,2252.465539252179,0.0,-6.699999999999989,-101.56212000000002
28360800.0,685,iso13790,native,True,19.900000000000016,2260.0078100812716,0.0,-6.699999999999989,-101.56212000000002
28364400.0,685,iso13790,native,True,19.900000000000002,2284.4439335427005,0.0,-7.199999999999989,-101.56212000000002
28368000.0,685,iso13790,native,True,19.900000000000002,2298.020958141902,0.0,-7.199999999999989,-101.56212000000002
28371600.0,685,iso13790,native,True,19.899999999999995,2211.221685723786,0.0,-7.199999999999989,351.53740799999997
28375200.0,685,iso13790,native,True,19.900000000000002,2100.926532608915,0.0,-6.699999999999989,222.08039999999997
28378800.0,685,iso13790,native,True,19.899999999999995,1843.880993046073,0.0,-5.599999999999966,1063.8623650303737
28382400.0,685,iso13790,native,True,19.900000000000002,1627.176976065541,0.0,-3.8999999999999773,478.0961025711737
28386000.0,685,iso13790,native,True,19.899999999999995,1267.2961485023745,0.0,-3.2999999999999545,1987.2401831489888
28389600.0,685,iso13790,native,True,19.900000000000002,1081.9045505498377,0.0,-1.6999999999999886,507.96462599999995
28393200.0,685,iso13790,native,True,19.899999999999995,932.8909360350011,0.0,-1.6999999999999886,1879.146395384386
28396800.0,685,iso13790,native,True,19.9,411.4029035081471,0.0,-1.6999999999999886,2978.0332315237692
28400400.0,685,iso13790,native,True,19.900000000000002,560.4817735171179,0.0,-6.699999999999989,1106.896080356828
28404000.0,685,iso13790,native,True,19.899999999999995,1238.169051689356,0.0,-7.7999999999999545,-101.56212000000002
28407600.0,685,iso13790,native,True,19.899999999999995,1757.469758903987,0.0,-7.199999999999989,-101.56212000000002
28411200.0,685,iso13790,native,True,19.9,2070.3724586119056,0.0,-8.299999999999955,-101.56212000000002
28414800.0,685,iso13790,native,True,19.899999999999988,2074.256640468944,0.0,-4.399999999999977,-101.56212000000002
28418400.0,685,iso13790,native,True,19.90000000000001,2184.018474885499,0.0,-7.199999999999989,-101.56212000000002
28422000.0,685,iso13790,native,True,19.900000000000006,2336.3684554216816,0.0,-9.399999999999977,-101.56212000000002
28425600.0,685,iso13790,native,True,19.899999999999988,2468.592126988224,0.0,-10.599999999999966,-101.56212000000002
28429200.0,685,iso13790,native,True,19.9,2559.7996704292414,0.0,-11.099999999999966,-101.56212000000002
28432800.0,685,iso13790,native,True,19.9,2743.4521936873302,0.0,-14.399999999999977,-101.56212000000002
28436400.0,685,iso13790,native,True,19.900000000000002,2844.6437656189305,0.0,-14.399999999999977,-101.56212000000002
28440000.0,685,iso13790,native,True,19.9,2876.4998020759326,0.0,-13.899999999999977,-101.56212000000002
28443600.0,685,iso13790,native,True,19.899999999999995,2961.872477245786,0.0,-15.599999999999966,-101.56212000000002
28447200.0,685,iso13790,native,True,19.900000000000002,3029.7512775020855,0.0,-16.099999999999966,-101.56212000000002
28450800.0,685,iso13790,native,True,19.900000000000016,3065.818835382669,0.0,-16.099999999999966,-101.56212000000002
28454400.0,685,iso13790,native,True,19.899999999999995,3063.9597807473847,0.0,-15.599999999999966,-101.56212000000002
28458000.0,685,iso13790,native,True,19.90000000000001,2799.330371229017,0.0,-11.099999999999966,274.89814585411204
28461600.0,685,iso13790,native,True,19.899999999999995,2467.5152290998594,0.0,-8.299999999999955,332.76734045328465
28465200.0,685,iso13790,native,True,19.899999999999995,2225.132575483572,0.0,-7.199999999999989,386.3424846211542
28468800.0,685,iso13790,native,True,19.900000000000016,1931.9765652484966,0.0,-3.8999999999999773,490.92689588388953
28472400.0,685,iso13790,native,True,19.899999999999995,1392.2603797560596,0.0,-2.1999999999999886,1917.8691857768558
28476000.0,685,iso13790,native,True,19.900000000000006,824.4414756350128,0.0,-1.6999999999999886,2106.797818635298
28479600.0,685,iso13790,native,True,19.9,342.4366630990667,0.0,-1.6999999999999886,2866.142109498424
28483200.0,685,iso13790,native,True,20.100000000000005,0.0,1.6948706355202865,-3.2999999999999545,3301.971201667214
28486800.0,685,iso13790,native,True,19.9,462.0211846219523,0.0,-5.599999999999966,-101.56212000000002
28490400.0,685,iso13790,native,True,19.900000000000002,1331.0462179449962,0.0,-6.699999999999989,-101.56212000000002
28494000.0,685,iso13790,native,True,19.899999999999984,1828.1527019042837,0.0,-7.7999999999999545,-101.56212000000002
28497600.0,685,iso13790,native,True,19.90000000000001,2153.2461760032907,0.0,-9.399999999999977,-101.56212000000002
28501200.0,685,iso13790,native,True,19.900000000000013,2189.005625857646,0.0,-6.099999999999966,-101.56212000000002
28504800.0,685,iso13790,native,True,19.899999999999995,2201.4049430630143,0.0,-6.099999999999966,-101.56212000000002
28508400.0,685,iso13790,native,True,19.900000000000002,2187.292698848032,0.0,-5.599999999999966,-101.56212000000002
28512000.0,685,iso13790,native,True,19.900000000000002,2269.398765322117,0.0,-7.7999999999999545,-101.56212000000002
28515600.0,685,iso13790,native,True,19.9,2246.1743631399127,0.0,-6.099999999999966,-101.56212000000002
28519200.0,685,iso13790,native,True,19.9,2185.832361292431,0.0,-5.0,-101.56212000000002
28522800.0,685,iso13790,native,True,19.9,2107.3859133933233,0.0,-3.8999999999999773,-101.56212000000002
28526400.0,685,iso13790,native,True,19.90000000000001,2085.2673089848004,0.0,-4.399999999999977,-101.56212000000002
28530000.0,685,iso13790,native,True,19.900000000000002,2074.7426728712135,0.0,-4.399999999999977,-101.56212000000002
28533600.0,685,iso13790,native,True,19.900000000000016,2069.29400588634,0.0,-4.399999999999977,-101.56212000000002
28537200.0,685,iso13790,native,True,19.899999999999995,1976.1348413229248,0.0,-2.1999999999999886,-101.56212000000002
28540800.0,685,iso13790,native,True,19.899999999999995,1903.2986314809004,0.0,-1.6999999999999886,-101.56212000000002
28544400.0,685,iso13790,native,True,19.900000000000002,1746.1155960333977,0.0,-0.5999999999999659,252.79156569238333
28548000.0,685,iso13790,native,True,19.899999999999988,1463.889258630757,0.0,1.1000000000000227,605.2313318636766
28551600.0,685,iso13790,native,True,19.899999999999988,1188.8337352538433,0.0,1.7000000000000455,824.6492288148324
28555200.0,685,iso13790,native,True,19.89999999999999,923.850688319598,0.0,4.400000000000034,708.3357643360106
28558800.0,685,iso13790,native,True,19.9,523.7703391181068,0.0,5.600000000000023,1804.5690504872507
28562400.0,685,iso13790,native,True,20.10000000000001,0.0,64.59918985991911,5.600000000000023,3039.433039553606
28566000.0,685,iso13790,native,True,20.100000000000012,0.0,851.6896395836877,6.7000000000000455,4008.428206174773
28569600.0,685,iso13790,native,True,20.100000000000005,0.0,1412.9954967182343,6.7000000000000455,4001.6094346734685
28573200.0,685,iso13790,native,True,20.09999999999999,0.0,692.6758273958419,2.8000000000000114,-101.56212000000002
28576800.0,685,iso13790,native,True,19.9,425.78122606592956,0.0,-0.5999999999999659,-101.56212000000002
28580400.0,685,iso13790,native,True,19.9,1097.7071517852341,0.0,-1.6999999999999886,-101.56212000000002
28584000.0,685,iso13790,native,True,19.899999999999995,1492.7742503672316,0.0,-2.7999999999999545,-101.56212000000002
28587600.0,685,iso13790,native,True,19.900000000000002,1744.5098803250105,0.0,-3.8999999999999773,-101.56212000000002
28591200.0,685,iso13790,native,True,19.899999999999995,1831.7035956682462,0.0,-2.7999999999999545,-101.56212000000002
28594800.0,685,iso13790,native,True,19.900000000000006,1940.5070717801007,0.0,-4.399999999999977,-101.56212000000002
28598400.0,685,iso13790,native,True,19.900000000000002,2024.437167104952,0.0,-5.0,-101.56212000000002
28602000.0,685,iso13790,native,True,19.90000000000001,2068.9998358277044,0.0,-5.0,-101.56212000000002
28605600.0,685,iso13790,native,True,19.900000000000016,2046.9010170615486,0.0,-3.8999999999999773,-101.56212000000002
28609200.0,685,iso13790,native,True,19.899999999999988,2008.7847382886412,0.0,-3.2999999999999545,-101.56212000000002
28612800.0,685,iso13790,native,True,19.90000000000001,2012.5778898229046,0.0,-3.8999999999999773,-101.56212000000002
28616400.0,685,iso13790,native,True,19.899999999999988,1925.3148269297574,0.0,-1.6999999999999886,-101.56212000000002
28620000.0,685,iso13790,native,True,19.9,1851.4247751828775,0.0,-1.099999999999966,-101.56212000000002
28623600.0,685,iso13790,native,True,19.900000000000006,1791.5284521951237,0.0,-0.5999999999999659,-101.56212000000002
28627200.0,685,iso13790,native,True,19.899999999999995,1689.7865581615067,0.0,1.1000000000000227,-101.56212000000002
28630800.0,685,iso13790,native,True,19.900000000000002,1440.328961849846,0.0,3.900000000000034,278.28833327189585
28634400.0,685,iso13790,native,True,19.899999999999995,1074.8242664289958,0.0,7.800000000000011,331.27215921579545
28638000.0,685,iso13790,native,True,19.90000000000001,724.5282873973774,0.0,11.100000000000023,379.3818500879984
28641600.0,685,iso13790,native,True,19.900000000000002,432.31855663095155,0.0,12.800000000000011,511.37273514736773
28645200.0,685,iso13790,native,True,20.099999999999998,0.0,4.8570185261429595,13.900000000000034,1799.370738870685
28648800.0,685,iso13790,native,True,20.100000000000016,0.0,751.2077362360616,14.400000000000034,3018.189476747342
28652400.0,685,iso13790,native,True,20.10000000000003,0.0,1548.862053139426,15.0,3950.213543640074
28656000.0,685,iso13790,native,True,20.100000000000026,0.0,1991.190787578983,12.200000000000045,3930.3633206190552
28659600.0,685,iso13790,native,True,20.100000000000016,0.0,1171.612924625994,7.2000000000000455,-101.56212000000002
28663200.0,685,iso13790,native,True,20.1,0.0,34.89958042369581,5.600000000000023,-101.56212000000002
28666800.0,685,iso13790,native,True,19.900000000000002,576.3456490730987,0.0,3.900000000000034,-101.56212000000002
28670400.0,685,iso13790,native,True,19.900000000000006,916.8349487913081,0.0,4.400000000000034,-101.56212000000002
28674000.0,685,iso13790,native,True,19.899999999999988,1022.3750833346982,0.0,6.100000000000023,-101.56212000000002
28677600.0,685,iso13790,native,True,19.9,1119.0336084423172,0.0,5.0,-101.56212000000002
28681200.0,685,iso13790,native,True,19.900000000000002,1171.1121588109534,0.0,5.0,-101.56212000000002
28684800.0,685,iso13790,native,True,19.9,1243.2427139867048,0.0,3.900000000000034,-101.56212000000002
28688400.0,685,iso13790,native,True,19.90000000000001,1307.2607215632595,0.0,3.3000000000000114,-101.56212000000002
28692000.0,685,iso13790,native,True,19.899999999999995,1271.7078711956672,0.0,5.0,-101.56212000000002
28695600.0,685,iso13790,native,True,19.89999999999999,1250.152536637539,0.0,5.0,-101.56212000000002
28699200.0,685,iso13790,native,True,19.899999999999995,1238.9932111760813,0.0,5.0,-101.56212000000002
28702800.0,685,iso13790,native,True,19.899999999999995,1208.5782279651107,0.0,5.600000000000023,-101.56212000000002
28706400.0,685,iso13790,native,True,19.899999999999988,1171.1892076565623,0.0,6.100000000000023,-101.56212000000002
28710000.0,685,iso13790,native,True,19.899999999999995,1150.9063909855302,0.0,6.100000000000023,-101.56212000000002
28713600.0,685,iso13790,native,True,19.9,1140.4058556356022,0.0,6.100000000000023,-101.56212000000002
28717200.0,685,iso13790,native,True,19.9,947.0487828855767,0.0,8.900000000000034,250.69080786825486
28720800.0,685,iso13790,native,True,19.899999999999995,651.2181954562884,0.0,11.700000000000045,346.6618746561471
28724400.0,685,iso13790,native,True,19.899999999999995,405.5964830940842,0.0,13.300000000000011,377.60385584642734
28728000.0,685,iso13790,native,True,19.900000000000002,286.0727018061433,0.0,12.200000000000045,520.9152990423142
28731600.0,685,iso13790,native,True,20.1,0.0,60.49304692156935,13.300000000000011,1819.4802033248088
28735200.0,685,iso13790,native,True,20.099999999999994,0.0,689.3617985128342,12.200000000000045,3006.7038881361723
28738800.0,685,iso13790,native,True,20.10000000000001,0.0,1328.3893653300127,12.200000000000045,3623.833582435484
28742400.0,685,iso13790,native,True,20.099999999999994,0.0,1691.4018935543909,10.0,3744.3372614737764
28746000.0,685,iso13790,native,True,20.09999999999999,0.0,867.9478122432628,4.400000000000034,-101.56212000000002
28749600.0,685,iso13790,native,True,19.899999999999995,217.101629601524,0.0,2.2000000000000455,-101.56212000000002
28753200.0,685,iso13790,native,True,19.899999999999995,799.7022088743233,0.0,2.8000000000000114,-101.56212000000002
28756800.0,685,iso13790,native,True,19.899999999999995,1190.5448090271952,0.0,0.6000000000000227,-101.56212000000002
28760400.0,685,iso13790,native,True,19.900000000000006,1396.962066885373,0.0,0.6000000000000227,-101.56212000000002
28764000.0,685,iso13790,native,True,19.900000000000016,1573.6324266295806,0.0,-1.099999999999966,-101.56212000000002
28767600.0,685,iso13790,native,True,19.899999999999995,1692.882872516316,0.0,-1.6999999999999886,-101.56212000000002
28771200.0,685,iso13790,native,True,19.900000000000002,1800.9002762698199,0.0,-2.7999999999999545,-101.56212000000002
28774800.0,685,iso13790,native,True,19.899999999999995,1879.390830765139,0.0,-3.2999999999999545,-101.56212000000002
28778400.0,685,iso13790,native,True,19.899999999999995,1920.952157204539,0.0,-3.2999999999999545,-101.56212000000002
28782000.0,685,iso13790,native,True,19.899999999999995,1897.2995256097847,0.0,-2.1999999999999886,-101.56212000000002
28785600.0,685,iso13790,native,True,19.900000000000013,1952.8234747314696,0.0,-3.8999999999999773,-101.56212000000002
28789200.0,685,iso13790,native,True,19.90000000000001,2029.8871449707494,0.0,-5.0,-101.56212000000002
28792800.0,685,iso13790,native,True,19.899999999999995,2116.9905004831157,0.0,-6.099999999999966,-101.56212000000002
28796400.0,685,iso13790,native,True,19.899999999999988,2164.1222824745223,0.0,-6.099999999999966,-101.56212000000002
28800000.0,685,iso13790,native,True,19.900000000000016,2118.7157752347616,0.0,-4.399999999999977,-101.56212000000002
28803600.0,685,iso13790,native,True,19.899999999999995,1811.496046397362,0.0,0.6000000000000227,261.8162144155418
28807200.0,685,iso13790,native,True,19.900000000000002,1480.4189493658646,0.0,2.8000000000000114,334.13575531793447
28810800.0,685,iso13790,native,True,19.900000000000002,1218.7389857810138,0.0,4.400000000000034,377.9316489555746
28814400.0,685,iso13790,native,True,19.9,993.0517821825956,0.0,5.600000000000023,527.8739062013525
28818000.0,685,iso13790,native,True,19.899999999999995,518.6208328371923,0.0,7.2000000000000455,1812.2119484761392
28821600.0,685,iso13790,native,True,20.099999999999994,0.0,76.43225824413148,6.7000000000000455,2845.4288021599796
28825200.0,685,iso13790,native,True,20.100000000000005,0.0,242.91443748011,7.800000000000011,959.201304084517
28828800.0,685,iso13790,native,True,20.10000000000001,0.0,377.7186501212926,7.800000000000011,2624.209145042362
28832400.0,685,iso13790,native,True,20.100000000000005,0.0,76.48454832634953,6.100000000000023,-101.56212000000002
28836000.0,685,iso13790,native,True,19.9,668.8666561452418,0.0,1.1000000000000227,-101.56212000000002
28839600.0,685,iso13790,native,True,19.900000000000002,1105.4284285821416,0.0,1.1000000000000227,-101.56212000000002
28843200.0,685,iso13790,native,True,19.900000000000002,1331.43906597296,0.0,1.1000000000000227,-101.56212000000002
28846800.0,685,iso13790,native,True,19.899999999999988,1468.9775678234253,0.0,0.6000000000000227,-101.56212000000002
28850400.0,685,iso13790,native,True,19.9,1512.364346612018,0.0,1.3000000000000114,-101.56212000000002
28854000.0,685,iso13790,native,True,19.900000000000002,1504.7851019225986,0.0,2.0,-101.56212000000002
28857600.0,685,iso13790,native,True,19.90000000000001,1470.8204424332484,0.0,2.7000000000000455,-101.56212000000002
28861200.0,685,iso13790,native,True,19.899999999999988,1419.0896071288853,0.0,3.5,-101.56212000000002
28864800.0,685,iso13790,native,True,19.900000000000002,1362.0821459359906,0.0,4.2000000000000455,-101.56212000000002
28868400.0,685,iso13790,native,True,19.90000000000001,1302.5282035035095,0.0,4.900000000000034,-101.56212000000002
28872000.0,685,iso13790,native,True,19.9,1241.6559325218957,0.0,5.600000000000023,-101.56212000000002
28875600.0,685,iso13790,native,True,19.900000000000006,1323.821268571782,0.0,2.8000000000000114,-101.56212000000002
28879200.0,685,iso13790,native,True,19.900000000000002,1326.376841379341,0.0,3.900000000000034,-101.56212000000002
28882800.0,685,iso13790,native,True,19.90000000000001,1255.8551098382072,0.0,5.600000000000023,-101.56212000000002
28886400.0,685,iso13790,native,True,19.9,1121.0778146837295,0.0,7.2000000000000455,40.49715877900787
28890000.0,685,iso13790,native,True,19.899999999999995,824.9965672014387,0.0,11.100000000000023,237.21838120144625
28893600.0,685,iso13790,native,True,19.899999999999995,462.527775051731,0.0,15.0,288.95496757670037
28897200.0,685,iso13790,native,True,19.900000000000002,110.18636872499849,0.0,18.30000000000001,355.48415029199145
28900800.0,685,iso13790,native,True,20.1,0.0,142.3325774039596,20.0,518.1262609662075
28904400.0,685,iso13790,native,True,20.10000000000001,0.0,642.7986020454472,21.100000000000023,1746.038915499565
28908000.0,685,iso13790,native,True,20.10000000000003,0.0,1281.5862488557154,19.400000000000034,2969.372762277504
28911600.0,685,iso13790,native,True,20.1,0.0,1953.2151683281513,18.900000000000034,3796.0837619251092
28915200.0,685,iso13790,native,True,20.100000000000044,0.0,2309.647429004502,16.700000000000045,3647.7705725143505
28918800.0,685,iso13790,native,True,20.099999999999994,0.0,1756.0472007456171,13.300000000000011,890.4428945587674
28922400.0,685,iso13790,native,True,20.099999999999998,0.0,641.109541135363,8.900000000000034,-101.56212000000002
28926000.0,685,iso13790,native,True,19.9,166.05521050865505,0.0,6.100000000000023,-101.56212000000002
28929600.0,685,iso13790,native,True,19.9,630.5425164976103,0.0,6.100000000000023,-101.56212000000002
28933200.0,685,iso13790,native,True,19.90000000000001,940.8172817396621,0.0,4.400000000000034,-101.56212000000002
28936800.0,685,iso13790,native,True,19.900000000000013,1149.7669712375762,0.0,3.3000000000000114,-101.56212000000002
28940400.0,685,iso13790,native,True,19.9,1235.3415944225603,0.0,3.900000000000034,-101.56212000000002
28944000.0,685,iso13790,native,True,19.89999999999999,1348.3394433264614,0.0,2.2000000000000455,-101.56212000000002
28947600.0,685,iso13790,native,True,19.899999999999988,1430.519961043752,0.0,1.7000000000000455,-101.56212000000002
28951200.0,685,iso13790,native,True,19.899999999999995,1519.1607820440224,0.0,0.6000000000000227,-101.56212000000002
28954800.0,685,iso13790,native,True,19.90000000000001,1636.8954314208163,0.0,-1.099999999999966,-101.56212000000002
28958400.0,685,iso13790,native,True,19.89999999999998,1565.4892385620776,0.0,2.2000000000000455,-101.56212000000002
28962000.0,685,iso13790,native,True,19.899999999999988,1588.1088857396546,0.0,0.6000000000000227,-101.56212000000002
28965600.0,685,iso13790,native,True,19.90000000000001,1717.7594551241752,0.0,-2.1999999999999886,-101.56212000000002
28969200.0,685,iso13790,native,True,19.900000000000006,1609.3908812053357,0.0,2.2000000000000455,-101.56212000000002
28972800.0,685,iso13790,native,True,19.900000000000006,1476.8442855546962,0.0,3.3000000000000114,10.099362795501676
28976400.0,685,iso13790,native,True,19.900000000000006,1200.7896552017562,0.0,7.2000000000000455,143.36916238643443
28980000.0,685,iso13790,native,True,19.899999999999995,862.8715464615331,0.0,10.600000000000023,274.2070833604222
28983600.0,685,iso13790,native,True,19.899999999999995,518.325108890264,0.0,13.900000000000034,308.55270303670767
28987200.0,685,iso13790,native,True,19.899999999999995,209.8570843538977,0.0,15.600000000000023,543.937914374193
28990800.0,685,iso13790,native,True,20.10000000000001,0.0,245.72014925630282,17.200000000000045,1702.0662948034515
28994400.0,685,iso13790,native,True,20.1,0.0,899.2697442217047,16.100000000000023,2838.690061749514
28998000.0,685,iso13790,native,True,20.099999999999987,0.0,1550.1705878904916,16.700000000000045,3371.1088055783594
29001600.0,685,iso13790,native,True,20.100000000000044,0.0,2035.6102660118943,15.0,4013.2936990284506
29005200.0,685,iso13790,native,True,20.10000000000001,0.0,1644.6192774302497,11.100000000000023,1209.8407316812052
29008800.0,685,iso13790,native,True,20.099999999999998,0.0,720.1822424284443,11.100000000000023,-101.56212000000002
29012400.0,685,iso13790,native,True,19.899999999999995,96.40535788721891,0.0,6.7000000000000455,-101.56212000000002
29016000.0,685,iso13790,native,True,19.900000000000002,663.1797270436555,0.0,4.400000000000034,-101.56212000000002
29019600.0,685,iso13790,native,True,19.900000000000002,1006.0323507044828,0.0,3.3000000000000114,-101.56212000000002
29023200.0,685,iso13790,native,True,19.899999999999988,1251.2676798920634,0.0,1.7000000000000455,-101.56212000000002
29026800.0,685,iso13790,native,True,19.899999999999984,1426.3608053289113,0.0,0.6000000000000227,-101.56212000000002
29030400.0,685,iso13790,native,True,19.900000000000002,1428.707059699066,0.0,2.8000000000000114,-101.56212000000002
29034000.0,685,iso13790,native,True,19.9,1380.6768419808452,0.0,3.900000000000034,-101.56212000000002
29037600.0,685,iso13790,native,True,19.899999999999995,1444.1118139464688,0.0,1.7000000000000455,-101.56212000000002
29041200.0,685,iso13790,native,True,19.89999999999999,1435.8590083649012,0.0,2.8000000000000114,-101.56212000000002
29044800.0,685,iso13790,native,True,19.900000000000002,1474.7178056450332,0.0,1.7000000000000455,-101.56212000000002
29048400.0,685,iso13790,native,True,19.90000000000001,1451.7039130920357,0.0,2.8000000000000114,-101.56212000000002
29052000.0,685,iso13790,native,True,19.900000000000002,1437.751628912881,0.0,2.8000000000000114,-101.56212000000002
29055600.0,685,iso13790,native,True,19.89999999999999,1475.6976266082809,0.0,1.7000000000000455,-101.56212000000002
29059200.0,685,iso13790,native,True,19.900000000000002,1450.2069729560844,0.0,2.2000000000000455,27.092697812619406
29062800.0,685,iso13790,native,True,19.9,1167.2534782207613,0.0,7.2000000000000455,235.5896284725659
29066400.0,685,iso13790,native,True,19.899999999999995,812.8893993920448,0.0,10.600000000000023,361.3236747661454
29070000.0,685,iso13790,native,True,19.899999999999995,419.9650756592154,0.0,13.300000000000011,711.0456665252624
29073600.0,685,iso13790,native,True,19.9,67.56435218508139,0.0,14.400000000000034,921.2006683830173
29077200.0,685,iso13790,native,True,20.1,0.0,252.22434299347128,13.900000000000034,1754.8168319216547
29080800.0,685,iso13790,native,True,20.1,0.0,743.186406361362,14.400000000000034,2395.046611560641
29084400.0,685,iso13790,native,True,20.099999999999998,0.0,1133.1654280421162,15.0,2438.6062192082386
29088000.0,685,iso13790,native,True,20.10000000000001,0.0,895.0408429087613,11.700000000000045,929.485225237988
29091600.0,685,iso13790,native,True,20.10000000000001,0.0,212.31716480491212,8.900000000000034,-35.175938034484936
29095200.0,685,iso13790,native,True,19.9,377.5478971855422,0.0,6.100000000000023,-101.56212000000002
29098800.0,685,iso13790,native,True,19.900000000000002,740.033543741067,0.0,6.100000000000023,-101.56212000000002
29102400.0,685,iso13790,native,True,19.900000000000006,1018.0328853873559,0.0,3.900000000000034,-101.56212000000002
29106000.0,685,iso13790,native,True,19.900000000000002,1235.8374265661143,0.0,2.2000000000000455,-101.56212000000002
29109600.0,685,iso13790,native,True,19.900000000000006,1351.7455501370305,0.0,2.2000000000000455,-101.56212000000002
29113200.0,685,iso13790,native,True,19.89999999999999,1456.921056645334,0.0,1.1000000000000227,-101.56212000000002
29116800.0,685,iso13790,native,True,19.900000000000002,1443.6019868430144,0.0,2.8000000000000114,-101.56212000000002
29120400.0,685,iso13790,native,True,19.899999999999988,1458.194947056316,0.0,2.2000000000000455,-101.56212000000002
29124000.0,685,iso13790,native,True,19.900000000000002,1442.2236329873015,0.0,2.8000000000000114,-101.56212000000002
29127600.0,685,iso13790,native,True,19.900000000000002,1457.4813650316253,0.0,2.2000000000000455,-101.56212000000002
29131200.0,685,iso13790,native,True,19.900000000000006,1421.3227625110505,0.0,3.3000000000000114,-101.56212000000002
29134800.0,685,iso13790,native,True,19.9,1421.0968282612898,0.0,2.8000000000000114,-101.56212000000002
29138400.0,685,iso13790,native,True,19.899999999999988,1491.7130705829427,0.0,1.1000000000000227,-101.56212000000002
29142000.0,685,iso13790,native,True,19.900000000000002,1461.61402028849,0.0,2.8000000000000114,-101.56212000000002
29145600.0,685,iso13790,native,True,19.900000000000002,1438.5495779860605,0.0,2.2000000000000455,38.33649324026076
29149200.0,685,iso13790,native,True,19.90000000000001,1104.926120251541,0.0,8.300000000000011,280.71901840286046
29152800.0,685,iso13790,native,True,19.900000000000006,676.5174934431768,0.0,12.200000000000045,502.4821708672515
29156400.0,685,iso13790,native,True,19.9,331.8791281386218,0.0,13.900000000000034,554.4221277514939
29160000.0,685,iso13790,native,True,19.925903040108643,0.0,0.0,15.600000000000023,934.7891198557993
29163600.0,685,iso13790,native,True,20.10000000000001,0.0,371.4635679689028,15.600000000000023,1777.5958178537535
29167200.0,685,iso13790,native,True,20.09999999999998,0.0,783.54871983026,15.0,2140.2809422298064
29170800.0,685,iso13790,native,True,20.1,0.0,796.11726134758,9.400000000000034,2009.6683011519847
29174400.0,685,iso13790,native,True,20.100000000000005,0.0,415.30756762557655,6.100000000000023,943.4922418784281
29178000.0,685,iso13790,native,True,19.900000000000002,60.2720017108466,0.0,3.3000000000000114,756.1806185968895
29181600.0,685,iso13790,native,True,19.900000000000002,720.4769960013381,0.0,-0.5999999999999659,-101.56212000000002
29185200.0,685,iso13790,native,True,19.900000000000002,1225.6351784855701,0.0,-1.099999999999966,-101.56212000000002
29188800.0,685,iso13790,native,True,19.89999999999999,1557.8917969506795,0.0,-2.7999999999999545,-101.56212000000002
29192400.0,685,iso13790,native,True,19.899999999999995,1733.0524446118263,0.0,-2.7999999999999545,-101.56212000000002
29196000.0,685,iso13790,native,True,19.899999999999988,1823.7341582275214,0.0,-2.7999999999999545,-101.56212000000002
29199600.0,685,iso13790,native,True,19.9,1891.2120678527579,0.0,-3.2999999999999545,-101.56212000000002
29203200.0,685,iso13790,native,True,19.9,1906.5406374594318,0.0,-2.7999999999999545,-101.56212000000002
29206800.0,685,iso13790,native,True,19.900000000000006,1913.5500319958485,0.0,-2.7999999999999545,-101.56212000000002
29210400.0,685,iso13790,native,True,19.899999999999988,1937.710282217427,0.0,-3.2999999999999545,-101.56212000000002
29214000.0,685,iso13790,native,True,19.899999999999995,1975.782219351816,0.0,-3.8999999999999773,-101.56212000000002
29217600.0,685,iso13790,native,True,19.899999999999995,1996.6038456458127,0.0,-3.8999999999999773,-101.56212000000002
29221200.0,685,iso13790,native,True,19.9,2007.3833259561275,0.0,-3.8999999999999773,-101.56212000000002
29224800.0,685,iso13790,native,True,19.9,2012.9639273039652,0.0,-3.8999999999999773,-101.56212000000002
29228400.0,685,iso13790,native,True,19.9,1991.2153041980587,0.0,-3.2999999999999545,-101.56212000000002
29232000.0,685,iso13790,native,True,19.89999999999998,1966.5573316230307,0.0,-3.2999999999999545,-42.22765800000001
29235600.0,685,iso13790,native,True,19.899999999999988,1884.784424926156,0.0,-2.7999999999999545,146.56381199999998
29239200.0,685,iso13790,native,True,19.90000000000001,1754.6449855022975,0.0,-2.1999999999999886,302.99102999999997
29242800.0,685,iso13790,native,True,19.90000000000001,1637.971198607099,0.0,-2.1999999999999886,416.26591199999996
29246400.0,685,iso13790,native,True,19.899999999999995,1435.811246660005,0.0,0.0,578.087172
29250000.0,685,iso13790,native,True,19.899999999999995,1191.5368000128772,0.0,1.1000000000000227,890.9416080000001
29253600.0,685,iso13790,native,True,19.9,623.6562947076787,0.0,3.3000000000000114,2337.621458831265
29257200.0,685,iso13790,native,True,19.899999999999995,413.68429680441204,0.0,1.7000000000000455,1124.9590502678172
29260800.0,685,iso13790,native,True,19.900000000000002,655.8731448236259,0.0,0.0,707.7351917062438
29264400.0,685,iso13790,native,True,19.90000000000001,1049.891757055999,0.0,-1.099999999999966,-37.64616330174399
29268000.0,685,iso13790,native,True,19.900000000000006,1432.1655000020273,0.0,-2.1999999999999886,-101.56212000000002
29271600.0,685,iso13790,native,True,19.9,1666.8516326389665,0.0,-2.7999999999999545,-101.56212000000002
29275200.0,685,iso13790,native,True,19.899999999999995,1764.823868659468,0.0,-2.1999999999999886,-101.56212000000002
29278800.0,685,iso13790,native,True,19.89999999999999,1839.0708572265357,0.0,-2.7999999999999545,-101.56212000000002
29282400.0,685,iso13790,native,True,19.9,1878.6205237387792,0.0,-2.7999999999999545,-101.56212000000002
29286000.0,685,iso13790,native,True,19.900000000000002,1899.0956223419635,0.0,-2.7999999999999545,-101.56212000000002
29289600.0,685,iso13790,native,True,19.90000000000001,1954.8648817556348,0.0,-3.8999999999999773,-101.56212000000002
29293200.0,685,iso13790,native,True,19.9,1985.7748150226232,0.0,-3.8999999999999773,-101.56212000000002
29296800.0,685,iso13790,native,True,19.899999999999995,1977.1393383559384,0.0,-3.2999999999999545,-101.56212000000002
29300400.0,685,iso13790,native,True,19.89999999999999,1951.02569868518,0.0,-2.7999999999999545,-101.56212000000002
29304000.0,685,iso13790,native,True,19.89999999999998,1936.580213923772,0.0,-2.7999999999999545,-101.56212000000002
29307600.0,685,iso13790,native,True,19.899999999999995,1904.4639664133613,0.0,-2.1999999999999886,-101.56212000000002
29311200.0,685,iso13790,native,True,19.900000000000002,1886.7256362139847,0.0,-2.1999999999999886,-101.56212000000002
29314800.0,685,iso13790,native,True,19.900000000000013,1877.542396709915,0.0,-2.1999999999999886,-101.56212000000002
29318400.0,685,iso13790,native,True,19.899999999999995,1837.7357062366798,0.0,-1.6999999999999886,-31.43957400000002
29322000.0,685,iso13790,native,True,19.9,1769.3707701036103,0.0,-1.6999999999999886,141.16977
29325600.0,685,iso13790,native,True,19.899999999999995,1673.178148333674,0.0,-1.6999999999999886,302.99102999999997
29329200.0,685,iso13790,native,True,19.899999999999995,1554.23154965898,0.0,-1.6999999999999886,513.3586680000001
29332800.0,685,iso13790,native,True,19.900000000000002,1422.46820099934,0.0,-1.099999999999966,572.69313
29336400.0,685,iso13790,native,True,19.90000000000001,1298.6556720193594,0.0,-0.5999999999999659,691.3620540000001
29340000.0,685,iso13790,native,True,19.900000000000002,1256.62375887554,0.0,-1.099999999999966,588.875256
29343600.0,685,iso13790,native,True,19.89999999999999,1307.8432035636579,0.0,-1.099999999999966,319.173156
29347200.0,685,iso13790,native,True,19.900000000000002,1410.5099143532932,0.0,-1.099999999999966,157.35189599999995
29350800.0,685,iso13790,native,True,19.900000000000002,1538.393198250448,0.0,-1.099999999999966,-79.98595200000001
29354400.0,685,iso13790,native,True,19.900000000000002,1626.0589321776565,0.0,-0.5999999999999659,-101.56212000000002
29358000.0,685,iso13790,native,True,19.900000000000006,1719.0980900939905,0.0,-1.6999999999999886,-101.56212000000002
29361600.0,685,iso13790,native,True,19.90000000000001,1789.8343172469106,0.0,-2.1999999999999886,-101.56212000000002
29365200.0,685,iso13790,native,True,19.900000000000002,1872.5503606595692,0.0,-3.2999999999999545,-101.56212000000002
29368800.0,685,iso13790,native,True,19.899999999999988,1917.4108049693584,0.0,-3.2999999999999545,-101.56212000000002
29372400.0,685,iso13790,native,True,19.900000000000006,1985.8045035211223,0.0,-4.399999999999977,-101.56212000000002
29376000.0,685,iso13790,native,True,19.900000000000013,2047.8879181013322,0.0,-5.0,-101.56212000000002
29379600.0,685,iso13790,native,True,19.899999999999984,2056.502695942117,0.0,-4.399999999999977,-101.56212000000002
29383200.0,685,iso13790,native,True,19.900000000000002,2109.126528392476,0.0,-5.599999999999966,-101.56212000000002
29386800.0,685,iso13790,native,True,19.900000000000002,1998.979490197673,0.0,-2.1999999999999886,-101.56212000000002
29390400.0,685,iso13790,native,True,19.900000000000002,1935.6568874652755,0.0,-2.1999999999999886,-101.56212000000002
29394000.0,685,iso13790,native,True,19.900000000000013,1902.8743977733684,0.0,-2.1999999999999886,-101.56212000000002
29397600.0,685,iso13790,native,True,19.899999999999995,1750.3951713571594,0.0,1.1000000000000227,-101.56212000000002
29401200.0,685,iso13790,native,True,19.899999999999995,1620.1730228553147,0.0,2.2000000000000455,-101.56212000000002
29404800.0,685,iso13790,native,True,19.90000000000001,1504.3492528966224,0.0,2.8000000000000114,3.379551488956551
29408400.0,685,iso13790,native,True,19.900000000000006,1340.7135301063006,0.0,3.3000000000000114,319.3854635093577
29412000.0,685,iso13790,native,True,19.900000000000002,1083.264104633802,0.0,4.400000000000034,689.6665129757986
29415600.0,685,iso13790,native,True,19.9,891.0967851447948,0.0,5.600000000000023,443.5271227842384
29419200.0,685,iso13790,native,True,19.899999999999995,563.2727145675593,0.0,10.0,850.8698684126963
29422800.0,685,iso13790,native,True,19.900000000000002,481.0953521932243,0.0,3.900000000000034,1287.3759840359098
29426400.0,685,iso13790,native,True,19.9,159.81841662033997,0.0,2.8000000000000114,2572.823484004347
29430000.0,685,iso13790,native,True,20.1,0.0,81.01754646264543,1.7000000000000455,2420.685956555506
29433600.0,685,iso13790,native,True,20.100000000000005,0.0,40.19278058764864,1.7000000000000455,1547.3930127033022
29437200.0,685,iso13790,native,True,19.9,441.331830783691,0.0,0.0,86.49628734035102
29440800.0,685,iso13790,native,True,19.899999999999995,980.4694631787336,0.0,0.6000000000000227,-101.56212000000002
29444400.0,685,iso13790,native,True,19.900000000000002,1288.2048054552722,0.0,0.6000000000000227,-101.56212000000002
29448000.0,685,iso13790,native,True,19.900000000000013,1496.7966979266068,0.0,-0.5999999999999659,-101.56212000000002
29451600.0,685,iso13790,native,True,19.899999999999995,1607.009080715839,0.0,-0.5999999999999659,-101.56212000000002
29455200.0,685,iso13790,native,True,19.900000000000006,1709.2358681979874,0.0,-1.6999999999999886,-101.56212000000002
29458800.0,685,iso13790,native,True,19.900000000000002,1784.7285860593993,0.0,-2.1999999999999886,-101.56212000000002
29462400.0,685,iso13790,native,True,19.899999999999995,1824.737914565856,0.0,-2.1999999999999886,-101.56212000000002
29466000.0,685,iso13790,native,True,19.9,1890.620161488107,0.0,-3.2999999999999545,-101.56212000000002
29469600.0,685,iso13790,native,True,19.900000000000006,1951.403382557574,0.0,-3.8999999999999773,-101.56212000000002
29473200.0,685,iso13790,native,True,19.9,1983.982776210535,0.0,-3.8999999999999773,-101.56212000000002
29476800.0,685,iso13790,native,True,19.90000000000001,2000.8493229175717,0.0,-3.8999999999999773,-101.56212000000002
29480400.0,685,iso13790,native,True,19.900000000000016,2030.11267969955,0.0,-4.399999999999977,-101.56212000000002
29484000.0,685,iso13790,native,True,19.900000000000002,2046.1887918242528,0.0,-4.399999999999977,-101.56212000000002
29487600.0,685,iso13790,native,True,19.900000000000016,2054.5114911018177,0.0,-4.399999999999977,-101.56212000000002
29491200.0,685,iso13790,native,True,19.900000000000006,2045.4161766397883,0.0,-4.399999999999977,-36.83361600000002
29494800.0,685,iso13790,native,True,19.899999999999988,1973.9840637108402,0.0,-4.399999999999977,235.9576146698977
29498400.0,685,iso13790,native,True,19.900000000000002,1805.7822424255046,0.0,-3.2999999999999545,443.23612199999997
29502000.0,685,iso13790,native,True,19.899999999999984,1591.362924688075,0.0,-2.7999999999999545,790.9270853359485
29505600.0,685,iso13790,native,True,19.900000000000006,1336.3967831428488,0.0,-2.7999999999999545,1216.189118498492
29509200.0,685,iso13790,native,True,19.900000000000002,1251.4317326836617,0.0,-2.7999999999999545,664.391844
29512800.0,685,iso13790,native,True,19.9,1143.0491320011156,0.0,-2.1999999999999886,1277.6665562733615
29516400.0,685,iso13790,native,True,19.90000000000001,984.8356992654954,0.0,-2.7999999999999545,1416.116219630123
29520000.0,685,iso13790,native,True,19.9,997.7995361178322,0.0,-2.7999999999999545,857.6418456395843
29523600.0,685,iso13790,native,True,19.899999999999995,1177.666459270633,0.0,-3.2999999999999545,546.9951170540434
29527200.0,685,iso13790,native,True,19.899999999999995,1479.7657747195062,0.0,-3.8999999999999773,-101.56212000000002
29530800.0,685,iso13790,native,True,19.9,1760.3446141066406,0.0,-4.399999999999977,-101.56212000000002
29534400.0,685,iso13790,native,True,19.900000000000002,1931.1659865675879,0.0,-5.0,-101.56212000000002
29538000.0,685,iso13790,native,True,19.900000000000002,2065.881967067306,0.0,-6.099999999999966,-101.56212000000002
29541600.0,685,iso13790,native,True,19.900000000000006,2162.3008231878966,0.0,-6.699999999999989,-101.56212000000002
29545200.0,685,iso13790,native,True,19.899999999999995,2233.860442775653,0.0,-7.199999999999989,-101.56212000000002
29548800.0,685,iso13790,native,True,19.9,2317.002761370365,0.0,-8.299999999999955,-101.56212000000002
29552400.0,685,iso13790,native,True,19.899999999999995,2386.721624647642,0.0,-8.899999999999977,-101.56212000000002
29556000.0,685,iso13790,native,True,19.900000000000013,2399.289319889236,0.0,-8.299999999999955,-101.56212000000002
29559600.0,685,iso13790,native,True,19.900000000000013,2429.321867531335,0.0,-8.899999999999977,-101.56212000000002
29563200.0,685,iso13790,native,True,19.900000000000002,2445.981453861906,0.0,-8.899999999999977,-101.56212000000002
29566800.0,685,iso13790,native,True,19.899999999999995,2475.1376660207115,0.0,-9.399999999999977,-101.56212000000002
29570400.0,685,iso13790,native,True,19.900000000000023,2491.1583087339823,0.0,-9.399999999999977,-101.56212000000002
29574000.0,685,iso13790,native,True,19.900000000000013,2499.4522911658887,0.0,-9.399999999999977,-101.56212000000002
29577600.0,685,iso13790,native,True,19.899999999999995,2436.9936288821286,0.0,-8.299999999999955,2.6645185823199995
29581200.0,685,iso13790,native,True,19.9,2223.197372250919,0.0,-5.599999999999966,254.136956224349
29584800.0,685,iso13790,native,True,19.899999999999984,1961.4120512759407,0.0,-3.2999999999999545,311.5887221118112
29588400.0,685,iso13790,native,True,19.900000000000002,1627.8179848234333,0.0,-0.5999999999999659,668.2241300630532
29592000.0,685,iso13790,native,True,19.900000000000002,1273.0984248443115,0.0,2.2000000000000455,695.5255054398164
29595600.0,685,iso13790,native,True,19.899999999999995,835.4581784562021,0.0,4.400000000000034,1439.9589942405496
29599200.0,685,iso13790,native,True,19.900000000000002,256.8202049619172,0.0,3.900000000000034,2651.2230486378703
29602800.0,685,iso13790,native,True,20.100000000000005,0.0,189.3119614292285,3.3000000000000114,2799.1824698080136
29606400.0,685,iso13790,native,True,20.100000000000016,0.0,427.882811882677,1.7000000000000455,2845.5376282194516
29610000.0,685,iso13790,native,True,20.084656928067698,0.0,0.0,0.6000000000000227,361.3649721874343
29613600.0,685,iso13790,native,True,19.899999999999995,763.617539343817,0.0,-1.6999999999999886,-101.56212000000002
29617200.0,685,iso13790,native,True,19.9,1295.176328563787,0.0,-2.1999999999999886,-101.56212000000002
29620800.0,685,iso13790,native,True,19.9,1571.2937865216675,0.0,-2.1999999999999886,-101.56212000000002
29624400.0,685,iso13790,native,True,19.899999999999995,1714.241443893138,0.0,-2.1999999999999886,-101.56212000000002
29628000.0,685,iso13790,native,True,19.9,1903.2223908888127,0.0,-5.0,-101.56212000000002
29631600.0,685,iso13790,native,True,19.900000000000002,2030.8839558639454,0.0,-5.599999999999966,-101.56212000000002
29635200.0,685,iso13790,native,True,19.900000000000013,2143.2558462133034,0.0,-6.699999999999989,-101.56212000000002
29638800.0,685,iso13790,native,True,19.900000000000002,2248.638478190188,0.0,-7.7999999999999545,-101.56212000000002
29642400.0,685,iso13790,native,True,19.900000000000002,2350.4027293573386,0.0,-8.899999999999977,-101.56212000000002
29646000.0,685,iso13790,native,True,19.900000000000013,2405.1245446060348,0.0,-8.899999999999977,-101.56212000000002
29649600.0,685,iso13790,native,True,19.900000000000013,2433.4543552408563,0.0,-8.899999999999977,-101.56212000000002
29653200.0,685,iso13790,native,True,19.90000000000001,2468.6523122340145,0.0,-9.399999999999977,-101.56212000000002
29656800.0,685,iso13790,native,True,19.899999999999995,2537.0762698571307,0.0,-10.599999999999966,-101.56212000000002
29660400.0,685,iso13790,native,True,19.90000000000001,2525.4474079640113,0.0,-9.399999999999977,-101.56212000000002
29664000.0,685,iso13790,native,True,19.899999999999995,2409.3431945331786,0.0,-7.199999999999989,-16.945790124485722
29667600.0,685,iso13790,native,True,19.899999999999988,2209.9265226565003,0.0,-5.0,135.25030370984535
29671200.0,685,iso13790,native,True,19.90000000000001,1921.7038387441555,0.0,-1.6999999999999886,238.29205098780687
29674800.0,685,iso13790,native,True,19.899999999999995,1598.3495773290758,0.0,1.7000000000000455,296.8263118470004
29678400.0,685,iso13790,native,True,19.900000000000006,1279.3583044510988,0.0,3.900000000000034,517.5004688422019
29682000.0,685,iso13790,native,True,19.899999999999995,827.6338900073807,0.0,3.3000000000000114,1832.224753441264
29685600.0,685,iso13790,native,True,19.899999999999995,123.6307553465843,0.0,3.3000000000000114,3104.1717605683025
29689200.0,685,iso13790,native,True,20.100000000000012,0.0,540.7082598830433,2.2000000000000455,4040.788349248591
29692800.0,685,iso13790,native,True,20.099999999999994,0.0,1035.0804334280576,1.1000000000000227,4080.1032657266996
29696400.0,685,iso13790,native,True,20.099999999999984,0.0,599.3387169883127,-1.6999999999999886,1274.9995868903604
29700000.0,685,iso13790,native,True,19.900000000000002,375.6738039885687,0.0,-3.2999999999999545,-101.56212000000002
29703600.0,685,iso13790,native,True,19.900000000000016,1212.2757823121226,0.0,-5.0,-101.56212000000002
29707200.0,685,iso13790,native,True,19.9,1623.9013017178502,0.0,-4.399999999999977,-101.56212000000002
29710800.0,685,iso13790,native,True,19.9,1860.5284687002554,0.0,-5.0,-101.56212000000002
29714400.0,685,iso13790,native,True,19.900000000000002,2008.7810573149352,0.0,-5.599999999999966,-101.56212000000002
29718000.0,685,iso13790,native,True,19.899999999999988,2086.6438650440155,0.0,-5.599999999999966,-101.56212000000002
29721600.0,685,iso13790,native,True,19.900000000000002,2147.485350518065,0.0,-6.099999999999966,-101.56212000000002
29725200.0,685,iso13790,native,True,19.899999999999995,2159.3782036990087,0.0,-5.599999999999966,-101.56212000000002
29728800.0,685,iso13790,native,True,19.899999999999995,2209.778085877456,0.0,-6.699999999999989,-101.56212000000002
29732400.0,685,iso13790,native,True,19.89999999999998,2213.2705267164297,0.0,-6.099999999999966,-101.56212000000002
29736000.0,685,iso13790,native,True,19.899999999999995,2193.435582384428,0.0,-5.599999999999966,-101.56212000000002
29739600.0,685,iso13790,native,True,19.899999999999995,2182.240615705659,0.0,-5.599999999999966,-101.56212000000002
29743200.0,685,iso13790,native,True,19.899999999999984,2151.8071808235786,0.0,-5.0,-101.56212000000002
29746800.0,685,iso13790,native,True,19.900000000000002,2159.5777865335594,0.0,-5.599999999999966,-101.56212000000002
29750400.0,685,iso13790,native,True,19.899999999999995,2121.9567327720456,0.0,-5.0,-14.070800199168772
29754000.0,685,iso13790,native,True,19.900000000000027,1967.7735213393207,0.0,-3.8999999999999773,346.143366
29757600.0,685,iso13790,native,True,19.89999999999999,1761.8802460262752,0.0,-3.2999999999999545,551.116962
29761200.0,685,iso13790,native,True,19.900000000000006,1482.24771898345,0.0,-1.099999999999966,788.6282420784083
29764800.0,685,iso13790,native,True,19.9,1140.3704240934926,0.0,-1.099999999999966,1539.4634809577406
29768400.0,685,iso13790,native,True,19.9,823.0688045982747,0.0,2.2000000000000455,989.41106490119
29772000.0,685,iso13790,native,True,19.899999999999995,227.13854602451374,0.0,7.2000000000000455,2472.8753453582017
29775600.0,685,iso13790,native,True,19.899999999999995,6.830438343999276,0.0,8.300000000000011,651.4739106258456
29779200.0,685,iso13790,native,True,19.899999999999995,60.23695860998052,0.0,7.2000000000000455,1441.6702949394012
29782800.0,685,iso13790,native,True,19.900000000000002,323.39943160823066,0.0,4.400000000000034,266.1379607096617
29786400.0,685,iso13790,native,True,19.900000000000002,747.3547651604272,0.0,3.900000000000034,-101.56212000000002
29790000.0,685,iso13790,native,True,19.900000000000002,1116.2371916293089,0.0,1.7000000000000455,-101.56212000000002
29793600.0,685,iso13790,native,True,19.9,1311.2855363922586,0.0,1.7000000000000455,-101.56212000000002
29797200.0,685,iso13790,native,True,19.900000000000002,1527.2393204737784,0.0,-1.099999999999966,-101.56212000000002
29800800.0,685,iso13790,native,True,19.89999999999999,1714.0340628892707,0.0,-2.7999999999999545,-101.56212000000002
29804400.0,685,iso13790,native,True,19.900000000000013,1879.5888517618826,0.0,-4.399999999999977,-101.56212000000002
29808000.0,685,iso13790,native,True,19.90000000000001,2017.5371744661286,0.0,-5.599999999999966,-101.56212000000002
29811600.0,685,iso13790,native,True,19.900000000000002,2111.7084039973106,0.0,-6.099999999999966,-101.56212000000002
29815200.0,685,iso13790,native,True,19.9,2186.0254433306213,0.0,-6.699999999999989,-101.56212000000002
29818800.0,685,iso13790,native,True,19.900000000000006,2200.97364178361,0.0,-6.099999999999966,-101.56212000000002
29822400.0,685,iso13790,native,True,19.900000000000006,2277.4077687170484,0.0,-7.7999999999999545,-101.56212000000002
29826000.0,685,iso13790,native,True,19.9,2320.127584357478,0.0,-7.7999999999999545,-101.56212000000002
29829600.0,685,iso13790,native,True,19.900000000000002,2297.0747095423317,0.0,-6.699999999999989,-101.56212000000002
29833200.0,685,iso13790,native,True,19.899999999999995,2283.1022440132006,0.0,-6.699999999999989,-101.56212000000002
29836800.0,685,iso13790,native,True,19.900000000000002,2191.1076852252418,0.0,-5.0,-29.34865089492081
29840400.0,685,iso13790,native,True,19.899999999999988,1907.1634253714951,0.0,-0.5999999999999659,169.00402720451874
29844000.0,685,iso13790,native,True,19.900000000000002,1493.006404293329,0.0,3.3000000000000114,494.96887999532623
29847600.0,685,iso13790,native,True,19.900000000000002,1069.4964979041447,0.0,7.2000000000000455,447.6093271251722
29851200.0,685,iso13790,native,True,19.900000000000006,759.423295591769,0.0,8.300000000000011,669.3241348135086
29854800.0,685,iso13790,native,True,19.900000000000002,350.80972931256855,0.0,8.300000000000011,1688.2298872293181
29858400.0,685,iso13790,native,True,20.1,0.0,53.75247151530315,8.900000000000034,1964.945195572401
29862000.0,685,iso13790,native,True,20.099999999999998,0.0,520.4826902389262,8.300000000000011,2909.6843750075705
29865600.0,685,iso13790,native,True,20.1,0.0,767.9906526396077,6.7000000000000455,2539.4296981483662
29869200.0,685,iso13790,native,True,20.100000000000005,0.0,149.08006821444758,2.2000000000000455,121.23103863285311
29872800.0,685,iso13790,native,True,19.9,603.2849347734957,0.0,1.1000000000000227,-101.56212000000002
29876400.0,685,iso13790,native,True,19.899999999999995,1116.6455582346737,0.0,0.0,-101.56212000000002
29880000.0,685,iso13790,native,True,19.900000000000002,1454.260186407745,0.0,-1.6999999999999886,-101.56212000000002
29883600.0,685,iso13790,native,True,19.900000000000002,1652.7261525002386,0.0,-2.1999999999999886,-101.56212000000002
29887200.0,685,iso13790,native,True,19.899999999999988,1781.0371999555832,0.0,-2.7999999999999545,-101.56212000000002
29890800.0,685,iso13790,native,True,19.900000000000002,1869.1075975052454,0.0,-3.2999999999999545,-101.56212000000002
29894400.0,685,iso13790,native,True,19.899999999999995,1940.2661996784173,0.0,-3.8999999999999773,-101.56212000000002
29898000.0,685,iso13790,native,True,19.9,1998.7484349055612,0.0,-4.399999999999977,-101.56212000000002
29901600.0,685,iso13790,native,True,19.900000000000013,2009.4198901407158,0.0,-3.8999999999999773,-101.56212000000002
29905200.0,685,iso13790,native,True,19.899999999999995,2014.018268747733,0.0,-3.8999999999999773,-101.56212000000002
29908800.0,685,iso13790,native,True,19.90000000000001,2016.3988768209908,0.0,-3.8999999999999773,-101.56212000000002
29912400.0,685,iso13790,native,True,19.900000000000006,2017.6313318410657,0.0,-3.8999999999999773,-101.56212000000002
29916000.0,685,iso13790,native,True,19.900000000000002,2088.0762934852814,0.0,-5.599999999999966,-101.56212000000002
29919600.0,685,iso13790,native,True,19.89999999999998,2148.226927278706,0.0,-6.099999999999966,-101.56212000000002
29923200.0,685,iso13790,native,True,19.9,2117.7967021038858,0.0,-5.0,-17.886121277001173
29926800.0,685,iso13790,native,True,19.89999999999999,1886.0060533220048,0.0,-1.099999999999966,178.29050908063616
29930400.0,685,iso13790,native,True,19.900000000000006,1572.9937576380653,0.0,2.2000000000000455,271.31999954760875
29934000.0,685,iso13790,native,True,19.900000000000002,1302.2564312823624,0.0,3.900000000000034,358.53481410285144
29937600.0,685,iso13790,native,True,19.900000000000002,1020.2446091086956,0.0,6.100000000000023,525.4891131432518
29941200.0,685,iso13790,native,True,19.899999999999995,583.4914473858325,0.0,6.7000000000000455,1663.426776686245
29944800.0,685,iso13790,native,True,19.92399291398959,0.0,0.0,6.7000000000000455,2544.0543140596324
29948400.0,685,iso13790,native,True,20.099999999999998,0.0,314.7752316691482,6.7000000000000455,2121.565564492039
29952000.0,685,iso13790,native,True,20.099999999999998,0.0,200.89196851338883,3.900000000000034,1486.4080343974683
29955600.0,685,iso13790,native,True,19.900000000000002,287.06329098146824,0.0,1.7000000000000455,119.49184430561618
29959200.0,685,iso13790,native,True,19.900000000000006,941.5131608268066,0.0,-0.5999999999999659,-101.56212000000002
29962800.0,685,iso13790,native,True,19.900000000000016,1340.0669213744811,0.0,-1.099999999999966,-101.56212000000002
29966400.0,685,iso13790,native,True,19.9,1592.496060042502,0.0,-2.1999999999999886,-101.56212000000002
29970000.0,685,iso13790,native,True,19.89999999999998,1770.3871661054495,0.0,-3.2999999999999545,-101.56212000000002
29973600.0,685,iso13790,native,True,19.899999999999988,1798.8196855188492,0.0,-1.6999999999999886,-101.56212000000002
29977200.0,685,iso13790,native,True,19.899999999999995,1810.5752186155457,0.0,-1.6999999999999886,-101.56212000000002
29980800.0,685,iso13790,native,True,19.899999999999995,1882.3617516796974,0.0,-3.2999999999999545,-101.56212000000002
29984400.0,685,iso13790,native,True,19.899999999999995,1967.659399267665,0.0,-4.399999999999977,-101.56212000000002
29988000.0,685,iso13790,native,True,19.90000000000001,2013.8563554802174,0.0,-4.399999999999977,-101.56212000000002
29991600.0,685,iso13790,native,True,19.899999999999995,2062.4105294281917,0.0,-5.0,-101.56212000000002
29995200.0,685,iso13790,native,True,19.899999999999984,2113.296606095572,0.0,-5.599999999999966,-101.56212000000002
29998800.0,685,iso13790,native,True,19.900000000000016,2185.9213675299015,0.0,-6.699999999999989,-101.56212000000002
30002400.0,685,iso13790,native,True,19.90000000000001,2225.557494879263,0.0,-6.699999999999989,-101.56212000000002
30006000.0,685,iso13790,native,True,19.899999999999974,2200.9081762154187,0.0,-5.599999999999966,-101.56212000000002
30009600.0,685,iso13790,native,True,19.900000000000013,2143.7383371591045,0.0,-5.0,-15.928118209677223
30013200.0,685,iso13790,native,True,19.9,1903.9918068325906,0.0,-1.6999999999999886,273.7728788148276
30016800.0,685,iso13790,native,True,19.900000000000006,1527.764565521964,0.0,2.2000000000000455,467.16764055730425
30020400.0,685,iso13790,native,True,19.89999999999999,1136.5133126912808,0.0,6.100000000000023,460.0687947198305
30024000.0,685,iso13790,native,True,19.89999999999999,847.3701842506101,0.0,6.100000000000023,848.7444079073889
30027600.0,685,iso13790,native,True,19.89999999999999,428.48780425342017,0.0,6.7000000000000455,1732.958597957328
30031200.0,685,iso13790,native,True,20.100000000000005,0.0,54.33723614869905,6.7000000000000455,2578.377689351852
30034800.0,685,iso13790,native,True,20.1,0.0,487.27878229000754,5.600000000000023,2834.6164937449244
30038400.0,685,iso13790,native,True,20.09999999999999,0.0,722.2539615218267,4.400000000000034,2939.1196815075023
30042000.0,685,iso13790,native,True,20.10000000000001,0.0,239.80400433347788,1.1000000000000227,607.2301993384
30045600.0,685,iso13790,native,True,19.9,526.6869384468658,0.0,0.0,-101.56212000000002
30049200.0,685,iso13790,native,True,19.9,1103.6659062689553,0.0,-0.5999999999999659,-101.56212000000002
30052800.0,685,iso13790,native,True,19.89999999999999,1493.8212786269953,0.0,-2.7999999999999545,-101.56212000000002
30056400.0,685,iso13790,native,True,19.90000000000001,1720.4141993501262,0.0,-3.2999999999999545,-101.56212000000002
30060000.0,685,iso13790,native,True,19.899999999999995,1863.286739234013,0.0,-3.8999999999999773,-101.56212000000002
30063600.0,685,iso13790,native,True,19.900000000000002,1938.3642635974668,0.0,-3.8999999999999773,-101.56212000000002
30067200.0,685,iso13790,native,True,19.9,1977.2323464357564,0.0,-3.8999999999999773,-101.56212000000002
30070800.0,685,iso13790,native,True,19.899999999999995,1952.1854065406253,0.0,-2.7999999999999545,-101.56212000000002
30074400.0,685,iso13790,native,True,19.899999999999988,1957.7120464075356,0.0,-3.2999999999999545,-101.56212000000002
30078000.0,685,iso13790,native,True,19.900000000000016,2031.306430712381,0.0,-5.0,-101.56212000000002
30081600.0,685,iso13790,native,True,19.900000000000002,2097.1938283901713,0.0,-5.599999999999966,-101.56212000000002
30085200.0,685,iso13790,native,True,19.900000000000002,2177.5848633219216,0.0,-6.699999999999989,-101.56212000000002
30088800.0,685,iso13790,native,True,19.900000000000002,2266.410815411585,0.0,-7.7999999999999545,-101.56212000000002
30092400.0,685,iso13790,native,True,19.899999999999995,2244.6274836227212,0.0,-6.099999999999966,-101.56212000000002
30096000.0,685,iso13790,native,True,19.9,2235.1507222556866,0.0,-6.699999999999989,-6.489425500146808
30099600.0,685,iso13790,native,True,19.899999999999995,2033.9719758132587,0.0,-3.8999999999999773,318.87642726496864
30103200.0,685,iso13790,native,True,19.900000000000002,1680.618644261518,0.0,0.0,475.47649794450854
30106800.0,685,iso13790,native,True,19.9,1376.1811252600612,0.0,1.7000000000000455,570.6751577144344
30110400.0,685,iso13790,native,True,19.89999999999999,1084.5046300271051,0.0,3.3000000000000114,812.9303611051666
30114000.0,685,iso13790,native,True,19.899999999999995,641.1978145418315,0.0,5.0,1688.1079998116563
30117600.0,685,iso13790,native,True,19.900000000000002,7.610241196213959,0.0,5.600000000000023,2837.0890384666695
30121200.0,685,iso13790,native,True,20.099999999999994,0.0,560.746644591241,6.100000000000023,3257.4877478793055
30124800.0,685,iso13790,native,True,20.099999999999998,0.0,813.283830533054,5.600000000000023,2629.7582010038104
30128400.0,685,iso13790,native,True,20.1,0.0,274.5903934042612,3.900000000000034,217.8684149254708
30132000.0,685,iso13790,native,True,19.9,450.0727492168576,0.0,2.8000000000000114,-101.56212000000002
30135600.0,685,iso13790,native,True,19.899999999999988,964.3703706932855,0.0,1.7000000000000455,-101.56212000000002
30139200.0,685,iso13790,native,True,19.899999999999988,1257.3009097771373,0.0,1.1000000000000227,-101.56212000000002
30142800.0,685,iso13790,native,True,19.89999999999999,1430.595801496834,0.0,0.6000000000000227,-101.56212000000002
30146400.0,685,iso13790,native,True,19.900000000000002,1570.5133671494439,0.0,-0.5999999999999659,-101.56212000000002
30150000.0,685,iso13790,native,True,19.899999999999984,1780.6801763953838,0.0,-3.8999999999999773,-101.56212000000002
30153600.0,685,iso13790,native,True,19.90000000000001,1916.1297973653825,0.0,-4.399999999999977,-101.56212000000002
30157200.0,685,iso13790,native,True,19.90000000000001,2011.8169065228897,0.0,-5.0,-101.56212000000002
30160800.0,685,iso13790,native,True,19.89999999999999,2062.466251537281,0.0,-5.0,-101.56212000000002
30164400.0,685,iso13790,native,True,19.900000000000002,2064.049986245542,0.0,-4.399999999999977,-101.56212000000002
30168000.0,685,iso13790,native,True,19.900000000000016,2043.2268933480143,0.0,-3.8999999999999773,-101.56212000000002
30171600.0,685,iso13790,native,True,19.900000000000002,2076.6895348130397,0.0,-5.0,-101.56212000000002
30175200.0,685,iso13790,native,True,19.9,2165.8581110377704,0.0,-6.699999999999989,-101.56212000000002
30178800.0,685,iso13790,native,True,19.899999999999988,2215.1706271454927,0.0,-6.699999999999989,-101.56212000000002
30182400.0,685,iso13790,native,True,19.900000000000016,2155.660541639252,0.0,-5.0,-28.003572819127108
30186000.0,685,iso13790,native,True,19.900000000000016,1861.589368041151,0.0,0.0,180.46075780697555
30189600.0,685,iso13790,native,True,19.900000000000006,1472.1414207225944,0.0,3.900000000000034,348.6994311028555
30193200.0,685,iso13790,native,True,19.9,1003.7703127156514,0.0,8.300000000000011,601.021937006779
30196800.0,685,iso13790,native,True,19.899999999999995,600.8350913770702,0.0,10.600000000000023,687.791599677002
30200400.0,685,iso13790,native,True,19.899999999999995,174.7536467143875,0.0,11.700000000000045,1433.0613471275935
30204000.0,685,iso13790,native,True,20.1,0.0,176.3376996427551,10.0,2063.043230217862
30207600.0,685,iso13790,native,True,20.1,0.0,567.1718425412693,9.400000000000034,2525.8228025747003
30211200.0,685,iso13790,native,True,20.100000000000005,0.0,488.48198739494234,9.400000000000034,820.7817153963384
30214800.0,685,iso13790,native,True,19.946801403017684,0.0,0.0,7.800000000000011,92.65040061651325
30218400.0,685,iso13790,native,True,19.9,431.21934264470036,0.0,7.800000000000011,-101.56212000000002
30222000.0,685,iso13790,native,True,19.899999999999995,649.694069236338,0.0,8.900000000000034,-101.56212000000002
30225600.0,685,iso13790,native,True,19.899999999999995,760.7618857197933,0.0,8.900000000000034,-101.56212000000002
30229200.0,685,iso13790,native,True,19.900000000000002,842.9000915358807,0.0,8.300000000000011,-101.56212000000002
30232800.0,685,iso13790,native,True,19.900000000000002,931.7042669149688,0.0,7.2000000000000455,-101.56212000000002
30236400.0,685,iso13790,native,True,19.9,1045.4171968695703,0.0,5.600000000000023,-101.56212000000002
30240000.0,685,iso13790,native,True,19.900000000000006,1201.695858093679,0.0,3.3000000000000114,-101.56212000000002
30243600.0,685,iso13790,native,True,19.899999999999988,1352.5638464627327,0.0,1.7000000000000455,-101.56212000000002
30247200.0,685,iso13790,native,True,19.90000000000001,1548.6093481731073,0.0,-1.099999999999966,-101.56212000000002
30250800.0,685,iso13790,native,True,19.900000000000016,1634.7590967652632,0.0,-0.5999999999999659,-101.56212000000002
30254400.0,685,iso13790,native,True,19.900000000000006,1678.4330387125237,0.0,-0.5999999999999659,-101.56212000000002
30258000.0,685,iso13790,native,True,19.90000000000001,1701.0432993447635,0.0,-0.5999999999999659,-101.56212000000002
30261600.0,685,iso13790,native,True,19.899999999999995,1757.9179448952566,0.0,-1.6999999999999886,-101.56212000000002
30265200.0,685,iso13790,native,True,19.9,1694.9554970906643,0.0,0.6000000000000227,-101.56212000000002
30268800.0,685,iso13790,native,True,19.899999999999995,1643.197332889203,0.0,0.6000000000000227,-29.60390062159137
30272400.0,685,iso13790,native,True,19.899999999999984,1348.7105515076714,0.0,5.0,335.6542674254989
30276000.0,685,iso13790,native,True,19.899999999999988,915.1634361754799,0.0,9.400000000000034,502.32319046028175
30279600.0,685,iso13790,native,True,19.899999999999995,560.4681912696384,0.0,10.600000000000023,726.7187210539633
30283200.0,685,iso13790,native,True,19.9,267.5717622601406,0.0,12.200000000000045,755.0545357648622
30286800.0,685,iso13790,native,True,20.1,0.0,55.666929714384906,12.800000000000011,1670.310127773028
30290400.0,685,iso13790,native,True,20.1,0.0,511.8803514315527,12.200000000000045,2280.065631060022
30294000.0,685,iso13790,native,True,20.099999999999987,0.0,789.8457333712562,10.600000000000023,2338.9339995314535
30297600.0,685,iso13790,native,True,20.1,0.0,642.7104357387647,8.900000000000034,1239.96310838947
30301200.0,685,iso13790,native,True,20.1,0.0,73.89197687455818,6.100000000000023,270.4267306336314
30304800.0,685,iso13790,native,True,19.9,566.2280475232094,0.0,2.2000000000000455,-101.56212000000002
30308400.0,685,iso13790,native,True,19.89999999999999,1050.2539532560832,0.0,1.1000000000000227,-101.56212000000002
30312000.0,685,iso13790,native,True,19.899999999999995,1372.6818228303775,0.0,-0.5999999999999659,-101.56212000000002
30315600.0,685,iso13790,native,True,19.90000000000001,1563.285513278237,0.0,-1.099999999999966,-101.56212000000002
30319200.0,685,iso13790,native,True,19.899999999999995,1642.3570351082042,0.0,-0.5999999999999659,-101.56212000000002
30322800.0,685,iso13790,native,True,19.9,1727.5357153377963,0.0,-1.6999999999999886,-101.56212000000002
30326400.0,685,iso13790,native,True,19.899999999999995,1773.6710814382643,0.0,-1.6999999999999886,-101.56212000000002
30330000.0,685,iso13790,native,True,19.900000000000002,1797.5556360579278,0.0,-1.6999999999999886,-101.56212000000002
30333600.0,685,iso13790,native,True,19.90000000000001,1900.259169776576,0.0,-3.8999999999999773,-101.56212000000002
30337200.0,685,iso13790,native,True,19.89999999999999,1842.5290208669041,0.0,-1.099999999999966,-101.56212000000002
30340800.0,685,iso13790,native,True,19.89999999999999,1786.923067046983,0.0,-0.5999999999999659,-101.56212000000002
30344400.0,685,iso13790,native,True,19.900000000000016,1777.7406798778131,0.0,-1.099999999999966,-101.56212000000002
30348000.0,685,iso13790,native,True,19.900000000000013,1819.08237926236,0.0,-2.1999999999999886,-101.56212000000002
30351600.0,685,iso13790,native,True,19.899999999999995,1887.6922570781635,0.0,-3.2999999999999545,-101.56212000000002
30355200.0,685,iso13790,native,True,19.899999999999995,1730.1725707116584,0.0,1.1000000000000227,-32.0212673359326
30358800.0,685,iso13790,native,True,19.899999999999995,1426.1515785426143,0.0,5.0,176.50117687091955
30362400.0,685,iso13790,native,True,19.899999999999995,1043.7180356763404,0.0,9.400000000000034,196.64174550269712
30366000.0,685,iso13790,native,True,19.900000000000002,678.6971215991377,0.0,12.800000000000011,274.30859671987986
30369600.0,685,iso13790,native,True,19.900000000000002,298.86834371515323,0.0,16.100000000000023,451.8709652276197
30373200.0,685,iso13790,native,True,20.1,0.0,203.07502984745793,17.200000000000045,1784.4789554411652
30376800.0,685,iso13790,native,True,20.10000000000001,0.0,956.8683642152961,17.200000000000045,2942.4060996445746
30380400.0,685,iso13790,native,True,20.099999999999994,0.0,1715.8125959566498,17.80000000000001,3719.853328063892
30384000.0,685,iso13790,native,True,20.099999999999977,0.0,2105.127491891046,16.100000000000023,3440.665107694511
30387600.0,685,iso13790,native,True,20.100000000000037,0.0,1522.365143674886,10.600000000000023,972.1693349710832
30391200.0,685,iso13790,native,True,20.09999999999999,0.0,458.24301572225005,7.2000000000000455,-101.56212000000002
30394800.0,685,iso13790,native,True,19.9,239.2379808561933,0.0,6.7000000000000455,-101.56212000000002
30398400.0,685,iso13790,native,True,19.9,802.8256525232296,0.0,2.8000000000000114,-101.56212000000002
30402000.0,685,iso13790,native,True,19.900000000000002,1101.8234773443728,0.0,2.8000000000000114,-101.56212000000002
30405600.0,685,iso13790,native,True,19.9,1190.9158139583867,0.0,4.400000000000034,-101.56212000000002
30409200.0,685,iso13790,native,True,19.900000000000002,1299.775920129411,0.0,2.8000000000000114,-101.56212000000002
30412800.0,685,iso13790,native,True,19.9,1404.2667779736616,0.0,1.7000000000000455,-101.56212000000002
30416400.0,685,iso13790,native,True,19.9,1485.0379075458513,0.0,1.1000000000000227,-101.56212000000002
30420000.0,685,iso13790,native,True,19.9,1503.327427068992,0.0,1.7000000000000455,-101.56212000000002
30423600.0,685,iso13790,native,True,19.900000000000002,1421.3461064438209,0.0,3.900000000000034,-101.56212000000002
30427200.0,685,iso13790,native,True,19.9,1625.3118045326596,0.0,-2.1999999999999886,-101.56212000000002
30430800.0,685,iso13790,native,True,19.9,1401.3849108223892,0.0,6.100000000000023,-101.56212000000002
30434400.0,685,iso13790,native,True,19.899999999999995,1315.249260146582,0.0,5.0,-101.56212000000002
30438000.0,685,iso13790,native,True,19.899999999999988,1272.6941737917632,0.0,5.0,-101.56212000000002
30441600.0,685,iso13790,native,True,19.900000000000002,1257.3985721094716,0.0,4.400000000000034,-15.111230102809643
30445200.0,685,iso13790,native,True,19.900000000000002,1164.395841779278,0.0,5.600000000000023,97.17477460753389
30448800.0,685,iso13790,native,True,19.899999999999995,1007.4870970491362,0.0,6.7000000000000455,307.79751833949103
30452400.0,685,iso13790,native,True,19.900000000000006,771.4858875678157,0.0,8.300000000000011,567.2643412529628
30456000.0,685,iso13790,native,True,19.9,551.5581440109819,0.0,8.300000000000011,826.8854304646026
30459600.0,685,iso13790,native,True,19.9,167.6425193775236,0.0,8.900000000000034,1813.813411550256
30463200.0,685,iso13790,native,True,20.100000000000005,0.0,272.2248383755913,8.300000000000011,2579.763245484519
30466800.0,685,iso13790,native,True,20.10000000000001,0.0,583.6166214147953,7.800000000000011,2303.492991558677
30470400.0,685,iso13790,native,True,20.10000000000001,0.0,751.7598490263675,6.100000000000023,2889.474682703241
30474000.0,685,iso13790,native,True,20.100000000000005,0.0,372.2584503299494,4.400000000000034,541.4153982908433
30477600.0,685,iso13790,native,True,19.900000000000002,372.0679121631012,0.0,2.2000000000000455,-101.56212000000002
30481200.0,685,iso13790,native,True,19.900000000000002,879.9291790470065,0.0,2.8000000000000114,-101.56212000000002
30484800.0,685,iso13790,native,True,19.9,1186.9096121622485,0.0,1.7000000000000455,-101.56212000000002
30488400.0,685,iso13790,native,True,19.9,1302.7038921047515,0.0,2.8000000000000114,-101.56212000000002
30492000.0,685,iso13790,native,True,19.900000000000002,1360.6134279966561,0.0,2.8000000000000114,-101.56212000000002
30495600.0,685,iso13790,native,True,19.899999999999988,1415.231274409689,0.0,2.2000000000000455,-101.56212000000002
30499200.0,685,iso13790,native,True,19.899999999999988,1489.787995333047,0.0,1.1000000000000227,-101.56212000000002
30502800.0,685,iso13790,native,True,19.900000000000006,1600.2312219686994,0.0,-0.5999999999999659,-101.56212000000002
30506400.0,685,iso13790,native,True,19.89999999999998,1750.8961087959403,0.0,-2.7999999999999545,-101.56212000000002
30510000.0,685,iso13790,native,True,19.900000000000002,1923.3102868824528,0.0,-5.0,-101.56212000000002
30513600.0,685,iso13790,native,True,19.90000000000001,1992.0081120960633,0.0,-4.399999999999977,-101.56212000000002
30517200.0,685,iso13790,native,True,19.900000000000002,2026.4618295584269,0.0,-4.399999999999977,-101.56212000000002
30520800.0,685,iso13790,native,True,19.9,2023.7672800983685,0.0,-3.8999999999999773,-101.56212000000002
30524400.0,685,iso13790,native,True,19.89999999999999,1996.8082644735089,0.0,-3.2999999999999545,-101.56212000000002
30528000.0,685,iso13790,native,True,19.9,1946.6389392496587,0.0,-2.7999999999999545,-31.205596394362217
30531600.0,685,iso13790,native,True,19.899999999999995,1660.0811402972968,0.0,2.2000000000000455,177.5086284763189
30535200.0,685,iso13790,native,True,19.900000000000002,1258.6402326284172,0.0,6.7000000000000455,303.2780529369102
30538800.0,685,iso13790,native,True,19.9,870.0386878159339,0.0,10.0,385.5878276290543
30542400.0,685,iso13790,native,True,19.90000000000001,522.1054570455261,0.0,12.200000000000045,565.64685088891
30546000.0,685,iso13790,native,True,19.899999999999995,44.143208118868614,0.0,12.800000000000011,1727.7746791227946
30549600.0,685,iso13790,native,True,20.099999999999998,0.0,487.99420338463744,12.200000000000045,2570.421041467219
30553200.0,685,iso13790,native,True,20.10000000000001,0.0,1087.6225963077882,12.200000000000045,3297.675608243673
30556800.0,685,iso13790,native,True,20.099999999999987,0.0,1397.5894454172847,10.600000000000023,3057.4647821141343
30560400.0,685,iso13790,native,True,20.1,0.0,800.4770103120348,5.600000000000023,588.2437921274336
30564000.0,685,iso13790,native,True,19.9,95.5807210650136,0.0,3.3000000000000114,-101.56212000000002
30567600.0,685,iso13790,native,True,19.900000000000002,734.7522540891893,0.0,2.8000000000000114,-101.56212000000002
30571200.0,685,iso13790,native,True,19.899999999999995,1136.3883846571132,0.0,1.1000000000000227,-101.56212000000002
30574800.0,685,iso13790,native,True,19.89999999999999,1347.4672201721594,0.0,1.1000000000000227,-101.56212000000002
30578400.0,685,iso13790,native,True,19.899999999999995,1526.5509065152498,0.0,-0.5999999999999659,-101.56212000000002
30582000.0,685,iso13790,native,True,19.9,1688.113635597204,0.0,-2.1999999999999886,-101.56212000000002
30585600.0,685,iso13790,native,True,19.899999999999995,1659.7436867053793,0.0,0.6000000000000227,-101.56212000000002
30589200.0,685,iso13790,native,True,19.9,1709.6760409354904,0.0,-1.099999999999966,-101.56212000000002
30592800.0,685,iso13790,native,True,19.89999999999999,1763.313464298546,0.0,-1.6999999999999886,-101.56212000000002
30596400.0,685,iso13790,native,True,19.89999999999999,1792.1934357935042,0.0,-1.6999999999999886,-101.56212000000002
30600000.0,685,iso13790,native,True,19.9,1827.6762143503427,0.0,-2.1999999999999886,-101.56212000000002
30603600.0,685,iso13790,native,True,19.899999999999995,1846.9721582795873,0.0,-2.1999999999999886,-101.56212000000002
30607200.0,685,iso13790,native,True,19.900000000000002,1856.9617837160135,0.0,-2.1999999999999886,-101.56212000000002
30610800.0,685,iso13790,native,True,19.899999999999988,1886.7712062368246,0.0,-2.7999999999999545,-101.56212000000002
30614400.0,685,iso13790,native,True,19.9,1750.4390764923469,0.0,0.6000000000000227,-37.51763602461009
30618000.0,685,iso13790,native,True,19.9,1489.3769737644814,0.0,3.900000000000034,148.6432029652915
30621600.0,685,iso13790,native,True,19.9,1115.3910940701664,0.0,8.300000000000011,257.8280233047071
30625200.0,685,iso13790,native,True,19.9,721.5076526969826,0.0,12.200000000000045,328.8624286805836
30628800.0,685,iso13790,native,True,19.9,348.2990557622097,0.0,15.0,502.03644327572033
30632400.0,685,iso13790,native,True,20.099999999999998,0.0,125.95604930671958,16.100000000000023,1725.3109223505473
30636000.0,685,iso13790,native,True,20.1,0.0,830.2615816761895,15.600000000000023,2896.101197765174
30639600.0,685,iso13790,native,True,20.100000000000016,0.0,1549.3682669356363,15.600000000000023,3718.520975446419
30643200.0,685,iso13790,native,True,20.100000000000016,0.0,1958.3563398394238,14.400000000000034,3505.8152478755374
30646800.0,685,iso13790,native,True,20.1,0.0,1318.133829254402,9.400000000000034,556.2812702607279
30650400.0,685,iso13790,native,True,20.10000000000001,0.0,239.36684460510213,6.100000000000023,-101.56212000000002
30654000.0,685,iso13790,native,True,19.900000000000002,449.0339827082849,0.0,4.400000000000034,-101.56212000000002
30657600.0,685,iso13790,native,True,19.9,870.5300859038139,0.0,3.900000000000034,-101.56212000000002
30661200.0,685,iso13790,native,True,19.899999999999995,1114.3051676071527,0.0,3.3000000000000114,-101.56212000000002
30664800.0,685,iso13790,native,True,19.899999999999995,1286.7897191703876,0.0,2.2000000000000455,-101.56212000000002
30668400.0,685,iso13790,native,True,19.900000000000002,1378.1238563816057,0.0,2.2000000000000455,-101.56212000000002
30672000.0,685,iso13790,native,True,19.90000000000001,1400.7703510406204,0.0,2.8000000000000114,-101.56212000000002
30675600.0,685,iso13790,native,True,19.899999999999995,1436.02075334679,0.0,2.2000000000000455,-101.56212000000002
30679200.0,685,iso13790,native,True,19.899999999999995,1475.9130990052802,0.0,1.7000000000000455,-101.56212000000002
30682800.0,685,iso13790,native,True,19.899999999999995,1476.9604573640993,0.0,2.2000000000000455,-101.56212000000002
30686400.0,685,iso13790,native,True,19.899999999999988,1476.5763835287314,0.0,2.2000000000000455,-101.56212000000002
30690000.0,685,iso13790,native,True,19.900000000000002,1521.5467247687745,0.0,1.1000000000000227,-101.56212000000002
30693600.0,685,iso13790,native,True,19.899999999999995,1637.204350707718,0.0,-1.099999999999966,-101.56212000000002
30697200.0,685,iso13790,native,True,19.900000000000016,1701.1567035988594,0.0,-1.099999999999966,-101.56212000000002
30700800.0,685,iso13790,native,True,19.90000000000001,1672.6745311382404,0.0,0.0,-22.262084023055294
30704400.0,685,iso13790,native,True,19.900000000000002,1424.5676734225622,0.0,4.400000000000034,161.77012550041064
30708000.0,685,iso13790,native,True,19.900000000000002,1135.0556192043096,0.0,7.2000000000000455,204.4711555394375
30711600.0,685,iso13790,native,True,19.900000000000002,847.048277818395,0.0,10.0,258.60854913185653
30715200.0,685,iso13790,native,True,19.900000000000006,603.4832052467399,0.0,11.100000000000023,430.2631454153438
30718800.0,685,iso13790,native,True,19.9,133.93750877001733,0.0,12.200000000000045,1729.780004574294
30722400.0,685,iso13790,native,True,20.10000000000001,0.0,533.2358656878182,12.200000000000045,3017.2188871912094
30726000.0,685,iso13790,native,True,20.10000000000002,0.0,1311.7408199635934,12.200000000000045,3925.72723235776
30729600.0,685,iso13790,native,True,20.10000000000005,0.0,1743.9787673125945,11.700000000000045,3472.2669318886005
30733200.0,685,iso13790,native,True,20.099999999999998,0.0,1317.6493548012302,8.300000000000011,1357.7815792447905
30736800.0,685,iso13790,native,True,20.099999999999994,0.0,228.28823116174954,2.8000000000000114,-101.56212000000002
30740400.0,685,iso13790,native,True,19.9,571.7528125763739,0.0,1.7000000000000455,-101.56212000000002
30744000.0,685,iso13790,native,True,19.900000000000002,1123.8473669586454,0.0,-0.5999999999999659,-101.56212000000002
30747600.0,685,iso13790,native,True,19.900000000000002,1434.4624290616812,0.0,-1.099999999999966,-101.56212000000002
30751200.0,685,iso13790,native,True,19.899999999999995,1620.8337334439177,0.0,-1.6999999999999886,-101.56212000000002
30754800.0,685,iso13790,native,True,19.900000000000013,1673.2616494690178,0.0,-0.5999999999999659,-101.56212000000002
30758400.0,685,iso13790,native,True,19.899999999999995,1718.897485041606,0.0,-1.099999999999966,-101.56212000000002
30762000.0,685,iso13790,native,True,19.899999999999995,1768.087460996549,0.0,-1.6999999999999886,-101.56212000000002
30765600.0,685,iso13790,native,True,19.9,1885.0033195192568,0.0,-3.8999999999999773,-101.56212000000002
30769200.0,685,iso13790,native,True,19.90000000000001,1834.630976057928,0.0,-1.099999999999966,-101.56212000000002
30772800.0,685,iso13790,native,True,19.89999999999999,1848.534825428788,0.0,-2.1999999999999886,-101.56212000000002
30776400.0,685,iso13790,native,True,19.900000000000006,1927.5776981519991,0.0,-3.8999999999999773,-101.56212000000002
30780000.0,685,iso13790,native,True,19.90000000000001,2016.81725563,0.0,-5.0,-101.56212000000002
30783600.0,685,iso13790,native,True,19.9,2019.8857835807305,0.0,-3.8999999999999773,-101.56212000000002
30787200.0,685,iso13790,native,True,19.90000000000001,1982.5117670793982,0.0,-3.2999999999999545,-42.22765800000001
30790800.0,685,iso13790,native,True,19.900000000000013,1777.014725293476,0.0,-0.5999999999999659,270.62677799999994
30794400.0,685,iso13790,native,True,19.900000000000002,1440.8690267759775,0.0,2.2000000000000455,561.905046
30798000.0,685,iso13790,native,True,19.899999999999995,1102.2358920338445,0.0,3.900000000000034,772.2726839999999
30801600.0,685,iso13790,native,True,19.900000000000002,799.4849041860421,0.0,5.600000000000023,874.7594819999999
30805200.0,685,iso13790,native,True,19.899999999999995,557.6956613429916,0.0,7.2000000000000455,874.7594819999999
30808800.0,685,iso13790,native,True,19.900000000000002,429.4920871130427,0.0,7.800000000000011,756.090558
30812400.0,685,iso13790,native,True,19.899999999999995,425.45047431154563,0.0,7.800000000000011,540.328878
30816000.0,685,iso13790,native,True,19.899999999999995,587.5951621763236,0.0,6.100000000000023,249.05060999999992
30819600.0,685,iso13790,native,True,19.899999999999995,844.8757600013885,0.0,4.400000000000034,-13.309699830921069
30823200.0,685,iso13790,native,True,19.9,1151.845344758518,0.0,1.7000000000000455,-101.56212000000002
30826800.0,685,iso13790,native,True,19.899999999999995,1374.8892685313017,0.0,0.6000000000000227,-101.56212000000002
30830400.0,685,iso13790,native,True,19.899999999999995,1471.8668499521493,0.0,1.1000000000000227,-101.56212000000002
30834000.0,685,iso13790,native,True,19.9,1541.677870434337,0.0,0.6000000000000227,-101.56212000000002
30837600.0,685,iso13790,native,True,19.899999999999995,1558.2143054684846,0.0,1.1000000000000227,-101.56212000000002
30841200.0,685,iso13790,native,True,19.900000000000002,1541.2112853924998,0.0,1.7000000000000455,-101.56212000000002
30844800.0,685,iso13790,native,True,19.900000000000002,1325.9827153198694,0.0,6.7000000000000455,-101.56212000000002
30848400.0,685,iso13790,native,True,19.90000000000001,1205.2946237849796,0.0,6.7000000000000455,-101.56212000000002
30852000.0,685,iso13790,native,True,19.9,1142.8136778674682,0.0,6.7000000000000455,-101.56212000000002
30855600.0,685,iso13790,native,True,19.90000000000001,1225.44300981339,0.0,3.900000000000034,-101.56212000000002
30859200.0,685,iso13790,native,True,19.899999999999995,1478.722422621744,0.0,-1.099999999999966,-101.56212000000002
30862800.0,685,iso13790,native,True,19.9,1619.1096627374993,0.0,-1.099999999999966,-101.56212000000002
30866400.0,685,iso13790,native,True,19.9,1736.9581541069876,0.0,-2.1999999999999886,-101.56212000000002
30870000.0,685,iso13790,native,True,19.89999999999999,1800.006876587583,0.0,-2.1999999999999886,-101.56212000000002
30873600.0,685,iso13790,native,True,19.90000000000001,1766.6246939645273,0.0,-1.099999999999966,-0.8588593522000991
30877200.0,685,iso13790,native,True,19.899999999999988,1474.2448284675465,0.0,3.3000000000000114,368.3783361262566
30880800.0,685,iso13790,native,True,19.9,1085.7756870005646,0.0,7.2000000000000455,418.74067286219696
30884400.0,685,iso13790,native,True,19.899999999999995,676.3042665332014,0.0,11.100000000000023,578.2240099867782
30888000.0,685,iso13790,native,True,19.899999999999995,220.347326498368,0.0,12.800000000000011,1262.6175589517923
30891600.0,685,iso13790,native,True,20.099999999999994,0.0,39.190269531814785,15.0,643.5563877220229
30895200.0,685,iso13790,native,True,20.1,0.0,495.91325292815225,15.0,2453.145172155245
30898800.0,685,iso13790,native,True,20.099999999999994,0.0,1134.454652708735,14.400000000000034,3132.2718342962467
30902400.0,685,iso13790,native,True,20.099999999999994,0.0,1540.1169554542953,13.300000000000011,3199.859403311251
30906000.0,685,iso13790,native,True,20.09999999999998,0.0,1201.4460823763097,10.600000000000023,1043.8758374768452
30909600.0,685,iso13790,native,True,20.099999999999994,0.0,282.9066891064074,6.7000000000000455,-101.56212000000002
30913200.0,685,iso13790,native,True,19.900000000000002,376.1061205891439,0.0,5.600000000000023,-101.56212000000002
30916800.0,685,iso13790,native,True,19.899999999999995,920.890139134264,0.0,1.7000000000000455,-101.56212000000002
30920400.0,685,iso13790,native,True,19.9,1255.322378969508,0.0,0.6000000000000227,-101.56212000000002
30924000.0,685,iso13790,native,True,19.9,1409.966356993608,0.0,1.1000000000000227,-101.56212000000002
30927600.0,685,iso13790,native,True,19.9,1489.100170667834,0.0,1.1000000000000227,-101.56212000000002
30931200.0,685,iso13790,native,True,19.899999999999988,1505.4304849531534,0.0,1.7000000000000455,-101.56212000000002
30934800.0,685,iso13790,native,True,19.899999999999995,1582.5801415090593,0.0,0.0,-101.56212000000002
30938400.0,685,iso13790,native,True,19.90000000000001,1650.3081248686426,0.0,-0.5999999999999659,-101.56212000000002
30942000.0,685,iso13790,native,True,19.900000000000002,1707.0143082431964,0.0,-1.099999999999966,-101.56212000000002
30945600.0,685,iso13790,native,True,19.899999999999995,1782.4669141833813,0.0,-2.1999999999999886,-101.56212000000002
30949200.0,685,iso13790,native,True,19.900000000000002,1778.3978549666845,0.0,-1.099999999999966,-101.56212000000002
30952800.0,685,iso13790,native,True,19.90000000000001,1659.2773332955041,0.0,1.7000000000000455,-101.56212000000002
30956400.0,685,iso13790,native,True,19.899999999999988,1571.889216781762,0.0,2.2000000000000455,-101.56212000000002
30960000.0,685,iso13790,native,True,19.9,1469.4140612032702,0.0,3.3000000000000114,-47.77474057951175
30963600.0,685,iso13790,native,True,19.900000000000002,1205.0369206524308,0.0,5.600000000000023,465.7391474718148
30967200.0,685,iso13790,native,True,19.900000000000002,873.5520026378126,0.0,7.800000000000011,556.665860671626
30970800.0,685,iso13790,native,True,19.900000000000006,578.6304482633393,0.0,11.100000000000023,408.6609201773192
30974400.0,685,iso13790,native,True,19.900000000000002,206.55431929203317,0.0,14.400000000000034,897.2241728122893
30978000.0,685,iso13790,native,True,20.099999999999994,0.0,166.31630351217248,15.0,1487.6235146110844
30981600.0,685,iso13790,native,True,20.1,0.0,767.977825328859,15.0,2804.714532529569
30985200.0,685,iso13790,native,True,20.099999999999987,0.0,1051.9886886030652,13.300000000000011,2003.5838445222626
30988800.0,685,iso13790,native,True,20.099999999999994,0.0,830.2969092964883,13.900000000000034,730.8672938905937
30992400.0,685,iso13790,native,True,20.099999999999994,0.0,326.4418613207339,11.100000000000023,373.50789067965536
30996000.0,685,iso13790,native,True,19.900000000000002,114.26850150879147,0.0,9.400000000000034,-101.56212000000002
30999600.0,685,iso13790,native,True,19.900000000000002,507.2803071897376,0.0,8.300000000000011,-101.56212000000002
31003200.0,685,iso13790,native,True,19.900000000000002,757.9518997353512,0.0,7.2000000000000455,-101.56212000000002
31006800.0,685,iso13790,native,True,19.899999999999988,934.9331136720315,0.0,6.100000000000023,-101.56212000000002
31010400.0,685,iso13790,native,True,19.899999999999984,1049.1266446542638,0.0,5.600000000000023,-101.56212000000002
31014000.0,685,iso13790,native,True,19.900000000000002,1203.6162613701908,0.0,3.3000000000000114,-101.56212000000002
31017600.0,685,iso13790,native,True,19.900000000000002,1308.3888721516385,0.0,2.8000000000000114,-101.56212000000002
31021200.0,685,iso13790,native,True,19.89999999999999,1433.3634884443898,0.0,1.1000000000000227,-101.56212000000002
31024800.0,685,iso13790,native,True,19.9,1501.213005382588,0.0,1.1000000000000227,-101.56212000000002
31028400.0,685,iso13790,native,True,19.900000000000002,1536.3391056003477,0.0,1.1000000000000227,-101.56212000000002
31032000.0,685,iso13790,native,True,19.899999999999995,1529.8863637493312,0.0,1.7000000000000455,-101.56212000000002
31035600.0,685,iso13790,native,True,19.899999999999984,1525.4341837306886,0.0,1.7000000000000455,-101.56212000000002
31039200.0,685,iso13790,native,True,19.9,1502.5978187404735,0.0,2.2000000000000455,-101.56212000000002
31042800.0,685,iso13790,native,True,19.899999999999988,1510.3804434574558,0.0,1.7000000000000455,-101.56212000000002
31046400.0,685,iso13790,native,True,19.9,1486.8884898765814,0.0,2.2000000000000455,-63.33587964264654
31050000.0,685,iso13790,native,True,19.9,1353.403661710108,0.0,3.3000000000000114,270.7552809206036
31053600.0,685,iso13790,native,True,19.899999999999988,1076.9505433518038,0.0,7.2000000000000455,233.78479568581213
31057200.0,685,iso13790,native,True,19.9,809.3051110171577,0.0,10.0,273.2275873837821
31060800.0,685,iso13790,native,True,19.9,549.6315419935505,0.0,12.200000000000045,366.67125253761566
31064400.0,685,iso13790,native,True,19.900000000000006,102.99914907335797,0.0,13.300000000000011,1565.1384546021065
31068000.0,685,iso13790,native,True,20.100000000000005,0.0,515.1106220246364,13.300000000000011,2750.0798750242866
31071600.0,685,iso13790,native,True,20.099999999999994,0.0,1237.92308344501,13.900000000000034,3471.5847854254303
31075200.0,685,iso13790,native,True,20.10000000000001,0.0,1717.4013116162646,13.300000000000011,3542.715478716384
31078800.0,685,iso13790,native,True,20.1,0.0,1344.820903900855,8.300000000000011,1487.3385657651063
31082400.0,685,iso13790,native,True,20.100000000000005,0.0,468.1525755668011,7.800000000000011,-101.56212000000002
31086000.0,685,iso13790,native,True,19.9,302.80309783126114,0.0,5.0,-101.56212000000002
31089600.0,685,iso13790,native,True,19.89999999999999,773.1824814768659,0.0,4.400000000000034,-101.56212000000002
31093200.0,685,iso13790,native,True,19.89999999999999,1108.150612334498,0.0,2.2000000000000455,-101.56212000000002
31096800.0,685,iso13790,native,True,19.899999999999995,1306.1727684720654,0.0,1.7000000000000455,-101.56212000000002
31100400.0,685,iso13790,native,True,19.899999999999988,1454.7854976621345,0.0,0.6000000000000227,-101.56212000000002
31104000.0,685,iso13790,native,True,19.899999999999995,1488.5918712736457,0.0,1.7000000000000455,-101.56212000000002
31107600.0,685,iso13790,native,True,19.899999999999988,1528.6935120629046,0.0,1.1000000000000227,-101.56212000000002
31111200.0,685,iso13790,native,True,19.89999999999999,1595.7351066223275,0.0,0.0,-101.56212000000002
31114800.0,685,iso13790,native,True,19.899999999999995,1607.843061370148,0.0,0.6000000000000227,-101.56212000000002
31118400.0,685,iso13790,native,True,19.899999999999995,1612.9998648529813,0.0,0.6000000000000227,-101.56212000000002
31122000.0,685,iso13790,native,True,19.900000000000002,1664.9450403389599,0.0,-0.5999999999999659,-101.56212000000002
31125600.0,685,iso13790,native,True,19.899999999999984,1804.9302839334835,0.0,-3.2999999999999545,-101.56212000000002
31129200.0,685,iso13790,native,True,19.900000000000006,1927.5726658788483,0.0,-4.399999999999977,-101.56212000000002
31132800.0,685,iso13790,native,True,19.90000000000001,1890.8118547468953,0.0,-2.1999999999999886,-43.840657844297105
31136400.0,685,iso13790,native,True,19.900000000000002,1679.1099804081016,0.0,1.1000000000000227,168.4511738213661
31140000.0,685,iso13790,native,True,19.899999999999984,1342.3744677294264,0.0,5.0,300.3510010332508
31143600.0,685,iso13790,native,True,19.899999999999995,987.1743342396601,0.0,8.300000000000011,383.81634206027627
31147200.0,685,iso13790,native,True,19.900000000000002,668.108816713465,0.0,10.600000000000023,487.26472192983886
31150800.0,685,iso13790,native,True,19.9,179.3441993420659,0.0,12.200000000000045,1633.0288217281077
31154400.0,685,iso13790,native,True,20.099999999999998,0.0,432.616537475535,12.200000000000045,2718.7091947666795
31158000.0,685,iso13790,native,True,20.100000000000005,0.0,1090.5607921261887,11.700000000000045,3436.2426291248166
31161600.0,685,iso13790,native,True,20.099999999999994,0.0,1422.8490932027205,10.0,3189.756396558441
31165200.0,685,iso13790,native,True,20.100000000000012,0.0,930.209580601341,7.2000000000000455,738.6733606908068
31168800.0,685,iso13790,native,True,20.1,0.0,18.127535174539574,5.0,-101.56212000000002
31172400.0,685,iso13790,native,True,19.9,631.3093726621539,0.0,2.8000000000000114,-101.56212000000002
31176000.0,685,iso13790,native,True,19.900000000000002,1058.1976532672606,0.0,1.7000000000000455,-101.56212000000002
31179600.0,685,iso13790,native,True,19.900000000000002,1326.4072992421184,0.0,0.6000000000000227,-101.56212000000002
31183200.0,685,iso13790,native,True,19.90000000000001,1582.2749805208782,0.0,-2.1999999999999886,-101.56212000000002
31186800.0,685,iso13790,native,True,19.899999999999995,1744.5642073820375,0.0,-2.7999999999999545,-101.56212000000002
31190400.0,685,iso13790,native,True,19.899999999999995,1850.2253113786217,0.0,-3.2999999999999545,-101.56212000000002
31194000.0,685,iso13790,native,True,19.9,1930.4907273573963,0.0,-3.8999999999999773,-101.56212000000002
31197600.0,685,iso13790,native,True,19.899999999999995,1993.6876144912178,0.0,-4.399999999999977,-101.56212000000002
31201200.0,685,iso13790,native,True,19.90000000000002,2006.7998731814193,0.0,-3.8999999999999773,-101.56212000000002
31204800.0,685,iso13790,native,True,19.900000000000006,2033.1933151167304,0.0,-4.399999999999977,-101.56212000000002
31208400.0,685,iso13790,native,True,19.899999999999988,2117.5905675001463,0.0,-6.099999999999966,-101.56212000000002
31212000.0,685,iso13790,native,True,19.899999999999995,2119.2637621948675,0.0,-5.0,-101.56212000000002
31215600.0,685,iso13790,native,True,19.899999999999995,2142.7298643114727,0.0,-5.599999999999966,-101.56212000000002
31219200.0,685,iso13790,native,True,19.89999999999999,2050.50723591565,0.0,-3.2999999999999545,-48.25884646497216
31222800.0,685,iso13790,native,True,19.899999999999988,1776.7366497625803,0.0,1.1000000000000227,109.46430185687518
31226400.0,685,iso13790,native,True,19.899999999999988,1410.4480828361625,0.0,5.0,260.7246583274373
31230000.0,685,iso13790,native,True,19.900000000000013,1101.1431492054794,0.0,7.2000000000000455,252.01955175521636
31233600.0,685,iso13790,native,True,19.899999999999995,779.5703159176887,0.0,10.0,463.37820432586443
31237200.0,685,iso13790,native,True,19.9,333.4184338856448,0.0,10.600000000000023,1508.5300304810971
31240800.0,685,iso13790,native,True,20.099999999999998,0.0,234.40351298059403,10.600000000000023,2573.3563262166394
31244400.0,685,iso13790,native,True,20.099999999999994,0.0,876.9683113979028,10.600000000000023,3243.7441562823615
31248000.0,685,iso13790,native,True,20.09999999999998,0.0,1180.084592586754,8.900000000000034,2926.3554396299073
31251600.0,685,iso13790,native,True,20.10000000000001,0.0,758.6781810111296,5.600000000000023,1045.4693247787143
31255200.0,685,iso13790,native,True,19.899999999999995,110.63326700129824,0.0,1.7000000000000455,-101.56212000000002
31258800.0,685,iso13790,native,True,19.899999999999995,860.4852899590369,0.0,0.0,-101.56212000000002
31262400.0,685,iso13790,native,True,19.900000000000002,1206.668394471846,0.0,1.1000000000000227,-101.56212000000002
31266000.0,685,iso13790,native,True,19.899999999999995,1453.6585133888984,0.0,-0.5999999999999659,-101.56212000000002
31269600.0,685,iso13790,native,True,19.90000000000001,1605.2076296943649,0.0,-1.099999999999966,-101.56212000000002
31273200.0,685,iso13790,native,True,19.900000000000002,1709.229543757324,0.0,-1.6999999999999886,-101.56212000000002
31276800.0,685,iso13790,native,True,19.899999999999995,1784.7253118586855,0.0,-2.1999999999999886,-101.56212000000002
31280400.0,685,iso13790,native,True,19.899999999999988,1869.9053980514602,0.0,-3.2999999999999545,-101.56212000000002
31284000.0,685,iso13790,native,True,19.899999999999995,1895.5100472279828,0.0,-2.7999999999999545,-101.56212000000002
31287600.0,685,iso13790,native,True,19.899999999999995,1953.0086081007053,0.0,-3.8999999999999773,-101.56212000000002
31291200.0,685,iso13790,native,True,19.899999999999995,2029.982989621896,0.0,-5.0,-101.56212000000002
31294800.0,685,iso13790,native,True,19.9,2071.8709412726753,0.0,-5.0,-101.56212000000002
31298400.0,685,iso13790,native,True,19.900000000000002,2093.55658405982,0.0,-5.0,-101.56212000000002
31302000.0,685,iso13790,native,True,19.90000000000001,2059.614192310966,0.0,-3.8999999999999773,-101.56212000000002
31305600.0,685,iso13790,native,True,19.90000000000001,2027.5522171056177,0.0,-3.8999999999999773,-41.43126205531748
31309200.0,685,iso13790,native,True,19.899999999999988,1738.2131822269362,0.0,1.1000000000000227,238.262526
31312800.0,685,iso13790,native,True,19.900000000000002,1343.2557740248556,0.0,3.3000000000000114,727.6552672784386
31316400.0,685,iso13790,native,True,19.899999999999995,856.8856378253267,0.0,4.400000000000034,1477.5087648042436
31320000.0,685,iso13790,native,True,19.900000000000002,517.1059697977018,0.0,6.7000000000000455,863.9713979999999
31323600.0,685,iso13790,native,True,19.900000000000002,519.3208514676198,0.0,5.600000000000023,669.785886
31327200.0,685,iso13790,native,True,19.900000000000002,620.3536898319568,0.0,4.400000000000034,583.481214
31330800.0,685,iso13790,native,True,19.899999999999995,432.6118586647389,0.0,5.0,1700.3274360818857
31334400.0,685,iso13790,native,True,19.9,335.881627662157,0.0,4.400000000000034,959.0097942321256
31338000.0,685,iso13790,native,True,19.9,641.0071193971397,0.0,3.3000000000000114,33.187794779676864
31341600.0,685,iso13790,native,True,19.899999999999988,975.2872861712272,0.0,3.3000000000000114,-101.56212000000002
31345200.0,685,iso13790,native,True,19.900000000000006,1145.012419209924,0.0,3.900000000000034,-101.56212000000002
31348800.0,685,iso13790,native,True,19.900000000000002,1256.4063111789922,0.0,3.3000000000000114,-101.56212000000002
31352400.0,685,iso13790,native,True,19.899999999999995,1335.7185962788328,0.0,2.8000000000000114,-101.56212000000002
31356000.0,685,iso13790,native,True,19.9,1468.0436946785421,0.0,0.6000000000000227,-101.56212000000002
31359600.0,685,iso13790,native,True,19.899999999999995,1540.6248976257016,0.0,0.6000000000000227,-101.56212000000002
31363200.0,685,iso13790,native,True,19.90000000000001,1602.8383537144005,0.0,0.0,-101.56212000000002
31366800.0,685,iso13790,native,True,19.899999999999988,1636.1581885803162,0.0,0.0,-101.56212000000002
31370400.0,685,iso13790,native,True,19.90000000000001,1678.0457998857123,0.0,-0.5999999999999659,-101.56212000000002
31374000.0,685,iso13790,native,True,19.90000000000001,1721.37426829044,0.0,-1.099999999999966,-101.56212000000002
31377600.0,685,iso13790,native,True,19.9,1789.9011512790098,0.0,-2.1999999999999886,-101.56212000000002
31381200.0,685,iso13790,native,True,19.900000000000013,1897.2226947966099,0.0,-3.8999999999999773,-101.56212000000002
31384800.0,685,iso13790,native,True,19.900000000000002,1976.4645553080202,0.0,-4.399999999999977,-101.56212000000002
31388400.0,685,iso13790,native,True,19.9,2018.4148373598744,0.0,-4.399999999999977,-101.56212000000002
31392000.0,685,iso13790,native,True,19.900000000000016,2035.664740436778,0.0,-4.399999999999977,-79.98595200000001
31395600.0,685,iso13790,native,True,19.90000000000001,2016.6098686337548,0.0,-4.399999999999977,38.68297199999998
31399200.0,685,iso13790,native,True,19.900000000000013,1936.1759280533706,0.0,-3.8999999999999773,189.71614799999998
31402800.0,685,iso13790,native,True,19.89999999999999,1820.5182991223257,0.0,-3.2999999999999545,308.385072
31406400.0,685,iso13790,native,True,19.900000000000013,1750.8851876545098,0.0,-3.8999999999999773,378.5076179999999
31410000.0,685,iso13790,native,True,19.90000000000001,1704.8608579852578,0.0,-3.8999999999999773,378.5076179999999
31413600.0,685,iso13790,native,True,19.899999999999984,1669.8000794235568,0.0,-3.2999999999999545,313.77911399999994
31417200.0,685,iso13790,native,True,19.900000000000002,1709.9827368303586,0.0,-3.8999999999999773,195.11018999999996
31420800.0,685,iso13790,native,True,19.899999999999988,1776.349759778009,0.0,-3.8999999999999773,71.04722399999999
31424400.0,685,iso13790,native,True,19.89999999999999,1859.3648352464759,0.0,-3.8999999999999773,-69.19786800000001
31428000.0,685,iso13790,native,True,19.900000000000002,1931.2170663558793,0.0,-3.8999999999999773,-101.56212000000002
31431600.0,685,iso13790,native,True,19.90000000000001,1994.0636445295183,0.0,-4.399999999999977,-101.56212000000002
31435200.0,685,iso13790,native,True,19.900000000000002,2027.525990977942,0.0,-4.399999999999977,-101.56212000000002
31438800.0,685,iso13790,native,True,19.900000000000016,2069.4873813808904,0.0,-5.0,-101.56212000000002
31442400.0,685,iso13790,native,True,19.89999999999998,2116.960334625031,0.0,-5.599999999999966,-101.56212000000002
31446000.0,685,iso13790,native,True,19.900000000000016,2163.1803679154864,0.0,-6.099999999999966,-101.56212000000002
31449600.0,685,iso13790,native,True,19.90000000000001,2212.6727865186585,0.0,-6.699999999999989,-101.56212000000002
31453200.0,685,iso13790,native,True,19.900000000000002,2259.938309088738,0.0,-7.199999999999989,-101.56212000000002
31456800.0,685,iso13790,native,True,19.899999999999988,2309.971983737203,0.0,-7.7999999999999545,-101.56212000000002
31460400.0,685,iso13790,native,True,19.900000000000002,2382.155451554515,0.0,-8.899999999999977,-101.56212000000002
31464000.0,685,iso13790,native,True,19.900000000000006,2421.563118562286,0.0,-8.899999999999977,-101.56212000000002
31467600.0,685,iso13790,native,True,19.900000000000006,2462.4961479732583,0.0,-9.399999999999977,-101.56212000000002
31471200.0,685,iso13790,native,True,19.899999999999988,2484.6137193267414,0.0,-9.399999999999977,-101.56212000000002
31474800.0,685,iso13790,native,True,19.899999999999995,2496.0641181356805,0.0,-9.399999999999977,-101.56212000000002
31478400.0,685,iso13790,native,True,19.899999999999995,2517.5260948587675,0.0,-10.0,-57.600052261493815
31482000.0,685,iso13790,native,True,19.90000000000001,2399.6797792658094,0.0,-8.899999999999977,318.8196400741404
31485600.0,685,iso13790,native,True,19.900000000000002,2136.4828822988643,0.0,-8.299999999999955,878.984902232122
31489200.0,685,iso13790,native,True,19.899999999999995,2021.369896571629,0.0,-9.399999999999977,561.9568399046244
31492800.0,685,iso13790,native,True,19.900000000000002,1942.7646772929565,0.0,-8.299999999999955,687.5190185979283
31496400.0,685,iso13790,native,True,19.899999999999995,1783.8598696736606,0.0,-8.299999999999955,1152.6570417250498
31500000.0,685,iso13790,native,True,19.9,1361.1213201589742,0.0,-8.299999999999955,2441.690729395546
31503600.0,685,iso13790,native,True,19.899999999999995,1210.2156967050391,0.0,-9.399999999999977,1347.5457877113167
31507200.0,685,iso13790,native,True,19.899999999999995,1338.464938611748,0.0,-10.0,1315.1258500569024
31510800.0,685,iso13790,native,True,19.900000000000002,1664.3000295342367,0.0,-10.599999999999966,211.3785433428762
31514400.0,685,iso13790,native,True,19.90000000000001,2163.7436870499514,0.0,-12.799999999999955,-101.56212000000002
31518000.0,685,iso13790,native,True,19.900000000000013,2521.0296120013413,0.0,-13.899999999999977,-101.56212000000002
31521600.0,685,iso13790,native,True,19.900000000000013,2683.3987903665834,0.0,-13.299999999999955,-101.56212000000002
31525200.0,685,iso13790,native,True,19.899999999999995,2836.1536392193025,0.0,-15.0,-101.56212000000002
31528800.0,685,iso13790,native,True,19.9,2963.554327057791,0.0,-16.099999999999966,-101.56212000000002
31532400.0,685,iso13790,native,True,19.900000000000002,3121.886635828144,0.0,-18.299999999999983,-101.56212000000002
31536000.0,685,iso13790,native,True,19.900000000000006,3253.1011054970413,0.0,-21.049999999999983,-101.56212000000002
